site_id,year,month,crash_count_500m,model,predicted_count
1,2023,11,1.0,poisson_regression,0.44806281086099303
1,2023,12,1.0,poisson_regression,0.45016138702820446
1,2024,1,0.0,poisson_regression,0.44388551453329717
1,2024,2,0.0,poisson_regression,0.4598199520459399
1,2024,3,0.0,poisson_regression,0.46702323141121094
1,2024,4,1.0,poisson_regression,0.4693710708714756
1,2024,5,1.0,poisson_regression,0.46534889917467787
1,2024,6,0.0,poisson_regression,0.48538940742327297
1,2024,7,0.0,poisson_regression,0.4755128094209856
1,2024,8,1.0,poisson_regression,0.4881669824367633
1,2024,9,0.0,poisson_regression,0.48690196315506196
1,2024,11,0.0,poisson_regression,0.447605433743502
1,2024,12,0.0,poisson_regression,0.43601392117489957
2,2023,11,2.0,poisson_regression,0.5683351634580058
2,2023,12,0.0,poisson_regression,0.5533310116629371
2,2024,1,0.0,poisson_regression,0.5493442218619106
2,2024,2,0.0,poisson_regression,0.5570825884317714
2,2024,3,2.0,poisson_regression,0.5787693290319852
2,2024,4,0.0,poisson_regression,0.575290660105051
2,2024,5,1.0,poisson_regression,0.5529771509005039
2,2024,6,0.0,poisson_regression,0.5874927102072384
2,2024,7,0.0,poisson_regression,0.5416160911413378
2,2024,8,0.0,poisson_regression,0.5760031128649991
2,2024,9,0.0,poisson_regression,0.6230286099184404
2,2024,11,0.0,poisson_regression,0.5760574679357461
2,2024,12,0.0,poisson_regression,0.5476033640388644
3,2023,11,2.0,poisson_regression,0.4829940934068105
3,2023,12,0.0,poisson_regression,0.47559379374021876
3,2024,1,0.0,poisson_regression,0.485203489723262
3,2024,2,0.0,poisson_regression,0.4999065665836116
3,2024,3,2.0,poisson_regression,0.4972734054607266
3,2024,4,0.0,poisson_regression,0.4943564415132632
3,2024,5,1.0,poisson_regression,0.46833881174399755
3,2024,6,0.0,poisson_regression,0.4990181566418217
3,2024,7,0.0,poisson_regression,0.47473320956553117
3,2024,8,0.0,poisson_regression,0.5075740247276114
3,2024,9,0.0,poisson_regression,0.5339466541545642
3,2024,11,0.0,poisson_regression,0.5045578904325675
3,2024,12,0.0,poisson_regression,0.4864481511403999
4,2023,11,2.0,poisson_regression,0.3654643723825695
4,2023,12,0.0,poisson_regression,0.36568090244183643
4,2024,1,0.0,poisson_regression,0.366033485946242
4,2024,2,0.0,poisson_regression,0.36936157144257975
4,2024,3,1.0,poisson_regression,0.3675732217605458
4,2024,4,0.0,poisson_regression,0.367928191569034
4,2024,5,0.0,poisson_regression,0.34148651310202965
4,2024,6,1.0,poisson_regression,0.3703356341537234
4,2024,7,0.0,poisson_regression,0.3673383397924663
4,2024,8,0.0,poisson_regression,0.36896469186564707
4,2024,9,0.0,poisson_regression,0.37522800276140794
4,2024,11,1.0,poisson_regression,0.3623486545062612
4,2024,12,0.0,poisson_regression,0.35650758053433673
5,2023,11,2.0,poisson_regression,0.36576327817965826
5,2023,12,0.0,poisson_regression,0.3655199613549986
5,2024,1,0.0,poisson_regression,0.3648145237804851
5,2024,2,0.0,poisson_regression,0.3699404690326989
5,2024,3,1.0,poisson_regression,0.3697438599571811
5,2024,4,0.0,poisson_regression,0.37167166903839727
5,2024,5,0.0,poisson_regression,0.34348180442469123
5,2024,6,1.0,poisson_regression,0.37265532556797415
5,2024,7,0.0,poisson_regression,0.37086520248406385
5,2024,8,0.0,poisson_regression,0.37321210695336543
5,2024,9,0.0,poisson_regression,0.3796890379185316
5,2024,11,1.0,poisson_regression,0.36253574965935903
5,2024,12,0.0,poisson_regression,0.35772604332558033
6,2023,11,0.0,poisson_regression,0.443210430117988
6,2023,12,1.0,poisson_regression,0.4472955351962119
6,2024,1,1.0,poisson_regression,0.45783924603859627
6,2024,2,0.0,poisson_regression,0.4592488803627591
6,2024,3,1.0,poisson_regression,0.46061555201406906
6,2024,4,0.0,poisson_regression,0.4502376805335303
6,2024,5,2.0,poisson_regression,0.43730283997368663
6,2024,6,1.0,poisson_regression,0.46867142729801786
6,2024,7,3.0,poisson_regression,0.43725446344727786
6,2024,8,0.0,poisson_regression,0.44784914929371133
6,2024,9,1.0,poisson_regression,0.4719346730352581
6,2024,11,2.0,poisson_regression,0.4488306320729127
6,2024,12,2.0,poisson_regression,0.4363464022393447
7,2023,11,0.0,poisson_regression,0.4051723394388329
7,2023,12,1.0,poisson_regression,0.40997150497089846
7,2024,1,1.0,poisson_regression,0.4158287758575344
7,2024,2,0.0,poisson_regression,0.4661735986378667
7,2024,3,1.0,poisson_regression,0.4155523322597452
7,2024,4,0.0,poisson_regression,0.40886248036669726
7,2024,5,2.0,poisson_regression,0.39597527477163075
7,2024,6,1.0,poisson_regression,0.42319685484691416
7,2024,7,3.0,poisson_regression,0.4008522701610243
7,2024,8,0.0,poisson_regression,0.4072284789247946
7,2024,9,1.0,poisson_regression,0.42239142207975644
7,2024,11,2.0,poisson_regression,0.40627289298792035
7,2024,12,2.0,poisson_regression,0.3998471785599023
8,2023,11,1.0,poisson_regression,0.3780250302682284
8,2023,12,0.0,poisson_regression,0.37498226470100937
8,2024,1,0.0,poisson_regression,0.37634171532404626
8,2024,2,0.0,poisson_regression,0.38029699306856085
8,2024,3,0.0,poisson_regression,0.38124545726764786
8,2024,4,1.0,poisson_regression,0.37650942410203675
8,2024,5,0.0,poisson_regression,0.35838481443343645
8,2024,6,1.0,poisson_regression,0.3850427242691919
8,2024,7,0.0,poisson_regression,0.3647080286336359
8,2024,8,0.0,poisson_regression,0.37078151821433375
8,2024,9,0.0,poisson_regression,0.39173555564674506
8,2024,11,0.0,poisson_regression,0.37750351321071723
8,2024,12,0.0,poisson_regression,0.37157924449029206
9,2023,11,0.0,poisson_regression,0.4184462780991731
9,2023,12,0.0,poisson_regression,0.4149662378821633
9,2024,1,0.0,poisson_regression,0.4201391304679097
9,2024,2,2.0,poisson_regression,0.42422838726498047
9,2024,3,0.0,poisson_regression,0.43225849894742885
9,2024,4,1.0,poisson_regression,0.42596238904550293
9,2024,5,0.0,poisson_regression,0.4076865961332467
9,2024,6,0.0,poisson_regression,0.4479018964518482
9,2024,7,0.0,poisson_regression,0.4073214915133964
9,2024,8,0.0,poisson_regression,0.41667924801371325
9,2024,9,0.0,poisson_regression,0.45217385868717064
9,2024,11,0.0,poisson_regression,0.4251626931548512
9,2024,12,0.0,poisson_regression,0.4086693012412176
10,2023,11,1.0,poisson_regression,0.3775645705035049
10,2023,12,1.0,poisson_regression,0.38346484582690576
10,2024,1,0.0,poisson_regression,0.38089316002536916
10,2024,2,0.0,poisson_regression,0.38666083115485883
10,2024,3,0.0,poisson_regression,0.3957688353205145
10,2024,4,0.0,poisson_regression,0.393407373460999
10,2024,5,0.0,poisson_regression,0.3896005730921594
10,2024,6,0.0,poisson_regression,0.4234911352657643
10,2024,7,1.0,poisson_regression,0.3974497189566168
10,2024,8,0.0,poisson_regression,0.4173915891895156
10,2024,9,0.0,poisson_regression,0.4202845700255106
10,2024,11,0.0,poisson_regression,0.3926746232467101
10,2024,12,1.0,poisson_regression,0.38616431825444186
11,2023,11,1.0,poisson_regression,0.3904176833223522
11,2023,12,1.0,poisson_regression,0.3975726046286137
11,2024,1,1.0,poisson_regression,0.38833654417667934
11,2024,2,0.0,poisson_regression,0.39717654378547135
11,2024,3,1.0,poisson_regression,0.4087462352127875
11,2024,4,0.0,poisson_regression,0.4120705929569558
11,2024,5,0.0,poisson_regression,0.41179676298553564
11,2024,6,0.0,poisson_regression,0.4366350331284839
11,2024,7,1.0,poisson_regression,0.4278840300200774
11,2024,8,0.0,poisson_regression,0.443068324483968
11,2024,9,0.0,poisson_regression,0.455611521325122
11,2024,11,0.0,poisson_regression,0.4150891736059025
11,2024,12,1.0,poisson_regression,0.40208991875898725
12,2024,8,0.0,poisson_regression,0.4617578345884685
12,2024,9,3.0,poisson_regression,0.46223572703179866
12,2024,11,1.0,poisson_regression,0.5002596231803471
12,2024,12,0.0,poisson_regression,0.4790801359202969
13,2023,11,3.0,poisson_regression,0.5318135647871278
13,2023,12,1.0,poisson_regression,0.5094600760731652
13,2024,1,0.0,poisson_regression,0.5123994221985918
13,2024,2,0.0,poisson_regression,0.5429971197684577
13,2024,3,1.0,poisson_regression,0.5668669026729143
13,2024,4,1.0,poisson_regression,0.5455253243772871
13,2024,5,0.0,poisson_regression,0.5834623760037856
13,2024,6,1.0,poisson_regression,0.5979196132103028
13,2024,7,0.0,poisson_regression,0.539455005520185
13,2024,8,0.0,poisson_regression,0.5797361098873136
13,2024,9,0.0,poisson_regression,0.6076877260483049
13,2024,11,1.0,poisson_regression,0.5698158358923923
13,2024,12,0.0,poisson_regression,0.5077479432430022
14,2023,11,0.0,poisson_regression,0.39056375400797944
14,2023,12,1.0,poisson_regression,0.3883043893679454
14,2024,1,0.0,poisson_regression,0.38214063692628925
14,2024,2,0.0,poisson_regression,0.40005483389878344
14,2024,3,1.0,poisson_regression,0.4031785636447714
14,2024,4,1.0,poisson_regression,0.39811162885162693
14,2024,5,1.0,poisson_regression,0.38187451979246645
14,2024,6,0.0,poisson_regression,0.4057935596671404
14,2024,7,2.0,poisson_regression,0.4092591338974313
14,2024,8,0.0,poisson_regression,0.41418478420560284
14,2024,9,0.0,poisson_regression,0.4086727718581784
14,2024,11,0.0,poisson_regression,0.392144775385156
14,2024,12,2.0,poisson_regression,0.3812772723012233
15,2023,11,0.0,poisson_regression,0.43933074788821713
15,2023,12,0.0,poisson_regression,0.4583018088503805
15,2024,1,2.0,poisson_regression,0.45598587674033864
15,2024,2,2.0,poisson_regression,0.4520215541158982
15,2024,3,0.0,poisson_regression,0.45930728117493397
15,2024,4,1.0,poisson_regression,0.4645463793063903
15,2024,5,3.0,poisson_regression,0.46703803068858757
15,2024,6,0.0,poisson_regression,0.5070225576977004
15,2024,7,1.0,poisson_regression,0.4932049131794453
15,2024,8,3.0,poisson_regression,0.5222249053448693
15,2024,9,2.0,poisson_regression,0.4866046562088445
15,2024,11,0.0,poisson_regression,0.4583927712986668
15,2024,12,2.0,poisson_regression,0.4587595318850733
16,2023,11,4.0,poisson_regression,0.5078407001614388
16,2023,12,1.0,poisson_regression,0.5184695631193449
16,2024,1,1.0,poisson_regression,0.5138140855408792
16,2024,2,1.0,poisson_regression,0.5236692603253056
16,2024,3,2.0,poisson_regression,0.5355794650050842
16,2024,4,6.0,poisson_regression,0.5265858677583658
16,2024,5,3.0,poisson_regression,0.5321429651926561
16,2024,6,2.0,poisson_regression,0.5426320936075978
16,2024,7,1.0,poisson_regression,0.5110908461552128
16,2024,8,2.0,poisson_regression,0.5201264625947218
16,2024,9,2.0,poisson_regression,0.5414375723875974
16,2024,11,1.0,poisson_regression,0.5300528014223956
16,2024,12,2.0,poisson_regression,0.5272385776523819
17,2023,11,4.0,poisson_regression,0.5559161282251944
17,2023,12,1.0,poisson_regression,0.5680098023096078
17,2024,1,1.0,poisson_regression,0.5661090981283514
17,2024,2,1.0,poisson_regression,0.5793492998804827
17,2024,3,2.0,poisson_regression,0.5988139699479397
17,2024,4,6.0,poisson_regression,0.586295905775331
17,2024,5,3.0,poisson_regression,0.5942722801088147
17,2024,6,2.0,poisson_regression,0.601603096886695
17,2024,7,1.0,poisson_regression,0.5597005612784495
17,2024,8,2.0,poisson_regression,0.5727900766053029
17,2024,9,2.0,poisson_regression,0.6017789877509758
17,2024,11,1.0,poisson_regression,0.583305002425076
17,2024,12,2.0,poisson_regression,0.5865123836950064
18,2023,11,0.0,poisson_regression,0.4491410189204371
18,2023,12,0.0,poisson_regression,0.4630586513624714
18,2024,1,2.0,poisson_regression,0.4643714209050573
18,2024,2,2.0,poisson_regression,0.45701608170864105
18,2024,3,0.0,poisson_regression,0.4659400754224193
18,2024,4,1.0,poisson_regression,0.46685637795168705
18,2024,5,3.0,poisson_regression,0.48136940925442123
18,2024,6,0.0,poisson_regression,0.5173994468933686
18,2024,7,1.0,poisson_regression,0.4967527282344662
18,2024,8,3.0,poisson_regression,0.5317115078650395
18,2024,9,2.0,poisson_regression,0.4963992378961391
18,2024,11,0.0,poisson_regression,0.4661221666174986
18,2024,12,2.0,poisson_regression,0.46510458695316104
19,2023,11,1.0,poisson_regression,0.40782519713195803
19,2023,12,1.0,poisson_regression,0.41677124425484896
19,2024,1,0.0,poisson_regression,0.40976026711136365
19,2024,2,0.0,poisson_regression,0.4167957737996652
19,2024,3,1.0,poisson_regression,0.43820444884432935
19,2024,4,0.0,poisson_regression,0.4358087608281919
19,2024,5,0.0,poisson_regression,0.43910340164127537
19,2024,6,0.0,poisson_regression,0.48537583602051365
19,2024,7,1.0,poisson_regression,0.4583130652506357
19,2024,8,0.0,poisson_regression,0.4849662457673734
19,2024,9,0.0,poisson_regression,0.4866182758944712
19,2024,11,0.0,poisson_regression,0.4411147652901597
19,2024,12,1.0,poisson_regression,0.424684138868859
20,2023,11,0.0,poisson_regression,0.49444620443741005
20,2023,12,1.0,poisson_regression,0.5158059025032855
20,2024,1,0.0,poisson_regression,0.501477507938766
20,2024,2,0.0,poisson_regression,0.5151771032047777
20,2024,3,0.0,poisson_regression,0.535136789575263
20,2024,4,0.0,poisson_regression,0.5177631437557282
20,2024,5,0.0,poisson_regression,0.5246376446597801
20,2024,6,0.0,poisson_regression,1.3147369895308327
20,2024,7,0.0,poisson_regression,0.5300354289574982
20,2024,8,0.0,poisson_regression,0.5650839632259221
20,2024,9,0.0,poisson_regression,0.5742798344039908
20,2024,11,0.0,poisson_regression,0.5386948898614465
20,2024,12,0.0,poisson_regression,0.5172567082701219
21,2023,11,0.0,poisson_regression,0.41748303136954784
21,2023,12,0.0,poisson_regression,0.4179865148215789
21,2024,1,0.0,poisson_regression,0.4080464325169701
21,2024,2,0.0,poisson_regression,0.4258207503512034
21,2024,3,0.0,poisson_regression,0.43807015768663476
21,2024,4,0.0,poisson_regression,0.44016530640187895
21,2024,5,0.0,poisson_regression,0.4165551450461717
21,2024,6,0.0,poisson_regression,0.4522761432267341
21,2024,7,0.0,poisson_regression,0.44433806138229115
21,2024,8,0.0,poisson_regression,0.45329801835035116
21,2024,9,1.0,poisson_regression,0.45477349257626637
21,2024,11,0.0,poisson_regression,0.42281961298483095
21,2024,12,0.0,poisson_regression,0.40670182853944514
22,2023,11,1.0,poisson_regression,0.4546373698240612
22,2023,12,1.0,poisson_regression,0.45720528654090653
22,2024,1,4.0,poisson_regression,0.4422593961499023
22,2024,2,0.0,poisson_regression,0.4582177756299312
22,2024,3,1.0,poisson_regression,0.46643137678158214
22,2024,4,1.0,poisson_regression,0.4672886945231551
22,2024,5,1.0,poisson_regression,0.45298000867247257
22,2024,6,1.0,poisson_regression,0.4772166965122825
22,2024,7,0.0,poisson_regression,0.4799898056325566
22,2024,8,1.0,poisson_regression,0.49813046732875477
22,2024,9,0.0,poisson_regression,0.4871708884611636
22,2024,11,1.0,poisson_regression,0.4598537469967715
22,2024,12,1.0,poisson_regression,0.44374589166415557
23,2023,11,1.0,poisson_regression,0.5079055834143189
23,2023,12,1.0,poisson_regression,0.5071553157336349
23,2024,1,2.0,poisson_regression,0.49614283756613065
23,2024,2,1.0,poisson_regression,0.5126188314240868
23,2024,3,1.0,poisson_regression,0.5290273721404122
23,2024,4,1.0,poisson_regression,0.5244756989024323
23,2024,5,1.0,poisson_regression,0.5109106272504854
23,2024,6,3.0,poisson_regression,0.5427032805770537
23,2024,7,0.0,poisson_regression,0.5209737329428713
23,2024,8,0.0,poisson_regression,0.5472047811180908
23,2024,9,1.0,poisson_regression,0.5560312796559643
23,2024,11,2.0,poisson_regression,0.5200352549504315
23,2024,12,1.0,poisson_regression,0.49820374600463624
24,2023,11,1.0,poisson_regression,0.4464189040231705
24,2023,12,1.0,poisson_regression,0.4452848931750698
24,2024,1,3.0,poisson_regression,0.4358727431359042
24,2024,2,0.0,poisson_regression,0.4491618788032012
24,2024,3,1.0,poisson_regression,0.4523407683941969
24,2024,4,1.0,poisson_regression,0.44747311543025
24,2024,5,1.0,poisson_regression,0.430874135654479
24,2024,6,3.0,poisson_regression,0.45426545380738387
24,2024,7,0.0,poisson_regression,0.4445778042332559
24,2024,8,0.0,poisson_regression,0.4592497100580517
24,2024,9,1.0,poisson_regression,0.47002098871006665
24,2024,11,2.0,poisson_regression,0.44792974442828337
24,2024,12,1.0,poisson_regression,0.43545241825423503
25,2023,11,3.0,poisson_regression,0.4657979260342399
25,2023,12,0.0,poisson_regression,0.44507492140101945
25,2024,1,2.0,poisson_regression,0.442976166439505
25,2024,2,2.0,poisson_regression,0.46778966763788427
25,2024,3,0.0,poisson_regression,0.4860880632860405
25,2024,4,1.0,poisson_regression,0.4750312227475672
25,2024,5,2.0,poisson_regression,0.47879198873221956
25,2024,6,2.0,poisson_regression,0.5124962469789969
25,2024,7,0.0,poisson_regression,0.4620512657552566
25,2024,8,1.0,poisson_regression,0.4835417612561703
25,2024,9,3.0,poisson_regression,0.5373780099187239
25,2024,11,2.0,poisson_regression,0.47605798277750716
25,2024,12,0.0,poisson_regression,0.44945869792589443
26,2023,11,0.0,poisson_regression,0.4525946003560435
26,2023,12,1.0,poisson_regression,0.4426650593031693
26,2024,1,1.0,poisson_regression,0.4395583422726035
26,2024,2,0.0,poisson_regression,0.46618550506506085
26,2024,3,0.0,poisson_regression,0.4815502933834944
26,2024,4,0.0,poisson_regression,0.4933029558041156
26,2024,5,0.0,poisson_regression,0.489050530993741
26,2024,6,1.0,poisson_regression,0.5152339124211393
26,2024,7,0.0,poisson_regression,0.4900474492775021
26,2024,8,0.0,poisson_regression,0.5076757865553946
26,2024,9,1.0,poisson_regression,0.5343014584738665
26,2024,11,2.0,poisson_regression,0.46585461717400956
26,2024,12,0.0,poisson_regression,0.44041593643683663
27,2023,11,1.0,poisson_regression,0.3873139735681358
27,2023,12,1.0,poisson_regression,0.3884377314874548
27,2024,1,1.0,poisson_regression,0.3835441702195011
27,2024,2,0.0,poisson_regression,0.3979179056387284
27,2024,3,0.0,poisson_regression,0.40956043451096713
27,2024,4,0.0,poisson_regression,0.4024397136283361
27,2024,5,1.0,poisson_regression,0.4040554997167024
27,2024,6,0.0,poisson_regression,0.42133748657194453
27,2024,7,0.0,poisson_regression,0.39783414198589
27,2024,8,0.0,poisson_regression,0.40354185683961
27,2024,9,2.0,poisson_regression,0.42974829618191207
27,2024,11,0.0,poisson_regression,0.39833711175122977
27,2024,12,0.0,poisson_regression,0.37903411743754123
28,2023,11,0.0,poisson_regression,0.3559336489201261
28,2023,12,0.0,poisson_regression,0.3630648942717548
28,2024,1,0.0,poisson_regression,0.35599774616400837
28,2024,2,0.0,poisson_regression,0.365587083739665
28,2024,3,0.0,poisson_regression,0.35716343142789936
28,2024,4,0.0,poisson_regression,0.37090549257804567
28,2024,5,0.0,poisson_regression,0.3385994513678865
28,2024,6,0.0,poisson_regression,0.35651242661923205
28,2024,7,0.0,poisson_regression,0.35800490180843536
28,2024,8,1.0,poisson_regression,0.3635370553445969
28,2024,9,0.0,poisson_regression,0.35949336101613766
28,2024,11,0.0,poisson_regression,0.3597699335953683
28,2024,12,1.0,poisson_regression,0.34537964563182866
29,2023,11,0.0,poisson_regression,0.38698756525387396
29,2023,12,0.0,poisson_regression,0.395114305525004
29,2024,1,0.0,poisson_regression,0.3922966924114578
29,2024,2,1.0,poisson_regression,0.40695468832686416
29,2024,3,0.0,poisson_regression,0.4047734522246411
29,2024,4,0.0,poisson_regression,0.39825698387739666
29,2024,5,0.0,poisson_regression,0.3790567620698733
29,2024,6,0.0,poisson_regression,0.4078785927549029
29,2024,7,0.0,poisson_regression,0.41119109401206094
29,2024,8,0.0,poisson_regression,0.4141932438938539
29,2024,9,0.0,poisson_regression,0.40827570766497
29,2024,11,0.0,poisson_regression,0.3984747130857432
29,2024,12,0.0,poisson_regression,0.45271901569350725
30,2023,11,0.0,poisson_regression,0.4039693308204601
30,2023,12,0.0,poisson_regression,0.40250322385106224
30,2024,1,0.0,poisson_regression,0.4026610657059648
30,2024,2,0.0,poisson_regression,0.4199618816107378
30,2024,3,0.0,poisson_regression,0.4357574392186645
30,2024,4,0.0,poisson_regression,0.4256173016703985
30,2024,5,0.0,poisson_regression,0.41650550711525547
30,2024,6,0.0,poisson_regression,0.4495956711977274
30,2024,7,0.0,poisson_regression,0.42843750090029764
30,2024,8,0.0,poisson_regression,0.43796695240143124
30,2024,9,0.0,poisson_regression,0.46373760461653524
30,2024,11,0.0,poisson_regression,0.4185423796538392
30,2024,12,0.0,poisson_regression,0.4043765332981039
31,2023,11,0.0,poisson_regression,0.37280544731187387
31,2023,12,0.0,poisson_regression,0.37343237000441765
31,2024,1,0.0,poisson_regression,0.37340387027615274
31,2024,2,0.0,poisson_regression,0.38814607022074593
31,2024,3,0.0,poisson_regression,0.3986827367129805
31,2024,4,0.0,poisson_regression,0.3947881636528799
31,2024,5,0.0,poisson_regression,0.37968232006636893
31,2024,6,0.0,poisson_regression,0.4052830729724947
31,2024,7,0.0,poisson_regression,0.394762917021618
31,2024,8,0.0,poisson_regression,0.40290896652407526
31,2024,9,0.0,poisson_regression,0.41602346751723174
31,2024,11,0.0,poisson_regression,0.38576497819803207
31,2024,12,0.0,poisson_regression,0.3789991993768945
32,2023,11,0.0,poisson_regression,0.3688397989695754
32,2023,12,0.0,poisson_regression,0.37365317023861205
32,2024,1,0.0,poisson_regression,0.371528321410526
32,2024,2,0.0,poisson_regression,0.38521957029154447
32,2024,3,0.0,poisson_regression,0.38494693069154556
32,2024,4,0.0,poisson_regression,0.38456944726331116
32,2024,5,0.0,poisson_regression,0.36102636865213733
32,2024,6,0.0,poisson_regression,0.383646542175003
32,2024,7,0.0,poisson_regression,0.3720681357201898
32,2024,8,0.0,poisson_regression,0.3817568596451383
32,2024,9,0.0,poisson_regression,0.39491024755051835
32,2024,11,0.0,poisson_regression,0.3806279279372921
32,2024,12,0.0,poisson_regression,0.3780176598591472
33,2023,11,0.0,poisson_regression,0.361043434205509
33,2023,12,0.0,poisson_regression,0.36634230921257066
33,2024,1,0.0,poisson_regression,0.36227668531919477
33,2024,2,0.0,poisson_regression,0.37319339454450384
33,2024,3,0.0,poisson_regression,0.369178155864555
33,2024,4,0.0,poisson_regression,0.369434003882219
33,2024,5,0.0,poisson_regression,0.34513455637866985
33,2024,6,0.0,poisson_regression,0.3661038710465717
33,2024,7,0.0,poisson_regression,0.3570506874261643
33,2024,8,0.0,poisson_regression,0.3678303095747975
33,2024,9,0.0,poisson_regression,0.3775668803782253
33,2024,11,0.0,poisson_regression,0.3689073611910783
33,2024,12,0.0,poisson_regression,0.36808843714797557
34,2023,11,0.0,poisson_regression,0.35948153241892883
34,2023,12,0.0,poisson_regression,0.36658742962254576
34,2024,1,0.0,poisson_regression,0.3601234746892313
34,2024,2,0.0,poisson_regression,0.3700045005218922
34,2024,3,0.0,poisson_regression,0.36700640037974747
34,2024,4,0.0,poisson_regression,0.38438641780933974
34,2024,5,0.0,poisson_regression,0.34667662162712837
34,2024,6,0.0,poisson_regression,0.3730268843372066
34,2024,7,0.0,poisson_regression,0.37022856805462423
34,2024,8,1.0,poisson_regression,0.37528766607593633
34,2024,9,0.0,poisson_regression,0.3726593442924687
34,2024,11,0.0,poisson_regression,0.36595814788527536
34,2024,12,1.0,poisson_regression,0.34982782854744565
35,2023,11,0.0,poisson_regression,0.37635645896554726
35,2023,12,0.0,poisson_regression,0.38229590067363545
35,2024,1,0.0,poisson_regression,0.37702059826168033
35,2024,2,0.0,poisson_regression,0.39948070289415744
35,2024,3,0.0,poisson_regression,0.41352495472780393
35,2024,4,0.0,poisson_regression,0.4095762847999661
35,2024,5,0.0,poisson_regression,0.4114430819191166
35,2024,6,0.0,poisson_regression,0.472183705220793
35,2024,7,0.0,poisson_regression,0.4562052084490908
35,2024,8,0.0,poisson_regression,0.4582097323662328
35,2024,9,0.0,poisson_regression,0.44617076479139506
35,2024,11,0.0,poisson_regression,0.39774113896077307
35,2024,12,0.0,poisson_regression,0.38336657260296536
36,2023,11,0.0,poisson_regression,0.36442634162489573
36,2023,12,0.0,poisson_regression,0.373996681095566
36,2024,1,0.0,poisson_regression,0.3729012209296776
36,2024,2,0.0,poisson_regression,0.39096100283751956
36,2024,3,0.0,poisson_regression,0.39655227765347595
36,2024,4,0.0,poisson_regression,0.38962254131433044
36,2024,5,0.0,poisson_regression,0.3791321171746249
36,2024,6,0.0,poisson_regression,0.354657281290743
36,2024,7,0.0,poisson_regression,0.3808111289517841
36,2024,8,0.0,poisson_regression,0.4036790633581242
36,2024,9,0.0,poisson_regression,0.40395873885679134
36,2024,11,0.0,poisson_regression,0.38295073062852825
36,2024,12,0.0,poisson_regression,0.38523376716341035
37,2023,11,0.0,poisson_regression,0.3871108668572513
37,2023,12,0.0,poisson_regression,0.3907991867802393
37,2024,1,0.0,poisson_regression,0.39024276006603265
37,2024,2,1.0,poisson_regression,0.39882181134570177
37,2024,3,0.0,poisson_regression,0.3981630717129127
37,2024,4,0.0,poisson_regression,0.40067409700903617
37,2024,5,2.0,poisson_regression,0.3776155345744435
37,2024,6,0.0,poisson_regression,0.4083078327623567
37,2024,7,0.0,poisson_regression,0.4071442382765293
37,2024,8,0.0,poisson_regression,0.41584126186586456
37,2024,9,0.0,poisson_regression,0.407596946272301
37,2024,11,0.0,poisson_regression,0.39537609993983674
37,2024,12,0.0,poisson_regression,0.3982138318715717
38,2023,11,0.0,poisson_regression,0.4040588634962479
38,2023,12,0.0,poisson_regression,0.4069498573257534
38,2024,1,0.0,poisson_regression,0.40653860642926587
38,2024,2,1.0,poisson_regression,0.4078892387671375
38,2024,3,0.0,poisson_regression,0.4213743413338468
38,2024,4,0.0,poisson_regression,0.4239717262989146
38,2024,5,3.0,poisson_regression,0.40247895319503507
38,2024,6,0.0,poisson_regression,0.43506270886427306
38,2024,7,0.0,poisson_regression,0.4296743441089876
38,2024,8,0.0,poisson_regression,0.444469002877753
38,2024,9,0.0,poisson_regression,0.43198572693418563
38,2024,11,0.0,poisson_regression,0.4145629544192737
38,2024,12,0.0,poisson_regression,0.41488023957077336
39,2023,11,0.0,poisson_regression,0.3436397600974059
39,2023,12,0.0,poisson_regression,0.35062093344975304
39,2024,1,0.0,poisson_regression,0.34736905027021353
39,2024,2,0.0,poisson_regression,0.35902738815034735
39,2024,3,0.0,poisson_regression,0.35976583414877755
39,2024,4,0.0,poisson_regression,0.36167423580951846
39,2024,5,0.0,poisson_regression,0.3504203416144925
39,2024,6,0.0,poisson_regression,0.378476837744763
39,2024,7,0.0,poisson_regression,0.3710616012918136
39,2024,8,0.0,poisson_regression,0.38405967402295277
39,2024,9,0.0,poisson_regression,0.37589471173797795
39,2024,11,0.0,poisson_regression,0.35557592563887935
39,2024,12,0.0,poisson_regression,0.34760335686664995
40,2023,11,0.0,poisson_regression,0.3467688172810932
40,2023,12,0.0,poisson_regression,0.3510343740127664
40,2024,1,0.0,poisson_regression,0.351488903725517
40,2024,2,0.0,poisson_regression,0.3672020125344561
40,2024,3,0.0,poisson_regression,0.36920830869170423
40,2024,4,0.0,poisson_regression,0.37232317242374857
40,2024,5,0.0,poisson_regression,0.36284388941163165
40,2024,6,0.0,poisson_regression,0.3890619481381772
40,2024,7,0.0,poisson_regression,0.38660779017347674
40,2024,8,0.0,poisson_regression,0.3984243735086428
40,2024,9,0.0,poisson_regression,0.38961099637870533
40,2024,11,0.0,poisson_regression,0.36214327152733705
40,2024,12,0.0,poisson_regression,0.35306440022804275
41,2023,11,2.0,poisson_regression,0.3956197811059502
41,2023,12,1.0,poisson_regression,0.4116213036181997
41,2024,1,0.0,poisson_regression,0.42468294297154313
41,2024,2,3.0,poisson_regression,0.4040069287689769
41,2024,3,3.0,poisson_regression,0.4048349711709396
41,2024,4,1.0,poisson_regression,0.4043711283523758
41,2024,5,0.0,poisson_regression,0.3776805067993371
41,2024,6,1.0,poisson_regression,0.40275029653631705
41,2024,7,0.0,poisson_regression,0.39905611605558916
41,2024,8,0.0,poisson_regression,0.40612726625294127
41,2024,9,0.0,poisson_regression,0.4096836739704457
41,2024,11,2.0,poisson_regression,0.4021323796075347
41,2024,12,0.0,poisson_regression,0.40036370327670595
42,2023,11,2.0,poisson_regression,0.3937114374742464
42,2023,12,1.0,poisson_regression,0.39528959401691893
42,2024,1,0.0,poisson_regression,0.39623306993931573
42,2024,2,3.0,poisson_regression,0.4060174236622389
42,2024,3,3.0,poisson_regression,0.4028540444663391
42,2024,4,1.0,poisson_regression,0.4007231691115201
42,2024,5,0.0,poisson_regression,0.3757543621846984
42,2024,6,1.0,poisson_regression,0.40495172913633926
42,2024,7,0.0,poisson_regression,0.3971365334096834
42,2024,8,0.0,poisson_regression,0.4030083223094879
42,2024,9,0.0,poisson_regression,0.4102777284978351
42,2024,11,2.0,poisson_regression,0.4044333824941258
42,2024,12,0.0,poisson_regression,0.3977834455963908
43,2023,11,1.0,poisson_regression,0.38642163355698045
43,2023,12,0.0,poisson_regression,0.3835040044464774
43,2024,1,0.0,poisson_regression,0.37680688969715886
43,2024,2,0.0,poisson_regression,0.3928253668803139
43,2024,3,0.0,poisson_regression,0.4088383291162315
43,2024,4,0.0,poisson_regression,0.4082479618897462
43,2024,5,0.0,poisson_regression,0.4186562772041631
43,2024,6,0.0,poisson_regression,0.436820240003142
43,2024,7,0.0,poisson_regression,0.43450561028275136
43,2024,8,0.0,poisson_regression,0.4567384243447268
43,2024,9,1.0,poisson_regression,0.4476481221447416
43,2024,11,0.0,poisson_regression,0.3821648644319868
43,2024,12,1.0,poisson_regression,0.38438362566897954
44,2023,11,1.0,poisson_regression,0.359002209167055
44,2023,12,0.0,poisson_regression,0.3583131254439922
44,2024,1,0.0,poisson_regression,0.35434896400250165
44,2024,2,0.0,poisson_regression,0.36952125881203174
44,2024,3,0.0,poisson_regression,0.3843569179287016
44,2024,4,0.0,poisson_regression,0.3864580703156834
44,2024,5,0.0,poisson_regression,0.3888284282579386
44,2024,6,0.0,poisson_regression,0.40716253010616454
44,2024,7,0.0,poisson_regression,0.4033853233805264
44,2024,8,0.0,poisson_regression,0.4290399482979898
44,2024,9,1.0,poisson_regression,0.4146973371874287
44,2024,11,0.0,poisson_regression,0.35977911154362907
44,2024,12,1.0,poisson_regression,0.3627656533823728
45,2023,11,0.0,poisson_regression,0.38670877120381847
45,2023,12,0.0,poisson_regression,0.3856605409287506
45,2024,1,2.0,poisson_regression,0.3870301774974779
45,2024,2,0.0,poisson_regression,0.3907133134549878
45,2024,3,1.0,poisson_regression,0.3943492813133537
45,2024,4,1.0,poisson_regression,0.3916499226848406
45,2024,5,0.0,poisson_regression,0.37233523438773736
45,2024,6,1.0,poisson_regression,0.3996476988572411
45,2024,7,0.0,poisson_regression,0.3927205307021342
45,2024,8,1.0,poisson_regression,0.39891786650793853
45,2024,9,0.0,poisson_regression,0.4015056038767912
45,2024,11,0.0,poisson_regression,0.3926870538463483
45,2024,12,0.0,poisson_regression,0.39243105438637954
46,2023,11,0.0,poisson_regression,0.3933801250669207
46,2023,12,0.0,poisson_regression,0.3921660022783827
46,2024,1,1.0,poisson_regression,0.39451423003857544
46,2024,2,0.0,poisson_regression,0.3991875545751987
46,2024,3,1.0,poisson_regression,0.40334745647601933
46,2024,4,1.0,poisson_regression,0.3987837952815293
46,2024,5,0.0,poisson_regression,0.38083103294956194
46,2024,6,1.0,poisson_regression,0.40779515355878815
46,2024,7,0.0,poisson_regression,0.39812359456910457
46,2024,8,1.0,poisson_regression,0.4066354221009194
46,2024,9,0.0,poisson_regression,0.40788662022478384
46,2024,11,0.0,poisson_regression,0.3985146758456849
46,2024,12,0.0,poisson_regression,0.3969223911516554
47,2023,11,1.0,poisson_regression,0.5407372109058355
47,2023,12,0.0,poisson_regression,0.5307742448329857
47,2024,1,0.0,poisson_regression,0.5350967717084567
47,2024,2,0.0,poisson_regression,0.5669230421426419
47,2024,3,0.0,poisson_regression,0.5956225378981974
47,2024,4,1.0,poisson_regression,0.6011822640568427
47,2024,5,0.0,poisson_regression,0.6538897386451619
47,2024,6,0.0,poisson_regression,0.5921985413091314
47,2024,7,0.0,poisson_regression,0.5353646878578185
47,2024,8,0.0,poisson_regression,0.5460311720975819
47,2024,9,0.0,poisson_regression,0.5408295582934336
47,2024,11,1.0,poisson_regression,0.4787920146708392
47,2024,12,0.0,poisson_regression,0.45548916148117874
48,2023,11,0.0,poisson_regression,0.3758700744858972
48,2023,12,0.0,poisson_regression,0.3768782415846699
48,2024,1,0.0,poisson_regression,0.3705174349249185
48,2024,2,0.0,poisson_regression,0.3991505833525383
48,2024,3,0.0,poisson_regression,0.4210165788221991
48,2024,4,1.0,poisson_regression,0.42823384243525137
48,2024,5,0.0,poisson_regression,0.43355959551351075
48,2024,6,1.0,poisson_regression,0.47349749604943475
48,2024,7,0.0,poisson_regression,0.5029124206640885
48,2024,8,0.0,poisson_regression,0.5763996529522758
48,2024,9,3.0,poisson_regression,0.5594753162975554
48,2024,11,0.0,poisson_regression,0.39918293584766745
48,2024,12,0.0,poisson_regression,0.3718233553642653
49,2023,11,1.0,poisson_regression,0.4280805845884949
49,2023,12,0.0,poisson_regression,0.42456354210047886
49,2024,1,0.0,poisson_regression,0.4221983681454976
49,2024,2,1.0,poisson_regression,0.44202293936076065
49,2024,3,1.0,poisson_regression,0.4535557935311218
49,2024,4,0.0,poisson_regression,0.44881641895316177
49,2024,5,1.0,poisson_regression,0.43096230585074574
49,2024,6,1.0,poisson_regression,0.4662248727867057
49,2024,7,0.0,poisson_regression,0.46815607594125774
49,2024,8,0.0,poisson_regression,0.4897386535891016
49,2024,9,0.0,poisson_regression,0.48029100454075596
49,2024,11,0.0,poisson_regression,0.44035378808000264
49,2024,12,0.0,poisson_regression,0.41784803877778126
50,2023,11,0.0,poisson_regression,0.43447225582296234
50,2023,12,1.0,poisson_regression,0.45230328561424693
50,2024,1,0.0,poisson_regression,0.4491129693213619
50,2024,2,0.0,poisson_regression,0.45253931845958845
50,2024,3,0.0,poisson_regression,0.45338762625123163
50,2024,4,0.0,poisson_regression,0.44956866967604175
50,2024,5,0.0,poisson_regression,0.4419887798226907
50,2024,6,0.0,poisson_regression,0.45618692685292245
50,2024,7,0.0,poisson_regression,0.4265711638930182
50,2024,8,0.0,poisson_regression,0.45494066832613034
50,2024,9,0.0,poisson_regression,0.5320444135574012
50,2024,11,0.0,poisson_regression,0.4523391569652113
50,2024,12,0.0,poisson_regression,0.44624581227848575
51,2023,11,0.0,poisson_regression,0.49515205355990305
51,2023,12,1.0,poisson_regression,0.5104638159569769
51,2024,1,0.0,poisson_regression,0.5032298021475592
51,2024,2,0.0,poisson_regression,0.51782819002473
51,2024,3,0.0,poisson_regression,0.5256272151108001
51,2024,4,0.0,poisson_regression,0.5150577630255383
51,2024,5,0.0,poisson_regression,0.5405600944912916
51,2024,6,0.0,poisson_regression,0.5566127551907831
51,2024,7,0.0,poisson_regression,0.5123488551093107
51,2024,8,0.0,poisson_regression,0.5679794311534444
51,2024,9,0.0,poisson_regression,0.5701845200568497
51,2024,11,0.0,poisson_regression,0.5314488587312644
51,2024,12,0.0,poisson_regression,0.5077565761633247
52,2023,11,0.0,poisson_regression,0.5679779997536238
52,2023,12,0.0,poisson_regression,0.5142501242330692
52,2024,1,2.0,poisson_regression,0.5057895753122084
52,2024,2,0.0,poisson_regression,0.5048176302381954
52,2024,3,0.0,poisson_regression,0.534175462855976
52,2024,4,1.0,poisson_regression,0.5228928294882528
52,2024,5,1.0,poisson_regression,0.5323265914326392
52,2024,6,0.0,poisson_regression,0.48622918445657154
52,2024,7,0.0,poisson_regression,0.4345060751319291
52,2024,8,0.0,poisson_regression,0.46814702709085576
52,2024,9,1.0,poisson_regression,0.4721391726027299
52,2024,11,1.0,poisson_regression,0.44051226242553404
52,2024,12,0.0,poisson_regression,0.43418960409451235
53,2023,11,0.0,poisson_regression,0.382159774388297
53,2023,12,0.0,poisson_regression,0.40487288239544417
53,2024,1,0.0,poisson_regression,0.39555200825116743
53,2024,2,0.0,poisson_regression,0.3986355317991772
53,2024,3,1.0,poisson_regression,0.38813038209234374
53,2024,4,0.0,poisson_regression,0.3822503496870867
53,2024,5,2.0,poisson_regression,0.36933103518879634
53,2024,6,0.0,poisson_regression,0.40041623840203444
53,2024,7,1.0,poisson_regression,0.3831912804917077
53,2024,8,1.0,poisson_regression,0.42342202035874443
53,2024,9,0.0,poisson_regression,0.42973621184860333
53,2024,11,1.0,poisson_regression,0.38349365110531003
53,2024,12,0.0,poisson_regression,0.3688888621017152
54,2023,11,0.0,poisson_regression,0.3817850251856009
54,2023,12,0.0,poisson_regression,0.39233570241765614
54,2024,1,0.0,poisson_regression,0.3911730957137833
54,2024,2,0.0,poisson_regression,0.39717385493969276
54,2024,3,1.0,poisson_regression,0.397552708840196
54,2024,4,0.0,poisson_regression,0.39696944360237757
54,2024,5,2.0,poisson_regression,0.3910626068339208
54,2024,6,0.0,poisson_regression,0.4197346062463
54,2024,7,1.0,poisson_regression,0.39845423369932215
54,2024,8,1.0,poisson_regression,0.4289200331698716
54,2024,9,0.0,poisson_regression,0.40752146954120594
54,2024,11,1.0,poisson_regression,0.3876467428433874
54,2024,12,0.0,poisson_regression,0.3836398415628065
55,2023,11,0.0,poisson_regression,0.33630113170371345
55,2023,12,0.0,poisson_regression,0.34460706531592933
55,2024,1,0.0,poisson_regression,0.34458424547428035
55,2024,2,1.0,poisson_regression,0.34099498182400295
55,2024,3,0.0,poisson_regression,0.342188682880098
55,2024,4,0.0,poisson_regression,0.3413921487959926
55,2024,5,0.0,poisson_regression,0.33089718451794825
55,2024,6,0.0,poisson_regression,0.35168945154709164
55,2024,7,0.0,poisson_regression,0.3329662696309041
55,2024,8,0.0,poisson_regression,0.34579085399647175
55,2024,9,1.0,poisson_regression,0.3439799283658303
55,2024,11,0.0,poisson_regression,0.34088305451651235
55,2024,12,0.0,poisson_regression,0.3381810911546971
56,2023,11,0.0,poisson_regression,0.3410238870346152
56,2023,12,0.0,poisson_regression,0.3496044801041863
56,2024,1,0.0,poisson_regression,0.34807815096185674
56,2024,2,1.0,poisson_regression,0.34502967178888927
56,2024,3,0.0,poisson_regression,0.34668686000897414
56,2024,4,0.0,poisson_regression,0.3490071681241967
56,2024,5,0.0,poisson_regression,0.34051121876185664
56,2024,6,0.0,poisson_regression,0.36270349932419127
56,2024,7,0.0,poisson_regression,0.34601510726597173
56,2024,8,0.0,poisson_regression,0.3597741603600201
56,2024,9,1.0,poisson_regression,0.35665041706980616
56,2024,11,0.0,poisson_regression,0.3503601414435703
56,2024,12,0.0,poisson_regression,0.3466944958830083
57,2023,11,0.0,poisson_regression,0.3650033441405893
57,2023,12,0.0,poisson_regression,0.37244560562854373
57,2024,1,0.0,poisson_regression,0.3711187365007558
57,2024,2,0.0,poisson_regression,0.3733069916207844
57,2024,3,0.0,poisson_regression,0.3772710164638934
57,2024,4,0.0,poisson_regression,0.3797326962281779
57,2024,5,1.0,poisson_regression,0.3693108465302761
57,2024,6,0.0,poisson_regression,0.3853707247179876
57,2024,7,1.0,poisson_regression,0.37859553255709855
57,2024,8,0.0,poisson_regression,0.3821854669679684
57,2024,9,0.0,poisson_regression,0.3825936981077929
57,2024,11,0.0,poisson_regression,0.3734927317686167
57,2024,12,0.0,poisson_regression,0.36926834331953645
58,2023,11,0.0,poisson_regression,0.3573494009020693
58,2023,12,0.0,poisson_regression,0.36336638486784784
58,2024,1,0.0,poisson_regression,0.3629066599164084
58,2024,2,0.0,poisson_regression,0.3639765859970854
58,2024,3,0.0,poisson_regression,0.36041974543803135
58,2024,4,0.0,poisson_regression,0.3728861721237107
58,2024,5,1.0,poisson_regression,0.35576889733040123
58,2024,6,0.0,poisson_regression,0.3700118543955103
58,2024,7,1.0,poisson_regression,0.3622239167235015
58,2024,8,0.0,poisson_regression,0.3686306358528035
58,2024,9,0.0,poisson_regression,0.37028415843249124
58,2024,11,0.0,poisson_regression,0.3644903611747841
58,2024,12,0.0,poisson_regression,0.36121245817363334
59,2023,11,0.0,poisson_regression,0.3869139672143839
59,2023,12,0.0,poisson_regression,0.393195754402589
59,2024,1,0.0,poisson_regression,0.39321222907082753
59,2024,2,0.0,poisson_regression,0.40175465197461513
59,2024,3,0.0,poisson_regression,0.40027832832526755
59,2024,4,1.0,poisson_regression,0.37211225577761253
59,2024,5,0.0,poisson_regression,0.34643320756023666
59,2024,6,0.0,poisson_regression,0.40473240611803474
59,2024,7,0.0,poisson_regression,0.3931323445253251
59,2024,8,0.0,poisson_regression,0.4049011292217082
59,2024,9,0.0,poisson_regression,0.40866609929264425
59,2024,11,1.0,poisson_regression,0.40477628799313536
59,2024,12,0.0,poisson_regression,0.40152021402650195
60,2023,11,0.0,poisson_regression,0.38024769200629743
60,2023,12,0.0,poisson_regression,0.3855634125330171
60,2024,1,0.0,poisson_regression,0.3855876797371492
60,2024,2,0.0,poisson_regression,0.36750637112642537
60,2024,3,0.0,poisson_regression,0.34006740296823723
60,2024,4,1.0,poisson_regression,0.3801528056241479
60,2024,5,0.0,poisson_regression,0.37912319109377074
60,2024,6,0.0,poisson_regression,0.39966563382058806
60,2024,7,0.0,poisson_regression,0.38853591390351055
60,2024,8,0.0,poisson_regression,0.3980003542590014
60,2024,9,0.0,poisson_regression,0.4043232923266608
60,2024,11,1.0,poisson_regression,0.40142548022866803
60,2024,12,0.0,poisson_regression,0.39454590573549864
61,2023,11,0.0,poisson_regression,0.4045821632341382
61,2023,12,0.0,poisson_regression,0.410321190679421
61,2024,1,1.0,poisson_regression,0.4041600857155278
61,2024,2,0.0,poisson_regression,0.4103145984986414
61,2024,3,0.0,poisson_regression,0.417137953106647
61,2024,4,0.0,poisson_regression,0.4127772888443757
61,2024,5,0.0,poisson_regression,0.4129138103167865
61,2024,6,0.0,poisson_regression,0.42856401726359517
61,2024,7,0.0,poisson_regression,0.4013448779503173
61,2024,8,0.0,poisson_regression,0.41150202754774606
61,2024,9,0.0,poisson_regression,0.4296483156832928
61,2024,11,0.0,poisson_regression,0.4157006118359507
61,2024,12,0.0,poisson_regression,0.4021651551379041
62,2023,11,0.0,poisson_regression,0.40603332401454506
62,2023,12,0.0,poisson_regression,0.410979691096079
62,2024,1,1.0,poisson_regression,0.40547241205077694
62,2024,2,0.0,poisson_regression,0.41135263962421487
62,2024,3,0.0,poisson_regression,0.41833454210839377
62,2024,4,0.0,poisson_regression,0.41365877008547436
62,2024,5,0.0,poisson_regression,0.41029930962948785
62,2024,6,0.0,poisson_regression,0.4292810139749037
62,2024,7,0.0,poisson_regression,0.40291273276565526
62,2024,8,0.0,poisson_regression,0.41231129241429254
62,2024,9,0.0,poisson_regression,0.42947125554958887
62,2024,11,0.0,poisson_regression,0.4152041066581367
62,2024,12,0.0,poisson_regression,0.4022063262453876
63,2023,11,0.0,poisson_regression,0.3905227426504116
63,2023,12,0.0,poisson_regression,0.406189547326804
63,2024,1,0.0,poisson_regression,0.3912793344998448
63,2024,2,1.0,poisson_regression,0.3906235858585404
63,2024,3,0.0,poisson_regression,0.405181707287755
63,2024,4,0.0,poisson_regression,0.4288830451916497
63,2024,5,0.0,poisson_regression,0.45252918794271674
63,2024,6,1.0,poisson_regression,0.47621345616040484
63,2024,7,1.0,poisson_regression,0.5666072226543523
63,2024,8,0.0,poisson_regression,0.6101626637486178
63,2024,9,0.0,poisson_regression,0.452721592985965
63,2024,11,0.0,poisson_regression,0.40946877687207933
63,2024,12,1.0,poisson_regression,0.4016277281575702
64,2023,11,0.0,poisson_regression,0.362581781314926
64,2023,12,0.0,poisson_regression,0.46216496188451395
64,2024,1,0.0,poisson_regression,0.4521011316713584
64,2024,2,0.0,poisson_regression,0.4789839479377643
64,2024,3,0.0,poisson_regression,0.5632161484274594
64,2024,4,1.0,poisson_regression,0.675379141759788
64,2024,5,0.0,poisson_regression,0.9045174574113928
64,2024,6,1.0,poisson_regression,0.9872101298862445
64,2024,7,1.0,poisson_regression,1.8560588826143933
64,2024,8,2.0,poisson_regression,2.4272833968211294
64,2024,9,0.0,poisson_regression,0.8965147740584357
64,2024,11,0.0,poisson_regression,0.5264422102166697
64,2024,12,0.0,poisson_regression,0.46521690091353873
65,2023,11,0.0,poisson_regression,0.4424683221466771
65,2023,12,0.0,poisson_regression,0.39508383469642133
65,2024,1,0.0,poisson_regression,0.394662303677616
65,2024,2,0.0,poisson_regression,0.38860488013383837
65,2024,3,0.0,poisson_regression,0.40820614418066065
65,2024,4,1.0,poisson_regression,0.42490580234322217
65,2024,5,0.0,poisson_regression,0.4448131277538193
65,2024,6,1.0,poisson_regression,0.4717126692604662
65,2024,7,1.0,poisson_regression,0.5257531104923572
65,2024,8,1.0,poisson_regression,0.5645527295597971
65,2024,9,0.0,poisson_regression,0.45677251684928405
65,2024,11,0.0,poisson_regression,0.4067105061800699
65,2024,12,1.0,poisson_regression,0.3939404763476378
66,2023,11,0.0,poisson_regression,0.38401187520280256
66,2023,12,0.0,poisson_regression,0.3929871717984928
66,2024,1,0.0,poisson_regression,0.3874294418001565
66,2024,2,1.0,poisson_regression,0.38861116074310453
66,2024,3,0.0,poisson_regression,0.4219610187162867
66,2024,4,0.0,poisson_regression,0.46250251200647735
66,2024,5,0.0,poisson_regression,0.5731306375300855
66,2024,6,1.0,poisson_regression,0.5951734362192141
66,2024,7,1.0,poisson_regression,0.8636854076540867
66,2024,8,0.0,poisson_regression,0.9068846173544157
66,2024,9,0.0,poisson_regression,0.5482005008076464
66,2024,11,0.0,poisson_regression,0.41503460520825136
66,2024,12,2.0,poisson_regression,0.3920884289605936
67,2023,11,0.0,poisson_regression,0.3584113657321835
67,2023,12,0.0,poisson_regression,0.3676314667828404
67,2024,1,0.0,poisson_regression,0.36618911159165346
67,2024,2,0.0,poisson_regression,0.36446868394118564
67,2024,3,0.0,poisson_regression,0.3706713464286338
67,2024,4,1.0,poisson_regression,0.3744466638301194
67,2024,5,0.0,poisson_regression,0.3682450523011614
67,2024,6,0.0,poisson_regression,0.3830199004333587
67,2024,7,0.0,poisson_regression,0.3717775193628788
67,2024,8,0.0,poisson_regression,0.37953623746161114
67,2024,9,0.0,poisson_regression,0.3811276308278762
67,2024,11,0.0,poisson_regression,0.37260841814664086
67,2024,12,0.0,poisson_regression,0.3690017305723898
68,2023,11,0.0,poisson_regression,0.3827128459197464
68,2023,12,0.0,poisson_regression,0.3908726291386342
68,2024,1,0.0,poisson_regression,0.39193549361804286
68,2024,2,0.0,poisson_regression,0.3913455073423414
68,2024,3,0.0,poisson_regression,0.40111015731631156
68,2024,4,1.0,poisson_regression,0.404529413184832
68,2024,5,0.0,poisson_regression,0.40524430270661776
68,2024,6,0.0,poisson_regression,0.41972349315235946
68,2024,7,0.0,poisson_regression,0.4045739510884867
68,2024,8,0.0,poisson_regression,0.4126902140352263
68,2024,9,0.0,poisson_regression,0.4328826095294552
68,2024,11,0.0,poisson_regression,0.4028556908381983
68,2024,12,0.0,poisson_regression,0.39456935690719064
69,2023,11,1.0,poisson_regression,0.9510937487374439
69,2023,12,2.0,poisson_regression,0.8435781332945388
69,2024,1,1.0,poisson_regression,0.8022423017908866
69,2024,2,0.0,poisson_regression,0.9064120947844405
69,2024,3,1.0,poisson_regression,1.01422661971828
69,2024,4,4.0,poisson_regression,0.9123241667582205
69,2024,5,4.0,poisson_regression,0.8990381440096559
69,2024,6,4.0,poisson_regression,0.899447091424401
69,2024,7,0.0,poisson_regression,0.8356896628488608
69,2024,8,2.0,poisson_regression,0.8713840962255599
69,2024,9,1.0,poisson_regression,1.0572484422628028
69,2024,11,1.0,poisson_regression,0.9672203293086655
69,2024,12,0.0,poisson_regression,0.837830104450741
70,2023,11,0.0,poisson_regression,0.41375356921082435
70,2023,12,0.0,poisson_regression,0.4171000456923442
70,2024,1,0.0,poisson_regression,0.411308008441416
70,2024,2,0.0,poisson_regression,0.4242814410943272
70,2024,3,0.0,poisson_regression,0.4254002196169906
70,2024,4,0.0,poisson_regression,0.4238537654110898
70,2024,5,0.0,poisson_regression,0.40913357038773296
70,2024,6,1.0,poisson_regression,0.4289676800532104
70,2024,7,0.0,poisson_regression,0.4282872526294363
70,2024,8,0.0,poisson_regression,0.43685043591049
70,2024,9,0.0,poisson_regression,0.4422530175640274
70,2024,11,1.0,poisson_regression,0.42493290100980524
70,2024,12,0.0,poisson_regression,0.4024272416523983
71,2023,11,0.0,poisson_regression,0.4189061974586969
71,2023,12,0.0,poisson_regression,0.4233937401660757
71,2024,1,0.0,poisson_regression,0.4196240681444303
71,2024,2,0.0,poisson_regression,0.4273906663427626
71,2024,3,0.0,poisson_regression,0.4276589895053949
71,2024,4,0.0,poisson_regression,0.4276667356440569
71,2024,5,0.0,poisson_regression,0.412364174303331
71,2024,6,1.0,poisson_regression,0.43518745647461426
71,2024,7,0.0,poisson_regression,0.4350914531543481
71,2024,8,0.0,poisson_regression,0.45492515839612435
71,2024,9,0.0,poisson_regression,0.44665497992015657
71,2024,11,1.0,poisson_regression,0.4169877268970916
71,2024,12,0.0,poisson_regression,0.4101161832326123
72,2023,11,1.0,poisson_regression,0.4126126931059515
72,2023,12,0.0,poisson_regression,0.41494706884629096
72,2024,1,0.0,poisson_regression,0.39615141632736534
72,2024,2,0.0,poisson_regression,0.4081238843442632
72,2024,3,2.0,poisson_regression,0.41307087006070475
72,2024,4,3.0,poisson_regression,0.407627792990411
72,2024,5,0.0,poisson_regression,0.3958630494361133
72,2024,6,1.0,poisson_regression,0.41160277820596763
72,2024,7,0.0,poisson_regression,0.3917118045967939
72,2024,8,0.0,poisson_regression,0.404558815604259
72,2024,9,0.0,poisson_regression,0.42269537423743264
72,2024,11,0.0,poisson_regression,0.4064400231265139
72,2024,12,0.0,poisson_regression,0.4043819757863226
73,2023,11,1.0,poisson_regression,0.5008409277620531
73,2023,12,0.0,poisson_regression,0.4821925824896791
73,2024,1,0.0,poisson_regression,0.5821773648113421
73,2024,2,0.0,poisson_regression,0.5366249160235236
73,2024,3,2.0,poisson_regression,0.540801505317188
73,2024,4,3.0,poisson_regression,0.535854742886318
73,2024,5,0.0,poisson_regression,0.5285421561287456
73,2024,6,1.0,poisson_regression,0.5616077969922383
73,2024,7,0.0,poisson_regression,0.5189670211114873
73,2024,8,0.0,poisson_regression,0.5440576628092634
73,2024,9,0.0,poisson_regression,0.5763988291660704
73,2024,11,0.0,poisson_regression,0.5103367636634678
73,2024,12,0.0,poisson_regression,0.48220356446600066
74,2023,11,2.0,poisson_regression,0.4287368909207829
74,2023,12,2.0,poisson_regression,0.43084879761945905
74,2024,1,0.0,poisson_regression,0.4285903844060946
74,2024,2,2.0,poisson_regression,0.4329894158727936
74,2024,3,1.0,poisson_regression,0.44125229423273304
74,2024,4,0.0,poisson_regression,0.4314216262442528
74,2024,5,0.0,poisson_regression,0.4290031583682475
74,2024,6,0.0,poisson_regression,0.44206534804003295
74,2024,7,0.0,poisson_regression,0.41788834084638965
74,2024,8,0.0,poisson_regression,0.4237526939004516
74,2024,9,1.0,poisson_regression,0.44684501967351775
74,2024,11,0.0,poisson_regression,0.43778578488681685
74,2024,12,0.0,poisson_regression,0.43635002609656987
75,2023,11,2.0,poisson_regression,0.44984197417618627
75,2023,12,2.0,poisson_regression,0.4456027669704816
75,2024,1,0.0,poisson_regression,0.44919767505676134
75,2024,2,2.0,poisson_regression,0.4514502340766327
75,2024,3,1.0,poisson_regression,0.4656158535750835
75,2024,4,0.0,poisson_regression,0.4494112008599671
75,2024,5,0.0,poisson_regression,0.45413304389306713
75,2024,6,0.0,poisson_regression,0.4639772191337983
75,2024,7,0.0,poisson_regression,0.4262259034139578
75,2024,8,0.0,poisson_regression,0.434273882702454
75,2024,9,1.0,poisson_regression,0.46886589533271344
75,2024,11,0.0,poisson_regression,0.45584030139063686
75,2024,12,0.0,poisson_regression,0.4500508921213402
76,2023,11,0.0,poisson_regression,0.4111144652463658
76,2023,12,0.0,poisson_regression,0.41437075514260413
76,2024,1,0.0,poisson_regression,0.40076725692823056
76,2024,2,0.0,poisson_regression,0.41082985775866326
76,2024,3,0.0,poisson_regression,0.41532939734344115
76,2024,4,0.0,poisson_regression,0.41072079091682884
76,2024,5,0.0,poisson_regression,0.3957481658477746
76,2024,6,0.0,poisson_regression,0.4064462192876775
76,2024,7,1.0,poisson_regression,0.38838928782198145
76,2024,8,1.0,poisson_regression,0.372888915205172
76,2024,9,1.0,poisson_regression,0.41841551953252015
76,2024,11,0.0,poisson_regression,0.4038211121870824
76,2024,12,0.0,poisson_regression,0.3997879296412185
77,2023,11,1.0,poisson_regression,0.589984625684703
77,2023,12,1.0,poisson_regression,0.5769306872412259
77,2024,1,0.0,poisson_regression,0.5545388089572117
77,2024,2,2.0,poisson_regression,0.5822041279581033
77,2024,3,1.0,poisson_regression,0.6113520497447116
77,2024,4,0.0,poisson_regression,0.5880430138233488
77,2024,5,3.0,poisson_regression,0.5865140220654727
77,2024,6,2.0,poisson_regression,0.6051340882561144
77,2024,7,0.0,poisson_regression,0.5684176348100919
77,2024,8,0.0,poisson_regression,0.5855888305473866
77,2024,9,3.0,poisson_regression,0.6286787920072303
77,2024,11,2.0,poisson_regression,0.5955728767851347
77,2024,12,0.0,poisson_regression,0.49712310099804974
78,2023,11,2.0,poisson_regression,0.3502718042212494
78,2023,12,0.0,poisson_regression,0.3563579874674034
78,2024,1,0.0,poisson_regression,0.347106214549015
78,2024,2,0.0,poisson_regression,0.3533587722416379
78,2024,3,0.0,poisson_regression,0.3505970532431748
78,2024,4,0.0,poisson_regression,0.3528234848591469
78,2024,5,0.0,poisson_regression,0.343927310760869
78,2024,6,0.0,poisson_regression,0.34910297667004825
78,2024,7,0.0,poisson_regression,0.3474875970122629
78,2024,8,0.0,poisson_regression,0.3523702210965748
78,2024,9,0.0,poisson_regression,0.3538953987452443
78,2024,11,0.0,poisson_regression,0.34670982121260546
78,2024,12,0.0,poisson_regression,0.3446460414371877
79,2023,11,2.0,poisson_regression,0.3859882997024415
79,2023,12,0.0,poisson_regression,0.38502637591191424
79,2024,1,0.0,poisson_regression,0.3784839612513606
79,2024,2,0.0,poisson_regression,0.38462545997601016
79,2024,3,0.0,poisson_regression,0.39128198022828614
79,2024,4,0.0,poisson_regression,0.3917720239999843
79,2024,5,0.0,poisson_regression,0.3854764262337053
79,2024,6,0.0,poisson_regression,0.3948101182826189
79,2024,7,0.0,poisson_regression,0.3862148080022727
79,2024,8,0.0,poisson_regression,0.39602994817953197
79,2024,9,0.0,poisson_regression,0.3997887694460694
79,2024,11,0.0,poisson_regression,0.38063769129618424
79,2024,12,0.0,poisson_regression,0.3732389436126981
80,2023,11,0.0,poisson_regression,0.3589028184897251
80,2023,12,0.0,poisson_regression,0.3685523210250081
80,2024,1,0.0,poisson_regression,0.3645447853287963
80,2024,2,0.0,poisson_regression,0.3703511855109136
80,2024,3,1.0,poisson_regression,0.3645957598993989
80,2024,4,0.0,poisson_regression,0.36222638384856815
80,2024,5,0.0,poisson_regression,0.39509796601176683
80,2024,12,0.0,poisson_regression,0.46324810655963466
81,2023,11,0.0,poisson_regression,0.3584894004220199
81,2023,12,0.0,poisson_regression,0.3645275877770803
81,2024,1,0.0,poisson_regression,0.36357821983011424
81,2024,2,0.0,poisson_regression,0.37187936652523546
81,2024,3,1.0,poisson_regression,0.366044311931545
81,2024,4,0.0,poisson_regression,0.3954535008236681
81,2024,5,0.0,poisson_regression,0.34665936169359035
81,2024,6,0.0,poisson_regression,0.36168105777862614
81,2024,7,0.0,poisson_regression,0.3517291804855836
81,2024,8,0.0,poisson_regression,0.3662957417793697
81,2024,9,0.0,poisson_regression,0.3684528330343461
81,2024,11,0.0,poisson_regression,0.36085097110732484
81,2024,12,0.0,poisson_regression,0.35473371725608716
82,2023,11,0.0,poisson_regression,0.36124946674959857
82,2023,12,0.0,poisson_regression,0.3635162175004176
82,2024,1,1.0,poisson_regression,0.35172183568254
82,2024,2,0.0,poisson_regression,0.36311479840489264
82,2024,3,0.0,poisson_regression,0.3815307368178801
82,2024,4,0.0,poisson_regression,0.3590636890470626
82,2024,5,0.0,poisson_regression,0.3485693282647693
82,2024,6,0.0,poisson_regression,0.3597982849741822
82,2024,7,0.0,poisson_regression,0.34793879675694217
82,2024,8,0.0,poisson_regression,0.3615650808654332
82,2024,9,0.0,poisson_regression,0.3620035464827424
82,2024,11,0.0,poisson_regression,0.3548052889724753
82,2024,12,0.0,poisson_regression,0.35106636306879563
83,2023,11,0.0,poisson_regression,0.3574319859332391
83,2023,12,0.0,poisson_regression,0.3595104898066634
83,2024,1,1.0,poisson_regression,0.3489588764302444
83,2024,2,0.0,poisson_regression,0.3564673549800897
83,2024,3,0.0,poisson_regression,0.42792313683147604
83,2024,4,0.0,poisson_regression,0.43272405410599984
83,2024,5,0.0,poisson_regression,0.33624027757882735
83,2024,6,0.0,poisson_regression,0.3495046159592833
83,2024,7,0.0,poisson_regression,0.3434644034673133
83,2024,8,0.0,poisson_regression,0.3557768006220695
83,2024,9,0.0,poisson_regression,0.3561043764720308
83,2024,11,0.0,poisson_regression,0.35305606380022264
83,2024,12,0.0,poisson_regression,0.3480095283291152
84,2023,11,0.0,poisson_regression,0.4165221175662052
84,2023,12,0.0,poisson_regression,0.41831602199451473
84,2024,1,0.0,poisson_regression,0.42042246146744455
84,2024,2,0.0,poisson_regression,0.4304653012692256
84,2024,3,0.0,poisson_regression,0.44057657622856655
84,2024,4,0.0,poisson_regression,0.442635926216224
84,2024,5,0.0,poisson_regression,0.43431385935418615
84,2024,6,0.0,poisson_regression,0.45934835106794775
84,2024,7,1.0,poisson_regression,0.44919043240108714
84,2024,8,0.0,poisson_regression,0.46644933353711343
84,2024,9,0.0,poisson_regression,0.4567184609862524
84,2024,11,0.0,poisson_regression,0.429006656573369
84,2024,12,0.0,poisson_regression,0.4188704737955355
85,2023,11,0.0,poisson_regression,0.3705133408190025
85,2023,12,0.0,poisson_regression,0.36842438171252345
85,2024,1,0.0,poisson_regression,0.36303932935816546
85,2024,2,0.0,poisson_regression,0.3655871221265383
85,2024,3,0.0,poisson_regression,0.3632646199160918
85,2024,4,0.0,poisson_regression,0.35911374358745896
85,2024,5,1.0,poisson_regression,0.35030360603677063
85,2024,6,0.0,poisson_regression,0.36835976513788776
85,2024,7,0.0,poisson_regression,0.44242873758305673
85,2024,8,0.0,poisson_regression,0.3678499855580617
85,2024,9,0.0,poisson_regression,0.37345236898833106
85,2024,11,0.0,poisson_regression,0.3664671802864679
85,2024,12,0.0,poisson_regression,0.3631465004840033
86,2023,11,0.0,poisson_regression,0.35958199420096343
86,2023,12,0.0,poisson_regression,0.3601735880380439
86,2024,1,0.0,poisson_regression,0.35526808586422876
86,2024,2,0.0,poisson_regression,0.35847119026411495
86,2024,3,0.0,poisson_regression,0.3548676758070576
86,2024,4,0.0,poisson_regression,0.3614250952930565
86,2024,5,2.0,poisson_regression,0.3482570516334337
86,2024,6,0.0,poisson_regression,0.3543903769013851
86,2024,7,0.0,poisson_regression,0.3480546882295587
86,2024,8,0.0,poisson_regression,0.35519554078456167
86,2024,9,0.0,poisson_regression,0.36152557049987716
86,2024,11,0.0,poisson_regression,0.3561221890116006
86,2024,12,0.0,poisson_regression,0.35347410395847356
87,2023,11,0.0,poisson_regression,0.4580197499992869
87,2023,12,0.0,poisson_regression,0.45560490713276036
87,2024,1,0.0,poisson_regression,0.4579491737703201
87,2024,2,0.0,poisson_regression,0.46978074172778234
87,2024,3,0.0,poisson_regression,0.48592572594140765
87,2024,4,0.0,poisson_regression,0.4664476931832648
87,2024,5,0.0,poisson_regression,0.46243036802034887
87,2024,6,0.0,poisson_regression,0.498741577725349
87,2024,7,0.0,poisson_regression,0.4508473882237337
87,2024,8,1.0,poisson_regression,0.4620183974356115
87,2024,9,1.0,poisson_regression,0.5160462976663738
87,2024,11,0.0,poisson_regression,0.46811975705396913
87,2024,12,1.0,poisson_regression,0.4533790210049227
88,2023,11,0.0,poisson_regression,0.3892276875982843
88,2023,12,0.0,poisson_regression,0.39569514440127657
88,2024,1,0.0,poisson_regression,0.39479917473711623
88,2024,2,0.0,poisson_regression,0.401864403350933
88,2024,3,0.0,poisson_regression,0.4152823924040475
88,2024,4,0.0,poisson_regression,0.40910465700975995
88,2024,5,2.0,poisson_regression,0.3852609273702074
88,2024,6,0.0,poisson_regression,0.41900610395390653
88,2024,7,0.0,poisson_regression,0.4082546257151434
88,2024,8,1.0,poisson_regression,0.4186709927327376
88,2024,9,0.0,poisson_regression,0.4151438879155464
88,2024,11,2.0,poisson_regression,0.3915049909399405
88,2024,12,1.0,poisson_regression,0.38602470585023263
89,2023,11,0.0,poisson_regression,0.5025023518970921
89,2023,12,0.0,poisson_regression,0.5021831817138356
89,2024,1,0.0,poisson_regression,0.5061951508744862
89,2024,2,0.0,poisson_regression,0.5174728517968802
89,2024,3,0.0,poisson_regression,0.5572270499514396
89,2024,4,0.0,poisson_regression,0.5328488489536372
89,2024,5,2.0,poisson_regression,0.5447159517985155
89,2024,6,0.0,poisson_regression,0.5827703207212876
89,2024,7,0.0,poisson_regression,0.5253782950572408
89,2024,8,1.0,poisson_regression,0.5510207840813274
89,2024,9,0.0,poisson_regression,0.5887016252079528
89,2024,11,2.0,poisson_regression,0.519561291185743
89,2024,12,1.0,poisson_regression,0.49361706915048126
90,2023,11,1.0,poisson_regression,0.38859238475438485
90,2023,12,0.0,poisson_regression,0.38961081779622736
90,2024,1,0.0,poisson_regression,0.3976059359982018
90,2024,2,0.0,poisson_regression,0.3977085191178553
90,2024,3,0.0,poisson_regression,0.4061655549955601
90,2024,4,0.0,poisson_regression,0.4090425437785622
90,2024,5,0.0,poisson_regression,0.38183587589603274
90,2024,6,0.0,poisson_regression,0.4137307471929995
90,2024,7,0.0,poisson_regression,0.40311466473928587
90,2024,8,0.0,poisson_regression,0.4181909378219671
90,2024,9,0.0,poisson_regression,0.40977969889010796
90,2024,11,0.0,poisson_regression,0.3928867212201968
90,2024,12,0.0,poisson_regression,0.3920467463142122
91,2023,11,1.0,poisson_regression,0.38755552145829675
91,2023,12,0.0,poisson_regression,0.38968635879289387
91,2024,1,0.0,poisson_regression,0.3977113739616382
91,2024,2,0.0,poisson_regression,0.39684574626390046
91,2024,3,0.0,poisson_regression,0.40454997731621267
91,2024,4,0.0,poisson_regression,0.4081299880266397
91,2024,5,0.0,poisson_regression,0.38231694506557207
91,2024,6,0.0,poisson_regression,0.4123349721825121
91,2024,7,0.0,poisson_regression,0.40271214819391976
91,2024,8,0.0,poisson_regression,0.42083347901193563
91,2024,9,0.0,poisson_regression,0.4085530519305904
91,2024,11,0.0,poisson_regression,0.39215691237976497
91,2024,12,0.0,poisson_regression,0.3930006440273457
92,2023,11,0.0,poisson_regression,0.3903741175603448
92,2023,12,0.0,poisson_regression,0.38893649426097754
92,2024,1,0.0,poisson_regression,0.3890678871888444
92,2024,2,0.0,poisson_regression,0.38927536234936927
92,2024,3,1.0,poisson_regression,0.4010356355430015
92,2024,4,0.0,poisson_regression,0.4027797855874981
92,2024,5,0.0,poisson_regression,0.3779010593941143
92,2024,6,0.0,poisson_regression,0.41111226945474144
92,2024,7,0.0,poisson_regression,0.3943191446434035
92,2024,8,0.0,poisson_regression,0.40584973350943043
92,2024,9,0.0,poisson_regression,0.41467911368929816
92,2024,11,0.0,poisson_regression,0.39198485992965343
92,2024,12,0.0,poisson_regression,0.3871000302656425
93,2023,11,0.0,poisson_regression,0.3927813378521616
93,2023,12,0.0,poisson_regression,0.3902174451089009
93,2024,1,0.0,poisson_regression,0.3899114731516947
93,2024,2,0.0,poisson_regression,0.3932580050324268
93,2024,3,1.0,poisson_regression,0.4018400773437069
93,2024,4,0.0,poisson_regression,0.4086335421720467
93,2024,5,0.0,poisson_regression,0.385209797931375
93,2024,6,0.0,poisson_regression,0.41073234737582276
93,2024,7,0.0,poisson_regression,0.3968287389875836
93,2024,8,0.0,poisson_regression,0.4116633781802596
93,2024,9,0.0,poisson_regression,0.41819698027913577
93,2024,11,0.0,poisson_regression,0.3944143452621833
93,2024,12,0.0,poisson_regression,0.38834826328553607
94,2023,11,1.0,poisson_regression,0.36557947353520576
94,2023,12,0.0,poisson_regression,0.36531001340885644
94,2024,1,0.0,poisson_regression,0.3607579851076393
94,2024,2,1.0,poisson_regression,0.36040378595702394
94,2024,3,0.0,poisson_regression,0.35638801657311453
94,2024,4,1.0,poisson_regression,0.35136292843719436
94,2024,5,0.0,poisson_regression,0.3377502253370102
94,2024,6,0.0,poisson_regression,0.35862215675296255
94,2024,7,0.0,poisson_regression,0.3864917969826888
94,2024,8,0.0,poisson_regression,0.3952380391037918
94,2024,9,1.0,poisson_regression,0.40116346488441396
94,2024,11,0.0,poisson_regression,0.3807188132560207
94,2024,12,1.0,poisson_regression,0.39606035583872257
95,2023,11,0.0,poisson_regression,0.40580516000982286
95,2023,12,0.0,poisson_regression,0.402886456071304
95,2024,1,1.0,poisson_regression,0.40567273145867955
95,2024,2,0.0,poisson_regression,0.4067413221891165
95,2024,3,0.0,poisson_regression,0.40223065362048566
95,2024,4,0.0,poisson_regression,0.40761531857776234
95,2024,5,0.0,poisson_regression,0.38703914369886533
95,2024,6,0.0,poisson_regression,0.4119416085605265
95,2024,7,0.0,poisson_regression,0.4152328353807144
95,2024,8,0.0,poisson_regression,0.40330946900375
95,2024,9,0.0,poisson_regression,0.41115215968975144
95,2024,11,0.0,poisson_regression,0.4086055781264334
95,2024,12,0.0,poisson_regression,0.41250035737435226
96,2023,11,0.0,poisson_regression,0.3988684225380931
96,2023,12,0.0,poisson_regression,0.39861122874650956
96,2024,1,1.0,poisson_regression,0.40017662401686094
96,2024,2,0.0,poisson_regression,0.4024032413940092
96,2024,3,0.0,poisson_regression,0.396295006394497
96,2024,4,0.0,poisson_regression,0.40256090414271356
96,2024,5,0.0,poisson_regression,0.3834330761936922
96,2024,6,0.0,poisson_regression,0.4025341517918951
96,2024,7,0.0,poisson_regression,0.39729221221978106
96,2024,8,1.0,poisson_regression,0.4100591919606081
96,2024,9,0.0,poisson_regression,0.4082710098843726
96,2024,11,0.0,poisson_regression,0.369512472503563
96,2024,12,0.0,poisson_regression,0.41665356396157865
97,2023,11,1.0,poisson_regression,0.3436170488697378
97,2023,12,0.0,poisson_regression,0.3460533678423444
97,2024,1,1.0,poisson_regression,0.3456599886561441
97,2024,2,1.0,poisson_regression,0.35196852688899827
97,2024,3,0.0,poisson_regression,0.35677380768502526
97,2024,4,0.0,poisson_regression,0.3489817623566701
97,2024,5,0.0,poisson_regression,0.32903847802988306
97,2024,6,0.0,poisson_regression,0.3562530656078736
97,2024,7,0.0,poisson_regression,0.3432304171058874
97,2024,8,0.0,poisson_regression,0.3497899165094854
97,2024,9,0.0,poisson_regression,0.3590983709333152
97,2024,11,0.0,poisson_regression,0.34884864456429865
97,2024,12,0.0,poisson_regression,0.3388304156758445
98,2023,11,1.0,poisson_regression,0.3473974855046324
98,2023,12,0.0,poisson_regression,0.34933064150084664
98,2024,1,1.0,poisson_regression,0.34874862762543357
98,2024,2,1.0,poisson_regression,0.35259257904877367
98,2024,3,0.0,poisson_regression,0.35969258342731675
98,2024,4,0.0,poisson_regression,0.3509348807364326
98,2024,5,0.0,poisson_regression,0.32996301809816053
98,2024,6,0.0,poisson_regression,0.35972071507365216
98,2024,7,0.0,poisson_regression,0.3458799878380965
98,2024,8,0.0,poisson_regression,0.35098733657486214
98,2024,9,0.0,poisson_regression,0.3628185404109511
98,2024,11,0.0,poisson_regression,0.3528280414413671
98,2024,12,0.0,poisson_regression,0.3420879017870356
99,2023,11,0.0,poisson_regression,0.3777783691737038
99,2023,12,1.0,poisson_regression,0.3781882377009155
99,2024,1,1.0,poisson_regression,0.3806505612369006
99,2024,2,2.0,poisson_regression,0.37900058485632426
99,2024,3,0.0,poisson_regression,0.3687799482071966
99,2024,4,2.0,poisson_regression,0.37605419625385805
99,2024,5,1.0,poisson_regression,0.3525261731572157
99,2024,6,1.0,poisson_regression,0.3661640104290536
99,2024,7,1.0,poisson_regression,0.36051062990352783
99,2024,8,0.0,poisson_regression,0.36612210309142446
99,2024,9,2.0,poisson_regression,0.3722633866321304
99,2024,11,0.0,poisson_regression,0.36249578573288194
99,2024,12,0.0,poisson_regression,0.36972526755544516
100,2023,11,0.0,poisson_regression,0.6463144910430314
100,2023,12,1.0,poisson_regression,0.6458354978202524
100,2024,1,1.0,poisson_regression,0.6438480554682724
100,2024,2,2.0,poisson_regression,0.7071301926545925
100,2024,3,0.0,poisson_regression,0.7867457402786863
100,2024,4,2.0,poisson_regression,0.7555498265242135
100,2024,5,1.0,poisson_regression,0.7603820784297513
100,2024,6,1.0,poisson_regression,0.7867272224185757
100,2024,7,1.0,poisson_regression,0.7429454288660476
100,2024,8,0.0,poisson_regression,0.7260430103001295
100,2024,9,2.0,poisson_regression,0.7537092766084001
100,2024,11,0.0,poisson_regression,0.6938714236910608
100,2024,12,0.0,poisson_regression,0.6499055171460955
101,2023,11,2.0,poisson_regression,0.4119657888880823
101,2023,12,0.0,poisson_regression,0.4196940766262566
101,2024,1,1.0,poisson_regression,0.4092211735492265
101,2024,2,2.0,poisson_regression,0.42082516042870693
101,2024,3,1.0,poisson_regression,0.42687726286733446
101,2024,4,0.0,poisson_regression,0.43298491771950814
101,2024,5,0.0,poisson_regression,0.4169427414494667
101,2024,6,1.0,poisson_regression,0.4491627020354556
101,2024,7,2.0,poisson_regression,0.43956423518677484
101,2024,8,2.0,poisson_regression,0.4422794995497184
101,2024,9,0.0,poisson_regression,0.4475879963513955
101,2024,11,1.0,poisson_regression,0.4266673873290365
101,2024,12,1.0,poisson_regression,0.42556702657268813
102,2023,11,2.0,poisson_regression,0.3983051334426397
102,2023,12,0.0,poisson_regression,0.40618736385840964
102,2024,1,1.0,poisson_regression,0.3973383918609779
102,2024,2,2.0,poisson_regression,0.40630762322494846
102,2024,3,1.0,poisson_regression,0.41267555077508616
102,2024,4,0.0,poisson_regression,0.40958176092700693
102,2024,5,0.0,poisson_regression,0.3931992900494886
102,2024,6,1.0,poisson_regression,0.4255146220317967
102,2024,7,2.0,poisson_regression,0.4149716599839717
102,2024,8,2.0,poisson_regression,0.41130433812552114
102,2024,9,0.0,poisson_regression,0.42419391012989804
102,2024,11,1.0,poisson_regression,0.4042808641608292
102,2024,12,1.0,poisson_regression,0.4078083852073141
103,2023,11,0.0,poisson_regression,0.37719397097262203
103,2023,12,0.0,poisson_regression,0.38335773471846557
103,2024,1,0.0,poisson_regression,0.38585125601224946
103,2024,2,0.0,poisson_regression,0.38491386829517077
103,2024,3,0.0,poisson_regression,0.38884344967124485
103,2024,4,0.0,poisson_regression,0.38959448617909237
103,2024,5,0.0,poisson_regression,0.3660617168070884
103,2024,6,0.0,poisson_regression,0.3904163779975999
103,2024,7,0.0,poisson_regression,0.3823346152039467
103,2024,8,0.0,poisson_regression,0.39523105598951913
103,2024,9,0.0,poisson_regression,0.3979357499870123
103,2024,11,0.0,poisson_regression,0.38397077665869794
103,2024,12,0.0,poisson_regression,0.38608086491297366
104,2023,11,0.0,poisson_regression,0.3777069287121142
104,2023,12,0.0,poisson_regression,0.38384215175451547
104,2024,1,0.0,poisson_regression,0.3879264156297092
104,2024,2,0.0,poisson_regression,0.39350948053596363
104,2024,3,0.0,poisson_regression,0.3937308937623365
104,2024,4,0.0,poisson_regression,0.392404478050881
104,2024,5,0.0,poisson_regression,0.36758659940473504
104,2024,6,0.0,poisson_regression,0.397558936199263
104,2024,7,0.0,poisson_regression,0.38427106039797815
104,2024,8,0.0,poisson_regression,0.3969562788134316
104,2024,9,0.0,poisson_regression,0.39928411486194626
104,2024,11,0.0,poisson_regression,0.38436609479993916
104,2024,12,0.0,poisson_regression,0.3870430629408482
105,2023,11,1.0,poisson_regression,0.36070947837831335
105,2023,12,0.0,poisson_regression,0.3656749397948478
105,2024,1,0.0,poisson_regression,0.3556131216187443
105,2024,2,1.0,poisson_regression,0.3600637048201551
105,2024,3,0.0,poisson_regression,0.3471268163792269
105,2024,4,0.0,poisson_regression,0.3497465873354685
105,2024,5,0.0,poisson_regression,0.3330902922019722
105,2024,6,0.0,poisson_regression,0.34327753773360487
105,2024,7,0.0,poisson_regression,0.3345140389993095
105,2024,8,0.0,poisson_regression,0.3412578691490568
105,2024,9,0.0,poisson_regression,0.34460420446941875
105,2024,11,0.0,poisson_regression,0.35536626217781137
105,2024,12,0.0,poisson_regression,0.35228139818525767
106,2023,11,1.0,poisson_regression,0.3832493062564557
106,2023,12,0.0,poisson_regression,0.38405435592172116
106,2024,1,0.0,poisson_regression,0.3746649578993705
106,2024,2,1.0,poisson_regression,0.38259157543675276
106,2024,3,0.0,poisson_regression,0.3745187176416879
106,2024,4,0.0,poisson_regression,0.37493989019160967
106,2024,5,0.0,poisson_regression,0.3597697442485467
106,2024,6,0.0,poisson_regression,0.36907710497790785
106,2024,7,0.0,poisson_regression,0.36339490416819514
106,2024,8,0.0,poisson_regression,0.3734668514311028
106,2024,9,0.0,poisson_regression,0.37316463012303813
106,2024,11,0.0,poisson_regression,0.37129731265335947
106,2024,12,0.0,poisson_regression,0.3674202645348863
107,2023,11,1.0,poisson_regression,1.4931100745808195
107,2023,12,1.0,poisson_regression,1.3175625765202652
107,2024,1,0.0,poisson_regression,1.2183822948410186
107,2024,2,2.0,poisson_regression,1.4948358095469687
107,2024,3,2.0,poisson_regression,1.9738704288512057
107,2024,4,0.0,poisson_regression,1.7265519549092734
107,2024,5,3.0,poisson_regression,1.9783394524982478
107,2024,6,2.0,poisson_regression,2.1924122365899574
107,2024,7,0.0,poisson_regression,1.8530242796805176
107,2024,8,0.0,poisson_regression,2.0458334150232376
107,2024,9,3.0,poisson_regression,2.283832275574629
107,2024,11,2.0,poisson_regression,1.6528130245118144
107,2024,12,0.0,poisson_regression,1.619633470135198
108,2023,11,0.0,poisson_regression,0.48219723504592094
108,2023,12,0.0,poisson_regression,0.47158388901547377
108,2024,1,0.0,poisson_regression,0.46017845892627207
108,2024,2,0.0,poisson_regression,0.48123666945303417
108,2024,3,0.0,poisson_regression,0.5120894713879167
108,2024,4,0.0,poisson_regression,0.5137188434205148
108,2024,5,0.0,poisson_regression,0.5038767449987901
108,2024,6,0.0,poisson_regression,0.5289957909512285
108,2024,7,1.0,poisson_regression,0.47394397860870097
108,2024,8,1.0,poisson_regression,0.4893797182512964
108,2024,9,1.0,poisson_regression,0.5479532913341636
108,2024,11,0.0,poisson_regression,0.4948351983022686
108,2024,12,0.0,poisson_regression,0.46524237914127664
109,2023,11,0.0,poisson_regression,0.5932981757669814
109,2023,12,0.0,poisson_regression,0.5791534991517392
109,2024,1,0.0,poisson_regression,0.5592387943015983
109,2024,2,0.0,poisson_regression,0.6042609827470862
109,2024,3,0.0,poisson_regression,0.6799253860677759
109,2024,4,0.0,poisson_regression,0.654687170263414
109,2024,5,0.0,poisson_regression,0.7248891174352102
109,2024,6,0.0,poisson_regression,0.7637296729359236
109,2024,7,0.0,poisson_regression,0.6803689406966273
109,2024,8,0.0,poisson_regression,0.7704458416316974
109,2024,9,2.0,poisson_regression,0.8101324945125001
109,2024,11,0.0,poisson_regression,0.6365662210483373
109,2024,12,0.0,poisson_regression,0.5792948519537805
110,2023,11,1.0,poisson_regression,0.507886647479884
110,2023,12,0.0,poisson_regression,0.5025649193563342
110,2024,1,0.0,poisson_regression,0.5199765845450798
110,2024,2,1.0,poisson_regression,0.5493122958087123
110,2024,3,0.0,poisson_regression,0.5878071563227938
110,2024,4,1.0,poisson_regression,0.5827062933225969
110,2024,5,0.0,poisson_regression,0.5760387508239446
110,2024,6,0.0,poisson_regression,0.6351120793420427
110,2024,7,0.0,poisson_regression,0.5937750734238729
110,2024,8,0.0,poisson_regression,0.5967734950816069
110,2024,9,1.0,poisson_regression,0.5832762061852087
110,2024,11,0.0,poisson_regression,0.5116483147331451
110,2024,12,1.0,poisson_regression,0.47835292638336846
111,2023,11,1.0,poisson_regression,0.41457531000190456
111,2023,12,1.0,poisson_regression,0.4139413874062365
111,2024,1,0.0,poisson_regression,0.4094980528483414
111,2024,2,0.0,poisson_regression,0.42777476808214854
111,2024,3,1.0,poisson_regression,0.43981556918565085
111,2024,4,2.0,poisson_regression,0.4352188811000318
111,2024,5,0.0,poisson_regression,0.4340434918850227
111,2024,6,2.0,poisson_regression,0.4572312197647226
111,2024,7,1.0,poisson_regression,0.4379910803083791
111,2024,8,0.0,poisson_regression,0.453643408077889
111,2024,9,0.0,poisson_regression,0.4626525946584579
111,2024,11,2.0,poisson_regression,0.42250252884975176
111,2024,12,1.0,poisson_regression,0.4057333021863745
112,2023,11,0.0,poisson_regression,0.4695937649721127
112,2023,12,1.0,poisson_regression,0.4554941464915034
112,2024,1,0.0,poisson_regression,0.46026182102856356
112,2024,2,0.0,poisson_regression,0.4693129971049389
112,2024,3,0.0,poisson_regression,0.486349799025514
112,2024,4,0.0,poisson_regression,0.47803418130500025
112,2024,5,0.0,poisson_regression,0.44893722517248213
112,2024,6,0.0,poisson_regression,0.49452079960690154
112,2024,7,0.0,poisson_regression,0.48371745124849136
112,2024,8,2.0,poisson_regression,0.495471241516501
112,2024,9,0.0,poisson_regression,0.49746386736513865
112,2024,11,0.0,poisson_regression,0.4665576417810453
112,2024,12,0.0,poisson_regression,0.4436647529303432
113,2023,11,0.0,poisson_regression,0.37349542763845095
113,2023,12,1.0,poisson_regression,0.382845716829167
113,2024,1,0.0,poisson_regression,0.37515923630840575
113,2024,2,0.0,poisson_regression,0.3864876701899062
113,2024,3,0.0,poisson_regression,0.390585563908455
113,2024,4,0.0,poisson_regression,0.3904187258348662
113,2024,5,0.0,poisson_regression,0.3833237898199793
113,2024,6,0.0,poisson_regression,0.3996010702321768
113,2024,7,0.0,poisson_regression,0.38452733165153025
113,2024,8,0.0,poisson_regression,0.409213935108105
113,2024,9,0.0,poisson_regression,0.40213632238810026
113,2024,11,0.0,poisson_regression,0.38308559627209116
113,2024,12,0.0,poisson_regression,0.3741029238123162
114,2023,11,0.0,poisson_regression,0.3341388874495306
114,2023,12,1.0,poisson_regression,0.3426141465564687
114,2024,1,0.0,poisson_regression,0.3403651599331141
114,2024,2,0.0,poisson_regression,0.3437886532650184
114,2024,3,0.0,poisson_regression,0.3357607185124764
114,2024,4,0.0,poisson_regression,0.34037200173795495
114,2024,5,0.0,poisson_regression,0.3221786823174051
114,2024,6,0.0,poisson_regression,0.33307716124838976
114,2024,7,0.0,poisson_regression,0.32737890618729254
114,2024,8,0.0,poisson_regression,0.33028270430667134
114,2024,9,0.0,poisson_regression,0.3379848423446909
114,2024,11,0.0,poisson_regression,0.3345456610433524
114,2024,12,0.0,poisson_regression,0.3357966090800261
115,2023,11,1.0,poisson_regression,0.46999417618713507
115,2023,12,2.0,poisson_regression,0.4778795265391396
115,2024,1,1.0,poisson_regression,0.4765335203387245
115,2024,2,1.0,poisson_regression,0.4900633041467398
115,2024,3,1.0,poisson_regression,0.5027720072051919
115,2024,4,1.0,poisson_regression,0.502411368545233
115,2024,5,1.0,poisson_regression,0.5186453751172035
115,2024,6,0.0,poisson_regression,0.5605222343375311
115,2024,7,2.0,poisson_regression,0.5200092772750253
115,2024,8,0.0,poisson_regression,0.5682321926964855
115,2024,9,0.0,poisson_regression,0.5483647845304145
115,2024,11,0.0,poisson_regression,0.4867606572999432
115,2024,12,1.0,poisson_regression,0.46797717103059416
116,2023,11,1.0,poisson_regression,0.3985611178822042
116,2023,12,0.0,poisson_regression,0.4021955220100071
116,2024,1,0.0,poisson_regression,0.40223910182117995
116,2024,2,2.0,poisson_regression,0.4004617651551437
116,2024,3,0.0,poisson_regression,0.41109253674006957
116,2024,4,0.0,poisson_regression,0.40867848625779496
116,2024,5,2.0,poisson_regression,0.40464018601121526
116,2024,6,0.0,poisson_regression,0.41103887639190206
116,2024,7,0.0,poisson_regression,0.39884751516895023
116,2024,8,0.0,poisson_regression,0.40553923760686444
116,2024,9,0.0,poisson_regression,0.41639088845717387
116,2024,11,1.0,poisson_regression,0.39384670743734884
116,2024,12,1.0,poisson_regression,0.3845487823380508
117,2023,11,1.0,poisson_regression,0.401202223339067
117,2023,12,0.0,poisson_regression,0.40637288015275613
117,2024,1,0.0,poisson_regression,0.40684993928975527
117,2024,2,2.0,poisson_regression,0.40672539992185786
117,2024,3,0.0,poisson_regression,0.4154478652642938
117,2024,4,0.0,poisson_regression,0.4207409764823914
117,2024,5,2.0,poisson_regression,0.4134575351529213
117,2024,6,0.0,poisson_regression,0.4356843110633622
117,2024,7,0.0,poisson_regression,0.42562129238030966
117,2024,8,0.0,poisson_regression,0.4348833174266828
117,2024,9,0.0,poisson_regression,0.4385995997731304
117,2024,11,1.0,poisson_regression,0.40663730275151044
117,2024,12,1.0,poisson_regression,0.3959396235456461
118,2023,11,3.0,poisson_regression,0.5782392509510984
118,2023,12,0.0,poisson_regression,0.5718197499248091
118,2024,1,1.0,poisson_regression,0.5539333242569838
118,2024,2,1.0,poisson_regression,0.5773728884563278
118,2024,3,0.0,poisson_regression,0.5904385678500191
118,2024,4,1.0,poisson_regression,0.5691876289345652
118,2024,5,2.0,poisson_regression,0.5690159917331922
118,2024,6,2.0,poisson_regression,0.6060593399819976
118,2024,7,1.0,poisson_regression,0.5634087576033991
118,2024,8,0.0,poisson_regression,0.5671324657075716
118,2024,9,0.0,poisson_regression,0.6162688407682606
118,2024,11,4.0,poisson_regression,0.5856875818175338
118,2024,12,1.0,poisson_regression,0.5462363476194936
119,2023,11,3.0,poisson_regression,0.3388282080663943
119,2023,12,0.0,poisson_regression,0.3493609231601572
119,2024,1,1.0,poisson_regression,0.3440807811105502
119,2024,2,1.0,poisson_regression,0.3441492077058972
119,2024,3,0.0,poisson_regression,0.33407369547803634
119,2024,4,1.0,poisson_regression,0.3367712338990008
119,2024,5,2.0,poisson_regression,0.31971114212800766
119,2024,6,2.0,poisson_regression,0.33091758701884033
119,2024,7,1.0,poisson_regression,0.32355660075745885
119,2024,8,0.0,poisson_regression,0.3259086132500967
119,2024,9,0.0,poisson_regression,0.33425705812171413
119,2024,11,4.0,poisson_regression,0.47544156140775135
119,2024,12,1.0,poisson_regression,0.4721311089675937
120,2023,11,0.0,poisson_regression,0.3357418112438037
120,2023,12,2.0,poisson_regression,0.3447322077590232
120,2024,1,1.0,poisson_regression,0.34206653814186705
120,2024,2,0.0,poisson_regression,0.3409312444698913
120,2024,3,0.0,poisson_regression,0.34305522005420447
120,2024,4,0.0,poisson_regression,0.3497832990630949
120,2024,5,1.0,poisson_regression,0.3330812876878207
120,2024,6,0.0,poisson_regression,0.35277621014889454
120,2024,7,0.0,poisson_regression,0.3443317981559241
120,2024,8,0.0,poisson_regression,0.35104181969757753
120,2024,9,1.0,poisson_regression,0.34508618857602513
120,2024,11,0.0,poisson_regression,0.33503656091089395
120,2024,12,1.0,poisson_regression,0.33130716922391135
121,2023,11,0.0,poisson_regression,0.39133448004793564
121,2023,12,2.0,poisson_regression,0.40275582793069986
121,2024,1,1.0,poisson_regression,0.3951966914724166
121,2024,2,0.0,poisson_regression,0.3992489363953191
121,2024,3,0.0,poisson_regression,0.4138884950603583
121,2024,4,0.0,poisson_regression,0.41030908634738206
121,2024,5,1.0,poisson_regression,0.402260790338231
121,2024,6,0.0,poisson_regression,0.4176336566298665
121,2024,7,0.0,poisson_regression,0.39650375195043547
121,2024,8,0.0,poisson_regression,0.4225112122102216
121,2024,9,1.0,poisson_regression,0.41798093098668365
121,2024,11,0.0,poisson_regression,0.40075850593399304
121,2024,12,0.0,poisson_regression,0.37967845131492545
122,2023,11,0.0,poisson_regression,0.6960626931510707
122,2023,12,1.0,poisson_regression,0.6693681558032019
122,2024,1,2.0,poisson_regression,0.6828614487174567
122,2024,2,1.0,poisson_regression,0.6821114341180972
122,2024,3,0.0,poisson_regression,0.7635063783701962
122,2024,4,3.0,poisson_regression,0.720009202541496
122,2024,5,1.0,poisson_regression,0.7958211878800288
122,2024,6,0.0,poisson_regression,0.8479698826268623
122,2024,7,0.0,poisson_regression,0.689165675433104
122,2024,8,0.0,poisson_regression,0.4530642759288308
122,2024,9,0.0,poisson_regression,0.3428169039878762
122,2024,11,4.0,poisson_regression,0.3452674385434177
122,2024,12,2.0,poisson_regression,0.348723093567837
123,2024,11,0.0,poisson_regression,0.41653709146210205
123,2024,12,0.0,poisson_regression,0.4333212003470707
124,2023,11,0.0,poisson_regression,0.33980039044188554
124,2023,12,1.0,poisson_regression,0.31808710524155737
124,2024,1,0.0,poisson_regression,0.3142697872229873
124,2024,2,0.0,poisson_regression,0.3128831687305111
124,2024,3,0.0,poisson_regression,0.304028503324243
124,2024,4,1.0,poisson_regression,0.3066969535650327
124,2024,5,0.0,poisson_regression,0.28511590135581844
124,2024,6,0.0,poisson_regression,0.2994943974527807
124,2024,7,0.0,poisson_regression,0.29373930849958024
124,2024,8,0.0,poisson_regression,0.3099104717969182
124,2024,11,0.0,poisson_regression,0.41612091577721083
124,2024,12,0.0,poisson_regression,0.4328882551159525
125,2023,11,0.0,poisson_regression,0.5840117425193384
125,2023,12,1.0,poisson_regression,0.5807013339350647
125,2024,1,2.0,poisson_regression,0.5850472305125625
125,2024,2,1.0,poisson_regression,0.5943458024360816
125,2024,3,0.0,poisson_regression,0.6398875262332187
125,2024,4,3.0,poisson_regression,0.6136503274366943
125,2024,5,1.0,poisson_regression,0.6378678216824785
125,2024,6,0.0,poisson_regression,0.6824613514242941
125,2024,7,0.0,poisson_regression,0.5936980600050547
125,2024,8,0.0,poisson_regression,0.8755049761759066
125,2024,9,0.0,poisson_regression,1.1174332315578566
125,2024,11,4.0,poisson_regression,0.8591998400472509
125,2024,12,2.0,poisson_regression,0.7436611925486164
126,2023,11,0.0,poisson_regression,0.43157183695586937
126,2023,12,1.0,poisson_regression,0.4366912188247118
126,2024,1,1.0,poisson_regression,0.4451602929359709
126,2024,2,1.0,poisson_regression,0.4455228684878792
126,2024,3,0.0,poisson_regression,0.4615344558663148
126,2024,4,0.0,poisson_regression,0.4555172737335778
126,2024,5,0.0,poisson_regression,0.4468017520185542
126,2024,6,0.0,poisson_regression,0.46927666583222927
126,2024,7,1.0,poisson_regression,0.4581098350355795
126,2024,8,0.0,poisson_regression,0.4728452494376266
126,2024,9,1.0,poisson_regression,0.4754859044995355
126,2024,11,1.0,poisson_regression,0.4654071553444555
126,2024,12,0.0,poisson_regression,0.42349296989907226
127,2023,11,1.0,poisson_regression,0.4465753553841235
127,2023,12,1.0,poisson_regression,0.4420020241800779
127,2024,1,0.0,poisson_regression,0.44043931826909555
127,2024,2,0.0,poisson_regression,0.45333713558918004
127,2024,3,0.0,poisson_regression,0.4660297214219753
127,2024,4,2.0,poisson_regression,0.4555540365711863
127,2024,5,0.0,poisson_regression,0.44452947410963034
127,2024,6,1.0,poisson_regression,0.4728391764370324
127,2024,7,0.0,poisson_regression,0.46521156567259464
127,2024,8,2.0,poisson_regression,0.47027699068657935
127,2024,9,0.0,poisson_regression,0.4787025252515664
127,2024,11,0.0,poisson_regression,0.450633240371484
127,2024,12,0.0,poisson_regression,0.42265039503159185
128,2023,11,0.0,poisson_regression,0.38980864936571263
128,2023,12,0.0,poisson_regression,0.3997132457166733
128,2024,1,0.0,poisson_regression,0.39680971871983617
128,2024,2,0.0,poisson_regression,0.3948184867854266
128,2024,3,0.0,poisson_regression,0.39607137358684996
128,2024,4,0.0,poisson_regression,0.39755577598986
128,2024,5,0.0,poisson_regression,0.3845754783550114
128,2024,6,1.0,poisson_regression,0.39981556150868464
128,2024,7,0.0,poisson_regression,0.38400505486255776
128,2024,8,0.0,poisson_regression,0.4040413793282791
128,2024,9,0.0,poisson_regression,0.4008152654515583
128,2024,11,1.0,poisson_regression,0.3926111388734954
128,2024,12,2.0,poisson_regression,0.3869289972937058
129,2023,11,0.0,poisson_regression,0.38422953203612564
129,2023,12,0.0,poisson_regression,0.39191759997864867
129,2024,1,0.0,poisson_regression,0.3898200075400223
129,2024,2,0.0,poisson_regression,0.38729356774108137
129,2024,3,0.0,poisson_regression,0.38910193143614774
129,2024,4,0.0,poisson_regression,0.3919411099654171
129,2024,5,0.0,poisson_regression,0.3788964331017233
129,2024,6,1.0,poisson_regression,0.39034512017395917
129,2024,7,0.0,poisson_regression,0.3791344033449303
129,2024,8,0.0,poisson_regression,0.4254016498219811
129,2024,9,0.0,poisson_regression,0.3925242394464155
129,2024,11,1.0,poisson_regression,0.3864534413583969
129,2024,12,2.0,poisson_regression,0.3819230414316541
131,2023,11,0.0,poisson_regression,0.3724479998734196
131,2023,12,0.0,poisson_regression,0.38231004407124336
131,2024,1,0.0,poisson_regression,0.3736633250597255
131,2024,2,0.0,poisson_regression,0.38633446718004655
131,2024,3,0.0,poisson_regression,0.39045214462389993
131,2024,4,0.0,poisson_regression,0.40350572399245205
131,2024,5,0.0,poisson_regression,0.3977171176535834
131,2024,6,1.0,poisson_regression,0.41721225993859035
131,2024,7,0.0,poisson_regression,0.4077992050828584
131,2024,8,0.0,poisson_regression,0.4294372042917683
131,2024,9,0.0,poisson_regression,0.4087620023850487
131,2024,11,0.0,poisson_regression,0.38162549117506234
131,2024,12,0.0,poisson_regression,0.36877846263912445
132,2023,11,0.0,poisson_regression,0.3590147211483903
132,2023,12,0.0,poisson_regression,0.36229951067807653
132,2024,1,0.0,poisson_regression,0.3636567825432208
132,2024,2,0.0,poisson_regression,0.36347236155140755
132,2024,3,0.0,poisson_regression,0.366876051691213
132,2024,4,0.0,poisson_regression,0.3704038782543142
132,2024,5,0.0,poisson_regression,0.3476680395490184
132,2024,6,0.0,poisson_regression,0.372854277456714
132,2024,7,0.0,poisson_regression,0.36419818329779996
132,2024,8,0.0,poisson_regression,0.37239120085293137
132,2024,9,0.0,poisson_regression,0.3707375688577407
132,2024,11,0.0,poisson_regression,0.3617671682609646
132,2024,12,0.0,poisson_regression,0.35695576991602046
133,2023,11,0.0,poisson_regression,0.3484089998547876
133,2023,12,0.0,poisson_regression,0.3478977332499075
133,2024,1,0.0,poisson_regression,0.3507195532985119
133,2024,2,0.0,poisson_regression,0.34964191656520793
133,2024,3,0.0,poisson_regression,0.3494561759821553
133,2024,4,0.0,poisson_regression,0.3513763435404248
133,2024,5,0.0,poisson_regression,0.33091069289565267
133,2024,6,0.0,poisson_regression,0.35597378175644134
133,2024,7,0.0,poisson_regression,0.34706489914920763
133,2024,8,0.0,poisson_regression,0.35124081182079664
133,2024,9,0.0,poisson_regression,0.3533606074698477
133,2024,11,0.0,poisson_regression,0.3471692798179163
133,2024,12,0.0,poisson_regression,0.34805741579633703
134,2023,11,0.0,poisson_regression,0.43061556599898554
134,2023,12,0.0,poisson_regression,0.43239136787489724
134,2024,1,0.0,poisson_regression,0.43736319425571274
134,2024,2,0.0,poisson_regression,0.4352899608007078
134,2024,3,0.0,poisson_regression,0.4482066659656429
134,2024,4,0.0,poisson_regression,0.44820231932007876
134,2024,5,0.0,poisson_regression,0.42457571216385714
134,2024,6,0.0,poisson_regression,0.4674373627189491
134,2024,7,0.0,poisson_regression,0.43910312917095323
134,2024,8,0.0,poisson_regression,0.45814652838277
134,2024,9,0.0,poisson_regression,0.46747919923950826
134,2024,11,1.0,poisson_regression,0.44106399274442254
134,2024,12,0.0,poisson_regression,0.43562704415825915
135,2023,11,0.0,poisson_regression,0.4028149414149866
135,2023,12,0.0,poisson_regression,0.4029210855210426
135,2024,1,0.0,poisson_regression,0.4073634895997787
135,2024,2,0.0,poisson_regression,0.40405952865678485
135,2024,3,0.0,poisson_regression,0.40957183599936575
135,2024,4,0.0,poisson_regression,0.4096414629284614
135,2024,5,0.0,poisson_regression,0.38955469627329553
135,2024,6,0.0,poisson_regression,0.4252216922291448
135,2024,7,0.0,poisson_regression,0.40647605841364864
135,2024,8,0.0,poisson_regression,0.4184884154332874
135,2024,9,0.0,poisson_regression,0.4215185182105447
135,2024,11,0.0,poisson_regression,0.4073035948299729
135,2024,12,0.0,poisson_regression,0.4046788920118797
136,2023,11,1.0,poisson_regression,0.4048702998235699
136,2023,12,0.0,poisson_regression,0.3993362510406586
136,2024,1,0.0,poisson_regression,0.4069771402041237
136,2024,2,1.0,poisson_regression,0.4190310324706099
136,2024,3,0.0,poisson_regression,0.41142708017472673
136,2024,4,0.0,poisson_regression,0.3895392785789621
136,2024,5,0.0,poisson_regression,0.3827635111730109
136,2024,6,0.0,poisson_regression,0.412792821980383
136,2024,7,0.0,poisson_regression,0.3808018725859852
136,2024,8,0.0,poisson_regression,0.3931770681921032
136,2024,9,2.0,poisson_regression,0.4263395611236565
136,2024,11,0.0,poisson_regression,0.3994213996345931
136,2024,12,1.0,poisson_regression,0.36911892428192705
137,2023,11,0.0,poisson_regression,0.6450502469235097
137,2023,12,2.0,poisson_regression,0.6266020484186697
137,2024,1,1.0,poisson_regression,0.6089728948136628
137,2024,2,1.0,poisson_regression,0.6641559413240392
137,2024,3,0.0,poisson_regression,0.7936396518710681
137,2024,4,1.0,poisson_regression,0.7225922764790788
137,2024,5,1.0,poisson_regression,0.77176189989445
137,2024,6,0.0,poisson_regression,0.8399592159518449
137,2024,7,0.0,poisson_regression,0.8365949351738783
137,2024,8,0.0,poisson_regression,1.3982880930301838
137,2024,9,2.0,poisson_regression,1.0826655499074793
137,2024,11,3.0,poisson_regression,0.7252489581028032
137,2024,12,1.0,poisson_regression,0.6723876468356823
138,2023,11,1.0,poisson_regression,0.5811641984402892
138,2023,12,2.0,poisson_regression,0.5699475965822115
138,2024,1,1.0,poisson_regression,0.5593915518566224
138,2024,2,1.0,poisson_regression,0.5919727174631083
138,2024,3,1.0,poisson_regression,0.6696406324078765
138,2024,4,1.0,poisson_regression,0.6209724238724925
138,2024,5,1.0,poisson_regression,0.6374624414170533
138,2024,6,0.0,poisson_regression,0.7033790324547651
138,2024,7,0.0,poisson_regression,0.6653677412381284
138,2024,8,0.0,poisson_regression,0.8360703388876415
138,2024,9,1.0,poisson_regression,0.8182140291161389
138,2024,11,3.0,poisson_regression,0.6254485149623601
138,2024,12,1.0,poisson_regression,0.5779061966317455
139,2023,11,0.0,poisson_regression,0.3720012477362349
139,2023,12,0.0,poisson_regression,0.37510300511172556
139,2024,1,0.0,poisson_regression,0.35256749693398115
139,2024,2,0.0,poisson_regression,0.3699078261435666
139,2024,3,0.0,poisson_regression,0.4090631869701625
139,2024,4,0.0,poisson_regression,0.41391393795191395
139,2024,5,1.0,poisson_regression,0.4023187335502459
139,2024,6,0.0,poisson_regression,0.4318770357601648
139,2024,7,1.0,poisson_regression,0.46752782439817636
139,2024,8,0.0,poisson_regression,0.4795949954292524
139,2024,9,0.0,poisson_regression,0.4438901157771814
139,2024,11,0.0,poisson_regression,0.38871987807349717
139,2024,12,0.0,poisson_regression,0.37414507498120864
140,2023,11,1.0,poisson_regression,0.6194488222229398
140,2023,12,0.0,poisson_regression,0.6302331135840159
140,2024,1,2.0,poisson_regression,0.577374458017947
140,2024,2,0.0,poisson_regression,0.6262251774342485
140,2024,3,1.0,poisson_regression,0.7063410394880626
140,2024,4,0.0,poisson_regression,0.6385915188834352
140,2024,5,3.0,poisson_regression,0.6840383068191046
140,2024,6,0.0,poisson_regression,0.7540901968969487
140,2024,7,3.0,poisson_regression,1.2967329528997282
140,2024,8,0.0,poisson_regression,0.8364012635010357
140,2024,9,4.0,poisson_regression,0.9023682562025794
140,2024,11,1.0,poisson_regression,0.6950685298557239
140,2024,12,2.0,poisson_regression,0.6352830819248614
142,2023,11,0.0,poisson_regression,0.49349597028124326
143,2023,12,1.0,poisson_regression,1.4876013830340993
143,2024,1,2.0,poisson_regression,1.3235928469628118
143,2024,2,2.0,poisson_regression,1.5505694451721488
143,2024,3,1.0,poisson_regression,1.9426879980413898
143,2024,4,1.0,poisson_regression,1.6553729614358896
143,2024,5,2.0,poisson_regression,2.158030341500351
143,2024,6,0.0,poisson_regression,2.2238621492119792
143,2024,7,0.0,poisson_regression,1.6846274596396211
143,2024,8,0.0,poisson_regression,1.9526054262656536
143,2024,9,6.0,poisson_regression,2.4915740332915752
143,2024,11,3.0,poisson_regression,1.91265177375438
143,2024,12,1.0,poisson_regression,1.6228253844714267
144,2024,1,1.0,poisson_regression,0.46044896428316434
1,2023,11,1.0,random_forest_regressor,0.4702222222222224
1,2023,12,1.0,random_forest_regressor,0.43330952380952376
1,2024,1,0.0,random_forest_regressor,0.40829629629629643
1,2024,2,0.0,random_forest_regressor,0.47608730158730156
1,2024,3,0.0,random_forest_regressor,0.5135714285714286
1,2024,4,1.0,random_forest_regressor,0.5926269841269842
1,2024,5,1.0,random_forest_regressor,0.5056706349206348
1,2024,6,0.0,random_forest_regressor,0.34064285714285714
1,2024,7,0.0,random_forest_regressor,0.45873544973544966
1,2024,8,1.0,random_forest_regressor,0.4579259259259259
1,2024,9,0.0,random_forest_regressor,0.42619444444444443
1,2024,11,0.0,random_forest_regressor,0.5577407407407406
1,2024,12,0.0,random_forest_regressor,0.3518888888888889
2,2023,11,2.0,random_forest_regressor,0.8265238095238097
2,2023,12,0.0,random_forest_regressor,0.9209047619047617
2,2024,1,0.0,random_forest_regressor,0.9341031746031748
2,2024,2,0.0,random_forest_regressor,1.022412698412698
2,2024,3,2.0,random_forest_regressor,1.2324735449735453
2,2024,4,0.0,random_forest_regressor,0.9362275132275134
2,2024,5,1.0,random_forest_regressor,0.6659444444444444
2,2024,6,0.0,random_forest_regressor,0.7420555555555554
2,2024,7,0.0,random_forest_regressor,0.8075370370370369
2,2024,8,0.0,random_forest_regressor,0.746952380952381
2,2024,9,0.0,random_forest_regressor,0.6787380952380948
2,2024,11,0.0,random_forest_regressor,0.9174444444444447
2,2024,12,0.0,random_forest_regressor,0.733904761904762
3,2023,11,2.0,random_forest_regressor,0.9973452380952382
3,2023,12,0.0,random_forest_regressor,0.7736957671957673
3,2024,1,0.0,random_forest_regressor,0.9438650793650794
3,2024,2,0.0,random_forest_regressor,1.1248055555555556
3,2024,3,2.0,random_forest_regressor,0.9828611111111112
3,2024,4,0.0,random_forest_regressor,1.0345079365079366
3,2024,5,1.0,random_forest_regressor,0.6794047619047617
3,2024,6,0.0,random_forest_regressor,0.6750873015873016
3,2024,7,0.0,random_forest_regressor,1.0305079365079364
3,2024,8,0.0,random_forest_regressor,1.2478015873015873
3,2024,9,0.0,random_forest_regressor,1.5268293650793645
3,2024,11,0.0,random_forest_regressor,0.8940158730158729
3,2024,12,0.0,random_forest_regressor,1.0547539682539682
4,2023,11,2.0,random_forest_regressor,0.32727777777777783
4,2023,12,0.0,random_forest_regressor,0.32561111111111113
4,2024,1,0.0,random_forest_regressor,0.3484444444444445
4,2024,2,0.0,random_forest_regressor,0.3821746031746032
4,2024,3,1.0,random_forest_regressor,0.6645079365079365
4,2024,4,0.0,random_forest_regressor,0.5372023809523809
4,2024,5,0.0,random_forest_regressor,0.5138333333333333
4,2024,6,1.0,random_forest_regressor,0.46399999999999986
4,2024,7,0.0,random_forest_regressor,0.4008333333333334
4,2024,8,0.0,random_forest_regressor,0.3563333333333333
4,2024,9,0.0,random_forest_regressor,0.4467222222222222
4,2024,11,1.0,random_forest_regressor,0.5137222222222223
4,2024,12,0.0,random_forest_regressor,0.2953968253968254
5,2023,11,2.0,random_forest_regressor,0.3289444444444445
5,2023,12,0.0,random_forest_regressor,0.33283333333333337
5,2024,1,0.0,random_forest_regressor,0.36427777777777776
5,2024,2,0.0,random_forest_regressor,0.37250793650793657
5,2024,3,1.0,random_forest_regressor,0.5165436507936508
5,2024,4,0.0,random_forest_regressor,0.5077301587301587
5,2024,5,0.0,random_forest_regressor,0.45455555555555566
5,2024,6,1.0,random_forest_regressor,0.4260714285714287
5,2024,7,0.0,random_forest_regressor,0.43411111111111106
5,2024,8,0.0,random_forest_regressor,0.28233333333333327
5,2024,9,0.0,random_forest_regressor,0.3763888888888889
5,2024,11,1.0,random_forest_regressor,0.531
5,2024,12,0.0,random_forest_regressor,0.3191468253968254
6,2023,11,0.0,random_forest_regressor,0.9640634920634916
6,2023,12,1.0,random_forest_regressor,0.8280357142857142
6,2024,1,1.0,random_forest_regressor,1.059436507936508
6,2024,2,0.0,random_forest_regressor,0.7024841269841269
6,2024,3,1.0,random_forest_regressor,0.6546507936507937
6,2024,4,0.0,random_forest_regressor,0.5829484126984126
6,2024,5,2.0,random_forest_regressor,0.6576309523809524
6,2024,6,1.0,random_forest_regressor,0.5718373015873016
6,2024,7,3.0,random_forest_regressor,0.6272103174603176
6,2024,8,0.0,random_forest_regressor,0.5960793650793651
6,2024,9,1.0,random_forest_regressor,0.41777777777777786
6,2024,11,2.0,random_forest_regressor,0.662190476190476
6,2024,12,2.0,random_forest_regressor,0.6228888888888888
7,2023,11,0.0,random_forest_regressor,0.8495357142857141
7,2023,12,1.0,random_forest_regressor,0.6251944444444443
7,2024,1,1.0,random_forest_regressor,0.6339444444444443
7,2024,2,0.0,random_forest_regressor,1.017420634920635
7,2024,3,1.0,random_forest_regressor,0.7174801587301588
7,2024,4,0.0,random_forest_regressor,0.7198743386243385
7,2024,5,2.0,random_forest_regressor,0.5447420634920634
7,2024,6,1.0,random_forest_regressor,0.525484126984127
7,2024,7,3.0,random_forest_regressor,0.5897301587301588
7,2024,8,0.0,random_forest_regressor,0.41357142857142853
7,2024,9,1.0,random_forest_regressor,0.39465079365079364
7,2024,11,2.0,random_forest_regressor,0.5780515873015873
7,2024,12,2.0,random_forest_regressor,0.6206230158730157
8,2023,11,1.0,random_forest_regressor,0.25427380952380946
8,2023,12,0.0,random_forest_regressor,0.28675396825396826
8,2024,1,0.0,random_forest_regressor,0.5359285714285712
8,2024,2,0.0,random_forest_regressor,0.3453769841269842
8,2024,3,0.0,random_forest_regressor,0.41621031746031745
8,2024,4,1.0,random_forest_regressor,0.3470396825396825
8,2024,5,0.0,random_forest_regressor,0.26968253968253963
8,2024,6,1.0,random_forest_regressor,0.23384920634920633
8,2024,7,0.0,random_forest_regressor,0.3058253968253969
8,2024,8,0.0,random_forest_regressor,0.26805555555555555
8,2024,9,0.0,random_forest_regressor,0.1940555555555556
8,2024,11,0.0,random_forest_regressor,0.3642817460317461
8,2024,12,0.0,random_forest_regressor,0.29506349206349214
9,2023,11,0.0,random_forest_regressor,0.4046904761904761
9,2023,12,0.0,random_forest_regressor,0.4995899470899472
9,2024,1,0.0,random_forest_regressor,0.5351825396825395
9,2024,2,2.0,random_forest_regressor,0.5225793650793651
9,2024,3,0.0,random_forest_regressor,0.3658650793650793
9,2024,4,1.0,random_forest_regressor,0.38500793650793647
9,2024,5,0.0,random_forest_regressor,0.4296984126984128
9,2024,6,0.0,random_forest_regressor,0.5131666666666668
9,2024,7,0.0,random_forest_regressor,0.3579206349206349
9,2024,8,0.0,random_forest_regressor,0.3946626984126983
9,2024,9,0.0,random_forest_regressor,0.47555555555555545
9,2024,11,0.0,random_forest_regressor,0.5605714285714287
9,2024,12,0.0,random_forest_regressor,0.47768253968253976
10,2023,11,1.0,random_forest_regressor,0.39475000000000016
10,2023,12,1.0,random_forest_regressor,0.5554920634920635
10,2024,1,0.0,random_forest_regressor,0.779452380952381
10,2024,2,0.0,random_forest_regressor,0.37795238095238093
10,2024,3,0.0,random_forest_regressor,0.2301111111111111
10,2024,4,0.0,random_forest_regressor,0.28952777777777783
10,2024,5,0.0,random_forest_regressor,0.29233333333333333
10,2024,6,0.0,random_forest_regressor,0.3486666666666667
10,2024,7,1.0,random_forest_regressor,0.3798333333333333
10,2024,8,0.0,random_forest_regressor,0.36344444444444446
10,2024,9,0.0,random_forest_regressor,0.27372222222222226
10,2024,11,0.0,random_forest_regressor,0.34839682539682537
10,2024,12,1.0,random_forest_regressor,0.39723015873015877
11,2023,11,1.0,random_forest_regressor,0.23549999999999996
11,2023,12,1.0,random_forest_regressor,0.43303571428571425
11,2024,1,1.0,random_forest_regressor,0.7159801587301585
11,2024,2,0.0,random_forest_regressor,0.3493968253968255
11,2024,3,1.0,random_forest_regressor,0.21699999999999997
11,2024,4,0.0,random_forest_regressor,0.19894444444444448
11,2024,5,0.0,random_forest_regressor,0.2165
11,2024,6,0.0,random_forest_regressor,0.28758730158730156
11,2024,7,1.0,random_forest_regressor,0.34975396825396826
11,2024,8,0.0,random_forest_regressor,0.3933928571428571
11,2024,9,0.0,random_forest_regressor,0.35658730158730156
11,2024,11,0.0,random_forest_regressor,0.24588888888888888
11,2024,12,1.0,random_forest_regressor,0.3546190476190476
12,2024,8,0.0,random_forest_regressor,0.8770529100529103
12,2024,9,3.0,random_forest_regressor,0.9584841269841272
12,2024,11,1.0,random_forest_regressor,1.1034682539682537
12,2024,12,0.0,random_forest_regressor,1.1482857142857141
13,2023,11,3.0,random_forest_regressor,0.4578888888888889
13,2023,12,1.0,random_forest_regressor,0.5675833333333332
13,2024,1,0.0,random_forest_regressor,0.7060899470899468
13,2024,2,0.0,random_forest_regressor,0.6707142857142858
13,2024,3,1.0,random_forest_regressor,0.8535
13,2024,4,1.0,random_forest_regressor,0.47627777777777786
13,2024,5,0.0,random_forest_regressor,0.697654761904762
13,2024,6,1.0,random_forest_regressor,0.57455291005291
13,2024,7,0.0,random_forest_regressor,0.525537037037037
13,2024,8,0.0,random_forest_regressor,0.743468253968254
13,2024,9,0.0,random_forest_regressor,0.6240555555555555
13,2024,11,1.0,random_forest_regressor,0.8491944444444445
13,2024,12,0.0,random_forest_regressor,0.45080158730158737
14,2023,11,0.0,random_forest_regressor,0.4518174603174603
14,2023,12,1.0,random_forest_regressor,0.47978174603174606
14,2024,1,0.0,random_forest_regressor,0.5021746031746033
14,2024,2,0.0,random_forest_regressor,0.4178214285714285
14,2024,3,1.0,random_forest_regressor,0.48656349206349214
14,2024,4,1.0,random_forest_regressor,0.5539404761904761
14,2024,5,1.0,random_forest_regressor,0.4902142857142857
14,2024,6,0.0,random_forest_regressor,0.4657380952380953
14,2024,7,2.0,random_forest_regressor,0.4491931216931217
14,2024,8,0.0,random_forest_regressor,0.5872301587301588
14,2024,9,0.0,random_forest_regressor,0.5983015873015876
14,2024,11,0.0,random_forest_regressor,0.6563968253968254
14,2024,12,2.0,random_forest_regressor,0.37099603174603174
15,2023,11,0.0,random_forest_regressor,0.593515873015873
15,2023,12,0.0,random_forest_regressor,1.3527976190476194
15,2024,1,2.0,random_forest_regressor,1.9486547619047618
15,2024,2,2.0,random_forest_regressor,0.7324007936507936
15,2024,3,0.0,random_forest_regressor,0.8366904761904763
15,2024,4,1.0,random_forest_regressor,0.9291111111111108
15,2024,5,3.0,random_forest_regressor,1.3631309523809523
15,2024,6,0.0,random_forest_regressor,1.643103174603175
15,2024,7,1.0,random_forest_regressor,1.3068134920634924
15,2024,8,3.0,random_forest_regressor,1.32589417989418
15,2024,9,2.0,random_forest_regressor,1.1576759259259255
15,2024,11,0.0,random_forest_regressor,0.845325396825397
15,2024,12,2.0,random_forest_regressor,1.3005039682539685
16,2023,11,4.0,random_forest_regressor,1.7502142857142853
16,2023,12,1.0,random_forest_regressor,1.2629365079365076
16,2024,1,1.0,random_forest_regressor,1.2107777777777777
16,2024,2,1.0,random_forest_regressor,1.8352857142857146
16,2024,3,2.0,random_forest_regressor,1.3800793650793646
16,2024,4,6.0,random_forest_regressor,1.957730158730158
16,2024,5,3.0,random_forest_regressor,1.5019682539682528
16,2024,6,2.0,random_forest_regressor,1.1772380952380948
16,2024,7,1.0,random_forest_regressor,1.3997460317460313
16,2024,8,2.0,random_forest_regressor,1.1479126984126986
16,2024,9,2.0,random_forest_regressor,1.3758015873015867
16,2024,11,1.0,random_forest_regressor,1.1706269841269836
16,2024,12,2.0,random_forest_regressor,1.462869047619047
17,2023,11,4.0,random_forest_regressor,1.2923730158730158
17,2023,12,1.0,random_forest_regressor,1.1825436507936509
17,2024,1,1.0,random_forest_regressor,0.8885317460317462
17,2024,2,1.0,random_forest_regressor,1.7392420634920636
17,2024,3,2.0,random_forest_regressor,1.655652116402116
17,2024,4,6.0,random_forest_regressor,1.6352976190476183
17,2024,5,3.0,random_forest_regressor,1.180583333333333
17,2024,6,2.0,random_forest_regressor,0.810952380952381
17,2024,7,1.0,random_forest_regressor,1.174956349206349
17,2024,8,2.0,random_forest_regressor,1.035420634920635
17,2024,9,2.0,random_forest_regressor,1.213265873015873
17,2024,11,1.0,random_forest_regressor,1.3128095238095236
17,2024,12,2.0,random_forest_regressor,1.1997658730158733
18,2023,11,0.0,random_forest_regressor,0.4804682539682539
18,2023,12,0.0,random_forest_regressor,1.1026587301587298
18,2024,1,2.0,random_forest_regressor,1.5853809523809521
18,2024,2,2.0,random_forest_regressor,0.8150119047619049
18,2024,3,0.0,random_forest_regressor,0.7876111111111109
18,2024,4,1.0,random_forest_regressor,0.8831666666666664
18,2024,5,3.0,random_forest_regressor,1.4170277777777776
18,2024,6,0.0,random_forest_regressor,1.7037791005291008
18,2024,7,1.0,random_forest_regressor,1.1592711640211644
18,2024,8,3.0,random_forest_regressor,1.1200727513227513
18,2024,9,2.0,random_forest_regressor,1.0716825396825393
18,2024,11,0.0,random_forest_regressor,0.8504523809523812
18,2024,12,2.0,random_forest_regressor,1.160420634920635
19,2023,11,1.0,random_forest_regressor,0.2547222222222222
19,2023,12,1.0,random_forest_regressor,0.3739206349206349
19,2024,1,0.0,random_forest_regressor,0.5904285714285712
19,2024,2,0.0,random_forest_regressor,0.36361111111111116
19,2024,3,1.0,random_forest_regressor,0.26899999999999996
19,2024,4,0.0,random_forest_regressor,0.22572222222222227
19,2024,5,0.0,random_forest_regressor,0.2612777777777779
19,2024,6,0.0,random_forest_regressor,0.4781190476190475
19,2024,7,1.0,random_forest_regressor,0.3736481481481481
19,2024,8,0.0,random_forest_regressor,0.5107777777777778
19,2024,9,0.0,random_forest_regressor,0.4245
19,2024,11,0.0,random_forest_regressor,0.24766666666666665
19,2024,12,1.0,random_forest_regressor,0.38555555555555554
20,2023,11,0.0,random_forest_regressor,0.3803015873015873
20,2023,12,1.0,random_forest_regressor,0.5739007936507936
20,2024,1,0.0,random_forest_regressor,0.6406825396825396
20,2024,2,0.0,random_forest_regressor,0.44792460317460314
20,2024,3,0.0,random_forest_regressor,0.39834126984126983
20,2024,4,0.0,random_forest_regressor,0.4109166666666667
20,2024,5,0.0,random_forest_regressor,0.8391825396825395
20,2024,6,0.0,random_forest_regressor,0.5016111111111112
20,2024,7,0.0,random_forest_regressor,0.3925436507936507
20,2024,8,0.0,random_forest_regressor,0.5980793650793653
20,2024,9,0.0,random_forest_regressor,0.40495238095238095
20,2024,11,0.0,random_forest_regressor,0.37364814814814806
20,2024,12,0.0,random_forest_regressor,0.35613888888888895
21,2023,11,0.0,random_forest_regressor,0.3337619047619047
21,2023,12,0.0,random_forest_regressor,0.4398809523809525
21,2024,1,0.0,random_forest_regressor,0.40961111111111115
21,2024,2,0.0,random_forest_regressor,0.42917460317460326
21,2024,3,0.0,random_forest_regressor,0.27914285714285714
21,2024,4,0.0,random_forest_regressor,0.32591269841269843
21,2024,5,0.0,random_forest_regressor,0.5745714285714284
21,2024,6,0.0,random_forest_regressor,0.4125555555555556
21,2024,7,0.0,random_forest_regressor,0.43555555555555564
21,2024,8,0.0,random_forest_regressor,0.3862777777777778
21,2024,9,1.0,random_forest_regressor,0.37522222222222223
21,2024,11,0.0,random_forest_regressor,0.38509523809523816
21,2024,12,0.0,random_forest_regressor,0.2411388888888889
22,2023,11,1.0,random_forest_regressor,0.5908333333333332
22,2023,12,1.0,random_forest_regressor,0.4907857142857142
22,2024,1,4.0,random_forest_regressor,0.47836111111111107
22,2024,2,0.0,random_forest_regressor,0.5740079365079366
22,2024,3,1.0,random_forest_regressor,0.43883333333333335
22,2024,4,1.0,random_forest_regressor,0.73625
22,2024,5,1.0,random_forest_regressor,0.6388915343915341
22,2024,6,1.0,random_forest_regressor,0.3078571428571429
22,2024,7,0.0,random_forest_regressor,0.44230687830687826
22,2024,8,1.0,random_forest_regressor,0.2730925925925926
22,2024,9,0.0,random_forest_regressor,0.4379603174603175
22,2024,11,1.0,random_forest_regressor,0.5937619047619048
22,2024,12,1.0,random_forest_regressor,0.3963888888888889
23,2023,11,1.0,random_forest_regressor,0.690972222222222
23,2023,12,1.0,random_forest_regressor,0.7336269841269841
23,2024,1,2.0,random_forest_regressor,0.7976388888888887
23,2024,2,1.0,random_forest_regressor,0.7650198412698413
23,2024,3,1.0,random_forest_regressor,0.6909880952380952
23,2024,4,1.0,random_forest_regressor,0.710607142857143
23,2024,5,1.0,random_forest_regressor,0.8131825396825395
23,2024,6,3.0,random_forest_regressor,0.4430873015873016
23,2024,7,0.0,random_forest_regressor,0.47629100529100526
23,2024,8,0.0,random_forest_regressor,0.5380291005291005
23,2024,9,1.0,random_forest_regressor,0.5472539682539682
23,2024,11,2.0,random_forest_regressor,0.5546111111111114
23,2024,12,1.0,random_forest_regressor,0.6266944444444444
24,2023,11,1.0,random_forest_regressor,0.6355555555555557
24,2023,12,1.0,random_forest_regressor,0.6498968253968253
24,2024,1,3.0,random_forest_regressor,0.6621666666666665
24,2024,2,0.0,random_forest_regressor,0.7056190476190474
24,2024,3,1.0,random_forest_regressor,0.5010079365079364
24,2024,4,1.0,random_forest_regressor,0.7395555555555555
24,2024,5,1.0,random_forest_regressor,0.7031825396825396
24,2024,6,3.0,random_forest_regressor,0.3321111111111111
24,2024,7,0.0,random_forest_regressor,0.5252936507936509
24,2024,8,0.0,random_forest_regressor,0.5113333333333333
24,2024,9,1.0,random_forest_regressor,0.37433333333333335
24,2024,11,2.0,random_forest_regressor,0.5400634920634921
24,2024,12,1.0,random_forest_regressor,0.49322222222222223
25,2023,11,3.0,random_forest_regressor,0.5573333333333333
25,2023,12,0.0,random_forest_regressor,0.5122539682539683
25,2024,1,2.0,random_forest_regressor,0.586095238095238
25,2024,2,2.0,random_forest_regressor,0.628563492063492
25,2024,3,0.0,random_forest_regressor,0.5712857142857143
25,2024,4,1.0,random_forest_regressor,0.6092380952380954
25,2024,5,2.0,random_forest_regressor,0.6730396825396826
25,2024,6,2.0,random_forest_regressor,0.3453968253968254
25,2024,7,0.0,random_forest_regressor,0.7707857142857141
25,2024,8,1.0,random_forest_regressor,0.6310277777777779
25,2024,9,3.0,random_forest_regressor,0.8598888888888886
25,2024,11,2.0,random_forest_regressor,0.7092301587301588
25,2024,12,0.0,random_forest_regressor,0.32634126984126977
26,2023,11,0.0,random_forest_regressor,0.6182857142857142
26,2023,12,1.0,random_forest_regressor,0.6863333333333334
26,2024,1,1.0,random_forest_regressor,0.48423809523809525
26,2024,2,0.0,random_forest_regressor,0.5709444444444445
26,2024,3,0.0,random_forest_regressor,0.30083333333333334
26,2024,4,0.0,random_forest_regressor,0.48257936507936505
26,2024,5,0.0,random_forest_regressor,0.5633849206349204
26,2024,6,1.0,random_forest_regressor,0.4500555555555555
26,2024,7,0.0,random_forest_regressor,0.33908730158730166
26,2024,8,0.0,random_forest_regressor,0.36400000000000005
26,2024,9,1.0,random_forest_regressor,0.5582499999999999
26,2024,11,2.0,random_forest_regressor,0.5156666666666666
26,2024,12,0.0,random_forest_regressor,0.46178571428571435
27,2023,11,1.0,random_forest_regressor,0.6322619047619047
27,2023,12,1.0,random_forest_regressor,0.8139841269841267
27,2024,1,1.0,random_forest_regressor,0.8161309523809525
27,2024,2,0.0,random_forest_regressor,0.6410396825396824
27,2024,3,0.0,random_forest_regressor,0.4414444444444445
27,2024,4,0.0,random_forest_regressor,0.5191666666666667
27,2024,5,1.0,random_forest_regressor,0.5481388888888888
27,2024,6,0.0,random_forest_regressor,0.3362460317460318
27,2024,7,0.0,random_forest_regressor,0.3701746031746032
27,2024,8,0.0,random_forest_regressor,0.5899166666666666
27,2024,9,2.0,random_forest_regressor,0.29403174603174603
27,2024,11,0.0,random_forest_regressor,0.45389682539682535
27,2024,12,0.0,random_forest_regressor,0.545111111111111
28,2023,11,0.0,random_forest_regressor,0.20563888888888884
28,2023,12,0.0,random_forest_regressor,0.3466984126984128
28,2024,1,0.0,random_forest_regressor,0.3362142857142859
28,2024,2,0.0,random_forest_regressor,0.2557539682539683
28,2024,3,0.0,random_forest_regressor,0.18899999999999997
28,2024,4,0.0,random_forest_regressor,0.3624126984126984
28,2024,5,0.0,random_forest_regressor,0.3069365079365079
28,2024,6,0.0,random_forest_regressor,0.17144444444444445
28,2024,7,0.0,random_forest_regressor,0.1466111111111111
28,2024,8,1.0,random_forest_regressor,0.18427777777777776
28,2024,9,0.0,random_forest_regressor,0.13534126984126985
28,2024,11,0.0,random_forest_regressor,0.1511111111111111
28,2024,12,1.0,random_forest_regressor,0.3124642857142857
29,2023,11,0.0,random_forest_regressor,0.3638650793650793
29,2023,12,0.0,random_forest_regressor,0.4702341269841272
29,2024,1,0.0,random_forest_regressor,0.4987420634920634
29,2024,2,1.0,random_forest_regressor,0.3133690476190476
29,2024,3,0.0,random_forest_regressor,0.3483968253968253
29,2024,4,0.0,random_forest_regressor,0.27973015873015866
29,2024,5,0.0,random_forest_regressor,0.45231746031746034
29,2024,6,0.0,random_forest_regressor,0.3625555555555555
29,2024,7,0.0,random_forest_regressor,0.39899999999999997
29,2024,8,0.0,random_forest_regressor,0.27194444444444443
29,2024,9,0.0,random_forest_regressor,0.13217460317460322
29,2024,11,0.0,random_forest_regressor,0.32946031746031745
29,2024,12,0.0,random_forest_regressor,0.559642857142857
30,2023,11,0.0,random_forest_regressor,0.2147222222222222
30,2023,12,0.0,random_forest_regressor,0.2555
30,2024,1,0.0,random_forest_regressor,0.31162698412698414
30,2024,2,0.0,random_forest_regressor,0.2598888888888889
30,2024,3,0.0,random_forest_regressor,0.35824074074074075
30,2024,4,0.0,random_forest_regressor,0.26584920634920634
30,2024,5,0.0,random_forest_regressor,0.43926455026455036
30,2024,6,0.0,random_forest_regressor,0.4476746031746033
30,2024,7,0.0,random_forest_regressor,0.2377222222222222
30,2024,8,0.0,random_forest_regressor,0.35863888888888895
30,2024,9,0.0,random_forest_regressor,0.4828888888888888
30,2024,11,0.0,random_forest_regressor,0.18779629629629632
30,2024,12,0.0,random_forest_regressor,0.32541666666666663
31,2023,11,0.0,random_forest_regressor,0.24530555555555553
31,2023,12,0.0,random_forest_regressor,0.23455555555555554
31,2024,1,0.0,random_forest_regressor,0.3011428571428572
31,2024,2,0.0,random_forest_regressor,0.2517222222222222
31,2024,3,0.0,random_forest_regressor,0.3065198412698413
31,2024,4,0.0,random_forest_regressor,0.32116666666666666
31,2024,5,0.0,random_forest_regressor,0.43520238095238106
31,2024,6,0.0,random_forest_regressor,0.46808333333333335
31,2024,7,0.0,random_forest_regressor,0.29950000000000004
31,2024,8,0.0,random_forest_regressor,0.37255555555555564
31,2024,9,0.0,random_forest_regressor,0.4582592592592592
31,2024,11,0.0,random_forest_regressor,0.15133333333333332
31,2024,12,0.0,random_forest_regressor,0.22077777777777777
32,2023,11,0.0,random_forest_regressor,0.27644973544973545
32,2023,12,0.0,random_forest_regressor,0.23792063492063495
32,2024,1,0.0,random_forest_regressor,0.2665515873015873
32,2024,2,0.0,random_forest_regressor,0.23074999999999998
32,2024,3,0.0,random_forest_regressor,0.08695238095238095
32,2024,4,0.0,random_forest_regressor,0.15789682539682542
32,2024,5,0.0,random_forest_regressor,0.18518253968253964
32,2024,6,0.0,random_forest_regressor,0.06916666666666667
32,2024,7,0.0,random_forest_regressor,0.04533333333333333
32,2024,8,0.0,random_forest_regressor,0.08219841269841269
32,2024,9,0.0,random_forest_regressor,0.08871428571428572
32,2024,11,0.0,random_forest_regressor,0.12031746031746034
32,2024,12,0.0,random_forest_regressor,0.28395370370370365
33,2023,11,0.0,random_forest_regressor,0.3487698412698413
33,2023,12,0.0,random_forest_regressor,0.31441666666666673
33,2024,1,0.0,random_forest_regressor,0.39993650793650803
33,2024,2,0.0,random_forest_regressor,0.2846468253968254
33,2024,3,0.0,random_forest_regressor,0.19051587301587303
33,2024,4,0.0,random_forest_regressor,0.24839682539682534
33,2024,5,0.0,random_forest_regressor,0.3008174603174604
33,2024,6,0.0,random_forest_regressor,0.32294444444444453
33,2024,7,0.0,random_forest_regressor,0.22766666666666666
33,2024,8,0.0,random_forest_regressor,0.20033333333333328
33,2024,9,0.0,random_forest_regressor,0.27925396825396825
33,2024,11,0.0,random_forest_regressor,0.21042857142857144
33,2024,12,0.0,random_forest_regressor,0.3041388888888889
34,2023,11,0.0,random_forest_regressor,0.322005291005291
34,2023,12,0.0,random_forest_regressor,0.30364285714285716
34,2024,1,0.0,random_forest_regressor,0.2803293650793651
34,2024,2,0.0,random_forest_regressor,0.2890595238095238
34,2024,3,0.0,random_forest_regressor,0.08495238095238096
34,2024,4,0.0,random_forest_regressor,0.13234126984126984
34,2024,5,0.0,random_forest_regressor,0.1816825396825397
34,2024,6,0.0,random_forest_regressor,0.082
34,2024,7,0.0,random_forest_regressor,0.11950000000000001
34,2024,8,1.0,random_forest_regressor,0.09211111111111112
34,2024,9,0.0,random_forest_regressor,0.07361111111111113
34,2024,11,0.0,random_forest_regressor,0.0833888888888889
34,2024,12,1.0,random_forest_regressor,0.32276984126984126
35,2023,11,0.0,random_forest_regressor,0.18927777777777782
35,2023,12,0.0,random_forest_regressor,0.21661111111111117
35,2024,1,0.0,random_forest_regressor,0.354388888888889
35,2024,2,0.0,random_forest_regressor,0.2098333333333333
35,2024,3,0.0,random_forest_regressor,0.17961111111111108
35,2024,4,0.0,random_forest_regressor,0.21900000000000006
35,2024,5,0.0,random_forest_regressor,0.26768253968253963
35,2024,6,0.0,random_forest_regressor,0.2058333333333333
35,2024,7,0.0,random_forest_regressor,0.20388888888888887
35,2024,8,0.0,random_forest_regressor,0.2848095238095238
35,2024,9,0.0,random_forest_regressor,0.10327777777777779
35,2024,11,0.0,random_forest_regressor,0.13316666666666666
35,2024,12,0.0,random_forest_regressor,0.17122222222222222
36,2023,11,0.0,random_forest_regressor,0.17222222222222222
36,2023,12,0.0,random_forest_regressor,0.26750396825396827
36,2024,1,0.0,random_forest_regressor,0.4010000000000001
36,2024,2,0.0,random_forest_regressor,0.20105555555555554
36,2024,3,0.0,random_forest_regressor,0.19045238095238096
36,2024,4,0.0,random_forest_regressor,0.12289682539682538
36,2024,5,0.0,random_forest_regressor,0.3122063492063492
36,2024,6,0.0,random_forest_regressor,0.16133333333333333
36,2024,7,0.0,random_forest_regressor,0.12944444444444442
36,2024,8,0.0,random_forest_regressor,0.1626111111111111
36,2024,9,0.0,random_forest_regressor,0.06111111111111111
36,2024,11,0.0,random_forest_regressor,0.11727777777777779
36,2024,12,0.0,random_forest_regressor,0.2365833333333333
37,2023,11,0.0,random_forest_regressor,0.3673571428571428
37,2023,12,0.0,random_forest_regressor,0.3155277777777778
37,2024,1,0.0,random_forest_regressor,0.33038888888888884
37,2024,2,1.0,random_forest_regressor,0.3173690476190476
37,2024,3,0.0,random_forest_regressor,0.27219444444444446
37,2024,4,0.0,random_forest_regressor,0.4776111111111111
37,2024,5,2.0,random_forest_regressor,0.3207698412698413
37,2024,6,0.0,random_forest_regressor,0.2773888888888889
37,2024,7,0.0,random_forest_regressor,0.25821428571428573
37,2024,8,0.0,random_forest_regressor,0.28743650793650793
37,2024,9,0.0,random_forest_regressor,0.20995238095238095
37,2024,11,0.0,random_forest_regressor,0.18938888888888888
37,2024,12,0.0,random_forest_regressor,0.2626111111111111
38,2023,11,0.0,random_forest_regressor,0.20226190476190475
38,2023,12,0.0,random_forest_regressor,0.31583333333333335
38,2024,1,0.0,random_forest_regressor,0.27628968253968256
38,2024,2,1.0,random_forest_regressor,0.2708650793650794
38,2024,3,0.0,random_forest_regressor,0.19567460317460317
38,2024,4,0.0,random_forest_regressor,0.12306349206349204
38,2024,5,3.0,random_forest_regressor,0.2548492063492063
38,2024,6,0.0,random_forest_regressor,0.06819047619047619
38,2024,7,0.0,random_forest_regressor,0.11583333333333332
38,2024,8,0.0,random_forest_regressor,0.10977777777777777
38,2024,9,0.0,random_forest_regressor,0.14983333333333335
38,2024,11,0.0,random_forest_regressor,0.24250000000000005
38,2024,12,0.0,random_forest_regressor,0.31236111111111114
39,2023,11,0.0,random_forest_regressor,0.4213055555555556
39,2023,12,0.0,random_forest_regressor,0.3638849206349206
39,2024,1,0.0,random_forest_regressor,0.3562658730158731
39,2024,2,0.0,random_forest_regressor,0.2512857142857143
39,2024,3,0.0,random_forest_regressor,0.2232142857142857
39,2024,4,0.0,random_forest_regressor,0.11206349206349207
39,2024,5,0.0,random_forest_regressor,0.27491534391534383
39,2024,6,0.0,random_forest_regressor,0.07427777777777779
39,2024,7,0.0,random_forest_regressor,0.08833333333333333
39,2024,8,0.0,random_forest_regressor,0.10431481481481482
39,2024,9,0.0,random_forest_regressor,0.08377777777777778
39,2024,11,0.0,random_forest_regressor,0.20506349206349203
39,2024,12,0.0,random_forest_regressor,0.3421944444444444
40,2023,11,0.0,random_forest_regressor,0.28811904761904766
40,2023,12,0.0,random_forest_regressor,0.38932936507936505
40,2024,1,0.0,random_forest_regressor,0.35618253968253977
40,2024,2,0.0,random_forest_regressor,0.30616666666666664
40,2024,3,0.0,random_forest_regressor,0.22527777777777777
40,2024,4,0.0,random_forest_regressor,0.10761904761904761
40,2024,5,0.0,random_forest_regressor,0.23428835978835977
40,2024,6,0.0,random_forest_regressor,0.057214285714285704
40,2024,7,0.0,random_forest_regressor,0.0849920634920635
40,2024,8,0.0,random_forest_regressor,0.09573809523809525
40,2024,9,0.0,random_forest_regressor,0.07293650793650794
40,2024,11,0.0,random_forest_regressor,0.21559259259259259
40,2024,12,0.0,random_forest_regressor,0.32025
41,2023,11,2.0,random_forest_regressor,1.4215634920634914
41,2023,12,1.0,random_forest_regressor,1.276833333333333
41,2024,1,0.0,random_forest_regressor,1.1489841269841266
41,2024,2,3.0,random_forest_regressor,1.489722222222222
41,2024,3,3.0,random_forest_regressor,1.4480793650793653
41,2024,4,1.0,random_forest_regressor,1.3853809523809526
41,2024,5,0.0,random_forest_regressor,1.1616666666666666
41,2024,6,1.0,random_forest_regressor,1.260111111111111
41,2024,7,0.0,random_forest_regressor,1.1773333333333331
41,2024,8,0.0,random_forest_regressor,1.002888888888889
41,2024,9,0.0,random_forest_regressor,1.1227222222222222
41,2024,11,2.0,random_forest_regressor,1.0065555555555552
41,2024,12,0.0,random_forest_regressor,0.8803253968253968
42,2023,11,2.0,random_forest_regressor,1.406007936507936
42,2023,12,1.0,random_forest_regressor,0.9575674603174599
42,2024,1,0.0,random_forest_regressor,1.0084285714285712
42,2024,2,3.0,random_forest_regressor,1.509111111111111
42,2024,3,3.0,random_forest_regressor,1.4686349206349205
42,2024,4,1.0,random_forest_regressor,1.4249920634920639
42,2024,5,0.0,random_forest_regressor,1.1802777777777775
42,2024,6,1.0,random_forest_regressor,1.3528333333333333
42,2024,7,0.0,random_forest_regressor,1.0959999999999999
42,2024,8,0.0,random_forest_regressor,1.0179444444444443
42,2024,9,0.0,random_forest_regressor,1.2133333333333334
42,2024,11,2.0,random_forest_regressor,0.9794999999999997
42,2024,12,0.0,random_forest_regressor,0.8648809523809522
43,2023,11,1.0,random_forest_regressor,0.14138888888888887
43,2023,12,0.0,random_forest_regressor,0.2392777777777778
43,2024,1,0.0,random_forest_regressor,0.3206388888888889
43,2024,2,0.0,random_forest_regressor,0.2388611111111111
43,2024,3,0.0,random_forest_regressor,0.2403809523809524
43,2024,4,0.0,random_forest_regressor,0.21500793650793648
43,2024,5,0.0,random_forest_regressor,0.44207010582010575
43,2024,6,0.0,random_forest_regressor,0.31011111111111117
43,2024,7,0.0,random_forest_regressor,0.35438888888888886
43,2024,8,0.0,random_forest_regressor,0.45301851851851843
43,2024,9,1.0,random_forest_regressor,0.2998888888888889
43,2024,11,0.0,random_forest_regressor,0.33294444444444443
43,2024,12,1.0,random_forest_regressor,0.197
44,2023,11,1.0,random_forest_regressor,0.2339444444444444
44,2023,12,0.0,random_forest_regressor,0.20950000000000002
44,2024,1,0.0,random_forest_regressor,0.3407222222222223
44,2024,2,0.0,random_forest_regressor,0.24711111111111103
44,2024,3,0.0,random_forest_regressor,0.2697698412698412
44,2024,4,0.0,random_forest_regressor,0.3160873015873016
44,2024,5,0.0,random_forest_regressor,0.26971428571428563
44,2024,6,0.0,random_forest_regressor,0.21755555555555556
44,2024,7,0.0,random_forest_regressor,0.14733333333333334
44,2024,8,0.0,random_forest_regressor,0.2736349206349207
44,2024,9,1.0,random_forest_regressor,0.20683333333333334
44,2024,11,0.0,random_forest_regressor,0.27922222222222226
44,2024,12,1.0,random_forest_regressor,0.19944444444444442
45,2023,11,0.0,random_forest_regressor,0.6395436507936507
45,2023,12,0.0,random_forest_regressor,0.5729126984126984
45,2024,1,2.0,random_forest_regressor,0.5226428571428572
45,2024,2,0.0,random_forest_regressor,0.6125079365079363
45,2024,3,1.0,random_forest_regressor,0.5433650793650794
45,2024,4,1.0,random_forest_regressor,0.6425317460317461
45,2024,5,0.0,random_forest_regressor,0.5044047619047618
45,2024,6,1.0,random_forest_regressor,0.5977460317460318
45,2024,7,0.0,random_forest_regressor,0.5568888888888888
45,2024,8,1.0,random_forest_regressor,0.32556349206349217
45,2024,9,0.0,random_forest_regressor,0.37064285714285716
45,2024,11,0.0,random_forest_regressor,0.40646825396825403
45,2024,12,0.0,random_forest_regressor,0.4460793650793652
46,2023,11,0.0,random_forest_regressor,0.5129087301587303
46,2023,12,0.0,random_forest_regressor,0.44841666666666685
46,2024,1,1.0,random_forest_regressor,0.4739206349206352
46,2024,2,0.0,random_forest_regressor,0.5865595238095237
46,2024,3,1.0,random_forest_regressor,0.5503650793650793
46,2024,4,1.0,random_forest_regressor,0.737420634920635
46,2024,5,0.0,random_forest_regressor,0.552813492063492
46,2024,6,1.0,random_forest_regressor,0.5331904761904762
46,2024,7,0.0,random_forest_regressor,0.36505555555555563
46,2024,8,1.0,random_forest_regressor,0.27627777777777773
46,2024,9,0.0,random_forest_regressor,0.3973650793650793
46,2024,11,0.0,random_forest_regressor,0.4399404761904764
46,2024,12,0.0,random_forest_regressor,0.42735714285714294
47,2023,11,1.0,random_forest_regressor,0.8489246031746035
47,2023,12,0.0,random_forest_regressor,0.9149801587301586
47,2024,1,0.0,random_forest_regressor,0.673015873015873
47,2024,2,0.0,random_forest_regressor,0.8977103174603176
47,2024,3,0.0,random_forest_regressor,0.8279603174603177
47,2024,4,1.0,random_forest_regressor,0.8704087301587304
47,2024,5,0.0,random_forest_regressor,0.7454047619047621
47,2024,6,0.0,random_forest_regressor,0.7529126984126985
47,2024,7,0.0,random_forest_regressor,0.6900396825396823
47,2024,8,0.0,random_forest_regressor,0.47395238095238085
47,2024,9,0.0,random_forest_regressor,0.7283333333333334
47,2024,11,1.0,random_forest_regressor,0.7107777777777777
47,2024,12,0.0,random_forest_regressor,0.7567142857142857
48,2023,11,0.0,random_forest_regressor,0.14938492063492062
48,2023,12,0.0,random_forest_regressor,0.2821984126984127
48,2024,1,0.0,random_forest_regressor,0.3844232804232805
48,2024,2,0.0,random_forest_regressor,0.2794801587301587
48,2024,3,0.0,random_forest_regressor,0.15032539682539683
48,2024,4,1.0,random_forest_regressor,0.2062777777777778
48,2024,5,0.0,random_forest_regressor,0.29750000000000004
48,2024,6,1.0,random_forest_regressor,0.2753915343915344
48,2024,7,0.0,random_forest_regressor,0.5344444444444444
48,2024,8,0.0,random_forest_regressor,0.8636481481481485
48,2024,9,3.0,random_forest_regressor,0.5762076719576719
48,2024,11,0.0,random_forest_regressor,0.13827777777777778
48,2024,12,0.0,random_forest_regressor,0.2921388888888889
49,2023,11,1.0,random_forest_regressor,0.5250515873015871
49,2023,12,0.0,random_forest_regressor,0.7279999999999999
49,2024,1,0.0,random_forest_regressor,0.4959126984126984
49,2024,2,1.0,random_forest_regressor,0.5836190476190475
49,2024,3,1.0,random_forest_regressor,0.30761111111111117
49,2024,4,0.0,random_forest_regressor,0.3347857142857143
49,2024,5,1.0,random_forest_regressor,0.5426984126984125
49,2024,6,1.0,random_forest_regressor,0.3085
49,2024,7,0.0,random_forest_regressor,0.32716666666666666
49,2024,8,0.0,random_forest_regressor,0.3220555555555556
49,2024,9,0.0,random_forest_regressor,0.2761111111111111
49,2024,11,0.0,random_forest_regressor,0.36577777777777776
49,2024,12,0.0,random_forest_regressor,0.509
50,2023,11,0.0,random_forest_regressor,0.17925000000000002
50,2023,12,1.0,random_forest_regressor,0.4122685185185185
50,2024,1,0.0,random_forest_regressor,0.16226190476190475
50,2024,2,0.0,random_forest_regressor,0.4282962962962963
50,2024,3,0.0,random_forest_regressor,0.3547777777777778
50,2024,4,0.0,random_forest_regressor,0.26988888888888896
50,2024,5,0.0,random_forest_regressor,0.3192777777777778
50,2024,6,0.0,random_forest_regressor,0.0451111111111111
50,2024,7,0.0,random_forest_regressor,0.16472222222222221
50,2024,8,0.0,random_forest_regressor,0.1656666666666667
50,2024,9,0.0,random_forest_regressor,0.3122222222222222
50,2024,11,0.0,random_forest_regressor,0.3677407407407407
50,2024,12,0.0,random_forest_regressor,0.38790740740740737
51,2023,11,0.0,random_forest_regressor,0.27094444444444443
51,2023,12,1.0,random_forest_regressor,0.5343597883597883
51,2024,1,0.0,random_forest_regressor,0.464547619047619
51,2024,2,0.0,random_forest_regressor,0.588994708994709
51,2024,3,0.0,random_forest_regressor,0.5009444444444443
51,2024,4,0.0,random_forest_regressor,0.43083333333333335
51,2024,5,0.0,random_forest_regressor,0.47322222222222216
51,2024,6,0.0,random_forest_regressor,0.2549444444444444
51,2024,7,0.0,random_forest_regressor,0.37544444444444447
51,2024,8,0.0,random_forest_regressor,0.33933333333333326
51,2024,9,0.0,random_forest_regressor,0.4167539682539682
51,2024,11,0.0,random_forest_regressor,0.619026455026455
51,2024,12,0.0,random_forest_regressor,0.5430105820105819
52,2023,11,0.0,random_forest_regressor,0.9008571428571429
52,2023,12,0.0,random_forest_regressor,0.5565555555555555
52,2024,1,2.0,random_forest_regressor,0.5159444444444443
52,2024,2,0.0,random_forest_regressor,0.4741428571428573
52,2024,3,0.0,random_forest_regressor,0.6167698412698414
52,2024,4,1.0,random_forest_regressor,0.551111111111111
52,2024,5,1.0,random_forest_regressor,0.5389920634920634
52,2024,6,0.0,random_forest_regressor,0.30494444444444446
52,2024,7,0.0,random_forest_regressor,0.22288888888888886
52,2024,8,0.0,random_forest_regressor,0.45583333333333326
52,2024,9,1.0,random_forest_regressor,0.36633333333333346
52,2024,11,1.0,random_forest_regressor,0.41494444444444456
52,2024,12,0.0,random_forest_regressor,0.4290833333333333
53,2023,11,0.0,random_forest_regressor,0.23493650793650797
53,2023,12,0.0,random_forest_regressor,0.37208730158730163
53,2024,1,0.0,random_forest_regressor,0.24598412698412697
53,2024,2,0.0,random_forest_regressor,0.3831428571428571
53,2024,3,1.0,random_forest_regressor,0.10005555555555556
53,2024,4,0.0,random_forest_regressor,0.22566666666666668
53,2024,5,2.0,random_forest_regressor,0.14761111111111114
53,2024,6,0.0,random_forest_regressor,0.26733333333333337
53,2024,7,1.0,random_forest_regressor,0.1927539682539683
53,2024,8,1.0,random_forest_regressor,0.4480833333333333
53,2024,9,0.0,random_forest_regressor,0.2871388888888889
53,2024,11,1.0,random_forest_regressor,0.16844444444444445
53,2024,12,0.0,random_forest_regressor,0.17244444444444446
54,2023,11,0.0,random_forest_regressor,0.27243650793650803
54,2023,12,0.0,random_forest_regressor,0.3173095238095239
54,2024,1,0.0,random_forest_regressor,0.20594444444444449
54,2024,2,0.0,random_forest_regressor,0.3441428571428571
54,2024,3,1.0,random_forest_regressor,0.17750000000000002
54,2024,4,0.0,random_forest_regressor,0.2792777777777778
54,2024,5,2.0,random_forest_regressor,0.24299206349206348
54,2024,6,0.0,random_forest_regressor,0.3480555555555557
54,2024,7,1.0,random_forest_regressor,0.1786031746031746
54,2024,8,1.0,random_forest_regressor,0.7337936507936508
54,2024,9,0.0,random_forest_regressor,0.26512169312169315
54,2024,11,1.0,random_forest_regressor,0.16227777777777783
54,2024,12,0.0,random_forest_regressor,0.17503174603174607
55,2023,11,0.0,random_forest_regressor,0.33143650793650803
55,2023,12,0.0,random_forest_regressor,0.33638888888888896
55,2024,1,0.0,random_forest_regressor,0.2969563492063493
55,2024,2,1.0,random_forest_regressor,0.40325396825396836
55,2024,3,0.0,random_forest_regressor,0.1647777777777778
55,2024,4,0.0,random_forest_regressor,0.30855555555555547
55,2024,5,0.0,random_forest_regressor,0.18222222222222223
55,2024,6,0.0,random_forest_regressor,0.24411111111111117
55,2024,7,0.0,random_forest_regressor,0.10083333333333333
55,2024,8,0.0,random_forest_regressor,0.21819047619047618
55,2024,9,1.0,random_forest_regressor,0.11549999999999998
55,2024,11,0.0,random_forest_regressor,0.28538888888888886
55,2024,12,0.0,random_forest_regressor,0.24472222222222229
56,2023,11,0.0,random_forest_regressor,0.35765873015873023
56,2023,12,0.0,random_forest_regressor,0.35603174603174614
56,2024,1,0.0,random_forest_regressor,0.3236230158730159
56,2024,2,1.0,random_forest_regressor,0.40864285714285725
56,2024,3,0.0,random_forest_regressor,0.1857777777777778
56,2024,4,0.0,random_forest_regressor,0.3136111111111112
56,2024,5,0.0,random_forest_regressor,0.18333333333333332
56,2024,6,0.0,random_forest_regressor,0.2563888888888889
56,2024,7,0.0,random_forest_regressor,0.11055555555555555
56,2024,8,0.0,random_forest_regressor,0.22961111111111113
56,2024,9,1.0,random_forest_regressor,0.11599999999999999
56,2024,11,0.0,random_forest_regressor,0.24688888888888888
56,2024,12,0.0,random_forest_regressor,0.2941666666666667
57,2023,11,0.0,random_forest_regressor,0.2411428571428572
57,2023,12,0.0,random_forest_regressor,0.15667063492063496
57,2024,1,0.0,random_forest_regressor,0.2653769841269841
57,2024,2,0.0,random_forest_regressor,0.32508333333333334
57,2024,3,0.0,random_forest_regressor,0.06833333333333333
57,2024,4,0.0,random_forest_regressor,0.13684126984126985
57,2024,5,1.0,random_forest_regressor,0.07472222222222222
57,2024,6,0.0,random_forest_regressor,0.06599999999999999
57,2024,7,1.0,random_forest_regressor,0.13377777777777775
57,2024,8,0.0,random_forest_regressor,0.1156111111111111
57,2024,9,0.0,random_forest_regressor,0.11241269841269841
57,2024,11,0.0,random_forest_regressor,0.19027777777777777
57,2024,12,0.0,random_forest_regressor,0.34997222222222213
58,2023,11,0.0,random_forest_regressor,0.2673253968253968
58,2023,12,0.0,random_forest_regressor,0.2554444444444445
58,2024,1,0.0,random_forest_regressor,0.34224603174603185
58,2024,2,0.0,random_forest_regressor,0.2589166666666667
58,2024,3,0.0,random_forest_regressor,0.06027777777777777
58,2024,4,0.0,random_forest_regressor,0.08678571428571429
58,2024,5,1.0,random_forest_regressor,0.09583333333333334
58,2024,6,0.0,random_forest_regressor,0.057999999999999996
58,2024,7,1.0,random_forest_regressor,0.07994444444444444
58,2024,8,0.0,random_forest_regressor,0.07918253968253969
58,2024,9,0.0,random_forest_regressor,0.057222222222222216
58,2024,11,0.0,random_forest_regressor,0.11944444444444448
58,2024,12,0.0,random_forest_regressor,0.342829365079365
59,2023,11,0.0,random_forest_regressor,0.12297619047619049
59,2023,12,0.0,random_forest_regressor,0.2181388888888889
59,2024,1,0.0,random_forest_regressor,0.28662301587301586
59,2024,2,0.0,random_forest_regressor,0.43911111111111123
59,2024,3,0.0,random_forest_regressor,0.19899999999999995
59,2024,4,1.0,random_forest_regressor,0.1295
59,2024,5,0.0,random_forest_regressor,0.11135714285714284
59,2024,6,0.0,random_forest_regressor,0.14607936507936506
59,2024,7,0.0,random_forest_regressor,0.13366666666666666
59,2024,8,0.0,random_forest_regressor,0.22894444444444442
59,2024,9,0.0,random_forest_regressor,0.151484126984127
59,2024,11,1.0,random_forest_regressor,0.2658253968253968
59,2024,12,0.0,random_forest_regressor,0.39641666666666664
60,2023,11,0.0,random_forest_regressor,0.2571481481481481
60,2023,12,0.0,random_forest_regressor,0.22661111111111107
60,2024,1,0.0,random_forest_regressor,0.4133015873015875
60,2024,2,0.0,random_forest_regressor,0.40765211640211635
60,2024,3,0.0,random_forest_regressor,0.17444444444444446
60,2024,4,1.0,random_forest_regressor,0.0653968253968254
60,2024,5,0.0,random_forest_regressor,0.05972222222222224
60,2024,6,0.0,random_forest_regressor,0.15774603174603172
60,2024,7,0.0,random_forest_regressor,0.20594444444444443
60,2024,8,0.0,random_forest_regressor,0.21757936507936507
60,2024,9,0.0,random_forest_regressor,0.22719047619047625
60,2024,11,1.0,random_forest_regressor,0.2767592592592592
60,2024,12,0.0,random_forest_regressor,0.37769444444444444
61,2023,11,0.0,random_forest_regressor,0.30008730158730157
61,2023,12,0.0,random_forest_regressor,0.23463888888888884
61,2024,1,1.0,random_forest_regressor,0.3695476190476191
61,2024,2,0.0,random_forest_regressor,0.38200000000000006
61,2024,3,0.0,random_forest_regressor,0.3060396825396825
61,2024,4,0.0,random_forest_regressor,0.3194126984126984
61,2024,5,0.0,random_forest_regressor,0.09083333333333332
61,2024,6,0.0,random_forest_regressor,0.11549074074074073
61,2024,7,0.0,random_forest_regressor,0.3870555555555556
61,2024,8,0.0,random_forest_regressor,0.4311825396825397
61,2024,9,0.0,random_forest_regressor,0.1794444444444445
61,2024,11,0.0,random_forest_regressor,0.21333333333333335
61,2024,12,0.0,random_forest_regressor,0.2758650793650794
62,2023,11,0.0,random_forest_regressor,0.31572222222222224
62,2023,12,0.0,random_forest_regressor,0.23908333333333331
62,2024,1,1.0,random_forest_regressor,0.3738253968253969
62,2024,2,0.0,random_forest_regressor,0.40611111111111103
62,2024,3,0.0,random_forest_regressor,0.3177619047619048
62,2024,4,0.0,random_forest_regressor,0.3499444444444445
62,2024,5,0.0,random_forest_regressor,0.14111111111111113
62,2024,6,0.0,random_forest_regressor,0.14854629629629632
62,2024,7,0.0,random_forest_regressor,0.36331481481481487
62,2024,8,0.0,random_forest_regressor,0.38518253968253974
62,2024,9,0.0,random_forest_regressor,0.20600000000000007
62,2024,11,0.0,random_forest_regressor,0.2396666666666667
62,2024,12,0.0,random_forest_regressor,0.35455555555555557
63,2023,11,0.0,random_forest_regressor,0.4076309523809524
63,2023,12,0.0,random_forest_regressor,0.3708690476190476
63,2024,1,0.0,random_forest_regressor,0.44611111111111107
63,2024,2,1.0,random_forest_regressor,0.5406428571428571
63,2024,3,0.0,random_forest_regressor,0.17875
63,2024,4,0.0,random_forest_regressor,0.44594444444444437
63,2024,5,0.0,random_forest_regressor,0.18983333333333333
63,2024,6,1.0,random_forest_regressor,0.21011111111111117
63,2024,7,1.0,random_forest_regressor,0.6469761904761904
63,2024,8,0.0,random_forest_regressor,0.7955873015873016
63,2024,9,0.0,random_forest_regressor,0.1448253968253968
63,2024,11,0.0,random_forest_regressor,0.26299999999999996
63,2024,12,1.0,random_forest_regressor,0.49887301587301597
64,2023,11,0.0,random_forest_regressor,0.4635158730158731
64,2023,12,0.0,random_forest_regressor,0.5100873015873018
64,2024,1,0.0,random_forest_regressor,0.6687063492063494
64,2024,2,0.0,random_forest_regressor,0.6410502645502645
64,2024,3,0.0,random_forest_regressor,0.5682592592592592
64,2024,4,1.0,random_forest_regressor,0.8013055555555553
64,2024,5,0.0,random_forest_regressor,0.9791468253968251
64,2024,6,1.0,random_forest_regressor,1.6011706349206352
64,2024,7,1.0,random_forest_regressor,0.9547830687830685
64,2024,8,2.0,random_forest_regressor,1.061977513227513
64,2024,9,0.0,random_forest_regressor,0.7989999999999999
64,2024,11,0.0,random_forest_regressor,0.6248373015873016
64,2024,12,0.0,random_forest_regressor,0.6082539682539684
65,2023,11,0.0,random_forest_regressor,0.4666031746031746
65,2023,12,0.0,random_forest_regressor,0.43711111111111106
65,2024,1,0.0,random_forest_regressor,0.5345714285714287
65,2024,2,0.0,random_forest_regressor,0.6598558201058201
65,2024,3,0.0,random_forest_regressor,0.2696058201058201
65,2024,4,1.0,random_forest_regressor,0.5535740740740742
65,2024,5,0.0,random_forest_regressor,0.3324074074074076
65,2024,6,1.0,random_forest_regressor,0.6171666666666668
65,2024,7,1.0,random_forest_regressor,1.04115873015873
65,2024,8,1.0,random_forest_regressor,1.383576719576719
65,2024,9,0.0,random_forest_regressor,0.467325396825397
65,2024,11,0.0,random_forest_regressor,0.3588280423280424
65,2024,12,1.0,random_forest_regressor,0.586309523809524
66,2023,11,0.0,random_forest_regressor,0.4630753968253968
66,2023,12,0.0,random_forest_regressor,0.4140793650793651
66,2024,1,0.0,random_forest_regressor,0.4826547619047619
66,2024,2,1.0,random_forest_regressor,0.6114484126984127
66,2024,3,0.0,random_forest_regressor,0.19183333333333333
66,2024,4,0.0,random_forest_regressor,0.46336507936507937
66,2024,5,0.0,random_forest_regressor,0.7273333333333336
66,2024,6,1.0,random_forest_regressor,0.4723888888888888
66,2024,7,1.0,random_forest_regressor,0.9521402116402116
66,2024,8,0.0,random_forest_regressor,1.307179894179894
66,2024,9,0.0,random_forest_regressor,0.5590317460317461
66,2024,11,0.0,random_forest_regressor,0.2638888888888889
66,2024,12,2.0,random_forest_regressor,0.5105873015873016
67,2023,11,0.0,random_forest_regressor,0.31843650793650796
67,2023,12,0.0,random_forest_regressor,0.2817539682539682
67,2024,1,0.0,random_forest_regressor,0.27937301587301583
67,2024,2,0.0,random_forest_regressor,0.34416666666666673
67,2024,3,0.0,random_forest_regressor,0.1401111111111111
67,2024,4,1.0,random_forest_regressor,0.3253095238095238
67,2024,5,0.0,random_forest_regressor,0.12866666666666668
67,2024,6,0.0,random_forest_regressor,0.3301388888888889
67,2024,7,0.0,random_forest_regressor,0.27955555555555556
67,2024,8,0.0,random_forest_regressor,0.4798333333333332
67,2024,9,0.0,random_forest_regressor,0.31
67,2024,11,0.0,random_forest_regressor,0.23119841269841268
67,2024,12,0.0,random_forest_regressor,0.26311904761904764
68,2023,11,0.0,random_forest_regressor,0.32365873015873015
68,2023,12,0.0,random_forest_regressor,0.3193333333333334
68,2024,1,0.0,random_forest_regressor,0.40103174603174596
68,2024,2,0.0,random_forest_regressor,0.45678968253968244
68,2024,3,0.0,random_forest_regressor,0.1659179894179894
68,2024,4,1.0,random_forest_regressor,0.20473015873015876
68,2024,5,0.0,random_forest_regressor,0.2457698412698413
68,2024,6,0.0,random_forest_regressor,0.24024603174603176
68,2024,7,0.0,random_forest_regressor,0.15979365079365082
68,2024,8,0.0,random_forest_regressor,0.5591746031746032
68,2024,9,0.0,random_forest_regressor,0.2643095238095237
68,2024,11,0.0,random_forest_regressor,0.2804603174603175
68,2024,12,0.0,random_forest_regressor,0.37669444444444444
69,2023,11,1.0,random_forest_regressor,2.2801132756132754
69,2023,12,2.0,random_forest_regressor,1.7377936507936511
69,2024,1,1.0,random_forest_regressor,1.4514047619047616
69,2024,2,0.0,random_forest_regressor,2.4076031746031745
69,2024,3,1.0,random_forest_regressor,2.8477614237614244
69,2024,4,4.0,random_forest_regressor,2.9117460317460315
69,2024,5,4.0,random_forest_regressor,2.5619955507455505
69,2024,6,4.0,random_forest_regressor,2.621488095238096
69,2024,7,0.0,random_forest_regressor,2.919675925925927
69,2024,8,2.0,random_forest_regressor,1.9445952380952387
69,2024,9,1.0,random_forest_regressor,2.827486291486291
69,2024,11,1.0,random_forest_regressor,2.459105339105339
69,2024,12,0.0,random_forest_regressor,1.9405238095238084
70,2023,11,0.0,random_forest_regressor,0.591452380952381
70,2023,12,0.0,random_forest_regressor,0.6893796296296294
70,2024,1,0.0,random_forest_regressor,0.5070158730158733
70,2024,2,0.0,random_forest_regressor,0.7340264550264549
70,2024,3,0.0,random_forest_regressor,0.7100555555555558
70,2024,4,0.0,random_forest_regressor,0.6638333333333333
70,2024,5,0.0,random_forest_regressor,0.6505
70,2024,6,1.0,random_forest_regressor,0.30900000000000005
70,2024,7,0.0,random_forest_regressor,0.4192777777777778
70,2024,8,0.0,random_forest_regressor,0.31673015873015875
70,2024,9,0.0,random_forest_regressor,0.28238888888888897
70,2024,11,1.0,random_forest_regressor,0.5555555555555555
70,2024,12,0.0,random_forest_regressor,0.5391296296296296
71,2023,11,0.0,random_forest_regressor,0.6098333333333333
71,2023,12,0.0,random_forest_regressor,0.7447129629629626
71,2024,1,0.0,random_forest_regressor,0.4956111111111112
71,2024,2,0.0,random_forest_regressor,0.7010185185185184
71,2024,3,0.0,random_forest_regressor,0.6426111111111111
71,2024,4,0.0,random_forest_regressor,0.5536111111111112
71,2024,5,0.0,random_forest_regressor,0.652388888888889
71,2024,6,1.0,random_forest_regressor,0.3017222222222222
71,2024,7,0.0,random_forest_regressor,0.3387777777777778
71,2024,8,0.0,random_forest_regressor,0.37191269841269836
71,2024,9,0.0,random_forest_regressor,0.32005555555555554
71,2024,11,1.0,random_forest_regressor,0.6001666666666666
71,2024,12,0.0,random_forest_regressor,0.5675423280423281
72,2023,11,1.0,random_forest_regressor,0.38238888888888883
72,2023,12,0.0,random_forest_regressor,0.601920634920635
72,2024,1,0.0,random_forest_regressor,0.3688888888888889
72,2024,2,0.0,random_forest_regressor,0.4178611111111112
72,2024,3,2.0,random_forest_regressor,0.1523412698412698
72,2024,4,3.0,random_forest_regressor,0.256452380952381
72,2024,5,0.0,random_forest_regressor,0.206
72,2024,6,1.0,random_forest_regressor,0.15674603174603174
72,2024,7,0.0,random_forest_regressor,0.1506111111111111
72,2024,8,0.0,random_forest_regressor,0.2518015873015873
72,2024,9,0.0,random_forest_regressor,0.2168571428571429
72,2024,11,0.0,random_forest_regressor,0.35607936507936516
72,2024,12,0.0,random_forest_regressor,0.32952777777777775
73,2023,11,1.0,random_forest_regressor,0.5943888888888887
73,2023,12,0.0,random_forest_regressor,0.6098412698412697
73,2024,1,0.0,random_forest_regressor,0.9925780423280424
73,2024,2,0.0,random_forest_regressor,0.8046230158730159
73,2024,3,2.0,random_forest_regressor,0.5085410052910053
73,2024,4,3.0,random_forest_regressor,0.4407539682539682
73,2024,5,0.0,random_forest_regressor,0.4236798941798942
73,2024,6,1.0,random_forest_regressor,0.37271164021164016
73,2024,7,0.0,random_forest_regressor,0.41571825396825396
73,2024,8,0.0,random_forest_regressor,0.3865555555555555
73,2024,9,0.0,random_forest_regressor,0.30281481481481476
73,2024,11,0.0,random_forest_regressor,0.6748531746031743
73,2024,12,0.0,random_forest_regressor,0.4895000000000001
74,2023,11,2.0,random_forest_regressor,0.36677633477633476
74,2023,12,2.0,random_forest_regressor,0.5568214285714287
74,2024,1,0.0,random_forest_regressor,0.5220158730158732
74,2024,2,2.0,random_forest_regressor,0.554670634920635
74,2024,3,1.0,random_forest_regressor,0.3612777777777777
74,2024,4,0.0,random_forest_regressor,0.1666190476190476
74,2024,5,0.0,random_forest_regressor,0.17319841269841268
74,2024,6,0.0,random_forest_regressor,0.24174603174603174
74,2024,7,0.0,random_forest_regressor,0.18044444444444444
74,2024,8,0.0,random_forest_regressor,0.28970634920634925
74,2024,9,1.0,random_forest_regressor,0.20380158730158732
74,2024,11,0.0,random_forest_regressor,0.5494126984126985
74,2024,12,0.0,random_forest_regressor,0.5013611111111111
75,2023,11,2.0,random_forest_regressor,0.42561111111111116
75,2023,12,2.0,random_forest_regressor,0.617238095238095
75,2024,1,0.0,random_forest_regressor,0.5455555555555556
75,2024,2,2.0,random_forest_regressor,0.5968809523809523
75,2024,3,1.0,random_forest_regressor,0.4621851851851852
75,2024,4,0.0,random_forest_regressor,0.34800000000000003
75,2024,5,0.0,random_forest_regressor,0.27855555555555556
75,2024,6,0.0,random_forest_regressor,0.27629365079365076
75,2024,7,0.0,random_forest_regressor,0.20805555555555558
75,2024,8,0.0,random_forest_regressor,0.34165079365079365
75,2024,9,1.0,random_forest_regressor,0.23788888888888896
75,2024,11,0.0,random_forest_regressor,0.6828571428571427
75,2024,12,0.0,random_forest_regressor,0.5603888888888887
76,2023,11,0.0,random_forest_regressor,0.28414285714285714
76,2023,12,0.0,random_forest_regressor,0.712654761904762
76,2024,1,0.0,random_forest_regressor,0.565984126984127
76,2024,2,0.0,random_forest_regressor,0.41411507936507935
76,2024,3,0.0,random_forest_regressor,0.13746825396825396
76,2024,4,0.0,random_forest_regressor,0.08134126984126984
76,2024,5,0.0,random_forest_regressor,0.16686507936507936
76,2024,6,0.0,random_forest_regressor,0.07327777777777778
76,2024,7,1.0,random_forest_regressor,0.07233333333333333
76,2024,8,1.0,random_forest_regressor,0.137
76,2024,9,1.0,random_forest_regressor,0.1737777777777778
76,2024,11,0.0,random_forest_regressor,0.29191269841269846
76,2024,12,0.0,random_forest_regressor,0.4290198412698411
77,2023,11,1.0,random_forest_regressor,1.242777777777777
77,2023,12,1.0,random_forest_regressor,1.050587301587302
77,2024,1,0.0,random_forest_regressor,0.7898650793650791
77,2024,2,2.0,random_forest_regressor,1.1772777777777776
77,2024,3,1.0,random_forest_regressor,1.7218955026455016
77,2024,4,0.0,random_forest_regressor,1.5260674603174598
77,2024,5,3.0,random_forest_regressor,1.7293280423280415
77,2024,6,2.0,random_forest_regressor,1.7670264550264543
77,2024,7,0.0,random_forest_regressor,1.4070370370370369
77,2024,8,0.0,random_forest_regressor,1.5035687830687827
77,2024,9,3.0,random_forest_regressor,1.4368253968253961
77,2024,11,2.0,random_forest_regressor,1.471380952380952
77,2024,12,0.0,random_forest_regressor,0.4697777777777779
78,2023,11,2.0,random_forest_regressor,0.3198650793650794
78,2023,12,0.0,random_forest_regressor,0.37833333333333335
78,2024,1,0.0,random_forest_regressor,0.2612103174603175
78,2024,2,0.0,random_forest_regressor,0.3144761904761904
78,2024,3,0.0,random_forest_regressor,0.08476190476190477
78,2024,4,0.0,random_forest_regressor,0.1279047619047619
78,2024,5,0.0,random_forest_regressor,0.10111111111111112
78,2024,6,0.0,random_forest_regressor,0.06869444444444445
78,2024,7,0.0,random_forest_regressor,0.035833333333333335
78,2024,8,0.0,random_forest_regressor,0.08827777777777779
78,2024,9,0.0,random_forest_regressor,0.06869047619047619
78,2024,11,0.0,random_forest_regressor,0.16734126984126985
78,2024,12,0.0,random_forest_regressor,0.2835
79,2023,11,2.0,random_forest_regressor,0.19005555555555556
79,2023,12,0.0,random_forest_regressor,0.3133888888888889
79,2024,1,0.0,random_forest_regressor,0.3173571428571429
79,2024,2,0.0,random_forest_regressor,0.35584126984126985
79,2024,3,0.0,random_forest_regressor,0.145
79,2024,4,0.0,random_forest_regressor,0.2491931216931217
79,2024,5,0.0,random_forest_regressor,0.26283333333333336
79,2024,6,0.0,random_forest_regressor,0.12693650793650793
79,2024,7,0.0,random_forest_regressor,0.1463888888888889
79,2024,8,0.0,random_forest_regressor,0.17022222222222222
79,2024,9,0.0,random_forest_regressor,0.24488888888888893
79,2024,11,0.0,random_forest_regressor,0.27598412698412694
79,2024,12,0.0,random_forest_regressor,0.24552777777777773
80,2023,11,0.0,random_forest_regressor,0.3318095238095239
80,2023,12,0.0,random_forest_regressor,0.33591666666666664
80,2024,1,0.0,random_forest_regressor,0.34819444444444453
80,2024,2,0.0,random_forest_regressor,0.26441666666666663
80,2024,3,1.0,random_forest_regressor,0.05083333333333333
80,2024,4,0.0,random_forest_regressor,0.2654166666666667
80,2024,5,0.0,random_forest_regressor,0.4212222222222222
80,2024,12,0.0,random_forest_regressor,0.8736150793650792
81,2023,11,0.0,random_forest_regressor,0.20696031746031746
81,2023,12,0.0,random_forest_regressor,0.4189206349206349
81,2024,1,0.0,random_forest_regressor,0.39064285714285724
81,2024,2,0.0,random_forest_regressor,0.28347222222222224
81,2024,3,1.0,random_forest_regressor,0.07822222222222223
81,2024,4,0.0,random_forest_regressor,0.2438412698412698
81,2024,5,0.0,random_forest_regressor,0.2000238095238095
81,2024,6,0.0,random_forest_regressor,0.06777777777777777
81,2024,7,0.0,random_forest_regressor,0.08183333333333334
81,2024,8,0.0,random_forest_regressor,0.16383333333333336
81,2024,9,0.0,random_forest_regressor,0.13137037037037036
81,2024,11,0.0,random_forest_regressor,0.23389682539682535
81,2024,12,0.0,random_forest_regressor,0.39994444444444444
82,2023,11,0.0,random_forest_regressor,0.46441269841269855
82,2023,12,0.0,random_forest_regressor,0.3805555555555556
82,2024,1,1.0,random_forest_regressor,0.46796031746031747
82,2024,2,0.0,random_forest_regressor,0.39842063492063495
82,2024,3,0.0,random_forest_regressor,0.2109206349206349
82,2024,4,0.0,random_forest_regressor,0.16276190476190477
82,2024,5,0.0,random_forest_regressor,0.05605555555555555
82,2024,6,0.0,random_forest_regressor,0.07366666666666667
82,2024,7,0.0,random_forest_regressor,0.028888888888888888
82,2024,8,0.0,random_forest_regressor,0.10623015873015873
82,2024,9,0.0,random_forest_regressor,0.07833333333333335
82,2024,11,0.0,random_forest_regressor,0.136
82,2024,12,0.0,random_forest_regressor,0.34269047619047616
83,2023,11,0.0,random_forest_regressor,0.49120634920634926
83,2023,12,0.0,random_forest_regressor,0.42527777777777787
83,2024,1,1.0,random_forest_regressor,0.4741507936507937
83,2024,2,0.0,random_forest_regressor,0.40592063492063496
83,2024,3,0.0,random_forest_regressor,0.3710820105820104
83,2024,4,0.0,random_forest_regressor,0.3935
83,2024,5,0.0,random_forest_regressor,0.09930158730158731
83,2024,6,0.0,random_forest_regressor,0.09603174603174605
83,2024,7,0.0,random_forest_regressor,0.04027777777777777
83,2024,8,0.0,random_forest_regressor,0.1042857142857143
83,2024,9,0.0,random_forest_regressor,0.1428015873015873
83,2024,11,0.0,random_forest_regressor,0.1821111111111111
83,2024,12,0.0,random_forest_regressor,0.32252777777777775
84,2023,11,0.0,random_forest_regressor,0.20744444444444446
84,2023,12,0.0,random_forest_regressor,0.3002777777777778
84,2024,1,0.0,random_forest_regressor,0.409968253968254
84,2024,2,0.0,random_forest_regressor,0.31516666666666665
84,2024,3,0.0,random_forest_regressor,0.07921428571428572
84,2024,4,0.0,random_forest_regressor,0.18909523809523812
84,2024,5,0.0,random_forest_regressor,0.10138888888888889
84,2024,6,0.0,random_forest_regressor,0.12877777777777774
84,2024,7,1.0,random_forest_regressor,0.10507936507936509
84,2024,8,0.0,random_forest_regressor,0.2531111111111111
84,2024,9,0.0,random_forest_regressor,0.11377777777777777
84,2024,11,0.0,random_forest_regressor,0.18716666666666668
84,2024,12,0.0,random_forest_regressor,0.2891111111111111
85,2023,11,0.0,random_forest_regressor,0.18429365079365076
85,2023,12,0.0,random_forest_regressor,0.3393412698412699
85,2024,1,0.0,random_forest_regressor,0.2598134920634921
85,2024,2,0.0,random_forest_regressor,0.27622222222222226
85,2024,3,0.0,random_forest_regressor,0.0556111111111111
85,2024,4,0.0,random_forest_regressor,0.1003968253968254
85,2024,5,1.0,random_forest_regressor,0.07416666666666667
85,2024,6,0.0,random_forest_regressor,0.0988968253968254
85,2024,7,0.0,random_forest_regressor,0.43161111111111106
85,2024,8,0.0,random_forest_regressor,0.07433333333333333
85,2024,9,0.0,random_forest_regressor,0.2730793650793651
85,2024,11,0.0,random_forest_regressor,0.13494444444444445
85,2024,12,0.0,random_forest_regressor,0.3096388888888889
86,2023,11,0.0,random_forest_regressor,0.14057142857142857
86,2023,12,0.0,random_forest_regressor,0.351952380952381
86,2024,1,0.0,random_forest_regressor,0.3643492063492064
86,2024,2,0.0,random_forest_regressor,0.23972222222222223
86,2024,3,0.0,random_forest_regressor,0.11144444444444443
86,2024,4,0.0,random_forest_regressor,0.28071428571428575
86,2024,5,2.0,random_forest_regressor,0.21561111111111111
86,2024,6,0.0,random_forest_regressor,0.20572222222222222
86,2024,7,0.0,random_forest_regressor,0.24744444444444444
86,2024,8,0.0,random_forest_regressor,0.3680555555555555
86,2024,9,0.0,random_forest_regressor,0.27625396825396825
86,2024,11,0.0,random_forest_regressor,0.3573968253968253
86,2024,12,0.0,random_forest_regressor,0.4149999999999999
87,2023,11,0.0,random_forest_regressor,0.23672222222222222
87,2023,12,0.0,random_forest_regressor,0.4821031746031745
87,2024,1,0.0,random_forest_regressor,0.4570515873015873
87,2024,2,0.0,random_forest_regressor,0.2523888888888889
87,2024,3,0.0,random_forest_regressor,0.33301587301587304
87,2024,4,0.0,random_forest_regressor,0.18694444444444444
87,2024,5,0.0,random_forest_regressor,0.39308333333333345
87,2024,6,0.0,random_forest_regressor,0.3356957671957672
87,2024,7,0.0,random_forest_regressor,0.15270370370370373
87,2024,8,1.0,random_forest_regressor,0.3381402116402117
87,2024,9,1.0,random_forest_regressor,0.289037037037037
87,2024,11,0.0,random_forest_regressor,0.16223015873015872
87,2024,12,1.0,random_forest_regressor,0.2066746031746032
88,2023,11,0.0,random_forest_regressor,0.5722222222222221
88,2023,12,0.0,random_forest_regressor,0.6588888888888891
88,2024,1,0.0,random_forest_regressor,0.4660714285714287
88,2024,2,0.0,random_forest_regressor,0.5997301587301587
88,2024,3,0.0,random_forest_regressor,0.38316666666666677
88,2024,4,0.0,random_forest_regressor,0.4779444444444445
88,2024,5,2.0,random_forest_regressor,0.43651587301587313
88,2024,6,0.0,random_forest_regressor,0.42961111111111117
88,2024,7,0.0,random_forest_regressor,0.5137460317460318
88,2024,8,1.0,random_forest_regressor,0.3753333333333333
88,2024,9,0.0,random_forest_regressor,0.28913492063492063
88,2024,11,2.0,random_forest_regressor,0.48922222222222217
88,2024,12,1.0,random_forest_regressor,0.44361111111111123
89,2023,11,0.0,random_forest_regressor,0.5603492063492063
89,2023,12,0.0,random_forest_regressor,0.7661507936507936
89,2024,1,0.0,random_forest_regressor,0.6618650793650792
89,2024,2,0.0,random_forest_regressor,0.6001111111111109
89,2024,3,0.0,random_forest_regressor,0.3788809523809524
89,2024,4,0.0,random_forest_regressor,0.4040555555555555
89,2024,5,2.0,random_forest_regressor,0.3928015873015874
89,2024,6,0.0,random_forest_regressor,0.30956349206349204
89,2024,7,0.0,random_forest_regressor,0.5840079365079366
89,2024,8,1.0,random_forest_regressor,0.5482989417989419
89,2024,9,0.0,random_forest_regressor,0.19377777777777777
89,2024,11,2.0,random_forest_regressor,0.44128571428571434
89,2024,12,1.0,random_forest_regressor,0.472
90,2023,11,1.0,random_forest_regressor,0.25025396825396823
90,2023,12,0.0,random_forest_regressor,0.40214285714285714
90,2024,1,0.0,random_forest_regressor,0.3026349206349206
90,2024,2,0.0,random_forest_regressor,0.3492539682539683
90,2024,3,0.0,random_forest_regressor,0.1533968253968254
90,2024,4,0.0,random_forest_regressor,0.13867460317460317
90,2024,5,0.0,random_forest_regressor,0.29638888888888887
90,2024,6,0.0,random_forest_regressor,0.05744444444444445
90,2024,7,0.0,random_forest_regressor,0.0806111111111111
90,2024,8,0.0,random_forest_regressor,0.09855555555555555
90,2024,9,0.0,random_forest_regressor,0.1403531746031746
90,2024,11,0.0,random_forest_regressor,0.26049999999999995
90,2024,12,0.0,random_forest_regressor,0.40452777777777776
91,2023,11,1.0,random_forest_regressor,0.2379761904761905
91,2023,12,0.0,random_forest_regressor,0.4028650793650793
91,2024,1,0.0,random_forest_regressor,0.28763888888888883
91,2024,2,0.0,random_forest_regressor,0.3586428571428572
91,2024,3,0.0,random_forest_regressor,0.14150793650793653
91,2024,4,0.0,random_forest_regressor,0.21406349206349204
91,2024,5,0.0,random_forest_regressor,0.31542857142857145
91,2024,6,0.0,random_forest_regressor,0.06383333333333333
91,2024,7,0.0,random_forest_regressor,0.045
91,2024,8,0.0,random_forest_regressor,0.12177777777777779
91,2024,9,0.0,random_forest_regressor,0.11880555555555555
91,2024,11,0.0,random_forest_regressor,0.2276666666666666
91,2024,12,0.0,random_forest_regressor,0.3949722222222222
92,2023,11,0.0,random_forest_regressor,0.28555291005291
92,2023,12,0.0,random_forest_regressor,0.3985833333333333
92,2024,1,0.0,random_forest_regressor,0.4029007936507936
92,2024,2,0.0,random_forest_regressor,0.3028849206349206
92,2024,3,1.0,random_forest_regressor,0.2175
92,2024,4,0.0,random_forest_regressor,0.1477301587301587
92,2024,5,0.0,random_forest_regressor,0.2594761904761905
92,2024,6,0.0,random_forest_regressor,0.0896904761904762
92,2024,7,0.0,random_forest_regressor,0.06427777777777778
92,2024,8,0.0,random_forest_regressor,0.1292777777777778
92,2024,9,0.0,random_forest_regressor,0.09913888888888889
92,2024,11,0.0,random_forest_regressor,0.23370634920634922
92,2024,12,0.0,random_forest_regressor,0.4484722222222222
93,2023,11,0.0,random_forest_regressor,0.24499999999999994
93,2023,12,0.0,random_forest_regressor,0.3757222222222222
93,2024,1,0.0,random_forest_regressor,0.36031349206349206
93,2024,2,0.0,random_forest_regressor,0.3369404761904762
93,2024,3,1.0,random_forest_regressor,0.20288888888888887
93,2024,4,0.0,random_forest_regressor,0.24989682539682542
93,2024,5,0.0,random_forest_regressor,0.2641349206349206
93,2024,6,0.0,random_forest_regressor,0.12752380952380954
93,2024,7,0.0,random_forest_regressor,0.12827777777777777
93,2024,8,0.0,random_forest_regressor,0.21449999999999997
93,2024,9,0.0,random_forest_regressor,0.18336111111111114
93,2024,11,0.0,random_forest_regressor,0.24391269841269841
93,2024,12,0.0,random_forest_regressor,0.47425
94,2023,11,1.0,random_forest_regressor,0.5669087301587301
94,2023,12,0.0,random_forest_regressor,0.5682619047619049
94,2024,1,0.0,random_forest_regressor,0.4942936507936507
94,2024,2,1.0,random_forest_regressor,0.633496031746032
94,2024,3,0.0,random_forest_regressor,0.5930793650793651
94,2024,4,1.0,random_forest_regressor,0.5418968253968255
94,2024,5,0.0,random_forest_regressor,0.5440753968253969
94,2024,6,0.0,random_forest_regressor,0.48097619047619056
94,2024,7,0.0,random_forest_regressor,0.5344444444444445
94,2024,8,0.0,random_forest_regressor,0.42816666666666664
94,2024,9,1.0,random_forest_regressor,0.35170238095238104
94,2024,11,0.0,random_forest_regressor,0.5388333333333334
94,2024,12,1.0,random_forest_regressor,0.40677777777777785
95,2023,11,0.0,random_forest_regressor,0.5008809523809523
95,2023,12,0.0,random_forest_regressor,0.5249007936507936
95,2024,1,1.0,random_forest_regressor,0.4382380952380953
95,2024,2,0.0,random_forest_regressor,0.5258531746031744
95,2024,3,0.0,random_forest_regressor,0.3818333333333333
95,2024,4,0.0,random_forest_regressor,0.4886944444444445
95,2024,5,0.0,random_forest_regressor,0.4205714285714286
95,2024,6,0.0,random_forest_regressor,0.3898518518518519
95,2024,7,0.0,random_forest_regressor,0.3965952380952381
95,2024,8,0.0,random_forest_regressor,0.26433333333333336
95,2024,9,0.0,random_forest_regressor,0.27336904761904757
95,2024,11,0.0,random_forest_regressor,0.48967460317460315
95,2024,12,0.0,random_forest_regressor,0.4878333333333335
96,2023,11,0.0,random_forest_regressor,0.515452380952381
96,2023,12,0.0,random_forest_regressor,0.4462500000000001
96,2024,1,1.0,random_forest_regressor,0.34861904761904755
96,2024,2,0.0,random_forest_regressor,0.5409523809523809
96,2024,3,0.0,random_forest_regressor,0.359015873015873
96,2024,4,0.0,random_forest_regressor,0.5660555555555556
96,2024,5,0.0,random_forest_regressor,0.3879047619047619
96,2024,6,0.0,random_forest_regressor,0.27707407407407403
96,2024,7,0.0,random_forest_regressor,0.36700000000000005
96,2024,8,1.0,random_forest_regressor,0.29301587301587306
96,2024,9,0.0,random_forest_regressor,0.23959126984126983
96,2024,11,0.0,random_forest_regressor,0.5158095238095242
96,2024,12,0.0,random_forest_regressor,0.5420119047619048
97,2023,11,1.0,random_forest_regressor,0.3155555555555556
97,2023,12,0.0,random_forest_regressor,0.44588888888888895
97,2024,1,1.0,random_forest_regressor,0.42607936507936517
97,2024,2,1.0,random_forest_regressor,0.3147222222222222
97,2024,3,0.0,random_forest_regressor,0.35124603174603175
97,2024,4,0.0,random_forest_regressor,0.4041507936507936
97,2024,5,0.0,random_forest_regressor,0.27721428571428575
97,2024,6,0.0,random_forest_regressor,0.36966666666666664
97,2024,7,0.0,random_forest_regressor,0.22266666666666665
97,2024,8,0.0,random_forest_regressor,0.24305555555555552
97,2024,9,0.0,random_forest_regressor,0.3808333333333333
97,2024,11,0.0,random_forest_regressor,0.3893650793650794
97,2024,12,0.0,random_forest_regressor,0.3968888888888889
98,2023,11,1.0,random_forest_regressor,0.290888888888889
98,2023,12,0.0,random_forest_regressor,0.4273888888888889
98,2024,1,1.0,random_forest_regressor,0.39824603174603174
98,2024,2,1.0,random_forest_regressor,0.3217777777777778
98,2024,3,0.0,random_forest_regressor,0.32774603174603184
98,2024,4,0.0,random_forest_regressor,0.37812698412698414
98,2024,5,0.0,random_forest_regressor,0.2584920634920635
98,2024,6,0.0,random_forest_regressor,0.3761111111111112
98,2024,7,0.0,random_forest_regressor,0.23973809523809525
98,2024,8,0.0,random_forest_regressor,0.359813492063492
98,2024,9,0.0,random_forest_regressor,0.3738888888888889
98,2024,11,0.0,random_forest_regressor,0.2788174603174604
98,2024,12,0.0,random_forest_regressor,0.3051746031746032
99,2023,11,0.0,random_forest_regressor,0.7008492063492063
99,2023,12,1.0,random_forest_regressor,0.7706944444444443
99,2024,1,1.0,random_forest_regressor,0.5979259259259257
99,2024,2,2.0,random_forest_regressor,0.7284444444444443
99,2024,3,0.0,random_forest_regressor,0.5340476190476191
99,2024,4,2.0,random_forest_regressor,0.4638412698412697
99,2024,5,1.0,random_forest_regressor,0.6432023809523809
99,2024,6,1.0,random_forest_regressor,0.30836904761904765
99,2024,7,1.0,random_forest_regressor,0.35189682539682543
99,2024,8,0.0,random_forest_regressor,0.7047777777777777
99,2024,9,2.0,random_forest_regressor,0.45905555555555555
99,2024,11,0.0,random_forest_regressor,0.6474047619047618
99,2024,12,0.0,random_forest_regressor,0.7566746031746032
100,2023,11,0.0,random_forest_regressor,0.7502658730158732
100,2023,12,1.0,random_forest_regressor,1.014297619047619
100,2024,1,1.0,random_forest_regressor,0.8292420634920636
100,2024,2,2.0,random_forest_regressor,0.9694523809523812
100,2024,3,0.0,random_forest_regressor,0.9942499999999997
100,2024,4,2.0,random_forest_regressor,1.1595833333333334
100,2024,5,1.0,random_forest_regressor,0.8134999999999999
100,2024,6,1.0,random_forest_regressor,0.7508068783068782
100,2024,7,1.0,random_forest_regressor,0.8939656084656081
100,2024,8,0.0,random_forest_regressor,0.6856666666666668
100,2024,9,2.0,random_forest_regressor,0.538888888888889
100,2024,11,0.0,random_forest_regressor,1.0044563492063492
100,2024,12,0.0,random_forest_regressor,0.8607698412698415
101,2023,11,2.0,random_forest_regressor,0.693404761904762
101,2023,12,0.0,random_forest_regressor,0.872333333333333
101,2024,1,1.0,random_forest_regressor,0.48077777777777775
101,2024,2,2.0,random_forest_regressor,0.5798968253968254
101,2024,3,1.0,random_forest_regressor,0.6199960317460318
101,2024,4,0.0,random_forest_regressor,0.4808611111111111
101,2024,5,0.0,random_forest_regressor,0.9779365079365082
101,2024,6,1.0,random_forest_regressor,0.39180555555555563
101,2024,7,2.0,random_forest_regressor,0.2769444444444445
101,2024,8,2.0,random_forest_regressor,0.7583571428571428
101,2024,9,0.0,random_forest_regressor,0.6831111111111109
101,2024,11,1.0,random_forest_regressor,0.6306468253968256
101,2024,12,1.0,random_forest_regressor,0.7337857142857144
102,2023,11,2.0,random_forest_regressor,0.6818492063492063
102,2023,12,0.0,random_forest_regressor,0.7999761904761902
102,2024,1,1.0,random_forest_regressor,0.4916428571428571
102,2024,2,2.0,random_forest_regressor,0.5840277777777778
102,2024,3,1.0,random_forest_regressor,0.6170317460317462
102,2024,4,0.0,random_forest_regressor,0.4877301587301587
102,2024,5,0.0,random_forest_regressor,0.9186507936507937
102,2024,6,1.0,random_forest_regressor,0.38390476190476186
102,2024,7,2.0,random_forest_regressor,0.21761111111111112
102,2024,8,2.0,random_forest_regressor,0.761214285714286
102,2024,9,0.0,random_forest_regressor,0.5203253968253967
102,2024,11,1.0,random_forest_regressor,0.6314246031746031
102,2024,12,1.0,random_forest_regressor,0.7290912698412697
103,2023,11,0.0,random_forest_regressor,0.3248809523809524
103,2023,12,0.0,random_forest_regressor,0.577892857142857
103,2024,1,0.0,random_forest_regressor,0.324638888888889
103,2024,2,0.0,random_forest_regressor,0.49589285714285725
103,2024,3,0.0,random_forest_regressor,0.13511904761904764
103,2024,4,0.0,random_forest_regressor,0.16526190476190478
103,2024,5,0.0,random_forest_regressor,0.47659523809523807
103,2024,6,0.0,random_forest_regressor,0.09823809523809524
103,2024,7,0.0,random_forest_regressor,0.0768888888888889
103,2024,8,0.0,random_forest_regressor,0.28964285714285715
103,2024,9,0.0,random_forest_regressor,0.2850476190476191
103,2024,11,0.0,random_forest_regressor,0.20469841269841269
103,2024,12,0.0,random_forest_regressor,0.4665634920634921
104,2023,11,0.0,random_forest_regressor,0.3536507936507937
104,2023,12,0.0,random_forest_regressor,0.6905952380952379
104,2024,1,0.0,random_forest_regressor,0.37408333333333343
104,2024,2,0.0,random_forest_regressor,0.6434007936507934
104,2024,3,0.0,random_forest_regressor,0.23053571428571432
104,2024,4,0.0,random_forest_regressor,0.31920634920634927
104,2024,5,0.0,random_forest_regressor,0.5285317460317461
104,2024,6,0.0,random_forest_regressor,0.1552777777777778
104,2024,7,0.0,random_forest_regressor,0.11744444444444445
104,2024,8,0.0,random_forest_regressor,0.3495317460317461
104,2024,9,0.0,random_forest_regressor,0.2624444444444444
104,2024,11,0.0,random_forest_regressor,0.208031746031746
104,2024,12,0.0,random_forest_regressor,0.513904761904762
105,2023,11,1.0,random_forest_regressor,0.5763650793650792
105,2023,12,0.0,random_forest_regressor,0.7603637566137567
105,2024,1,0.0,random_forest_regressor,0.5912341269841271
105,2024,2,1.0,random_forest_regressor,0.7737883597883598
105,2024,3,0.0,random_forest_regressor,0.6970396825396825
105,2024,4,0.0,random_forest_regressor,0.6358611111111112
105,2024,5,0.0,random_forest_regressor,0.9099841269841275
105,2024,6,0.0,random_forest_regressor,0.38498809523809513
105,2024,7,0.0,random_forest_regressor,0.5657777777777779
105,2024,8,0.0,random_forest_regressor,0.3908888888888889
105,2024,9,0.0,random_forest_regressor,0.4590436507936506
105,2024,11,0.0,random_forest_regressor,0.5042579365079365
105,2024,12,0.0,random_forest_regressor,0.7247804232804232
106,2023,11,1.0,random_forest_regressor,0.5652261904761903
106,2023,12,0.0,random_forest_regressor,0.7035383597883595
106,2024,1,0.0,random_forest_regressor,0.5179722222222223
106,2024,2,1.0,random_forest_regressor,0.7390939153439151
106,2024,3,0.0,random_forest_regressor,0.6595555555555556
106,2024,4,0.0,random_forest_regressor,0.6367222222222223
106,2024,5,0.0,random_forest_regressor,0.5906111111111111
106,2024,6,0.0,random_forest_regressor,0.2771666666666667
106,2024,7,0.0,random_forest_regressor,0.3501031746031746
106,2024,8,0.0,random_forest_regressor,0.16633333333333336
106,2024,9,0.0,random_forest_regressor,0.34477777777777774
106,2024,11,0.0,random_forest_regressor,0.3830555555555556
106,2024,12,0.0,random_forest_regressor,0.5510740740740739
107,2023,11,1.0,random_forest_regressor,1.6233650793650793
107,2023,12,1.0,random_forest_regressor,1.1134801587301586
107,2024,1,0.0,random_forest_regressor,1.0534365079365078
107,2024,2,2.0,random_forest_regressor,1.4268888888888887
107,2024,3,2.0,random_forest_regressor,2.0024563492063487
107,2024,4,0.0,random_forest_regressor,2.25988492063492
107,2024,5,3.0,random_forest_regressor,2.134949735449736
107,2024,6,2.0,random_forest_regressor,2.3297751322751328
107,2024,7,0.0,random_forest_regressor,1.9273981481481486
107,2024,8,0.0,random_forest_regressor,1.8692076719576713
107,2024,9,3.0,random_forest_regressor,2.2047791005291013
107,2024,11,2.0,random_forest_regressor,2.0083452380952376
107,2024,12,0.0,random_forest_regressor,1.5241230158730164
108,2023,11,0.0,random_forest_regressor,0.8507857142857143
108,2023,12,0.0,random_forest_regressor,1.1903134920634926
108,2024,1,0.0,random_forest_regressor,0.7385873015873017
108,2024,2,0.0,random_forest_regressor,0.9114047619047619
108,2024,3,0.0,random_forest_regressor,0.5116111111111111
108,2024,4,0.0,random_forest_regressor,0.4699444444444444
108,2024,5,0.0,random_forest_regressor,0.49162433862433846
108,2024,6,0.0,random_forest_regressor,0.28761111111111104
108,2024,7,1.0,random_forest_regressor,0.3024444444444444
108,2024,8,1.0,random_forest_regressor,0.5131666666666668
108,2024,9,1.0,random_forest_regressor,0.39869841269841266
108,2024,11,0.0,random_forest_regressor,0.6417817460317459
108,2024,12,0.0,random_forest_regressor,0.7868412698412696
109,2023,11,0.0,random_forest_regressor,0.6684325396825397
109,2023,12,0.0,random_forest_regressor,0.9722857142857144
109,2024,1,0.0,random_forest_regressor,0.8288730158730157
109,2024,2,0.0,random_forest_regressor,0.7602341269841271
109,2024,3,0.0,random_forest_regressor,0.8614999999999999
109,2024,4,0.0,random_forest_regressor,0.6814603174603177
109,2024,5,0.0,random_forest_regressor,0.998436507936508
109,2024,6,0.0,random_forest_regressor,1.578166666666667
109,2024,7,0.0,random_forest_regressor,1.3267103174603176
109,2024,8,0.0,random_forest_regressor,1.8311904761904767
109,2024,9,2.0,random_forest_regressor,0.5967777777777777
109,2024,11,0.0,random_forest_regressor,0.7499761904761906
109,2024,12,0.0,random_forest_regressor,0.790357142857143
110,2023,11,1.0,random_forest_regressor,0.8064682539682543
110,2023,12,0.0,random_forest_regressor,0.9324682539682541
110,2024,1,0.0,random_forest_regressor,0.6539933862433863
110,2024,2,1.0,random_forest_regressor,0.7667936507936507
110,2024,3,0.0,random_forest_regressor,0.9737777777777775
110,2024,4,1.0,random_forest_regressor,0.6734126984126986
110,2024,5,0.0,random_forest_regressor,0.8012433862433862
110,2024,6,0.0,random_forest_regressor,0.5193333333333334
110,2024,7,0.0,random_forest_regressor,0.5699021164021163
110,2024,8,0.0,random_forest_regressor,0.6009973544973545
110,2024,9,1.0,random_forest_regressor,0.5916507936507936
110,2024,11,0.0,random_forest_regressor,0.6354365079365081
110,2024,12,1.0,random_forest_regressor,0.6420634920634921
111,2023,11,1.0,random_forest_regressor,1.3147738095238093
111,2023,12,1.0,random_forest_regressor,1.2982777777777776
111,2024,1,0.0,random_forest_regressor,0.934361111111111
111,2024,2,0.0,random_forest_regressor,1.2641349206349204
111,2024,3,1.0,random_forest_regressor,0.9878359788359788
111,2024,4,2.0,random_forest_regressor,0.9668650793650794
111,2024,5,0.0,random_forest_regressor,0.8896534391534391
111,2024,6,2.0,random_forest_regressor,0.6748835978835981
111,2024,7,1.0,random_forest_regressor,0.8072169312169313
111,2024,8,0.0,random_forest_regressor,1.098133597883598
111,2024,9,0.0,random_forest_regressor,1.258526455026455
111,2024,11,2.0,random_forest_regressor,1.0411746031746032
111,2024,12,1.0,random_forest_regressor,1.109956349206349
112,2023,11,0.0,random_forest_regressor,0.7120714285714287
112,2023,12,1.0,random_forest_regressor,0.9916865079365083
112,2024,1,0.0,random_forest_regressor,0.5770317460317461
112,2024,2,0.0,random_forest_regressor,0.6918134920634922
112,2024,3,0.0,random_forest_regressor,0.39686111111111105
112,2024,4,0.0,random_forest_regressor,0.23180555555555551
112,2024,5,0.0,random_forest_regressor,0.6395079365079362
112,2024,6,0.0,random_forest_regressor,0.2195992063492064
112,2024,7,0.0,random_forest_regressor,0.1929166666666667
112,2024,8,2.0,random_forest_regressor,0.48885317460317473
112,2024,9,0.0,random_forest_regressor,0.37183730158730155
112,2024,11,0.0,random_forest_regressor,0.553892857142857
112,2024,12,0.0,random_forest_regressor,0.7889801587301585
113,2023,11,0.0,random_forest_regressor,0.6747619047619047
113,2023,12,1.0,random_forest_regressor,0.657095238095238
113,2024,1,0.0,random_forest_regressor,0.3923703703703705
113,2024,2,0.0,random_forest_regressor,0.5763174603174602
113,2024,3,0.0,random_forest_regressor,0.35270634920634925
113,2024,4,0.0,random_forest_regressor,0.3582619047619048
113,2024,5,0.0,random_forest_regressor,0.5030555555555555
113,2024,6,0.0,random_forest_regressor,0.23272222222222225
113,2024,7,0.0,random_forest_regressor,0.3931746031746032
113,2024,8,0.0,random_forest_regressor,0.4290317460317461
113,2024,9,0.0,random_forest_regressor,0.4329444444444444
113,2024,11,0.0,random_forest_regressor,0.4172857142857143
113,2024,12,0.0,random_forest_regressor,0.5761825396825397
114,2023,11,0.0,random_forest_regressor,0.6231031746031745
114,2023,12,1.0,random_forest_regressor,0.613626984126984
114,2024,1,0.0,random_forest_regressor,0.3880449735449735
114,2024,2,0.0,random_forest_regressor,0.6213412698412699
114,2024,3,0.0,random_forest_regressor,0.4604603174603175
114,2024,4,0.0,random_forest_regressor,0.5060952380952379
114,2024,5,0.0,random_forest_regressor,0.4254722222222222
114,2024,6,0.0,random_forest_regressor,0.24844444444444438
114,2024,7,0.0,random_forest_regressor,0.37925793650793643
114,2024,8,0.0,random_forest_regressor,0.4833095238095237
114,2024,9,0.0,random_forest_regressor,0.39072222222222225
114,2024,11,0.0,random_forest_regressor,0.4217619047619047
114,2024,12,0.0,random_forest_regressor,0.554861111111111
115,2023,11,1.0,random_forest_regressor,1.1269920634920634
115,2023,12,2.0,random_forest_regressor,0.922174603174603
115,2024,1,1.0,random_forest_regressor,0.7256587301587303
115,2024,2,1.0,random_forest_regressor,1.0407777777777778
115,2024,3,1.0,random_forest_regressor,0.49923809523809526
115,2024,4,1.0,random_forest_regressor,0.9418095238095238
115,2024,5,1.0,random_forest_regressor,0.6495873015873019
115,2024,6,0.0,random_forest_regressor,0.4251349206349206
115,2024,7,2.0,random_forest_regressor,0.6093174603174606
115,2024,8,0.0,random_forest_regressor,0.8501190476190477
115,2024,9,0.0,random_forest_regressor,0.9254682539682539
115,2024,11,0.0,random_forest_regressor,0.7484682539682542
115,2024,12,1.0,random_forest_regressor,0.675
116,2023,11,1.0,random_forest_regressor,0.5921572871572873
116,2023,12,0.0,random_forest_regressor,0.7207857142857139
116,2024,1,0.0,random_forest_regressor,0.3649880952380952
116,2024,2,2.0,random_forest_regressor,0.6255912698412699
116,2024,3,0.0,random_forest_regressor,0.330734126984127
116,2024,4,0.0,random_forest_regressor,0.3455357142857143
116,2024,5,2.0,random_forest_regressor,0.3496428571428571
116,2024,6,0.0,random_forest_regressor,0.12511111111111112
116,2024,7,0.0,random_forest_regressor,0.10849999999999999
116,2024,8,0.0,random_forest_regressor,0.29711111111111116
116,2024,9,0.0,random_forest_regressor,0.2861666666666667
116,2024,11,1.0,random_forest_regressor,0.3426150793650793
116,2024,12,1.0,random_forest_regressor,0.45451587301587326
117,2023,11,1.0,random_forest_regressor,0.5793318903318904
117,2023,12,0.0,random_forest_regressor,0.8103571428571427
117,2024,1,0.0,random_forest_regressor,0.4297103174603174
117,2024,2,2.0,random_forest_regressor,0.631343795093795
117,2024,3,0.0,random_forest_regressor,0.41946428571428573
117,2024,4,0.0,random_forest_regressor,0.4195357142857144
117,2024,5,2.0,random_forest_regressor,0.3724801587301588
117,2024,6,0.0,random_forest_regressor,0.16488888888888886
117,2024,7,0.0,random_forest_regressor,0.21355555555555555
117,2024,8,0.0,random_forest_regressor,0.3475119047619048
117,2024,9,0.0,random_forest_regressor,0.3
117,2024,11,1.0,random_forest_regressor,0.4192499999999999
117,2024,12,1.0,random_forest_regressor,0.5918373015873019
118,2023,11,3.0,random_forest_regressor,2.223511904761906
118,2023,12,0.0,random_forest_regressor,1.419218253968254
118,2024,1,1.0,random_forest_regressor,1.0333769841269842
118,2024,2,1.0,random_forest_regressor,1.9929603174603183
118,2024,3,0.0,random_forest_regressor,2.0286071428571426
118,2024,4,1.0,random_forest_regressor,1.9044272486772493
118,2024,5,2.0,random_forest_regressor,1.1574862914862913
118,2024,6,2.0,random_forest_regressor,0.7319227994227994
118,2024,7,1.0,random_forest_regressor,0.6890555555555554
118,2024,8,0.0,random_forest_regressor,0.83975
118,2024,9,0.0,random_forest_regressor,0.8918434343434344
118,2024,11,4.0,random_forest_regressor,1.6544669312169307
118,2024,12,1.0,random_forest_regressor,1.285456349206349
119,2023,11,3.0,random_forest_regressor,0.6065833333333336
119,2023,12,0.0,random_forest_regressor,0.816558201058201
119,2024,1,1.0,random_forest_regressor,0.7079007936507938
119,2024,2,1.0,random_forest_regressor,0.7954074074074076
119,2024,3,0.0,random_forest_regressor,0.866043650793651
119,2024,4,1.0,random_forest_regressor,0.720888888888889
119,2024,5,2.0,random_forest_regressor,0.9405992063492066
119,2024,6,2.0,random_forest_regressor,0.4743015873015872
119,2024,7,1.0,random_forest_regressor,0.6877023809523809
119,2024,8,0.0,random_forest_regressor,0.6069444444444445
119,2024,9,0.0,random_forest_regressor,0.572404761904762
119,2024,11,4.0,random_forest_regressor,0.7463015873015874
119,2024,12,1.0,random_forest_regressor,0.8317962962962963
120,2023,11,0.0,random_forest_regressor,0.33033333333333337
120,2023,12,2.0,random_forest_regressor,0.6972579365079364
120,2024,1,1.0,random_forest_regressor,0.2718055555555555
120,2024,2,0.0,random_forest_regressor,0.5315079365079364
120,2024,3,0.0,random_forest_regressor,0.1063888888888889
120,2024,4,0.0,random_forest_regressor,0.1667579365079365
120,2024,5,1.0,random_forest_regressor,0.22529365079365082
120,2024,6,0.0,random_forest_regressor,0.07738888888888891
120,2024,7,0.0,random_forest_regressor,0.11950000000000001
120,2024,8,0.0,random_forest_regressor,0.20988888888888887
120,2024,9,1.0,random_forest_regressor,0.179484126984127
120,2024,11,0.0,random_forest_regressor,0.26909523809523817
120,2024,12,1.0,random_forest_regressor,0.4760158730158731
121,2023,11,0.0,random_forest_regressor,0.5133333333333334
121,2023,12,2.0,random_forest_regressor,0.8304523809523809
121,2024,1,1.0,random_forest_regressor,0.31338888888888883
121,2024,2,0.0,random_forest_regressor,0.7045039682539683
121,2024,3,0.0,random_forest_regressor,0.1627777777777778
121,2024,4,0.0,random_forest_regressor,0.2296190476190476
121,2024,5,1.0,random_forest_regressor,0.24711904761904763
121,2024,6,0.0,random_forest_regressor,0.07359788359788359
121,2024,7,0.0,random_forest_regressor,0.09744444444444446
121,2024,8,0.0,random_forest_regressor,0.2182777777777778
121,2024,9,1.0,random_forest_regressor,0.15415343915343915
121,2024,11,0.0,random_forest_regressor,0.33092857142857146
121,2024,12,0.0,random_forest_regressor,0.48284920634920636
122,2023,11,0.0,random_forest_regressor,1.5321825396825393
122,2023,12,1.0,random_forest_regressor,1.0411666666666668
122,2024,1,2.0,random_forest_regressor,0.8461269841269842
122,2024,2,1.0,random_forest_regressor,1.6569801587301582
122,2024,3,0.0,random_forest_regressor,1.422548941798941
122,2024,4,3.0,random_forest_regressor,1.489751322751322
122,2024,5,1.0,random_forest_regressor,1.0268095238095236
122,2024,6,0.0,random_forest_regressor,0.836994708994709
122,2024,7,0.0,random_forest_regressor,0.6999629629629631
122,2024,8,0.0,random_forest_regressor,0.4571666666666668
122,2024,9,0.0,random_forest_regressor,0.4315992063492063
122,2024,11,4.0,random_forest_regressor,0.5537579365079366
122,2024,12,2.0,random_forest_regressor,0.5545780423280423
123,2024,11,0.0,random_forest_regressor,0.7319404761904763
123,2024,12,0.0,random_forest_regressor,0.8500515873015874
124,2023,11,0.0,random_forest_regressor,0.5379444444444444
124,2023,12,1.0,random_forest_regressor,0.6989206349206349
124,2024,1,0.0,random_forest_regressor,0.4626587301587301
124,2024,2,0.0,random_forest_regressor,0.6331626984126983
124,2024,3,0.0,random_forest_regressor,0.28675396825396826
124,2024,4,1.0,random_forest_regressor,0.2902460317460317
124,2024,5,0.0,random_forest_regressor,0.4530793650793651
124,2024,6,0.0,random_forest_regressor,0.33615079365079364
124,2024,7,0.0,random_forest_regressor,0.341484126984127
124,2024,8,0.0,random_forest_regressor,0.5366349206349207
124,2024,11,0.0,random_forest_regressor,0.7326071428571429
124,2024,12,0.0,random_forest_regressor,0.8500515873015874
125,2023,11,0.0,random_forest_regressor,1.3264761904761904
125,2023,12,1.0,random_forest_regressor,0.7645793650793652
125,2024,1,2.0,random_forest_regressor,0.8413968253968254
125,2024,2,1.0,random_forest_regressor,1.5214682539682538
125,2024,3,0.0,random_forest_regressor,1.5530727513227511
125,2024,4,3.0,random_forest_regressor,1.641888888888889
125,2024,5,1.0,random_forest_regressor,1.045329365079365
125,2024,6,0.0,random_forest_regressor,0.890777777777778
125,2024,7,0.0,random_forest_regressor,0.6805079365079368
125,2024,8,0.0,random_forest_regressor,0.8560687830687831
125,2024,9,0.0,random_forest_regressor,1.782857142857143
125,2024,11,4.0,random_forest_regressor,1.7751547619047623
125,2024,12,2.0,random_forest_regressor,0.8148359788359792
126,2023,11,0.0,random_forest_regressor,0.8676666666666667
126,2023,12,1.0,random_forest_regressor,1.0860039682539684
126,2024,1,1.0,random_forest_regressor,0.6461666666666669
126,2024,2,1.0,random_forest_regressor,0.9071190476190475
126,2024,3,0.0,random_forest_regressor,0.5132222222222222
126,2024,4,0.0,random_forest_regressor,0.579888888888889
126,2024,5,0.0,random_forest_regressor,0.6182380952380954
126,2024,6,0.0,random_forest_regressor,0.5426666666666667
126,2024,7,1.0,random_forest_regressor,0.5376190476190477
126,2024,8,0.0,random_forest_regressor,0.648047619047619
126,2024,9,1.0,random_forest_regressor,0.8060396825396827
126,2024,11,1.0,random_forest_regressor,0.6658730158730161
126,2024,12,0.0,random_forest_regressor,0.877313492063492
127,2023,11,1.0,random_forest_regressor,0.7442777777777778
127,2023,12,1.0,random_forest_regressor,0.9474047619047622
127,2024,1,0.0,random_forest_regressor,0.6030476190476193
127,2024,2,0.0,random_forest_regressor,0.7146746031746032
127,2024,3,0.0,random_forest_regressor,0.3641587301587302
127,2024,4,2.0,random_forest_regressor,0.26081349206349214
127,2024,5,0.0,random_forest_regressor,0.5786666666666663
127,2024,6,1.0,random_forest_regressor,0.23494444444444448
127,2024,7,0.0,random_forest_regressor,0.19865740740740745
127,2024,8,2.0,random_forest_regressor,0.3849444444444444
127,2024,9,0.0,random_forest_regressor,0.3406746031746032
127,2024,11,0.0,random_forest_regressor,0.5653095238095237
127,2024,12,0.0,random_forest_regressor,0.7773333333333331
128,2023,11,0.0,random_forest_regressor,0.6549603174603175
128,2023,12,0.0,random_forest_regressor,0.6740277777777779
128,2024,1,0.0,random_forest_regressor,0.3660555555555555
128,2024,2,0.0,random_forest_regressor,0.7158571428571429
128,2024,3,0.0,random_forest_regressor,0.4046071428571429
128,2024,4,0.0,random_forest_regressor,0.5495079365079366
128,2024,5,0.0,random_forest_regressor,0.46938888888888897
128,2024,6,1.0,random_forest_regressor,0.45709788359788356
128,2024,7,0.0,random_forest_regressor,0.5599325396825396
128,2024,8,0.0,random_forest_regressor,0.6800992063492066
128,2024,9,0.0,random_forest_regressor,0.6993134920634922
128,2024,11,1.0,random_forest_regressor,0.5081111111111111
128,2024,12,2.0,random_forest_regressor,0.5492301587301589
129,2023,11,0.0,random_forest_regressor,0.5851984126984129
129,2023,12,0.0,random_forest_regressor,0.67625
129,2024,1,0.0,random_forest_regressor,0.34019841269841267
129,2024,2,0.0,random_forest_regressor,0.688857142857143
129,2024,3,0.0,random_forest_regressor,0.3805793650793651
129,2024,4,0.0,random_forest_regressor,0.5252857142857144
129,2024,5,0.0,random_forest_regressor,0.38711904761904764
129,2024,6,1.0,random_forest_regressor,0.3586851851851851
129,2024,7,0.0,random_forest_regressor,0.5069523809523808
129,2024,8,0.0,random_forest_regressor,0.7710674603174607
129,2024,9,0.0,random_forest_regressor,0.5380277777777778
129,2024,11,1.0,random_forest_regressor,0.4570555555555556
129,2024,12,2.0,random_forest_regressor,0.5143412698412698
131,2023,11,0.0,random_forest_regressor,0.5146071428571428
131,2023,12,0.0,random_forest_regressor,0.8274285714285714
131,2024,1,0.0,random_forest_regressor,0.3790079365079365
131,2024,2,0.0,random_forest_regressor,0.634123015873016
131,2024,3,0.0,random_forest_regressor,0.23236904761904764
131,2024,4,0.0,random_forest_regressor,0.20299999999999999
131,2024,5,0.0,random_forest_regressor,0.22361904761904763
131,2024,6,1.0,random_forest_regressor,0.14199999999999996
131,2024,7,0.0,random_forest_regressor,0.2087301587301587
131,2024,8,0.0,random_forest_regressor,0.5546666666666666
131,2024,9,0.0,random_forest_regressor,0.18938492063492063
131,2024,11,0.0,random_forest_regressor,0.30003571428571435
131,2024,12,0.0,random_forest_regressor,0.5114603174603174
132,2023,11,0.0,random_forest_regressor,0.3475833333333334
132,2023,12,0.0,random_forest_regressor,0.4339246031746032
132,2024,1,0.0,random_forest_regressor,0.49917063492063496
132,2024,2,0.0,random_forest_regressor,0.4095912698412697
132,2024,3,0.0,random_forest_regressor,0.2671746031746032
132,2024,4,0.0,random_forest_regressor,0.2158809523809524
132,2024,5,0.0,random_forest_regressor,0.49036507936507956
132,2024,6,0.0,random_forest_regressor,0.14581746031746035
132,2024,7,0.0,random_forest_regressor,0.09415079365079365
132,2024,8,0.0,random_forest_regressor,0.21106349206349206
132,2024,9,0.0,random_forest_regressor,0.24090079365079367
132,2024,11,0.0,random_forest_regressor,0.27230158730158727
132,2024,12,0.0,random_forest_regressor,0.459793650793651
133,2023,11,0.0,random_forest_regressor,0.5567182539682539
133,2023,12,0.0,random_forest_regressor,0.556015873015873
133,2024,1,0.0,random_forest_regressor,0.581531746031746
133,2024,2,0.0,random_forest_regressor,0.6112103174603175
133,2024,3,0.0,random_forest_regressor,0.3616428571428571
133,2024,4,0.0,random_forest_regressor,0.40223015873015866
133,2024,5,0.0,random_forest_regressor,0.4603412698412699
133,2024,6,0.0,random_forest_regressor,0.26123412698412696
133,2024,7,0.0,random_forest_regressor,0.2115079365079365
133,2024,8,0.0,random_forest_regressor,0.3181944444444445
133,2024,9,0.0,random_forest_regressor,0.37658333333333344
133,2024,11,0.0,random_forest_regressor,0.375563492063492
133,2024,12,0.0,random_forest_regressor,0.5602380952380952
134,2023,11,0.0,random_forest_regressor,0.3864469696969697
134,2023,12,0.0,random_forest_regressor,0.5389059644059645
134,2024,1,0.0,random_forest_regressor,0.2801666666666667
134,2024,2,0.0,random_forest_regressor,0.5701123136123135
134,2024,3,0.0,random_forest_regressor,0.3058968253968255
134,2024,4,0.0,random_forest_regressor,0.3756746031746032
134,2024,5,0.0,random_forest_regressor,0.5049206349206351
134,2024,6,0.0,random_forest_regressor,0.24
134,2024,7,0.0,random_forest_regressor,0.22075000000000003
134,2024,8,0.0,random_forest_regressor,0.21133333333333332
134,2024,9,0.0,random_forest_regressor,0.29882936507936514
134,2024,11,1.0,random_forest_regressor,0.4128253968253969
134,2024,12,0.0,random_forest_regressor,0.5076097883597883
135,2023,11,0.0,random_forest_regressor,0.2601111111111111
135,2023,12,0.0,random_forest_regressor,0.40951851851851845
135,2024,1,0.0,random_forest_regressor,0.22375396825396823
135,2024,2,0.0,random_forest_regressor,0.4766851851851851
135,2024,3,0.0,random_forest_regressor,0.18167460317460316
135,2024,4,0.0,random_forest_regressor,0.31745238095238093
135,2024,5,0.0,random_forest_regressor,0.4217222222222223
135,2024,6,0.0,random_forest_regressor,0.1884126984126984
135,2024,7,0.0,random_forest_regressor,0.19527777777777777
135,2024,8,0.0,random_forest_regressor,0.1875
135,2024,9,0.0,random_forest_regressor,0.16865079365079366
135,2024,11,0.0,random_forest_regressor,0.21338888888888893
135,2024,12,0.0,random_forest_regressor,0.3410740740740741
136,2023,11,1.0,random_forest_regressor,0.6684444444444444
136,2023,12,0.0,random_forest_regressor,0.9142777777777776
136,2024,1,0.0,random_forest_regressor,0.36129894179894184
136,2024,2,1.0,random_forest_regressor,0.8579047619047618
136,2024,3,0.0,random_forest_regressor,0.37214285714285716
136,2024,4,0.0,random_forest_regressor,0.33847619047619054
136,2024,5,0.0,random_forest_regressor,0.40666666666666673
136,2024,6,0.0,random_forest_regressor,0.265388888888889
136,2024,7,0.0,random_forest_regressor,0.3499761904761905
136,2024,8,0.0,random_forest_regressor,0.3739484126984127
136,2024,9,2.0,random_forest_regressor,0.8078055555555553
136,2024,11,0.0,random_forest_regressor,0.3785952380952381
136,2024,12,1.0,random_forest_regressor,0.6344206349206348
137,2023,11,0.0,random_forest_regressor,1.3918968253968256
137,2023,12,2.0,random_forest_regressor,1.1088095238095237
137,2024,1,1.0,random_forest_regressor,1.1010793650793649
137,2024,2,1.0,random_forest_regressor,1.477071428571429
137,2024,3,0.0,random_forest_regressor,1.2811626984126987
137,2024,4,1.0,random_forest_regressor,1.1523253968253973
137,2024,5,1.0,random_forest_regressor,1.000547619047619
137,2024,6,0.0,random_forest_regressor,0.9385952380952379
137,2024,7,0.0,random_forest_regressor,0.9852063492063492
137,2024,8,0.0,random_forest_regressor,1.2201203703703705
137,2024,9,2.0,random_forest_regressor,1.088718253968254
137,2024,11,3.0,random_forest_regressor,1.3991732804232806
137,2024,12,1.0,random_forest_regressor,1.2677063492063494
138,2023,11,1.0,random_forest_regressor,1.6156666666666675
138,2023,12,2.0,random_forest_regressor,1.3959444444444442
138,2024,1,1.0,random_forest_regressor,1.5104920634920633
138,2024,2,1.0,random_forest_regressor,1.4236904761904765
138,2024,3,1.0,random_forest_regressor,1.3765
138,2024,4,1.0,random_forest_regressor,1.4788095238095247
138,2024,5,1.0,random_forest_regressor,1.3441190476190477
138,2024,6,0.0,random_forest_regressor,1.3881111111111115
138,2024,7,0.0,random_forest_regressor,1.3112261904761906
138,2024,8,0.0,random_forest_regressor,1.1461825396825398
138,2024,9,1.0,random_forest_regressor,1.0890634920634923
138,2024,11,3.0,random_forest_regressor,1.412333333333333
138,2024,12,1.0,random_forest_regressor,1.381777777777777
139,2023,11,0.0,random_forest_regressor,0.7903690476190476
139,2023,12,0.0,random_forest_regressor,0.8301904761904759
139,2024,1,0.0,random_forest_regressor,0.519977513227513
139,2024,2,0.0,random_forest_regressor,0.7306785714285713
139,2024,3,0.0,random_forest_regressor,0.5715396825396826
139,2024,4,0.0,random_forest_regressor,0.3751111111111111
139,2024,5,1.0,random_forest_regressor,0.8030079365079366
139,2024,6,0.0,random_forest_regressor,0.6103650793650794
139,2024,7,1.0,random_forest_regressor,0.47927777777777775
139,2024,8,0.0,random_forest_regressor,0.8398253968253971
139,2024,9,0.0,random_forest_regressor,0.9227539682539682
139,2024,11,0.0,random_forest_regressor,0.5468015873015875
139,2024,12,0.0,random_forest_regressor,0.6602222222222222
140,2023,11,1.0,random_forest_regressor,1.036595238095238
140,2023,12,0.0,random_forest_regressor,1.132488095238095
140,2024,1,2.0,random_forest_regressor,0.8362063492063491
140,2024,2,0.0,random_forest_regressor,1.0586309523809523
140,2024,3,1.0,random_forest_regressor,1.7743492063492063
140,2024,4,0.0,random_forest_regressor,1.0320952380952382
140,2024,5,3.0,random_forest_regressor,1.8033425925925926
140,2024,6,0.0,random_forest_regressor,2.4106145983646
140,2024,7,3.0,random_forest_regressor,1.5725000000000002
140,2024,8,0.0,random_forest_regressor,1.927854497354498
140,2024,9,4.0,random_forest_regressor,2.2583963443963446
140,2024,11,1.0,random_forest_regressor,1.6966428571428567
140,2024,12,2.0,random_forest_regressor,0.9852777777777777
142,2023,11,0.0,random_forest_regressor,1.1793253968253963
143,2023,12,1.0,random_forest_regressor,1.437916666666667
143,2024,1,2.0,random_forest_regressor,1.3904801587301592
143,2024,2,2.0,random_forest_regressor,1.6497976190476196
143,2024,3,1.0,random_forest_regressor,1.6526706349206357
143,2024,4,1.0,random_forest_regressor,1.8952182539682543
143,2024,5,2.0,random_forest_regressor,1.7543386243386256
143,2024,6,0.0,random_forest_regressor,1.9439179894179897
143,2024,7,0.0,random_forest_regressor,1.6106666666666671
143,2024,8,0.0,random_forest_regressor,1.484255291005291
143,2024,9,6.0,random_forest_regressor,1.7298293650793657
143,2024,11,3.0,random_forest_regressor,1.5627023809523812
143,2024,12,1.0,random_forest_regressor,1.4050753968253975
144,2024,1,1.0,random_forest_regressor,0.5408373015873015
