site_id,year,month,crash_happened_500m,model,predicted_label,predicted_probability
1,2023,11,1,logistic_regression,1,0.6918119608179866
1,2023,12,1,logistic_regression,1,0.6835518612693958
1,2024,1,0,logistic_regression,1,0.6692175958350984
1,2024,2,0,logistic_regression,1,0.6267852357979123
1,2024,3,0,logistic_regression,1,0.5734061554387577
1,2024,4,1,logistic_regression,1,0.6982849963521812
1,2024,5,1,logistic_regression,1,0.5727423333749022
1,2024,6,0,logistic_regression,1,0.6556892833467237
1,2024,7,0,logistic_regression,1,0.6081580039045168
1,2024,8,1,logistic_regression,1,0.6653359503526628
1,2024,9,0,logistic_regression,1,0.7382406450837664
1,2024,11,0,logistic_regression,1,0.6252867903238118
1,2024,12,0,logistic_regression,1,0.5818910107168466
2,2023,11,1,logistic_regression,1,0.8303314079046693
2,2023,12,0,logistic_regression,1,0.7943538542850579
2,2024,1,0,logistic_regression,1,0.7708630689976737
2,2024,2,0,logistic_regression,1,0.7366363030049949
2,2024,3,1,logistic_regression,1,0.7380215171759985
2,2024,4,0,logistic_regression,1,0.7789693731286699
2,2024,5,1,logistic_regression,1,0.7165556410035787
2,2024,6,0,logistic_regression,1,0.7899847134882608
2,2024,7,0,logistic_regression,1,0.7361053099492177
2,2024,8,0,logistic_regression,1,0.8026447617107296
2,2024,9,0,logistic_regression,1,0.8830936329306297
2,2024,11,0,logistic_regression,1,0.7840973910761373
2,2024,12,0,logistic_regression,1,0.723881327011753
3,2023,11,1,logistic_regression,1,0.7527729749678522
3,2023,12,0,logistic_regression,1,0.7482674076758614
3,2024,1,0,logistic_regression,1,0.7263450745244017
3,2024,2,0,logistic_regression,1,0.5922332339425858
3,2024,3,1,logistic_regression,1,0.6403277817499816
3,2024,4,0,logistic_regression,1,0.6972070528006933
3,2024,5,1,logistic_regression,1,0.6055521510824392
3,2024,6,0,logistic_regression,1,0.6654524795475947
3,2024,7,0,logistic_regression,1,0.6286661802967635
3,2024,8,0,logistic_regression,1,0.672235788739644
3,2024,9,0,logistic_regression,1,0.7684654590028233
3,2024,11,0,logistic_regression,1,0.673172168395102
3,2024,12,0,logistic_regression,1,0.6577176322802958
4,2023,11,1,logistic_regression,1,0.5364804515145198
4,2023,12,0,logistic_regression,1,0.5143618049028285
4,2024,1,0,logistic_regression,1,0.5182216299393527
4,2024,2,0,logistic_regression,0,0.463049737734076
4,2024,3,1,logistic_regression,0,0.40573175005223794
4,2024,4,0,logistic_regression,0,0.4964103172248861
4,2024,5,0,logistic_regression,0,0.36194129378742496
4,2024,6,1,logistic_regression,0,0.45786762116625007
4,2024,7,0,logistic_regression,0,0.4325251891151705
4,2024,8,0,logistic_regression,0,0.45012302434596696
4,2024,9,0,logistic_regression,1,0.5721759903506992
4,2024,11,1,logistic_regression,0,0.49594150094918665
4,2024,12,0,logistic_regression,0,0.4414730364345186
5,2023,11,1,logistic_regression,1,0.535088057634433
5,2023,12,0,logistic_regression,1,0.5185512733663796
5,2024,1,0,logistic_regression,1,0.5148235693297132
5,2024,2,0,logistic_regression,0,0.4638236559581621
5,2024,3,1,logistic_regression,0,0.4124032307891019
5,2024,4,0,logistic_regression,1,0.5032474434875206
5,2024,5,0,logistic_regression,0,0.36267770597945564
5,2024,6,1,logistic_regression,0,0.4614249327758887
5,2024,7,0,logistic_regression,0,0.4410751637062741
5,2024,8,0,logistic_regression,0,0.4646349308199181
5,2024,9,0,logistic_regression,1,0.580565317411915
5,2024,11,1,logistic_regression,0,0.49649556605273154
5,2024,12,0,logistic_regression,0,0.44367539763387814
6,2023,11,0,logistic_regression,1,0.6248004719157196
6,2023,12,1,logistic_regression,1,0.6280038480702362
6,2024,1,1,logistic_regression,1,0.5976053619090038
6,2024,2,0,logistic_regression,1,0.5686117385580053
6,2024,3,1,logistic_regression,1,0.5319205356989396
6,2024,4,0,logistic_regression,1,0.5766223808391899
6,2024,5,1,logistic_regression,0,0.4986702022578999
6,2024,6,1,logistic_regression,1,0.5995765154225647
6,2024,7,1,logistic_regression,1,0.5166175056607696
6,2024,8,0,logistic_regression,1,0.5621825684098107
6,2024,9,1,logistic_regression,1,0.6715144818827681
6,2024,11,1,logistic_regression,1,0.5720388089214933
6,2024,12,1,logistic_regression,1,0.5117141034260221
7,2023,11,0,logistic_regression,1,0.6287210651339434
7,2023,12,1,logistic_regression,1,0.648753718886562
7,2024,1,1,logistic_regression,1,0.6029543424930291
7,2024,2,0,logistic_regression,1,0.8420512932122618
7,2024,3,1,logistic_regression,1,0.517160996272186
7,2024,4,0,logistic_regression,1,0.5813221719304861
7,2024,5,1,logistic_regression,0,0.4976926271001547
7,2024,6,1,logistic_regression,1,0.5819024818103095
7,2024,7,1,logistic_regression,1,0.5243644257146284
7,2024,8,0,logistic_regression,1,0.5519026962901769
7,2024,9,1,logistic_regression,1,0.6612671494789407
7,2024,11,1,logistic_regression,1,0.572788053269993
7,2024,12,1,logistic_regression,1,0.5399092694525368
8,2023,11,1,logistic_regression,1,0.5027051222552854
8,2023,12,0,logistic_regression,1,0.5030196817144874
8,2024,1,0,logistic_regression,0,0.4855614585511894
8,2024,2,0,logistic_regression,0,0.4282032038232028
8,2024,3,0,logistic_regression,0,0.379909467578204
8,2024,4,1,logistic_regression,0,0.471233087156466
8,2024,5,0,logistic_regression,0,0.3445884518796542
8,2024,6,1,logistic_regression,0,0.4248080595681658
8,2024,7,0,logistic_regression,0,0.38595238248001235
8,2024,8,0,logistic_regression,0,0.4323766594795649
8,2024,9,0,logistic_regression,1,0.5407547276556464
8,2024,11,0,logistic_regression,0,0.42567877351430644
8,2024,12,0,logistic_regression,0,0.40874530255879993
9,2023,11,0,logistic_regression,0,0.49606026747511545
9,2023,12,0,logistic_regression,1,0.500219563850109
9,2024,1,0,logistic_regression,0,0.4740155102941767
9,2024,2,1,logistic_regression,0,0.4271615898138315
9,2024,3,0,logistic_regression,0,0.40782195268672383
9,2024,4,1,logistic_regression,0,0.4707516626092373
9,2024,5,0,logistic_regression,0,0.3693987400990042
9,2024,6,0,logistic_regression,0,0.4737470437049404
9,2024,7,0,logistic_regression,0,0.4254186553155789
9,2024,8,0,logistic_regression,0,0.47282052024106175
9,2024,9,0,logistic_regression,1,0.5799726760698057
9,2024,11,0,logistic_regression,0,0.422880215862274
9,2024,12,0,logistic_regression,0,0.4083064215729871
10,2023,11,1,logistic_regression,0,0.4629859371912942
10,2023,12,1,logistic_regression,0,0.48535443559465313
10,2024,1,0,logistic_regression,0,0.4511930404799319
10,2024,2,0,logistic_regression,0,0.3567663458446454
10,2024,3,0,logistic_regression,0,0.364714269372892
10,2024,4,0,logistic_regression,0,0.4584359787386286
10,2024,5,0,logistic_regression,0,0.3862980449166171
10,2024,6,0,logistic_regression,0,0.3893656406166798
10,2024,7,1,logistic_regression,0,0.41092582512088094
10,2024,8,0,logistic_regression,0,0.476964151499638
10,2024,9,0,logistic_regression,1,0.5809959204182755
10,2024,11,0,logistic_regression,0,0.4186768912971723
10,2024,12,1,logistic_regression,0,0.40278432944670844
11,2023,11,1,logistic_regression,0,0.46962833858354763
11,2023,12,1,logistic_regression,0,0.4993302425283619
11,2024,1,1,logistic_regression,0,0.4626406457835335
11,2024,2,0,logistic_regression,0,0.36609196643158937
11,2024,3,1,logistic_regression,0,0.3706298125739191
11,2024,4,0,logistic_regression,0,0.4713169005682951
11,2024,5,0,logistic_regression,0,0.4120958035555156
11,2024,6,0,logistic_regression,0,0.47985120263584685
11,2024,7,1,logistic_regression,0,0.44108939885201304
11,2024,8,0,logistic_regression,0,0.4957010845358536
11,2024,9,0,logistic_regression,1,0.6044771129488727
11,2024,11,0,logistic_regression,0,0.4378737633581336
11,2024,12,1,logistic_regression,0,0.4148112928238092
12,2024,8,0,logistic_regression,1,0.9604089917204462
12,2024,9,1,logistic_regression,1,0.970285527827569
12,2024,11,1,logistic_regression,1,0.9410943441724575
12,2024,12,0,logistic_regression,1,0.9609581455879356
13,2023,11,1,logistic_regression,1,0.7298587122971273
13,2023,12,1,logistic_regression,1,0.7242076040259194
13,2024,1,0,logistic_regression,1,0.702775651642015
13,2024,2,0,logistic_regression,1,0.6842845923976991
13,2024,3,1,logistic_regression,1,0.7047117397291391
13,2024,4,1,logistic_regression,1,0.7416994091259589
13,2024,5,0,logistic_regression,1,0.6089989869898685
13,2024,6,1,logistic_regression,1,0.725218186566282
13,2024,7,0,logistic_regression,1,0.6830138230305998
13,2024,8,0,logistic_regression,1,0.7236102228282243
13,2024,9,0,logistic_regression,1,0.8032614494758566
13,2024,11,1,logistic_regression,1,0.7174674285891727
13,2024,12,0,logistic_regression,1,0.6618741463478306
14,2023,11,0,logistic_regression,1,0.5636596643446802
14,2023,12,1,logistic_regression,1,0.5088102171374035
14,2024,1,0,logistic_regression,1,0.5347242168570634
14,2024,2,0,logistic_regression,1,0.5083677016606554
14,2024,3,1,logistic_regression,0,0.43177403705953465
14,2024,4,1,logistic_regression,1,0.5441033142488031
14,2024,5,1,logistic_regression,0,0.3913372029956526
14,2024,6,0,logistic_regression,1,0.5134514793444827
14,2024,7,1,logistic_regression,0,0.4995679059181371
14,2024,8,0,logistic_regression,1,0.5179176070590694
14,2024,9,0,logistic_regression,1,0.6045138381206923
14,2024,11,0,logistic_regression,1,0.5031958739806991
14,2024,12,1,logistic_regression,0,0.47519112217178777
15,2023,11,0,logistic_regression,1,0.6168333041859375
15,2023,12,0,logistic_regression,1,0.6540946925457699
15,2024,1,1,logistic_regression,1,0.6010335258080317
15,2024,2,1,logistic_regression,1,0.5570585318928624
15,2024,3,0,logistic_regression,1,0.5079098571066363
15,2024,4,1,logistic_regression,1,0.5510590961960686
15,2024,5,1,logistic_regression,1,0.5964876520322834
15,2024,6,0,logistic_regression,1,0.6698078756428507
15,2024,7,1,logistic_regression,1,0.6213982018347948
15,2024,8,1,logistic_regression,1,0.7016555668224609
15,2024,9,1,logistic_regression,1,0.6968790417989386
15,2024,11,0,logistic_regression,1,0.5557492119895464
15,2024,12,1,logistic_regression,1,0.5700370829956056
16,2023,11,1,logistic_regression,1,0.7259980048595582
16,2023,12,1,logistic_regression,1,0.76694874155209
16,2024,1,1,logistic_regression,1,0.7342006323812319
16,2024,2,1,logistic_regression,1,0.6772602484509324
16,2024,3,1,logistic_regression,1,0.652920553102932
16,2024,4,1,logistic_regression,1,0.7192681259568321
16,2024,5,1,logistic_regression,1,0.6738615021943627
16,2024,6,1,logistic_regression,1,0.7069687320926187
16,2024,7,1,logistic_regression,1,0.6568776533606342
16,2024,8,1,logistic_regression,1,0.6921517458541729
16,2024,9,1,logistic_regression,1,0.7709462252214252
16,2024,11,1,logistic_regression,1,0.7030484296959585
16,2024,12,1,logistic_regression,1,0.6918530949903864
17,2023,11,1,logistic_regression,1,0.7820829764484241
17,2023,12,1,logistic_regression,1,0.8197160488905278
17,2024,1,1,logistic_regression,1,0.7724357796429535
17,2024,2,1,logistic_regression,1,0.7323662023645987
17,2024,3,1,logistic_regression,1,0.7594484044851944
17,2024,4,1,logistic_regression,1,0.79843519796713
17,2024,5,1,logistic_regression,1,0.7849503812450607
17,2024,6,1,logistic_regression,1,0.8111374090123459
17,2024,7,1,logistic_regression,1,0.7570249137341001
17,2024,8,1,logistic_regression,1,0.7889690445960638
17,2024,9,1,logistic_regression,1,0.8549113006679122
17,2024,11,1,logistic_regression,1,0.7736806656036943
17,2024,12,1,logistic_regression,1,0.7623258161523565
18,2023,11,0,logistic_regression,1,0.6200824543798833
18,2023,12,0,logistic_regression,1,0.6559589146226743
18,2024,1,1,logistic_regression,1,0.6011462383981323
18,2024,2,1,logistic_regression,1,0.5521669184725791
18,2024,3,0,logistic_regression,1,0.520763810636813
18,2024,4,1,logistic_regression,1,0.5738627468436291
18,2024,5,1,logistic_regression,1,0.608429863273638
18,2024,6,0,logistic_regression,1,0.6806879515116461
18,2024,7,1,logistic_regression,1,0.6410640719271018
18,2024,8,1,logistic_regression,1,0.7344455724717329
18,2024,9,1,logistic_regression,1,0.7014085369724333
18,2024,11,0,logistic_regression,1,0.5546262415782114
18,2024,12,1,logistic_regression,1,0.5652260073873051
19,2023,11,1,logistic_regression,1,0.5097258907999447
19,2023,12,1,logistic_regression,1,0.5121094488778912
19,2024,1,0,logistic_regression,0,0.4926517059394339
19,2024,2,0,logistic_regression,0,0.4524913768420418
19,2024,3,1,logistic_regression,0,0.42529114856077915
19,2024,4,0,logistic_regression,1,0.5030007588489103
19,2024,5,0,logistic_regression,0,0.4553005746940981
19,2024,6,0,logistic_regression,0,0.48123116890668005
19,2024,7,1,logistic_regression,0,0.49036974722228704
19,2024,8,0,logistic_regression,1,0.5598627903595063
19,2024,9,0,logistic_regression,1,0.6527214205126451
19,2024,11,0,logistic_regression,0,0.4833538481857915
19,2024,12,1,logistic_regression,0,0.4567596431841792
20,2023,11,0,logistic_regression,1,0.7024438617344618
20,2023,12,1,logistic_regression,1,0.743950446049317
20,2024,1,0,logistic_regression,1,0.6935695646361991
20,2024,2,0,logistic_regression,1,0.6626957820509984
20,2024,3,0,logistic_regression,1,0.6392991741544293
20,2024,4,0,logistic_regression,1,0.691543170811723
20,2024,5,0,logistic_regression,1,0.8796375470173576
20,2024,6,0,logistic_regression,0,1.1554300643726036e-07
20,2024,7,0,logistic_regression,1,0.6855635732149562
20,2024,8,0,logistic_regression,1,0.7551211898325215
20,2024,9,0,logistic_regression,1,0.777982629506604
20,2024,11,0,logistic_regression,1,0.6757873979524128
20,2024,12,0,logistic_regression,1,0.6277921224819109
21,2023,11,0,logistic_regression,1,0.5605398377910278
21,2023,12,0,logistic_regression,1,0.5292189868963807
21,2024,1,0,logistic_regression,1,0.5633458845205649
21,2024,2,0,logistic_regression,1,0.5204541717201637
21,2024,3,0,logistic_regression,0,0.4597587233977151
21,2024,4,0,logistic_regression,1,0.5799728228264821
21,2024,5,0,logistic_regression,0,0.4534768145849765
21,2024,6,0,logistic_regression,1,0.5531287048742303
21,2024,7,0,logistic_regression,1,0.5477810686030676
21,2024,8,0,logistic_regression,1,0.5796504401630995
21,2024,9,1,logistic_regression,1,0.6387378363880166
21,2024,11,0,logistic_regression,1,0.5429358125176644
21,2024,12,0,logistic_regression,0,0.49776642332260834
22,2023,11,1,logistic_regression,1,0.6689480892679025
22,2023,12,1,logistic_regression,1,0.6755129122698765
22,2024,1,1,logistic_regression,1,0.6600882510505043
22,2024,2,0,logistic_regression,1,0.5750493313630153
22,2024,3,1,logistic_regression,1,0.5541893166215598
22,2024,4,1,logistic_regression,1,0.664616488833183
22,2024,5,1,logistic_regression,0,0.49549484732843047
22,2024,6,1,logistic_regression,1,0.6243341873777812
22,2024,7,0,logistic_regression,1,0.5903072368371216
22,2024,8,1,logistic_regression,1,0.6624481400753077
22,2024,9,0,logistic_regression,1,0.7296014458757223
22,2024,11,1,logistic_regression,1,0.6381359574538956
22,2024,12,1,logistic_regression,1,0.5947963353799945
23,2023,11,1,logistic_regression,1,0.7331836756240746
23,2023,12,1,logistic_regression,1,0.7373422787081819
23,2024,1,1,logistic_regression,1,0.7297839743135786
23,2024,2,1,logistic_regression,1,0.6616395440295062
23,2024,3,1,logistic_regression,1,0.6444603614647494
23,2024,4,1,logistic_regression,1,0.735821704862657
23,2024,5,1,logistic_regression,1,0.6303868173108708
23,2024,6,1,logistic_regression,1,0.6980610703330148
23,2024,7,0,logistic_regression,1,0.6660132023968274
23,2024,8,0,logistic_regression,1,0.7298003661836774
23,2024,9,1,logistic_regression,1,0.7989717742141303
23,2024,11,1,logistic_regression,1,0.723856421517263
23,2024,12,1,logistic_regression,1,0.6874713839771203
24,2023,11,1,logistic_regression,1,0.6589806788093248
24,2023,12,1,logistic_regression,1,0.6624817010767552
24,2024,1,1,logistic_regression,1,0.659554712012006
24,2024,2,0,logistic_regression,1,0.5851269447680385
24,2024,3,1,logistic_regression,1,0.5322043729250501
24,2024,4,1,logistic_regression,1,0.6360645457464731
24,2024,5,1,logistic_regression,1,0.5028833425647012
24,2024,6,1,logistic_regression,1,0.5772536969446781
24,2024,7,0,logistic_regression,1,0.5459585868126227
24,2024,8,0,logistic_regression,1,0.6055081994782336
24,2024,9,1,logistic_regression,1,0.7031286222064961
24,2024,11,1,logistic_regression,1,0.6252283654071373
24,2024,12,1,logistic_regression,1,0.5960914813620408
25,2023,11,1,logistic_regression,1,0.5758842229964777
25,2023,12,0,logistic_regression,1,0.5194408334023393
25,2024,1,1,logistic_regression,1,0.5280072986678824
25,2024,2,1,logistic_regression,0,0.47878459725155187
25,2024,3,0,logistic_regression,0,0.4585134939834612
25,2024,4,1,logistic_regression,1,0.5300113771078616
25,2024,5,1,logistic_regression,0,0.43996904454237884
25,2024,6,1,logistic_regression,1,0.5659976888829172
25,2024,7,0,logistic_regression,1,0.5861386827859887
25,2024,8,1,logistic_regression,1,0.6163752579172166
25,2024,9,1,logistic_regression,1,0.6378686457372182
25,2024,11,1,logistic_regression,1,0.5181702442506962
25,2024,12,0,logistic_regression,0,0.4994056616670362
26,2023,11,0,logistic_regression,1,0.6298453906636526
26,2023,12,1,logistic_regression,1,0.6399801293142608
26,2024,1,1,logistic_regression,1,0.5845307042051907
26,2024,2,0,logistic_regression,1,0.5921948208115959
26,2024,3,0,logistic_regression,1,0.552671601991125
26,2024,4,0,logistic_regression,1,0.6733995639463004
26,2024,5,0,logistic_regression,1,0.5570205505820466
26,2024,6,1,logistic_regression,1,0.6402691022891926
26,2024,7,0,logistic_regression,1,0.5755493891098391
26,2024,8,0,logistic_regression,1,0.6503947141488701
26,2024,9,1,logistic_regression,1,0.7356222334866429
26,2024,11,1,logistic_regression,1,0.5803318695967246
26,2024,12,0,logistic_regression,1,0.5369987775731915
27,2023,11,1,logistic_regression,0,0.48051361040160345
27,2023,12,1,logistic_regression,0,0.4885686117142307
27,2024,1,1,logistic_regression,0,0.4713027837166359
27,2024,2,0,logistic_regression,0,0.4157284969127813
27,2024,3,0,logistic_regression,0,0.3753569606850486
27,2024,4,0,logistic_regression,0,0.47029341839107947
27,2024,5,1,logistic_regression,0,0.3709964675676599
27,2024,6,0,logistic_regression,0,0.4204072646092568
27,2024,7,0,logistic_regression,0,0.35510080502993
27,2024,8,0,logistic_regression,0,0.4366741719344272
27,2024,9,1,logistic_regression,1,0.5399888846378815
27,2024,11,0,logistic_regression,0,0.40112386637179687
27,2024,12,0,logistic_regression,0,0.3686021651731786
28,2023,11,0,logistic_regression,1,0.5077616324768307
28,2023,12,0,logistic_regression,0,0.4930761743520337
28,2024,1,0,logistic_regression,1,0.5092926288667
28,2024,2,0,logistic_regression,0,0.4435640486588219
28,2024,3,0,logistic_regression,0,0.36131540975649584
28,2024,4,0,logistic_regression,0,0.49641351619446517
28,2024,5,0,logistic_regression,0,0.34319876435973184
28,2024,6,0,logistic_regression,0,0.4291493046148185
28,2024,7,0,logistic_regression,0,0.4159732226796548
28,2024,8,1,logistic_regression,0,0.44776860798328066
28,2024,9,0,logistic_regression,1,0.5340856197028345
28,2024,11,0,logistic_regression,0,0.46939914802914584
28,2024,12,1,logistic_regression,0,0.4635773633717701
29,2023,11,0,logistic_regression,1,0.5839453534207998
29,2023,12,0,logistic_regression,1,0.5390982639896185
29,2024,1,0,logistic_regression,1,0.620871889391993
29,2024,2,1,logistic_regression,1,0.5287835665293583
29,2024,3,0,logistic_regression,0,0.4448241840510723
29,2024,4,0,logistic_regression,1,0.5618698031941242
29,2024,5,0,logistic_regression,0,0.4154993218468373
29,2024,6,0,logistic_regression,1,0.5270867979983376
29,2024,7,0,logistic_regression,1,0.521029724652082
29,2024,8,0,logistic_regression,1,0.5371853231817466
29,2024,9,0,logistic_regression,1,0.6244396648658818
29,2024,11,0,logistic_regression,1,0.6582717174240595
29,2024,12,0,logistic_regression,1,0.9013813423859266
30,2023,11,0,logistic_regression,0,0.4450905320278075
30,2023,12,0,logistic_regression,0,0.43278883131214135
30,2024,1,0,logistic_regression,0,0.4501277480076291
30,2024,2,0,logistic_regression,0,0.4036300019841131
30,2024,3,0,logistic_regression,0,0.38869855279425747
30,2024,4,0,logistic_regression,0,0.45678013637987064
30,2024,5,0,logistic_regression,0,0.38200546735091073
30,2024,6,0,logistic_regression,0,0.4716190487917603
30,2024,7,0,logistic_regression,0,0.46547927353230323
30,2024,8,0,logistic_regression,1,0.5355644827997368
30,2024,9,0,logistic_regression,1,0.59244421203319
30,2024,11,0,logistic_regression,0,0.4385839685700846
30,2024,12,0,logistic_regression,0,0.39526044420056516
31,2023,11,0,logistic_regression,0,0.4711851178843989
31,2023,12,0,logistic_regression,0,0.4730703986670898
31,2024,1,0,logistic_regression,0,0.4808658681523307
31,2024,2,0,logistic_regression,0,0.42840416265074543
31,2024,3,0,logistic_regression,0,0.37999215144211457
31,2024,4,0,logistic_regression,0,0.4716393658573514
31,2024,5,0,logistic_regression,0,0.3565491032952858
31,2024,6,0,logistic_regression,0,0.4394937387136514
31,2024,7,0,logistic_regression,0,0.41203003726508647
31,2024,8,0,logistic_regression,0,0.4841348436607726
31,2024,9,0,logistic_regression,1,0.5584305107818374
31,2024,11,0,logistic_regression,0,0.45202514101055274
31,2024,12,0,logistic_regression,0,0.42220856413467
32,2023,11,0,logistic_regression,1,0.5024333339178028
32,2023,12,0,logistic_regression,0,0.4748849928263647
32,2024,1,0,logistic_regression,1,0.504950953007578
32,2024,2,0,logistic_regression,0,0.4490253854073143
32,2024,3,0,logistic_regression,0,0.38770748325821536
32,2024,4,0,logistic_regression,0,0.48272700157331977
32,2024,5,0,logistic_regression,0,0.3517112729865863
32,2024,6,0,logistic_regression,0,0.4289547736204133
32,2024,7,0,logistic_regression,0,0.3863080911379427
32,2024,8,0,logistic_regression,0,0.4467195429406632
32,2024,9,0,logistic_regression,1,0.562063976187544
32,2024,11,0,logistic_regression,0,0.4579503787763095
32,2024,12,0,logistic_regression,0,0.4283375507399641
33,2023,11,0,logistic_regression,1,0.5293761334964402
33,2023,12,0,logistic_regression,1,0.5003521787467684
33,2024,1,0,logistic_regression,1,0.5265991330949242
33,2024,2,0,logistic_regression,0,0.47478672482381973
33,2024,3,0,logistic_regression,0,0.4116434664475645
33,2024,4,0,logistic_regression,1,0.511969268476918
33,2024,5,0,logistic_regression,0,0.3742761744507173
33,2024,6,0,logistic_regression,0,0.4488325891490856
33,2024,7,0,logistic_regression,0,0.421886007638542
33,2024,8,0,logistic_regression,0,0.4441858353447749
33,2024,9,0,logistic_regression,1,0.5690555329707632
33,2024,11,0,logistic_regression,0,0.48602844495538566
33,2024,12,0,logistic_regression,0,0.45616716477268443
34,2023,11,0,logistic_regression,0,0.48233616001264706
34,2023,12,0,logistic_regression,0,0.46732882803150655
34,2024,1,0,logistic_regression,0,0.4819819264098059
34,2024,2,0,logistic_regression,0,0.4159244237609058
34,2024,3,0,logistic_regression,0,0.3254803470591153
34,2024,4,0,logistic_regression,0,0.474502618100905
34,2024,5,0,logistic_regression,0,0.308882878376162
34,2024,6,0,logistic_regression,0,0.37137523204435585
34,2024,7,0,logistic_regression,0,0.3787706649377765
34,2024,8,1,logistic_regression,0,0.4145903221401268
34,2024,9,0,logistic_regression,1,0.5069457946399285
34,2024,11,0,logistic_regression,0,0.42808348725391693
34,2024,12,1,logistic_regression,0,0.4466390749465285
35,2023,11,0,logistic_regression,0,0.4841654956299026
35,2023,12,0,logistic_regression,0,0.43035187591023333
35,2024,1,0,logistic_regression,0,0.4888628979885925
35,2024,2,0,logistic_regression,0,0.4341106431167545
35,2024,3,0,logistic_regression,0,0.3835362998047235
35,2024,4,0,logistic_regression,0,0.49729202773423453
35,2024,5,0,logistic_regression,0,0.3392708282496617
35,2024,6,0,logistic_regression,1,0.5389103445252538
35,2024,7,0,logistic_regression,0,0.49986645083129766
35,2024,8,0,logistic_regression,1,0.5394718860698253
35,2024,9,0,logistic_regression,1,0.5868174722331019
35,2024,11,0,logistic_regression,0,0.4699211727227079
35,2024,12,0,logistic_regression,0,0.4261609183363707
36,2023,11,0,logistic_regression,0,0.4360885320830872
36,2023,12,0,logistic_regression,0,0.3846176721437398
36,2024,1,0,logistic_regression,0,0.43554517661824904
36,2024,2,0,logistic_regression,0,0.39614669730040847
36,2024,3,0,logistic_regression,0,0.33839380707370237
36,2024,4,0,logistic_regression,0,0.43953336101697194
36,2024,5,0,logistic_regression,0,0.3226738300036581
36,2024,6,0,logistic_regression,0,0.33221588026491433
36,2024,7,0,logistic_regression,0,0.36324549946214363
36,2024,8,0,logistic_regression,0,0.415670909064384
36,2024,9,0,logistic_regression,1,0.5149675110833222
36,2024,11,0,logistic_regression,0,0.40838392646043
36,2024,12,0,logistic_regression,1,0.5174475839331357
37,2023,11,0,logistic_regression,1,0.5823995773451243
37,2023,12,0,logistic_regression,1,0.5735572511350896
37,2024,1,0,logistic_regression,1,0.574746784747325
37,2024,2,1,logistic_regression,1,0.5125170186254892
37,2024,3,0,logistic_regression,0,0.455652831227637
37,2024,4,0,logistic_regression,1,0.5583616730284806
37,2024,5,1,logistic_regression,0,0.42571563007474356
37,2024,6,0,logistic_regression,1,0.516676283025853
37,2024,7,0,logistic_regression,1,0.5062739707779432
37,2024,8,0,logistic_regression,1,0.5347137314995324
37,2024,9,0,logistic_regression,1,0.6148768427683857
37,2024,11,0,logistic_regression,1,0.5529305097700905
37,2024,12,0,logistic_regression,1,0.5333211632595777
38,2023,11,0,logistic_regression,1,0.5378042717862936
38,2023,12,0,logistic_regression,1,0.5237286854606417
38,2024,1,0,logistic_regression,1,0.5277408151020473
38,2024,2,1,logistic_regression,0,0.4660059334682113
38,2024,3,0,logistic_regression,0,0.42936959129825014
38,2024,4,0,logistic_regression,1,0.5188692597921977
38,2024,5,1,logistic_regression,0,0.3916167416587205
38,2024,6,0,logistic_regression,1,0.5125528786610635
38,2024,7,0,logistic_regression,0,0.48443181665568835
38,2024,8,0,logistic_regression,1,0.5300235799190912
38,2024,9,0,logistic_regression,1,0.5974950906158628
38,2024,11,0,logistic_regression,1,0.5094450137928618
38,2024,12,0,logistic_regression,0,0.4809728857081369
39,2023,11,0,logistic_regression,0,0.4100747259090808
39,2023,12,0,logistic_regression,0,0.36432706469048937
39,2024,1,0,logistic_regression,0,0.3794029584884593
39,2024,2,0,logistic_regression,0,0.34194861509060726
39,2024,3,0,logistic_regression,0,0.293580163594104
39,2024,4,0,logistic_regression,0,0.3638959267257553
39,2024,5,0,logistic_regression,0,0.23648113049275868
39,2024,6,0,logistic_regression,0,0.3299243169591274
39,2024,7,0,logistic_regression,0,0.3344222655546334
39,2024,8,0,logistic_regression,0,0.3845256004586345
39,2024,9,0,logistic_regression,0,0.44750323467281217
39,2024,11,0,logistic_regression,0,0.35201049484450814
39,2024,12,0,logistic_regression,0,0.33262543324821164
40,2023,11,0,logistic_regression,0,0.41066447149496976
40,2023,12,0,logistic_regression,0,0.37396106820040187
40,2024,1,0,logistic_regression,0,0.3930815251339829
40,2024,2,0,logistic_regression,0,0.3638122132668332
40,2024,3,0,logistic_regression,0,0.3046583625543222
40,2024,4,0,logistic_regression,0,0.3918097614291577
40,2024,5,0,logistic_regression,0,0.24206025714246823
40,2024,6,0,logistic_regression,0,0.3709168232201298
40,2024,7,0,logistic_regression,0,0.37416032987581993
40,2024,8,0,logistic_regression,0,0.41383972743645336
40,2024,9,0,logistic_regression,0,0.4855277238272214
40,2024,11,0,logistic_regression,0,0.3665972458026593
40,2024,12,0,logistic_regression,0,0.3494018172280293
41,2023,11,1,logistic_regression,1,0.6126418680395486
41,2023,12,1,logistic_regression,1,0.6938623351900256
41,2024,1,0,logistic_regression,1,0.8097984176572979
41,2024,2,1,logistic_regression,1,0.5453595339787782
41,2024,3,1,logistic_regression,0,0.46601581419342397
41,2024,4,1,logistic_regression,1,0.588039878890354
41,2024,5,0,logistic_regression,0,0.45114435112008744
41,2024,6,1,logistic_regression,1,0.5532327824820811
41,2024,7,0,logistic_regression,1,0.524741202395522
41,2024,8,0,logistic_regression,1,0.5486016574877578
41,2024,9,0,logistic_regression,1,0.6516127205035198
41,2024,11,1,logistic_regression,1,0.5721638728536197
41,2024,12,0,logistic_regression,1,0.571440088681196
42,2023,11,1,logistic_regression,1,0.5948871694930326
42,2023,12,1,logistic_regression,1,0.5457624016919622
42,2024,1,0,logistic_regression,1,0.5951753441120107
42,2024,2,1,logistic_regression,1,0.5365335202145364
42,2024,3,1,logistic_regression,0,0.4638887650282068
42,2024,4,1,logistic_regression,1,0.567216082829694
42,2024,5,0,logistic_regression,0,0.4329606638195371
42,2024,6,1,logistic_regression,1,0.5410240394913197
42,2024,7,0,logistic_regression,1,0.507769576323631
42,2024,8,0,logistic_regression,1,0.5410752656517129
42,2024,9,0,logistic_regression,1,0.6433222995582103
42,2024,11,1,logistic_regression,1,0.5665111511202707
42,2024,12,0,logistic_regression,1,0.5611763394788822
43,2023,11,1,logistic_regression,0,0.38960836075820987
43,2023,12,0,logistic_regression,0,0.3138407501645713
43,2024,1,0,logistic_regression,0,0.3548073284008719
43,2024,2,0,logistic_regression,0,0.3248083173772439
43,2024,3,0,logistic_regression,0,0.2907814003154619
43,2024,4,0,logistic_regression,0,0.40392468581112106
43,2024,5,0,logistic_regression,0,0.3615214069431705
43,2024,6,0,logistic_regression,0,0.43812502614870175
43,2024,7,0,logistic_regression,0,0.47012236536837104
43,2024,8,0,logistic_regression,1,0.5370763736811703
43,2024,9,1,logistic_regression,1,0.5314345661058201
43,2024,11,0,logistic_regression,0,0.36525789812152293
43,2024,12,1,logistic_regression,0,0.309407082054054
44,2023,11,1,logistic_regression,0,0.43685037992911835
44,2023,12,0,logistic_regression,0,0.3760312340270016
44,2024,1,0,logistic_regression,0,0.4124331700121843
44,2024,2,0,logistic_regression,0,0.37106259518684837
44,2024,3,0,logistic_regression,0,0.3087870930625139
44,2024,4,0,logistic_regression,0,0.4153091544501377
44,2024,5,0,logistic_regression,0,0.3243766101502616
44,2024,6,0,logistic_regression,0,0.4145152588015426
44,2024,7,0,logistic_regression,0,0.39919675404961824
44,2024,8,0,logistic_regression,0,0.42055417785111127
44,2024,9,1,logistic_regression,0,0.4847994934626356
44,2024,11,0,logistic_regression,0,0.41687539291304376
44,2024,12,1,logistic_regression,0,0.37073879412318084
45,2023,11,0,logistic_regression,1,0.5967318625993229
45,2023,12,0,logistic_regression,1,0.5542474057221668
45,2024,1,1,logistic_regression,1,0.5746435484550939
45,2024,2,0,logistic_regression,1,0.5109078296511603
45,2024,3,1,logistic_regression,0,0.45182710735372833
45,2024,4,1,logistic_regression,1,0.5611009369879645
45,2024,5,0,logistic_regression,0,0.418744801055805
45,2024,6,1,logistic_regression,1,0.5102964889465595
45,2024,7,0,logistic_regression,0,0.49023598938031243
45,2024,8,1,logistic_regression,1,0.5265656652633673
45,2024,9,0,logistic_regression,1,0.6110902952926156
45,2024,11,0,logistic_regression,1,0.5490495806643402
45,2024,12,0,logistic_regression,1,0.5269154550167081
46,2023,11,0,logistic_regression,1,0.6074210882703399
46,2023,12,0,logistic_regression,1,0.5690023337622253
46,2024,1,1,logistic_regression,1,0.5885151934189636
46,2024,2,0,logistic_regression,1,0.5264419404381608
46,2024,3,1,logistic_regression,0,0.47139163517843624
46,2024,4,1,logistic_regression,1,0.5719415417753977
46,2024,5,0,logistic_regression,0,0.43521028066844764
46,2024,6,1,logistic_regression,1,0.5267216487540552
46,2024,7,0,logistic_regression,0,0.4957932491406042
46,2024,8,1,logistic_regression,1,0.5303681189315345
46,2024,9,0,logistic_regression,1,0.6173518440934095
46,2024,11,0,logistic_regression,1,0.557535997381634
46,2024,12,0,logistic_regression,1,0.5368841964435517
47,2023,11,1,logistic_regression,1,0.7706696342019488
47,2023,12,0,logistic_regression,1,0.7668764212655362
47,2024,1,0,logistic_regression,1,0.7616739858341833
47,2024,2,0,logistic_regression,1,0.7292488601044164
47,2024,3,0,logistic_regression,1,0.6995707499718691
47,2024,4,1,logistic_regression,1,0.8022592377025386
47,2024,5,0,logistic_regression,1,0.6916820223532073
47,2024,6,0,logistic_regression,1,0.7479391725890198
47,2024,7,0,logistic_regression,1,0.6777314471346703
47,2024,8,0,logistic_regression,1,0.7040975732659889
47,2024,9,0,logistic_regression,1,0.7836633951230367
47,2024,11,1,logistic_regression,1,0.6425050393935722
47,2024,12,0,logistic_regression,1,0.5948762225060679
48,2023,11,0,logistic_regression,0,0.45114365188552474
48,2023,12,0,logistic_regression,0,0.39142774233699407
48,2024,1,0,logistic_regression,0,0.4236686150585225
48,2024,2,0,logistic_regression,0,0.41409489181192755
48,2024,3,0,logistic_regression,0,0.39107186202238653
48,2024,4,1,logistic_regression,0,0.49496282332595243
48,2024,5,0,logistic_regression,0,0.4226447071316819
48,2024,6,1,logistic_regression,1,0.517043155521355
48,2024,7,0,logistic_regression,1,0.5704622134997068
48,2024,8,0,logistic_regression,1,0.6603894302873257
48,2024,9,1,logistic_regression,1,0.6874864281766387
48,2024,11,0,logistic_regression,0,0.42602927176690847
48,2024,12,0,logistic_regression,0,0.392172768045078
49,2023,11,1,logistic_regression,1,0.5840302479122449
49,2023,12,0,logistic_regression,1,0.5480001696174376
49,2024,1,0,logistic_regression,1,0.6169029704685574
49,2024,2,1,logistic_regression,1,0.5825681777618313
49,2024,3,1,logistic_regression,1,0.5111236597454928
49,2024,4,0,logistic_regression,1,0.603159731490217
49,2024,5,1,logistic_regression,0,0.4800036084889443
49,2024,6,1,logistic_regression,1,0.6114116879278485
49,2024,7,0,logistic_regression,1,0.584243029064435
49,2024,8,0,logistic_regression,1,0.6229467696577462
49,2024,9,0,logistic_regression,1,0.6648522204213522
49,2024,11,0,logistic_regression,1,0.6466107073130055
49,2024,12,0,logistic_regression,1,0.526685922028387
50,2023,11,0,logistic_regression,1,0.6742168807269872
50,2023,12,1,logistic_regression,1,0.7172981312039912
50,2024,1,0,logistic_regression,1,0.6612989795095066
50,2024,2,0,logistic_regression,1,0.6165064954327009
50,2024,3,0,logistic_regression,1,0.564553903697888
50,2024,4,0,logistic_regression,1,0.6319621408252544
50,2024,5,0,logistic_regression,1,0.572642761279038
50,2024,6,0,logistic_regression,1,0.60168019555649
50,2024,7,0,logistic_regression,1,0.5449433085408111
50,2024,8,0,logistic_regression,1,0.6090327659533513
50,2024,9,0,logistic_regression,0,0.4599877961027995
50,2024,11,0,logistic_regression,1,0.5897976831250179
50,2024,12,0,logistic_regression,1,0.5841415968903965
51,2023,11,0,logistic_regression,1,0.6673114043484241
51,2023,12,1,logistic_regression,1,0.7024680398544582
51,2024,1,0,logistic_regression,1,0.6460800210329245
51,2024,2,0,logistic_regression,1,0.626490751661212
51,2024,3,0,logistic_regression,1,0.6098712377041262
51,2024,4,0,logistic_regression,1,0.6610868306044692
51,2024,5,0,logistic_regression,1,0.5558567241142585
51,2024,6,0,logistic_regression,1,0.7148627421024578
51,2024,7,0,logistic_regression,1,0.649824708998504
51,2024,8,0,logistic_regression,1,0.7570341765685915
51,2024,9,0,logistic_regression,1,0.7700874653576335
51,2024,11,0,logistic_regression,1,0.6035630442630517
51,2024,12,0,logistic_regression,1,0.5905492661131726
52,2023,11,0,logistic_regression,1,0.8083700912583847
52,2023,12,0,logistic_regression,1,0.6692439046374531
52,2024,1,1,logistic_regression,1,0.6023317897345865
52,2024,2,0,logistic_regression,1,0.5447539019400487
52,2024,3,0,logistic_regression,1,0.5493299080676797
52,2024,4,1,logistic_regression,1,0.6088832856764943
52,2024,5,1,logistic_regression,1,0.5926220253210084
52,2024,6,0,logistic_regression,1,0.5639741622690441
52,2024,7,0,logistic_regression,0,0.48293126283107346
52,2024,8,0,logistic_regression,1,0.5122077359796258
52,2024,9,1,logistic_regression,1,0.6152337535600613
52,2024,11,1,logistic_regression,0,0.4556769153087637
52,2024,12,0,logistic_regression,0,0.43874884398022995
53,2023,11,0,logistic_regression,0,0.45614300917181905
53,2023,12,0,logistic_regression,1,0.5118185571750946
53,2024,1,0,logistic_regression,0,0.41797087195887844
53,2024,2,0,logistic_regression,0,0.37663388972387285
53,2024,3,1,logistic_regression,0,0.3296585653377005
53,2024,4,0,logistic_regression,0,0.40451788981913506
53,2024,5,1,logistic_regression,0,0.37049159508351864
53,2024,6,0,logistic_regression,0,0.4284794111663644
53,2024,7,1,logistic_regression,0,0.36043265176981576
53,2024,8,1,logistic_regression,0,0.3997036683511955
53,2024,9,0,logistic_regression,0,0.4867440172639165
53,2024,11,1,logistic_regression,0,0.3540504472376077
53,2024,12,0,logistic_regression,0,0.3688902312811017
54,2023,11,0,logistic_regression,1,0.5059381313376271
54,2023,12,0,logistic_regression,1,0.5498028915680319
54,2024,1,0,logistic_regression,0,0.4890844625675663
54,2024,2,0,logistic_regression,0,0.43286848724909915
54,2024,3,1,logistic_regression,0,0.3817814073919752
54,2024,4,0,logistic_regression,0,0.45377004495340195
54,2024,5,1,logistic_regression,0,0.4081537404543509
54,2024,6,0,logistic_regression,0,0.4725397568258372
54,2024,7,1,logistic_regression,0,0.4053202115821908
54,2024,8,1,logistic_regression,0,0.4780137237756662
54,2024,9,0,logistic_regression,1,0.5251680296944516
54,2024,11,1,logistic_regression,0,0.41011989887629247
54,2024,12,0,logistic_regression,0,0.40412531258457957
55,2023,11,0,logistic_regression,0,0.40611926391174363
55,2023,12,0,logistic_regression,0,0.4256280016821202
55,2024,1,0,logistic_regression,0,0.38093875624379686
55,2024,2,1,logistic_regression,0,0.337293583441591
55,2024,3,0,logistic_regression,0,0.29330578553661263
55,2024,4,0,logistic_regression,0,0.3551543262125735
55,2024,5,0,logistic_regression,0,0.3034356387742744
55,2024,6,0,logistic_regression,0,0.3730761844572321
55,2024,7,0,logistic_regression,0,0.31206500008525584
55,2024,8,0,logistic_regression,0,0.3604748994376398
55,2024,9,1,logistic_regression,0,0.42054627708726183
55,2024,11,0,logistic_regression,0,0.3221340689394299
55,2024,12,0,logistic_regression,0,0.31549765654276485
56,2023,11,0,logistic_regression,0,0.4110853998088642
56,2023,12,0,logistic_regression,0,0.43288009910108416
56,2024,1,0,logistic_regression,0,0.38252316148034415
56,2024,2,1,logistic_regression,0,0.3381798082051837
56,2024,3,0,logistic_regression,0,0.29518027699707244
56,2024,4,0,logistic_regression,0,0.3622508588963426
56,2024,5,0,logistic_regression,0,0.31683334711542677
56,2024,6,0,logistic_regression,0,0.3831920988214444
56,2024,7,0,logistic_regression,0,0.3332258106467094
56,2024,8,0,logistic_regression,0,0.37978692970370764
56,2024,9,1,logistic_regression,0,0.44056490382801605
56,2024,11,0,logistic_regression,0,0.3367598475736752
56,2024,12,0,logistic_regression,0,0.3298136634197795
57,2023,11,0,logistic_regression,0,0.42389773318001583
57,2023,12,0,logistic_regression,0,0.4628505368012613
57,2024,1,0,logistic_regression,0,0.4276795527948262
57,2024,2,0,logistic_regression,0,0.36559383857661193
57,2024,3,0,logistic_regression,0,0.31627665275971556
57,2024,4,0,logistic_regression,0,0.40860103247693336
57,2024,5,1,logistic_regression,0,0.336438365058469
57,2024,6,0,logistic_regression,0,0.3956104799518342
57,2024,7,1,logistic_regression,0,0.344028520636149
57,2024,8,0,logistic_regression,0,0.3863027093122341
57,2024,9,0,logistic_regression,0,0.4903208657139769
57,2024,11,0,logistic_regression,0,0.3841620154985913
57,2024,12,0,logistic_regression,0,0.3698592002388122
58,2023,11,0,logistic_regression,0,0.41028002176847106
58,2023,12,0,logistic_regression,0,0.44649758771510273
58,2024,1,0,logistic_regression,0,0.4160984204316064
58,2024,2,0,logistic_regression,0,0.3541555086098486
58,2024,3,0,logistic_regression,0,0.31258047349029355
58,2024,4,0,logistic_regression,0,0.3414065020937015
58,2024,5,1,logistic_regression,0,0.31453623319956686
58,2024,6,0,logistic_regression,0,0.38406572765105196
58,2024,7,1,logistic_regression,0,0.32122009736394574
58,2024,8,0,logistic_regression,0,0.3552160526192495
58,2024,9,0,logistic_regression,0,0.4646397520948619
58,2024,11,0,logistic_regression,0,0.36638310958067427
58,2024,12,0,logistic_regression,0,0.3536599516287721
59,2023,11,0,logistic_regression,0,0.46706993369608163
59,2023,12,0,logistic_regression,1,0.500746327062102
59,2024,1,0,logistic_regression,0,0.47461918229542394
59,2024,2,0,logistic_regression,0,0.4313470597663648
59,2024,3,0,logistic_regression,0,0.3913648009468622
59,2024,4,1,logistic_regression,0,0.41413473234467907
59,2024,5,0,logistic_regression,0,0.32887823761079865
59,2024,6,0,logistic_regression,0,0.4529817504250669
59,2024,7,0,logistic_regression,0,0.38889572201045247
59,2024,8,0,logistic_regression,0,0.43617349281888385
59,2024,9,0,logistic_regression,1,0.5409419306609071
59,2024,11,1,logistic_regression,0,0.43935898732395995
59,2024,12,0,logistic_regression,0,0.4269778111700697
60,2023,11,0,logistic_regression,0,0.45642296806021415
60,2023,12,0,logistic_regression,0,0.4941484243488572
60,2024,1,0,logistic_regression,0,0.4618002205483485
60,2024,2,0,logistic_regression,0,0.3700791195839598
60,2024,3,0,logistic_regression,0,0.30437985616574
60,2024,4,1,logistic_regression,0,0.4181100770035429
60,2024,5,0,logistic_regression,0,0.37607785533367266
60,2024,6,0,logistic_regression,0,0.4432262610781117
60,2024,7,0,logistic_regression,0,0.3775056120606548
60,2024,8,0,logistic_regression,0,0.41538388925260994
60,2024,9,0,logistic_regression,1,0.5277537902902509
60,2024,11,1,logistic_regression,0,0.43287717895135164
60,2024,12,0,logistic_regression,0,0.41252000822322354
61,2023,11,0,logistic_regression,1,0.5197606510793351
61,2023,12,0,logistic_regression,1,0.5818275228081163
61,2024,1,1,logistic_regression,1,0.5333621320664133
61,2024,2,0,logistic_regression,0,0.46003717201501976
61,2024,3,0,logistic_regression,0,0.4255957627757584
61,2024,4,0,logistic_regression,1,0.515895195983972
61,2024,5,0,logistic_regression,0,0.45480539082982235
61,2024,6,0,logistic_regression,0,0.49845408857100126
61,2024,7,0,logistic_regression,0,0.44017461554168963
61,2024,8,0,logistic_regression,0,0.4908476946038868
61,2024,9,0,logistic_regression,1,0.5755799120067436
61,2024,11,0,logistic_regression,0,0.4772801246216843
61,2024,12,0,logistic_regression,0,0.4780735664607931
62,2023,11,0,logistic_regression,1,0.5267245997380517
62,2023,12,0,logistic_regression,1,0.5883991503476348
62,2024,1,1,logistic_regression,1,0.5383092903357756
62,2024,2,0,logistic_regression,0,0.4654425412959862
62,2024,3,0,logistic_regression,0,0.4310189387652263
62,2024,4,0,logistic_regression,1,0.5245997044557628
62,2024,5,0,logistic_regression,0,0.45907455869368985
62,2024,6,0,logistic_regression,1,0.5084976520279001
62,2024,7,0,logistic_regression,0,0.43955589263541817
62,2024,8,0,logistic_regression,0,0.48882726127268705
62,2024,9,0,logistic_regression,1,0.5870681686947703
62,2024,11,0,logistic_regression,0,0.4805708947679431
62,2024,12,0,logistic_regression,0,0.48129862359478415
63,2023,11,0,logistic_regression,0,0.47751479666942
63,2023,12,0,logistic_regression,1,0.5269445843043021
63,2024,1,0,logistic_regression,0,0.4591837137892068
63,2024,2,1,logistic_regression,0,0.3987370257666343
63,2024,3,0,logistic_regression,0,0.3580921429386199
63,2024,4,0,logistic_regression,0,0.4621749855648422
63,2024,5,0,logistic_regression,0,0.4811925992445774
63,2024,6,1,logistic_regression,1,0.5055492161965253
63,2024,7,1,logistic_regression,1,0.5966846099754184
63,2024,8,0,logistic_regression,1,0.6756349601458584
63,2024,9,0,logistic_regression,1,0.5607269945274841
63,2024,11,0,logistic_regression,0,0.39580650131992107
63,2024,12,1,logistic_regression,0,0.4310242045757313
64,2023,11,0,logistic_regression,0,0.41037699154961343
64,2023,12,0,logistic_regression,1,0.6143206671222687
64,2024,1,0,logistic_regression,1,0.5654725458526156
64,2024,2,0,logistic_regression,1,0.5359789673348861
64,2024,3,0,logistic_regression,1,0.5855572498053612
64,2024,4,1,logistic_regression,1,0.7460136645057583
64,2024,5,0,logistic_regression,1,0.8614458003194915
64,2024,6,1,logistic_regression,1,0.9031428356647566
64,2024,7,1,logistic_regression,1,0.9839805729651783
64,2024,8,1,logistic_regression,1,0.9937495660432263
64,2024,9,0,logistic_regression,1,0.8761106208324598
64,2024,11,0,logistic_regression,1,0.5751298285947588
64,2024,12,0,logistic_regression,1,0.5477519330342911
65,2023,11,0,logistic_regression,1,0.5635866899300689
65,2023,12,0,logistic_regression,1,0.5161508918445106
65,2024,1,0,logistic_regression,0,0.46912850946477685
65,2024,2,0,logistic_regression,0,0.4026193846354115
65,2024,3,0,logistic_regression,0,0.3649512817516265
65,2024,4,1,logistic_regression,0,0.434561889530501
65,2024,5,0,logistic_regression,0,0.4531799513028546
65,2024,6,1,logistic_regression,0,0.4921896078834363
65,2024,7,1,logistic_regression,1,0.5241722741111547
65,2024,8,1,logistic_regression,1,0.5620295291265736
65,2024,9,0,logistic_regression,1,0.5084549649994392
65,2024,11,0,logistic_regression,0,0.4054229820995755
65,2024,12,1,logistic_regression,0,0.4316703144096764
66,2023,11,0,logistic_regression,0,0.46106165306775704
66,2023,12,0,logistic_regression,0,0.4987816096562494
66,2024,1,0,logistic_regression,0,0.4398372734975074
66,2024,2,1,logistic_regression,0,0.3923205121227756
66,2024,3,0,logistic_regression,0,0.37172825292859557
66,2024,4,0,logistic_regression,0,0.4646437959924976
66,2024,5,0,logistic_regression,1,0.6170564361998565
66,2024,6,1,logistic_regression,1,0.6306074090024666
66,2024,7,1,logistic_regression,1,0.7488679413523133
66,2024,8,0,logistic_regression,1,0.8717542833226696
66,2024,9,0,logistic_regression,1,0.670734787873893
66,2024,11,0,logistic_regression,0,0.3916961949887749
66,2024,12,1,logistic_regression,0,0.41913482659056406
67,2023,11,0,logistic_regression,0,0.4320505677617874
67,2023,12,0,logistic_regression,0,0.4827399169280887
67,2024,1,0,logistic_regression,0,0.43786355208095334
67,2024,2,0,logistic_regression,0,0.3829879278311722
67,2024,3,0,logistic_regression,0,0.3376097079829196
67,2024,4,1,logistic_regression,0,0.43024812988498035
67,2024,5,0,logistic_regression,0,0.3719384057341908
67,2024,6,0,logistic_regression,0,0.4148384358058462
67,2024,7,0,logistic_regression,0,0.36302240896879345
67,2024,8,0,logistic_regression,0,0.407565530683301
67,2024,9,0,logistic_regression,0,0.4623562729537213
67,2024,11,0,logistic_regression,0,0.39178400232380645
67,2024,12,0,logistic_regression,0,0.3928012929730872
68,2023,11,0,logistic_regression,0,0.39995232866379193
68,2023,12,0,logistic_regression,0,0.44601959079117187
68,2024,1,0,logistic_regression,0,0.3979192691247005
68,2024,2,0,logistic_regression,0,0.364117198542083
68,2024,3,0,logistic_regression,0,0.3225396806434196
68,2024,4,1,logistic_regression,0,0.4153902992391495
68,2024,5,0,logistic_regression,0,0.3427668823268666
68,2024,6,0,logistic_regression,0,0.43327143128636203
68,2024,7,0,logistic_regression,0,0.3558335242983971
68,2024,8,0,logistic_regression,0,0.4062160647534717
68,2024,9,0,logistic_regression,0,0.40535184310139427
68,2024,11,0,logistic_regression,0,0.3648320612713834
68,2024,12,0,logistic_regression,0,0.3597109183574894
69,2023,11,1,logistic_regression,1,0.9222763573671016
69,2023,12,1,logistic_regression,1,0.9082692221705797
69,2024,1,1,logistic_regression,1,0.8967547829440814
69,2024,2,0,logistic_regression,1,0.8860443409794062
69,2024,3,1,logistic_regression,1,0.9008258214636398
69,2024,4,1,logistic_regression,1,0.9103984197327525
69,2024,5,1,logistic_regression,1,0.8745125260142742
69,2024,6,1,logistic_regression,1,0.8857010950194286
69,2024,7,0,logistic_regression,1,0.855102743599703
69,2024,8,1,logistic_regression,1,0.8856960995731907
69,2024,9,1,logistic_regression,1,0.9456106806628453
69,2024,11,1,logistic_regression,1,0.9137349590056447
69,2024,12,0,logistic_regression,1,0.876466926035594
70,2023,11,0,logistic_regression,1,0.6043793633475035
70,2023,12,0,logistic_regression,1,0.6178237525089153
70,2024,1,0,logistic_regression,1,0.6153015524329162
70,2024,2,0,logistic_regression,1,0.5402803395977916
70,2024,3,0,logistic_regression,0,0.4928834911191643
70,2024,4,0,logistic_regression,1,0.5940277143042066
70,2024,5,0,logistic_regression,0,0.47322711325231764
70,2024,6,1,logistic_regression,1,0.5417573328229816
70,2024,7,0,logistic_regression,1,0.5084758675264431
70,2024,8,0,logistic_regression,1,0.560864006518895
70,2024,9,0,logistic_regression,1,0.6286062197782539
70,2024,11,1,logistic_regression,1,0.5665351168048032
70,2024,12,0,logistic_regression,1,0.5198255956418671
71,2023,11,0,logistic_regression,1,0.609128995069864
71,2023,12,0,logistic_regression,1,0.6227586707705082
71,2024,1,0,logistic_regression,1,0.6192141446480539
71,2024,2,0,logistic_regression,1,0.5379410853341545
71,2024,3,0,logistic_regression,0,0.48599700487396025
71,2024,4,0,logistic_regression,1,0.5827546680430568
71,2024,5,0,logistic_regression,0,0.4781338497565757
71,2024,6,1,logistic_regression,1,0.5492453515754333
71,2024,7,0,logistic_regression,1,0.5049736082765663
71,2024,8,0,logistic_regression,1,0.5440835693695181
71,2024,9,0,logistic_regression,1,0.6589287357892646
71,2024,11,1,logistic_regression,1,0.5619503904085739
71,2024,12,0,logistic_regression,1,0.5271912339672299
72,2023,11,1,logistic_regression,0,0.47839118710720874
72,2023,12,0,logistic_regression,1,0.5037713050751179
72,2024,1,0,logistic_regression,0,0.4731603438663577
72,2024,2,0,logistic_regression,0,0.41139296500441874
72,2024,3,1,logistic_regression,0,0.36021737759311284
72,2024,4,1,logistic_regression,0,0.46266936728875513
72,2024,5,0,logistic_regression,0,0.35078352704003934
72,2024,6,1,logistic_regression,0,0.4208890652828552
72,2024,7,0,logistic_regression,0,0.34996137444320835
72,2024,8,0,logistic_regression,0,0.4139365511939998
72,2024,9,0,logistic_regression,1,0.5463971660040395
72,2024,11,0,logistic_regression,0,0.4422477358951511
72,2024,12,0,logistic_regression,0,0.4141904710574093
73,2023,11,1,logistic_regression,1,0.6276153292153583
73,2023,12,0,logistic_regression,1,0.614632787389344
73,2024,1,0,logistic_regression,1,0.7348380027647246
73,2024,2,0,logistic_regression,1,0.6337372652034284
73,2024,3,1,logistic_regression,1,0.5786430539023815
73,2024,4,1,logistic_regression,1,0.6750339208876128
73,2024,5,0,logistic_regression,1,0.5821131417989591
73,2024,6,1,logistic_regression,1,0.6680462765788882
73,2024,7,0,logistic_regression,1,0.6121804197946212
73,2024,8,0,logistic_regression,1,0.6809768403351988
73,2024,9,0,logistic_regression,1,0.7636252471106758
73,2024,11,0,logistic_regression,1,0.6260593889387686
73,2024,12,0,logistic_regression,1,0.5617812545165943
74,2023,11,1,logistic_regression,1,0.5045162456479827
74,2023,12,1,logistic_regression,1,0.5545371098346781
74,2024,1,0,logistic_regression,1,0.5115574565981519
74,2024,2,1,logistic_regression,0,0.4602420894903117
74,2024,3,1,logistic_regression,0,0.43711775014412857
74,2024,4,0,logistic_regression,0,0.4953737324212325
74,2024,5,0,logistic_regression,0,0.45755826562135765
74,2024,6,0,logistic_regression,1,0.5124334884327102
74,2024,7,0,logistic_regression,0,0.41433278794639367
74,2024,8,0,logistic_regression,0,0.4646018625052522
74,2024,9,1,logistic_regression,1,0.5972489890824808
74,2024,11,0,logistic_regression,0,0.48052180625140756
74,2024,12,0,logistic_regression,0,0.4734182152473251
75,2023,11,1,logistic_regression,1,0.565561113769805
75,2023,12,1,logistic_regression,1,0.5898058242176193
75,2024,1,0,logistic_regression,1,0.5512089008626324
75,2024,2,1,logistic_regression,1,0.5001256933599332
75,2024,3,1,logistic_regression,0,0.48783063184832154
75,2024,4,0,logistic_regression,1,0.522387707125672
75,2024,5,0,logistic_regression,1,0.5041668838616753
75,2024,6,0,logistic_regression,1,0.5547898228063136
75,2024,7,0,logistic_regression,0,0.4342340106664367
75,2024,8,0,logistic_regression,0,0.4896743878966831
75,2024,9,1,logistic_regression,1,0.6352562078151682
75,2024,11,0,logistic_regression,1,0.5239312136808864
75,2024,12,0,logistic_regression,1,0.5015281891506568
76,2023,11,0,logistic_regression,0,0.4653577159316892
76,2023,12,0,logistic_regression,0,0.49072067932535707
76,2024,1,0,logistic_regression,0,0.4669164554050531
76,2024,2,0,logistic_regression,0,0.40672182292680187
76,2024,3,0,logistic_regression,0,0.3558805995851937
76,2024,4,0,logistic_regression,0,0.46034148529654667
76,2024,5,0,logistic_regression,0,0.3465069938445531
76,2024,6,0,logistic_regression,0,0.40575040894254294
76,2024,7,1,logistic_regression,0,0.3357031932527658
76,2024,8,1,logistic_regression,0,0.3567195750151276
76,2024,9,1,logistic_regression,1,0.5302111395410276
76,2024,11,0,logistic_regression,0,0.42707933691979283
76,2024,12,0,logistic_regression,0,0.39940119966785004
77,2023,11,1,logistic_regression,1,0.7397336844055554
77,2023,12,1,logistic_regression,1,0.7529294975266995
77,2024,1,0,logistic_regression,1,0.734445779495987
77,2024,2,1,logistic_regression,1,0.6712286861046588
77,2024,3,1,logistic_regression,1,0.6458223940202634
77,2024,4,0,logistic_regression,1,0.7260040087688688
77,2024,5,1,logistic_regression,1,0.6381783551180876
77,2024,6,1,logistic_regression,1,0.6872572676567589
77,2024,7,0,logistic_regression,1,0.6336585257712031
77,2024,8,0,logistic_regression,1,0.6879939344717384
77,2024,9,1,logistic_regression,1,0.7831106746181629
77,2024,11,1,logistic_regression,1,0.7106489320656318
77,2024,12,0,logistic_regression,1,0.6253319085367222
78,2023,11,1,logistic_regression,0,0.3594538892713457
78,2023,12,0,logistic_regression,0,0.4109517383607524
78,2024,1,0,logistic_regression,0,0.3841947922299445
78,2024,2,0,logistic_regression,0,0.33457300484470315
78,2024,3,0,logistic_regression,0,0.26604327589798366
78,2024,4,0,logistic_regression,0,0.35697075060221223
78,2024,5,0,logistic_regression,0,0.2675418886884217
78,2024,6,0,logistic_regression,0,0.3198063279337307
78,2024,7,0,logistic_regression,0,0.27287914547807146
78,2024,8,0,logistic_regression,0,0.31308531856744715
78,2024,9,0,logistic_regression,0,0.42347305232213384
78,2024,11,0,logistic_regression,0,0.35452920671797383
78,2024,12,0,logistic_regression,0,0.3193356511475694
79,2023,11,1,logistic_regression,0,0.44794283454723793
79,2023,12,0,logistic_regression,0,0.4809034698052375
79,2024,1,0,logistic_regression,0,0.454214402345274
79,2024,2,0,logistic_regression,0,0.407045254274471
79,2024,3,0,logistic_regression,0,0.3481753685300766
79,2024,4,0,logistic_regression,0,0.44831160284698085
79,2024,5,0,logistic_regression,0,0.34354405891763873
79,2024,6,0,logistic_regression,0,0.41708990325691964
79,2024,7,0,logistic_regression,0,0.3645259363056025
79,2024,8,0,logistic_regression,0,0.40757976776417304
79,2024,9,0,logistic_regression,1,0.5189686027120733
79,2024,11,0,logistic_regression,0,0.427936679595209
79,2024,12,0,logistic_regression,0,0.3776404563478535
80,2023,11,0,logistic_regression,0,0.40409828988355023
80,2023,12,0,logistic_regression,0,0.4331234089036497
80,2024,1,0,logistic_regression,0,0.4207734047502552
80,2024,2,0,logistic_regression,0,0.3535036752338135
80,2024,3,1,logistic_regression,0,0.2848049981352457
80,2024,4,0,logistic_regression,0,0.2805679826636922
80,2024,5,0,logistic_regression,1,0.8712024136034635
80,2024,12,0,logistic_regression,1,0.9476688143513019
81,2023,11,0,logistic_regression,0,0.4167495948623858
81,2023,12,0,logistic_regression,0,0.42482360840375355
81,2024,1,0,logistic_regression,0,0.4151847842766246
81,2024,2,0,logistic_regression,0,0.34461534849245296
81,2024,3,1,logistic_regression,0,0.30728960457010235
81,2024,4,0,logistic_regression,1,0.6268206259354032
81,2024,5,0,logistic_regression,0,0.28256249119013566
81,2024,6,0,logistic_regression,0,0.33345119507662674
81,2024,7,0,logistic_regression,0,0.27458221380462766
81,2024,8,0,logistic_regression,0,0.2831461598390464
81,2024,9,0,logistic_regression,0,0.4331664668151125
81,2024,11,0,logistic_regression,0,0.3365112484866642
81,2024,12,0,logistic_regression,0,0.3184419684302708
82,2023,11,0,logistic_regression,0,0.4088613064916276
82,2023,12,0,logistic_regression,0,0.4407851684656113
82,2024,1,1,logistic_regression,0,0.42908284721715156
82,2024,2,0,logistic_regression,0,0.34937594844417963
82,2024,3,0,logistic_regression,1,0.5901727049504099
82,2024,4,0,logistic_regression,0,0.39406913625049345
82,2024,5,0,logistic_regression,0,0.2771774425697549
82,2024,6,0,logistic_regression,0,0.34493342033361885
82,2024,7,0,logistic_regression,0,0.2896318014779601
82,2024,8,0,logistic_regression,0,0.3395595605948777
82,2024,9,0,logistic_regression,0,0.43268147667220064
82,2024,11,0,logistic_regression,0,0.3431623430300482
82,2024,12,0,logistic_regression,0,0.3249137694584356
83,2023,11,0,logistic_regression,0,0.4048986835706005
83,2023,12,0,logistic_regression,0,0.4373495813767073
83,2024,1,1,logistic_regression,0,0.423928251223351
83,2024,2,0,logistic_regression,0,0.3532794663480354
83,2024,3,0,logistic_regression,1,0.5718394178199184
83,2024,4,0,logistic_regression,1,0.5202944487552755
83,2024,5,0,logistic_regression,0,0.2706045707129786
83,2024,6,0,logistic_regression,0,0.3334464046115926
83,2024,7,0,logistic_regression,0,0.28407109381172935
83,2024,8,0,logistic_regression,0,0.33243661725966794
83,2024,9,0,logistic_regression,0,0.43069586493985174
83,2024,11,0,logistic_regression,0,0.3423274037975815
83,2024,12,0,logistic_regression,0,0.32266081724495055
84,2023,11,0,logistic_regression,0,0.48237808469377463
84,2023,12,0,logistic_regression,1,0.5166153032794765
84,2024,1,0,logistic_regression,0,0.4908710747180706
84,2024,2,0,logistic_regression,0,0.43263792548903507
84,2024,3,0,logistic_regression,0,0.41622310390434925
84,2024,4,0,logistic_regression,0,0.46731597195212055
84,2024,5,0,logistic_regression,0,0.4402810226392869
84,2024,6,0,logistic_regression,1,0.5066197139254817
84,2024,7,1,logistic_regression,0,0.45624191919632967
84,2024,8,0,logistic_regression,0,0.4921604191925916
84,2024,9,0,logistic_regression,1,0.5805210183168853
84,2024,11,0,logistic_regression,0,0.45222169318639044
84,2024,12,0,logistic_regression,0,0.4253360549030829
85,2023,11,0,logistic_regression,0,0.3551830977605006
85,2023,12,0,logistic_regression,0,0.4272102724102738
85,2024,1,0,logistic_regression,0,0.409165678929616
85,2024,2,0,logistic_regression,0,0.3528759834554029
85,2024,3,0,logistic_regression,0,0.28383376863581117
85,2024,4,0,logistic_regression,0,0.36646678909258124
85,2024,5,1,logistic_regression,0,0.2668080513766994
85,2024,6,0,logistic_regression,0,0.3226555794923923
85,2024,7,0,logistic_regression,0,0.04213168179370716
85,2024,8,0,logistic_regression,0,0.322378407942751
85,2024,9,0,logistic_regression,0,0.40402247593535134
85,2024,11,0,logistic_regression,0,0.3486214159250642
85,2024,12,0,logistic_regression,0,0.3170178018270554
86,2023,11,0,logistic_regression,0,0.35347561126636096
86,2023,12,0,logistic_regression,0,0.39892164898393684
86,2024,1,0,logistic_regression,0,0.3808555909719006
86,2024,2,0,logistic_regression,0,0.3278508151022388
86,2024,3,0,logistic_regression,0,0.26056345274020976
86,2024,4,0,logistic_regression,0,0.3679336806660396
86,2024,5,1,logistic_regression,0,0.2457169795341517
86,2024,6,0,logistic_regression,0,0.31039667592376685
86,2024,7,0,logistic_regression,0,0.2579546308563791
86,2024,8,0,logistic_regression,0,0.301041226791702
86,2024,9,0,logistic_regression,0,0.3850261624067909
86,2024,11,0,logistic_regression,0,0.3174502252250681
86,2024,12,0,logistic_regression,0,0.3098394730518873
87,2023,11,0,logistic_regression,1,0.5056974695703007
87,2023,12,0,logistic_regression,0,0.4811395346192114
87,2024,1,0,logistic_regression,0,0.49883390890308466
87,2024,2,0,logistic_regression,0,0.42589199644274006
87,2024,3,0,logistic_regression,0,0.4111821707649689
87,2024,4,0,logistic_regression,0,0.4778291187045508
87,2024,5,0,logistic_regression,0,0.36805291137021606
87,2024,6,0,logistic_regression,0,0.44816456823278744
87,2024,7,0,logistic_regression,0,0.4317759629648504
87,2024,8,1,logistic_regression,0,0.4884396991990097
87,2024,9,1,logistic_regression,1,0.5920855714043732
87,2024,11,0,logistic_regression,0,0.4467883837885057
87,2024,12,1,logistic_regression,0,0.41227555313782
88,2023,11,0,logistic_regression,1,0.5538213379450788
88,2023,12,0,logistic_regression,1,0.5467617540501143
88,2024,1,0,logistic_regression,1,0.5384042040930078
88,2024,2,0,logistic_regression,0,0.4829411050655117
88,2024,3,0,logistic_regression,0,0.423445736867331
88,2024,4,0,logistic_regression,1,0.5200010002968875
88,2024,5,1,logistic_regression,0,0.39180637838698057
88,2024,6,0,logistic_regression,0,0.49689590116236815
88,2024,7,0,logistic_regression,0,0.4414600014375013
88,2024,8,1,logistic_regression,0,0.48682175067159245
88,2024,9,0,logistic_regression,1,0.5873189434415662
88,2024,11,1,logistic_regression,0,0.47932070974351576
88,2024,12,1,logistic_regression,0,0.45897051785136944
89,2023,11,0,logistic_regression,1,0.6174343720275863
89,2023,12,0,logistic_regression,1,0.5905003455303974
89,2024,1,0,logistic_regression,1,0.6154272781294517
89,2024,2,0,logistic_regression,1,0.5548081485677013
89,2024,3,0,logistic_regression,1,0.5360674818091563
89,2024,4,0,logistic_regression,1,0.6090646557563811
89,2024,5,1,logistic_regression,1,0.5347243999845732
89,2024,6,0,logistic_regression,1,0.6142098509208084
89,2024,7,0,logistic_regression,1,0.5955206352399425
89,2024,8,1,logistic_regression,1,0.6570303085368808
89,2024,9,0,logistic_regression,1,0.6939530385940368
89,2024,11,1,logistic_regression,1,0.5530321748791021
89,2024,12,1,logistic_regression,1,0.5024906812055803
90,2023,11,1,logistic_regression,1,0.5030703695561662
90,2023,12,0,logistic_regression,0,0.49324640802839237
90,2024,1,0,logistic_regression,0,0.45682825862044524
90,2024,2,0,logistic_regression,0,0.4198375563542791
90,2024,3,0,logistic_regression,0,0.3895626517009011
90,2024,4,0,logistic_regression,0,0.4390723615713321
90,2024,5,0,logistic_regression,0,0.3528515682747383
90,2024,6,0,logistic_regression,0,0.4335006460363296
90,2024,7,0,logistic_regression,0,0.38371404736627507
90,2024,8,0,logistic_regression,0,0.4480582949922826
90,2024,9,0,logistic_regression,1,0.5382642588328407
90,2024,11,0,logistic_regression,0,0.4083311441834666
90,2024,12,0,logistic_regression,0,0.37836450700866664
91,2023,11,1,logistic_regression,1,0.5029001067534781
91,2023,12,0,logistic_regression,0,0.49736831464116726
91,2024,1,0,logistic_regression,0,0.45213025407722635
91,2024,2,0,logistic_regression,0,0.41475535728651275
91,2024,3,0,logistic_regression,0,0.38389400343805047
91,2024,4,0,logistic_regression,0,0.4454183892583099
91,2024,5,0,logistic_regression,0,0.32946016895646224
91,2024,6,0,logistic_regression,0,0.4252148620403058
91,2024,7,0,logistic_regression,0,0.3763748523537566
91,2024,8,0,logistic_regression,0,0.4487879691791299
91,2024,9,0,logistic_regression,1,0.5288702324662524
91,2024,11,0,logistic_regression,0,0.4094794489882647
91,2024,12,0,logistic_regression,0,0.37422155692181197
92,2023,11,0,logistic_regression,0,0.421872290960714
92,2023,12,0,logistic_regression,0,0.405852164409321
92,2024,1,0,logistic_regression,0,0.39339766344465155
92,2024,2,0,logistic_regression,0,0.35981101698070866
92,2024,3,1,logistic_regression,0,0.31304576752784524
92,2024,4,0,logistic_regression,0,0.39828112928833637
92,2024,5,0,logistic_regression,0,0.2940720402951274
92,2024,6,0,logistic_regression,0,0.3631950338765152
92,2024,7,0,logistic_regression,0,0.33413930018826715
92,2024,8,0,logistic_regression,0,0.39405931432354463
92,2024,9,0,logistic_regression,0,0.4992033076217767
92,2024,11,0,logistic_regression,0,0.36608468312096815
92,2024,12,0,logistic_regression,0,0.3249043664439035
93,2023,11,0,logistic_regression,0,0.41839314803987315
93,2023,12,0,logistic_regression,0,0.4030002370283326
93,2024,1,0,logistic_regression,0,0.3985759818842597
93,2024,2,0,logistic_regression,0,0.35644138043355816
93,2024,3,1,logistic_regression,0,0.311765511923522
93,2024,4,0,logistic_regression,0,0.48115777064591647
93,2024,5,0,logistic_regression,0,0.3106511027289763
93,2024,6,0,logistic_regression,0,0.38598235760337146
93,2024,7,0,logistic_regression,0,0.34058352948561943
93,2024,8,0,logistic_regression,0,0.3990691016376064
93,2024,9,0,logistic_regression,0,0.4936265110890374
93,2024,11,0,logistic_regression,0,0.3593255190373985
93,2024,12,0,logistic_regression,0,0.30942720142460584
94,2023,11,1,logistic_regression,0,0.4721178128384736
94,2023,12,0,logistic_regression,0,0.44864816566113364
94,2024,1,0,logistic_regression,0,0.41917867418094074
94,2024,2,1,logistic_regression,0,0.3641602481097247
94,2024,3,0,logistic_regression,0,0.3160827185651179
94,2024,4,1,logistic_regression,0,0.3866610114374511
94,2024,5,0,logistic_regression,0,0.28747391631022967
94,2024,6,0,logistic_regression,0,0.3549253149251746
94,2024,7,0,logistic_regression,0,0.3764728917261385
94,2024,8,0,logistic_regression,0,0.43516066807630727
94,2024,9,1,logistic_regression,1,0.5432073487661618
94,2024,11,0,logistic_regression,0,0.42283369406289856
94,2024,12,1,logistic_regression,0,0.42032282661556647
95,2023,11,0,logistic_regression,1,0.5811390446127155
95,2023,12,0,logistic_regression,1,0.5638130603738191
95,2024,1,1,logistic_regression,1,0.5260166793265284
95,2024,2,0,logistic_regression,0,0.4861435504419335
95,2024,3,0,logistic_regression,0,0.438638076075006
95,2024,4,0,logistic_regression,1,0.5266478147582254
95,2024,5,0,logistic_regression,0,0.4070734064426757
95,2024,6,0,logistic_regression,1,0.5924783972646298
95,2024,7,0,logistic_regression,1,0.6903337907390857
95,2024,8,0,logistic_regression,0,0.4877196502458643
95,2024,9,0,logistic_regression,1,0.5963415069707253
95,2024,11,0,logistic_regression,0,0.4794037935369344
95,2024,12,0,logistic_regression,0,0.4521651996364006
96,2023,11,0,logistic_regression,1,0.5675948761143802
96,2023,12,0,logistic_regression,1,0.5533302780040142
96,2024,1,1,logistic_regression,1,0.5189977834454738
96,2024,2,0,logistic_regression,0,0.4779478025350522
96,2024,3,0,logistic_regression,0,0.42672052031046426
96,2024,4,0,logistic_regression,1,0.5161771147942504
96,2024,5,0,logistic_regression,0,0.3988422292849211
96,2024,6,0,logistic_regression,0,0.46828579896002426
96,2024,7,0,logistic_regression,0,0.44170710209999803
96,2024,8,1,logistic_regression,0,0.4966729670182552
96,2024,9,0,logistic_regression,1,0.5858874384038166
96,2024,11,0,logistic_regression,0,0.4020599949030395
96,2024,12,0,logistic_regression,1,0.8610466748502078
97,2023,11,1,logistic_regression,0,0.3614707379144023
97,2023,12,0,logistic_regression,0,0.349097797360153
97,2024,1,1,logistic_regression,0,0.33974567464988187
97,2024,2,1,logistic_regression,0,0.28735846079302585
97,2024,3,0,logistic_regression,0,0.25878007700816
97,2024,4,0,logistic_regression,0,0.3149072710479328
97,2024,5,0,logistic_regression,0,0.22038445157643055
97,2024,6,0,logistic_regression,0,0.29153030301511607
97,2024,7,0,logistic_regression,0,0.2605855238548107
97,2024,8,0,logistic_regression,0,0.29215725382712343
97,2024,9,0,logistic_regression,0,0.3879381189288356
97,2024,11,0,logistic_regression,0,0.29913476774684816
97,2024,12,0,logistic_regression,0,0.28258718993040916
98,2023,11,1,logistic_regression,0,0.3791908060433865
98,2023,12,0,logistic_regression,0,0.3677170197565971
98,2024,1,1,logistic_regression,0,0.34919311650691826
98,2024,2,1,logistic_regression,0,0.29724571236931535
98,2024,3,0,logistic_regression,0,0.2722453708906485
98,2024,4,0,logistic_regression,0,0.3285502638975737
98,2024,5,0,logistic_regression,0,0.22521225627249536
98,2024,6,0,logistic_regression,0,0.3065532255071948
98,2024,7,0,logistic_regression,0,0.2668333310329447
98,2024,8,0,logistic_regression,0,0.2989680713319768
98,2024,9,0,logistic_regression,0,0.4047935998267675
98,2024,11,0,logistic_regression,0,0.3097450574488872
98,2024,12,0,logistic_regression,0,0.2956582882480192
99,2023,11,0,logistic_regression,0,0.4434826129132014
99,2023,12,1,logistic_regression,0,0.44106484004593904
99,2024,1,1,logistic_regression,0,0.4417634198137627
99,2024,2,1,logistic_regression,0,0.3694547171771597
99,2024,3,0,logistic_regression,0,0.31078337393523514
99,2024,4,1,logistic_regression,0,0.3994758199515004
99,2024,5,1,logistic_regression,0,0.2818318428418743
99,2024,6,1,logistic_regression,0,0.3452707922544667
99,2024,7,1,logistic_regression,0,0.30451971826989704
99,2024,8,0,logistic_regression,0,0.35046670426310184
99,2024,9,1,logistic_regression,0,0.45448041400074674
99,2024,11,0,logistic_regression,0,0.3600992019462866
99,2024,12,0,logistic_regression,0,0.3296968120302761
100,2023,11,0,logistic_regression,1,0.8134642201152503
100,2023,12,1,logistic_regression,1,0.7894695628059765
100,2024,1,1,logistic_regression,1,0.8043668059861541
100,2024,2,1,logistic_regression,1,0.7068036883388034
100,2024,3,0,logistic_regression,1,0.6050365439932744
100,2024,4,1,logistic_regression,1,0.7549584516193759
100,2024,5,1,logistic_regression,1,0.7499309246224741
100,2024,6,1,logistic_regression,1,0.8209245611374097
100,2024,7,1,logistic_regression,1,0.6782824423070076
100,2024,8,0,logistic_regression,1,0.8310280796924095
100,2024,9,1,logistic_regression,1,0.8665444679387452
100,2024,11,0,logistic_regression,1,0.8094850307326699
100,2024,12,0,logistic_regression,1,0.7470488513517073
101,2023,11,1,logistic_regression,1,0.5293771933564221
101,2023,12,0,logistic_regression,1,0.5159839145945635
101,2024,1,1,logistic_regression,0,0.49866773043561996
101,2024,2,1,logistic_regression,0,0.4489732262915193
101,2024,3,1,logistic_regression,0,0.40043418327290203
101,2024,4,0,logistic_regression,1,0.5154361782965005
101,2024,5,0,logistic_regression,0,0.41765284484788545
101,2024,6,1,logistic_regression,1,0.5067633369281334
101,2024,7,1,logistic_regression,0,0.4575642097420774
101,2024,8,1,logistic_regression,1,0.5018948011749111
101,2024,9,0,logistic_regression,1,0.609864134403075
101,2024,11,1,logistic_regression,0,0.49245174022696325
101,2024,12,1,logistic_regression,0,0.4654787692966927
102,2023,11,1,logistic_regression,0,0.4912466487321743
102,2023,12,0,logistic_regression,0,0.47239976973057274
102,2024,1,1,logistic_regression,0,0.4683366107758701
102,2024,2,1,logistic_regression,0,0.41103946423574333
102,2024,3,1,logistic_regression,0,0.3695118153390223
102,2024,4,0,logistic_regression,0,0.46020726608602475
102,2024,5,0,logistic_regression,0,0.35546150319163644
102,2024,6,1,logistic_regression,1,0.5760201064531207
102,2024,7,1,logistic_regression,0,0.3994814190076828
102,2024,8,1,logistic_regression,0,0.43085552687275674
102,2024,9,0,logistic_regression,1,0.5583300267580857
102,2024,11,1,logistic_regression,0,0.43530475463047946
102,2024,12,1,logistic_regression,0,0.4171992742045668
103,2023,11,0,logistic_regression,0,0.45822965483491174
103,2023,12,0,logistic_regression,0,0.4368490416019911
103,2024,1,0,logistic_regression,0,0.4127048681509421
103,2024,2,0,logistic_regression,0,0.34711261466665994
103,2024,3,0,logistic_regression,0,0.3327153483997487
103,2024,4,0,logistic_regression,0,0.40470276308752823
103,2024,5,0,logistic_regression,0,0.28042175863412494
103,2024,6,0,logistic_regression,0,0.36073315704103254
103,2024,7,0,logistic_regression,0,0.3275699180341048
103,2024,8,0,logistic_regression,0,0.3742126237469475
103,2024,9,0,logistic_regression,0,0.48254413146408554
103,2024,11,0,logistic_regression,0,0.37896481677473115
103,2024,12,0,logistic_regression,0,0.34785306898199053
104,2023,11,0,logistic_regression,0,0.4561553600350041
104,2023,12,0,logistic_regression,0,0.44225606721214755
104,2024,1,0,logistic_regression,0,0.4184559172495864
104,2024,2,0,logistic_regression,0,0.3737357933274305
104,2024,3,0,logistic_regression,0,0.3415106887195784
104,2024,4,0,logistic_regression,0,0.41393559053845536
104,2024,5,0,logistic_regression,0,0.2886652926358528
104,2024,6,0,logistic_regression,0,0.33795960939145986
104,2024,7,0,logistic_regression,0,0.33384160244928657
104,2024,8,0,logistic_regression,0,0.37786200697242384
104,2024,9,0,logistic_regression,0,0.48723995145911303
104,2024,11,0,logistic_regression,0,0.37960483417476304
104,2024,12,0,logistic_regression,0,0.3383871852073114
105,2023,11,1,logistic_regression,0,0.45248767873505924
105,2023,12,0,logistic_regression,0,0.49019959335986113
105,2024,1,0,logistic_regression,0,0.47800505806797783
105,2024,2,1,logistic_regression,0,0.4001681238283232
105,2024,3,0,logistic_regression,0,0.31198620979810593
105,2024,4,0,logistic_regression,0,0.42224404285943196
105,2024,5,0,logistic_regression,0,0.2978318186702804
105,2024,6,0,logistic_regression,0,0.3886064034986855
105,2024,7,0,logistic_regression,0,0.3058409341018471
105,2024,8,0,logistic_regression,0,0.34790016345011854
105,2024,9,0,logistic_regression,0,0.4538965215329491
105,2024,11,0,logistic_regression,0,0.4154225376227093
105,2024,12,0,logistic_regression,0,0.3653541844087952
106,2023,11,1,logistic_regression,0,0.49009447756658453
106,2023,12,0,logistic_regression,1,0.5192317319851775
106,2024,1,0,logistic_regression,1,0.508207076105916
106,2024,2,1,logistic_regression,0,0.435406010862538
106,2024,3,0,logistic_regression,0,0.3532045944529389
106,2024,4,0,logistic_regression,0,0.4550820801027367
106,2024,5,0,logistic_regression,0,0.33081290256168994
106,2024,6,0,logistic_regression,0,0.39034154926692305
106,2024,7,0,logistic_regression,0,0.3436684455908549
106,2024,8,0,logistic_regression,0,0.3965617726610911
106,2024,9,0,logistic_regression,0,0.4890456241203895
106,2024,11,0,logistic_regression,0,0.4145789772302605
106,2024,12,0,logistic_regression,0,0.3917243199695445
107,2023,11,1,logistic_regression,1,0.9840964134960569
107,2023,12,1,logistic_regression,1,0.9751479914475019
107,2024,1,0,logistic_regression,1,0.9759855726763947
107,2024,2,1,logistic_regression,1,0.9797335638946177
107,2024,3,1,logistic_regression,1,0.9918484478684699
107,2024,4,0,logistic_regression,1,0.9905821466135741
107,2024,5,1,logistic_regression,1,0.9922461982278498
107,2024,6,1,logistic_regression,1,0.9950521594327354
107,2024,7,0,logistic_regression,1,0.9907353928866991
107,2024,8,0,logistic_regression,1,0.9945267681031219
107,2024,9,1,logistic_regression,1,0.9970815754565853
107,2024,11,1,logistic_regression,1,0.9883236195874426
107,2024,12,0,logistic_regression,1,0.9715610320750673
108,2023,11,0,logistic_regression,1,0.5289495111621991
108,2023,12,0,logistic_regression,1,0.5637702258985271
108,2024,1,0,logistic_regression,1,0.5382467725575371
108,2024,2,0,logistic_regression,0,0.47169723397551744
108,2024,3,0,logistic_regression,0,0.47974025040551155
108,2024,4,0,logistic_regression,1,0.5229258038994237
108,2024,5,0,logistic_regression,0,0.4906226934529439
108,2024,6,0,logistic_regression,1,0.5512485067822966
108,2024,7,1,logistic_regression,0,0.49802291397416876
108,2024,8,1,logistic_regression,1,0.5452042996639407
108,2024,9,1,logistic_regression,1,0.6769723993649818
108,2024,11,0,logistic_regression,1,0.536119346612143
108,2024,12,0,logistic_regression,0,0.4757695155462131
109,2023,11,0,logistic_regression,1,0.6736376259514067
109,2023,12,0,logistic_regression,1,0.686524386845907
109,2024,1,0,logistic_regression,1,0.6779252196232086
109,2024,2,0,logistic_regression,1,0.6223950611234764
109,2024,3,0,logistic_regression,1,0.6557296817747085
109,2024,4,0,logistic_regression,1,0.7015353353113422
109,2024,5,0,logistic_regression,1,0.6771503086999738
109,2024,6,0,logistic_regression,1,0.7242374470725887
109,2024,7,0,logistic_regression,1,0.7025757351628685
109,2024,8,0,logistic_regression,1,0.7890730096757851
109,2024,9,1,logistic_regression,1,0.8260414270698822
109,2024,11,0,logistic_regression,1,0.6713918569037222
109,2024,12,0,logistic_regression,1,0.5855460319302893
110,2023,11,1,logistic_regression,1,0.66964970207753
110,2023,12,0,logistic_regression,1,0.5884953971933556
110,2024,1,0,logistic_regression,1,0.6574927934230346
110,2024,2,1,logistic_regression,1,0.6260080292536336
110,2024,3,0,logistic_regression,1,0.6253991315414622
110,2024,4,1,logistic_regression,1,0.688132035434846
110,2024,5,0,logistic_regression,1,0.6117787743127958
110,2024,6,0,logistic_regression,1,0.7272533868123733
110,2024,7,0,logistic_regression,1,0.6399047668464378
110,2024,8,0,logistic_regression,1,0.6869429716317269
110,2024,9,1,logistic_regression,1,0.7483560110962453
110,2024,11,0,logistic_regression,1,0.5968497038700608
110,2024,12,1,logistic_regression,1,0.5134155936832642
111,2023,11,1,logistic_regression,0,0.48925535956561117
111,2023,12,1,logistic_regression,1,0.5098103183876066
111,2024,1,0,logistic_regression,0,0.49316480378543825
111,2024,2,0,logistic_regression,0,0.45049659818710325
111,2024,3,1,logistic_regression,0,0.4099355534595013
111,2024,4,1,logistic_regression,1,0.5310014947206642
111,2024,5,0,logistic_regression,0,0.4061336954472555
111,2024,6,1,logistic_regression,0,0.4930881095819273
111,2024,7,1,logistic_regression,0,0.43083883101975906
111,2024,8,0,logistic_regression,0,0.4691834346159007
111,2024,9,0,logistic_regression,1,0.5610018059395615
111,2024,11,1,logistic_regression,0,0.4173272930676205
111,2024,12,1,logistic_regression,0,0.3961379455706686
112,2023,11,0,logistic_regression,1,0.6249523469760359
112,2023,12,1,logistic_regression,1,0.5721410469413235
112,2024,1,0,logistic_regression,1,0.5768115905861219
112,2024,2,0,logistic_regression,1,0.5301335383921559
112,2024,3,0,logistic_regression,1,0.5101489860423303
112,2024,4,0,logistic_regression,1,0.5794014474703647
112,2024,5,0,logistic_regression,0,0.4641666529905794
112,2024,6,0,logistic_regression,1,0.5880055964423333
112,2024,7,0,logistic_regression,1,0.539216644204211
112,2024,8,1,logistic_regression,1,0.5848688711883282
112,2024,9,0,logistic_regression,1,0.6811075824609842
112,2024,11,0,logistic_regression,1,0.5383486253998392
112,2024,12,0,logistic_regression,0,0.4920512019799515
113,2023,11,0,logistic_regression,0,0.37545411736901363
113,2023,12,1,logistic_regression,0,0.4216506113584136
113,2024,1,0,logistic_regression,0,0.3812648966363437
113,2024,2,0,logistic_regression,0,0.33863625870884334
113,2024,3,0,logistic_regression,0,0.31720582344991427
113,2024,4,0,logistic_regression,0,0.38143328900781154
113,2024,5,0,logistic_regression,0,0.3210861467191194
113,2024,6,0,logistic_regression,0,0.3789464551601142
113,2024,7,0,logistic_regression,0,0.31528488135791854
113,2024,8,0,logistic_regression,0,0.34731635270052164
113,2024,9,0,logistic_regression,0,0.4652766798362849
113,2024,11,0,logistic_regression,0,0.3575573350112712
113,2024,12,0,logistic_regression,0,0.33987223335707206
114,2023,11,0,logistic_regression,0,0.3077764981373793
114,2023,12,1,logistic_regression,0,0.34514164153144944
114,2024,1,0,logistic_regression,0,0.3221368938012037
114,2024,2,0,logistic_regression,0,0.27576678745792543
114,2024,3,0,logistic_regression,0,0.2257368517819832
114,2024,4,0,logistic_regression,0,0.29377221850981877
114,2024,5,0,logistic_regression,0,0.22215902454517839
114,2024,6,0,logistic_regression,0,0.26197427456923594
114,2024,7,0,logistic_regression,0,0.2225956635676442
114,2024,8,0,logistic_regression,0,0.23694838526732429
114,2024,9,0,logistic_regression,0,0.3446306407358998
114,2024,11,0,logistic_regression,0,0.2739211077547625
114,2024,12,0,logistic_regression,0,0.27184773829759806
115,2023,11,1,logistic_regression,1,0.5862757550434807
115,2023,12,1,logistic_regression,1,0.6389609192251953
115,2024,1,1,logistic_regression,1,0.6012862864238523
115,2024,2,1,logistic_regression,1,0.5640235175587324
115,2024,3,1,logistic_regression,1,0.5226139833938619
115,2024,4,1,logistic_regression,1,0.6015603507794599
115,2024,5,1,logistic_regression,0,0.4769453574173547
115,2024,6,0,logistic_regression,1,0.6514283176248136
115,2024,7,1,logistic_regression,1,0.5980559329452754
115,2024,8,0,logistic_regression,1,0.6557461610386004
115,2024,9,0,logistic_regression,1,0.6929141961098548
115,2024,11,0,logistic_regression,1,0.5489517336887901
115,2024,12,1,logistic_regression,1,0.5027975503469111
116,2023,11,1,logistic_regression,0,0.42282353306399634
116,2023,12,0,logistic_regression,0,0.4453622255589193
116,2024,1,0,logistic_regression,0,0.41310656754018577
116,2024,2,1,logistic_regression,0,0.38524701286426744
116,2024,3,0,logistic_regression,0,0.3375161381558249
116,2024,4,0,logistic_regression,0,0.4108838797640937
116,2024,5,1,logistic_regression,0,0.3370812740991794
116,2024,6,0,logistic_regression,0,0.3873220624267038
116,2024,7,0,logistic_regression,0,0.3340071085059895
116,2024,8,0,logistic_regression,0,0.3751168280637787
116,2024,9,0,logistic_regression,0,0.47700786437023945
116,2024,11,1,logistic_regression,0,0.35767117406909577
116,2024,12,1,logistic_regression,0,0.3370708502703366
117,2023,11,1,logistic_regression,0,0.42166565084313273
117,2023,12,0,logistic_regression,0,0.4375051565234285
117,2024,1,0,logistic_regression,0,0.4106434679153025
117,2024,2,1,logistic_regression,0,0.38842942596603275
117,2024,3,0,logistic_regression,0,0.3329908815922452
117,2024,4,0,logistic_regression,0,0.4162567535609516
117,2024,5,1,logistic_regression,0,0.35632247424189234
117,2024,6,0,logistic_regression,0,0.43435386163788925
117,2024,7,0,logistic_regression,0,0.3874678538417831
117,2024,8,0,logistic_regression,0,0.43889914488058424
117,2024,9,0,logistic_regression,1,0.5287480399080565
117,2024,11,1,logistic_regression,0,0.3683078607332575
117,2024,12,1,logistic_regression,0,0.3494652270149681
118,2023,11,1,logistic_regression,1,0.7733420739158368
118,2023,12,0,logistic_regression,1,0.7615898048307228
118,2024,1,1,logistic_regression,1,0.7219428709190655
118,2024,2,1,logistic_regression,1,0.71214132704528
118,2024,3,0,logistic_regression,1,0.7077809322098464
118,2024,4,1,logistic_regression,1,0.7362066971455393
118,2024,5,1,logistic_regression,1,0.7025164992843216
118,2024,6,1,logistic_regression,1,0.7823771775509585
118,2024,7,1,logistic_regression,1,0.7114702789050134
118,2024,8,0,logistic_regression,1,0.7357684026049961
118,2024,9,0,logistic_regression,1,0.8293500482858653
118,2024,11,1,logistic_regression,1,0.7285585600371911
118,2024,12,1,logistic_regression,1,0.6849898752063889
119,2023,11,1,logistic_regression,0,0.37139654259180765
119,2023,12,0,logistic_regression,0,0.3911992223967756
119,2024,1,1,logistic_regression,0,0.3551497212001521
119,2024,2,1,logistic_regression,0,0.31645994773254954
119,2024,3,0,logistic_regression,0,0.25608810426735046
119,2024,4,1,logistic_regression,0,0.3300199700763248
119,2024,5,1,logistic_regression,0,0.2419863691008415
119,2024,6,1,logistic_regression,0,0.30123543244940554
119,2024,7,1,logistic_regression,0,0.24727554228903398
119,2024,8,0,logistic_regression,0,0.2685513570090959
119,2024,9,0,logistic_regression,0,0.37856947374703365
119,2024,11,1,logistic_regression,1,0.9432879248122997
119,2024,12,1,logistic_regression,1,0.9515016792772212
120,2023,11,0,logistic_regression,0,0.29482050668064125
120,2023,12,1,logistic_regression,0,0.3083381777223792
120,2024,1,1,logistic_regression,0,0.2714056543713754
120,2024,2,0,logistic_regression,0,0.24319386761244033
120,2024,3,0,logistic_regression,0,0.19506410408470523
120,2024,4,0,logistic_regression,0,0.2611602735780081
120,2024,5,1,logistic_regression,0,0.19210293828454938
120,2024,6,0,logistic_regression,0,0.22628522952631333
120,2024,7,0,logistic_regression,0,0.21030378777564523
120,2024,8,0,logistic_regression,0,0.24264544688620782
120,2024,9,1,logistic_regression,0,0.3268437590698172
120,2024,11,0,logistic_regression,0,0.227592032118147
120,2024,12,1,logistic_regression,0,0.21781572573931784
121,2023,11,0,logistic_regression,0,0.417260315964938
121,2023,12,1,logistic_regression,0,0.38957863980936414
121,2024,1,1,logistic_regression,0,0.38021252498223473
121,2024,2,0,logistic_regression,0,0.36368203473256017
121,2024,3,0,logistic_regression,0,0.3195661646246637
121,2024,4,0,logistic_regression,0,0.4031675679238036
121,2024,5,1,logistic_regression,0,0.3063492908225583
121,2024,6,0,logistic_regression,0,0.3826603241703913
121,2024,7,0,logistic_regression,0,0.30756685309135734
121,2024,8,0,logistic_regression,0,0.4032575440241294
121,2024,9,1,logistic_regression,0,0.48689549832716694
121,2024,11,0,logistic_regression,0,0.2954324680402357
121,2024,12,0,logistic_regression,0,0.31285125235975764
122,2023,11,0,logistic_regression,1,0.7682460772804419
122,2023,12,1,logistic_regression,1,0.7145774141756047
122,2024,1,1,logistic_regression,1,0.7362064569308925
122,2024,2,1,logistic_regression,1,0.7251131328136216
122,2024,3,0,logistic_regression,1,0.785155216032851
122,2024,4,1,logistic_regression,1,0.7860644731802688
122,2024,5,1,logistic_regression,1,0.8103349955638226
122,2024,6,0,logistic_regression,1,0.8731949034816459
122,2024,7,0,logistic_regression,1,0.8331896038679134
122,2024,8,0,logistic_regression,1,0.5294681037815513
122,2024,9,0,logistic_regression,0,0.4194234460810638
122,2024,11,1,logistic_regression,0,0.3392768445542935
122,2024,12,1,logistic_regression,0,0.3177332917179649
123,2024,11,0,logistic_regression,1,0.9171574509951599
123,2024,12,0,logistic_regression,1,0.9136388421078283
124,2023,11,0,logistic_regression,0,0.303412446385095
124,2023,12,1,logistic_regression,0,0.28860462962238864
124,2024,1,0,logistic_regression,0,0.2611238759411483
124,2024,2,0,logistic_regression,0,0.2227360985633381
124,2024,3,0,logistic_regression,0,0.17739381895592315
124,2024,4,1,logistic_regression,0,0.22537979703445454
124,2024,5,0,logistic_regression,0,0.14809049088770312
124,2024,6,0,logistic_regression,0,0.19335273240681972
124,2024,7,0,logistic_regression,0,0.1609132318097864
124,2024,8,0,logistic_regression,0,0.27216133916552254
124,2024,11,0,logistic_regression,1,0.9165272975253923
124,2024,12,0,logistic_regression,1,0.9129844631621611
125,2023,11,0,logistic_regression,1,0.6846189337578247
125,2023,12,1,logistic_regression,1,0.6617579320548143
125,2024,1,1,logistic_regression,1,0.6567041863228935
125,2024,2,1,logistic_regression,1,0.6433875989096742
125,2024,3,0,logistic_regression,1,0.6802348226942281
125,2024,4,1,logistic_regression,1,0.7011521826451019
125,2024,5,1,logistic_regression,1,0.70293260636756
125,2024,6,0,logistic_regression,1,0.7698476251235163
125,2024,7,0,logistic_regression,1,0.729128439216309
125,2024,8,0,logistic_regression,1,0.815590470005616
125,2024,9,0,logistic_regression,1,0.8998576160590591
125,2024,11,1,logistic_regression,1,0.7904799656258716
125,2024,12,1,logistic_regression,1,0.7080117364573795
126,2023,11,0,logistic_regression,1,0.5274573851014774
126,2023,12,1,logistic_regression,1,0.527768558431286
126,2024,1,1,logistic_regression,1,0.5386575787760738
126,2024,2,1,logistic_regression,0,0.4773122159732496
126,2024,3,0,logistic_regression,0,0.4117728336472233
126,2024,4,0,logistic_regression,1,0.5165174268553786
126,2024,5,0,logistic_regression,0,0.4400479291872072
126,2024,6,0,logistic_regression,0,0.4785753770640251
126,2024,7,1,logistic_regression,0,0.4585197764956512
126,2024,8,0,logistic_regression,1,0.5280039062373473
126,2024,9,1,logistic_regression,1,0.6100032405535489
126,2024,11,1,logistic_regression,0,0.21543894947128606
126,2024,12,0,logistic_regression,0,0.4098754718611293
127,2023,11,1,logistic_regression,1,0.5462571860706845
127,2023,12,1,logistic_regression,0,0.3785379556685675
127,2024,1,0,logistic_regression,0,0.49976212140263054
127,2024,2,0,logistic_regression,0,0.45637391908860864
127,2024,3,0,logistic_regression,0,0.444028147198861
127,2024,4,1,logistic_regression,1,0.5064258791755794
127,2024,5,0,logistic_regression,0,0.3631985584142563
127,2024,6,1,logistic_regression,1,0.5032067450131381
127,2024,7,0,logistic_regression,0,0.4755621324448312
127,2024,8,1,logistic_regression,0,0.49959185577193077
127,2024,9,0,logistic_regression,1,0.6169185338794585
127,2024,11,0,logistic_regression,0,0.47544503078836076
127,2024,12,0,logistic_regression,0,0.41958819797731073
128,2023,11,0,logistic_regression,0,0.49994403161605205
128,2023,12,0,logistic_regression,1,0.5224928202712897
128,2024,1,0,logistic_regression,0,0.4762815351320951
128,2024,2,0,logistic_regression,0,0.433356718136085
128,2024,3,0,logistic_regression,0,0.3762638534925449
128,2024,4,0,logistic_regression,0,0.46173199674012183
128,2024,5,0,logistic_regression,0,0.37464909730078017
128,2024,6,1,logistic_regression,0,0.4268601629981588
128,2024,7,0,logistic_regression,0,0.3751287214209122
128,2024,8,0,logistic_regression,0,0.4221186241140662
128,2024,9,0,logistic_regression,1,0.5258476018020422
128,2024,11,1,logistic_regression,0,0.4202810120381757
128,2024,12,1,logistic_regression,0,0.40349346140023606
129,2023,11,0,logistic_regression,0,0.4777997428267663
129,2023,12,0,logistic_regression,0,0.49776721272533697
129,2024,1,0,logistic_regression,0,0.4564971095847929
129,2024,2,0,logistic_regression,0,0.4090548106404113
129,2024,3,0,logistic_regression,0,0.3541986400651991
129,2024,4,0,logistic_regression,0,0.4417628995441208
129,2024,5,0,logistic_regression,0,0.3369614625837161
129,2024,6,1,logistic_regression,0,0.40470647203253934
129,2024,7,0,logistic_regression,0,0.3665307540896606
129,2024,8,0,logistic_regression,0,0.2893806877359853
129,2024,9,0,logistic_regression,1,0.508269859791862
129,2024,11,1,logistic_regression,0,0.40706796098481185
129,2024,12,1,logistic_regression,0,0.3855075954477366
131,2023,11,0,logistic_regression,0,0.37082331070765456
131,2023,12,0,logistic_regression,0,0.4085039439601799
131,2024,1,0,logistic_regression,0,0.361103332085024
131,2024,2,0,logistic_regression,0,0.32955183874739535
131,2024,3,0,logistic_regression,0,0.29769589630246945
131,2024,4,0,logistic_regression,0,0.37168108301380565
131,2024,5,0,logistic_regression,0,0.31222535963270925
131,2024,6,1,logistic_regression,0,0.402640239027824
131,2024,7,0,logistic_regression,0,0.3374967615556859
131,2024,8,0,logistic_regression,0,0.40649988458451186
131,2024,9,0,logistic_regression,0,0.4666365443732424
131,2024,11,0,logistic_regression,0,0.34249302769214685
131,2024,12,0,logistic_regression,0,0.31602995616056784
132,2023,11,0,logistic_regression,0,0.36379562803078075
132,2023,12,0,logistic_regression,0,0.35199381369729593
132,2024,1,0,logistic_regression,0,0.3451520749391048
132,2024,2,0,logistic_regression,0,0.2845942076768146
132,2024,3,0,logistic_regression,0,0.2630379849564837
132,2024,4,0,logistic_regression,0,0.3147388585644244
132,2024,5,0,logistic_regression,0,0.21941980999854283
132,2024,6,0,logistic_regression,0,0.31455928159737967
132,2024,7,0,logistic_regression,0,0.25980772962947357
132,2024,8,0,logistic_regression,0,0.2919488375698446
132,2024,9,0,logistic_regression,0,0.38422104843271776
132,2024,11,0,logistic_regression,0,0.27812877545883985
132,2024,12,0,logistic_regression,0,0.2741934954188197
133,2023,11,0,logistic_regression,0,0.37837456702017014
133,2023,12,0,logistic_regression,0,0.3805169409754936
133,2024,1,0,logistic_regression,0,0.3733769829457309
133,2024,2,0,logistic_regression,0,0.309142510781649
133,2024,3,0,logistic_regression,0,0.2819291575838804
133,2024,4,0,logistic_regression,0,0.3466356411595288
133,2024,5,0,logistic_regression,0,0.2363496455063722
133,2024,6,0,logistic_regression,0,0.3303689332877545
133,2024,7,0,logistic_regression,0,0.29431753651230164
133,2024,8,0,logistic_regression,0,0.3286123311996726
133,2024,9,0,logistic_regression,0,0.41891009294470627
133,2024,11,0,logistic_regression,0,0.3190801970454249
133,2024,12,0,logistic_regression,0,0.2574362647313303
134,2023,11,0,logistic_regression,1,0.5010062688666983
134,2023,12,0,logistic_regression,0,0.481226159862438
134,2024,1,0,logistic_regression,0,0.48481597635219026
134,2024,2,0,logistic_regression,0,0.42889575058772017
134,2024,3,0,logistic_regression,0,0.43062033177874337
134,2024,4,0,logistic_regression,0,0.4758042093806899
134,2024,5,0,logistic_regression,0,0.3802315599859101
134,2024,6,0,logistic_regression,0,0.49197981002292895
134,2024,7,0,logistic_regression,0,0.4362251369433655
134,2024,8,0,logistic_regression,0,0.49439148405060884
134,2024,9,0,logistic_regression,1,0.5727665421346916
134,2024,11,1,logistic_regression,0,0.4568356275588663
134,2024,12,0,logistic_regression,0,0.4130562480252632
135,2023,11,0,logistic_regression,1,0.5347843714073848
135,2023,12,0,logistic_regression,1,0.5274204213956939
135,2024,1,0,logistic_regression,1,0.5147423869582214
135,2024,2,0,logistic_regression,0,0.44970010961591883
135,2024,3,0,logistic_regression,0,0.42797361741077117
135,2024,4,0,logistic_regression,0,0.4880746201814241
135,2024,5,0,logistic_regression,0,0.3778760133769278
135,2024,6,0,logistic_regression,0,0.47304452646881023
135,2024,7,0,logistic_regression,0,0.4350949015978601
135,2024,8,0,logistic_regression,0,0.4770308733835951
135,2024,9,0,logistic_regression,1,0.5608612693430856
135,2024,11,0,logistic_regression,0,0.4795090718046327
135,2024,12,0,logistic_regression,0,0.4514974299627129
136,2023,11,1,logistic_regression,0,0.42021917126959407
136,2023,12,0,logistic_regression,0,0.4234528164221818
136,2024,1,0,logistic_regression,0,0.4062663426952222
136,2024,2,1,logistic_regression,0,0.37917033237069686
136,2024,3,0,logistic_regression,0,0.3412580271314472
136,2024,4,0,logistic_regression,0,0.358713441445437
136,2024,5,0,logistic_regression,0,0.2913763165735165
136,2024,6,0,logistic_regression,0,0.37978244332525074
136,2024,7,0,logistic_regression,0,0.29340866842491625
136,2024,8,0,logistic_regression,0,0.33634792249058304
136,2024,9,1,logistic_regression,0,0.49678134966398185
136,2024,11,0,logistic_regression,0,0.36428385964857524
136,2024,12,1,logistic_regression,0,0.3007770635124624
137,2023,11,0,logistic_regression,1,0.7766523497209762
137,2023,12,1,logistic_regression,1,0.7533264793075026
137,2024,1,1,logistic_regression,1,0.7613538830533929
137,2024,2,1,logistic_regression,1,0.7557295521460109
137,2024,3,0,logistic_regression,1,0.8376024160911061
137,2024,4,1,logistic_regression,1,0.8325931492933816
137,2024,5,1,logistic_regression,1,0.8313682757184089
137,2024,6,0,logistic_regression,1,0.8966218204445937
137,2024,7,0,logistic_regression,1,0.9025767095365538
137,2024,8,0,logistic_regression,1,0.9573698596785531
137,2024,9,1,logistic_regression,1,0.951765919571244
137,2024,11,1,logistic_regression,1,0.8269055057829191
137,2024,12,1,logistic_regression,1,0.7639785901311476
138,2023,11,1,logistic_regression,1,0.5919779594402054
138,2023,12,1,logistic_regression,1,0.5700724922442029
138,2024,1,1,logistic_regression,1,0.6104857691498353
138,2024,2,1,logistic_regression,1,0.535943263326589
138,2024,3,1,logistic_regression,1,0.5407807590648087
138,2024,4,1,logistic_regression,1,0.6020218481943648
138,2024,5,1,logistic_regression,0,0.4949991538348961
138,2024,6,0,logistic_regression,1,0.6071648939429019
138,2024,7,0,logistic_regression,1,0.5862038320293491
138,2024,8,0,logistic_regression,1,0.7708792137710055
138,2024,9,1,logistic_regression,1,0.70496674550617
138,2024,11,1,logistic_regression,1,0.5901795114423204
138,2024,12,1,logistic_regression,1,0.5483549140510259
139,2023,11,0,logistic_regression,0,0.4141237291052495
139,2023,12,0,logistic_regression,0,0.3800028327474721
139,2024,1,0,logistic_regression,0,0.35882327624003296
139,2024,2,0,logistic_regression,0,0.3095862417887607
139,2024,3,0,logistic_regression,0,0.32827056783694225
139,2024,4,0,logistic_regression,0,0.4332961456946042
139,2024,5,1,logistic_regression,0,0.31298793915859946
139,2024,6,0,logistic_regression,0,0.418106364567659
139,2024,7,1,logistic_regression,0,0.3190449904248825
139,2024,8,0,logistic_regression,1,0.5036967879672578
139,2024,9,0,logistic_regression,1,0.5498436359264947
139,2024,11,0,logistic_regression,0,0.3544751510068212
139,2024,12,0,logistic_regression,0,0.3263055464692216
140,2023,11,1,logistic_regression,1,0.6953531129199148
140,2023,12,0,logistic_regression,1,0.6933813655081855
140,2024,1,1,logistic_regression,1,0.6898598959013745
140,2024,2,0,logistic_regression,1,0.6370804662537937
140,2024,3,1,logistic_regression,1,0.6859739887183929
140,2024,4,0,logistic_regression,1,0.7021541895429607
140,2024,5,1,logistic_regression,1,0.6803102022181156
140,2024,6,0,logistic_regression,1,0.7688714402570344
140,2024,7,1,logistic_regression,0,0.035612640167449174
140,2024,8,0,logistic_regression,1,0.8275206124145427
140,2024,9,1,logistic_regression,1,0.8889488917699553
140,2024,11,1,logistic_regression,1,0.7326939204740236
140,2024,12,1,logistic_regression,1,0.6789138468104046
142,2023,11,0,logistic_regression,1,0.8367056514732474
143,2023,12,1,logistic_regression,1,0.933679841205385
143,2024,1,1,logistic_regression,1,0.9575031492201882
143,2024,2,1,logistic_regression,1,0.9572305582537937
143,2024,3,1,logistic_regression,1,0.9795036066498348
143,2024,4,1,logistic_regression,1,0.9756182224578652
143,2024,5,1,logistic_regression,1,0.9884099252858215
143,2024,6,0,logistic_regression,1,0.9898594393172201
143,2024,7,0,logistic_regression,1,0.975073070280197
143,2024,8,0,logistic_regression,1,0.9888621806039742
143,2024,9,1,logistic_regression,1,0.9940060328355372
143,2024,11,1,logistic_regression,1,0.980640181331869
143,2024,12,1,logistic_regression,1,0.9702153348372524
144,2024,1,1,logistic_regression,1,0.9073099610992222
1,2023,11,1,random_forest,0,0.420408103388417
1,2023,12,1,random_forest,0,0.3553371207045981
1,2024,1,0,random_forest,0,0.34385076688558247
1,2024,2,0,random_forest,0,0.42168871880802894
1,2024,3,0,random_forest,0,0.4356530665606641
1,2024,4,1,random_forest,0,0.48204152465066785
1,2024,5,1,random_forest,0,0.35968844910616254
1,2024,6,0,random_forest,0,0.27702643986699405
1,2024,7,0,random_forest,0,0.4287424654476814
1,2024,8,1,random_forest,0,0.4047221431041397
1,2024,9,0,random_forest,0,0.32787216943199393
1,2024,11,0,random_forest,0,0.42228137503287905
1,2024,12,0,random_forest,0,0.25755949890908225
2,2023,11,1,random_forest,0,0.397207634005494
2,2023,12,0,random_forest,0,0.43323185286274424
2,2024,1,0,random_forest,0,0.4185145611745463
2,2024,2,0,random_forest,0,0.45450516204438457
2,2024,3,1,random_forest,0,0.48641497265663974
2,2024,4,0,random_forest,1,0.513817185930791
2,2024,5,1,random_forest,0,0.4299687814290732
2,2024,6,0,random_forest,1,0.5074023155040578
2,2024,7,0,random_forest,1,0.6768680472771909
2,2024,8,0,random_forest,1,0.6334469177939697
2,2024,9,0,random_forest,1,0.5297508405341725
2,2024,11,0,random_forest,1,0.6339567902254507
2,2024,12,0,random_forest,0,0.49325128737100365
3,2023,11,1,random_forest,0,0.4941625378348738
3,2023,12,0,random_forest,0,0.32977767399576874
3,2024,1,0,random_forest,1,0.5230173407114989
3,2024,2,0,random_forest,1,0.5473989195208119
3,2024,3,1,random_forest,1,0.5987645202560095
3,2024,4,0,random_forest,1,0.6159705678892344
3,2024,5,1,random_forest,1,0.5247027923358678
3,2024,6,0,random_forest,1,0.5819106713216579
3,2024,7,0,random_forest,1,0.7756335495402642
3,2024,8,0,random_forest,1,0.775786253740622
3,2024,9,0,random_forest,1,0.6859484864768471
3,2024,11,0,random_forest,1,0.6510449852929784
3,2024,12,0,random_forest,1,0.5927614549429091
4,2023,11,1,random_forest,0,0.31176915062705834
4,2023,12,0,random_forest,0,0.13831633595228537
4,2024,1,0,random_forest,0,0.15745012636819286
4,2024,2,0,random_forest,0,0.34161692748509664
4,2024,3,1,random_forest,1,0.5380705338476824
4,2024,4,0,random_forest,0,0.41825944277480936
4,2024,5,0,random_forest,0,0.3590353592505629
4,2024,6,1,random_forest,0,0.40200760547902803
4,2024,7,0,random_forest,0,0.43475616083459206
4,2024,8,0,random_forest,0,0.38248509187568147
4,2024,9,0,random_forest,0,0.3914622687867196
4,2024,11,1,random_forest,0,0.32648343789788165
4,2024,12,0,random_forest,0,0.1642459921174468
5,2023,11,1,random_forest,0,0.30545930600958043
5,2023,12,0,random_forest,0,0.14201453771516176
5,2024,1,0,random_forest,0,0.1648883976435933
5,2024,2,0,random_forest,0,0.3432175078436138
5,2024,3,1,random_forest,0,0.4152030686038145
5,2024,4,0,random_forest,0,0.4291106274759012
5,2024,5,0,random_forest,0,0.3012490246140129
5,2024,6,1,random_forest,0,0.4109915653239635
5,2024,7,0,random_forest,0,0.45610590277423396
5,2024,8,0,random_forest,0,0.3342444912269067
5,2024,9,0,random_forest,0,0.37455608982835936
5,2024,11,1,random_forest,0,0.40799832161626876
5,2024,12,0,random_forest,0,0.17739472417279523
6,2023,11,0,random_forest,0,0.4599800282596313
6,2023,12,1,random_forest,0,0.401796578727531
6,2024,1,1,random_forest,1,0.5620722093037737
6,2024,2,0,random_forest,1,0.5233927411758267
6,2024,3,1,random_forest,0,0.4247040200148507
6,2024,4,0,random_forest,0,0.43617473918414057
6,2024,5,1,random_forest,0,0.28313133903165244
6,2024,6,1,random_forest,0,0.3383531665417475
6,2024,7,1,random_forest,0,0.3637183027137456
6,2024,8,0,random_forest,0,0.386716865879121
6,2024,9,1,random_forest,0,0.3103147212154745
6,2024,11,1,random_forest,0,0.40900523329063354
6,2024,12,1,random_forest,0,0.4074554380409122
7,2023,11,0,random_forest,0,0.40656042320894276
7,2023,12,1,random_forest,0,0.326079469794532
7,2024,1,1,random_forest,0,0.40159831238362087
7,2024,2,0,random_forest,0,0.4101681309774624
7,2024,3,1,random_forest,0,0.4973484450813119
7,2024,4,0,random_forest,0,0.4773141862496487
7,2024,5,1,random_forest,0,0.27782672580882717
7,2024,6,1,random_forest,0,0.36861783958172256
7,2024,7,1,random_forest,0,0.40487852402210206
7,2024,8,0,random_forest,0,0.382098611860435
7,2024,9,1,random_forest,0,0.29124278167422885
7,2024,11,1,random_forest,0,0.37364772331129864
7,2024,12,1,random_forest,0,0.3863438601187673
8,2023,11,1,random_forest,0,0.25413392241048177
8,2023,12,0,random_forest,0,0.23452463531798956
8,2024,1,0,random_forest,0,0.3333222768349837
8,2024,2,0,random_forest,0,0.25991113434577023
8,2024,3,0,random_forest,0,0.2634002484040866
8,2024,4,1,random_forest,0,0.2804238520336724
8,2024,5,0,random_forest,0,0.2265671615570704
8,2024,6,1,random_forest,0,0.34715012011380597
8,2024,7,0,random_forest,0,0.3303256962325988
8,2024,8,0,random_forest,0,0.2786400075109554
8,2024,9,0,random_forest,0,0.25498551808128284
8,2024,11,0,random_forest,0,0.27946780660262904
8,2024,12,0,random_forest,0,0.2467923479601958
9,2023,11,0,random_forest,0,0.24264285477553627
9,2023,12,0,random_forest,0,0.2897518425635912
9,2024,1,0,random_forest,0,0.3541130755707353
9,2024,2,1,random_forest,0,0.3713901173965931
9,2024,3,0,random_forest,0,0.37321523904903586
9,2024,4,1,random_forest,0,0.3414648523503672
9,2024,5,0,random_forest,0,0.29338413538801283
9,2024,6,0,random_forest,1,0.542436043584262
9,2024,7,0,random_forest,0,0.26871612470984513
9,2024,8,0,random_forest,0,0.3116998871296393
9,2024,9,0,random_forest,1,0.5051913124559086
9,2024,11,0,random_forest,0,0.35318973536473164
9,2024,12,0,random_forest,0,0.42290609188727674
10,2023,11,1,random_forest,0,0.3574613217445824
10,2023,12,1,random_forest,0,0.3687360864008443
10,2024,1,0,random_forest,1,0.5078653247750183
10,2024,2,0,random_forest,0,0.23260611808919301
10,2024,3,0,random_forest,0,0.19421168975612876
10,2024,4,0,random_forest,0,0.2579430558256459
10,2024,5,0,random_forest,0,0.21829604074315337
10,2024,6,0,random_forest,0,0.234880113699177
10,2024,7,1,random_forest,0,0.2984495615238554
10,2024,8,0,random_forest,0,0.29497106376681853
10,2024,9,0,random_forest,0,0.20946866357266003
10,2024,11,0,random_forest,0,0.33711149689739933
10,2024,12,1,random_forest,0,0.3307431961583626
11,2023,11,1,random_forest,0,0.21457370688363975
11,2023,12,1,random_forest,0,0.2669505480744673
11,2024,1,1,random_forest,0,0.4545556538421437
11,2024,2,0,random_forest,0,0.18680261305529008
11,2024,3,1,random_forest,0,0.1751837328679703
11,2024,4,0,random_forest,0,0.15057107924846874
11,2024,5,0,random_forest,0,0.196458728550852
11,2024,6,0,random_forest,0,0.2408701955469428
11,2024,7,1,random_forest,0,0.32297047163174664
11,2024,8,0,random_forest,0,0.2959341885143754
11,2024,9,0,random_forest,0,0.2622310915502427
11,2024,11,0,random_forest,0,0.24080460132850884
11,2024,12,1,random_forest,0,0.2659782391379393
12,2024,8,0,random_forest,0,0.4456863876975565
12,2024,9,1,random_forest,1,0.5123268162877755
12,2024,11,1,random_forest,1,0.5440835143181995
12,2024,12,0,random_forest,1,0.5212122288935429
13,2023,11,1,random_forest,0,0.3157208362203878
13,2023,12,1,random_forest,0,0.3481440200580666
13,2024,1,0,random_forest,0,0.32868447966801145
13,2024,2,0,random_forest,0,0.4728065148071312
13,2024,3,1,random_forest,1,0.5435104363795396
13,2024,4,1,random_forest,0,0.4740995645439365
13,2024,5,0,random_forest,1,0.5084710394744012
13,2024,6,1,random_forest,1,0.5552218583264203
13,2024,7,0,random_forest,1,0.5197585449582462
13,2024,8,0,random_forest,1,0.5901639485020639
13,2024,9,0,random_forest,1,0.6440806299270367
13,2024,11,1,random_forest,1,0.6324009901215453
13,2024,12,0,random_forest,0,0.27565382749516315
14,2023,11,0,random_forest,0,0.30684865866083316
14,2023,12,1,random_forest,0,0.3111227739538468
14,2024,1,0,random_forest,0,0.33951889662200113
14,2024,2,0,random_forest,0,0.3466916453466106
14,2024,3,1,random_forest,0,0.381147720983028
14,2024,4,1,random_forest,0,0.3833249768954279
14,2024,5,1,random_forest,0,0.3493150589547927
14,2024,6,0,random_forest,0,0.35694629270599243
14,2024,7,1,random_forest,0,0.3765406842784785
14,2024,8,0,random_forest,0,0.42587891190880484
14,2024,9,0,random_forest,0,0.4600697731763946
14,2024,11,0,random_forest,0,0.40365224080641765
14,2024,12,1,random_forest,0,0.24639461475328248
15,2023,11,0,random_forest,0,0.4228110938644365
15,2023,12,0,random_forest,1,0.6948175094498287
15,2024,1,1,random_forest,1,0.7410988650694825
15,2024,2,1,random_forest,0,0.4868798667267767
15,2024,3,0,random_forest,1,0.6367034299918748
15,2024,4,1,random_forest,1,0.6451832683266018
15,2024,5,1,random_forest,1,0.7277593151446823
15,2024,6,0,random_forest,1,0.7791068236880434
15,2024,7,1,random_forest,1,0.6473706455657787
15,2024,8,1,random_forest,1,0.6302425838133932
15,2024,9,1,random_forest,1,0.7748766484924714
15,2024,11,0,random_forest,1,0.5904519536471118
15,2024,12,1,random_forest,1,0.7476442592326228
16,2023,11,1,random_forest,1,0.7499640004214155
16,2023,12,1,random_forest,1,0.676349795517125
16,2024,1,1,random_forest,1,0.6841502400419642
16,2024,2,1,random_forest,1,0.7864866036271619
16,2024,3,1,random_forest,1,0.8346876543040935
16,2024,4,1,random_forest,1,0.8313732885905529
16,2024,5,1,random_forest,1,0.7842506706790127
16,2024,6,1,random_forest,1,0.645453996714441
16,2024,7,1,random_forest,1,0.7873664512958326
16,2024,8,1,random_forest,1,0.7240586715690747
16,2024,9,1,random_forest,1,0.6554251345658334
16,2024,11,1,random_forest,1,0.6954710905692323
16,2024,12,1,random_forest,1,0.681524009187078
17,2023,11,1,random_forest,1,0.7279318102223555
17,2023,12,1,random_forest,1,0.7824065289536244
17,2024,1,1,random_forest,1,0.5631085922510602
17,2024,2,1,random_forest,1,0.7551463544113589
17,2024,3,1,random_forest,1,0.8515583712887379
17,2024,4,1,random_forest,1,0.8277645908023824
17,2024,5,1,random_forest,1,0.7748164798325021
17,2024,6,1,random_forest,1,0.6169769887279954
17,2024,7,1,random_forest,1,0.7225825375980497
17,2024,8,1,random_forest,1,0.6948464136863247
17,2024,9,1,random_forest,1,0.6956550672595221
17,2024,11,1,random_forest,1,0.7607687173082691
17,2024,12,1,random_forest,1,0.7247638591015254
18,2023,11,0,random_forest,0,0.4508197863367377
18,2023,12,0,random_forest,1,0.7087702888143103
18,2024,1,1,random_forest,1,0.6869036971776744
18,2024,2,1,random_forest,1,0.5668578301190433
18,2024,3,0,random_forest,1,0.6426387722855075
18,2024,4,1,random_forest,1,0.7030266233765674
18,2024,5,1,random_forest,1,0.7385231667696869
18,2024,6,0,random_forest,1,0.8270667435705841
18,2024,7,1,random_forest,1,0.6066523436481642
18,2024,8,1,random_forest,1,0.5950485797948389
18,2024,9,1,random_forest,1,0.7321453788515939
18,2024,11,0,random_forest,1,0.7250384260419371
18,2024,12,1,random_forest,1,0.7283879755529744
19,2023,11,1,random_forest,0,0.26035520296519704
19,2023,12,1,random_forest,0,0.22160837096700334
19,2024,1,0,random_forest,0,0.38927892663187863
19,2024,2,0,random_forest,0,0.23125836684880166
19,2024,3,1,random_forest,0,0.186576370621083
19,2024,4,0,random_forest,0,0.18832977973486295
19,2024,5,0,random_forest,0,0.25289594192087145
19,2024,6,0,random_forest,0,0.3598722159195895
19,2024,7,1,random_forest,0,0.28202245944020654
19,2024,8,0,random_forest,0,0.31756909635308395
19,2024,9,0,random_forest,0,0.360331524302476
19,2024,11,0,random_forest,0,0.2172713383356204
19,2024,12,1,random_forest,0,0.3236675157031106
20,2023,11,0,random_forest,0,0.3379254922342631
20,2023,12,1,random_forest,0,0.4208171182838892
20,2024,1,0,random_forest,0,0.45399144012994147
20,2024,2,0,random_forest,0,0.34905811094808137
20,2024,3,0,random_forest,0,0.34070969682457075
20,2024,4,0,random_forest,0,0.3340341878755852
20,2024,5,0,random_forest,1,0.5185860726238869
20,2024,6,0,random_forest,0,0.42867933292690263
20,2024,7,0,random_forest,0,0.42532266153537873
20,2024,8,0,random_forest,0,0.3453094347409115
20,2024,9,0,random_forest,0,0.4065107683934588
20,2024,11,0,random_forest,0,0.2772922997505924
20,2024,12,0,random_forest,0,0.29846403005145544
21,2023,11,0,random_forest,0,0.32043394689678856
21,2023,12,0,random_forest,0,0.3709902065373439
21,2024,1,0,random_forest,0,0.36319475054188555
21,2024,2,0,random_forest,0,0.4262620575900044
21,2024,3,0,random_forest,0,0.23993032471696854
21,2024,4,0,random_forest,0,0.31419254148608755
21,2024,5,0,random_forest,0,0.46273455057803414
21,2024,6,0,random_forest,0,0.3721160202425106
21,2024,7,0,random_forest,0,0.3981470719395336
21,2024,8,0,random_forest,0,0.38410673411219426
21,2024,9,1,random_forest,0,0.3589870525777958
21,2024,11,0,random_forest,0,0.4269256848305874
21,2024,12,0,random_forest,0,0.25770934104658155
22,2023,11,1,random_forest,1,0.5375797197839096
22,2023,12,1,random_forest,0,0.4106442454766141
22,2024,1,1,random_forest,0,0.38962552880165446
22,2024,2,0,random_forest,0,0.49839024403693477
22,2024,3,1,random_forest,0,0.4195597842188723
22,2024,4,1,random_forest,1,0.5296730320216081
22,2024,5,1,random_forest,0,0.4319091775839391
22,2024,6,1,random_forest,0,0.26599492135379055
22,2024,7,0,random_forest,0,0.33896611426478085
22,2024,8,1,random_forest,0,0.25394974072672727
22,2024,9,0,random_forest,0,0.33423228739605815
22,2024,11,1,random_forest,0,0.4419032983927911
22,2024,12,1,random_forest,0,0.2992678453201425
23,2023,11,1,random_forest,1,0.5355963813378656
23,2023,12,1,random_forest,1,0.544293193513834
23,2024,1,1,random_forest,0,0.47256783119040485
23,2024,2,1,random_forest,1,0.5069535709632842
23,2024,3,1,random_forest,0,0.40837057971700724
23,2024,4,1,random_forest,0,0.47023990407554256
23,2024,5,1,random_forest,0,0.43018936006907477
23,2024,6,1,random_forest,0,0.39601115907645035
23,2024,7,0,random_forest,0,0.36989372387835484
23,2024,8,0,random_forest,0,0.3893046528155477
23,2024,9,1,random_forest,0,0.49790442487547426
23,2024,11,1,random_forest,0,0.38909681446542943
23,2024,12,1,random_forest,0,0.4368831169124983
24,2023,11,1,random_forest,1,0.5685523465440302
24,2023,12,1,random_forest,0,0.4816279704637628
24,2024,1,1,random_forest,0,0.48306337540905353
24,2024,2,0,random_forest,1,0.6251145706589731
24,2024,3,1,random_forest,0,0.4588002269010633
24,2024,4,1,random_forest,0,0.49777517904359136
24,2024,5,1,random_forest,0,0.4796796184063852
24,2024,6,1,random_forest,0,0.37527119096002015
24,2024,7,0,random_forest,0,0.44888401912324183
24,2024,8,0,random_forest,0,0.39749236517950925
24,2024,9,1,random_forest,0,0.3482420588757633
24,2024,11,1,random_forest,0,0.49260952502134076
24,2024,12,1,random_forest,0,0.35524203643761626
25,2023,11,1,random_forest,0,0.469113882845969
25,2023,12,0,random_forest,0,0.41583542355611486
25,2024,1,1,random_forest,0,0.34305603146532515
25,2024,2,1,random_forest,1,0.5179480651407542
25,2024,3,0,random_forest,1,0.5668081135137795
25,2024,4,1,random_forest,0,0.49438192198168507
25,2024,5,1,random_forest,0,0.3238004323927456
25,2024,6,1,random_forest,0,0.28322341376165894
25,2024,7,0,random_forest,1,0.5230734370571698
25,2024,8,1,random_forest,0,0.4233059213512623
25,2024,9,1,random_forest,0,0.44741560752391013
25,2024,11,1,random_forest,0,0.4794427831185602
25,2024,12,0,random_forest,0,0.29515272125660125
26,2023,11,0,random_forest,1,0.5410516062075754
26,2023,12,1,random_forest,0,0.4945836457403912
26,2024,1,1,random_forest,0,0.40087435123836346
26,2024,2,0,random_forest,1,0.5021051733231167
26,2024,3,0,random_forest,0,0.35408290838019474
26,2024,4,0,random_forest,0,0.3240663027330592
26,2024,5,0,random_forest,0,0.35877449131983336
26,2024,6,1,random_forest,0,0.35146715162134295
26,2024,7,0,random_forest,0,0.31130138404175145
26,2024,8,0,random_forest,0,0.34119736820975477
26,2024,9,1,random_forest,0,0.4808762714984298
26,2024,11,1,random_forest,0,0.4257040538131542
26,2024,12,0,random_forest,0,0.3872742866712498
27,2023,11,1,random_forest,0,0.40898090697860906
27,2023,12,1,random_forest,0,0.4428022313442736
27,2024,1,1,random_forest,1,0.5008164093476943
27,2024,2,0,random_forest,0,0.4712935767996709
27,2024,3,0,random_forest,0,0.3482392035512141
27,2024,4,0,random_forest,0,0.33266164742980614
27,2024,5,1,random_forest,0,0.3426440786132517
27,2024,6,0,random_forest,0,0.23868976543311238
27,2024,7,0,random_forest,0,0.30783215905611283
27,2024,8,0,random_forest,0,0.24774044591097563
27,2024,9,1,random_forest,0,0.22395412699944425
27,2024,11,0,random_forest,0,0.3363342613906849
27,2024,12,0,random_forest,0,0.3460846459743727
28,2023,11,0,random_forest,0,0.22598198174515005
28,2023,12,0,random_forest,0,0.19289823452566404
28,2024,1,0,random_forest,0,0.18876347935839705
28,2024,2,0,random_forest,0,0.22177380324766338
28,2024,3,0,random_forest,0,0.21387533169282893
28,2024,4,0,random_forest,0,0.3060093034919826
28,2024,5,0,random_forest,0,0.1479318963658531
28,2024,6,0,random_forest,0,0.1631129577991467
28,2024,7,0,random_forest,0,0.16210606600773245
28,2024,8,1,random_forest,0,0.19496970503378835
28,2024,9,0,random_forest,0,0.1592529335737914
28,2024,11,0,random_forest,0,0.15947806690214245
28,2024,12,1,random_forest,0,0.15247565526177745
29,2023,11,0,random_forest,0,0.2995833932481931
29,2023,12,0,random_forest,0,0.4079719227703903
29,2024,1,0,random_forest,0,0.43713752983368115
29,2024,2,1,random_forest,0,0.3017283384861505
29,2024,3,0,random_forest,0,0.3721103247109103
29,2024,4,0,random_forest,0,0.31139680497167704
29,2024,5,0,random_forest,0,0.3416307082353394
29,2024,6,0,random_forest,0,0.36596685836497184
29,2024,7,0,random_forest,0,0.338241014550041
29,2024,8,0,random_forest,0,0.27065448378498225
29,2024,9,0,random_forest,0,0.22141733917245948
29,2024,11,0,random_forest,0,0.35802530597222265
29,2024,12,0,random_forest,0,0.4205081772728654
30,2023,11,0,random_forest,0,0.19623858073547715
30,2023,12,0,random_forest,0,0.20578860610513813
30,2024,1,0,random_forest,0,0.30980884836313305
30,2024,2,0,random_forest,0,0.2754509535921955
30,2024,3,0,random_forest,0,0.32669592651761364
30,2024,4,0,random_forest,0,0.2879911344729108
30,2024,5,0,random_forest,0,0.3163640574269676
30,2024,6,0,random_forest,0,0.4344471390818924
30,2024,7,0,random_forest,0,0.24699787255953007
30,2024,8,0,random_forest,0,0.24290725400450475
30,2024,9,0,random_forest,0,0.4210646257920714
30,2024,11,0,random_forest,0,0.2039469894024058
30,2024,12,0,random_forest,0,0.23970582947953042
31,2023,11,0,random_forest,0,0.24877825072981877
31,2023,12,0,random_forest,0,0.13508064111001014
31,2024,1,0,random_forest,0,0.24291171589972688
31,2024,2,0,random_forest,0,0.276225143216592
31,2024,3,0,random_forest,0,0.3935581818416325
31,2024,4,0,random_forest,0,0.3714911288229233
31,2024,5,0,random_forest,0,0.3258183481934824
31,2024,6,0,random_forest,0,0.47505232133933345
31,2024,7,0,random_forest,0,0.3878375662225942
31,2024,8,0,random_forest,0,0.3672794444866279
31,2024,9,0,random_forest,0,0.4022954445522207
31,2024,11,0,random_forest,0,0.22760468300557007
31,2024,12,0,random_forest,0,0.22632906669116726
32,2023,11,0,random_forest,0,0.2150343930652694
32,2023,12,0,random_forest,0,0.16647220637628202
32,2024,1,0,random_forest,0,0.2867817047636576
32,2024,2,0,random_forest,0,0.19590071444370744
32,2024,3,0,random_forest,0,0.09106387929818835
32,2024,4,0,random_forest,0,0.18933961102752705
32,2024,5,0,random_forest,0,0.08191470975482648
32,2024,6,0,random_forest,0,0.11719759825437644
32,2024,7,0,random_forest,0,0.06379009890991942
32,2024,8,0,random_forest,0,0.11144058861322215
32,2024,9,0,random_forest,0,0.1283078107611461
32,2024,11,0,random_forest,0,0.09971046504527005
32,2024,12,0,random_forest,0,0.21898775602357423
33,2023,11,0,random_forest,0,0.16069644474461314
33,2023,12,0,random_forest,0,0.16441285205236703
33,2024,1,0,random_forest,0,0.2328681391166672
33,2024,2,0,random_forest,0,0.23484370399429158
33,2024,3,0,random_forest,0,0.1721339809429072
33,2024,4,0,random_forest,0,0.21319518312977984
33,2024,5,0,random_forest,0,0.1158688226342319
33,2024,6,0,random_forest,0,0.22770595868551022
33,2024,7,0,random_forest,0,0.140618091646269
33,2024,8,0,random_forest,0,0.15868026041745775
33,2024,9,0,random_forest,0,0.26567671164155854
33,2024,11,0,random_forest,0,0.19003136779992558
33,2024,12,0,random_forest,0,0.15269262725946997
34,2023,11,0,random_forest,0,0.27951014438015775
34,2023,12,0,random_forest,0,0.18983222460070262
34,2024,1,0,random_forest,0,0.2522512803238755
34,2024,2,0,random_forest,0,0.26287567012981744
34,2024,3,0,random_forest,0,0.056382734471843436
34,2024,4,0,random_forest,0,0.2111567920754895
34,2024,5,0,random_forest,0,0.09577666304673994
34,2024,6,0,random_forest,0,0.10952103677311494
34,2024,7,0,random_forest,0,0.1887422018674568
34,2024,8,1,random_forest,0,0.15416773302117787
34,2024,9,0,random_forest,0,0.15264689852036825
34,2024,11,0,random_forest,0,0.11764759165480777
34,2024,12,1,random_forest,0,0.21140745646066156
35,2023,11,0,random_forest,0,0.19193333214714164
35,2023,12,0,random_forest,0,0.18510846260914043
35,2024,1,0,random_forest,0,0.3350591852861372
35,2024,2,0,random_forest,0,0.25326484030184265
35,2024,3,0,random_forest,0,0.29756418653496775
35,2024,4,0,random_forest,0,0.299369851475234
35,2024,5,0,random_forest,0,0.23277968252603165
35,2024,6,0,random_forest,0,0.25006250559494836
35,2024,7,0,random_forest,0,0.3271939446475518
35,2024,8,0,random_forest,0,0.3043117129827112
35,2024,9,0,random_forest,0,0.2172573215693408
35,2024,11,0,random_forest,0,0.25643352401091835
35,2024,12,0,random_forest,0,0.17140209810373672
36,2023,11,0,random_forest,0,0.15862635772361977
36,2023,12,0,random_forest,0,0.21431561091440823
36,2024,1,0,random_forest,0,0.29103774263495497
36,2024,2,0,random_forest,0,0.20355027389550256
36,2024,3,0,random_forest,0,0.2160264278158782
36,2024,4,0,random_forest,0,0.18428563390547667
36,2024,5,0,random_forest,0,0.2170054539841659
36,2024,6,0,random_forest,0,0.14608873608027448
36,2024,7,0,random_forest,0,0.1433835789118404
36,2024,8,0,random_forest,0,0.1603738759794256
36,2024,9,0,random_forest,0,0.1677048629119475
36,2024,11,0,random_forest,0,0.15570915461439785
36,2024,12,0,random_forest,0,0.19920947130077848
37,2023,11,0,random_forest,0,0.35611880905961746
37,2023,12,0,random_forest,0,0.21214410249445015
37,2024,1,0,random_forest,0,0.23054894902611447
37,2024,2,1,random_forest,0,0.35937109776552895
37,2024,3,0,random_forest,0,0.3454478705481498
37,2024,4,0,random_forest,0,0.4341886305770454
37,2024,5,1,random_forest,0,0.32371545264038615
37,2024,6,0,random_forest,0,0.333436348023202
37,2024,7,0,random_forest,0,0.29785702960496674
37,2024,8,0,random_forest,0,0.26669922573704347
37,2024,9,0,random_forest,0,0.29347920566713276
37,2024,11,0,random_forest,0,0.33312176131924615
37,2024,12,0,random_forest,0,0.1935941134427263
38,2023,11,0,random_forest,0,0.1509735468799709
38,2023,12,0,random_forest,0,0.14675478632616482
38,2024,1,0,random_forest,0,0.1978978633746831
38,2024,2,1,random_forest,0,0.21890497662702443
38,2024,3,0,random_forest,0,0.10042158237243876
38,2024,4,0,random_forest,0,0.14756839216400242
38,2024,5,1,random_forest,0,0.1688447251823798
38,2024,6,0,random_forest,0,0.16915145449882552
38,2024,7,0,random_forest,0,0.11931311984492017
38,2024,8,0,random_forest,0,0.18145265842324984
38,2024,9,0,random_forest,0,0.1785532837681894
38,2024,11,0,random_forest,0,0.22981909869958092
38,2024,12,0,random_forest,0,0.21222463381897166
39,2023,11,0,random_forest,0,0.24257033842945258
39,2023,12,0,random_forest,0,0.2756903570889133
39,2024,1,0,random_forest,0,0.31079285768144355
39,2024,2,0,random_forest,0,0.2454734294779097
39,2024,3,0,random_forest,0,0.24938854809140934
39,2024,4,0,random_forest,0,0.14201026609371784
39,2024,5,0,random_forest,0,0.23182348700834662
39,2024,6,0,random_forest,0,0.10400731583283743
39,2024,7,0,random_forest,0,0.10284413789667694
39,2024,8,0,random_forest,0,0.14125288164580452
39,2024,9,0,random_forest,0,0.11381265827862613
39,2024,11,0,random_forest,0,0.25203539329884855
39,2024,12,0,random_forest,0,0.32655625209187006
40,2023,11,0,random_forest,0,0.24117483274151852
40,2023,12,0,random_forest,0,0.24269232320094447
40,2024,1,0,random_forest,0,0.27252068988104466
40,2024,2,0,random_forest,0,0.2654822828534702
40,2024,3,0,random_forest,0,0.24131447355508087
40,2024,4,0,random_forest,0,0.15614465968121222
40,2024,5,0,random_forest,0,0.17566822364498563
40,2024,6,0,random_forest,0,0.1212449474694483
40,2024,7,0,random_forest,0,0.08989374178590358
40,2024,8,0,random_forest,0,0.11114588009632212
40,2024,9,0,random_forest,0,0.14668071230833207
40,2024,11,0,random_forest,0,0.30450511802604163
40,2024,12,0,random_forest,0,0.3091299455077912
41,2023,11,1,random_forest,1,0.6875649571574075
41,2023,12,1,random_forest,1,0.5375244370848832
41,2024,1,0,random_forest,0,0.4830217170571346
41,2024,2,1,random_forest,1,0.7822581269651707
41,2024,3,1,random_forest,1,0.7847302740349996
41,2024,4,1,random_forest,1,0.7489683472025206
41,2024,5,0,random_forest,1,0.7110366581904648
41,2024,6,1,random_forest,1,0.7296263107805248
41,2024,7,0,random_forest,1,0.7853059942247398
41,2024,8,0,random_forest,1,0.5982961985937678
41,2024,9,0,random_forest,1,0.6344723022637108
41,2024,11,1,random_forest,1,0.6978412609377672
41,2024,12,0,random_forest,1,0.6204981172689286
42,2023,11,1,random_forest,1,0.6943515671157637
42,2023,12,1,random_forest,1,0.5980004308646587
42,2024,1,0,random_forest,1,0.5752106902704603
42,2024,2,1,random_forest,1,0.7688734104390359
42,2024,3,1,random_forest,1,0.8264821417330341
42,2024,4,1,random_forest,1,0.8005979601600507
42,2024,5,0,random_forest,1,0.7128648000094181
42,2024,6,1,random_forest,1,0.7124627636464061
42,2024,7,0,random_forest,1,0.7561903814910433
42,2024,8,0,random_forest,1,0.6101573334884521
42,2024,9,0,random_forest,1,0.6259229795255372
42,2024,11,1,random_forest,1,0.7100465745349771
42,2024,12,0,random_forest,1,0.6157941526274419
43,2023,11,1,random_forest,0,0.17093136888089225
43,2023,12,0,random_forest,0,0.1715801486744726
43,2024,1,0,random_forest,0,0.26663807951089136
43,2024,2,0,random_forest,0,0.21258565894284098
43,2024,3,0,random_forest,0,0.2744335362605791
43,2024,4,0,random_forest,0,0.2706953886595699
43,2024,5,0,random_forest,0,0.3674463679789837
43,2024,6,0,random_forest,0,0.3793530787136072
43,2024,7,0,random_forest,0,0.36834849879983894
43,2024,8,0,random_forest,0,0.3176588636746169
43,2024,9,1,random_forest,0,0.39802950994453906
43,2024,11,0,random_forest,0,0.2475024804765491
43,2024,12,1,random_forest,0,0.20806179030828595
44,2023,11,1,random_forest,0,0.2606976663550908
44,2023,12,0,random_forest,0,0.15996144183615266
44,2024,1,0,random_forest,0,0.20001848418291493
44,2024,2,0,random_forest,0,0.249278016269244
44,2024,3,0,random_forest,0,0.35974211865017613
44,2024,4,0,random_forest,0,0.381480131596818
44,2024,5,0,random_forest,0,0.31200394629422046
44,2024,6,0,random_forest,0,0.34586956918105616
44,2024,7,0,random_forest,0,0.27240814396963614
44,2024,8,0,random_forest,0,0.23401264717773462
44,2024,9,1,random_forest,0,0.2747036461148753
44,2024,11,0,random_forest,0,0.2487209203754053
44,2024,12,1,random_forest,0,0.22196060551448032
45,2023,11,0,random_forest,0,0.42289736970626546
45,2023,12,0,random_forest,0,0.3278113789766336
45,2024,1,1,random_forest,0,0.3020527617343731
45,2024,2,0,random_forest,0,0.4976146024758531
45,2024,3,1,random_forest,0,0.35679340230422696
45,2024,4,1,random_forest,0,0.43425134534543247
45,2024,5,0,random_forest,0,0.3053320610011444
45,2024,6,1,random_forest,0,0.429925688771847
45,2024,7,0,random_forest,0,0.44952284100559864
45,2024,8,1,random_forest,0,0.24135457044793246
45,2024,9,0,random_forest,0,0.32041374012858426
45,2024,11,0,random_forest,0,0.35249836844254323
45,2024,12,0,random_forest,0,0.28529294182455994
46,2023,11,0,random_forest,0,0.3621154924205504
46,2023,12,0,random_forest,0,0.27966810395798364
46,2024,1,1,random_forest,0,0.2634667815821865
46,2024,2,0,random_forest,0,0.42747597615778926
46,2024,3,1,random_forest,0,0.3510093871232563
46,2024,4,1,random_forest,0,0.4628370540958776
46,2024,5,0,random_forest,0,0.33363683850112213
46,2024,6,1,random_forest,0,0.3480392446506813
46,2024,7,0,random_forest,0,0.3123403862137141
46,2024,8,1,random_forest,0,0.2627681393219662
46,2024,9,0,random_forest,0,0.34576293389334756
46,2024,11,0,random_forest,0,0.35341102720526296
46,2024,12,0,random_forest,0,0.26916083628339804
47,2023,11,1,random_forest,1,0.5107283770834398
47,2023,12,0,random_forest,1,0.585921486075058
47,2024,1,0,random_forest,0,0.4957922793904607
47,2024,2,0,random_forest,1,0.5671987176143705
47,2024,3,0,random_forest,1,0.6187583598201557
47,2024,4,1,random_forest,1,0.5850505108867019
47,2024,5,0,random_forest,0,0.48009898898345765
47,2024,6,0,random_forest,1,0.5059340717268421
47,2024,7,0,random_forest,1,0.5196671042017363
47,2024,8,0,random_forest,0,0.4245452127615286
47,2024,9,0,random_forest,0,0.4554172052607795
47,2024,11,1,random_forest,0,0.4915741824236847
47,2024,12,0,random_forest,1,0.6062148073717828
48,2023,11,0,random_forest,0,0.22174584905146147
48,2023,12,0,random_forest,0,0.2277337789808479
48,2024,1,0,random_forest,0,0.31536930991784057
48,2024,2,0,random_forest,0,0.2959762121205424
48,2024,3,0,random_forest,0,0.2298363176580647
48,2024,4,1,random_forest,0,0.20876521223946426
48,2024,5,0,random_forest,0,0.23393488780146152
48,2024,6,1,random_forest,0,0.3176376379749467
48,2024,7,0,random_forest,1,0.5283648318908312
48,2024,8,0,random_forest,1,0.5487180495670932
48,2024,9,1,random_forest,1,0.5318913691039839
48,2024,11,0,random_forest,0,0.25205186029736704
48,2024,12,0,random_forest,0,0.2578981482801418
49,2023,11,1,random_forest,0,0.41367081240098985
49,2023,12,0,random_forest,1,0.504672917045501
49,2024,1,0,random_forest,0,0.4671244223433346
49,2024,2,1,random_forest,0,0.47174324989951394
49,2024,3,1,random_forest,0,0.4038021608882233
49,2024,4,0,random_forest,0,0.36086820929211094
49,2024,5,1,random_forest,0,0.39887664811871787
49,2024,6,1,random_forest,0,0.3827041325848027
49,2024,7,0,random_forest,0,0.38420118069913006
49,2024,8,0,random_forest,0,0.35908790024222653
49,2024,9,0,random_forest,0,0.34317889112942146
49,2024,11,0,random_forest,0,0.4070300361570068
49,2024,12,0,random_forest,0,0.3895260408398044
50,2023,11,0,random_forest,0,0.18487699432494015
50,2023,12,1,random_forest,0,0.18021758965464166
50,2024,1,0,random_forest,0,0.12422123626932852
50,2024,2,0,random_forest,0,0.2819806024404677
50,2024,3,0,random_forest,0,0.3508778037032345
50,2024,4,0,random_forest,0,0.3095226956346554
50,2024,5,0,random_forest,0,0.23468739329572239
50,2024,6,0,random_forest,0,0.14142524843553836
50,2024,7,0,random_forest,0,0.21798997050408625
50,2024,8,0,random_forest,0,0.22450595902127216
50,2024,9,0,random_forest,0,0.353035310861041
50,2024,11,0,random_forest,0,0.2672863928938135
50,2024,12,0,random_forest,0,0.23377019434883592
51,2023,11,0,random_forest,0,0.31342642085385514
51,2023,12,1,random_forest,0,0.3600468561568822
51,2024,1,0,random_forest,0,0.3145593965594988
51,2024,2,0,random_forest,0,0.4771811982188394
51,2024,3,0,random_forest,1,0.5054199673427844
51,2024,4,0,random_forest,0,0.45103757964873437
51,2024,5,0,random_forest,0,0.34982543579816555
51,2024,6,0,random_forest,0,0.37252398186134084
51,2024,7,0,random_forest,0,0.33177661573453654
51,2024,8,0,random_forest,0,0.3497036945458636
51,2024,9,0,random_forest,0,0.43898833282436867
51,2024,11,0,random_forest,0,0.4543657686265288
51,2024,12,0,random_forest,0,0.4163481553433886
52,2023,11,0,random_forest,0,0.4854825152056668
52,2023,12,0,random_forest,0,0.32863351394385126
52,2024,1,1,random_forest,0,0.251639665191785
52,2024,2,0,random_forest,0,0.3673282409639815
52,2024,3,0,random_forest,1,0.5335605533431061
52,2024,4,1,random_forest,0,0.4463960163458155
52,2024,5,1,random_forest,0,0.39529962123110035
52,2024,6,0,random_forest,0,0.417130095505318
52,2024,7,0,random_forest,0,0.22076062620588138
52,2024,8,0,random_forest,0,0.37429014307187075
52,2024,9,1,random_forest,1,0.5068819040762645
52,2024,11,1,random_forest,0,0.3611578478138489
52,2024,12,0,random_forest,0,0.3272682824307876
53,2023,11,0,random_forest,0,0.26445486529331186
53,2023,12,0,random_forest,0,0.27208376404208356
53,2024,1,0,random_forest,0,0.19026558820732112
53,2024,2,0,random_forest,0,0.2819254145659654
53,2024,3,1,random_forest,0,0.22514061492059548
53,2024,4,0,random_forest,0,0.24318357572958774
53,2024,5,1,random_forest,0,0.16096963631221553
53,2024,6,0,random_forest,0,0.46112191645779615
53,2024,7,1,random_forest,0,0.27069203704932654
53,2024,8,1,random_forest,0,0.3666849386540525
53,2024,9,0,random_forest,0,0.31352619502305873
53,2024,11,1,random_forest,0,0.20337669469551656
53,2024,12,0,random_forest,0,0.19257877537746718
54,2023,11,0,random_forest,0,0.24216321940834692
54,2023,12,0,random_forest,0,0.2508798997573411
54,2024,1,0,random_forest,0,0.18642468479658497
54,2024,2,0,random_forest,0,0.28710991357478777
54,2024,3,1,random_forest,0,0.2761698353033002
54,2024,4,0,random_forest,0,0.3023423881459249
54,2024,5,1,random_forest,0,0.23191570515717605
54,2024,6,0,random_forest,0,0.4578766596899802
54,2024,7,1,random_forest,0,0.2505105199820397
54,2024,8,1,random_forest,0,0.4379053744064989
54,2024,9,0,random_forest,0,0.22861424342038134
54,2024,11,1,random_forest,0,0.26061145205631897
54,2024,12,0,random_forest,0,0.2318736046485842
55,2023,11,0,random_forest,0,0.2962458043023869
55,2023,12,0,random_forest,0,0.18538103593553562
55,2024,1,0,random_forest,0,0.17749118895231764
55,2024,2,1,random_forest,0,0.3963558965939802
55,2024,3,0,random_forest,0,0.2795652343049807
55,2024,4,0,random_forest,0,0.3411261240388348
55,2024,5,0,random_forest,0,0.20367867058982744
55,2024,6,0,random_forest,0,0.3383800569026106
55,2024,7,0,random_forest,0,0.1278117049053308
55,2024,8,0,random_forest,0,0.15014118400836995
55,2024,9,1,random_forest,0,0.1778894210532038
55,2024,11,0,random_forest,0,0.3225777607688014
55,2024,12,0,random_forest,0,0.2029801952393338
56,2023,11,0,random_forest,0,0.30951853998119955
56,2023,12,0,random_forest,0,0.2526166788985493
56,2024,1,0,random_forest,0,0.2448092010827833
56,2024,2,1,random_forest,0,0.35546482823415604
56,2024,3,0,random_forest,0,0.2896801103159711
56,2024,4,0,random_forest,0,0.32971753822641264
56,2024,5,0,random_forest,0,0.21361740382995023
56,2024,6,0,random_forest,0,0.3868023753360389
56,2024,7,0,random_forest,0,0.17018554498058847
56,2024,8,0,random_forest,0,0.2442070203429336
56,2024,9,1,random_forest,0,0.22840949659057036
56,2024,11,0,random_forest,0,0.30576340434785665
56,2024,12,0,random_forest,0,0.30329218647362044
57,2023,11,0,random_forest,0,0.24619464591071208
57,2023,12,0,random_forest,0,0.20310610447249552
57,2024,1,0,random_forest,0,0.22351535776930162
57,2024,2,0,random_forest,0,0.2296837733613889
57,2024,3,0,random_forest,0,0.13251751159124475
57,2024,4,0,random_forest,0,0.18566260168203616
57,2024,5,1,random_forest,0,0.11381520185948318
57,2024,6,0,random_forest,0,0.0838458488991834
57,2024,7,1,random_forest,0,0.16922017150696636
57,2024,8,0,random_forest,0,0.15820872200909658
57,2024,9,0,random_forest,0,0.20169971438603754
57,2024,11,0,random_forest,0,0.21733042925383922
57,2024,12,0,random_forest,0,0.3285248015906133
58,2023,11,0,random_forest,0,0.21737503823321808
58,2023,12,0,random_forest,0,0.18367214055530154
58,2024,1,0,random_forest,0,0.23472425268337332
58,2024,2,0,random_forest,0,0.27709161160545115
58,2024,3,0,random_forest,0,0.08068407175691825
58,2024,4,0,random_forest,0,0.12467991252243775
58,2024,5,1,random_forest,0,0.052211401202078275
58,2024,6,0,random_forest,0,0.07216721774083383
58,2024,7,1,random_forest,0,0.08750923221988788
58,2024,8,0,random_forest,0,0.12089715814186167
58,2024,9,0,random_forest,0,0.1268375229496642
58,2024,11,0,random_forest,0,0.1285025812150049
58,2024,12,0,random_forest,0,0.2679146700363205
59,2023,11,0,random_forest,0,0.0737360081470728
59,2023,12,0,random_forest,0,0.14434806307891118
59,2024,1,0,random_forest,0,0.21252457391052457
59,2024,2,0,random_forest,0,0.33467592115844724
59,2024,3,0,random_forest,0,0.3218180398490095
59,2024,4,1,random_forest,0,0.19160793056853873
59,2024,5,0,random_forest,0,0.1095804795068365
59,2024,6,0,random_forest,0,0.22436151054698394
59,2024,7,0,random_forest,0,0.11631097553751052
59,2024,8,0,random_forest,0,0.19922811923113237
59,2024,9,0,random_forest,0,0.21354755041157025
59,2024,11,1,random_forest,0,0.22627063704151393
59,2024,12,0,random_forest,0,0.29238851708836616
60,2023,11,0,random_forest,0,0.18301191822476032
60,2023,12,0,random_forest,0,0.1768160121252066
60,2024,1,0,random_forest,0,0.2972729391432033
60,2024,2,0,random_forest,0,0.3297461003589722
60,2024,3,0,random_forest,0,0.2422775331550382
60,2024,4,1,random_forest,0,0.09200564457117903
60,2024,5,0,random_forest,0,0.07996569369531598
60,2024,6,0,random_forest,0,0.2538496314132712
60,2024,7,0,random_forest,0,0.20702815119364185
60,2024,8,0,random_forest,0,0.24608636699069442
60,2024,9,0,random_forest,0,0.22003774180401425
60,2024,11,1,random_forest,0,0.25853050360199364
60,2024,12,0,random_forest,0,0.2330224568650941
61,2023,11,0,random_forest,0,0.2534656233987472
61,2023,12,0,random_forest,0,0.17475708744341534
61,2024,1,1,random_forest,0,0.1988758759969283
61,2024,2,0,random_forest,0,0.311755164305432
61,2024,3,0,random_forest,0,0.33515439860389995
61,2024,4,0,random_forest,0,0.28216371810189805
61,2024,5,0,random_forest,0,0.16164381885682616
61,2024,6,0,random_forest,0,0.13583930535214508
61,2024,7,0,random_forest,0,0.3997589625258657
61,2024,8,0,random_forest,0,0.2491564862366529
61,2024,9,0,random_forest,0,0.19081686363168776
61,2024,11,0,random_forest,0,0.25138419039487286
61,2024,12,0,random_forest,0,0.23037299490995802
62,2023,11,0,random_forest,0,0.24613959191026216
62,2023,12,0,random_forest,0,0.21296607410971108
62,2024,1,1,random_forest,0,0.20741882292851835
62,2024,2,0,random_forest,0,0.3267172077019892
62,2024,3,0,random_forest,0,0.3768133495954794
62,2024,4,0,random_forest,0,0.30209037218256957
62,2024,5,0,random_forest,0,0.23796807312783344
62,2024,6,0,random_forest,0,0.193251548316183
62,2024,7,0,random_forest,0,0.40472914404253857
62,2024,8,0,random_forest,0,0.29642045509476556
62,2024,9,0,random_forest,0,0.20492162319243507
62,2024,11,0,random_forest,0,0.28945343304694016
62,2024,12,0,random_forest,0,0.24711477804101326
63,2023,11,0,random_forest,0,0.3242212538350856
63,2023,12,0,random_forest,0,0.36576266996104767
63,2024,1,0,random_forest,0,0.37602294556412424
63,2024,2,1,random_forest,0,0.4035110751249436
63,2024,3,0,random_forest,0,0.2733976934415263
63,2024,4,0,random_forest,0,0.3060896105940554
63,2024,5,0,random_forest,0,0.22280190582877238
63,2024,6,1,random_forest,0,0.2697620470667042
63,2024,7,1,random_forest,0,0.4402467065526426
63,2024,8,0,random_forest,0,0.45959240888884323
63,2024,9,0,random_forest,0,0.19109494634011528
63,2024,11,0,random_forest,0,0.3005555463774768
63,2024,12,1,random_forest,0,0.3950997819819763
64,2023,11,0,random_forest,0,0.3216974819302728
64,2023,12,0,random_forest,0,0.31605493319151345
64,2024,1,0,random_forest,0,0.35891089442693924
64,2024,2,0,random_forest,0,0.39934622096390776
64,2024,3,0,random_forest,1,0.5166516725946283
64,2024,4,1,random_forest,0,0.46808053980177156
64,2024,5,0,random_forest,1,0.7407665555320448
64,2024,6,1,random_forest,1,0.7975159241234246
64,2024,7,1,random_forest,1,0.8350210080026808
64,2024,8,1,random_forest,1,0.6477883208767075
64,2024,9,0,random_forest,1,0.5899164689820832
64,2024,11,0,random_forest,1,0.5154476662968949
64,2024,12,0,random_forest,0,0.368590249930682
65,2023,11,0,random_forest,0,0.3447928092140534
65,2023,12,0,random_forest,0,0.3841736510763277
65,2024,1,0,random_forest,0,0.3411170979010729
65,2024,2,0,random_forest,0,0.485728841611175
65,2024,3,0,random_forest,0,0.3418118294714921
65,2024,4,1,random_forest,0,0.4066622404720205
65,2024,5,0,random_forest,0,0.4059918555005622
65,2024,6,1,random_forest,1,0.5190195662342993
65,2024,7,1,random_forest,1,0.6035856250469874
65,2024,8,1,random_forest,1,0.6377107160543773
65,2024,9,0,random_forest,0,0.3327629539598681
65,2024,11,0,random_forest,0,0.3968430456910924
65,2024,12,1,random_forest,0,0.4408478277272721
66,2023,11,0,random_forest,0,0.3173194234817405
66,2023,12,0,random_forest,0,0.3199978920776699
66,2024,1,0,random_forest,0,0.34899780225691335
66,2024,2,1,random_forest,0,0.45244821940076596
66,2024,3,0,random_forest,0,0.23538243729373917
66,2024,4,0,random_forest,0,0.307620371180687
66,2024,5,0,random_forest,0,0.36537901096388997
66,2024,6,1,random_forest,0,0.38162995732124666
66,2024,7,1,random_forest,1,0.5762898260047751
66,2024,8,0,random_forest,1,0.6181291237951144
66,2024,9,0,random_forest,0,0.33283886048760974
66,2024,11,0,random_forest,0,0.23382529607695887
66,2024,12,1,random_forest,0,0.3956452708926948
67,2023,11,0,random_forest,0,0.26346302072770617
67,2023,12,0,random_forest,0,0.15047414131246228
67,2024,1,0,random_forest,0,0.16461021548626145
67,2024,2,0,random_forest,0,0.32545082670623443
67,2024,3,0,random_forest,0,0.23669804952838566
67,2024,4,1,random_forest,0,0.3119564510519099
67,2024,5,0,random_forest,0,0.24035550312433945
67,2024,6,0,random_forest,0,0.32089773012327866
67,2024,7,0,random_forest,0,0.32853701637490634
67,2024,8,0,random_forest,0,0.3005402353519899
67,2024,9,0,random_forest,0,0.3116384490102875
67,2024,11,0,random_forest,0,0.2832715192596071
67,2024,12,0,random_forest,0,0.2026520150000518
68,2023,11,0,random_forest,0,0.16013389747417453
68,2023,12,0,random_forest,0,0.18102326945794112
68,2024,1,0,random_forest,0,0.27222554030812607
68,2024,2,0,random_forest,0,0.23878873581284382
68,2024,3,0,random_forest,0,0.17566153106818233
68,2024,4,1,random_forest,0,0.11592305664260086
68,2024,5,0,random_forest,0,0.230502232644158
68,2024,6,0,random_forest,0,0.27004628209171505
68,2024,7,0,random_forest,0,0.19233948378416885
68,2024,8,0,random_forest,0,0.3578378754791925
68,2024,9,0,random_forest,0,0.24260231928209075
68,2024,11,0,random_forest,0,0.24724304621377963
68,2024,12,0,random_forest,0,0.31225758499385536
69,2023,11,1,random_forest,1,0.7983210846372495
69,2023,12,1,random_forest,1,0.717536190452698
69,2024,1,1,random_forest,1,0.6621393604313784
69,2024,2,0,random_forest,1,0.782271287802582
69,2024,3,1,random_forest,1,0.9303310540890792
69,2024,4,1,random_forest,1,0.8754947801692329
69,2024,5,1,random_forest,1,0.8414749007932322
69,2024,6,1,random_forest,1,0.9083338342746604
69,2024,7,0,random_forest,1,0.8612057675560248
69,2024,8,1,random_forest,1,0.8322443666156404
69,2024,9,1,random_forest,1,0.9164630114690961
69,2024,11,1,random_forest,1,0.8633116922764138
69,2024,12,0,random_forest,1,0.7865337561637644
70,2023,11,0,random_forest,1,0.5666741580747798
70,2023,12,0,random_forest,0,0.489015871918634
70,2024,1,0,random_forest,0,0.45213720112193956
70,2024,2,0,random_forest,1,0.6105040657518512
70,2024,3,0,random_forest,1,0.6482796440256208
70,2024,4,0,random_forest,1,0.594010357452338
70,2024,5,0,random_forest,0,0.49902769664970253
70,2024,6,1,random_forest,0,0.41934262458856225
70,2024,7,0,random_forest,1,0.5127921927898015
70,2024,8,0,random_forest,1,0.5039843097351869
70,2024,9,0,random_forest,0,0.3347719222708999
70,2024,11,1,random_forest,0,0.4930964636479623
70,2024,12,0,random_forest,0,0.43692443604485354
71,2023,11,0,random_forest,1,0.6068049058563351
71,2023,12,0,random_forest,1,0.5757922464064082
71,2024,1,0,random_forest,0,0.49980231595285946
71,2024,2,0,random_forest,1,0.6288846376944428
71,2024,3,0,random_forest,1,0.6213064349238244
71,2024,4,0,random_forest,1,0.5382918865663481
71,2024,5,0,random_forest,1,0.5134682939192136
71,2024,6,1,random_forest,0,0.4084307652425502
71,2024,7,0,random_forest,0,0.4989292355458671
71,2024,8,0,random_forest,1,0.5363532473000461
71,2024,9,0,random_forest,0,0.35413378453675187
71,2024,11,1,random_forest,1,0.5457542678772968
71,2024,12,0,random_forest,1,0.5112788898721694
72,2023,11,1,random_forest,0,0.2664649493104229
72,2023,12,0,random_forest,0,0.3505592527164176
72,2024,1,0,random_forest,0,0.2547690004504064
72,2024,2,0,random_forest,0,0.32211644509560744
72,2024,3,1,random_forest,0,0.1813044703537132
72,2024,4,1,random_forest,0,0.25267690907118096
72,2024,5,0,random_forest,0,0.24754591691768085
72,2024,6,1,random_forest,0,0.21895142432610787
72,2024,7,0,random_forest,0,0.20784472196397671
72,2024,8,0,random_forest,0,0.24963600215968954
72,2024,9,0,random_forest,0,0.25783947571870364
72,2024,11,0,random_forest,0,0.2904493035091856
72,2024,12,0,random_forest,0,0.3245204499206065
73,2023,11,1,random_forest,0,0.43100514393782985
73,2023,12,0,random_forest,0,0.3868899564675321
73,2024,1,0,random_forest,0,0.4185430695736418
73,2024,2,0,random_forest,1,0.5930664406026265
73,2024,3,1,random_forest,1,0.5180507394008257
73,2024,4,1,random_forest,0,0.45997156235516534
73,2024,5,0,random_forest,0,0.40134453603379866
73,2024,6,1,random_forest,0,0.42799541333462976
73,2024,7,0,random_forest,0,0.4333398604967406
73,2024,8,0,random_forest,0,0.41951512137132485
73,2024,9,0,random_forest,0,0.4406794897276325
73,2024,11,0,random_forest,1,0.5065338699450563
73,2024,12,0,random_forest,0,0.284536369164264
74,2023,11,1,random_forest,0,0.24972792731172078
74,2023,12,1,random_forest,0,0.406240376009604
74,2024,1,0,random_forest,0,0.45658302165546616
74,2024,2,1,random_forest,0,0.28221666809143947
74,2024,3,1,random_forest,0,0.28739339087463256
74,2024,4,0,random_forest,0,0.1654516092604278
74,2024,5,0,random_forest,0,0.19666739381563889
74,2024,6,0,random_forest,0,0.2675520666956174
74,2024,7,0,random_forest,0,0.15402691249963138
74,2024,8,0,random_forest,0,0.24829339173693546
74,2024,9,1,random_forest,0,0.29265923473362626
74,2024,11,0,random_forest,0,0.3666552970981179
74,2024,12,0,random_forest,0,0.4526606579582194
75,2023,11,1,random_forest,0,0.2853115568282666
75,2023,12,1,random_forest,0,0.4730602630331227
75,2024,1,0,random_forest,0,0.3811563372014805
75,2024,2,1,random_forest,0,0.29734799518562
75,2024,3,1,random_forest,0,0.30648876597954205
75,2024,4,0,random_forest,0,0.2752934013068911
75,2024,5,0,random_forest,0,0.27390813352044185
75,2024,6,0,random_forest,0,0.2295859395307668
75,2024,7,0,random_forest,0,0.20715957192946075
75,2024,8,0,random_forest,0,0.1992677699413406
75,2024,9,1,random_forest,0,0.2524790364165009
75,2024,11,0,random_forest,0,0.3853125120216745
75,2024,12,0,random_forest,0,0.4275281195963787
76,2023,11,0,random_forest,0,0.17332842446206911
76,2023,12,0,random_forest,0,0.3580972811598188
76,2024,1,0,random_forest,0,0.35599680146381435
76,2024,2,0,random_forest,0,0.26963525283634204
76,2024,3,0,random_forest,0,0.15625575910259637
76,2024,4,0,random_forest,0,0.11476491869964449
76,2024,5,0,random_forest,0,0.10810921649419136
76,2024,6,0,random_forest,0,0.13685423840695202
76,2024,7,1,random_forest,0,0.11609029490884154
76,2024,8,1,random_forest,0,0.2148022780774752
76,2024,9,1,random_forest,0,0.21656649671198888
76,2024,11,0,random_forest,0,0.2539766928954946
76,2024,12,0,random_forest,0,0.35186004054349596
77,2023,11,1,random_forest,1,0.6222778137034845
77,2023,12,1,random_forest,1,0.5670160984111915
77,2024,1,0,random_forest,0,0.4493899896182251
77,2024,2,1,random_forest,1,0.5932061646148871
77,2024,3,1,random_forest,1,0.7322595263016496
77,2024,4,0,random_forest,1,0.7168502267873876
77,2024,5,1,random_forest,1,0.7434012033114347
77,2024,6,1,random_forest,1,0.7724796612666404
77,2024,7,0,random_forest,1,0.7548928365640237
77,2024,8,0,random_forest,1,0.7818636222279242
77,2024,9,1,random_forest,1,0.7115992557491408
77,2024,11,1,random_forest,1,0.7215610327199774
77,2024,12,0,random_forest,0,0.34065955104173384
78,2023,11,1,random_forest,0,0.3277039933698666
78,2023,12,0,random_forest,0,0.31696387737975107
78,2024,1,0,random_forest,0,0.2518443225498693
78,2024,2,0,random_forest,0,0.31729050397394226
78,2024,3,0,random_forest,0,0.15908750722838577
78,2024,4,0,random_forest,0,0.19905459672844886
78,2024,5,0,random_forest,0,0.11311268682824661
78,2024,6,0,random_forest,0,0.11937833488081992
78,2024,7,0,random_forest,0,0.07525206970890669
78,2024,8,0,random_forest,0,0.09940959205553382
78,2024,9,0,random_forest,0,0.17957446684860276
78,2024,11,0,random_forest,0,0.1836502013397931
78,2024,12,0,random_forest,0,0.27916597601094384
79,2023,11,1,random_forest,0,0.24551854047458183
79,2023,12,0,random_forest,0,0.2900264276850664
79,2024,1,0,random_forest,0,0.3066381751220281
79,2024,2,0,random_forest,0,0.31418453609939884
79,2024,3,0,random_forest,0,0.28371141385148035
79,2024,4,0,random_forest,0,0.25522727825321856
79,2024,5,0,random_forest,0,0.2924172843667445
79,2024,6,0,random_forest,0,0.2480342666216833
79,2024,7,0,random_forest,0,0.17612374732685834
79,2024,8,0,random_forest,0,0.13982400556312974
79,2024,9,0,random_forest,0,0.3191851859742283
79,2024,11,0,random_forest,0,0.28166308936964984
79,2024,12,0,random_forest,0,0.23099083709308013
80,2023,11,0,random_forest,0,0.22656702658126715
80,2023,12,0,random_forest,0,0.28404080882135363
80,2024,1,0,random_forest,0,0.28863263631535674
80,2024,2,0,random_forest,0,0.21942905775334243
80,2024,3,1,random_forest,0,0.06268262226217598
80,2024,4,0,random_forest,0,0.2777775147307555
80,2024,5,0,random_forest,0,0.3168701095372418
80,2024,12,0,random_forest,1,0.5403900295114791
81,2023,11,0,random_forest,0,0.13490955740205243
81,2023,12,0,random_forest,0,0.31033342045762247
81,2024,1,0,random_forest,0,0.3117963185468154
81,2024,2,0,random_forest,0,0.19431368232373866
81,2024,3,1,random_forest,0,0.07352664077844671
81,2024,4,0,random_forest,0,0.2583777763486511
81,2024,5,0,random_forest,0,0.26165660513046113
81,2024,6,0,random_forest,0,0.11447933485900708
81,2024,7,0,random_forest,0,0.13693963564265108
81,2024,8,0,random_forest,0,0.20153795823228496
81,2024,9,0,random_forest,0,0.14789236070584788
81,2024,11,0,random_forest,0,0.15124403571083272
81,2024,12,0,random_forest,0,0.2661277569133637
82,2023,11,0,random_forest,0,0.2907573507808017
82,2023,12,0,random_forest,0,0.2838865663656452
82,2024,1,1,random_forest,0,0.343271774477757
82,2024,2,0,random_forest,0,0.31739627057588904
82,2024,3,0,random_forest,0,0.21222964005349865
82,2024,4,0,random_forest,0,0.18021735479795783
82,2024,5,0,random_forest,0,0.08234417127652272
82,2024,6,0,random_forest,0,0.10832938750829911
82,2024,7,0,random_forest,0,0.0807929759435766
82,2024,8,0,random_forest,0,0.13206474927856687
82,2024,9,0,random_forest,0,0.15607337853411882
82,2024,11,0,random_forest,0,0.1599735849305965
82,2024,12,0,random_forest,0,0.3267510559509372
83,2023,11,0,random_forest,0,0.31865428866752726
83,2023,12,0,random_forest,0,0.30944707424314666
83,2024,1,1,random_forest,0,0.3599558003438739
83,2024,2,0,random_forest,0,0.33213061029485563
83,2024,3,0,random_forest,0,0.36725173415350926
83,2024,4,0,random_forest,0,0.34285702768359577
83,2024,5,0,random_forest,0,0.14772273087059368
83,2024,6,0,random_forest,0,0.17016557614351366
83,2024,7,0,random_forest,0,0.10301577415273598
83,2024,8,0,random_forest,0,0.12860630992619748
83,2024,9,0,random_forest,0,0.18666349079683922
83,2024,11,0,random_forest,0,0.20594060526269425
83,2024,12,0,random_forest,0,0.31586754904713715
84,2023,11,0,random_forest,0,0.25697143255016597
84,2023,12,0,random_forest,0,0.30889421982364557
84,2024,1,0,random_forest,0,0.3079278080152758
84,2024,2,0,random_forest,0,0.28065315699943516
84,2024,3,0,random_forest,0,0.19493627872920652
84,2024,4,0,random_forest,0,0.2154828683739115
84,2024,5,0,random_forest,0,0.23230302432825867
84,2024,6,0,random_forest,0,0.1675979926406781
84,2024,7,1,random_forest,0,0.16977010451789065
84,2024,8,0,random_forest,0,0.19052390053687102
84,2024,9,0,random_forest,0,0.18201700282732142
84,2024,11,0,random_forest,0,0.2868958472384869
84,2024,12,0,random_forest,0,0.28782742890981156
85,2023,11,0,random_forest,0,0.13786308010002876
85,2023,12,0,random_forest,0,0.29185232487119966
85,2024,1,0,random_forest,0,0.22437446830645869
85,2024,2,0,random_forest,0,0.24146977920231863
85,2024,3,0,random_forest,0,0.08394790320979414
85,2024,4,0,random_forest,0,0.09260052880815957
85,2024,5,1,random_forest,0,0.047842737954814286
85,2024,6,0,random_forest,0,0.1518308392828274
85,2024,7,0,random_forest,0,0.25742496778477514
85,2024,8,0,random_forest,0,0.13690870882992662
85,2024,9,0,random_forest,0,0.30221335632963847
85,2024,11,0,random_forest,0,0.12075112339980108
85,2024,12,0,random_forest,0,0.2192292338750116
86,2023,11,0,random_forest,0,0.14085322378929327
86,2023,12,0,random_forest,0,0.28304832320161544
86,2024,1,0,random_forest,0,0.25877918970960756
86,2024,2,0,random_forest,0,0.24983767571173512
86,2024,3,0,random_forest,0,0.11321495391346341
86,2024,4,0,random_forest,0,0.3061732632343093
86,2024,5,1,random_forest,0,0.17652542817381306
86,2024,6,0,random_forest,0,0.16928820572684464
86,2024,7,0,random_forest,0,0.24001424411259406
86,2024,8,0,random_forest,0,0.33277723395645126
86,2024,9,0,random_forest,0,0.23852232329640236
86,2024,11,0,random_forest,0,0.19724123281410297
86,2024,12,0,random_forest,0,0.2564675798403012
87,2023,11,0,random_forest,0,0.20724255158355653
87,2023,12,0,random_forest,0,0.2892420822283762
87,2024,1,0,random_forest,0,0.24180197270203432
87,2024,2,0,random_forest,0,0.24775980471399606
87,2024,3,0,random_forest,0,0.3213148270976441
87,2024,4,0,random_forest,0,0.1970092278534833
87,2024,5,0,random_forest,0,0.27291222079863375
87,2024,6,0,random_forest,0,0.3980651359165351
87,2024,7,0,random_forest,0,0.20701049414892003
87,2024,8,1,random_forest,0,0.295339084639963
87,2024,9,1,random_forest,0,0.39290636437764437
87,2024,11,0,random_forest,0,0.17008770135257928
87,2024,12,1,random_forest,0,0.19900891961017814
88,2023,11,0,random_forest,0,0.41918726549911445
88,2023,12,0,random_forest,0,0.4557491007526222
88,2024,1,0,random_forest,0,0.4264671727109191
88,2024,2,0,random_forest,0,0.47469895756570046
88,2024,3,0,random_forest,0,0.431949424676321
88,2024,4,0,random_forest,0,0.3952051185401192
88,2024,5,1,random_forest,0,0.3265120647271847
88,2024,6,0,random_forest,0,0.3778474696670753
88,2024,7,0,random_forest,1,0.5368098886201239
88,2024,8,1,random_forest,0,0.4441852507919166
88,2024,9,0,random_forest,0,0.3723991533449598
88,2024,11,1,random_forest,0,0.45163818823088236
88,2024,12,1,random_forest,0,0.3945999212774234
89,2023,11,0,random_forest,0,0.3268673110974418
89,2023,12,0,random_forest,0,0.40381918942207096
89,2024,1,0,random_forest,0,0.38962777540946036
89,2024,2,0,random_forest,0,0.4061838446832864
89,2024,3,0,random_forest,0,0.3422453242469369
89,2024,4,0,random_forest,0,0.3284791042981618
89,2024,5,1,random_forest,0,0.2606862822482811
89,2024,6,0,random_forest,0,0.28892934368032536
89,2024,7,0,random_forest,1,0.6356316958430469
89,2024,8,1,random_forest,1,0.5446045392976325
89,2024,9,0,random_forest,0,0.27496242158720896
89,2024,11,1,random_forest,0,0.2983763659027083
89,2024,12,1,random_forest,0,0.3363312033123802
90,2023,11,1,random_forest,0,0.10383671051212133
90,2023,12,0,random_forest,0,0.1817730321149837
90,2024,1,0,random_forest,0,0.24266045048559776
90,2024,2,0,random_forest,0,0.1860883471114663
90,2024,3,0,random_forest,0,0.07692622954144239
90,2024,4,0,random_forest,0,0.10167784228348917
90,2024,5,0,random_forest,0,0.1188995064750329
90,2024,6,0,random_forest,0,0.0962890808327706
90,2024,7,0,random_forest,0,0.06089682207582378
90,2024,8,0,random_forest,0,0.1333717929273446
90,2024,9,0,random_forest,0,0.19252425013455862
90,2024,11,0,random_forest,0,0.1722428320005503
90,2024,12,0,random_forest,0,0.21365981792115263
91,2023,11,1,random_forest,0,0.11175381595191233
91,2023,12,0,random_forest,0,0.19172914470251395
91,2024,1,0,random_forest,0,0.22953785053618986
91,2024,2,0,random_forest,0,0.19112330022314578
91,2024,3,0,random_forest,0,0.07640728978961092
91,2024,4,0,random_forest,0,0.19112611342097346
91,2024,5,0,random_forest,0,0.17479899424297735
91,2024,6,0,random_forest,0,0.07098985007653735
91,2024,7,0,random_forest,0,0.05437781644964057
91,2024,8,0,random_forest,0,0.16222931849684427
91,2024,9,0,random_forest,0,0.1577530819812281
91,2024,11,0,random_forest,0,0.14833400641922573
91,2024,12,0,random_forest,0,0.20694231167048122
92,2023,11,0,random_forest,0,0.19251510496397764
92,2023,12,0,random_forest,0,0.16387008112917253
92,2024,1,0,random_forest,0,0.2664472347154127
92,2024,2,0,random_forest,0,0.2264340867263448
92,2024,3,1,random_forest,0,0.2143848110385287
92,2024,4,0,random_forest,0,0.1228552808500586
92,2024,5,0,random_forest,0,0.2083188408298171
92,2024,6,0,random_forest,0,0.1416441470808477
92,2024,7,0,random_forest,0,0.0806183280420414
92,2024,8,0,random_forest,0,0.14518411519625266
92,2024,9,0,random_forest,0,0.1400009013877768
92,2024,11,0,random_forest,0,0.18895703461923852
92,2024,12,0,random_forest,0,0.34895903272515194
93,2023,11,0,random_forest,0,0.14879913823749202
93,2023,12,0,random_forest,0,0.16413086119814108
93,2024,1,0,random_forest,0,0.25815377988310423
93,2024,2,0,random_forest,0,0.22892647923461942
93,2024,3,1,random_forest,0,0.18942457646079786
93,2024,4,0,random_forest,0,0.22676660186536798
93,2024,5,0,random_forest,0,0.2277008664409121
93,2024,6,0,random_forest,0,0.16005868300155413
93,2024,7,0,random_forest,0,0.11868042638005592
93,2024,8,0,random_forest,0,0.1956399972649716
93,2024,9,0,random_forest,0,0.1515684404810464
93,2024,11,0,random_forest,0,0.19356395552981623
93,2024,12,0,random_forest,0,0.4015737309860895
94,2023,11,1,random_forest,0,0.3902726079975263
94,2023,12,0,random_forest,0,0.3796421343011872
94,2024,1,0,random_forest,0,0.3910334476404674
94,2024,2,1,random_forest,0,0.46057612706764756
94,2024,3,0,random_forest,0,0.42841348334310464
94,2024,4,1,random_forest,0,0.3765718061618162
94,2024,5,0,random_forest,0,0.3004315169590037
94,2024,6,0,random_forest,0,0.30041882850561874
94,2024,7,0,random_forest,0,0.4707441852280622
94,2024,8,0,random_forest,0,0.40569800111152843
94,2024,9,1,random_forest,0,0.4085397670969606
94,2024,11,0,random_forest,0,0.3907892002443211
94,2024,12,1,random_forest,0,0.32185511688054
95,2023,11,0,random_forest,0,0.42321262221358114
95,2023,12,0,random_forest,0,0.2555722899998395
95,2024,1,1,random_forest,0,0.31015129500240696
95,2024,2,0,random_forest,0,0.4483113549365552
95,2024,3,0,random_forest,0,0.37123554729331426
95,2024,4,0,random_forest,0,0.403330708932403
95,2024,5,0,random_forest,0,0.3002042640051745
95,2024,6,0,random_forest,0,0.3921107312117251
95,2024,7,0,random_forest,0,0.39846124772232455
95,2024,8,0,random_forest,0,0.3140456951037248
95,2024,9,0,random_forest,0,0.3342496889224829
95,2024,11,0,random_forest,0,0.38548482496517755
95,2024,12,0,random_forest,0,0.299840642866797
96,2023,11,0,random_forest,0,0.3745882226778215
96,2023,12,0,random_forest,0,0.2140116170885448
96,2024,1,1,random_forest,0,0.23365149553281717
96,2024,2,0,random_forest,0,0.42384280559984844
96,2024,3,0,random_forest,0,0.3024022389742624
96,2024,4,0,random_forest,0,0.4349568445752549
96,2024,5,0,random_forest,0,0.2899252655064355
96,2024,6,0,random_forest,0,0.3244284569558244
96,2024,7,0,random_forest,0,0.3911801038659609
96,2024,8,1,random_forest,0,0.35317756338782325
96,2024,9,0,random_forest,0,0.33199975917110824
96,2024,11,0,random_forest,0,0.41918846922040454
96,2024,12,0,random_forest,0,0.30324820270119973
97,2023,11,1,random_forest,0,0.27222510633877645
97,2023,12,0,random_forest,0,0.18784331946485017
97,2024,1,1,random_forest,0,0.21922957348348257
97,2024,2,1,random_forest,0,0.30640664632916464
97,2024,3,0,random_forest,0,0.3724516986493047
97,2024,4,0,random_forest,0,0.35553132489673217
97,2024,5,0,random_forest,0,0.211805968212619
97,2024,6,0,random_forest,0,0.40435744397567175
97,2024,7,0,random_forest,0,0.28168924906469534
97,2024,8,0,random_forest,0,0.24456266985595582
97,2024,9,0,random_forest,0,0.29900507748963145
97,2024,11,0,random_forest,0,0.3573107404683066
97,2024,12,0,random_forest,0,0.22982215117095278
98,2023,11,1,random_forest,0,0.22095436789109218
98,2023,12,0,random_forest,0,0.17230273711779048
98,2024,1,1,random_forest,0,0.248274701495435
98,2024,2,1,random_forest,0,0.3258031991915334
98,2024,3,0,random_forest,0,0.356762919980063
98,2024,4,0,random_forest,0,0.40079634101195766
98,2024,5,0,random_forest,0,0.19874874371382661
98,2024,6,0,random_forest,0,0.3910681440165815
98,2024,7,0,random_forest,0,0.25939655908960846
98,2024,8,0,random_forest,0,0.2159261733817028
98,2024,9,0,random_forest,0,0.33427626624620793
98,2024,11,0,random_forest,0,0.27283366216321214
98,2024,12,0,random_forest,0,0.2067807362615418
99,2023,11,0,random_forest,0,0.31532867727085656
99,2023,12,1,random_forest,0,0.4648996934606212
99,2024,1,1,random_forest,0,0.4444765758659334
99,2024,2,1,random_forest,0,0.42068552458379105
99,2024,3,0,random_forest,0,0.4949321178356309
99,2024,4,1,random_forest,0,0.37170025411930513
99,2024,5,1,random_forest,0,0.3367356227776855
99,2024,6,1,random_forest,0,0.2326925742958339
99,2024,7,1,random_forest,0,0.2126844616295899
99,2024,8,0,random_forest,0,0.3148029484574739
99,2024,9,1,random_forest,0,0.3939689530803414
99,2024,11,0,random_forest,0,0.4021449245463669
99,2024,12,0,random_forest,0,0.4247926751754622
100,2023,11,0,random_forest,0,0.483058690941142
100,2023,12,1,random_forest,1,0.6129764933274646
100,2024,1,1,random_forest,1,0.545271881821728
100,2024,2,1,random_forest,1,0.54345152052614
100,2024,3,0,random_forest,1,0.5549763828278687
100,2024,4,1,random_forest,1,0.5559039175217693
100,2024,5,1,random_forest,0,0.43683441615455726
100,2024,6,1,random_forest,1,0.5331776043201027
100,2024,7,1,random_forest,1,0.5805064414945363
100,2024,8,0,random_forest,0,0.46164214129513953
100,2024,9,1,random_forest,1,0.5493627148619991
100,2024,11,0,random_forest,1,0.6035098500787008
100,2024,12,0,random_forest,1,0.6152200393611662
101,2023,11,1,random_forest,0,0.3954443616720733
101,2023,12,0,random_forest,1,0.5035408234463895
101,2024,1,1,random_forest,0,0.47642261518695184
101,2024,2,1,random_forest,0,0.4792033858804973
101,2024,3,1,random_forest,0,0.48591545353814714
101,2024,4,0,random_forest,0,0.46172852655778757
101,2024,5,0,random_forest,0,0.3908701956086049
101,2024,6,1,random_forest,0,0.3839174993301809
101,2024,7,1,random_forest,0,0.25033348688824686
101,2024,8,1,random_forest,0,0.27882991341476593
101,2024,9,0,random_forest,0,0.48007906189081484
101,2024,11,1,random_forest,0,0.47699649871230615
101,2024,12,1,random_forest,0,0.425192244356476
102,2023,11,1,random_forest,0,0.3776629188850927
102,2023,12,0,random_forest,0,0.4761945745180228
102,2024,1,1,random_forest,0,0.47164606056388547
102,2024,2,1,random_forest,0,0.4845977727171237
102,2024,3,1,random_forest,1,0.5178637597012201
102,2024,4,0,random_forest,0,0.4404244542578481
102,2024,5,0,random_forest,0,0.3907990165426194
102,2024,6,1,random_forest,0,0.3238735859171592
102,2024,7,1,random_forest,0,0.18588873368933015
102,2024,8,1,random_forest,0,0.28106874396283277
102,2024,9,0,random_forest,0,0.44718998699375523
102,2024,11,1,random_forest,0,0.4241386890929345
102,2024,12,1,random_forest,0,0.45075897085712047
103,2023,11,0,random_forest,0,0.10212996148441503
103,2023,12,0,random_forest,0,0.16157603237725174
103,2024,1,0,random_forest,0,0.22011340104468596
103,2024,2,0,random_forest,0,0.19180944336189576
103,2024,3,0,random_forest,0,0.08628393778805586
103,2024,4,0,random_forest,0,0.09219621619836992
103,2024,5,0,random_forest,0,0.14803634895291157
103,2024,6,0,random_forest,0,0.12382148515423552
103,2024,7,0,random_forest,0,0.10439357843025916
103,2024,8,0,random_forest,0,0.20614476939855514
103,2024,9,0,random_forest,0,0.2418353995075079
103,2024,11,0,random_forest,0,0.1512215068892152
103,2024,12,0,random_forest,0,0.2208534690900676
104,2023,11,0,random_forest,0,0.13807014870521528
104,2023,12,0,random_forest,0,0.3815811198560866
104,2024,1,0,random_forest,0,0.3005199573632535
104,2024,2,0,random_forest,0,0.30149648701217874
104,2024,3,0,random_forest,0,0.3159772178649863
104,2024,4,0,random_forest,0,0.2874281386868917
104,2024,5,0,random_forest,0,0.19424178860312477
104,2024,6,0,random_forest,0,0.17840099874005344
104,2024,7,0,random_forest,0,0.13315832138532427
104,2024,8,0,random_forest,0,0.27766483715094026
104,2024,9,0,random_forest,0,0.25466972685713346
104,2024,11,0,random_forest,0,0.185375312384158
104,2024,12,0,random_forest,0,0.28092144193113683
105,2023,11,1,random_forest,0,0.36824153332668913
105,2023,12,0,random_forest,0,0.43682847154846505
105,2024,1,0,random_forest,0,0.4145345947941908
105,2024,2,1,random_forest,0,0.41876484101795897
105,2024,3,0,random_forest,0,0.4129098081390354
105,2024,4,0,random_forest,0,0.3843956764330818
105,2024,5,0,random_forest,0,0.4794429736946925
105,2024,6,0,random_forest,0,0.4217690631298593
105,2024,7,0,random_forest,0,0.46188318345079227
105,2024,8,0,random_forest,0,0.4184172102257644
105,2024,9,0,random_forest,0,0.40847100010550197
105,2024,11,0,random_forest,0,0.3255545179679362
105,2024,12,0,random_forest,0,0.40618383376764877
106,2023,11,1,random_forest,0,0.4694530420986885
106,2023,12,0,random_forest,1,0.5429841228036513
106,2024,1,0,random_forest,1,0.5543233720557722
106,2024,2,1,random_forest,1,0.5898421162356517
106,2024,3,0,random_forest,1,0.610105081675706
106,2024,4,0,random_forest,1,0.5467524217283499
106,2024,5,0,random_forest,0,0.38632206818536674
106,2024,6,0,random_forest,0,0.3534781944845857
106,2024,7,0,random_forest,0,0.2368803650971217
106,2024,8,0,random_forest,0,0.2219106749366799
106,2024,9,0,random_forest,0,0.39611183271268946
106,2024,11,0,random_forest,0,0.4509504230496675
106,2024,12,0,random_forest,0,0.46217440172684654
107,2023,11,1,random_forest,1,0.8011789489627282
107,2023,12,1,random_forest,1,0.6025296538920748
107,2024,1,0,random_forest,1,0.5764204820060392
107,2024,2,1,random_forest,1,0.7789166577849531
107,2024,3,1,random_forest,1,0.9533814557742625
107,2024,4,0,random_forest,1,0.9414168603770517
107,2024,5,1,random_forest,1,0.8948651671351924
107,2024,6,1,random_forest,1,0.9665590182174894
107,2024,7,0,random_forest,1,0.931651625898905
107,2024,8,0,random_forest,1,0.8972704456138786
107,2024,9,1,random_forest,1,0.906052052326494
107,2024,11,1,random_forest,1,0.8603545208631244
107,2024,12,0,random_forest,1,0.6991994325251636
108,2023,11,0,random_forest,0,0.4269068959901974
108,2023,12,0,random_forest,0,0.47514242462049794
108,2024,1,0,random_forest,0,0.3747996593974274
108,2024,2,0,random_forest,0,0.46900613989647516
108,2024,3,0,random_forest,1,0.5071392813115716
108,2024,4,0,random_forest,0,0.41186227272359865
108,2024,5,0,random_forest,0,0.3799278697457093
108,2024,6,0,random_forest,0,0.35029534652982014
108,2024,7,1,random_forest,0,0.27339375512165437
108,2024,8,1,random_forest,0,0.35137624612864937
108,2024,9,1,random_forest,1,0.5153376610361776
108,2024,11,0,random_forest,0,0.4918645692794387
108,2024,12,0,random_forest,0,0.342391893343735
109,2023,11,0,random_forest,0,0.3724661342819483
109,2023,12,0,random_forest,0,0.49355420612209894
109,2024,1,0,random_forest,0,0.41276878988679966
109,2024,2,0,random_forest,0,0.4457606931343778
109,2024,3,0,random_forest,0,0.45048359946323047
109,2024,4,0,random_forest,0,0.40956834692510063
109,2024,5,0,random_forest,1,0.5331524774183573
109,2024,6,0,random_forest,1,0.6528504659589135
109,2024,7,0,random_forest,1,0.7082900311338828
109,2024,8,0,random_forest,1,0.6949540520957231
109,2024,9,1,random_forest,1,0.5962474646808572
109,2024,11,0,random_forest,0,0.4244838667481293
109,2024,12,0,random_forest,1,0.5032909215351012
110,2023,11,1,random_forest,0,0.41816430181682296
110,2023,12,0,random_forest,0,0.41598997239269847
110,2024,1,0,random_forest,0,0.39960974088679846
110,2024,2,1,random_forest,0,0.4821495157317452
110,2024,3,0,random_forest,1,0.6013575919985765
110,2024,4,1,random_forest,1,0.5520277700850903
110,2024,5,0,random_forest,0,0.3749027926401213
110,2024,6,0,random_forest,0,0.4360942600167795
110,2024,7,0,random_forest,0,0.48354614525246425
110,2024,8,0,random_forest,0,0.43019920671809964
110,2024,9,1,random_forest,1,0.5129385103708338
110,2024,11,0,random_forest,0,0.39603536234669234
110,2024,12,1,random_forest,0,0.341180157044955
111,2023,11,1,random_forest,1,0.5340892035804751
111,2023,12,1,random_forest,1,0.568180504928681
111,2024,1,0,random_forest,0,0.4785953893719586
111,2024,2,0,random_forest,1,0.5616904709571131
111,2024,3,1,random_forest,1,0.5461977711056785
111,2024,4,1,random_forest,1,0.5957522161500581
111,2024,5,0,random_forest,0,0.4368298754752782
111,2024,6,1,random_forest,1,0.505085888361538
111,2024,7,1,random_forest,1,0.5104857551928266
111,2024,8,0,random_forest,1,0.552989208721075
111,2024,9,0,random_forest,1,0.540337088352646
111,2024,11,1,random_forest,0,0.43735195533717514
111,2024,12,1,random_forest,0,0.3791347619700543
112,2023,11,0,random_forest,0,0.3702477445340243
112,2023,12,1,random_forest,1,0.6012330590628245
112,2024,1,0,random_forest,1,0.5226364565277082
112,2024,2,0,random_forest,0,0.4054054669513846
112,2024,3,0,random_forest,0,0.31742580482262694
112,2024,4,0,random_forest,0,0.2541118541215038
112,2024,5,0,random_forest,0,0.31751844104908095
112,2024,6,0,random_forest,0,0.3336970695448626
112,2024,7,0,random_forest,0,0.2723941932007217
112,2024,8,1,random_forest,0,0.34670477725318494
112,2024,9,0,random_forest,0,0.4168454919817718
112,2024,11,0,random_forest,0,0.36173720264900494
112,2024,12,0,random_forest,0,0.4734639895689499
113,2023,11,0,random_forest,0,0.25641494531306
113,2023,12,1,random_forest,0,0.3738907122365079
113,2024,1,0,random_forest,0,0.3973654501820015
113,2024,2,0,random_forest,0,0.37620726819169115
113,2024,3,0,random_forest,0,0.40418563769642174
113,2024,4,0,random_forest,0,0.41020021058168343
113,2024,5,0,random_forest,0,0.4761151795160036
113,2024,6,0,random_forest,0,0.35067414342893355
113,2024,7,0,random_forest,0,0.3351769695288053
113,2024,8,0,random_forest,0,0.2990979328751905
113,2024,9,0,random_forest,0,0.46321754319245545
113,2024,11,0,random_forest,0,0.38803117061384423
113,2024,12,0,random_forest,0,0.40328800359214884
114,2023,11,0,random_forest,0,0.24186277016146415
114,2023,12,1,random_forest,0,0.311672537622274
114,2024,1,0,random_forest,0,0.3752145908313152
114,2024,2,0,random_forest,0,0.4533852217634215
114,2024,3,0,random_forest,0,0.4548017582849627
114,2024,4,0,random_forest,0,0.48932684489380895
114,2024,5,0,random_forest,0,0.3472425043144605
114,2024,6,0,random_forest,0,0.22911708655912533
114,2024,7,0,random_forest,0,0.23004993033120974
114,2024,8,0,random_forest,0,0.3156235400473967
114,2024,9,0,random_forest,0,0.37507193474341727
114,2024,11,0,random_forest,0,0.29686044562259617
114,2024,12,0,random_forest,0,0.36023960008510847
115,2023,11,1,random_forest,1,0.5497293484358634
115,2023,12,1,random_forest,0,0.48317611075288897
115,2024,1,1,random_forest,1,0.5336736178626275
115,2024,2,1,random_forest,1,0.5178410017296122
115,2024,3,1,random_forest,1,0.5102753398188495
115,2024,4,1,random_forest,1,0.528819959507113
115,2024,5,1,random_forest,0,0.4110611969050791
115,2024,6,0,random_forest,0,0.4454820329977588
115,2024,7,1,random_forest,1,0.5247382228894895
115,2024,8,0,random_forest,0,0.43480130341390255
115,2024,9,0,random_forest,1,0.5872297322756105
115,2024,11,0,random_forest,1,0.5282140538649206
115,2024,12,1,random_forest,0,0.46926614964641694
116,2023,11,1,random_forest,0,0.24507629904598133
116,2023,12,0,random_forest,0,0.26423547023190996
116,2024,1,0,random_forest,0,0.33674357848933506
116,2024,2,1,random_forest,0,0.27291592041153
116,2024,3,0,random_forest,0,0.2738572891747567
116,2024,4,0,random_forest,0,0.235895663128195
116,2024,5,1,random_forest,0,0.29483509653581985
116,2024,6,0,random_forest,0,0.15636459111743287
116,2024,7,0,random_forest,0,0.12483881413347156
116,2024,8,0,random_forest,0,0.20658007897869002
116,2024,9,0,random_forest,0,0.2947939983798127
116,2024,11,1,random_forest,0,0.26957115178220586
116,2024,12,1,random_forest,0,0.24382922282573835
117,2023,11,1,random_forest,0,0.2513704958974843
117,2023,12,0,random_forest,0,0.38977859078872207
117,2024,1,0,random_forest,0,0.3861193155733398
117,2024,2,1,random_forest,0,0.36363550506368614
117,2024,3,0,random_forest,0,0.3375413192346917
117,2024,4,0,random_forest,0,0.35493131200642886
117,2024,5,1,random_forest,0,0.31284710823853645
117,2024,6,0,random_forest,0,0.23662824813154829
117,2024,7,0,random_forest,0,0.18317662961268547
117,2024,8,0,random_forest,0,0.22611177462019977
117,2024,9,0,random_forest,0,0.33925757599219997
117,2024,11,1,random_forest,0,0.32092573321227164
117,2024,12,1,random_forest,0,0.3815145439964291
118,2023,11,1,random_forest,1,0.7328860662134282
118,2023,12,0,random_forest,1,0.7548941713969468
118,2024,1,1,random_forest,1,0.6902517899176667
118,2024,2,1,random_forest,1,0.7943385796475725
118,2024,3,0,random_forest,1,0.8963162612947904
118,2024,4,1,random_forest,1,0.7773718058821896
118,2024,5,1,random_forest,1,0.6903850544308742
118,2024,6,1,random_forest,1,0.5303732629867784
118,2024,7,1,random_forest,1,0.5578606482334436
118,2024,8,0,random_forest,1,0.5203131016955782
118,2024,9,0,random_forest,1,0.6381351601083683
118,2024,11,1,random_forest,1,0.7913843511796983
118,2024,12,1,random_forest,1,0.7035133149022064
119,2023,11,1,random_forest,0,0.3300843058687215
119,2023,12,0,random_forest,0,0.4606208676648072
119,2024,1,1,random_forest,0,0.4195974980880691
119,2024,2,1,random_forest,0,0.4103769837561413
119,2024,3,0,random_forest,0,0.45985096119467317
119,2024,4,1,random_forest,0,0.40940952245161105
119,2024,5,1,random_forest,0,0.4873578875146584
119,2024,6,1,random_forest,0,0.4091493383443732
119,2024,7,1,random_forest,0,0.48234370631128975
119,2024,8,0,random_forest,0,0.4725167383122399
119,2024,9,0,random_forest,0,0.4598976660957395
119,2024,11,1,random_forest,0,0.47717182496716676
119,2024,12,1,random_forest,0,0.45004156765775394
120,2023,11,0,random_forest,0,0.2169273863457416
120,2023,12,1,random_forest,0,0.3443530646649203
120,2024,1,1,random_forest,0,0.22196852547230564
120,2024,2,0,random_forest,0,0.2528372979032859
120,2024,3,0,random_forest,0,0.1539000235903093
120,2024,4,0,random_forest,0,0.21159753500898457
120,2024,5,1,random_forest,0,0.16860048297067778
120,2024,6,0,random_forest,0,0.09879609459976438
120,2024,7,0,random_forest,0,0.12373090663631404
120,2024,8,0,random_forest,0,0.16845108064880848
120,2024,9,1,random_forest,0,0.22562473479091769
120,2024,11,0,random_forest,0,0.1860138840431369
120,2024,12,1,random_forest,0,0.29622974909398603
121,2023,11,0,random_forest,0,0.2732689801194004
121,2023,12,1,random_forest,0,0.35728705869505717
121,2024,1,1,random_forest,0,0.31318285766126064
121,2024,2,0,random_forest,0,0.34144871323260806
121,2024,3,0,random_forest,0,0.18169066935614625
121,2024,4,0,random_forest,0,0.25483383487704386
121,2024,5,1,random_forest,0,0.25544722610539433
121,2024,6,0,random_forest,0,0.17405106249653673
121,2024,7,0,random_forest,0,0.12174305978153674
121,2024,8,0,random_forest,0,0.1724118996120729
121,2024,9,1,random_forest,0,0.20699329763513555
121,2024,11,0,random_forest,0,0.24117465180272057
121,2024,12,0,random_forest,0,0.33412996738087747
122,2023,11,0,random_forest,1,0.7175986009225905
122,2023,12,1,random_forest,1,0.5228813720719485
122,2024,1,1,random_forest,1,0.544494012599905
122,2024,2,1,random_forest,1,0.795279077224384
122,2024,3,0,random_forest,1,0.825706195139012
122,2024,4,1,random_forest,1,0.8104664509601752
122,2024,5,1,random_forest,1,0.6538427990539186
122,2024,6,0,random_forest,1,0.6718664978110206
122,2024,7,0,random_forest,1,0.5534787942523706
122,2024,8,0,random_forest,0,0.3037221328383885
122,2024,9,0,random_forest,0,0.37208192463400197
122,2024,11,1,random_forest,0,0.3044619526568621
122,2024,12,1,random_forest,0,0.32366271427126286
123,2024,11,0,random_forest,1,0.5408578315402532
123,2024,12,0,random_forest,1,0.5251537253975593
124,2023,11,0,random_forest,0,0.2686730978372262
124,2023,12,1,random_forest,0,0.34669172242350227
124,2024,1,0,random_forest,0,0.3177510093023938
124,2024,2,0,random_forest,0,0.3695441059522037
124,2024,3,0,random_forest,0,0.306996198827253
124,2024,4,1,random_forest,0,0.3176762084554267
124,2024,5,0,random_forest,0,0.3187895954558145
124,2024,6,0,random_forest,0,0.32914523228493575
124,2024,7,0,random_forest,0,0.36392666870356494
124,2024,8,0,random_forest,0,0.30815094431578977
124,2024,11,0,random_forest,1,0.5408578315402532
124,2024,12,0,random_forest,1,0.5251537253975593
125,2023,11,0,random_forest,1,0.5081855533598382
125,2023,12,1,random_forest,0,0.4386263908124247
125,2024,1,1,random_forest,0,0.38207901670187683
125,2024,2,1,random_forest,1,0.6879508430638857
125,2024,3,0,random_forest,1,0.7167785265437355
125,2024,4,1,random_forest,1,0.69783365746939
125,2024,5,1,random_forest,1,0.5328134761915277
125,2024,6,0,random_forest,1,0.6139566160157918
125,2024,7,0,random_forest,0,0.4792888567709902
125,2024,8,0,random_forest,1,0.5270382158994615
125,2024,9,0,random_forest,1,0.780875093518908
125,2024,11,1,random_forest,1,0.6716018067074389
125,2024,12,1,random_forest,0,0.4314807698886388
126,2023,11,0,random_forest,0,0.4488804700217285
126,2023,12,1,random_forest,1,0.5697979637790567
126,2024,1,1,random_forest,1,0.5172785116839829
126,2024,2,1,random_forest,1,0.5587451032205083
126,2024,3,0,random_forest,1,0.5475685034970652
126,2024,4,0,random_forest,1,0.5241055481762029
126,2024,5,0,random_forest,1,0.5386967845308577
126,2024,6,0,random_forest,0,0.42513252092952153
126,2024,7,1,random_forest,0,0.4565141628735545
126,2024,8,0,random_forest,0,0.42135312383957296
126,2024,9,1,random_forest,1,0.5864551138895744
126,2024,11,1,random_forest,0,0.4430114580711023
126,2024,12,0,random_forest,1,0.5090950071247978
127,2023,11,1,random_forest,0,0.4048281051825344
127,2023,12,1,random_forest,0,0.47640187320289823
127,2024,1,0,random_forest,0,0.4585195616575377
127,2024,2,0,random_forest,0,0.40003116969686386
127,2024,3,0,random_forest,0,0.3308906545657963
127,2024,4,1,random_forest,0,0.29657893706840976
127,2024,5,0,random_forest,0,0.30496975491954303
127,2024,6,1,random_forest,0,0.29729855586510445
127,2024,7,0,random_forest,0,0.2208055370957483
127,2024,8,1,random_forest,0,0.2720933312943471
127,2024,9,0,random_forest,0,0.3760389789262894
127,2024,11,0,random_forest,0,0.40208348859743065
127,2024,12,0,random_forest,0,0.43473501113001267
128,2023,11,0,random_forest,0,0.3204614339695189
128,2023,12,0,random_forest,0,0.22862850789559364
128,2024,1,0,random_forest,0,0.2810575716559333
128,2024,2,0,random_forest,0,0.36190735918906286
128,2024,3,0,random_forest,0,0.366532364449731
128,2024,4,0,random_forest,0,0.38280427233292114
128,2024,5,0,random_forest,0,0.33277906129819707
128,2024,6,1,random_forest,0,0.3943656816401001
128,2024,7,0,random_forest,0,0.4829994271662423
128,2024,8,0,random_forest,0,0.39547631343663875
128,2024,9,0,random_forest,0,0.48439163183511225
128,2024,11,1,random_forest,0,0.4102527529584111
128,2024,12,1,random_forest,0,0.2508352824345409
129,2023,11,0,random_forest,0,0.2721857457186991
129,2023,12,0,random_forest,0,0.1985648642784919
129,2024,1,0,random_forest,0,0.17213149614464715
129,2024,2,0,random_forest,0,0.32561509072549777
129,2024,3,0,random_forest,0,0.2857103214440884
129,2024,4,0,random_forest,0,0.3947025413441881
129,2024,5,0,random_forest,0,0.23331231428023363
129,2024,6,1,random_forest,0,0.33166562699008306
129,2024,7,0,random_forest,0,0.4183207040147562
129,2024,8,0,random_forest,0,0.32782114393409045
129,2024,9,0,random_forest,0,0.33264845106840935
129,2024,11,1,random_forest,0,0.3317685494328864
129,2024,12,1,random_forest,0,0.2239277428390662
131,2023,11,0,random_forest,0,0.2626022271434025
131,2023,12,0,random_forest,0,0.4227082906614557
131,2024,1,0,random_forest,0,0.37052532496995444
131,2024,2,0,random_forest,0,0.3580742242266082
131,2024,3,0,random_forest,0,0.2821373525132605
131,2024,4,0,random_forest,0,0.28753388984180317
131,2024,5,0,random_forest,0,0.26522412585442134
131,2024,6,1,random_forest,0,0.27540315140593824
131,2024,7,0,random_forest,0,0.36008477120066085
131,2024,8,0,random_forest,0,0.2981310823810386
131,2024,9,0,random_forest,0,0.2855101796896292
131,2024,11,0,random_forest,0,0.30634128319618886
131,2024,12,0,random_forest,0,0.3689546548922221
132,2023,11,0,random_forest,0,0.13695912803746846
132,2023,12,0,random_forest,0,0.20306398110710713
132,2024,1,0,random_forest,0,0.24847325519773003
132,2024,2,0,random_forest,0,0.21688504106622436
132,2024,3,0,random_forest,0,0.2703328206493928
132,2024,4,0,random_forest,0,0.26025532640509924
132,2024,5,0,random_forest,0,0.19959283270660835
132,2024,6,0,random_forest,0,0.1677983444721468
132,2024,7,0,random_forest,0,0.10246677125241739
132,2024,8,0,random_forest,0,0.20110865743981945
132,2024,9,0,random_forest,0,0.2626695612992129
132,2024,11,0,random_forest,0,0.2012032071456938
132,2024,12,0,random_forest,0,0.24612092503718774
133,2023,11,0,random_forest,0,0.2917956921085894
133,2023,12,0,random_forest,0,0.20030052723974298
133,2024,1,0,random_forest,0,0.2389535837370163
133,2024,2,0,random_forest,0,0.3500713462946761
133,2024,3,0,random_forest,0,0.3586443394005525
133,2024,4,0,random_forest,0,0.42526195755570123
133,2024,5,0,random_forest,0,0.2119790434497593
133,2024,6,0,random_forest,0,0.2875056616711667
133,2024,7,0,random_forest,0,0.22898189945460037
133,2024,8,0,random_forest,0,0.3036593861306008
133,2024,9,0,random_forest,0,0.3394962985069241
133,2024,11,0,random_forest,0,0.33298485860725807
133,2024,12,0,random_forest,0,0.2694193337858212
134,2023,11,0,random_forest,0,0.2213390515280759
134,2023,12,0,random_forest,0,0.2747266631111114
134,2024,1,0,random_forest,0,0.2957246802260875
134,2024,2,0,random_forest,0,0.2887149117489948
134,2024,3,0,random_forest,0,0.2539265746719552
134,2024,4,0,random_forest,0,0.24768352023172194
134,2024,5,0,random_forest,0,0.20866473975222535
134,2024,6,0,random_forest,0,0.29795788575244214
134,2024,7,0,random_forest,0,0.0767606707115094
134,2024,8,0,random_forest,0,0.17869406122616438
134,2024,9,0,random_forest,0,0.2373672119666878
134,2024,11,1,random_forest,0,0.25872123176943285
134,2024,12,0,random_forest,0,0.2969298966218871
135,2023,11,0,random_forest,0,0.2660415850813531
135,2023,12,0,random_forest,0,0.22593460344182892
135,2024,1,0,random_forest,0,0.21082254821270502
135,2024,2,0,random_forest,0,0.290712422642373
135,2024,3,0,random_forest,0,0.20758956612367785
135,2024,4,0,random_forest,0,0.2820891727859542
135,2024,5,0,random_forest,0,0.1981500342166153
135,2024,6,0,random_forest,0,0.28973756239248705
135,2024,7,0,random_forest,0,0.25156837335782345
135,2024,8,0,random_forest,0,0.21830904638994633
135,2024,9,0,random_forest,0,0.25504973750434495
135,2024,11,0,random_forest,0,0.2572367330002766
135,2024,12,0,random_forest,0,0.2304981485877625
136,2023,11,1,random_forest,0,0.2733914430300706
136,2023,12,0,random_forest,0,0.47148618157258576
136,2024,1,0,random_forest,0,0.3606417700324293
136,2024,2,1,random_forest,0,0.4250515517762773
136,2024,3,0,random_forest,0,0.3669294545766409
136,2024,4,0,random_forest,0,0.3807102810162199
136,2024,5,0,random_forest,0,0.2580025850166332
136,2024,6,0,random_forest,0,0.3636394261344253
136,2024,7,0,random_forest,0,0.3047579302078587
136,2024,8,0,random_forest,0,0.24356221279013932
136,2024,9,1,random_forest,1,0.5903149031652514
136,2024,11,0,random_forest,0,0.34887519703807385
136,2024,12,1,random_forest,0,0.3934357627521584
137,2023,11,0,random_forest,1,0.6628925186171284
137,2023,12,1,random_forest,1,0.637406781737993
137,2024,1,1,random_forest,1,0.5023058269847448
137,2024,2,1,random_forest,1,0.7380452916667232
137,2024,3,0,random_forest,1,0.78311735919996
137,2024,4,1,random_forest,1,0.7369814028925858
137,2024,5,1,random_forest,1,0.720108484772146
137,2024,6,0,random_forest,1,0.7739066137929088
137,2024,7,0,random_forest,1,0.7613509126294506
137,2024,8,0,random_forest,1,0.6509204316019962
137,2024,9,1,random_forest,1,0.7324389226438521
137,2024,11,1,random_forest,1,0.7604428402561334
137,2024,12,1,random_forest,1,0.6488762906833869
138,2023,11,1,random_forest,1,0.6875508565321976
138,2023,12,1,random_forest,1,0.6267614339053155
138,2024,1,1,random_forest,1,0.5657018261009396
138,2024,2,1,random_forest,1,0.6887067524239968
138,2024,3,1,random_forest,1,0.7774558829576477
138,2024,4,1,random_forest,1,0.8299176232506362
138,2024,5,1,random_forest,1,0.7847876550216956
138,2024,6,0,random_forest,1,0.7988629830703563
138,2024,7,0,random_forest,1,0.833126118060351
138,2024,8,0,random_forest,1,0.7737675640465428
138,2024,9,1,random_forest,1,0.7702897387873808
138,2024,11,1,random_forest,1,0.7537600195784335
138,2024,12,1,random_forest,1,0.6572895270369901
139,2023,11,0,random_forest,0,0.35847912332017645
139,2023,12,0,random_forest,0,0.44372916858723593
139,2024,1,0,random_forest,0,0.39206953532708144
139,2024,2,0,random_forest,0,0.3252993595350104
139,2024,3,0,random_forest,0,0.3689231168454333
139,2024,4,0,random_forest,0,0.38741648514138277
139,2024,5,1,random_forest,0,0.39097221893315215
139,2024,6,0,random_forest,1,0.5196158467490156
139,2024,7,1,random_forest,0,0.45795997591832066
139,2024,8,0,random_forest,1,0.5088020929291287
139,2024,9,0,random_forest,1,0.5956454477230214
139,2024,11,0,random_forest,0,0.3985800888758154
139,2024,12,0,random_forest,0,0.3757306322277357
140,2023,11,1,random_forest,0,0.4121928637862887
140,2023,12,0,random_forest,1,0.5616331369326013
140,2024,1,1,random_forest,0,0.4704787382925435
140,2024,2,0,random_forest,0,0.49362382003585076
140,2024,3,1,random_forest,1,0.6399667356146667
140,2024,4,0,random_forest,0,0.4684265155758709
140,2024,5,1,random_forest,1,0.6004589879158619
140,2024,6,0,random_forest,1,0.7291996449237268
140,2024,7,1,random_forest,1,0.7528028090993871
140,2024,8,0,random_forest,1,0.7946217226961042
140,2024,9,1,random_forest,1,0.8537051502956715
140,2024,11,1,random_forest,1,0.61066613919784
140,2024,12,1,random_forest,1,0.52191345085752
142,2023,11,0,random_forest,1,0.5244233915036879
143,2023,12,1,random_forest,1,0.7653943164890417
143,2024,1,1,random_forest,1,0.6683662474269224
143,2024,2,1,random_forest,1,0.815075264959169
143,2024,3,1,random_forest,1,0.8988616430173134
143,2024,4,1,random_forest,1,0.918996833663783
143,2024,5,1,random_forest,1,0.8744534303157036
143,2024,6,0,random_forest,1,0.9127815282508196
143,2024,7,0,random_forest,1,0.8698010091439873
143,2024,8,0,random_forest,1,0.8381781741326254
143,2024,9,1,random_forest,1,0.8996706752665737
143,2024,11,1,random_forest,1,0.8154049171340972
143,2024,12,1,random_forest,1,0.723277185587344
144,2024,1,1,random_forest,0,0.4007258313482671
