site_id,year,month,bike_crash_happened_500m,model,predicted_label,predicted_probability
1,2023,11,0,logistic_regression,1,0.6312707290166414
1,2023,12,0,logistic_regression,1,0.612502362277512
1,2024,1,0,logistic_regression,1,0.6747380132174386
1,2024,2,0,logistic_regression,1,0.5287644386875705
1,2024,3,0,logistic_regression,0,0.4016481961549217
1,2024,4,0,logistic_regression,1,0.6173573468914373
1,2024,5,0,logistic_regression,0,0.3266772130229846
1,2024,6,0,logistic_regression,1,0.5376496600741907
1,2024,7,0,logistic_regression,1,0.5311116523001296
1,2024,8,0,logistic_regression,1,0.6657744160683605
1,2024,9,0,logistic_regression,1,0.7107302210758781
1,2024,11,0,logistic_regression,0,0.4862020192463767
1,2024,12,0,logistic_regression,0,0.402682763113285
2,2023,11,1,logistic_regression,1,0.7915563347516312
2,2023,12,0,logistic_regression,1,0.7506054583627584
2,2024,1,0,logistic_regression,1,0.7753486290664725
2,2024,2,0,logistic_regression,1,0.6211069534456485
2,2024,3,0,logistic_regression,1,0.6314300785096488
2,2024,4,0,logistic_regression,1,0.7524502726685273
2,2024,5,0,logistic_regression,0,0.47182977159869127
2,2024,6,0,logistic_regression,1,0.7366806263045483
2,2024,7,0,logistic_regression,1,0.6965877619856361
2,2024,8,0,logistic_regression,1,0.8099705761882507
2,2024,9,0,logistic_regression,1,0.8707444396247013
2,2024,11,0,logistic_regression,1,0.7022824962730299
2,2024,12,0,logistic_regression,1,0.6138200272114347
3,2023,11,1,logistic_regression,1,0.6813236927490904
3,2023,12,0,logistic_regression,1,0.6603965142950372
3,2024,1,0,logistic_regression,1,0.6967812505055272
3,2024,2,0,logistic_regression,0,0.4933008977809223
3,2024,3,0,logistic_regression,0,0.47488716856290153
3,2024,4,0,logistic_regression,1,0.6240905636870053
3,2024,5,0,logistic_regression,0,0.30425586929673387
3,2024,6,0,logistic_regression,1,0.5927826454077725
3,2024,7,0,logistic_regression,1,0.5919054078094439
3,2024,8,0,logistic_regression,1,0.6885084510180305
3,2024,9,0,logistic_regression,1,0.745150070307706
3,2024,11,0,logistic_regression,1,0.5664296158549343
3,2024,12,0,logistic_regression,1,0.5097743020449398
4,2023,11,0,logistic_regression,0,0.41109004936623555
4,2023,12,0,logistic_regression,0,0.3714775188256345
4,2024,1,0,logistic_regression,0,0.4558184831242395
4,2024,2,0,logistic_regression,0,0.29890221916694953
4,2024,3,1,logistic_regression,0,0.21704077517703005
4,2024,4,0,logistic_regression,0,0.3620266710969274
4,2024,5,0,logistic_regression,0,0.09379374655629084
4,2024,6,0,logistic_regression,0,0.3365981985372722
4,2024,7,0,logistic_regression,0,0.33568716399473403
4,2024,8,0,logistic_regression,0,0.32885943073598317
4,2024,9,0,logistic_regression,1,0.5023767692901148
4,2024,11,0,logistic_regression,0,0.33598043434276864
4,2024,12,0,logistic_regression,0,0.2602996652891525
5,2023,11,0,logistic_regression,0,0.4103886656607424
5,2023,12,0,logistic_regression,0,0.37474647433570835
5,2024,1,0,logistic_regression,0,0.4510567043289525
5,2024,2,0,logistic_regression,0,0.29986799346195264
5,2024,3,1,logistic_regression,0,0.2252625429015358
5,2024,4,0,logistic_regression,0,0.3695083356889826
5,2024,5,0,logistic_regression,0,0.09215160070029187
5,2024,6,0,logistic_regression,0,0.33987900167237034
5,2024,7,0,logistic_regression,0,0.3427836084882253
5,2024,8,0,logistic_regression,0,0.3477940777248542
5,2024,9,0,logistic_regression,1,0.5112186784281956
5,2024,11,0,logistic_regression,0,0.3344613581633305
5,2024,12,0,logistic_regression,0,0.2618201222221542
6,2023,11,0,logistic_regression,1,0.5185727207923327
6,2023,12,0,logistic_regression,1,0.5557762354524747
6,2024,1,0,logistic_regression,1,0.5634170816966504
6,2024,2,0,logistic_regression,0,0.46719258093885646
6,2024,3,0,logistic_regression,0,0.3622579301717384
6,2024,4,0,logistic_regression,0,0.4468959528213415
6,2024,5,1,logistic_regression,0,0.26293127063744526
6,2024,6,1,logistic_regression,1,0.570757462523546
6,2024,7,1,logistic_regression,0,0.4441407952206387
6,2024,8,0,logistic_regression,1,0.582213579762013
6,2024,9,0,logistic_regression,1,0.6693139998825155
6,2024,11,1,logistic_regression,0,0.4507991886129478
6,2024,12,1,logistic_regression,0,0.37136152233551
7,2023,11,0,logistic_regression,1,0.5012104488446644
7,2023,12,0,logistic_regression,1,0.5520541119761082
7,2024,1,0,logistic_regression,1,0.5415385606057525
7,2024,2,0,logistic_regression,1,0.7527849227055046
7,2024,3,0,logistic_regression,0,0.3253672206542568
7,2024,4,0,logistic_regression,0,0.4375912920365581
7,2024,5,1,logistic_regression,0,0.2400891832573354
7,2024,6,1,logistic_regression,1,0.5403204113639242
7,2024,7,1,logistic_regression,0,0.4463231598311419
7,2024,8,0,logistic_regression,1,0.5665490129213601
7,2024,9,0,logistic_regression,1,0.6318559043370914
7,2024,11,1,logistic_regression,0,0.4347993686073947
7,2024,12,1,logistic_regression,0,0.37279794519888565
8,2023,11,1,logistic_regression,0,0.3756245430801936
8,2023,12,0,logistic_regression,0,0.36559556594677006
8,2024,1,0,logistic_regression,0,0.41758942057719556
8,2024,2,0,logistic_regression,0,0.2719560217916259
8,2024,3,0,logistic_regression,0,0.19026717313720917
8,2024,4,0,logistic_regression,0,0.31245327342601514
8,2024,5,0,logistic_regression,0,0.10384051184153054
8,2024,6,0,logistic_regression,0,0.258937837745998
8,2024,7,0,logistic_regression,0,0.2870431429570204
8,2024,8,0,logistic_regression,0,0.3423947313172025
8,2024,9,0,logistic_regression,0,0.4261092700594829
8,2024,11,0,logistic_regression,0,0.2588541393928169
8,2024,12,0,logistic_regression,0,0.22920239191913044
9,2023,11,0,logistic_regression,0,0.4293761481425699
9,2023,12,0,logistic_regression,0,0.4185952563268157
9,2024,1,0,logistic_regression,0,0.47715003506840853
9,2024,2,1,logistic_regression,0,0.31384973723746223
9,2024,3,0,logistic_regression,0,0.25815181950974847
9,2024,4,0,logistic_regression,0,0.3660579347171075
9,2024,5,0,logistic_regression,0,0.14437338188619606
9,2024,6,0,logistic_regression,0,0.3594824743823835
9,2024,7,0,logistic_regression,0,0.32695352843312997
9,2024,8,0,logistic_regression,0,0.39727428423677325
9,2024,9,0,logistic_regression,1,0.5381407505366437
9,2024,11,0,logistic_regression,0,0.31058098779921567
9,2024,12,0,logistic_regression,0,0.267131644176627
10,2023,11,0,logistic_regression,0,0.34545944449260185
10,2023,12,0,logistic_regression,0,0.37208295555915377
10,2024,1,0,logistic_regression,0,0.3927959991842736
10,2024,2,0,logistic_regression,0,0.24532373902165064
10,2024,3,0,logistic_regression,0,0.19715837861220226
10,2024,4,0,logistic_regression,0,0.3193755314937552
10,2024,5,0,logistic_regression,0,0.17732247040429605
10,2024,6,0,logistic_regression,0,0.31337249611324813
10,2024,7,1,logistic_regression,0,0.34554913454341935
10,2024,8,0,logistic_regression,0,0.44167238386133784
10,2024,9,0,logistic_regression,1,0.5160091407095353
10,2024,11,0,logistic_regression,0,0.27281558024597696
10,2024,12,0,logistic_regression,0,0.24573685814164684
11,2023,11,0,logistic_regression,0,0.3596173838103988
11,2023,12,0,logistic_regression,0,0.39488538684225205
11,2024,1,0,logistic_regression,0,0.4089938151599178
11,2024,2,0,logistic_regression,0,0.25289979191723105
11,2024,3,0,logistic_regression,0,0.2089461054463938
11,2024,4,0,logistic_regression,0,0.34498004953226546
11,2024,5,0,logistic_regression,0,0.20403933753223796
11,2024,6,0,logistic_regression,0,0.3494404982263222
11,2024,7,1,logistic_regression,0,0.3909086729872278
11,2024,8,0,logistic_regression,0,0.4745176949753171
11,2024,9,0,logistic_regression,1,0.5657933003790597
11,2024,11,0,logistic_regression,0,0.29953055995664285
11,2024,12,0,logistic_regression,0,0.26608921264725605
12,2024,8,0,logistic_regression,1,0.8930639860451123
12,2024,9,1,logistic_regression,1,0.8983963559088259
12,2024,11,1,logistic_regression,1,0.7118008894216817
12,2024,12,0,logistic_regression,1,0.80799237901487
13,2023,11,1,logistic_regression,1,0.6310130574932418
13,2023,12,1,logistic_regression,1,0.650964194528472
13,2024,1,0,logistic_regression,1,0.6623970050626345
13,2024,2,0,logistic_regression,1,0.5846552117249538
13,2024,3,0,logistic_regression,1,0.5433540778816485
13,2024,4,0,logistic_regression,1,0.6147899989998001
13,2024,5,0,logistic_regression,0,0.4601759991299546
13,2024,6,1,logistic_regression,1,0.6894750328960001
13,2024,7,0,logistic_regression,1,0.6461168480620727
13,2024,8,0,logistic_regression,1,0.7571402377710859
13,2024,9,0,logistic_regression,1,0.8162592309762342
13,2024,11,1,logistic_regression,1,0.6246292208301328
13,2024,12,0,logistic_regression,1,0.5333758974785845
14,2023,11,0,logistic_regression,0,0.4261204026926047
14,2023,12,1,logistic_regression,0,0.36013347191880013
14,2024,1,0,logistic_regression,1,0.5036603052846009
14,2024,2,0,logistic_regression,0,0.362505041891731
14,2024,3,0,logistic_regression,0,0.24589306686375145
14,2024,4,0,logistic_regression,0,0.40061551299204035
14,2024,5,0,logistic_regression,0,0.11798728071754118
14,2024,6,0,logistic_regression,0,0.3687212588039524
14,2024,7,0,logistic_regression,0,0.4348384065264654
14,2024,8,0,logistic_regression,0,0.46452522745425334
14,2024,9,0,logistic_regression,1,0.5132374284864328
14,2024,11,0,logistic_regression,0,0.3495431409565987
14,2024,12,0,logistic_regression,0,0.313753543053167
15,2023,11,0,logistic_regression,1,0.5315568540600796
15,2023,12,0,logistic_regression,1,0.6622890995729764
15,2024,1,1,logistic_regression,1,0.6428724483612033
15,2024,2,1,logistic_regression,0,0.4991186497816029
15,2024,3,0,logistic_regression,0,0.3843308465055421
15,2024,4,1,logistic_regression,1,0.5487676345817044
15,2024,5,0,logistic_regression,0,0.44249183844128587
15,2024,6,0,logistic_regression,1,0.6914106820576131
15,2024,7,0,logistic_regression,1,0.6340518848470037
15,2024,8,1,logistic_regression,1,0.791370547483001
15,2024,9,1,logistic_regression,1,0.6983933969188754
15,2024,11,0,logistic_regression,1,0.5067847802928039
15,2024,12,0,logistic_regression,1,0.5417293653801821
16,2023,11,1,logistic_regression,1,0.6047619763961462
16,2023,12,0,logistic_regression,1,0.6882710422619625
16,2024,1,0,logistic_regression,1,0.6901386252226175
16,2024,2,0,logistic_regression,1,0.5552336106031459
16,2024,3,0,logistic_regression,0,0.48552131280438354
16,2024,4,1,logistic_regression,1,0.6299184402683023
16,2024,5,1,logistic_regression,0,0.4939775022754611
16,2024,6,1,logistic_regression,1,0.6828208632875629
16,2024,7,0,logistic_regression,1,0.6290066396461945
16,2024,8,1,logistic_regression,1,0.7338371823955657
16,2024,9,1,logistic_regression,1,0.750209993250228
16,2024,11,0,logistic_regression,1,0.6019981642807256
16,2024,12,0,logistic_regression,1,0.5698485312521353
17,2023,11,1,logistic_regression,1,0.6879263121572138
17,2023,12,0,logistic_regression,1,0.7701182166604841
17,2024,1,0,logistic_regression,1,0.7681972322379401
17,2024,2,0,logistic_regression,1,0.6316297521771
17,2024,3,0,logistic_regression,1,0.6443615747232916
17,2024,4,1,logistic_regression,1,0.7288599625532711
17,2024,5,1,logistic_regression,1,0.6612676484079976
17,2024,6,1,logistic_regression,1,0.7910678657433308
17,2024,7,0,logistic_regression,1,0.7263376357357957
17,2024,8,1,logistic_regression,1,0.8172939785998043
17,2024,9,1,logistic_regression,1,0.8469573227102174
17,2024,11,0,logistic_regression,1,0.7016460344110381
17,2024,12,0,logistic_regression,1,0.6922180318072113
18,2023,11,0,logistic_regression,1,0.5511640200299295
18,2023,12,0,logistic_regression,1,0.6752013897818385
18,2024,1,1,logistic_regression,1,0.6595728668140712
18,2024,2,1,logistic_regression,1,0.5085535133545979
18,2024,3,0,logistic_regression,0,0.40618752163107374
18,2024,4,1,logistic_regression,1,0.5676765696942664
18,2024,5,0,logistic_regression,0,0.47641093465337003
18,2024,6,0,logistic_regression,1,0.7137214387807056
18,2024,7,0,logistic_regression,1,0.6560539211496901
18,2024,8,1,logistic_regression,1,0.8168990272993731
18,2024,9,1,logistic_regression,1,0.7151732753077351
18,2024,11,0,logistic_regression,1,0.5267661723173573
18,2024,12,0,logistic_regression,1,0.5603221019000587
19,2023,11,0,logistic_regression,0,0.3874875618347253
19,2023,12,0,logistic_regression,0,0.406759818029834
19,2024,1,0,logistic_regression,0,0.43663162893839336
19,2024,2,0,logistic_regression,0,0.3128211701340185
19,2024,3,0,logistic_regression,0,0.24083789858691373
19,2024,4,0,logistic_regression,0,0.35033136761798633
19,2024,5,0,logistic_regression,0,0.22396991696917568
19,2024,6,0,logistic_regression,0,0.39315782131182325
19,2024,7,1,logistic_regression,0,0.4317911378594454
19,2024,8,0,logistic_regression,1,0.5473867455530638
19,2024,9,0,logistic_regression,1,0.6014339766973059
19,2024,11,0,logistic_regression,0,0.330830778701329
19,2024,12,0,logistic_regression,0,0.2878489415520286
20,2023,11,0,logistic_regression,1,0.6204760325082007
20,2023,12,0,logistic_regression,1,0.7231532371799025
20,2024,1,0,logistic_regression,1,0.6849815426480179
20,2024,2,0,logistic_regression,1,0.6108058670014073
20,2024,3,0,logistic_regression,1,0.5217044081398527
20,2024,4,0,logistic_regression,1,0.6365325859325969
20,2024,5,0,logistic_regression,1,0.6352174038619942
20,2024,6,0,logistic_regression,0,6.864762145817458e-05
20,2024,7,0,logistic_regression,1,0.6545954672158419
20,2024,8,0,logistic_regression,1,0.8276587552447032
20,2024,9,0,logistic_regression,1,0.8041484670801248
20,2024,11,0,logistic_regression,1,0.6157049143267278
20,2024,12,0,logistic_regression,1,0.5156736276031527
21,2023,11,0,logistic_regression,0,0.44858160001311065
21,2023,12,0,logistic_regression,0,0.40505610417572024
21,2024,1,0,logistic_regression,1,0.5270490012016182
21,2024,2,0,logistic_regression,0,0.38166640123118567
21,2024,3,0,logistic_regression,0,0.2773699950459793
21,2024,4,0,logistic_regression,0,0.4209423026117584
21,2024,5,0,logistic_regression,0,0.16208516050127886
21,2024,6,0,logistic_regression,0,0.41199997304348823
21,2024,7,0,logistic_regression,0,0.46782308548593066
21,2024,8,0,logistic_regression,1,0.5263889490788697
21,2024,9,0,logistic_regression,1,0.5805312760341279
21,2024,11,0,logistic_regression,0,0.39825872044450067
21,2024,12,0,logistic_regression,0,0.32898400090725455
22,2023,11,0,logistic_regression,1,0.6320546297367241
22,2023,12,1,logistic_regression,1,0.6354015484888454
22,2024,1,1,logistic_regression,1,0.6823964583678123
22,2024,2,0,logistic_regression,1,0.5067350133978851
22,2024,3,0,logistic_regression,0,0.4116613348294001
22,2024,4,1,logistic_regression,1,0.5721158721780331
22,2024,5,0,logistic_regression,0,0.2664212708046507
22,2024,6,1,logistic_regression,1,0.5016513195923783
22,2024,7,0,logistic_regression,0,0.49750406241874284
22,2024,8,0,logistic_regression,1,0.6549218260974266
22,2024,9,0,logistic_regression,1,0.7166306098296878
22,2024,11,0,logistic_regression,1,0.5479352826045476
22,2024,12,0,logistic_regression,0,0.49140564676504067
23,2023,11,0,logistic_regression,1,0.7091640070299239
23,2023,12,1,logistic_regression,1,0.7126007315529937
23,2024,1,1,logistic_regression,1,0.7587320341967536
23,2024,2,1,logistic_regression,1,0.5989540301280945
23,2024,3,0,logistic_regression,1,0.5207310648794186
23,2024,4,1,logistic_regression,1,0.663800340954099
23,2024,5,0,logistic_regression,0,0.36974108029235764
23,2024,6,1,logistic_regression,1,0.6057529966987147
23,2024,7,0,logistic_regression,1,0.605723234220643
23,2024,8,0,logistic_regression,1,0.7346777063486928
23,2024,9,1,logistic_regression,1,0.797084912668205
23,2024,11,0,logistic_regression,1,0.6482386034490877
23,2024,12,0,logistic_regression,1,0.591866565166862
24,2023,11,0,logistic_regression,1,0.6188604765728971
24,2023,12,1,logistic_regression,1,0.6157363865883275
24,2024,1,1,logistic_regression,1,0.6778821774545485
24,2024,2,0,logistic_regression,1,0.5027862099024948
24,2024,3,0,logistic_regression,0,0.3836867213569428
24,2024,4,1,logistic_regression,1,0.5336229353442958
24,2024,5,0,logistic_regression,0,0.24195047882509052
24,2024,6,1,logistic_regression,0,0.4523113141512835
24,2024,7,0,logistic_regression,0,0.46742775218678356
24,2024,8,0,logistic_regression,1,0.5938185395662995
24,2024,9,1,logistic_regression,1,0.6850809092223223
24,2024,11,0,logistic_regression,1,0.5230509947902532
24,2024,12,0,logistic_regression,0,0.47808834753330365
25,2023,11,1,logistic_regression,1,0.543483563104916
25,2023,12,0,logistic_regression,0,0.4442096200740735
25,2024,1,1,logistic_regression,1,0.5607729469281387
25,2024,2,1,logistic_regression,0,0.4002618605695072
25,2024,3,0,logistic_regression,0,0.33004428166207705
25,2024,4,0,logistic_regression,0,0.4677411211616693
25,2024,5,1,logistic_regression,0,0.20363284977142915
25,2024,6,1,logistic_regression,0,0.49556609595999107
25,2024,7,0,logistic_regression,1,0.506893032820537
25,2024,8,1,logistic_regression,1,0.6007693733247147
25,2024,9,1,logistic_regression,1,0.6537925345827055
25,2024,11,0,logistic_regression,0,0.48488100451041083
25,2024,12,0,logistic_regression,0,0.439678670275818
26,2023,11,0,logistic_regression,1,0.56476577564495
26,2023,12,0,logistic_regression,1,0.569855887199265
26,2024,1,0,logistic_regression,1,0.5870558040213187
26,2024,2,0,logistic_regression,0,0.4804222180341497
26,2024,3,0,logistic_regression,0,0.3840511275187665
26,2024,4,0,logistic_regression,1,0.6008729964731698
26,2024,5,0,logistic_regression,0,0.32344899190949
26,2024,6,0,logistic_regression,1,0.519923209952165
26,2024,7,0,logistic_regression,0,0.4783291465612373
26,2024,8,0,logistic_regression,1,0.6480512724493342
26,2024,9,0,logistic_regression,1,0.7226963448056507
26,2024,11,0,logistic_regression,0,0.4258594626342831
26,2024,12,0,logistic_regression,0,0.36939236306391465
27,2023,11,0,logistic_regression,0,0.3834482029521861
27,2023,12,0,logistic_regression,0,0.4124735339258765
27,2024,1,0,logistic_regression,0,0.44410662185051286
27,2024,2,0,logistic_regression,0,0.31159766638042935
27,2024,3,0,logistic_regression,0,0.2208371974531924
27,2024,4,0,logistic_regression,0,0.3654525170475519
27,2024,5,0,logistic_regression,0,0.18818687587558885
27,2024,6,0,logistic_regression,0,0.30211183353121246
27,2024,7,0,logistic_regression,0,0.2881506782193161
27,2024,8,0,logistic_regression,0,0.42446758713635596
27,2024,9,1,logistic_regression,0,0.49913165155474976
27,2024,11,0,logistic_regression,0,0.26942590369409786
27,2024,12,0,logistic_regression,0,0.21666758853540377
28,2023,11,0,logistic_regression,0,0.4185160014439427
28,2023,12,0,logistic_regression,0,0.4225810038467003
28,2024,1,0,logistic_regression,0,0.4983605625209529
28,2024,2,0,logistic_regression,0,0.3403483467662655
28,2024,3,0,logistic_regression,0,0.21742353230043976
28,2024,4,0,logistic_regression,0,0.36504795544600804
28,2024,5,0,logistic_regression,0,0.11492258202354295
28,2024,6,0,logistic_regression,0,0.30015814437392846
28,2024,7,0,logistic_regression,0,0.35255255602098934
28,2024,8,0,logistic_regression,0,0.4130838022105964
28,2024,9,0,logistic_regression,0,0.4550877640731046
28,2024,11,0,logistic_regression,0,0.36162517849404024
28,2024,12,0,logistic_regression,0,0.35701781971596314
29,2023,11,0,logistic_regression,0,0.48998651227509993
29,2023,12,0,logistic_regression,0,0.4477305331303886
29,2024,1,0,logistic_regression,1,0.6002074857452432
29,2024,2,0,logistic_regression,0,0.4203005160864179
29,2024,3,0,logistic_regression,0,0.2940852379655626
29,2024,4,0,logistic_regression,0,0.44650871621370536
29,2024,5,0,logistic_regression,0,0.1507714060650736
29,2024,6,0,logistic_regression,0,0.42007071231960585
29,2024,7,0,logistic_regression,0,0.4558116853451026
29,2024,8,0,logistic_regression,0,0.49402656373192155
29,2024,9,0,logistic_regression,1,0.5655061788089069
29,2024,11,0,logistic_regression,1,0.5378503174625385
29,2024,12,0,logistic_regression,1,0.7532880186294005
30,2023,11,0,logistic_regression,0,0.3564665501366535
30,2023,12,0,logistic_regression,0,0.3416818168818637
30,2024,1,0,logistic_regression,0,0.44631669632436166
30,2024,2,0,logistic_regression,0,0.3086546404953835
30,2024,3,0,logistic_regression,0,0.24697874079861215
30,2024,4,0,logistic_regression,0,0.3555308210286756
30,2024,5,0,logistic_regression,0,0.15743906957390708
30,2024,6,0,logistic_regression,0,0.3779311669392713
30,2024,7,0,logistic_regression,0,0.3523164665760732
30,2024,8,0,logistic_regression,0,0.45644664610461194
30,2024,9,0,logistic_regression,1,0.5967830015850581
30,2024,11,0,logistic_regression,0,0.3359271658346554
30,2024,12,0,logistic_regression,0,0.26619686764584355
31,2023,11,0,logistic_regression,0,0.30320019205755483
31,2023,12,0,logistic_regression,0,0.30824361803862027
31,2024,1,0,logistic_regression,0,0.4034910639789301
31,2024,2,0,logistic_regression,0,0.26616324876811326
31,2024,3,0,logistic_regression,0,0.18038693379507947
31,2024,4,0,logistic_regression,0,0.3050183265460959
31,2024,5,0,logistic_regression,0,0.10472607159126227
31,2024,6,0,logistic_regression,0,0.27841509999645236
31,2024,7,0,logistic_regression,0,0.2826774628717826
31,2024,8,0,logistic_regression,0,0.4022936784162869
31,2024,9,0,logistic_regression,0,0.4735061525011892
31,2024,11,0,logistic_regression,0,0.28075125900706344
31,2024,12,0,logistic_regression,0,0.2225195516717987
32,2023,11,0,logistic_regression,0,0.3546859003086111
32,2023,12,0,logistic_regression,0,0.34304410507860195
32,2024,1,0,logistic_regression,0,0.45915773746268157
32,2024,2,0,logistic_regression,0,0.3127626021289633
32,2024,3,0,logistic_regression,0,0.21966585483647175
32,2024,4,0,logistic_regression,0,0.35274841978579496
32,2024,5,0,logistic_regression,0,0.12372397492208899
32,2024,6,0,logistic_regression,0,0.3076141321699409
32,2024,7,0,logistic_regression,0,0.27430308240031104
32,2024,8,0,logistic_regression,0,0.3733763263793933
32,2024,9,0,logistic_regression,1,0.5147871163596913
32,2024,11,0,logistic_regression,0,0.314207354126102
32,2024,12,0,logistic_regression,0,0.288118266755276
33,2023,11,0,logistic_regression,0,0.3741827096448323
33,2023,12,0,logistic_regression,0,0.3604376528410186
33,2024,1,0,logistic_regression,0,0.4709039586970261
33,2024,2,0,logistic_regression,0,0.3341390997707302
33,2024,3,0,logistic_regression,0,0.23337356131434206
33,2024,4,0,logistic_regression,0,0.3764608407977562
33,2024,5,0,logistic_regression,0,0.13179463961739854
33,2024,6,0,logistic_regression,0,0.31953308760023846
33,2024,7,0,logistic_regression,0,0.2987386292116574
33,2024,8,0,logistic_regression,0,0.3959723990093134
33,2024,9,0,logistic_regression,1,0.5155903220332738
33,2024,11,0,logistic_regression,0,0.3335233786525554
33,2024,12,0,logistic_regression,0,0.305730108849508
34,2023,11,0,logistic_regression,0,0.39627597471618753
34,2023,12,0,logistic_regression,0,0.4002989864948479
34,2024,1,0,logistic_regression,0,0.4805120376117386
34,2024,2,0,logistic_regression,0,0.32187123103214954
34,2024,3,0,logistic_regression,0,0.20047461377857023
34,2024,4,0,logistic_regression,0,0.37166462714700516
34,2024,5,0,logistic_regression,0,0.10388245199093092
34,2024,6,0,logistic_regression,0,0.2751056740124764
34,2024,7,0,logistic_regression,0,0.3199175351713453
34,2024,8,0,logistic_regression,0,0.3771732379547953
34,2024,9,0,logistic_regression,0,0.42964502956573525
34,2024,11,0,logistic_regression,0,0.3362445108904956
34,2024,12,0,logistic_regression,0,0.3438085878113689
35,2023,11,0,logistic_regression,0,0.3578815635932189
35,2023,12,0,logistic_regression,0,0.29226084445110456
35,2024,1,0,logistic_regression,0,0.43653657815742086
35,2024,2,0,logistic_regression,0,0.28836476818273993
35,2024,3,0,logistic_regression,0,0.2031478236315622
35,2024,4,0,logistic_regression,0,0.33988223270467244
35,2024,5,0,logistic_regression,0,0.11791154724880314
35,2024,6,0,logistic_regression,0,0.4019098632849213
35,2024,7,0,logistic_regression,0,0.4141116966788142
35,2024,8,0,logistic_regression,0,0.49505583650240004
35,2024,9,0,logistic_regression,0,0.4891718534920234
35,2024,11,0,logistic_regression,0,0.318134042739618
35,2024,12,0,logistic_regression,0,0.26115022329629506
36,2023,11,0,logistic_regression,0,0.3205698665145317
36,2023,12,0,logistic_regression,0,0.26335676139484
36,2024,1,0,logistic_regression,0,0.4076778210484231
36,2024,2,0,logistic_regression,0,0.25720274008044935
36,2024,3,0,logistic_regression,0,0.18260055783377663
36,2024,4,0,logistic_regression,0,0.2970271225692597
36,2024,5,0,logistic_regression,0,0.10351218432904
36,2024,6,0,logistic_regression,0,0.22163386160687665
36,2024,7,0,logistic_regression,0,0.29549514740336197
36,2024,8,0,logistic_regression,0,0.374910870592363
36,2024,9,0,logistic_regression,0,0.4206739583394345
36,2024,11,0,logistic_regression,0,0.28095023883807807
36,2024,12,0,logistic_regression,0,0.3112629323678523
37,2023,11,0,logistic_regression,0,0.48543740594900964
37,2023,12,0,logistic_regression,0,0.4564101593546015
37,2024,1,0,logistic_regression,1,0.5448589149704867
37,2024,2,1,logistic_regression,0,0.36883873860327593
37,2024,3,0,logistic_regression,0,0.28422619074341504
37,2024,4,0,logistic_regression,0,0.4433970768629644
37,2024,5,1,logistic_regression,0,0.1419716281184499
37,2024,6,0,logistic_regression,0,0.4177672961596315
37,2024,7,0,logistic_regression,0,0.4457867203279615
37,2024,8,0,logistic_regression,1,0.5253390180484022
37,2024,9,0,logistic_regression,1,0.5529605295211499
37,2024,11,0,logistic_regression,0,0.4444994456230898
37,2024,12,0,logistic_regression,0,0.4135711993418463
38,2023,11,0,logistic_regression,0,0.435170709087801
38,2023,12,0,logistic_regression,0,0.407522316923779
38,2024,1,0,logistic_regression,1,0.500107446357965
38,2024,2,1,logistic_regression,0,0.3109106580743905
38,2024,3,0,logistic_regression,0,0.2642690843918034
38,2024,4,0,logistic_regression,0,0.41090300595264667
38,2024,5,1,logistic_regression,0,0.13760293002074298
38,2024,6,0,logistic_regression,0,0.40674057988500806
38,2024,7,0,logistic_regression,0,0.42346735850459516
38,2024,8,0,logistic_regression,1,0.5264103607104871
38,2024,9,0,logistic_regression,1,0.5253033948295894
38,2024,11,0,logistic_regression,0,0.39825501882579956
38,2024,12,0,logistic_regression,0,0.36513396134019394
39,2023,11,0,logistic_regression,0,0.28234694392297083
39,2023,12,0,logistic_regression,0,0.2391481434824897
39,2024,1,0,logistic_regression,0,0.3337063523070076
39,2024,2,0,logistic_regression,0,0.2036859412995829
39,2024,3,0,logistic_regression,0,0.15633301823493884
39,2024,4,0,logistic_regression,0,0.239252257243311
39,2024,5,0,logistic_regression,0,0.06636971385833072
39,2024,6,0,logistic_regression,0,0.24133476719548186
39,2024,7,0,logistic_regression,0,0.24515256772438104
39,2024,8,0,logistic_regression,0,0.34404844880507224
39,2024,9,0,logistic_regression,0,0.3370755609136622
39,2024,11,0,logistic_regression,0,0.22295368586706846
39,2024,12,0,logistic_regression,0,0.21609694731621676
40,2023,11,0,logistic_regression,0,0.28286943561215167
40,2023,12,0,logistic_regression,0,0.24257592778077844
40,2024,1,0,logistic_regression,0,0.34522371212883435
40,2024,2,0,logistic_regression,0,0.21644587961132283
40,2024,3,0,logistic_regression,0,0.16726395382553874
40,2024,4,0,logistic_regression,0,0.25786500894288994
40,2024,5,0,logistic_regression,0,0.07107878550699823
40,2024,6,0,logistic_regression,0,0.2675059388558388
40,2024,7,0,logistic_regression,0,0.27170374706119443
40,2024,8,0,logistic_regression,0,0.37506527974441795
40,2024,9,0,logistic_regression,0,0.3746063587619061
40,2024,11,0,logistic_regression,0,0.23311422448432176
40,2024,12,0,logistic_regression,0,0.22659822091929313
41,2023,11,0,logistic_regression,1,0.5121268721908389
41,2023,12,1,logistic_regression,1,0.5563621394630308
41,2024,1,0,logistic_regression,1,0.7542224282654908
41,2024,2,1,logistic_regression,0,0.42696219368184923
41,2024,3,1,logistic_regression,0,0.29848433398746876
41,2024,4,0,logistic_regression,0,0.47979656592759823
41,2024,5,0,logistic_regression,0,0.16422750575385586
41,2024,6,0,logistic_regression,0,0.4346167833734227
41,2024,7,0,logistic_regression,0,0.42530386981411983
41,2024,8,0,logistic_regression,1,0.5261939664870082
41,2024,9,0,logistic_regression,1,0.596726043116972
41,2024,11,0,logistic_regression,0,0.4387114555935364
41,2024,12,0,logistic_regression,0,0.43460881328686457
42,2023,11,0,logistic_regression,0,0.49322768417829044
42,2023,12,1,logistic_regression,0,0.43458386089666917
42,2024,1,0,logistic_regression,1,0.5850011532581757
42,2024,2,1,logistic_regression,0,0.4211385175656895
42,2024,3,1,logistic_regression,0,0.2908595997367621
42,2024,4,0,logistic_regression,0,0.46043367973059207
42,2024,5,0,logistic_regression,0,0.15558319699454667
42,2024,6,0,logistic_regression,0,0.4254261734815622
42,2024,7,0,logistic_regression,0,0.41677934758941243
42,2024,8,0,logistic_regression,1,0.5148857916397904
42,2024,9,0,logistic_regression,1,0.5881623164619377
42,2024,11,0,logistic_regression,0,0.43227804882060156
42,2024,12,0,logistic_regression,0,0.42483820331268707
43,2023,11,1,logistic_regression,0,0.3281246052458507
43,2023,12,0,logistic_regression,0,0.2507988521694278
43,2024,1,0,logistic_regression,0,0.3729640136144339
43,2024,2,0,logistic_regression,0,0.24147053704159904
43,2024,3,0,logistic_regression,0,0.18730929367016344
43,2024,4,0,logistic_regression,0,0.3054179775767598
43,2024,5,0,logistic_regression,0,0.14918148221973637
43,2024,6,0,logistic_regression,0,0.3452064176543098
43,2024,7,0,logistic_regression,0,0.41465539529232603
43,2024,8,0,logistic_regression,1,0.5245327329019017
43,2024,9,0,logistic_regression,1,0.5206106690756074
43,2024,11,0,logistic_regression,0,0.3010304462349081
43,2024,12,0,logistic_regression,0,0.242337460450102
44,2023,11,1,logistic_regression,0,0.29473291583139555
44,2023,12,0,logistic_regression,0,0.22923310877960137
44,2024,1,0,logistic_regression,0,0.3520493178835547
44,2024,2,0,logistic_regression,0,0.23319911595089737
44,2024,3,0,logistic_regression,0,0.15716686039347955
44,2024,4,0,logistic_regression,0,0.27309870576605777
44,2024,5,0,logistic_regression,0,0.10253116332567903
44,2024,6,0,logistic_regression,0,0.2833909392302028
44,2024,7,0,logistic_regression,0,0.3266656998223917
44,2024,8,0,logistic_regression,0,0.3810825528402968
44,2024,9,0,logistic_regression,0,0.40798264671546497
44,2024,11,0,logistic_regression,0,0.2718948233511487
44,2024,12,0,logistic_regression,0,0.22708512184171534
45,2023,11,0,logistic_regression,0,0.4881711079900827
45,2023,12,0,logistic_regression,0,0.4185862494457789
45,2024,1,0,logistic_regression,1,0.5335830456427489
45,2024,2,0,logistic_regression,0,0.3507459828936813
45,2024,3,1,logistic_regression,0,0.26047607765521247
45,2024,4,0,logistic_regression,0,0.42105876271715204
45,2024,5,0,logistic_regression,0,0.14528381308423327
45,2024,6,0,logistic_regression,0,0.40692659582348556
45,2024,7,0,logistic_regression,0,0.41938065078696635
45,2024,8,1,logistic_regression,1,0.5213898080395584
45,2024,9,0,logistic_regression,1,0.5350201929075162
45,2024,11,0,logistic_regression,0,0.4321632732879602
45,2024,12,0,logistic_regression,0,0.41062762417491655
46,2023,11,0,logistic_regression,1,0.5028151709420049
46,2023,12,0,logistic_regression,0,0.43960114952440726
46,2024,1,0,logistic_regression,1,0.547484695131741
46,2024,2,0,logistic_regression,0,0.3666487563591565
46,2024,3,1,logistic_regression,0,0.283156301839378
46,2024,4,0,logistic_regression,0,0.43392716347983024
46,2024,5,0,logistic_regression,0,0.15426161457111187
46,2024,6,0,logistic_regression,0,0.42192080692609935
46,2024,7,0,logistic_regression,0,0.4345170886730505
46,2024,8,1,logistic_regression,1,0.5325082359542319
46,2024,9,0,logistic_regression,1,0.5433602111854788
46,2024,11,0,logistic_regression,0,0.44036206999027544
46,2024,12,0,logistic_regression,0,0.41726822958215715
47,2023,11,1,logistic_regression,1,0.7472286856734841
47,2023,12,0,logistic_regression,1,0.7534755453425831
47,2024,1,0,logistic_regression,1,0.7890677977085321
47,2024,2,0,logistic_regression,1,0.6848264347395305
47,2024,3,0,logistic_regression,1,0.5915897400982797
47,2024,4,0,logistic_regression,1,0.7767377850730928
47,2024,5,0,logistic_regression,1,0.579957601993362
47,2024,6,0,logistic_regression,1,0.6988087336303461
47,2024,7,0,logistic_regression,1,0.6491997466908874
47,2024,8,0,logistic_regression,1,0.753009900683716
47,2024,9,0,logistic_regression,1,0.782949824311822
47,2024,11,0,logistic_regression,1,0.5391959478754585
47,2024,12,0,logistic_regression,0,0.4496623703266132
48,2023,11,0,logistic_regression,0,0.32783913282434535
48,2023,12,0,logistic_regression,0,0.27274500095309395
48,2024,1,0,logistic_regression,0,0.3912342347097224
48,2024,2,0,logistic_regression,0,0.28234388834414675
48,2024,3,0,logistic_regression,0,0.21573903691048305
48,2024,4,0,logistic_regression,0,0.3673840374041065
48,2024,5,0,logistic_regression,0,0.14365301468395422
48,2024,6,0,logistic_regression,0,0.40109978667181706
48,2024,7,0,logistic_regression,0,0.47942192371554526
48,2024,8,0,logistic_regression,1,0.663306380584609
48,2024,9,1,logistic_regression,1,0.657839337309948
48,2024,11,0,logistic_regression,0,0.28379484355347795
48,2024,12,0,logistic_regression,0,0.25232995306764394
49,2023,11,0,logistic_regression,0,0.44225131948076557
49,2023,12,0,logistic_regression,0,0.4235239788377208
49,2024,1,0,logistic_regression,1,0.5764231028095977
49,2024,2,0,logistic_regression,0,0.43696061055447155
49,2024,3,0,logistic_regression,0,0.320680597026331
49,2024,4,0,logistic_regression,0,0.4706244950792764
49,2024,5,1,logistic_regression,0,0.17662568068833556
49,2024,6,1,logistic_regression,0,0.4804938199417481
49,2024,7,0,logistic_regression,1,0.5234154016742529
49,2024,8,0,logistic_regression,1,0.5874009354696201
49,2024,9,0,logistic_regression,1,0.6130070832006622
49,2024,11,0,logistic_regression,0,0.458287650155694
49,2024,12,0,logistic_regression,0,0.3627195917250175
50,2023,11,0,logistic_regression,1,0.5437889738540168
50,2023,12,0,logistic_regression,1,0.6656713740646891
50,2024,1,0,logistic_regression,1,0.634119413491972
50,2024,2,0,logistic_regression,1,0.5396305091164935
50,2024,3,0,logistic_regression,0,0.40290324557950197
50,2024,4,0,logistic_regression,1,0.5544835543728538
50,2024,5,0,logistic_regression,0,0.34189787514892084
50,2024,6,0,logistic_regression,1,0.5723884442564322
50,2024,7,0,logistic_regression,0,0.4818726569532939
50,2024,8,0,logistic_regression,1,0.7101495828209237
50,2024,9,0,logistic_regression,1,0.6726701605445919
50,2024,11,0,logistic_regression,0,0.4824520231290255
50,2024,12,0,logistic_regression,0,0.4593666374634322
51,2023,11,0,logistic_regression,1,0.5885160133010399
51,2023,12,0,logistic_regression,1,0.7028661710572909
51,2024,1,0,logistic_regression,1,0.6716873966788959
51,2024,2,0,logistic_regression,1,0.5846497029475424
51,2024,3,0,logistic_regression,1,0.5062668799087665
51,2024,4,0,logistic_regression,1,0.6205512455111708
51,2024,5,0,logistic_regression,0,0.390209201952276
51,2024,6,0,logistic_regression,1,0.7479208482243737
51,2024,7,0,logistic_regression,1,0.621245983297854
51,2024,8,0,logistic_regression,1,0.8467176887751515
51,2024,9,0,logistic_regression,1,0.8062740726750296
51,2024,11,0,logistic_regression,1,0.5258939624208567
51,2024,12,0,logistic_regression,1,0.5277987817864578
52,2023,11,0,logistic_regression,1,0.6384817059176411
52,2023,12,0,logistic_regression,1,0.6182948445356378
52,2024,1,1,logistic_regression,1,0.5717709915312239
52,2024,2,0,logistic_regression,0,0.4462022211169113
52,2024,3,0,logistic_regression,0,0.3914647825172067
52,2024,4,0,logistic_regression,1,0.5194972856784734
52,2024,5,1,logistic_regression,0,0.35755945687415225
52,2024,6,0,logistic_regression,1,0.5341866674283623
52,2024,7,0,logistic_regression,0,0.3843276463461477
52,2024,8,0,logistic_regression,1,0.6169623956698054
52,2024,9,1,logistic_regression,1,0.5742951862920574
52,2024,11,0,logistic_regression,0,0.3298989090824486
52,2024,12,0,logistic_regression,0,0.3071998967418242
53,2023,11,0,logistic_regression,0,0.32773085980783984
53,2023,12,0,logistic_regression,0,0.46363321500314325
53,2024,1,0,logistic_regression,0,0.3921454227693327
53,2024,2,0,logistic_regression,0,0.31265733383093824
53,2024,3,0,logistic_regression,0,0.1935770465314481
53,2024,4,0,logistic_regression,0,0.3181659917700727
53,2024,5,1,logistic_regression,0,0.16147603638207614
53,2024,6,0,logistic_regression,0,0.39429852220322587
53,2024,7,0,logistic_regression,0,0.28558176517518824
53,2024,8,0,logistic_regression,0,0.49275814234881765
53,2024,9,0,logistic_regression,0,0.45197080675776974
53,2024,11,0,logistic_regression,0,0.2636794340460665
53,2024,12,0,logistic_regression,0,0.23518295367352793
54,2023,11,0,logistic_regression,0,0.34406595732165923
54,2023,12,0,logistic_regression,0,0.45533878735570155
54,2024,1,0,logistic_regression,0,0.4260168480371913
54,2024,2,0,logistic_regression,0,0.334996649815351
54,2024,3,0,logistic_regression,0,0.22744793754943313
54,2024,4,0,logistic_regression,0,0.3525583928180931
54,2024,5,1,logistic_regression,0,0.19023664278857005
54,2024,6,0,logistic_regression,0,0.44842541704583566
54,2024,7,0,logistic_regression,0,0.3262938637035238
54,2024,8,0,logistic_regression,1,0.5620171864719042
54,2024,9,0,logistic_regression,0,0.48266631441741153
54,2024,11,0,logistic_regression,0,0.28397889367629897
54,2024,12,0,logistic_regression,0,0.2625210969987372
55,2023,11,0,logistic_regression,0,0.26519893351818874
55,2023,12,0,logistic_regression,0,0.33006593129833545
55,2024,1,0,logistic_regression,0,0.3156093868533173
55,2024,2,1,logistic_regression,0,0.21869961478295602
55,2024,3,0,logistic_regression,0,0.15711467957854028
55,2024,4,0,logistic_regression,0,0.25266107345554206
55,2024,5,0,logistic_regression,0,0.1336661792929575
55,2024,6,0,logistic_regression,0,0.33462093162047507
55,2024,7,0,logistic_regression,0,0.23429303020958947
55,2024,8,0,logistic_regression,0,0.4115329054619061
55,2024,9,0,logistic_regression,0,0.35925983003560213
55,2024,11,0,logistic_regression,0,0.21186737087085786
55,2024,12,0,logistic_regression,0,0.1953386410415623
56,2023,11,0,logistic_regression,0,0.26844397880875953
56,2023,12,0,logistic_regression,0,0.3341484109538187
56,2024,1,0,logistic_regression,0,0.3154477389047582
56,2024,2,1,logistic_regression,0,0.2178173328698799
56,2024,3,0,logistic_regression,0,0.15552943747268935
56,2024,4,0,logistic_regression,0,0.2572914378550584
56,2024,5,0,logistic_regression,0,0.14009181693915282
56,2024,6,0,logistic_regression,0,0.34137539692916885
56,2024,7,0,logistic_regression,0,0.2547759464865072
56,2024,8,0,logistic_regression,0,0.4330523787271274
56,2024,9,0,logistic_regression,0,0.3781623937703144
56,2024,11,0,logistic_regression,0,0.2212892680201399
56,2024,12,0,logistic_regression,0,0.2042908846084109
57,2023,11,0,logistic_regression,0,0.28856773812189496
57,2023,12,0,logistic_regression,0,0.36790597377881956
57,2024,1,0,logistic_regression,0,0.37608780431738725
57,2024,2,0,logistic_regression,0,0.25148677465310965
57,2024,3,0,logistic_regression,0,0.18508064224858886
57,2024,4,0,logistic_regression,0,0.3182878187371892
57,2024,5,1,logistic_regression,0,0.17644320526279939
57,2024,6,0,logistic_regression,0,0.35031961400335726
57,2024,7,1,logistic_regression,0,0.3029911320055625
57,2024,8,0,logistic_regression,0,0.4228041081216488
57,2024,9,0,logistic_regression,0,0.4500979827429757
57,2024,11,0,logistic_regression,0,0.26495165268807996
57,2024,12,0,logistic_regression,0,0.2497781548777481
58,2023,11,0,logistic_regression,0,0.2798548825101002
58,2023,12,0,logistic_regression,0,0.3510690994121876
58,2024,1,0,logistic_regression,0,0.36178013578930257
58,2024,2,0,logistic_regression,0,0.23879982010017445
58,2024,3,0,logistic_regression,0,0.1695816571154442
58,2024,4,0,logistic_regression,0,0.29046624021565326
58,2024,5,1,logistic_regression,0,0.15952362955056712
58,2024,6,0,logistic_regression,0,0.3260639636386401
58,2024,7,1,logistic_regression,0,0.2697546329996341
58,2024,8,0,logistic_regression,0,0.39052826068489477
58,2024,9,0,logistic_regression,0,0.4213563405426121
58,2024,11,0,logistic_regression,0,0.2493852382966094
58,2024,12,0,logistic_regression,0,0.23540869643966036
59,2023,11,0,logistic_regression,0,0.33949708326319245
59,2023,12,0,logistic_regression,0,0.41471139219696374
59,2024,1,0,logistic_regression,0,0.42788269226833203
59,2024,2,0,logistic_regression,0,0.3084355613209243
59,2024,3,0,logistic_regression,0,0.2323256665296107
59,2024,4,1,logistic_regression,0,0.32770725115536076
59,2024,5,0,logistic_regression,0,0.16865787783365277
59,2024,6,0,logistic_regression,0,0.40233994902743764
59,2024,7,0,logistic_regression,0,0.33910319164299607
59,2024,8,0,logistic_regression,0,0.47810080155408613
59,2024,9,0,logistic_regression,1,0.5109535897876035
59,2024,11,0,logistic_regression,0,0.3222628035243189
59,2024,12,0,logistic_regression,0,0.30504863927904224
60,2023,11,0,logistic_regression,0,0.3303876705266031
60,2023,12,0,logistic_regression,0,0.4041213016978082
60,2024,1,0,logistic_regression,0,0.415672120442713
60,2024,2,0,logistic_regression,0,0.26172455336252887
60,2024,3,0,logistic_regression,0,0.16908763235477067
60,2024,4,1,logistic_regression,0,0.3368723848165513
60,2024,5,0,logistic_regression,0,0.19993208339122878
60,2024,6,0,logistic_regression,0,0.39125383112531964
60,2024,7,0,logistic_regression,0,0.32933791209427676
60,2024,8,0,logistic_regression,0,0.4632513122117457
60,2024,9,0,logistic_regression,1,0.5015941322259669
60,2024,11,0,logistic_regression,0,0.3154362494633462
60,2024,12,0,logistic_regression,0,0.29469335338617103
61,2023,11,0,logistic_regression,0,0.37738654198096844
61,2023,12,0,logistic_regression,0,0.482158927039382
61,2024,1,0,logistic_regression,0,0.47186192052024284
61,2024,2,0,logistic_regression,0,0.32446160686461567
61,2024,3,0,logistic_regression,0,0.25194956348770203
61,2024,4,0,logistic_regression,0,0.38968913353907314
61,2024,5,0,logistic_regression,0,0.25931722824241515
61,2024,6,0,logistic_regression,0,0.4357461250691794
61,2024,7,0,logistic_regression,0,0.38707332895280494
61,2024,8,0,logistic_regression,1,0.5227689012303753
61,2024,9,0,logistic_regression,1,0.533212621927048
61,2024,11,0,logistic_regression,0,0.3426344163860243
61,2024,12,0,logistic_regression,0,0.33442598095216985
62,2023,11,0,logistic_regression,0,0.3958454346165039
62,2023,12,0,logistic_regression,1,0.5013022090212932
62,2024,1,0,logistic_regression,0,0.49245168922373356
62,2024,2,0,logistic_regression,0,0.33810308585176035
62,2024,3,0,logistic_regression,0,0.2680030084775992
62,2024,4,0,logistic_regression,0,0.41258161531752097
62,2024,5,0,logistic_regression,0,0.27106457431512193
62,2024,6,0,logistic_regression,0,0.4640659572696703
62,2024,7,0,logistic_regression,0,0.3858973371277133
62,2024,8,0,logistic_regression,1,0.5184566604708651
62,2024,9,0,logistic_regression,1,0.55474490072244
62,2024,11,0,logistic_regression,0,0.3553221386872329
62,2024,12,0,logistic_regression,0,0.3464733560430021
63,2023,11,0,logistic_regression,0,0.39169371107728423
63,2023,12,0,logistic_regression,1,0.5001142270202702
63,2024,1,0,logistic_regression,0,0.47388793267694795
63,2024,2,0,logistic_regression,0,0.29797615385315124
63,2024,3,0,logistic_regression,0,0.2338585950564742
63,2024,4,0,logistic_regression,0,0.41958004833061663
63,2024,5,0,logistic_regression,0,0.3317050007600571
63,2024,6,1,logistic_regression,1,0.5354394817502817
63,2024,7,1,logistic_regression,1,0.6134568405777108
63,2024,8,0,logistic_regression,1,0.766485137924685
63,2024,9,0,logistic_regression,1,0.5405775752267632
63,2024,11,0,logistic_regression,0,0.3528414375156338
63,2024,12,1,logistic_regression,0,0.3895215052843597
64,2023,11,0,logistic_regression,0,0.3351109829623808
64,2023,12,0,logistic_regression,1,0.6071008151499637
64,2024,1,0,logistic_regression,1,0.595874591600615
64,2024,2,0,logistic_regression,0,0.4640390897785613
64,2024,3,0,logistic_regression,0,0.4800180853842963
64,2024,4,1,logistic_regression,1,0.771654710731349
64,2024,5,0,logistic_regression,1,0.8445697567098893
64,2024,6,1,logistic_regression,1,0.9384098305734094
64,2024,7,0,logistic_regression,1,0.9931412058350794
64,2024,8,0,logistic_regression,1,0.9981639478399069
64,2024,9,0,logistic_regression,1,0.9179144986977281
64,2024,11,0,logistic_regression,1,0.5514686573803157
64,2024,12,0,logistic_regression,1,0.5177164021305584
65,2023,11,0,logistic_regression,0,0.48147565146112936
65,2023,12,0,logistic_regression,0,0.48784638008646947
65,2024,1,0,logistic_regression,0,0.48681690193472243
65,2024,2,0,logistic_regression,0,0.31344225395458475
65,2024,3,0,logistic_regression,0,0.23875101520977324
65,2024,4,1,logistic_regression,0,0.41488795111837373
65,2024,5,0,logistic_regression,0,0.306191385086419
65,2024,6,1,logistic_regression,1,0.5191827262643339
65,2024,7,0,logistic_regression,1,0.5455169379052165
65,2024,8,0,logistic_regression,1,0.6649719801573593
65,2024,9,0,logistic_regression,1,0.509441721698055
65,2024,11,0,logistic_regression,0,0.3499509472202409
65,2024,12,1,logistic_regression,0,0.38191700992387234
66,2023,11,0,logistic_regression,0,0.37256775604805814
66,2023,12,0,logistic_regression,0,0.46683832841727724
66,2024,1,0,logistic_regression,0,0.45795800601228975
66,2024,2,0,logistic_regression,0,0.3026335264064425
66,2024,3,0,logistic_regression,0,0.25222174790419694
66,2024,4,0,logistic_regression,0,0.4624376614394369
66,2024,5,0,logistic_regression,0,0.4937503064530188
66,2024,6,1,logistic_regression,1,0.7003235959264492
66,2024,7,1,logistic_regression,1,0.8612508012131141
66,2024,8,0,logistic_regression,1,0.9316378852834077
66,2024,9,0,logistic_regression,1,0.6796578446460005
66,2024,11,0,logistic_regression,0,0.3520309173632004
66,2024,12,1,logistic_regression,0,0.37167023411091166
67,2023,11,0,logistic_regression,0,0.2824986234057852
67,2023,12,0,logistic_regression,0,0.3956691243982193
67,2024,1,0,logistic_regression,0,0.38682487707720953
67,2024,2,0,logistic_regression,0,0.2529776897376047
67,2024,3,0,logistic_regression,0,0.1932212726876554
67,2024,4,1,logistic_regression,0,0.33352745186562593
67,2024,5,0,logistic_regression,0,0.20975848627543792
67,2024,6,0,logistic_regression,0,0.3636290291795212
67,2024,7,0,logistic_regression,0,0.31316677870646514
67,2024,8,0,logistic_regression,0,0.43467728170145375
67,2024,9,0,logistic_regression,0,0.3972069923871733
67,2024,11,0,logistic_regression,0,0.28214308128935617
67,2024,12,0,logistic_regression,0,0.28362318214939836
68,2023,11,0,logistic_regression,0,0.27403317382170533
68,2023,12,0,logistic_regression,0,0.3793457295757759
68,2024,1,0,logistic_regression,0,0.37978632395337436
68,2024,2,0,logistic_regression,0,0.24526712258105748
68,2024,3,0,logistic_regression,0,0.19906475309499616
68,2024,4,1,logistic_regression,0,0.33021703966794635
68,2024,5,0,logistic_regression,0,0.22097925946359281
68,2024,6,0,logistic_regression,0,0.38756727400310353
68,2024,7,0,logistic_regression,0,0.3203766174337389
68,2024,8,0,logistic_regression,0,0.44625121810604473
68,2024,9,0,logistic_regression,0,0.4791600369349238
68,2024,11,0,logistic_regression,0,0.27992584661565145
68,2024,12,0,logistic_regression,0,0.26844167974765404
69,2023,11,0,logistic_regression,1,0.9298986207056179
69,2023,12,0,logistic_regression,1,0.9040085877648014
69,2024,1,1,logistic_regression,1,0.9199831048617604
69,2024,2,0,logistic_regression,1,0.8645748443555861
69,2024,3,1,logistic_regression,1,0.8708677487339853
69,2024,4,1,logistic_regression,1,0.9008142295333152
69,2024,5,1,logistic_regression,1,0.7869930097334171
69,2024,6,0,logistic_regression,1,0.8745625686147764
69,2024,7,0,logistic_regression,1,0.8483507335397338
69,2024,8,1,logistic_regression,1,0.9105575364415938
69,2024,9,1,logistic_regression,1,0.9595067588638024
69,2024,11,1,logistic_regression,1,0.9066715729282956
69,2024,12,0,logistic_regression,1,0.8403203594014657
70,2023,11,0,logistic_regression,1,0.5252160240108628
70,2023,12,0,logistic_regression,1,0.534096770131913
70,2024,1,0,logistic_regression,1,0.6096723140879478
70,2024,2,0,logistic_regression,0,0.43716996804713776
70,2024,3,0,logistic_regression,0,0.34231967206003705
70,2024,4,0,logistic_regression,1,0.5034067384508387
70,2024,5,0,logistic_regression,0,0.23438707389482738
70,2024,6,1,logistic_regression,0,0.44173494951465864
70,2024,7,0,logistic_regression,0,0.45023109552706964
70,2024,8,0,logistic_regression,1,0.5366445028292484
70,2024,9,0,logistic_regression,1,0.5624076793244757
70,2024,11,0,logistic_regression,0,0.44988689664306475
70,2024,12,0,logistic_regression,0,0.364987759096277
71,2023,11,0,logistic_regression,1,0.5353415567281459
71,2023,12,0,logistic_regression,1,0.5459882357398993
71,2024,1,0,logistic_regression,1,0.6175823675799285
71,2024,2,0,logistic_regression,0,0.44007703027463196
71,2024,3,0,logistic_regression,0,0.3367531447740615
71,2024,4,0,logistic_regression,0,0.4975870624322065
71,2024,5,0,logistic_regression,0,0.23640615186833866
71,2024,6,1,logistic_regression,0,0.44379233454071493
71,2024,7,0,logistic_regression,0,0.44595508307989074
71,2024,8,0,logistic_regression,1,0.5458355475782337
71,2024,9,0,logistic_regression,1,0.6277637457808469
71,2024,11,0,logistic_regression,0,0.43632573078496545
71,2024,12,0,logistic_regression,0,0.37698142308576427
72,2023,11,1,logistic_regression,0,0.41132538188982043
72,2023,12,0,logistic_regression,0,0.4289329179622451
72,2024,1,0,logistic_regression,0,0.466830702067987
72,2024,2,0,logistic_regression,0,0.28252733340591807
72,2024,3,0,logistic_regression,0,0.21601316729320277
72,2024,4,0,logistic_regression,0,0.3471742995567146
72,2024,5,0,logistic_regression,0,0.15978463490173891
72,2024,6,0,logistic_regression,0,0.30996583662227767
72,2024,7,0,logistic_regression,0,0.2603548671348021
72,2024,8,0,logistic_regression,0,0.37959126848923014
72,2024,9,0,logistic_regression,1,0.5039745016423438
72,2024,11,0,logistic_regression,0,0.32302914195693677
72,2024,12,0,logistic_regression,0,0.27854759722026273
73,2023,11,1,logistic_regression,1,0.6010684860106845
73,2023,12,0,logistic_regression,1,0.5768557460906003
73,2024,1,0,logistic_regression,1,0.7681205645520575
73,2024,2,0,logistic_regression,1,0.526436929950617
73,2024,3,0,logistic_regression,0,0.4521022372885485
73,2024,4,0,logistic_regression,1,0.6064266976465564
73,2024,5,0,logistic_regression,0,0.37018572245658143
73,2024,6,0,logistic_regression,1,0.6039022862088284
73,2024,7,0,logistic_regression,1,0.5386625854850058
73,2024,8,0,logistic_regression,1,0.680938767845411
73,2024,9,0,logistic_regression,1,0.7724862254111378
73,2024,11,0,logistic_regression,1,0.5456835739175322
73,2024,12,0,logistic_regression,0,0.44712368223987853
74,2023,11,0,logistic_regression,0,0.40261372045447136
74,2023,12,1,logistic_regression,0,0.4694961779924002
74,2024,1,0,logistic_regression,0,0.4790510496045163
74,2024,2,0,logistic_regression,0,0.3190913898112589
74,2024,3,0,logistic_regression,0,0.28063177608440454
74,2024,4,0,logistic_regression,0,0.36599032517615104
74,2024,5,0,logistic_regression,0,0.2682698977122134
74,2024,6,0,logistic_regression,0,0.45514197337261286
74,2024,7,0,logistic_regression,0,0.3643469000336857
74,2024,8,0,logistic_regression,0,0.48044167027305845
74,2024,9,0,logistic_regression,1,0.5689485951659232
74,2024,11,0,logistic_regression,0,0.35224407524187823
74,2024,12,0,logistic_regression,0,0.34980549490032425
75,2023,11,0,logistic_regression,0,0.4489518775797119
75,2023,12,1,logistic_regression,0,0.4989055509492945
75,2024,1,0,logistic_regression,1,0.5164674193760557
75,2024,2,0,logistic_regression,0,0.3500395972459478
75,2024,3,0,logistic_regression,0,0.32070727753837797
75,2024,4,0,logistic_regression,0,0.36340646421454975
75,2024,5,0,logistic_regression,0,0.30720509578459
75,2024,6,0,logistic_regression,0,0.4977535265551317
75,2024,7,0,logistic_regression,0,0.38274729712062994
75,2024,8,0,logistic_regression,1,0.5026000289927802
75,2024,9,0,logistic_regression,1,0.6045360463310862
75,2024,11,0,logistic_regression,0,0.3852147671621471
75,2024,12,0,logistic_regression,0,0.3719200517619699
76,2023,11,0,logistic_regression,0,0.41021671078028865
76,2023,12,0,logistic_regression,0,0.4291940867542005
76,2024,1,0,logistic_regression,0,0.4743977391891473
76,2024,2,0,logistic_regression,0,0.2890848553682723
76,2024,3,0,logistic_regression,0,0.22260288054607927
76,2024,4,0,logistic_regression,0,0.35457304582474214
76,2024,5,0,logistic_regression,0,0.16328877595407046
76,2024,6,0,logistic_regression,0,0.30268563195574416
76,2024,7,0,logistic_regression,0,0.25532749773926894
76,2024,8,0,logistic_regression,0,0.32866762506325176
76,2024,9,1,logistic_regression,0,0.49661358162181046
76,2024,11,0,logistic_regression,0,0.3187402524799613
76,2024,12,0,logistic_regression,0,0.27289684644464235
77,2023,11,1,logistic_regression,1,0.7154006863643614
77,2023,12,0,logistic_regression,1,0.7198372992776467
77,2024,1,0,logistic_regression,1,0.7495574744699451
77,2024,2,1,logistic_regression,1,0.5880096390837546
77,2024,3,0,logistic_regression,1,0.5077237394798558
77,2024,4,0,logistic_regression,1,0.661439668808241
77,2024,5,1,logistic_regression,0,0.4193900762388428
77,2024,6,1,logistic_regression,1,0.6253784830233623
77,2024,7,0,logistic_regression,1,0.5784906510205615
77,2024,8,0,logistic_regression,1,0.6978571365537423
77,2024,9,1,logistic_regression,1,0.7897829696094963
77,2024,11,1,logistic_regression,1,0.6348158256868028
77,2024,12,0,logistic_regression,0,0.4834315718308289
78,2023,11,1,logistic_regression,0,0.27811229578145685
78,2023,12,0,logistic_regression,0,0.3244152885957233
78,2024,1,0,logistic_regression,0,0.36500126569072294
78,2024,2,0,logistic_regression,0,0.22591296942356853
78,2024,3,0,logistic_regression,0,0.1493509851022451
78,2024,4,0,logistic_regression,0,0.2640323284718771
78,2024,5,0,logistic_regression,0,0.1266618113751957
78,2024,6,0,logistic_regression,0,0.2076853406293196
78,2024,7,0,logistic_regression,0,0.2116779133907146
78,2024,8,0,logistic_regression,0,0.2910903581652397
78,2024,9,0,logistic_regression,0,0.3758249256399585
78,2024,11,0,logistic_regression,0,0.20956863272129675
78,2024,12,0,logistic_regression,0,0.19446955937123442
79,2023,11,1,logistic_regression,0,0.3809514210203038
79,2023,12,0,logistic_regression,0,0.39884255292767923
79,2024,1,0,logistic_regression,0,0.4350342654653517
79,2024,2,0,logistic_regression,0,0.2793901696433897
79,2024,3,0,logistic_regression,0,0.2031311221345808
79,2024,4,0,logistic_regression,0,0.34141699034266926
79,2024,5,0,logistic_regression,0,0.17712365951485612
79,2024,6,0,logistic_regression,0,0.2894429581570532
79,2024,7,0,logistic_regression,0,0.28782504461253783
79,2024,8,0,logistic_regression,0,0.3901621473356609
79,2024,9,0,logistic_regression,0,0.47549562176098126
79,2024,11,0,logistic_regression,0,0.2637210943721602
79,2024,12,0,logistic_regression,0,0.24003335393423242
80,2023,11,0,logistic_regression,0,0.3074343813942835
80,2023,12,0,logistic_regression,0,0.376839442473588
80,2024,1,0,logistic_regression,0,0.4188583308110475
80,2024,2,0,logistic_regression,0,0.27169661753108065
80,2024,3,0,logistic_regression,0,0.16448376550119057
80,2024,4,0,logistic_regression,0,0.23817758492068689
80,2024,5,0,logistic_regression,1,0.5646363011331084
80,2024,12,0,logistic_regression,1,0.7590046940808012
81,2023,11,0,logistic_regression,0,0.34093355184771207
81,2023,12,0,logistic_regression,0,0.36707990656068396
81,2024,1,0,logistic_regression,0,0.41292504319364004
81,2024,2,0,logistic_regression,0,0.2704828744948026
81,2024,3,0,logistic_regression,0,0.1719135885434797
81,2024,4,0,logistic_regression,0,0.48502448082267885
81,2024,5,0,logistic_regression,0,0.13232853819900076
81,2024,6,0,logistic_regression,0,0.2325281715830354
81,2024,7,0,logistic_regression,0,0.23137021439172328
81,2024,8,0,logistic_regression,0,0.32738582110416203
81,2024,9,0,logistic_regression,0,0.3904538571969359
81,2024,11,0,logistic_regression,0,0.2265981672468995
81,2024,12,0,logistic_regression,0,0.18834963011433475
82,2023,11,0,logistic_regression,0,0.37218100378356483
82,2023,12,0,logistic_regression,0,0.3895114806164801
82,2024,1,1,logistic_regression,0,0.45014045240099904
82,2024,2,0,logistic_regression,0,0.27129286870760455
82,2024,3,0,logistic_regression,0,0.342628447052406
82,2024,4,0,logistic_regression,0,0.30325689517847076
82,2024,5,0,logistic_regression,0,0.13640767401476947
82,2024,6,0,logistic_regression,0,0.2395164124268561
82,2024,7,0,logistic_regression,0,0.22712352141988382
82,2024,8,0,logistic_regression,0,0.3624382580859413
82,2024,9,0,logistic_regression,0,0.3874298323253626
82,2024,11,0,logistic_regression,0,0.22887617162309848
82,2024,12,0,logistic_regression,0,0.20096860405399916
83,2023,11,0,logistic_regression,0,0.36921850549382096
83,2023,12,0,logistic_regression,0,0.38471561178939767
83,2024,1,1,logistic_regression,0,0.4454174394655239
83,2024,2,0,logistic_regression,0,0.26578611673874414
83,2024,3,0,logistic_regression,0,0.34148789238411975
83,2024,4,0,logistic_regression,0,0.445277680944787
83,2024,5,0,logistic_regression,0,0.12949926596817826
83,2024,6,0,logistic_regression,0,0.23019800764612933
83,2024,7,0,logistic_regression,0,0.22193421913424397
83,2024,8,0,logistic_regression,0,0.3537945449202461
83,2024,9,0,logistic_regression,0,0.3808608654284422
83,2024,11,0,logistic_regression,0,0.22829583938766623
83,2024,12,0,logistic_regression,0,0.19881406816958874
84,2023,11,0,logistic_regression,0,0.33837142672460224
84,2023,12,0,logistic_regression,0,0.41049582698941534
84,2024,1,0,logistic_regression,0,0.4275151559158531
84,2024,2,0,logistic_regression,0,0.29716601854499314
84,2024,3,0,logistic_regression,0,0.2437339447875709
84,2024,4,0,logistic_regression,0,0.37173452573165006
84,2024,5,0,logistic_regression,0,0.23791819696135263
84,2024,6,0,logistic_regression,0,0.4407201216348064
84,2024,7,1,logistic_regression,0,0.3941329585992857
84,2024,8,0,logistic_regression,1,0.5422979638586172
84,2024,9,0,logistic_regression,1,0.5176327444487288
84,2024,11,0,logistic_regression,0,0.31794210820905383
84,2024,12,0,logistic_regression,0,0.29036008533574365
85,2023,11,0,logistic_regression,0,0.3156764046830649
85,2023,12,0,logistic_regression,0,0.3407304602193057
85,2024,1,0,logistic_regression,0,0.3901880244753591
85,2024,2,0,logistic_regression,0,0.24347273151628857
85,2024,3,0,logistic_regression,0,0.1605536626131591
85,2024,4,0,logistic_regression,0,0.26664080555285896
85,2024,5,1,logistic_regression,0,0.12668132339845628
85,2024,6,0,logistic_regression,0,0.24441478376742534
85,2024,7,0,logistic_regression,0,0.14986129160158435
85,2024,8,0,logistic_regression,0,0.3232923767500542
85,2024,9,0,logistic_regression,0,0.3501123355282293
85,2024,11,0,logistic_regression,0,0.22700427069243637
85,2024,12,0,logistic_regression,0,0.2019680726477929
86,2023,11,0,logistic_regression,0,0.28926779918834766
86,2023,12,0,logistic_regression,0,0.3090901034224657
86,2024,1,0,logistic_regression,0,0.3584499219966612
86,2024,2,0,logistic_regression,0,0.21932309496768657
86,2024,3,0,logistic_regression,0,0.14153551740655457
86,2024,4,0,logistic_regression,0,0.26182812936376776
86,2024,5,1,logistic_regression,0,0.11628076132210019
86,2024,6,0,logistic_regression,0,0.21530904236156878
86,2024,7,0,logistic_regression,0,0.2086298185281361
86,2024,8,0,logistic_regression,0,0.2913597791941164
86,2024,9,0,logistic_regression,0,0.3435659191017446
86,2024,11,0,logistic_regression,0,0.19954152317070467
86,2024,12,0,logistic_regression,0,0.18208782270280024
87,2023,11,0,logistic_regression,0,0.4046548898439914
87,2023,12,0,logistic_regression,0,0.3999312382891599
87,2024,1,0,logistic_regression,0,0.49310870114795297
87,2024,2,0,logistic_regression,0,0.3097828645713027
87,2024,3,0,logistic_regression,0,0.27076960183354165
87,2024,4,0,logistic_regression,0,0.3620794050188859
87,2024,5,0,logistic_regression,0,0.13885438722810203
87,2024,6,0,logistic_regression,0,0.3511986565955143
87,2024,7,0,logistic_regression,0,0.33576938924113026
87,2024,8,0,logistic_regression,0,0.3880222601300554
87,2024,9,0,logistic_regression,1,0.5611288460376596
87,2024,11,0,logistic_regression,0,0.3415179912585494
87,2024,12,0,logistic_regression,0,0.2875943805686742
88,2023,11,0,logistic_regression,0,0.44606834167506804
88,2023,12,0,logistic_regression,0,0.4425618907059014
88,2024,1,0,logistic_regression,1,0.5250198474453436
88,2024,2,0,logistic_regression,0,0.35596214328547937
88,2024,3,0,logistic_regression,0,0.2655044336384213
88,2024,4,0,logistic_regression,0,0.3996490524593644
88,2024,5,1,logistic_regression,0,0.13993821090457867
88,2024,6,0,logistic_regression,0,0.39392878493433636
88,2024,7,0,logistic_regression,0,0.36896765531859316
88,2024,8,0,logistic_regression,0,0.4220570525507503
88,2024,9,0,logistic_regression,1,0.523133297291393
88,2024,11,1,logistic_regression,0,0.35319517917166393
88,2024,12,0,logistic_regression,0,0.3137842885695502
89,2023,11,0,logistic_regression,1,0.548615369157334
89,2023,12,0,logistic_regression,1,0.5274018305621834
89,2024,1,0,logistic_regression,1,0.6422223835384682
89,2024,2,0,logistic_regression,0,0.4591567410154154
89,2024,3,0,logistic_regression,0,0.41413966827239174
89,2024,4,0,logistic_regression,1,0.524497803316806
89,2024,5,1,logistic_regression,0,0.2706823988274495
89,2024,6,0,logistic_regression,1,0.5605539175675728
89,2024,7,0,logistic_regression,1,0.5359793701889536
89,2024,8,0,logistic_regression,1,0.6089862315074244
89,2024,9,0,logistic_regression,1,0.6894401416693199
89,2024,11,1,logistic_regression,0,0.4713505454016682
89,2024,12,0,logistic_regression,0,0.3939089492409405
90,2023,11,0,logistic_regression,0,0.404763218258375
90,2023,12,0,logistic_regression,0,0.4021874034067652
90,2024,1,0,logistic_regression,0,0.44949987482564224
90,2024,2,0,logistic_regression,0,0.2810970247303098
90,2024,3,0,logistic_regression,0,0.24242850734744237
90,2024,4,0,logistic_regression,0,0.37049986593187
90,2024,5,0,logistic_regression,0,0.12051153600376831
90,2024,6,0,logistic_regression,0,0.3668645233473654
90,2024,7,0,logistic_regression,0,0.3465468344113813
90,2024,8,0,logistic_regression,0,0.47231025821481437
90,2024,9,0,logistic_regression,0,0.48207875271952677
90,2024,11,0,logistic_regression,0,0.3232638292501815
90,2024,12,0,logistic_regression,0,0.25077687050971537
91,2023,11,0,logistic_regression,0,0.40426540129243504
91,2023,12,0,logistic_regression,0,0.404444212301104
91,2024,1,0,logistic_regression,0,0.4466322408680698
91,2024,2,0,logistic_regression,0,0.27774173478397285
91,2024,3,0,logistic_regression,0,0.23894661991571461
91,2024,4,0,logistic_regression,0,0.37105654670021015
91,2024,5,0,logistic_regression,0,0.11788241200139772
91,2024,6,0,logistic_regression,0,0.3614798154544744
91,2024,7,0,logistic_regression,0,0.3430019735989242
91,2024,8,0,logistic_regression,0,0.4767690429729152
91,2024,9,0,logistic_regression,0,0.4756810633784346
91,2024,11,0,logistic_regression,0,0.3207745054868865
91,2024,12,0,logistic_regression,0,0.24964402235548022
92,2023,11,0,logistic_regression,0,0.3279151371765213
92,2023,12,0,logistic_regression,0,0.30804434046926166
92,2024,1,0,logistic_regression,0,0.3601751686187616
92,2024,2,0,logistic_regression,0,0.22764263906932303
92,2024,3,0,logistic_regression,0,0.17577419362965171
92,2024,4,0,logistic_regression,0,0.3031500379806643
92,2024,5,0,logistic_regression,0,0.09943360990367499
92,2024,6,0,logistic_regression,0,0.2591218793014774
92,2024,7,0,logistic_regression,0,0.26585252207778665
92,2024,8,0,logistic_regression,0,0.3360221369419916
92,2024,9,0,logistic_regression,0,0.4160677502631543
92,2024,11,0,logistic_regression,0,0.2384612108254194
92,2024,12,0,logistic_regression,0,0.20496799515668285
93,2023,11,0,logistic_regression,0,0.32589436006101297
93,2023,12,0,logistic_regression,0,0.30744042766836305
93,2024,1,0,logistic_regression,0,0.36183752709347605
93,2024,2,0,logistic_regression,0,0.22776027408039318
93,2024,3,0,logistic_regression,0,0.17466249701708259
93,2024,4,0,logistic_regression,0,0.34305674347891546
93,2024,5,0,logistic_regression,0,0.10728062164771063
93,2024,6,0,logistic_regression,0,0.26224012237122973
93,2024,7,0,logistic_regression,0,0.27051378418399546
93,2024,8,0,logistic_regression,0,0.34498621278775954
93,2024,9,0,logistic_regression,0,0.41541710473859844
93,2024,11,0,logistic_regression,0,0.23807954742502904
93,2024,12,0,logistic_regression,0,0.20242448250776826
94,2023,11,0,logistic_regression,0,0.3572286105129724
94,2023,12,0,logistic_regression,0,0.34387155859409596
94,2024,1,0,logistic_regression,0,0.36887079862382993
94,2024,2,0,logistic_regression,0,0.2313084048798184
94,2024,3,0,logistic_regression,0,0.17200155252722468
94,2024,4,1,logistic_regression,0,0.25410915648517823
94,2024,5,0,logistic_regression,0,0.09800735861720142
94,2024,6,0,logistic_regression,0,0.24725056606507181
94,2024,7,0,logistic_regression,0,0.29672291824435887
94,2024,8,0,logistic_regression,0,0.34911230806916016
94,2024,9,1,logistic_regression,0,0.4487252602480394
94,2024,11,0,logistic_regression,0,0.28548604135071864
94,2024,12,0,logistic_regression,0,0.2696079770538673
95,2023,11,0,logistic_regression,0,0.49310707960428896
95,2023,12,0,logistic_regression,0,0.4800593963834399
95,2024,1,1,logistic_regression,1,0.504646174023503
95,2024,2,0,logistic_regression,0,0.36054104970153755
95,2024,3,0,logistic_regression,0,0.2602099211096773
95,2024,4,0,logistic_regression,0,0.4463800971679766
95,2024,5,0,logistic_regression,0,0.18341882891353414
95,2024,6,0,logistic_regression,0,0.46167185977970815
95,2024,7,0,logistic_regression,1,0.6084797904865751
95,2024,8,0,logistic_regression,0,0.4715144109889531
95,2024,9,0,logistic_regression,1,0.5243057372743759
95,2024,11,0,logistic_regression,0,0.34247610581635635
95,2024,12,0,logistic_regression,0,0.2909633895786714
96,2023,11,0,logistic_regression,0,0.47517515548103106
96,2023,12,0,logistic_regression,0,0.4640730001364536
96,2024,1,1,logistic_regression,0,0.49502101509033836
96,2024,2,0,logistic_regression,0,0.348524968904255
96,2024,3,0,logistic_regression,0,0.24794357267982023
96,2024,4,0,logistic_regression,0,0.43510188851088055
96,2024,5,0,logistic_regression,0,0.17719070431136913
96,2024,6,0,logistic_regression,0,0.3550413368333532
96,2024,7,0,logistic_regression,0,0.38711651926397433
96,2024,8,0,logistic_regression,0,0.48496399194496626
96,2024,9,0,logistic_regression,1,0.5078201868825644
96,2024,11,0,logistic_regression,0,0.26902286379327023
96,2024,12,0,logistic_regression,1,0.6221956746472148
97,2023,11,0,logistic_regression,0,0.21974402254855568
97,2023,12,0,logistic_regression,0,0.2158762518897489
97,2024,1,1,logistic_regression,0,0.2495554652499911
97,2024,2,0,logistic_regression,0,0.15087058196556333
97,2024,3,0,logistic_regression,0,0.11815389442514487
97,2024,4,0,logistic_regression,0,0.18205367678745907
97,2024,5,0,logistic_regression,0,0.05148892821406215
97,2024,6,0,logistic_regression,0,0.1737372215379084
97,2024,7,0,logistic_regression,0,0.1677026075050538
97,2024,8,0,logistic_regression,0,0.20193189699374445
97,2024,9,0,logistic_regression,0,0.27913097219779376
97,2024,11,0,logistic_regression,0,0.16525255602179348
97,2024,12,0,logistic_regression,0,0.13935310516177699
98,2023,11,0,logistic_regression,0,0.24223732813372117
98,2023,12,0,logistic_regression,0,0.23591822742332041
98,2024,1,1,logistic_regression,0,0.26936996057849344
98,2024,2,0,logistic_regression,0,0.160341475973983
98,2024,3,0,logistic_regression,0,0.12950836517933026
98,2024,4,0,logistic_regression,0,0.1973457207698002
98,2024,5,0,logistic_regression,0,0.05449202647947872
98,2024,6,0,logistic_regression,0,0.19054358364504975
98,2024,7,0,logistic_regression,0,0.17812925660658646
98,2024,8,0,logistic_regression,0,0.2092156725389793
98,2024,9,0,logistic_regression,0,0.301594005526854
98,2024,11,0,logistic_regression,0,0.17967357892348854
98,2024,12,0,logistic_regression,0,0.15372310717150622
99,2023,11,0,logistic_regression,0,0.33957474184877084
99,2023,12,0,logistic_regression,0,0.35711947343318695
99,2024,1,0,logistic_regression,0,0.4197119812890325
99,2024,2,1,logistic_regression,0,0.2626197304459372
99,2024,3,0,logistic_regression,0,0.17027583653685177
99,2024,4,0,logistic_regression,0,0.3105199653688572
99,2024,5,0,logistic_regression,0,0.11500966799775493
99,2024,6,1,logistic_regression,0,0.23896270572757136
99,2024,7,0,logistic_regression,0,0.25266510025868183
99,2024,8,0,logistic_regression,0,0.33606340644985194
99,2024,9,1,logistic_regression,0,0.37731151018080494
99,2024,11,0,logistic_regression,0,0.2520619714205601
99,2024,12,0,logistic_regression,0,0.2069637994114236
100,2023,11,0,logistic_regression,1,0.7602728033012612
100,2023,12,0,logistic_regression,1,0.7696346799310073
100,2024,1,0,logistic_regression,1,0.8143303224357262
100,2024,2,1,logistic_regression,1,0.7054656686353796
100,2024,3,0,logistic_regression,1,0.6658644882338415
100,2024,4,0,logistic_regression,1,0.7987363946884691
100,2024,5,0,logistic_regression,1,0.6328469353876239
100,2024,6,1,logistic_regression,1,0.8017798106907814
100,2024,7,0,logistic_regression,1,0.7762817748051288
100,2024,8,0,logistic_regression,1,0.8507141736498502
100,2024,9,1,logistic_regression,1,0.8638172746753816
100,2024,11,0,logistic_regression,1,0.7480377834811153
100,2024,12,0,logistic_regression,1,0.6425497832190042
101,2023,11,0,logistic_regression,0,0.39774572027248306
101,2023,12,0,logistic_regression,0,0.3928010500645949
101,2024,1,0,logistic_regression,0,0.47528181124111357
101,2024,2,1,logistic_regression,0,0.31660900605297043
101,2024,3,0,logistic_regression,0,0.23862348202604758
101,2024,4,0,logistic_regression,0,0.3756496118035083
101,2024,5,0,logistic_regression,0,0.164821266595466
101,2024,6,0,logistic_regression,0,0.3708543053952861
101,2024,7,0,logistic_regression,0,0.370554289937269
101,2024,8,1,logistic_regression,0,0.38635625749990177
101,2024,9,0,logistic_regression,1,0.5561826125219843
101,2024,11,1,logistic_regression,0,0.3569311257373846
101,2024,12,0,logistic_regression,0,0.3255835697588363
102,2023,11,0,logistic_regression,0,0.36353998680940464
102,2023,12,0,logistic_regression,0,0.36070921784096566
102,2024,1,0,logistic_regression,0,0.4449214945493914
102,2024,2,1,logistic_regression,0,0.2854185521021106
102,2024,3,0,logistic_regression,0,0.22091980663115574
102,2024,4,0,logistic_regression,0,0.32296812004630154
102,2024,5,0,logistic_regression,0,0.12713502197012683
102,2024,6,0,logistic_regression,0,0.37248700400849327
102,2024,7,0,logistic_regression,0,0.31230910590069527
102,2024,8,1,logistic_regression,0,0.31553781937286446
102,2024,9,0,logistic_regression,1,0.5059431110505387
102,2024,11,1,logistic_regression,0,0.3091798740859155
102,2024,12,0,logistic_regression,0,0.2938508388310934
103,2023,11,0,logistic_regression,0,0.34787351183692256
103,2023,12,0,logistic_regression,0,0.3417020558644922
103,2024,1,0,logistic_regression,0,0.38027516510967163
103,2024,2,0,logistic_regression,0,0.21378643407659287
103,2024,3,0,logistic_regression,0,0.18950843719179106
103,2024,4,0,logistic_regression,0,0.3090892012864393
103,2024,5,0,logistic_regression,0,0.08842871863668057
103,2024,6,0,logistic_regression,0,0.2669328234121018
103,2024,7,0,logistic_regression,0,0.28687952031694136
103,2024,8,0,logistic_regression,0,0.35689320655524337
103,2024,9,0,logistic_regression,0,0.4379082928445386
103,2024,11,0,logistic_regression,0,0.2812390495500037
103,2024,12,0,logistic_regression,0,0.2284866464560047
104,2023,11,0,logistic_regression,0,0.34774363082453214
104,2023,12,0,logistic_regression,0,0.34165251740978625
104,2024,1,0,logistic_regression,0,0.38440580565235893
104,2024,2,0,logistic_regression,0,0.23186952191438687
104,2024,3,0,logistic_regression,0,0.19725410339537305
104,2024,4,0,logistic_regression,0,0.3174491251097866
104,2024,5,0,logistic_regression,0,0.09070303142006345
104,2024,6,0,logistic_regression,0,0.27113485749570476
104,2024,7,0,logistic_regression,0,0.29043630251611907
104,2024,8,0,logistic_regression,0,0.36256249707045224
104,2024,9,0,logistic_regression,0,0.43938452373339276
104,2024,11,0,logistic_regression,0,0.2810527827403317
104,2024,12,0,logistic_regression,0,0.22556626754325984
105,2023,11,0,logistic_regression,0,0.4430438401631042
105,2023,12,0,logistic_regression,0,0.4639146545657192
105,2024,1,0,logistic_regression,1,0.5275236637676908
105,2024,2,0,logistic_regression,0,0.33315303776652594
105,2024,3,0,logistic_regression,0,0.20793707843483228
105,2024,4,0,logistic_regression,0,0.3530928879211117
105,2024,5,0,logistic_regression,0,0.1601370974256923
105,2024,6,0,logistic_regression,0,0.2921125662060706
105,2024,7,0,logistic_regression,0,0.26220871996871314
105,2024,8,0,logistic_regression,0,0.3956281935636289
105,2024,9,0,logistic_regression,0,0.4305412860082709
105,2024,11,0,logistic_regression,0,0.3032890674221292
105,2024,12,0,logistic_regression,0,0.25120622114390295
106,2023,11,0,logistic_regression,0,0.4814388479687253
106,2023,12,0,logistic_regression,0,0.49217772770741103
106,2024,1,0,logistic_regression,1,0.5583498916525539
106,2024,2,0,logistic_regression,0,0.365293871641197
106,2024,3,0,logistic_regression,0,0.23999389354371511
106,2024,4,0,logistic_regression,0,0.388774523559793
106,2024,5,0,logistic_regression,0,0.1748127339948864
106,2024,6,0,logistic_regression,0,0.3002564988900768
106,2024,7,0,logistic_regression,0,0.30046022675007317
106,2024,8,0,logistic_regression,0,0.44613263484971516
106,2024,9,0,logistic_regression,0,0.466995790421212
106,2024,11,0,logistic_regression,0,0.3086667539454758
106,2024,12,0,logistic_regression,0,0.2722218930878645
107,2023,11,1,logistic_regression,1,0.9883078199255247
107,2023,12,0,logistic_regression,1,0.9818156618968182
107,2024,1,0,logistic_regression,1,0.9856389214155483
107,2024,2,1,logistic_regression,1,0.9779784188772451
107,2024,3,0,logistic_regression,1,0.992241890213061
107,2024,4,0,logistic_regression,1,0.9921219140294276
107,2024,5,1,logistic_regression,1,0.9903043460105074
107,2024,6,1,logistic_regression,1,0.9961564329549493
107,2024,7,0,logistic_regression,1,0.9937886398845974
107,2024,8,0,logistic_regression,1,0.9972871143291911
107,2024,9,1,logistic_regression,1,0.9983179046029097
107,2024,11,1,logistic_regression,1,0.9894732466793154
107,2024,12,0,logistic_regression,1,0.9816465088918085
108,2023,11,0,logistic_regression,0,0.4778245240696136
108,2023,12,0,logistic_regression,1,0.5029334519499168
108,2024,1,0,logistic_regression,1,0.5589145011595095
108,2024,2,0,logistic_regression,0,0.36609590251740903
108,2024,3,0,logistic_regression,0,0.344661284499936
108,2024,4,0,logistic_regression,0,0.488895959660038
108,2024,5,0,logistic_regression,0,0.2889383207919494
108,2024,6,0,logistic_regression,0,0.46130481401229073
108,2024,7,0,logistic_regression,0,0.4073481375679222
108,2024,8,0,logistic_regression,1,0.5482420178088754
108,2024,9,1,logistic_regression,1,0.6809543026737638
108,2024,11,0,logistic_regression,0,0.44966873885653724
108,2024,12,0,logistic_regression,0,0.3523089006029668
109,2023,11,0,logistic_regression,1,0.6194638010285121
109,2023,12,0,logistic_regression,1,0.6325796453702159
109,2024,1,0,logistic_regression,1,0.688587796083332
109,2024,2,0,logistic_regression,1,0.5461346550697854
109,2024,3,0,logistic_regression,1,0.5327819359236542
109,2024,4,0,logistic_regression,1,0.6620084382301546
109,2024,5,0,logistic_regression,0,0.4869519788256966
109,2024,6,0,logistic_regression,1,0.6770027681684155
109,2024,7,0,logistic_regression,1,0.6924970857009197
109,2024,8,0,logistic_regression,1,0.8258076768101201
109,2024,9,1,logistic_regression,1,0.8343660934859725
109,2024,11,0,logistic_regression,1,0.5613698480777285
109,2024,12,0,logistic_regression,0,0.43272724554193737
110,2023,11,0,logistic_regression,1,0.5821099674517186
110,2023,12,0,logistic_regression,0,0.48149658764861386
110,2024,1,0,logistic_regression,1,0.6329454743128953
110,2024,2,0,logistic_regression,0,0.4967326167829577
110,2024,3,0,logistic_regression,0,0.46535701206210006
110,2024,4,1,logistic_regression,1,0.5920323928388151
110,2024,5,0,logistic_regression,0,0.3502199674894975
110,2024,6,0,logistic_regression,1,0.6582238826585923
110,2024,7,0,logistic_regression,1,0.6041575950947717
110,2024,8,0,logistic_regression,1,0.6484022411644408
110,2024,9,1,logistic_regression,1,0.7085865002689505
110,2024,11,0,logistic_regression,0,0.4754097864242032
110,2024,12,0,logistic_regression,0,0.37253500730672723
111,2023,11,0,logistic_regression,0,0.43276221323617753
111,2023,12,0,logistic_regression,0,0.4485685720982444
111,2024,1,0,logistic_regression,1,0.5083795731031847
111,2024,2,0,logistic_regression,0,0.35031960404371293
111,2024,3,0,logistic_regression,0,0.2646602721238247
111,2024,4,0,logistic_regression,0,0.4423083198800592
111,2024,5,0,logistic_regression,0,0.19518698460698544
111,2024,6,1,logistic_regression,0,0.3878753080035958
111,2024,7,0,logistic_regression,0,0.3384688576831687
111,2024,8,0,logistic_regression,0,0.4791638499620813
111,2024,9,0,logistic_regression,1,0.559349433070005
111,2024,11,1,logistic_regression,0,0.28686096851953663
111,2024,12,0,logistic_regression,0,0.2614790051792242
112,2023,11,0,logistic_regression,1,0.5225788460436983
112,2023,12,0,logistic_regression,0,0.476059626134528
112,2024,1,0,logistic_regression,1,0.542539782237844
112,2024,2,0,logistic_regression,0,0.3784629016494486
112,2024,3,0,logistic_regression,0,0.35441303246133743
112,2024,4,0,logistic_regression,0,0.4632609531934606
112,2024,5,0,logistic_regression,0,0.18150568700818467
112,2024,6,0,logistic_regression,0,0.48593308817133785
112,2024,7,0,logistic_regression,0,0.4585399723274804
112,2024,8,1,logistic_regression,1,0.5154368992257982
112,2024,9,0,logistic_regression,1,0.6273275231925316
112,2024,11,0,logistic_regression,0,0.41505806689688285
112,2024,12,0,logistic_regression,0,0.3514919224107848
113,2023,11,0,logistic_regression,0,0.24643721191692855
113,2023,12,0,logistic_regression,0,0.31979882049037783
113,2024,1,0,logistic_regression,0,0.32881209703847786
113,2024,2,0,logistic_regression,0,0.2264116174250842
113,2024,3,0,logistic_regression,0,0.1784784002732172
113,2024,4,0,logistic_regression,0,0.2596288250788546
113,2024,5,0,logistic_regression,0,0.15092630599293838
113,2024,6,0,logistic_regression,0,0.29992607743519845
113,2024,7,0,logistic_regression,0,0.25549300885854476
113,2024,8,0,logistic_regression,0,0.37046819154563343
113,2024,9,0,logistic_regression,0,0.4262174429352472
113,2024,11,0,logistic_regression,0,0.25378183675596083
113,2024,12,0,logistic_regression,0,0.22738141929716887
114,2023,11,0,logistic_regression,0,0.1883760747162489
114,2023,12,0,logistic_regression,0,0.2507977220397018
114,2024,1,0,logistic_regression,0,0.27066488908679226
114,2024,2,0,logistic_regression,0,0.17612692342522046
114,2024,3,0,logistic_regression,0,0.11752353404187006
114,2024,4,0,logistic_regression,0,0.18748899144643608
114,2024,5,0,logistic_regression,0,0.09549481990406873
114,2024,6,0,logistic_regression,0,0.1914024276666246
114,2024,7,0,logistic_regression,0,0.1730052454065615
114,2024,8,0,logistic_regression,0,0.23165217928246132
114,2024,9,0,logistic_regression,0,0.30131123022117023
114,2024,11,0,logistic_regression,0,0.18276451145567083
114,2024,12,0,logistic_regression,0,0.17551404969742046
115,2023,11,0,logistic_regression,0,0.49353784673147266
115,2023,12,0,logistic_regression,1,0.6167224161441301
115,2024,1,0,logistic_regression,1,0.5978938670686422
115,2024,2,1,logistic_regression,0,0.4937600706548753
115,2024,3,1,logistic_regression,0,0.3944001000081672
115,2024,4,1,logistic_regression,1,0.5575041252395131
115,2024,5,0,logistic_regression,0,0.3078246872612704
115,2024,6,0,logistic_regression,1,0.679440621389804
115,2024,7,0,logistic_regression,1,0.547697993362245
115,2024,8,0,logistic_regression,1,0.7619508689927047
115,2024,9,0,logistic_regression,1,0.7144553547258095
115,2024,11,0,logistic_regression,0,0.4644934279222502
115,2024,12,0,logistic_regression,0,0.3885741984485864
116,2023,11,0,logistic_regression,0,0.3341737461394679
116,2023,12,0,logistic_regression,0,0.37696231573270295
116,2024,1,0,logistic_regression,0,0.3786409721461471
116,2024,2,1,logistic_regression,0,0.30603995359941666
116,2024,3,0,logistic_regression,0,0.20851314963154471
116,2024,4,0,logistic_regression,0,0.3049028448785404
116,2024,5,1,logistic_regression,0,0.17778352171121262
116,2024,6,0,logistic_regression,0,0.3091904768413614
116,2024,7,0,logistic_regression,0,0.3052970544919269
116,2024,8,0,logistic_regression,0,0.39657967030949315
116,2024,9,0,logistic_regression,0,0.4632702101707403
116,2024,11,0,logistic_regression,0,0.2624235350379796
116,2024,12,0,logistic_regression,0,0.22836081094987404
117,2023,11,0,logistic_regression,0,0.3338577523070284
117,2023,12,0,logistic_regression,0,0.38004933082966047
117,2024,1,0,logistic_regression,0,0.3829429162575386
117,2024,2,1,logistic_regression,0,0.314860579388699
117,2024,3,0,logistic_regression,0,0.21447016810176017
117,2024,4,0,logistic_regression,0,0.3230171692919963
117,2024,5,1,logistic_regression,0,0.19181897781609453
117,2024,6,0,logistic_regression,0,0.35904007465893484
117,2024,7,0,logistic_regression,0,0.36661834131599624
117,2024,8,0,logistic_regression,0,0.4689936145962406
117,2024,9,0,logistic_regression,1,0.5202244584906316
117,2024,11,0,logistic_regression,0,0.2796665031150215
117,2024,12,0,logistic_regression,0,0.24725473799404638
118,2023,11,1,logistic_regression,1,0.6968533335309665
118,2023,12,0,logistic_regression,1,0.7251131364849447
118,2024,1,0,logistic_regression,1,0.7070808359667835
118,2024,2,0,logistic_regression,1,0.6142552674372426
118,2024,3,0,logistic_regression,1,0.5693430692094386
118,2024,4,0,logistic_regression,1,0.6325578180167011
118,2024,5,1,logistic_regression,1,0.5105529632722735
118,2024,6,1,logistic_regression,1,0.7449354596468932
118,2024,7,0,logistic_regression,1,0.6686610601945249
118,2024,8,0,logistic_regression,1,0.7525075779572475
118,2024,9,0,logistic_regression,1,0.8379992487773614
118,2024,11,0,logistic_regression,1,0.6482054431739661
118,2024,12,1,logistic_regression,1,0.5921586424624137
119,2023,11,1,logistic_regression,0,0.2646249577829262
119,2023,12,0,logistic_regression,0,0.3173871571857753
119,2024,1,0,logistic_regression,0,0.3127473067389715
119,2024,2,0,logistic_regression,0,0.2261139437613715
119,2024,3,0,logistic_regression,0,0.14212631527749447
119,2024,4,0,logistic_regression,0,0.21821709253976707
119,2024,5,1,logistic_regression,0,0.10816334894943797
119,2024,6,1,logistic_regression,0,0.24483529996797798
119,2024,7,0,logistic_regression,0,0.21287409118262965
119,2024,8,0,logistic_regression,0,0.28613074942452205
119,2024,9,0,logistic_regression,0,0.36270551393247896
119,2024,11,0,logistic_regression,1,0.7932423800693243
119,2024,12,1,logistic_regression,1,0.7995197565705512
120,2023,11,0,logistic_regression,0,0.20316613836318315
120,2023,12,1,logistic_regression,0,0.2414637290884103
120,2024,1,0,logistic_regression,0,0.2285911670532226
120,2024,2,0,logistic_regression,0,0.1582047322664893
120,2024,3,0,logistic_regression,0,0.0984596753722325
120,2024,4,0,logistic_regression,0,0.18348508295768354
120,2024,5,1,logistic_regression,0,0.0736996043637293
120,2024,6,0,logistic_regression,0,0.17818545293280313
120,2024,7,0,logistic_regression,0,0.17209773737161402
120,2024,8,0,logistic_regression,0,0.23373464644470066
120,2024,9,1,logistic_regression,0,0.26111926184585027
120,2024,11,0,logistic_regression,0,0.13328006246029575
120,2024,12,1,logistic_regression,0,0.1223732791299605
121,2023,11,0,logistic_regression,0,0.3052427257906508
121,2023,12,1,logistic_regression,0,0.3462236803115656
121,2024,1,0,logistic_regression,0,0.33501410056358194
121,2024,2,0,logistic_regression,0,0.2524302859107412
121,2024,3,0,logistic_regression,0,0.18086964778464837
121,2024,4,0,logistic_regression,0,0.2953929379416425
121,2024,5,1,logistic_regression,0,0.14027105574460774
121,2024,6,0,logistic_regression,0,0.30156881712609557
121,2024,7,0,logistic_regression,0,0.2602578447255617
121,2024,8,0,logistic_regression,0,0.3915702637724818
121,2024,9,1,logistic_regression,0,0.42072380613409305
121,2024,11,0,logistic_regression,0,0.20904153512067303
121,2024,12,0,logistic_regression,0,0.1860814719523895
122,2023,11,0,logistic_regression,1,0.8308650632704366
122,2023,12,1,logistic_regression,1,0.8263980626127306
122,2024,1,1,logistic_regression,1,0.8451981144749138
122,2024,2,0,logistic_regression,1,0.754104228277774
122,2024,3,0,logistic_regression,1,0.7980188431799109
122,2024,4,1,logistic_regression,1,0.8321906638599162
122,2024,5,1,logistic_regression,1,0.7909951465325656
122,2024,6,0,logistic_regression,1,0.9093437960328518
122,2024,7,0,logistic_regression,1,0.8546652464528853
122,2024,8,0,logistic_regression,1,0.5948404657882908
122,2024,9,0,logistic_regression,0,0.3896311842308461
122,2024,11,1,logistic_regression,0,0.23941504280995407
122,2024,12,0,logistic_regression,0,0.2232943427653583
123,2024,11,0,logistic_regression,1,0.6939250674251414
123,2024,12,0,logistic_regression,1,0.6544933342808746
124,2023,11,0,logistic_regression,0,0.22217265622578147
124,2023,12,0,logistic_regression,0,0.2318842881707546
124,2024,1,0,logistic_regression,0,0.2327700736443998
124,2024,2,0,logistic_regression,0,0.14601689710227925
124,2024,3,0,logistic_regression,0,0.0914019526703033
124,2024,4,1,logistic_regression,0,0.15765502647106286
124,2024,5,0,logistic_regression,0,0.049035473209386775
124,2024,6,0,logistic_regression,0,0.14311251136110997
124,2024,7,0,logistic_regression,0,0.1285042486201387
124,2024,8,0,logistic_regression,0,0.2593548052782082
124,2024,11,0,logistic_regression,1,0.6920972151947263
124,2024,12,0,logistic_regression,1,0.6525479067832363
125,2023,11,0,logistic_regression,1,0.7152519702463254
125,2023,12,1,logistic_regression,1,0.7397309791305847
125,2024,1,1,logistic_regression,1,0.749577283013513
125,2024,2,0,logistic_regression,1,0.6441513065981028
125,2024,3,0,logistic_regression,1,0.6475349109965169
125,2024,4,1,logistic_regression,1,0.7252346638944761
125,2024,5,1,logistic_regression,1,0.6064616294085841
125,2024,6,0,logistic_regression,1,0.8058151041708593
125,2024,7,0,logistic_regression,1,0.7482203428856987
125,2024,8,0,logistic_regression,1,0.9011102795118159
125,2024,9,0,logistic_regression,1,0.9372292530139711
125,2024,11,1,logistic_regression,1,0.7814005538639467
125,2024,12,0,logistic_regression,1,0.6905650773103953
126,2023,11,0,logistic_regression,0,0.4292488803909748
126,2023,12,0,logistic_regression,0,0.46714583204059396
126,2024,1,1,logistic_regression,1,0.5186302118357704
126,2024,2,1,logistic_regression,0,0.3838209859758064
126,2024,3,0,logistic_regression,0,0.27308083975153635
126,2024,4,0,logistic_regression,0,0.41067923097537384
126,2024,5,0,logistic_regression,0,0.22777944830893918
126,2024,6,0,logistic_regression,0,0.3912189278711507
126,2024,7,0,logistic_regression,0,0.42909987464767757
126,2024,8,0,logistic_regression,1,0.5456474329046681
126,2024,9,0,logistic_regression,1,0.5730399726107809
126,2024,11,0,logistic_regression,0,0.20083759809978752
126,2024,12,0,logistic_regression,0,0.26947321023208504
127,2023,11,0,logistic_regression,0,0.4526448341231575
127,2023,12,0,logistic_regression,0,0.34300262674973386
127,2024,1,0,logistic_regression,0,0.48156971366627577
127,2024,2,0,logistic_regression,0,0.32921909152018625
127,2024,3,0,logistic_regression,0,0.3036205328050494
127,2024,4,0,logistic_regression,0,0.40733970301743916
127,2024,5,0,logistic_regression,0,0.15488456929264113
127,2024,6,0,logistic_regression,0,0.4128467748214697
127,2024,7,0,logistic_regression,0,0.4126546989668463
127,2024,8,1,logistic_regression,0,0.45380549739833276
127,2024,9,0,logistic_regression,1,0.5758302855052687
127,2024,11,0,logistic_regression,0,0.3685319700540229
127,2024,12,0,logistic_regression,0,0.2983742768498948
128,2023,11,0,logistic_regression,0,0.4088148170076497
128,2023,12,0,logistic_regression,0,0.46576320325541554
128,2024,1,0,logistic_regression,0,0.44901578000344583
128,2024,2,0,logistic_regression,0,0.34221798413280813
128,2024,3,0,logistic_regression,0,0.22973198982236037
128,2024,4,0,logistic_regression,0,0.37616938125278515
128,2024,5,0,logistic_regression,0,0.1780972799564253
128,2024,6,0,logistic_regression,0,0.36366837418042874
128,2024,7,0,logistic_regression,0,0.3475424731579114
128,2024,8,0,logistic_regression,0,0.4198758990282633
128,2024,9,0,logistic_regression,0,0.48133925094263996
128,2024,11,0,logistic_regression,0,0.2948943358555582
128,2024,12,0,logistic_regression,0,0.2688005294919473
129,2023,11,0,logistic_regression,0,0.3737743101497737
129,2023,12,0,logistic_regression,0,0.4301572854092504
129,2024,1,0,logistic_regression,0,0.4206440965817397
129,2024,2,0,logistic_regression,0,0.3108944565907591
129,2024,3,0,logistic_regression,0,0.20673682385582368
129,2024,4,0,logistic_regression,0,0.34570778316283496
129,2024,5,0,logistic_regression,0,0.15874049109231708
129,2024,6,0,logistic_regression,0,0.33203836181743474
129,2024,7,0,logistic_regression,0,0.336418896786565
129,2024,8,0,logistic_regression,0,0.32301091720636504
129,2024,9,0,logistic_regression,0,0.4598706196127704
129,2024,11,0,logistic_regression,0,0.27524170145135546
129,2024,12,0,logistic_regression,0,0.25076213819559917
131,2023,11,0,logistic_regression,0,0.24553761489439535
131,2023,12,0,logistic_regression,0,0.3214423505152064
131,2024,1,0,logistic_regression,0,0.31776529833426004
131,2024,2,0,logistic_regression,0,0.22590186677896237
131,2024,3,0,logistic_regression,0,0.16978340840446068
131,2024,4,0,logistic_regression,0,0.27302254925397434
131,2024,5,0,logistic_regression,0,0.14985360628184222
131,2024,6,0,logistic_regression,0,0.339607632992467
131,2024,7,0,logistic_regression,0,0.2707181384007553
131,2024,8,0,logistic_regression,0,0.4288761484932468
131,2024,9,0,logistic_regression,0,0.4219659296719418
131,2024,11,0,logistic_regression,0,0.24234037162193098
131,2024,12,0,logistic_regression,0,0.20664370915461253
132,2023,11,0,logistic_regression,0,0.24743868269616223
132,2023,12,0,logistic_regression,0,0.2369336981795006
132,2024,1,0,logistic_regression,0,0.2811295540400318
132,2024,2,0,logistic_regression,0,0.15777562621064548
132,2024,3,0,logistic_regression,0,0.13145766825862254
132,2024,4,0,logistic_regression,0,0.22322329872077265
132,2024,5,0,logistic_regression,0,0.06593301343330148
132,2024,6,0,logistic_regression,0,0.220433762985477
132,2024,7,0,logistic_regression,0,0.19733650575948897
132,2024,8,0,logistic_regression,0,0.2542050984668047
132,2024,9,0,logistic_regression,0,0.28486380688804336
132,2024,11,0,logistic_regression,0,0.19031633580524074
132,2024,12,0,logistic_regression,0,0.16302664913530535
133,2023,11,0,logistic_regression,0,0.26963661063081407
133,2023,12,0,logistic_regression,0,0.25879353011539896
133,2024,1,0,logistic_regression,0,0.3073874365280767
133,2024,2,0,logistic_regression,0,0.17701010457167826
133,2024,3,0,logistic_regression,0,0.14034359384808395
133,2024,4,0,logistic_regression,0,0.23903012550462652
133,2024,5,0,logistic_regression,0,0.07118921718436047
133,2024,6,0,logistic_regression,0,0.24284271243180286
133,2024,7,0,logistic_regression,0,0.22153360557860016
133,2024,8,0,logistic_regression,0,0.2726568678714549
133,2024,9,0,logistic_regression,0,0.29844449079673807
133,2024,11,0,logistic_regression,0,0.20229416129468678
133,2024,12,0,logistic_regression,0,0.15627423896296336
134,2023,11,0,logistic_regression,0,0.41704724321801995
134,2023,12,0,logistic_regression,0,0.3834894566315462
134,2024,1,0,logistic_regression,0,0.47077116338915814
134,2024,2,0,logistic_regression,0,0.2825435290130486
134,2024,3,0,logistic_regression,0,0.29474261691864573
134,2024,4,0,logistic_regression,0,0.38419974914920313
134,2024,5,0,logistic_regression,0,0.1469383071059743
134,2024,6,0,logistic_regression,0,0.4282422139017347
134,2024,7,0,logistic_regression,0,0.38454888120794334
134,2024,8,0,logistic_regression,1,0.5132000821868861
134,2024,9,0,logistic_regression,1,0.5436347436053148
134,2024,11,1,logistic_regression,0,0.37137216921894906
134,2024,12,0,logistic_regression,0,0.3252325484235869
135,2023,11,0,logistic_regression,0,0.4277646412829649
135,2023,12,0,logistic_regression,0,0.3974446187947238
135,2024,1,0,logistic_regression,0,0.4744633639612634
135,2024,2,0,logistic_regression,0,0.28872564110981486
135,2024,3,0,logistic_regression,0,0.26871695744411084
135,2024,4,0,logistic_regression,0,0.37887226824331327
135,2024,5,0,logistic_regression,0,0.13123091546143564
135,2024,6,0,logistic_regression,0,0.3976256252619238
135,2024,7,0,logistic_regression,0,0.38161239098036875
135,2024,8,0,logistic_regression,0,0.4923233828719493
135,2024,9,0,logistic_regression,0,0.49298585695161634
135,2024,11,0,logistic_regression,0,0.36653532484736356
135,2024,12,0,logistic_regression,0,0.3308663606021205
136,2023,11,1,logistic_regression,0,0.3102045105453503
136,2023,12,0,logistic_regression,0,0.34989562145852626
136,2024,1,0,logistic_regression,0,0.3625660868915194
136,2024,2,0,logistic_regression,0,0.28400142398554684
136,2024,3,0,logistic_regression,0,0.19686966807800538
136,2024,4,0,logistic_regression,0,0.2458964833175206
136,2024,5,0,logistic_regression,0,0.12930223208961283
136,2024,6,0,logistic_regression,0,0.33147235379387296
136,2024,7,0,logistic_regression,0,0.24440181387925666
136,2024,8,0,logistic_regression,0,0.3670066792520364
136,2024,9,0,logistic_regression,0,0.47031905042724304
136,2024,11,0,logistic_regression,0,0.25794716761505876
136,2024,12,1,logistic_regression,0,0.1846752446786435
137,2023,11,0,logistic_regression,1,0.7134184357990384
137,2023,12,0,logistic_regression,1,0.6934731060052075
137,2024,1,1,logistic_regression,1,0.780588709484953
137,2024,2,0,logistic_regression,1,0.6635484233877466
137,2024,3,0,logistic_regression,1,0.7682506156211493
137,2024,4,1,logistic_regression,1,0.7770729167682753
137,2024,5,1,logistic_regression,1,0.6461724433693486
137,2024,6,0,logistic_regression,1,0.8650075528480958
137,2024,7,0,logistic_regression,1,0.8979575239176687
137,2024,8,0,logistic_regression,1,0.9862713184415863
137,2024,9,1,logistic_regression,1,0.9648472723126176
137,2024,11,0,logistic_regression,1,0.7776482874576811
137,2024,12,0,logistic_regression,1,0.6087858826953029
138,2023,11,0,logistic_regression,0,0.4824189428721177
138,2023,12,0,logistic_regression,0,0.4675391454794795
138,2024,1,1,logistic_regression,1,0.5618153585254132
138,2024,2,0,logistic_regression,0,0.43873317813414453
138,2024,3,0,logistic_regression,0,0.3894089391115882
138,2024,4,1,logistic_regression,1,0.5028836331410721
138,2024,5,1,logistic_regression,0,0.23776157366173878
138,2024,6,0,logistic_regression,1,0.5384094806692301
138,2024,7,0,logistic_regression,1,0.5610853584700808
138,2024,8,0,logistic_regression,1,0.5410189692065323
138,2024,9,0,logistic_regression,1,0.7428624980524186
138,2024,11,0,logistic_regression,0,0.49609359042288786
138,2024,12,0,logistic_regression,0,0.4021011605928232
139,2023,11,0,logistic_regression,0,0.2954327830641027
139,2023,12,0,logistic_regression,0,0.27210820552347975
139,2024,1,0,logistic_regression,0,0.3185799887416018
139,2024,2,0,logistic_regression,0,0.20407972946775202
139,2024,3,0,logistic_regression,0,0.19313949904101482
139,2024,4,0,logistic_regression,0,0.334429512052789
139,2024,5,0,logistic_regression,0,0.09091026645993162
139,2024,6,0,logistic_regression,0,0.32590657954555546
139,2024,7,0,logistic_regression,0,0.2573673901351442
139,2024,8,0,logistic_regression,0,0.4742677849879351
139,2024,9,0,logistic_regression,1,0.5355990455195797
139,2024,11,0,logistic_regression,0,0.2414674871850572
139,2024,12,0,logistic_regression,0,0.21051410915371027
140,2023,11,0,logistic_regression,1,0.6042323351464374
140,2023,12,0,logistic_regression,1,0.6146128287273028
140,2024,1,1,logistic_regression,1,0.6769776773464224
140,2024,2,0,logistic_regression,1,0.5372801086235369
140,2024,3,1,logistic_regression,1,0.5499928885762815
140,2024,4,0,logistic_regression,1,0.612900245605885
140,2024,5,1,logistic_regression,0,0.41086986788091845
140,2024,6,0,logistic_regression,1,0.7111802716699542
140,2024,7,1,logistic_regression,0,0.20203337160735507
140,2024,8,0,logistic_regression,1,0.8430959492522775
140,2024,9,1,logistic_regression,1,0.8897393153095046
140,2024,11,1,logistic_regression,1,0.6587487705311654
140,2024,12,0,logistic_regression,1,0.5574108937479492
142,2023,11,0,logistic_regression,1,0.5080401917638728
143,2023,12,1,logistic_regression,1,0.9751270356245639
143,2024,1,1,logistic_regression,1,0.9721021673278902
143,2024,2,1,logistic_regression,1,0.9599991909140793
143,2024,3,1,logistic_regression,1,0.9830180204923783
143,2024,4,0,logistic_regression,1,0.9803903684793475
143,2024,5,1,logistic_regression,1,0.9900004196594838
143,2024,6,0,logistic_regression,1,0.9946243865182965
143,2024,7,0,logistic_regression,1,0.9843793426998291
143,2024,8,0,logistic_regression,1,0.9949989675838764
143,2024,9,1,logistic_regression,1,0.9972736665055892
143,2024,11,0,logistic_regression,1,0.9873049134076317
143,2024,12,1,logistic_regression,1,0.9766163899808197
144,2024,1,1,logistic_regression,1,0.8468488966725674
1,2023,11,0,random_forest,0,0.1939955621883301
1,2023,12,0,random_forest,0,0.10877701312633178
1,2024,1,0,random_forest,0,0.13691358032093573
1,2024,2,0,random_forest,0,0.17720500587064075
1,2024,3,0,random_forest,0,0.06256984934912202
1,2024,4,0,random_forest,0,0.08769200370823106
1,2024,5,0,random_forest,0,0.16501892167013407
1,2024,6,0,random_forest,0,0.04531830244966042
1,2024,7,0,random_forest,0,0.06719724092137783
1,2024,8,0,random_forest,0,0.0824997988282564
1,2024,9,0,random_forest,0,0.06354402081856217
1,2024,11,0,random_forest,0,0.08089340859275367
1,2024,12,0,random_forest,0,0.05965363727581137
2,2023,11,1,random_forest,0,0.24306191841093186
2,2023,12,0,random_forest,0,0.09665657785878187
2,2024,1,0,random_forest,0,0.13727640708697383
2,2024,2,0,random_forest,0,0.22152964651553367
2,2024,3,0,random_forest,0,0.3193581491130385
2,2024,4,0,random_forest,0,0.3041330492095539
2,2024,5,0,random_forest,0,0.30624406875111077
2,2024,6,0,random_forest,0,0.16489141561738085
2,2024,7,0,random_forest,0,0.371405584756403
2,2024,8,0,random_forest,0,0.4069997953265692
2,2024,9,0,random_forest,0,0.2471905602162613
2,2024,11,0,random_forest,0,0.2613881493493192
2,2024,12,0,random_forest,0,0.0688821634241487
3,2023,11,1,random_forest,0,0.1333142154554104
3,2023,12,0,random_forest,0,0.11035156903065718
3,2024,1,0,random_forest,0,0.20641165705667652
3,2024,2,0,random_forest,0,0.23075515683983833
3,2024,3,0,random_forest,0,0.10844317170777759
3,2024,4,0,random_forest,0,0.12113209057807384
3,2024,5,0,random_forest,0,0.10966093634837515
3,2024,6,0,random_forest,0,0.09729431134507856
3,2024,7,0,random_forest,0,0.30477317154780603
3,2024,8,0,random_forest,1,0.601990365938642
3,2024,9,0,random_forest,0,0.3701564622308132
3,2024,11,0,random_forest,0,0.36325713676256755
3,2024,12,0,random_forest,0,0.18702389605833214
4,2023,11,0,random_forest,0,0.21002600743420635
4,2023,12,0,random_forest,0,0.054915625282788365
4,2024,1,0,random_forest,0,0.0971735564447064
4,2024,2,0,random_forest,0,0.16572646508709477
4,2024,3,1,random_forest,0,0.11324586960581233
4,2024,4,0,random_forest,0,0.11948985876704972
4,2024,5,0,random_forest,0,0.16763356876560717
4,2024,6,0,random_forest,0,0.038679902047069926
4,2024,7,0,random_forest,0,0.04527722522737577
4,2024,8,0,random_forest,0,0.06974843890712498
4,2024,9,0,random_forest,0,0.06963633880964143
4,2024,11,0,random_forest,0,0.09739631695471222
4,2024,12,0,random_forest,0,0.01779138208094284
5,2023,11,0,random_forest,0,0.19246100263466298
5,2023,12,0,random_forest,0,0.05543142092949676
5,2024,1,0,random_forest,0,0.10305924922424772
5,2024,2,0,random_forest,0,0.16203581113772508
5,2024,3,1,random_forest,0,0.09948949017743217
5,2024,4,0,random_forest,0,0.11810870159423908
5,2024,5,0,random_forest,0,0.13903508145574814
5,2024,6,0,random_forest,0,0.05216978064845136
5,2024,7,0,random_forest,0,0.04092167061884613
5,2024,8,0,random_forest,0,0.0540342172010212
5,2024,9,0,random_forest,0,0.05811490273052298
5,2024,11,0,random_forest,0,0.1121801826496458
5,2024,12,0,random_forest,0,0.018376699543738204
6,2023,11,0,random_forest,0,0.25159224210094716
6,2023,12,0,random_forest,0,0.17236866935605014
6,2024,1,0,random_forest,0,0.20615779263406026
6,2024,2,0,random_forest,0,0.2746481420047533
6,2024,3,0,random_forest,0,0.24215074185397525
6,2024,4,0,random_forest,0,0.24189348660829182
6,2024,5,1,random_forest,0,0.19567925415514922
6,2024,6,1,random_forest,0,0.238671963301099
6,2024,7,1,random_forest,0,0.2840631731075771
6,2024,8,0,random_forest,0,0.3278514232108311
6,2024,9,0,random_forest,0,0.24562964860378783
6,2024,11,1,random_forest,0,0.27314270241423244
6,2024,12,1,random_forest,0,0.13899641512856367
7,2023,11,0,random_forest,0,0.26596217538758893
7,2023,12,0,random_forest,0,0.1696187040534765
7,2024,1,0,random_forest,0,0.13927817455737052
7,2024,2,0,random_forest,0,0.19252348434671404
7,2024,3,0,random_forest,0,0.20158077889422524
7,2024,4,0,random_forest,0,0.2513955490319365
7,2024,5,1,random_forest,0,0.20006823490271092
7,2024,6,1,random_forest,0,0.234485111518161
7,2024,7,1,random_forest,0,0.3074351355489243
7,2024,8,0,random_forest,0,0.24645743743543524
7,2024,9,0,random_forest,0,0.19634999510188994
7,2024,11,1,random_forest,0,0.2116936449343619
7,2024,12,1,random_forest,0,0.12225868017213733
8,2023,11,1,random_forest,0,0.09200627574864234
8,2023,12,0,random_forest,0,0.094113998792946
8,2024,1,0,random_forest,0,0.11126986409838423
8,2024,2,0,random_forest,0,0.10474905322018521
8,2024,3,0,random_forest,0,0.05048830857848816
8,2024,4,0,random_forest,0,0.06179779311408195
8,2024,5,0,random_forest,0,0.07784603251879404
8,2024,6,0,random_forest,0,0.06618543131012165
8,2024,7,0,random_forest,0,0.06092584988315808
8,2024,8,0,random_forest,0,0.0807706684527736
8,2024,9,0,random_forest,0,0.07168595423600312
8,2024,11,0,random_forest,0,0.08684212335696705
8,2024,12,0,random_forest,0,0.05114818706012088
9,2023,11,0,random_forest,0,0.12334849785936695
9,2023,12,0,random_forest,0,0.13116849318019072
9,2024,1,0,random_forest,0,0.14961422634025554
9,2024,2,1,random_forest,0,0.16488114298718265
9,2024,3,0,random_forest,0,0.13219739133031624
9,2024,4,0,random_forest,0,0.10865949666854867
9,2024,5,0,random_forest,0,0.12061149366153295
9,2024,6,0,random_forest,0,0.10517110079980126
9,2024,7,0,random_forest,0,0.0796313639495299
9,2024,8,0,random_forest,0,0.10647913619300223
9,2024,9,0,random_forest,0,0.17532984261512266
9,2024,11,0,random_forest,0,0.17968113807972674
9,2024,12,0,random_forest,0,0.08762946444912534
10,2023,11,0,random_forest,0,0.07431921217373258
10,2023,12,0,random_forest,0,0.07943836734748083
10,2024,1,0,random_forest,0,0.16478276750661242
10,2024,2,0,random_forest,0,0.1234582892647533
10,2024,3,0,random_forest,0,0.03285982082189454
10,2024,4,0,random_forest,0,0.046593706394050256
10,2024,5,0,random_forest,0,0.07291497127383721
10,2024,6,0,random_forest,0,0.062480333471170726
10,2024,7,1,random_forest,0,0.06396990838290914
10,2024,8,0,random_forest,0,0.07301088799654659
10,2024,9,0,random_forest,0,0.03432520553028849
10,2024,11,0,random_forest,0,0.07666612711608466
10,2024,12,0,random_forest,0,0.02221955573566503
11,2023,11,0,random_forest,0,0.07621210371325617
11,2023,12,0,random_forest,0,0.07992425261605372
11,2024,1,0,random_forest,0,0.1452549105721451
11,2024,2,0,random_forest,0,0.09782386034018085
11,2024,3,0,random_forest,0,0.06698565431043926
11,2024,4,0,random_forest,0,0.038129778924503206
11,2024,5,0,random_forest,0,0.06913494839856321
11,2024,6,0,random_forest,0,0.018684886306298245
11,2024,7,1,random_forest,0,0.036062612118306095
11,2024,8,0,random_forest,0,0.045634424099778866
11,2024,9,0,random_forest,0,0.02960940044267429
11,2024,11,0,random_forest,0,0.0646142388538949
11,2024,12,0,random_forest,0,0.05478210076065448
12,2024,8,0,random_forest,0,0.2757497033713417
12,2024,9,1,random_forest,0,0.33864640359082604
12,2024,11,1,random_forest,0,0.28017995599286594
12,2024,12,0,random_forest,0,0.24864708708718894
13,2023,11,1,random_forest,0,0.17548860925609336
13,2023,12,1,random_forest,0,0.2069365095011201
13,2024,1,0,random_forest,0,0.1614499425261635
13,2024,2,0,random_forest,0,0.1460229508048343
13,2024,3,0,random_forest,0,0.2323524889817138
13,2024,4,0,random_forest,0,0.13061835134562969
13,2024,5,0,random_forest,0,0.23275327383308897
13,2024,6,1,random_forest,0,0.2870938093627714
13,2024,7,0,random_forest,0,0.2347833047505064
13,2024,8,0,random_forest,0,0.4523016399536981
13,2024,9,0,random_forest,0,0.3312667718556193
13,2024,11,1,random_forest,0,0.23973915573436774
13,2024,12,0,random_forest,0,0.1528314615265208
14,2023,11,0,random_forest,0,0.13977241831998952
14,2023,12,1,random_forest,0,0.08633831177882482
14,2024,1,0,random_forest,0,0.056493431257034044
14,2024,2,0,random_forest,0,0.13002113821190794
14,2024,3,0,random_forest,0,0.10032252808390442
14,2024,4,0,random_forest,0,0.17948665446674986
14,2024,5,0,random_forest,0,0.20464234802420206
14,2024,6,0,random_forest,0,0.07271844781557914
14,2024,7,0,random_forest,0,0.12935015113506007
14,2024,8,0,random_forest,0,0.183700676572964
14,2024,9,0,random_forest,0,0.18726263883884017
14,2024,11,0,random_forest,0,0.05318061477990459
14,2024,12,0,random_forest,0,0.03496259798337828
15,2023,11,0,random_forest,0,0.15002227411107694
15,2023,12,0,random_forest,0,0.15907220456588997
15,2024,1,1,random_forest,0,0.297219094218998
15,2024,2,1,random_forest,0,0.16908286820709137
15,2024,3,0,random_forest,0,0.32752826922103767
15,2024,4,1,random_forest,0,0.2923440024997616
15,2024,5,0,random_forest,0,0.48894017741437473
15,2024,6,0,random_forest,0,0.4768030418280615
15,2024,7,0,random_forest,1,0.6281393696403014
15,2024,8,1,random_forest,0,0.4287572709586277
15,2024,9,1,random_forest,1,0.5142943728586812
15,2024,11,0,random_forest,0,0.3043281664869809
15,2024,12,0,random_forest,0,0.33805508852512356
16,2023,11,1,random_forest,0,0.4828704686815493
16,2023,12,0,random_forest,0,0.26930455985491
16,2024,1,0,random_forest,0,0.21696990707342492
16,2024,2,0,random_forest,0,0.4056706625856199
16,2024,3,0,random_forest,1,0.512964160713126
16,2024,4,1,random_forest,1,0.579069085085021
16,2024,5,1,random_forest,0,0.45963880171660926
16,2024,6,1,random_forest,0,0.36012340044731544
16,2024,7,0,random_forest,1,0.5696235751305269
16,2024,8,1,random_forest,1,0.5213125097054425
16,2024,9,1,random_forest,0,0.4939319396766233
16,2024,11,0,random_forest,0,0.39537284131412725
16,2024,12,0,random_forest,0,0.3429483920489607
17,2023,11,1,random_forest,0,0.47620894210034964
17,2023,12,0,random_forest,0,0.2551000327927932
17,2024,1,0,random_forest,0,0.1857438223081174
17,2024,2,0,random_forest,1,0.5374139433587739
17,2024,3,0,random_forest,1,0.6381790235387392
17,2024,4,1,random_forest,1,0.6338816401606218
17,2024,5,1,random_forest,0,0.45285681565717073
17,2024,6,1,random_forest,0,0.2534518248182214
17,2024,7,0,random_forest,1,0.5254885427138618
17,2024,8,1,random_forest,1,0.5239865297205752
17,2024,9,1,random_forest,1,0.534018996516487
17,2024,11,0,random_forest,1,0.5300444694556754
17,2024,12,0,random_forest,0,0.21810066332671899
18,2023,11,0,random_forest,0,0.17900472862251499
18,2023,12,0,random_forest,0,0.13229381936599513
18,2024,1,1,random_forest,0,0.26971795262990467
18,2024,2,1,random_forest,0,0.18831678039694277
18,2024,3,0,random_forest,0,0.31737163467633817
18,2024,4,1,random_forest,0,0.22258258019185745
18,2024,5,0,random_forest,0,0.37842013089876714
18,2024,6,0,random_forest,0,0.4564495598754284
18,2024,7,0,random_forest,0,0.4638556988627166
18,2024,8,1,random_forest,0,0.3986967044248297
18,2024,9,1,random_forest,0,0.4236916085262716
18,2024,11,0,random_forest,0,0.2691046017617616
18,2024,12,0,random_forest,0,0.3116991155938227
19,2023,11,0,random_forest,0,0.08449352350110481
19,2023,12,0,random_forest,0,0.09359534182534532
19,2024,1,0,random_forest,0,0.13337566199402423
19,2024,2,0,random_forest,0,0.09488020028621699
19,2024,3,0,random_forest,0,0.05713619566958646
19,2024,4,0,random_forest,0,0.03339883264857687
19,2024,5,0,random_forest,0,0.07789147974638527
19,2024,6,0,random_forest,0,0.13424080492077448
19,2024,7,1,random_forest,0,0.05463657645534184
19,2024,8,0,random_forest,0,0.06173762392198591
19,2024,9,0,random_forest,0,0.04627165146741399
19,2024,11,0,random_forest,0,0.07146790742616141
19,2024,12,0,random_forest,0,0.04883638838076908
20,2023,11,0,random_forest,0,0.20031481331362458
20,2023,12,0,random_forest,0,0.20509234271849128
20,2024,1,0,random_forest,0,0.14740455791572485
20,2024,2,0,random_forest,0,0.17590042954825175
20,2024,3,0,random_forest,0,0.14491141643611344
20,2024,4,0,random_forest,0,0.1901281101237797
20,2024,5,0,random_forest,0,0.26363515393331066
20,2024,6,0,random_forest,0,0.20551792767736593
20,2024,7,0,random_forest,0,0.15354980709011848
20,2024,8,0,random_forest,0,0.1990513345442732
20,2024,9,0,random_forest,0,0.15747444754321585
20,2024,11,0,random_forest,0,0.13345076477014353
20,2024,12,0,random_forest,0,0.16521377876591511
21,2023,11,0,random_forest,0,0.1258963521468418
21,2023,12,0,random_forest,0,0.07468756408011973
21,2024,1,0,random_forest,0,0.12189222354745159
21,2024,2,0,random_forest,0,0.15249546463007843
21,2024,3,0,random_forest,0,0.08790714023187939
21,2024,4,0,random_forest,0,0.10906104611833636
21,2024,5,0,random_forest,0,0.18507025621804993
21,2024,6,0,random_forest,0,0.11841322709598917
21,2024,7,0,random_forest,0,0.138322838574374
21,2024,8,0,random_forest,0,0.15729233855602698
21,2024,9,0,random_forest,0,0.10610018898809949
21,2024,11,0,random_forest,0,0.09947185430045667
21,2024,12,0,random_forest,0,0.03069713233314477
22,2023,11,0,random_forest,0,0.24947073404810235
22,2023,12,1,random_forest,0,0.22462224346191823
22,2024,1,1,random_forest,0,0.1781278694703569
22,2024,2,0,random_forest,0,0.28287537858615613
22,2024,3,0,random_forest,0,0.1634345023579547
22,2024,4,1,random_forest,0,0.17528917400980645
22,2024,5,0,random_forest,0,0.18739116592361704
22,2024,6,1,random_forest,0,0.10356881910265346
22,2024,7,0,random_forest,0,0.1694665511659035
22,2024,8,0,random_forest,0,0.14140802055790588
22,2024,9,0,random_forest,0,0.11772384548650067
22,2024,11,0,random_forest,0,0.2172813625029921
22,2024,12,0,random_forest,0,0.08949955659711883
23,2023,11,0,random_forest,0,0.306293718266329
23,2023,12,1,random_forest,0,0.26320064769666474
23,2024,1,1,random_forest,0,0.16782356825926584
23,2024,2,1,random_forest,0,0.2741347644838989
23,2024,3,0,random_forest,0,0.2041102282274088
23,2024,4,1,random_forest,0,0.1930417411351477
23,2024,5,0,random_forest,0,0.197783758302385
23,2024,6,1,random_forest,0,0.11932197584783288
23,2024,7,0,random_forest,0,0.15479392659807384
23,2024,8,0,random_forest,0,0.16473831611233689
23,2024,9,1,random_forest,0,0.12101111421144649
23,2024,11,0,random_forest,0,0.20833562932867553
23,2024,12,0,random_forest,0,0.17408429000371364
24,2023,11,0,random_forest,0,0.31546855119995637
24,2023,12,1,random_forest,0,0.2907457991774121
24,2024,1,1,random_forest,0,0.17247997712898316
24,2024,2,0,random_forest,0,0.3556619141059387
24,2024,3,0,random_forest,0,0.20843193576402583
24,2024,4,1,random_forest,0,0.22945307388187713
24,2024,5,0,random_forest,0,0.23977153188718925
24,2024,6,1,random_forest,0,0.11431471057386432
24,2024,7,0,random_forest,0,0.20566411711964575
24,2024,8,0,random_forest,0,0.16727893760674395
24,2024,9,1,random_forest,0,0.13311287121963494
24,2024,11,0,random_forest,0,0.24461049282242503
24,2024,12,0,random_forest,0,0.08942232104514741
25,2023,11,1,random_forest,0,0.24506038006580919
25,2023,12,0,random_forest,0,0.17796873038143143
25,2024,1,1,random_forest,0,0.1000004359582218
25,2024,2,1,random_forest,0,0.19732473400128187
25,2024,3,0,random_forest,0,0.3556373458948776
25,2024,4,0,random_forest,0,0.24213537337009167
25,2024,5,1,random_forest,0,0.24761552239891046
25,2024,6,1,random_forest,0,0.18388719347710464
25,2024,7,0,random_forest,0,0.20307917866337002
25,2024,8,1,random_forest,0,0.16227239417072045
25,2024,9,1,random_forest,0,0.2459501014649519
25,2024,11,0,random_forest,0,0.2833855676354442
25,2024,12,0,random_forest,0,0.10414354084576918
26,2023,11,0,random_forest,0,0.1784916589467796
26,2023,12,0,random_forest,0,0.19784200832196988
26,2024,1,0,random_forest,0,0.11280743583144667
26,2024,2,0,random_forest,0,0.17919862143838752
26,2024,3,0,random_forest,0,0.05477433185529802
26,2024,4,0,random_forest,0,0.09059049690947431
26,2024,5,0,random_forest,0,0.12063711476827356
26,2024,6,0,random_forest,0,0.08207968111264913
26,2024,7,0,random_forest,0,0.05361006482361821
26,2024,8,0,random_forest,0,0.10768992672829815
26,2024,9,0,random_forest,0,0.08573462258961413
26,2024,11,0,random_forest,0,0.1018697079382331
26,2024,12,0,random_forest,0,0.05202545512851276
27,2023,11,0,random_forest,0,0.14811036045137807
27,2023,12,0,random_forest,0,0.23488132289465175
27,2024,1,0,random_forest,0,0.17455607322296093
27,2024,2,0,random_forest,0,0.18284987853671855
27,2024,3,0,random_forest,0,0.07513510172428776
27,2024,4,0,random_forest,0,0.09961800958678517
27,2024,5,0,random_forest,0,0.1092767803933192
27,2024,6,0,random_forest,0,0.03823046820963634
27,2024,7,0,random_forest,0,0.06723348151460935
27,2024,8,0,random_forest,0,0.07760141291787527
27,2024,9,1,random_forest,0,0.04136190592804157
27,2024,11,0,random_forest,0,0.07514288705796596
27,2024,12,0,random_forest,0,0.09760733407572438
28,2023,11,0,random_forest,0,0.13737867168170348
28,2023,12,0,random_forest,0,0.13159981934156104
28,2024,1,0,random_forest,0,0.04761309223274079
28,2024,2,0,random_forest,0,0.1615411978135144
28,2024,3,0,random_forest,0,0.06809005821855638
28,2024,4,0,random_forest,0,0.11811020821719877
28,2024,5,0,random_forest,0,0.1470168441418183
28,2024,6,0,random_forest,0,0.0440479896096729
28,2024,7,0,random_forest,0,0.04604724088894192
28,2024,8,0,random_forest,0,0.03917154926309735
28,2024,9,0,random_forest,0,0.060697199985954964
28,2024,11,0,random_forest,0,0.08241723479410994
28,2024,12,0,random_forest,0,0.06439292885462072
29,2023,11,0,random_forest,0,0.1481731476088607
29,2023,12,0,random_forest,0,0.19509168269585808
29,2024,1,0,random_forest,0,0.11135731776091926
29,2024,2,0,random_forest,0,0.18002014770620697
29,2024,3,0,random_forest,0,0.11495157455990489
29,2024,4,0,random_forest,0,0.10890637478908713
29,2024,5,0,random_forest,0,0.16208748175332013
29,2024,6,0,random_forest,0,0.052022032236379016
29,2024,7,0,random_forest,0,0.06578229116987408
29,2024,8,0,random_forest,0,0.07180596221459568
29,2024,9,0,random_forest,0,0.05868541260759366
29,2024,11,0,random_forest,0,0.06681431117995133
29,2024,12,0,random_forest,0,0.18324010311349165
30,2023,11,0,random_forest,0,0.09107467085916901
30,2023,12,0,random_forest,0,0.07554927714087412
30,2024,1,0,random_forest,0,0.07453309973332813
30,2024,2,0,random_forest,0,0.10550492835865802
30,2024,3,0,random_forest,0,0.102595082961969
30,2024,4,0,random_forest,0,0.05824097816992062
30,2024,5,0,random_forest,0,0.1273609388622628
30,2024,6,0,random_forest,0,0.10425111563210954
30,2024,7,0,random_forest,0,0.030272612892992566
30,2024,8,0,random_forest,0,0.08603055534059935
30,2024,9,0,random_forest,0,0.2071139231966711
30,2024,11,0,random_forest,0,0.056025714383859865
30,2024,12,0,random_forest,0,0.06618540337737075
31,2023,11,0,random_forest,0,0.1283337954871855
31,2023,12,0,random_forest,0,0.1068663781067284
31,2024,1,0,random_forest,0,0.11876577641358868
31,2024,2,0,random_forest,0,0.12145124407549932
31,2024,3,0,random_forest,0,0.05823543217614016
31,2024,4,0,random_forest,0,0.047063291465473125
31,2024,5,0,random_forest,0,0.10168181223568938
31,2024,6,0,random_forest,0,0.10378006689682386
31,2024,7,0,random_forest,0,0.09563329764421018
31,2024,8,0,random_forest,0,0.19524936620045585
31,2024,9,0,random_forest,0,0.13416993574895134
31,2024,11,0,random_forest,0,0.08691526984125186
31,2024,12,0,random_forest,0,0.0580502656349136
32,2023,11,0,random_forest,0,0.08214969773600504
32,2023,12,0,random_forest,0,0.05929057933483192
32,2024,1,0,random_forest,0,0.06915380898091569
32,2024,2,0,random_forest,0,0.142080076178251
32,2024,3,0,random_forest,0,0.08111351673163478
32,2024,4,0,random_forest,0,0.07748335959984672
32,2024,5,0,random_forest,0,0.0988776768844185
32,2024,6,0,random_forest,0,0.058582882671199446
32,2024,7,0,random_forest,0,0.032769842136588144
32,2024,8,0,random_forest,0,0.07710712041910753
32,2024,9,0,random_forest,0,0.10161995825749967
32,2024,11,0,random_forest,0,0.08116590552508708
32,2024,12,0,random_forest,0,0.08413058941090133
33,2023,11,0,random_forest,0,0.1807502658490881
33,2023,12,0,random_forest,0,0.18592404347228905
33,2024,1,0,random_forest,0,0.07374683533088024
33,2024,2,0,random_forest,0,0.20207557302906576
33,2024,3,0,random_forest,0,0.11269530976185148
33,2024,4,0,random_forest,0,0.1283869653320046
33,2024,5,0,random_forest,0,0.14685979265740703
33,2024,6,0,random_forest,0,0.061462881467550724
33,2024,7,0,random_forest,0,0.04352313945358278
33,2024,8,0,random_forest,0,0.06428609436140645
33,2024,9,0,random_forest,0,0.14474100470611112
33,2024,11,0,random_forest,0,0.10744458293894928
33,2024,12,0,random_forest,0,0.10662086182436467
34,2023,11,0,random_forest,0,0.10537055039439912
34,2023,12,0,random_forest,0,0.11015544372443319
34,2024,1,0,random_forest,0,0.06937680773372545
34,2024,2,0,random_forest,0,0.10160773098139636
34,2024,3,0,random_forest,0,0.03819069690836927
34,2024,4,0,random_forest,0,0.11320146832642919
34,2024,5,0,random_forest,0,0.0801428220914662
34,2024,6,0,random_forest,0,0.03559250231389001
34,2024,7,0,random_forest,0,0.07400750345228879
34,2024,8,0,random_forest,0,0.08498159644607864
34,2024,9,0,random_forest,0,0.054668220400835174
34,2024,11,0,random_forest,0,0.05858971581871645
34,2024,12,0,random_forest,0,0.039682939508899305
35,2023,11,0,random_forest,0,0.12768873810525344
35,2023,12,0,random_forest,0,0.12222569508178602
35,2024,1,0,random_forest,0,0.09403647849530052
35,2024,2,0,random_forest,0,0.11871092869441834
35,2024,3,0,random_forest,0,0.06095211895461537
35,2024,4,0,random_forest,0,0.047996080880226555
35,2024,5,0,random_forest,0,0.12604418977001372
35,2024,6,0,random_forest,0,0.028996834435886753
35,2024,7,0,random_forest,0,0.05744471474695121
35,2024,8,0,random_forest,0,0.1510536977904366
35,2024,9,0,random_forest,0,0.07952631973141608
35,2024,11,0,random_forest,0,0.05482466353964612
35,2024,12,0,random_forest,0,0.0834049534865571
36,2023,11,0,random_forest,0,0.08161175582006978
36,2023,12,0,random_forest,0,0.07683215625964071
36,2024,1,0,random_forest,0,0.08990778572625475
36,2024,2,0,random_forest,0,0.11653703702848775
36,2024,3,0,random_forest,0,0.06995628444576688
36,2024,4,0,random_forest,0,0.05700049447497058
36,2024,5,0,random_forest,0,0.11793456716797614
36,2024,6,0,random_forest,0,0.06228326508132664
36,2024,7,0,random_forest,0,0.05274855771034248
36,2024,8,0,random_forest,0,0.10414566644018591
36,2024,9,0,random_forest,0,0.045840975107013765
36,2024,11,0,random_forest,0,0.0472373956009921
36,2024,12,0,random_forest,0,0.06352710022860446
37,2023,11,0,random_forest,0,0.22465197673824014
37,2023,12,0,random_forest,0,0.12185171108627531
37,2024,1,0,random_forest,0,0.06920752088254066
37,2024,2,1,random_forest,0,0.22910714542403318
37,2024,3,0,random_forest,0,0.11450870078249073
37,2024,4,0,random_forest,0,0.17887657685299763
37,2024,5,1,random_forest,0,0.18943653302967245
37,2024,6,0,random_forest,0,0.1028041784671391
37,2024,7,0,random_forest,0,0.16468216505607275
37,2024,8,0,random_forest,0,0.10353492012678087
37,2024,9,0,random_forest,0,0.1306545572434014
37,2024,11,0,random_forest,0,0.12048951712177912
37,2024,12,0,random_forest,0,0.07160862528834705
38,2023,11,0,random_forest,0,0.08818040368783686
38,2023,12,0,random_forest,0,0.07626589399434253
38,2024,1,0,random_forest,0,0.07143950670451271
38,2024,2,1,random_forest,0,0.12426278461115348
38,2024,3,0,random_forest,0,0.060434529864897814
38,2024,4,0,random_forest,0,0.05674470813615494
38,2024,5,1,random_forest,0,0.09964502629036835
38,2024,6,0,random_forest,0,0.058115729682097654
38,2024,7,0,random_forest,0,0.06846366028184923
38,2024,8,0,random_forest,0,0.13477575606458742
38,2024,9,0,random_forest,0,0.12285789840602462
38,2024,11,0,random_forest,0,0.09509274849377873
38,2024,12,0,random_forest,0,0.0638577188741324
39,2023,11,0,random_forest,0,0.055521222218509435
39,2023,12,0,random_forest,0,0.07213099903334037
39,2024,1,0,random_forest,0,0.08506199342415012
39,2024,2,0,random_forest,0,0.10361878792654738
39,2024,3,0,random_forest,0,0.07776109533751979
39,2024,4,0,random_forest,0,0.07558497472131803
39,2024,5,0,random_forest,0,0.13058954393047814
39,2024,6,0,random_forest,0,0.030738735981188422
39,2024,7,0,random_forest,0,0.023957219281657716
39,2024,8,0,random_forest,0,0.08352370730178968
39,2024,9,0,random_forest,0,0.07069412983293029
39,2024,11,0,random_forest,0,0.07197608822128768
39,2024,12,0,random_forest,0,0.07689384848501783
40,2023,11,0,random_forest,0,0.07536549139375859
40,2023,12,0,random_forest,0,0.07750287965727003
40,2024,1,0,random_forest,0,0.088285366377101
40,2024,2,0,random_forest,0,0.12104950934302496
40,2024,3,0,random_forest,0,0.08666303844207701
40,2024,4,0,random_forest,0,0.08288951650550573
40,2024,5,0,random_forest,0,0.1414024992758281
40,2024,6,0,random_forest,0,0.02675375394656659
40,2024,7,0,random_forest,0,0.05384721957998379
40,2024,8,0,random_forest,0,0.06752455141825742
40,2024,9,0,random_forest,0,0.07238610137596634
40,2024,11,0,random_forest,0,0.07776073126124441
40,2024,12,0,random_forest,0,0.059446224566194555
41,2023,11,0,random_forest,0,0.2021812379447926
41,2023,12,1,random_forest,0,0.22337208549421836
41,2024,1,0,random_forest,0,0.11043533226659176
41,2024,2,1,random_forest,0,0.2628038922218593
41,2024,3,1,random_forest,0,0.1839658408620462
41,2024,4,0,random_forest,0,0.17137914923492667
41,2024,5,0,random_forest,0,0.20979018026406696
41,2024,6,0,random_forest,0,0.2212291905795713
41,2024,7,0,random_forest,0,0.1670047282363753
41,2024,8,0,random_forest,0,0.10758817991325578
41,2024,9,0,random_forest,0,0.21380367999164454
41,2024,11,0,random_forest,0,0.1632169211887441
41,2024,12,0,random_forest,0,0.16922145718327897
42,2023,11,0,random_forest,0,0.2324845894265231
42,2023,12,1,random_forest,0,0.2259755252259884
42,2024,1,0,random_forest,0,0.1227418615182962
42,2024,2,1,random_forest,0,0.28441639704126953
42,2024,3,1,random_forest,0,0.18523622091542097
42,2024,4,0,random_forest,0,0.16656208931783495
42,2024,5,0,random_forest,0,0.1850915813835795
42,2024,6,0,random_forest,0,0.15737316485102212
42,2024,7,0,random_forest,0,0.1017864361414997
42,2024,8,0,random_forest,0,0.12177345340942662
42,2024,9,0,random_forest,0,0.21739992869801428
42,2024,11,0,random_forest,0,0.14853177071347928
42,2024,12,0,random_forest,0,0.16229831892527605
43,2023,11,1,random_forest,0,0.06223267268690272
43,2023,12,0,random_forest,0,0.06360846158917209
43,2024,1,0,random_forest,0,0.06229479309515726
43,2024,2,0,random_forest,0,0.0903670865499122
43,2024,3,0,random_forest,0,0.10159006488311871
43,2024,4,0,random_forest,0,0.09942393801984895
43,2024,5,0,random_forest,0,0.1271871371874643
43,2024,6,0,random_forest,0,0.041606142768279224
43,2024,7,0,random_forest,0,0.10525281647782458
43,2024,8,0,random_forest,0,0.23761772511064105
43,2024,9,0,random_forest,0,0.1526582544337424
43,2024,11,0,random_forest,0,0.08428032121040858
43,2024,12,0,random_forest,0,0.0638725117199757
44,2023,11,1,random_forest,0,0.14777086161355144
44,2023,12,0,random_forest,0,0.09992897578498801
44,2024,1,0,random_forest,0,0.07577065727622574
44,2024,2,0,random_forest,0,0.1159939234338768
44,2024,3,0,random_forest,0,0.039530675669671306
44,2024,4,0,random_forest,0,0.04611944668474806
44,2024,5,0,random_forest,0,0.18229399127815624
44,2024,6,0,random_forest,0,0.07815094930276818
44,2024,7,0,random_forest,0,0.10435962726347335
44,2024,8,0,random_forest,0,0.14257961570254504
44,2024,9,0,random_forest,0,0.12675424483158962
44,2024,11,0,random_forest,0,0.0649043212302744
44,2024,12,0,random_forest,0,0.08793747777027001
45,2023,11,0,random_forest,0,0.2710132842141518
45,2023,12,0,random_forest,0,0.16157237031115193
45,2024,1,0,random_forest,0,0.10123202683354934
45,2024,2,0,random_forest,0,0.31023069046515184
45,2024,3,1,random_forest,0,0.15299127126442477
45,2024,4,0,random_forest,0,0.1677066177545
45,2024,5,0,random_forest,0,0.18217328994144116
45,2024,6,0,random_forest,0,0.18700818327826813
45,2024,7,0,random_forest,0,0.23354173379211324
45,2024,8,1,random_forest,0,0.14459610241148538
45,2024,9,0,random_forest,0,0.1697245852011204
45,2024,11,0,random_forest,0,0.2029696605945684
45,2024,12,0,random_forest,0,0.06489101429764557
46,2023,11,0,random_forest,0,0.29989519042165486
46,2023,12,0,random_forest,0,0.15744939399915298
46,2024,1,0,random_forest,0,0.09253407394388612
46,2024,2,0,random_forest,0,0.28051394059413426
46,2024,3,1,random_forest,0,0.18323749207005835
46,2024,4,0,random_forest,0,0.18374676678175783
46,2024,5,0,random_forest,0,0.2216545588516629
46,2024,6,0,random_forest,0,0.15770383960176895
46,2024,7,0,random_forest,0,0.15068519651704898
46,2024,8,1,random_forest,0,0.13877262432396462
46,2024,9,0,random_forest,0,0.17128854665402626
46,2024,11,0,random_forest,0,0.19168578116721396
46,2024,12,0,random_forest,0,0.074409569016109
47,2023,11,1,random_forest,0,0.30169414961433944
47,2023,12,0,random_forest,0,0.25874010474776254
47,2024,1,0,random_forest,0,0.11491668022674205
47,2024,2,0,random_forest,0,0.2632301679631791
47,2024,3,0,random_forest,0,0.23866561146521292
47,2024,4,0,random_forest,0,0.23479813079994633
47,2024,5,0,random_forest,0,0.26783980688154413
47,2024,6,0,random_forest,0,0.14037929328191023
47,2024,7,0,random_forest,0,0.14821754643238605
47,2024,8,0,random_forest,0,0.11575837133208097
47,2024,9,0,random_forest,0,0.1438398984607869
47,2024,11,0,random_forest,0,0.1494513968994887
47,2024,12,0,random_forest,0,0.11360620398754952
48,2023,11,0,random_forest,0,0.13393035988791524
48,2023,12,0,random_forest,0,0.10889511589232306
48,2024,1,0,random_forest,0,0.0752392815126694
48,2024,2,0,random_forest,0,0.12667504566772747
48,2024,3,0,random_forest,0,0.07426730020307189
48,2024,4,0,random_forest,0,0.05807539803735351
48,2024,5,0,random_forest,0,0.13336506806671047
48,2024,6,0,random_forest,0,0.0670153321466342
48,2024,7,0,random_forest,0,0.11780682248078737
48,2024,8,0,random_forest,0,0.4162495801995413
48,2024,9,1,random_forest,0,0.16785603250250558
48,2024,11,0,random_forest,0,0.06366257765316373
48,2024,12,0,random_forest,0,0.07494435924306801
49,2023,11,0,random_forest,0,0.2493157317193651
49,2023,12,0,random_forest,0,0.3028608357474515
49,2024,1,0,random_forest,0,0.16786623833125705
49,2024,2,0,random_forest,0,0.2736201993648021
49,2024,3,0,random_forest,0,0.14188711432538367
49,2024,4,0,random_forest,0,0.177666893602604
49,2024,5,1,random_forest,0,0.29698581684628406
49,2024,6,1,random_forest,0,0.1999135794261419
49,2024,7,0,random_forest,0,0.1692231695906276
49,2024,8,0,random_forest,0,0.16984429108537563
49,2024,9,0,random_forest,0,0.13451443734713775
49,2024,11,0,random_forest,0,0.1683516113796569
49,2024,12,0,random_forest,0,0.14689841285620897
50,2023,11,0,random_forest,0,0.15286592692356776
50,2023,12,0,random_forest,0,0.1455918720755434
50,2024,1,0,random_forest,0,0.10836570868230268
50,2024,2,0,random_forest,0,0.20822314443799703
50,2024,3,0,random_forest,0,0.12508619653623912
50,2024,4,0,random_forest,0,0.12940639485845173
50,2024,5,0,random_forest,0,0.06971238856024765
50,2024,6,0,random_forest,0,0.06154804257380609
50,2024,7,0,random_forest,0,0.14011851996138203
50,2024,8,0,random_forest,0,0.16014341191296905
50,2024,9,0,random_forest,0,0.24167858908798498
50,2024,11,0,random_forest,0,0.10116123642015377
50,2024,12,0,random_forest,0,0.10270172833966523
51,2023,11,0,random_forest,0,0.1800756821157272
51,2023,12,0,random_forest,0,0.14548667325629405
51,2024,1,0,random_forest,0,0.20763036776450472
51,2024,2,0,random_forest,0,0.2161021964464832
51,2024,3,0,random_forest,0,0.2869904974980464
51,2024,4,0,random_forest,0,0.18013483610518669
51,2024,5,0,random_forest,0,0.18467458464975312
51,2024,6,0,random_forest,0,0.25975926194473276
51,2024,7,0,random_forest,0,0.17415692010210318
51,2024,8,0,random_forest,0,0.3298696927393102
51,2024,9,0,random_forest,0,0.28370988780871853
51,2024,11,0,random_forest,0,0.2096158677414429
51,2024,12,0,random_forest,0,0.205836353223567
52,2023,11,0,random_forest,0,0.3193313445103754
52,2023,12,0,random_forest,0,0.16201489767390523
52,2024,1,1,random_forest,0,0.17021898298454086
52,2024,2,0,random_forest,0,0.14423154592519974
52,2024,3,0,random_forest,0,0.24087026268713843
52,2024,4,0,random_forest,0,0.2325397382246707
52,2024,5,1,random_forest,0,0.19570413966098524
52,2024,6,0,random_forest,0,0.14057059454247026
52,2024,7,0,random_forest,0,0.06714538600046405
52,2024,8,0,random_forest,0,0.2568958981088656
52,2024,9,1,random_forest,0,0.11562434254497612
52,2024,11,0,random_forest,0,0.11577182302959273
52,2024,12,0,random_forest,0,0.15926680020751957
53,2023,11,0,random_forest,0,0.1371593866303646
53,2023,12,0,random_forest,0,0.1744701386708657
53,2024,1,0,random_forest,0,0.10681662608909188
53,2024,2,0,random_forest,0,0.13666268160048065
53,2024,3,0,random_forest,0,0.07130531160064847
53,2024,4,0,random_forest,0,0.07837995466886734
53,2024,5,1,random_forest,0,0.08511051754281232
53,2024,6,0,random_forest,0,0.15012916113298014
53,2024,7,0,random_forest,0,0.0980080269716743
53,2024,8,0,random_forest,0,0.26658122535715373
53,2024,9,0,random_forest,0,0.13809811002980238
53,2024,11,0,random_forest,0,0.08329776815825167
53,2024,12,0,random_forest,0,0.09618936266099207
54,2023,11,0,random_forest,0,0.12964752606359983
54,2023,12,0,random_forest,0,0.1547496189874947
54,2024,1,0,random_forest,0,0.12402406556213882
54,2024,2,0,random_forest,0,0.13978784137253283
54,2024,3,0,random_forest,0,0.09625670682769026
54,2024,4,0,random_forest,0,0.11613920421132759
54,2024,5,1,random_forest,0,0.13114200560563785
54,2024,6,0,random_forest,0,0.20584975461280855
54,2024,7,0,random_forest,0,0.16926903701577972
54,2024,8,0,random_forest,0,0.4019800117313854
54,2024,9,0,random_forest,0,0.1770179169799386
54,2024,11,0,random_forest,0,0.09556965185992095
54,2024,12,0,random_forest,0,0.09495926363923883
55,2023,11,0,random_forest,0,0.22001096835096376
55,2023,12,0,random_forest,0,0.0918986232407224
55,2024,1,0,random_forest,0,0.09383031669686424
55,2024,2,1,random_forest,0,0.179574213578495
55,2024,3,0,random_forest,0,0.08828741480821146
55,2024,4,0,random_forest,0,0.12552114626823957
55,2024,5,0,random_forest,0,0.1811391067330381
55,2024,6,0,random_forest,0,0.12067713409689136
55,2024,7,0,random_forest,0,0.03361860029125496
55,2024,8,0,random_forest,0,0.15491411664354227
55,2024,9,0,random_forest,0,0.12468446645828382
55,2024,11,0,random_forest,0,0.13588270378604106
55,2024,12,0,random_forest,0,0.07509407232929222
56,2023,11,0,random_forest,0,0.22636309789616899
56,2023,12,0,random_forest,0,0.10503681680587693
56,2024,1,0,random_forest,0,0.1160179816636758
56,2024,2,1,random_forest,0,0.2154256510627086
56,2024,3,0,random_forest,0,0.1019573735460736
56,2024,4,0,random_forest,0,0.12973185991639363
56,2024,5,0,random_forest,0,0.12293637633920822
56,2024,6,0,random_forest,0,0.08725953715010751
56,2024,7,0,random_forest,0,0.046731479690841585
56,2024,8,0,random_forest,0,0.11660230649173499
56,2024,9,0,random_forest,0,0.08330849670496838
56,2024,11,0,random_forest,0,0.15663756638410548
56,2024,12,0,random_forest,0,0.10211557867375161
57,2023,11,0,random_forest,0,0.137982061614607
57,2023,12,0,random_forest,0,0.024611027142361904
57,2024,1,0,random_forest,0,0.056541062408725674
57,2024,2,0,random_forest,0,0.08935586062258194
57,2024,3,0,random_forest,0,0.049467733005705374
57,2024,4,0,random_forest,0,0.06154204337318196
57,2024,5,1,random_forest,0,0.051541891118102846
57,2024,6,0,random_forest,0,0.043172290017820136
57,2024,7,1,random_forest,0,0.07053130097825044
57,2024,8,0,random_forest,0,0.15656920672967126
57,2024,9,0,random_forest,0,0.09128019384195935
57,2024,11,0,random_forest,0,0.06134298766175468
57,2024,12,0,random_forest,0,0.045626960089797976
58,2023,11,0,random_forest,0,0.08925218301147686
58,2023,12,0,random_forest,0,0.051455957302391046
58,2024,1,0,random_forest,0,0.06958123870157383
58,2024,2,0,random_forest,0,0.08916842811196442
58,2024,3,0,random_forest,0,0.02936528537546217
58,2024,4,0,random_forest,0,0.062436090085818505
58,2024,5,1,random_forest,0,0.035388242758495954
58,2024,6,0,random_forest,0,0.026695447888118392
58,2024,7,1,random_forest,0,0.03722504899400004
58,2024,8,0,random_forest,0,0.11322423544291879
58,2024,9,0,random_forest,0,0.06244969431679767
58,2024,11,0,random_forest,0,0.05589218502660284
58,2024,12,0,random_forest,0,0.04149481900683722
59,2023,11,0,random_forest,0,0.08297838116038783
59,2023,12,0,random_forest,0,0.05504957489978112
59,2024,1,0,random_forest,0,0.11133640426534122
59,2024,2,0,random_forest,0,0.2329429028777626
59,2024,3,0,random_forest,0,0.14561638226824952
59,2024,4,1,random_forest,0,0.06165131622146033
59,2024,5,0,random_forest,0,0.026389519556556478
59,2024,6,0,random_forest,0,0.09158068372264681
59,2024,7,0,random_forest,0,0.05422381905321254
59,2024,8,0,random_forest,0,0.19645534940169457
59,2024,9,0,random_forest,0,0.09660231413543802
59,2024,11,0,random_forest,0,0.11892390198054036
59,2024,12,0,random_forest,0,0.10361424644191915
60,2023,11,0,random_forest,0,0.08911267741431658
60,2023,12,0,random_forest,0,0.07806533157935962
60,2024,1,0,random_forest,0,0.11906898742764305
60,2024,2,0,random_forest,0,0.14562552746554863
60,2024,3,0,random_forest,0,0.1133201648326182
60,2024,4,1,random_forest,0,0.0455434747459262
60,2024,5,0,random_forest,0,0.026719267403610386
60,2024,6,0,random_forest,0,0.1016408719017836
60,2024,7,0,random_forest,0,0.07102406772954906
60,2024,8,0,random_forest,0,0.18494438564327415
60,2024,9,0,random_forest,0,0.08129963442051097
60,2024,11,0,random_forest,0,0.09925806330301819
60,2024,12,0,random_forest,0,0.1027032418308768
61,2023,11,0,random_forest,0,0.15520056829256176
61,2023,12,0,random_forest,0,0.10037720289963348
61,2024,1,0,random_forest,0,0.10862714893178106
61,2024,2,0,random_forest,0,0.1882924399828268
61,2024,3,0,random_forest,0,0.09949915178727799
61,2024,4,0,random_forest,0,0.1177254404161404
61,2024,5,0,random_forest,0,0.07739467174404148
61,2024,6,0,random_forest,0,0.05699762745813819
61,2024,7,0,random_forest,0,0.3079592540352574
61,2024,8,0,random_forest,0,0.20246751198203816
61,2024,9,0,random_forest,0,0.09250424612986409
61,2024,11,0,random_forest,0,0.10810115153237074
61,2024,12,0,random_forest,0,0.13364363661573614
62,2023,11,0,random_forest,0,0.13508861701250774
62,2023,12,0,random_forest,0,0.07991214972291079
62,2024,1,0,random_forest,0,0.1002271673977614
62,2024,2,0,random_forest,0,0.1588367683070456
62,2024,3,0,random_forest,0,0.0918904631894693
62,2024,4,0,random_forest,0,0.11681482429838115
62,2024,5,0,random_forest,0,0.08530386343343092
62,2024,6,0,random_forest,0,0.06127339530474951
62,2024,7,0,random_forest,0,0.2217390078534761
62,2024,8,0,random_forest,0,0.20706991130667535
62,2024,9,0,random_forest,0,0.10210326547894646
62,2024,11,0,random_forest,0,0.12410925674234075
62,2024,12,0,random_forest,0,0.15866363241453943
63,2023,11,0,random_forest,0,0.12479936650047842
63,2023,12,0,random_forest,0,0.125443922162573
63,2024,1,0,random_forest,0,0.19770160987358645
63,2024,2,0,random_forest,0,0.1131293798831614
63,2024,3,0,random_forest,0,0.07241550014570355
63,2024,4,0,random_forest,0,0.07568446823539496
63,2024,5,0,random_forest,0,0.08955520710413918
63,2024,6,1,random_forest,0,0.0752810752316116
63,2024,7,1,random_forest,0,0.1873121355446143
63,2024,8,0,random_forest,0,0.264177409808588
63,2024,9,0,random_forest,0,0.08630179676405143
63,2024,11,0,random_forest,0,0.058575276225597765
63,2024,12,1,random_forest,0,0.12926767366815614
64,2023,11,0,random_forest,0,0.1609950157833353
64,2023,12,0,random_forest,0,0.20673868216774716
64,2024,1,0,random_forest,0,0.2780701224295013
64,2024,2,0,random_forest,0,0.13489257922117118
64,2024,3,0,random_forest,0,0.22725931217533932
64,2024,4,1,random_forest,0,0.2930272946010777
64,2024,5,0,random_forest,0,0.4506805048538064
64,2024,6,1,random_forest,1,0.5720593652917291
64,2024,7,0,random_forest,0,0.46998636962126
64,2024,8,0,random_forest,0,0.4277224267614739
64,2024,9,0,random_forest,0,0.46015381304549124
64,2024,11,0,random_forest,0,0.1170407184656661
64,2024,12,0,random_forest,0,0.2127483905980516
65,2023,11,0,random_forest,0,0.16686658943000396
65,2023,12,0,random_forest,0,0.18694790857569313
65,2024,1,0,random_forest,0,0.25129062442047856
65,2024,2,0,random_forest,0,0.20503952409499754
65,2024,3,0,random_forest,0,0.09517508139462763
65,2024,4,1,random_forest,0,0.12041618832028239
65,2024,5,0,random_forest,0,0.16650335293018168
65,2024,6,1,random_forest,0,0.2066855505855127
65,2024,7,0,random_forest,0,0.39700918021814563
65,2024,8,0,random_forest,0,0.35819349866238603
65,2024,9,0,random_forest,0,0.23907236838869925
65,2024,11,0,random_forest,0,0.10693379907022091
65,2024,12,1,random_forest,0,0.2248794099641163
66,2023,11,0,random_forest,0,0.11562502978003077
66,2023,12,0,random_forest,0,0.13164951084629514
66,2024,1,0,random_forest,0,0.19967181748391455
66,2024,2,0,random_forest,0,0.1221755209007789
66,2024,3,0,random_forest,0,0.10061523742457945
66,2024,4,0,random_forest,0,0.11942512790460669
66,2024,5,0,random_forest,0,0.17741503887441942
66,2024,6,1,random_forest,0,0.13511163501789245
66,2024,7,1,random_forest,0,0.3630533797868558
66,2024,8,0,random_forest,0,0.31969407240210035
66,2024,9,0,random_forest,0,0.2365172413718365
66,2024,11,0,random_forest,0,0.057787598500486724
66,2024,12,1,random_forest,0,0.1485640561295665
67,2023,11,0,random_forest,0,0.19655925538973257
67,2023,12,0,random_forest,0,0.11009078714556507
67,2024,1,0,random_forest,0,0.1384629576132614
67,2024,2,0,random_forest,0,0.17849218589605523
67,2024,3,0,random_forest,0,0.07535503547496149
67,2024,4,1,random_forest,0,0.08496280179772771
67,2024,5,0,random_forest,0,0.11951917461178124
67,2024,6,0,random_forest,0,0.20666244483267468
67,2024,7,0,random_forest,0,0.12980927401040857
67,2024,8,0,random_forest,0,0.19303273582740305
67,2024,9,0,random_forest,0,0.11359449352242124
67,2024,11,0,random_forest,0,0.1491803624096428
67,2024,12,0,random_forest,0,0.12719485544118522
68,2023,11,0,random_forest,0,0.13849040020255926
68,2023,12,0,random_forest,0,0.12412265768456514
68,2024,1,0,random_forest,0,0.13814146024445512
68,2024,2,0,random_forest,0,0.13226057971045765
68,2024,3,0,random_forest,0,0.05063792282193067
68,2024,4,1,random_forest,0,0.08276018276518217
68,2024,5,0,random_forest,0,0.13488033872247165
68,2024,6,0,random_forest,0,0.18362942338207416
68,2024,7,0,random_forest,0,0.1008687795068788
68,2024,8,0,random_forest,0,0.2802179421941467
68,2024,9,0,random_forest,0,0.13050318403724798
68,2024,11,0,random_forest,0,0.1303401851343866
68,2024,12,0,random_forest,0,0.118205019844889
69,2023,11,0,random_forest,1,0.6565610887059045
69,2023,12,0,random_forest,0,0.36993308698695687
69,2024,1,1,random_forest,0,0.33174610712129177
69,2024,2,0,random_forest,1,0.6192069835778864
69,2024,3,1,random_forest,1,0.851102984901298
69,2024,4,1,random_forest,1,0.8156549022989527
69,2024,5,1,random_forest,1,0.7839438879143572
69,2024,6,0,random_forest,1,0.8373637132966343
69,2024,7,0,random_forest,1,0.7997096986540227
69,2024,8,1,random_forest,1,0.7324510000804371
69,2024,9,1,random_forest,1,0.8549431314854682
69,2024,11,1,random_forest,1,0.7463367103645057
69,2024,12,0,random_forest,1,0.5003505841201519
70,2023,11,0,random_forest,0,0.3143701454665971
70,2023,12,0,random_forest,0,0.22502798143144395
70,2024,1,0,random_forest,0,0.09334064173175255
70,2024,2,0,random_forest,0,0.3678088654676779
70,2024,3,0,random_forest,0,0.3546984261158712
70,2024,4,0,random_forest,0,0.3396318966784398
70,2024,5,0,random_forest,0,0.2515048089344672
70,2024,6,1,random_forest,0,0.17302252602736376
70,2024,7,0,random_forest,0,0.16326476792333364
70,2024,8,0,random_forest,0,0.14604422762392247
70,2024,9,0,random_forest,0,0.11061393143262258
70,2024,11,0,random_forest,0,0.20312451060954936
70,2024,12,0,random_forest,0,0.1278296379312481
71,2023,11,0,random_forest,0,0.3217994742046511
71,2023,12,0,random_forest,0,0.24377960462830545
71,2024,1,0,random_forest,0,0.0940483979202555
71,2024,2,0,random_forest,0,0.33497684111316417
71,2024,3,0,random_forest,0,0.29204026494530383
71,2024,4,0,random_forest,0,0.28944955985194054
71,2024,5,0,random_forest,0,0.26331211828824747
71,2024,6,1,random_forest,0,0.17286276459233174
71,2024,7,0,random_forest,0,0.17731159055849888
71,2024,8,0,random_forest,0,0.22275705578180463
71,2024,9,0,random_forest,0,0.1261805338456118
71,2024,11,0,random_forest,0,0.18825200565003336
71,2024,12,0,random_forest,0,0.12451001825284254
72,2023,11,1,random_forest,0,0.1485294358098145
72,2023,12,0,random_forest,0,0.18366432007713202
72,2024,1,0,random_forest,0,0.09929784169809346
72,2024,2,0,random_forest,0,0.1415482918533667
72,2024,3,0,random_forest,0,0.043823159190753316
72,2024,4,0,random_forest,0,0.06054471023287257
72,2024,5,0,random_forest,0,0.09446192844041677
72,2024,6,0,random_forest,0,0.049403108871241976
72,2024,7,0,random_forest,0,0.09656188662059738
72,2024,8,0,random_forest,0,0.21038672018181054
72,2024,9,0,random_forest,0,0.06215414470201686
72,2024,11,0,random_forest,0,0.11200760315697039
72,2024,12,0,random_forest,0,0.08781749121303337
73,2023,11,1,random_forest,0,0.2184706477432852
73,2023,12,0,random_forest,0,0.24646502734231002
73,2024,1,0,random_forest,0,0.21562907277651353
73,2024,2,0,random_forest,0,0.2725438124767766
73,2024,3,0,random_forest,0,0.1720605487380236
73,2024,4,0,random_forest,0,0.13440617878774816
73,2024,5,0,random_forest,0,0.14139831765016836
73,2024,6,0,random_forest,0,0.2056371783602315
73,2024,7,0,random_forest,0,0.28128020799291886
73,2024,8,0,random_forest,0,0.2877150959123067
73,2024,9,0,random_forest,0,0.2187081705141902
73,2024,11,0,random_forest,0,0.16230674928655048
73,2024,12,0,random_forest,0,0.09090629530492195
74,2023,11,0,random_forest,0,0.1350313371429136
74,2023,12,1,random_forest,0,0.17872476999704948
74,2024,1,0,random_forest,0,0.2094713054448943
74,2024,2,0,random_forest,0,0.19243037980728692
74,2024,3,0,random_forest,0,0.11575953839813732
74,2024,4,0,random_forest,0,0.09854566720794897
74,2024,5,0,random_forest,0,0.07162545823025544
74,2024,6,0,random_forest,0,0.09636520346562841
74,2024,7,0,random_forest,0,0.09086832499074893
74,2024,8,0,random_forest,0,0.22374778896135045
74,2024,9,0,random_forest,0,0.0715243782329929
74,2024,11,0,random_forest,0,0.10702539062852007
74,2024,12,0,random_forest,0,0.1456367239860105
75,2023,11,0,random_forest,0,0.1861312259196991
75,2023,12,1,random_forest,0,0.2149382570696926
75,2024,1,0,random_forest,0,0.14913385818631858
75,2024,2,0,random_forest,0,0.19753703492961808
75,2024,3,0,random_forest,0,0.08280997488937666
75,2024,4,0,random_forest,0,0.15592859780746748
75,2024,5,0,random_forest,0,0.056641865527449986
75,2024,6,0,random_forest,0,0.07696428447318313
75,2024,7,0,random_forest,0,0.09645657916065742
75,2024,8,0,random_forest,0,0.21581425977164068
75,2024,9,0,random_forest,0,0.061874028285111855
75,2024,11,0,random_forest,0,0.11145353100462305
75,2024,12,0,random_forest,0,0.15421835705538678
76,2023,11,0,random_forest,0,0.13447557098458973
76,2023,12,0,random_forest,0,0.25325119926748574
76,2024,1,0,random_forest,0,0.12996802992733264
76,2024,2,0,random_forest,0,0.12335486261968759
76,2024,3,0,random_forest,0,0.04418686983347428
76,2024,4,0,random_forest,0,0.042043900864723364
76,2024,5,0,random_forest,0,0.07563116200524277
76,2024,6,0,random_forest,0,0.050003145103421055
76,2024,7,0,random_forest,0,0.030477727833429342
76,2024,8,0,random_forest,0,0.1398771334617652
76,2024,9,1,random_forest,0,0.09714378896739564
76,2024,11,0,random_forest,0,0.07765470408063627
76,2024,12,0,random_forest,0,0.10305647888242021
77,2023,11,1,random_forest,0,0.4881572280558355
77,2023,12,0,random_forest,0,0.3545764818945375
77,2024,1,0,random_forest,0,0.17758144355095784
77,2024,2,1,random_forest,0,0.32359079329458423
77,2024,3,0,random_forest,0,0.3996434677468519
77,2024,4,0,random_forest,0,0.4100140284276712
77,2024,5,1,random_forest,0,0.41086409119628026
77,2024,6,1,random_forest,0,0.4755245525851611
77,2024,7,0,random_forest,1,0.6109211605196313
77,2024,8,0,random_forest,1,0.5570195719108939
77,2024,9,1,random_forest,0,0.41571041972781825
77,2024,11,1,random_forest,0,0.40026362473989147
77,2024,12,0,random_forest,0,0.11485021124177038
78,2023,11,1,random_forest,0,0.1060632642890893
78,2023,12,0,random_forest,0,0.10569091761046198
78,2024,1,0,random_forest,0,0.03208866998224052
78,2024,2,0,random_forest,0,0.09293129506269465
78,2024,3,0,random_forest,0,0.0405711761622828
78,2024,4,0,random_forest,0,0.051173949845401315
78,2024,5,0,random_forest,0,0.05071903386991375
78,2024,6,0,random_forest,0,0.021449511232855586
78,2024,7,0,random_forest,0,0.038493212081290605
78,2024,8,0,random_forest,0,0.039042064188225596
78,2024,9,0,random_forest,0,0.04868604753766939
78,2024,11,0,random_forest,0,0.07113210122420062
78,2024,12,0,random_forest,0,0.02476722222467588
79,2023,11,1,random_forest,0,0.09092133158334537
79,2023,12,0,random_forest,0,0.09696600892811613
79,2024,1,0,random_forest,0,0.058716153139699225
79,2024,2,0,random_forest,0,0.13855599433848828
79,2024,3,0,random_forest,0,0.07201918627581805
79,2024,4,0,random_forest,0,0.1105796807013105
79,2024,5,0,random_forest,0,0.08472904947409479
79,2024,6,0,random_forest,0,0.04617574568732296
79,2024,7,0,random_forest,0,0.0431002730810315
79,2024,8,0,random_forest,0,0.04479598627234512
79,2024,9,0,random_forest,0,0.08778991643288955
79,2024,11,0,random_forest,0,0.11259570767026991
79,2024,12,0,random_forest,0,0.04013366543768926
80,2023,11,0,random_forest,0,0.10831458139639283
80,2023,12,0,random_forest,0,0.0808756610832414
80,2024,1,0,random_forest,0,0.04941193178997218
80,2024,2,0,random_forest,0,0.11135914493635636
80,2024,3,0,random_forest,0,0.039027592651223075
80,2024,4,0,random_forest,0,0.11402638577655205
80,2024,5,0,random_forest,0,0.19772408029084684
80,2024,12,0,random_forest,0,0.3182658165513009
81,2023,11,0,random_forest,0,0.060603626342195
81,2023,12,0,random_forest,0,0.11233280759399937
81,2024,1,0,random_forest,0,0.06799298662497759
81,2024,2,0,random_forest,0,0.11406047337765916
81,2024,3,0,random_forest,0,0.035315254014433556
81,2024,4,0,random_forest,0,0.08798767877300308
81,2024,5,0,random_forest,0,0.07293489406756674
81,2024,6,0,random_forest,0,0.02363031702523209
81,2024,7,0,random_forest,0,0.03530625753579683
81,2024,8,0,random_forest,0,0.09051017142886146
81,2024,9,0,random_forest,0,0.07513067464064793
81,2024,11,0,random_forest,0,0.05415221472170528
81,2024,12,0,random_forest,0,0.06302086057540611
82,2023,11,0,random_forest,0,0.06634920092428655
82,2023,12,0,random_forest,0,0.062390752746849076
82,2024,1,1,random_forest,0,0.039740049781191465
82,2024,2,0,random_forest,0,0.1022228535385854
82,2024,3,0,random_forest,0,0.04663239009558069
82,2024,4,0,random_forest,0,0.042938324421549864
82,2024,5,0,random_forest,0,0.05394238829029086
82,2024,6,0,random_forest,0,0.014776696679079757
82,2024,7,0,random_forest,0,0.010444631597734162
82,2024,8,0,random_forest,0,0.04631309935553268
82,2024,9,0,random_forest,0,0.05828607944607302
82,2024,11,0,random_forest,0,0.03756711519553306
82,2024,12,0,random_forest,0,0.03376097347639582
83,2023,11,0,random_forest,0,0.0630158675909532
83,2023,12,0,random_forest,0,0.06208377372430848
83,2024,1,1,random_forest,0,0.03640671644785813
83,2024,2,0,random_forest,0,0.10858439669058537
83,2024,3,0,random_forest,0,0.10805782629457535
83,2024,4,0,random_forest,0,0.11276983011114466
83,2024,5,0,random_forest,0,0.05704229628694673
83,2024,6,0,random_forest,0,0.015133204106969628
83,2024,7,0,random_forest,0,0.013069732485546914
83,2024,8,0,random_forest,0,0.03964643268886602
83,2024,9,0,random_forest,0,0.05810448367269008
83,2024,11,0,random_forest,0,0.03718202140528048
83,2024,12,0,random_forest,0,0.03138646618450365
84,2023,11,0,random_forest,0,0.13677043005095407
84,2023,12,0,random_forest,0,0.123147732145199
84,2024,1,0,random_forest,0,0.1252735769329027
84,2024,2,0,random_forest,0,0.13470774589554352
84,2024,3,0,random_forest,0,0.05137807006500997
84,2024,4,0,random_forest,0,0.05281480640074539
84,2024,5,0,random_forest,0,0.06758902524766548
84,2024,6,0,random_forest,0,0.04578683099824706
84,2024,7,1,random_forest,0,0.062419771827431546
84,2024,8,0,random_forest,0,0.15108553070248198
84,2024,9,0,random_forest,0,0.06143002469236643
84,2024,11,0,random_forest,0,0.11178920209526687
84,2024,12,0,random_forest,0,0.08084416903503297
85,2023,11,0,random_forest,0,0.0836023122468887
85,2023,12,0,random_forest,0,0.06109596051517226
85,2024,1,0,random_forest,0,0.03812031964224878
85,2024,2,0,random_forest,0,0.1046462608850716
85,2024,3,0,random_forest,0,0.022698618708795495
85,2024,4,0,random_forest,0,0.04881071755818883
85,2024,5,1,random_forest,0,0.03611974202646091
85,2024,6,0,random_forest,0,0.046012940645914394
85,2024,7,0,random_forest,0,0.14922720459500993
85,2024,8,0,random_forest,0,0.06437325269932725
85,2024,9,0,random_forest,0,0.10363380677442603
85,2024,11,0,random_forest,0,0.0575622315994527
85,2024,12,0,random_forest,0,0.048189971477879526
86,2023,11,0,random_forest,0,0.05976736205603574
86,2023,12,0,random_forest,0,0.061238610086057445
86,2024,1,0,random_forest,0,0.039971526923468635
86,2024,2,0,random_forest,0,0.08908435756373212
86,2024,3,0,random_forest,0,0.026612494306881618
86,2024,4,0,random_forest,0,0.09523980727955614
86,2024,5,1,random_forest,0,0.06873738779927847
86,2024,6,0,random_forest,0,0.036867604768787296
86,2024,7,0,random_forest,0,0.053982240429736796
86,2024,8,0,random_forest,0,0.08288352089723648
86,2024,9,0,random_forest,0,0.0609329331526801
86,2024,11,0,random_forest,0,0.06209172392576779
86,2024,12,0,random_forest,0,0.05198464833314363
87,2023,11,0,random_forest,0,0.17825109503458056
87,2023,12,0,random_forest,0,0.1815283120241482
87,2024,1,0,random_forest,0,0.09657949842702507
87,2024,2,0,random_forest,0,0.14704820811797903
87,2024,3,0,random_forest,0,0.11809325543859572
87,2024,4,0,random_forest,0,0.07973503616110358
87,2024,5,0,random_forest,0,0.15980065707709407
87,2024,6,0,random_forest,0,0.17587957378348484
87,2024,7,0,random_forest,0,0.05741450097787887
87,2024,8,0,random_forest,0,0.08608258245698437
87,2024,9,0,random_forest,0,0.1859791119626819
87,2024,11,0,random_forest,0,0.0899820420765025
87,2024,12,0,random_forest,0,0.07881303706743571
88,2023,11,0,random_forest,0,0.1982910882201105
88,2023,12,0,random_forest,0,0.214859568059102
88,2024,1,0,random_forest,0,0.12249015876665226
88,2024,2,0,random_forest,0,0.2977675234146587
88,2024,3,0,random_forest,0,0.16083803373885572
88,2024,4,0,random_forest,0,0.22648334312278934
88,2024,5,1,random_forest,0,0.2049213397598587
88,2024,6,0,random_forest,0,0.17345123447386607
88,2024,7,0,random_forest,0,0.0935652867895562
88,2024,8,0,random_forest,0,0.10877097451640956
88,2024,9,0,random_forest,0,0.17226965315392928
88,2024,11,1,random_forest,0,0.14213034703011565
88,2024,12,0,random_forest,0,0.08167324119161108
89,2023,11,0,random_forest,0,0.24079765165762937
89,2023,12,0,random_forest,0,0.2261353781564278
89,2024,1,0,random_forest,0,0.1103794210196408
89,2024,2,0,random_forest,0,0.18897100388954813
89,2024,3,0,random_forest,0,0.14560662242326117
89,2024,4,0,random_forest,0,0.18746992087760658
89,2024,5,1,random_forest,0,0.16468819546213653
89,2024,6,0,random_forest,0,0.2031954104674088
89,2024,7,0,random_forest,0,0.15206864175494053
89,2024,8,0,random_forest,0,0.22079788661613284
89,2024,9,0,random_forest,0,0.1854672450934873
89,2024,11,1,random_forest,0,0.13543188397180436
89,2024,12,0,random_forest,0,0.16687104632242303
90,2023,11,0,random_forest,0,0.1062393689414655
90,2023,12,0,random_forest,0,0.11213744251724207
90,2024,1,0,random_forest,0,0.11529821775324284
90,2024,2,0,random_forest,0,0.13887186066216414
90,2024,3,0,random_forest,0,0.06192780381308462
90,2024,4,0,random_forest,0,0.07298097159214065
90,2024,5,0,random_forest,0,0.1126839574818883
90,2024,6,0,random_forest,0,0.04672925693604262
90,2024,7,0,random_forest,0,0.018075331429754732
90,2024,8,0,random_forest,0,0.11298458148891825
90,2024,9,0,random_forest,0,0.10727042770773745
90,2024,11,0,random_forest,0,0.10134598441874418
90,2024,12,0,random_forest,0,0.09931795841353273
91,2023,11,0,random_forest,0,0.11058969714936046
91,2023,12,0,random_forest,0,0.10913065140180578
91,2024,1,0,random_forest,0,0.1217850045820427
91,2024,2,0,random_forest,0,0.13917873733920755
91,2024,3,0,random_forest,0,0.07442357082967792
91,2024,4,0,random_forest,0,0.1175292996174423
91,2024,5,0,random_forest,0,0.12111113861109066
91,2024,6,0,random_forest,0,0.03755231131543376
91,2024,7,0,random_forest,0,0.014513668915612747
91,2024,8,0,random_forest,0,0.12061862356222211
91,2024,9,0,random_forest,0,0.1085037705760902
91,2024,11,0,random_forest,0,0.10396992558407027
91,2024,12,0,random_forest,0,0.10478747004899623
92,2023,11,0,random_forest,0,0.07124946679675626
92,2023,12,0,random_forest,0,0.12190530418408532
92,2024,1,0,random_forest,0,0.09489764245680034
92,2024,2,0,random_forest,0,0.11216100947997376
92,2024,3,0,random_forest,0,0.08705992241775805
92,2024,4,0,random_forest,0,0.041037157787268415
92,2024,5,0,random_forest,0,0.15742478968948645
92,2024,6,0,random_forest,0,0.059813638284567754
92,2024,7,0,random_forest,0,0.03896494668939592
92,2024,8,0,random_forest,0,0.05569201307304195
92,2024,9,0,random_forest,0,0.11062212409806546
92,2024,11,0,random_forest,0,0.0882481111782908
92,2024,12,0,random_forest,0,0.09993406501218569
93,2023,11,0,random_forest,0,0.07610930560056746
93,2023,12,0,random_forest,0,0.11151972254377762
93,2024,1,0,random_forest,0,0.1070570092067986
93,2024,2,0,random_forest,0,0.1135505277446391
93,2024,3,0,random_forest,0,0.09683521008568985
93,2024,4,0,random_forest,0,0.0669180739729808
93,2024,5,0,random_forest,0,0.15975829930752888
93,2024,6,0,random_forest,0,0.046502883265321114
93,2024,7,0,random_forest,0,0.06057322973562078
93,2024,8,0,random_forest,0,0.07488867457029671
93,2024,9,0,random_forest,0,0.07526544783445607
93,2024,11,0,random_forest,0,0.09131750965346527
93,2024,12,0,random_forest,0,0.1121914101450024
94,2023,11,0,random_forest,0,0.22825803028413824
94,2023,12,0,random_forest,0,0.14846800757752812
94,2024,1,0,random_forest,0,0.09456570117574421
94,2024,2,0,random_forest,0,0.2693216158641292
94,2024,3,0,random_forest,0,0.19322170772210395
94,2024,4,1,random_forest,0,0.19473872162802922
94,2024,5,0,random_forest,0,0.23807180965057698
94,2024,6,0,random_forest,0,0.13858852669346547
94,2024,7,0,random_forest,0,0.22935914335935503
94,2024,8,0,random_forest,0,0.15475462418214564
94,2024,9,1,random_forest,0,0.26786822868707094
94,2024,11,0,random_forest,0,0.13905537667201556
94,2024,12,0,random_forest,0,0.10353857442871481
95,2023,11,0,random_forest,0,0.2805766564594045
95,2023,12,0,random_forest,0,0.21476062544050398
95,2024,1,1,random_forest,0,0.11485724654952073
95,2024,2,0,random_forest,0,0.250258003693598
95,2024,3,0,random_forest,0,0.19768050086938999
95,2024,4,0,random_forest,0,0.16576707460860712
95,2024,5,0,random_forest,0,0.18730369234072616
95,2024,6,0,random_forest,0,0.15153179937198588
95,2024,7,0,random_forest,0,0.17745528899017857
95,2024,8,0,random_forest,0,0.04488897650736798
95,2024,9,0,random_forest,0,0.17617455849095076
95,2024,11,0,random_forest,0,0.26070881410627816
95,2024,12,0,random_forest,0,0.10519158574853066
96,2023,11,0,random_forest,0,0.2572817701054656
96,2023,12,0,random_forest,0,0.20320598072885113
96,2024,1,1,random_forest,0,0.11351174619117352
96,2024,2,0,random_forest,0,0.2423562389206454
96,2024,3,0,random_forest,0,0.19667425627622862
96,2024,4,0,random_forest,0,0.16243212871312968
96,2024,5,0,random_forest,0,0.18918710418480958
96,2024,6,0,random_forest,0,0.08983132080205564
96,2024,7,0,random_forest,0,0.09075546731818203
96,2024,8,0,random_forest,0,0.06786384620734291
96,2024,9,0,random_forest,0,0.16191399010035323
96,2024,11,0,random_forest,0,0.1627136112980277
96,2024,12,0,random_forest,0,0.18076477677637326
97,2023,11,0,random_forest,0,0.19521763675480625
97,2023,12,0,random_forest,0,0.16422482604105665
97,2024,1,1,random_forest,0,0.16216552145779475
97,2024,2,0,random_forest,0,0.11582855150136105
97,2024,3,0,random_forest,0,0.058389962136970106
97,2024,4,0,random_forest,0,0.04182697522876696
97,2024,5,0,random_forest,0,0.1417284601465079
97,2024,6,0,random_forest,0,0.0729550687436651
97,2024,7,0,random_forest,0,0.07346595956412942
97,2024,8,0,random_forest,0,0.11612664871924085
97,2024,9,0,random_forest,0,0.07747450539794672
97,2024,11,0,random_forest,0,0.13980217715525356
97,2024,12,0,random_forest,0,0.09935159578220014
98,2023,11,0,random_forest,0,0.19652265843241715
98,2023,12,0,random_forest,0,0.1454938511184343
98,2024,1,1,random_forest,0,0.09220019156742763
98,2024,2,0,random_forest,0,0.16006084356950737
98,2024,3,0,random_forest,0,0.06118762074452251
98,2024,4,0,random_forest,0,0.06392962465074999
98,2024,5,0,random_forest,0,0.13583499533190901
98,2024,6,0,random_forest,0,0.06756972741587271
98,2024,7,0,random_forest,0,0.09307640913817164
98,2024,8,0,random_forest,0,0.11506754442523484
98,2024,9,0,random_forest,0,0.07675339229697993
98,2024,11,0,random_forest,0,0.11260411550921691
98,2024,12,0,random_forest,0,0.08989034925897375
99,2023,11,0,random_forest,0,0.24788551015544052
99,2023,12,0,random_forest,0,0.2812023270315045
99,2024,1,0,random_forest,0,0.23219589061004925
99,2024,2,1,random_forest,0,0.2416508473147654
99,2024,3,0,random_forest,0,0.3190574099074034
99,2024,4,0,random_forest,0,0.20115721427491115
99,2024,5,0,random_forest,0,0.2555530781998141
99,2024,6,1,random_forest,0,0.10248580744683977
99,2024,7,0,random_forest,0,0.09707963257180607
99,2024,8,0,random_forest,0,0.10954416223548824
99,2024,9,1,random_forest,0,0.22647951224780527
99,2024,11,0,random_forest,0,0.20341150416915033
99,2024,12,0,random_forest,0,0.2601054575164232
100,2023,11,0,random_forest,0,0.3977266428199466
100,2023,12,0,random_forest,0,0.30213587315928153
100,2024,1,0,random_forest,0,0.290039687354608
100,2024,2,1,random_forest,0,0.39474763233561144
100,2024,3,0,random_forest,0,0.4236467703845014
100,2024,4,0,random_forest,0,0.42017184879906533
100,2024,5,0,random_forest,0,0.4177819065906029
100,2024,6,1,random_forest,0,0.40258918471990923
100,2024,7,0,random_forest,0,0.3858724831393788
100,2024,8,0,random_forest,0,0.42078766165088854
100,2024,9,1,random_forest,1,0.5212882280684557
100,2024,11,0,random_forest,1,0.5568242301425407
100,2024,12,0,random_forest,0,0.35271572328812295
101,2023,11,0,random_forest,0,0.25551127233771825
101,2023,12,0,random_forest,0,0.16314644481057966
101,2024,1,0,random_forest,0,0.13450911058622403
101,2024,2,1,random_forest,0,0.25267637774144375
101,2024,3,0,random_forest,0,0.1596262922821409
101,2024,4,0,random_forest,0,0.21889129349779674
101,2024,5,0,random_forest,0,0.34141752801858294
101,2024,6,0,random_forest,0,0.14399729340349945
101,2024,7,0,random_forest,0,0.10108901877978133
101,2024,8,1,random_forest,0,0.16565261125071334
101,2024,9,0,random_forest,0,0.17779413201475255
101,2024,11,1,random_forest,0,0.1840947498166247
101,2024,12,0,random_forest,0,0.1583444887387112
102,2023,11,0,random_forest,0,0.2567047713624372
102,2023,12,0,random_forest,0,0.18355920153236932
102,2024,1,0,random_forest,0,0.14719533350454267
102,2024,2,1,random_forest,0,0.2512633227741301
102,2024,3,0,random_forest,0,0.17218372172778934
102,2024,4,0,random_forest,0,0.11947941502786513
102,2024,5,0,random_forest,0,0.32189033366963093
102,2024,6,0,random_forest,0,0.11795387935081633
102,2024,7,0,random_forest,0,0.06755009794308194
102,2024,8,1,random_forest,0,0.12760632974143832
102,2024,9,0,random_forest,0,0.13927764447263954
102,2024,11,1,random_forest,0,0.16345011468475262
102,2024,12,0,random_forest,0,0.17159131049226817
103,2023,11,0,random_forest,0,0.08441663506627471
103,2023,12,0,random_forest,0,0.1176682069656825
103,2024,1,0,random_forest,0,0.14558715470348488
103,2024,2,0,random_forest,0,0.15215075688892374
103,2024,3,0,random_forest,0,0.0715685479085659
103,2024,4,0,random_forest,0,0.05375236938637957
103,2024,5,0,random_forest,0,0.12022542061593391
103,2024,6,0,random_forest,0,0.06148775045106531
103,2024,7,0,random_forest,0,0.0437745901155906
103,2024,8,0,random_forest,0,0.17378189364857696
103,2024,9,0,random_forest,0,0.18357230730706464
103,2024,11,0,random_forest,0,0.11225699632198494
103,2024,12,0,random_forest,0,0.12072583656854173
104,2023,11,0,random_forest,0,0.108706747845484
104,2023,12,0,random_forest,0,0.23251987176262384
104,2024,1,0,random_forest,0,0.17374039672839187
104,2024,2,0,random_forest,0,0.22928889436555006
104,2024,3,0,random_forest,0,0.1624866612979096
104,2024,4,0,random_forest,0,0.10710772884618076
104,2024,5,0,random_forest,0,0.17029282336640084
104,2024,6,0,random_forest,0,0.08874267145873677
104,2024,7,0,random_forest,0,0.05916248090495112
104,2024,8,0,random_forest,0,0.1953724326412095
104,2024,9,0,random_forest,0,0.17715164434316635
104,2024,11,0,random_forest,0,0.12091491915369824
104,2024,12,0,random_forest,0,0.17619114455642515
105,2023,11,0,random_forest,0,0.28259708694237884
105,2023,12,0,random_forest,0,0.3567769591323741
105,2024,1,0,random_forest,0,0.289488043236177
105,2024,2,0,random_forest,0,0.3133791486681897
105,2024,3,0,random_forest,0,0.39088000544171914
105,2024,4,0,random_forest,0,0.32200991007407814
105,2024,5,0,random_forest,0,0.4862470928880495
105,2024,6,0,random_forest,0,0.3396261374407008
105,2024,7,0,random_forest,0,0.4768631545450461
105,2024,8,0,random_forest,0,0.3887702216272902
105,2024,9,0,random_forest,0,0.37357079195251847
105,2024,11,0,random_forest,0,0.2692224942589694
105,2024,12,0,random_forest,0,0.3380804013056694
106,2023,11,0,random_forest,0,0.21442348507416056
106,2023,12,0,random_forest,0,0.296039726229222
106,2024,1,0,random_forest,0,0.2224801781679506
106,2024,2,0,random_forest,0,0.28381614791260634
106,2024,3,0,random_forest,0,0.13703992488777017
106,2024,4,0,random_forest,0,0.13264657083189843
106,2024,5,0,random_forest,0,0.16315347572846267
106,2024,6,0,random_forest,0,0.08651518187532169
106,2024,7,0,random_forest,0,0.044742287622285805
106,2024,8,0,random_forest,0,0.07451792453595613
106,2024,9,0,random_forest,0,0.13228951520626853
106,2024,11,0,random_forest,0,0.10171895168717285
106,2024,12,0,random_forest,0,0.2248921004872553
107,2023,11,1,random_forest,1,0.704067268260533
107,2023,12,0,random_forest,0,0.4538345919789694
107,2024,1,0,random_forest,0,0.41790132833727306
107,2024,2,1,random_forest,1,0.5864902278617755
107,2024,3,0,random_forest,1,0.8013852854857552
107,2024,4,0,random_forest,1,0.7295923153950334
107,2024,5,1,random_forest,1,0.7355484513733616
107,2024,6,1,random_forest,1,0.7563170130587846
107,2024,7,0,random_forest,1,0.8670766112179584
107,2024,8,0,random_forest,1,0.8575967879071432
107,2024,9,1,random_forest,1,0.8250043872529044
107,2024,11,1,random_forest,1,0.7567426301876885
107,2024,12,0,random_forest,1,0.5403893773490428
108,2023,11,0,random_forest,0,0.24070698152727965
108,2023,12,0,random_forest,0,0.34011256290369907
108,2024,1,0,random_forest,0,0.12901180390610045
108,2024,2,0,random_forest,0,0.2278187168590318
108,2024,3,0,random_forest,0,0.17844229876529794
108,2024,4,0,random_forest,0,0.13919992575681264
108,2024,5,0,random_forest,0,0.13307828979386652
108,2024,6,0,random_forest,0,0.14313498860507778
108,2024,7,0,random_forest,0,0.06839676566904661
108,2024,8,0,random_forest,0,0.10934065589269004
108,2024,9,1,random_forest,0,0.15973586926460553
108,2024,11,0,random_forest,0,0.13922023933511168
108,2024,12,0,random_forest,0,0.17779625214590222
109,2023,11,0,random_forest,0,0.2734240188665352
109,2023,12,0,random_forest,0,0.21221692419490906
109,2024,1,0,random_forest,0,0.16656475429367204
109,2024,2,0,random_forest,0,0.18457029031160319
109,2024,3,0,random_forest,0,0.26651555889502027
109,2024,4,0,random_forest,0,0.2597888383657197
109,2024,5,0,random_forest,0,0.4977983089507967
109,2024,6,0,random_forest,1,0.5833155907759123
109,2024,7,0,random_forest,1,0.5942135736531299
109,2024,8,0,random_forest,1,0.6656373770101007
109,2024,9,1,random_forest,0,0.4660592586827895
109,2024,11,0,random_forest,0,0.27108839566975945
109,2024,12,0,random_forest,0,0.17262773131175374
110,2023,11,0,random_forest,0,0.2814192754512967
110,2023,12,0,random_forest,0,0.19360070617853506
110,2024,1,0,random_forest,0,0.16362939621433137
110,2024,2,0,random_forest,0,0.3129710986835645
110,2024,3,0,random_forest,0,0.23661087342790987
110,2024,4,1,random_forest,0,0.2341663042655837
110,2024,5,0,random_forest,0,0.2656082141896583
110,2024,6,0,random_forest,0,0.3190110116007162
110,2024,7,0,random_forest,0,0.286002725413116
110,2024,8,0,random_forest,0,0.27404116229590897
110,2024,9,1,random_forest,0,0.19980956143921266
110,2024,11,0,random_forest,0,0.17347273602206323
110,2024,12,0,random_forest,0,0.16432565414631803
111,2023,11,0,random_forest,0,0.20651357647697147
111,2023,12,0,random_forest,0,0.18623338931470473
111,2024,1,0,random_forest,0,0.11950229174383492
111,2024,2,0,random_forest,0,0.21600113653242298
111,2024,3,0,random_forest,0,0.08767913406420842
111,2024,4,0,random_forest,0,0.12902522428156407
111,2024,5,0,random_forest,0,0.12024083732430031
111,2024,6,1,random_forest,0,0.062312760940216545
111,2024,7,0,random_forest,0,0.05801923178187149
111,2024,8,0,random_forest,0,0.0996911790155059
111,2024,9,0,random_forest,0,0.08091997124482452
111,2024,11,1,random_forest,0,0.08848834132386006
111,2024,12,0,random_forest,0,0.06290167646200057
112,2023,11,0,random_forest,0,0.25658033313236317
112,2023,12,0,random_forest,0,0.22034619870821728
112,2024,1,0,random_forest,0,0.16446663796306427
112,2024,2,0,random_forest,0,0.27814144342087094
112,2024,3,0,random_forest,0,0.11397802356455392
112,2024,4,0,random_forest,0,0.10469068002957785
112,2024,5,0,random_forest,0,0.22550048278910795
112,2024,6,0,random_forest,0,0.0602219769187757
112,2024,7,0,random_forest,0,0.0797840856126817
112,2024,8,1,random_forest,0,0.12760388562528277
112,2024,9,0,random_forest,0,0.0882020195049418
112,2024,11,0,random_forest,0,0.12560583960306143
112,2024,12,0,random_forest,0,0.14029266195862622
113,2023,11,0,random_forest,0,0.18932532320950826
113,2023,12,0,random_forest,0,0.09853141360246824
113,2024,1,0,random_forest,0,0.09836479246544823
113,2024,2,0,random_forest,0,0.14364201528688256
113,2024,3,0,random_forest,0,0.0769948921928361
113,2024,4,0,random_forest,0,0.0702897304030341
113,2024,5,0,random_forest,0,0.10741858828411834
113,2024,6,0,random_forest,0,0.0694821308392052
113,2024,7,0,random_forest,0,0.05933897171190209
113,2024,8,0,random_forest,0,0.11566322218114221
113,2024,9,0,random_forest,0,0.07876136411161483
113,2024,11,0,random_forest,0,0.12869307589230256
113,2024,12,0,random_forest,0,0.06167007916868291
114,2023,11,0,random_forest,0,0.14146985319089225
114,2023,12,0,random_forest,0,0.1216367725454089
114,2024,1,0,random_forest,0,0.09389057397607636
114,2024,2,0,random_forest,0,0.09412601332184926
114,2024,3,0,random_forest,0,0.046538539902981506
114,2024,4,0,random_forest,0,0.061717558808856814
114,2024,5,0,random_forest,0,0.054794831321389
114,2024,6,0,random_forest,0,0.029791171174167352
114,2024,7,0,random_forest,0,0.0331804344985182
114,2024,8,0,random_forest,0,0.08889518427868702
114,2024,9,0,random_forest,0,0.045297647139432046
114,2024,11,0,random_forest,0,0.08276986904235807
114,2024,12,0,random_forest,0,0.10948379655811898
115,2023,11,0,random_forest,0,0.36943208551924156
115,2023,12,0,random_forest,0,0.3073175338979986
115,2024,1,0,random_forest,0,0.2460096117096659
115,2024,2,1,random_forest,0,0.33209150925461445
115,2024,3,1,random_forest,0,0.2430763045930226
115,2024,4,1,random_forest,0,0.31015122570805936
115,2024,5,0,random_forest,0,0.19715748458640117
115,2024,6,0,random_forest,0,0.1384953699997046
115,2024,7,0,random_forest,0,0.15304836348379158
115,2024,8,0,random_forest,0,0.20793477561949386
115,2024,9,0,random_forest,0,0.23328222144911018
115,2024,11,0,random_forest,0,0.22798210382715622
115,2024,12,0,random_forest,0,0.21745827139723573
116,2023,11,0,random_forest,0,0.10377068140905615
116,2023,12,0,random_forest,0,0.17349062203283347
116,2024,1,0,random_forest,0,0.1497709571632286
116,2024,2,1,random_forest,0,0.18727129253214622
116,2024,3,0,random_forest,0,0.09651629778839285
116,2024,4,0,random_forest,0,0.11300409175190594
116,2024,5,1,random_forest,0,0.17231806521329907
116,2024,6,0,random_forest,0,0.11553328282045051
116,2024,7,0,random_forest,0,0.08216437703699787
116,2024,8,0,random_forest,0,0.16668423585421085
116,2024,9,0,random_forest,0,0.23362188682642226
116,2024,11,0,random_forest,0,0.11837833000260112
116,2024,12,0,random_forest,0,0.11851830336139785
117,2023,11,0,random_forest,0,0.1341387385917263
117,2023,12,0,random_forest,0,0.1857464058981306
117,2024,1,0,random_forest,0,0.1533909598799179
117,2024,2,1,random_forest,0,0.2289761078920137
117,2024,3,0,random_forest,0,0.14898335271270668
117,2024,4,0,random_forest,0,0.19245402961649996
117,2024,5,1,random_forest,0,0.15986695722724903
117,2024,6,0,random_forest,0,0.07491138954735298
117,2024,7,0,random_forest,0,0.061685551314749995
117,2024,8,0,random_forest,0,0.13479936533815212
117,2024,9,0,random_forest,0,0.13942210119405363
117,2024,11,0,random_forest,0,0.1496790478486647
117,2024,12,0,random_forest,0,0.17436178642164762
118,2023,11,1,random_forest,1,0.5923219900453822
118,2023,12,0,random_forest,0,0.28113912547465947
118,2024,1,0,random_forest,0,0.2442543830996757
118,2024,2,0,random_forest,1,0.5371315395685122
118,2024,3,0,random_forest,1,0.6676228960350503
118,2024,4,0,random_forest,1,0.5301240158933114
118,2024,5,1,random_forest,0,0.46063240897324526
118,2024,6,1,random_forest,0,0.27515221875949325
118,2024,7,0,random_forest,0,0.3517739134046552
118,2024,8,0,random_forest,0,0.3855173954296197
118,2024,9,0,random_forest,0,0.4816634975127449
118,2024,11,0,random_forest,1,0.5241039763937804
118,2024,12,1,random_forest,0,0.2126849655014665
119,2023,11,1,random_forest,0,0.3039355327543496
119,2023,12,0,random_forest,0,0.35080041624239755
119,2024,1,0,random_forest,0,0.3368125176558242
119,2024,2,0,random_forest,0,0.3473402449068748
119,2024,3,0,random_forest,0,0.43959320096622007
119,2024,4,0,random_forest,0,0.33592559705479386
119,2024,5,1,random_forest,1,0.5189588068597366
119,2024,6,1,random_forest,0,0.36749401436741774
119,2024,7,0,random_forest,0,0.47513883153590086
119,2024,8,0,random_forest,0,0.45305326343365493
119,2024,9,0,random_forest,0,0.40900801856937996
119,2024,11,0,random_forest,0,0.385403927043043
119,2024,12,1,random_forest,0,0.299386146092691
120,2023,11,0,random_forest,0,0.06476794598623738
120,2023,12,1,random_forest,0,0.12146323916892411
120,2024,1,0,random_forest,0,0.0717417596310139
120,2024,2,0,random_forest,0,0.12484257952016345
120,2024,3,0,random_forest,0,0.04183122279372767
120,2024,4,0,random_forest,0,0.06376585646191801
120,2024,5,1,random_forest,0,0.0670503249893607
120,2024,6,0,random_forest,0,0.06310128734923898
120,2024,7,0,random_forest,0,0.02206227015390188
120,2024,8,0,random_forest,0,0.05727543955405906
120,2024,9,1,random_forest,0,0.08945052531581386
120,2024,11,0,random_forest,0,0.09539304496973088
120,2024,12,1,random_forest,0,0.07131381553013748
121,2023,11,0,random_forest,0,0.1457883863629777
121,2023,12,1,random_forest,0,0.19267686119476563
121,2024,1,0,random_forest,0,0.11982192164584521
121,2024,2,0,random_forest,0,0.18180849165816504
121,2024,3,0,random_forest,0,0.053789499303225505
121,2024,4,0,random_forest,0,0.08960824137696796
121,2024,5,1,random_forest,0,0.09297555310271266
121,2024,6,0,random_forest,0,0.024015071685619956
121,2024,7,0,random_forest,0,0.03523155778404706
121,2024,8,0,random_forest,0,0.06687942269383905
121,2024,9,1,random_forest,0,0.08798748610941691
121,2024,11,0,random_forest,0,0.09653163551096205
121,2024,12,0,random_forest,0,0.07943632201192953
122,2023,11,0,random_forest,1,0.7223372667681209
122,2023,12,1,random_forest,0,0.3476615052068998
122,2024,1,1,random_forest,0,0.25192375637477665
122,2024,2,0,random_forest,1,0.6626243439367356
122,2024,3,0,random_forest,1,0.804052811665148
122,2024,4,1,random_forest,1,0.7606084394468414
122,2024,5,1,random_forest,1,0.5015790778376248
122,2024,6,0,random_forest,1,0.5305968011820668
122,2024,7,0,random_forest,0,0.4278899033758535
122,2024,8,0,random_forest,0,0.1637277064238608
122,2024,9,0,random_forest,0,0.257526198232633
122,2024,11,1,random_forest,0,0.21476853785038352
122,2024,12,0,random_forest,0,0.19275519761335824
123,2024,11,0,random_forest,0,0.38505663412008123
123,2024,12,0,random_forest,0,0.341402951103751
124,2023,11,0,random_forest,0,0.1724788329687721
124,2023,12,0,random_forest,0,0.2562728357322351
124,2024,1,0,random_forest,0,0.22839043849289903
124,2024,2,0,random_forest,0,0.21897391447899286
124,2024,3,0,random_forest,0,0.272079141974632
124,2024,4,1,random_forest,0,0.22205997714631043
124,2024,5,0,random_forest,0,0.3512022007705018
124,2024,6,0,random_forest,0,0.22734350161193187
124,2024,7,0,random_forest,0,0.312320733963857
124,2024,8,0,random_forest,0,0.2254555211628921
124,2024,11,0,random_forest,0,0.38505663412008123
124,2024,12,0,random_forest,0,0.341402951103751
125,2023,11,0,random_forest,1,0.5114899417266735
125,2023,12,1,random_forest,0,0.23769955659043351
125,2024,1,1,random_forest,0,0.19245400252300587
125,2024,2,0,random_forest,1,0.5406165768083293
125,2024,3,0,random_forest,1,0.6811789587683197
125,2024,4,1,random_forest,1,0.664792216413824
125,2024,5,1,random_forest,0,0.49769693105207136
125,2024,6,0,random_forest,1,0.5260667532731135
125,2024,7,0,random_forest,0,0.42822521863835517
125,2024,8,0,random_forest,0,0.4773840966432233
125,2024,9,0,random_forest,1,0.6692500645818626
125,2024,11,1,random_forest,1,0.5400294239785324
125,2024,12,0,random_forest,0,0.18215712036095064
126,2023,11,0,random_forest,0,0.2527891908249685
126,2023,12,0,random_forest,0,0.31633081861465473
126,2024,1,1,random_forest,0,0.1852991739962328
126,2024,2,1,random_forest,0,0.32783223033605974
126,2024,3,0,random_forest,0,0.21458250791405897
126,2024,4,0,random_forest,0,0.22664737421927555
126,2024,5,0,random_forest,0,0.17863394708310623
126,2024,6,0,random_forest,0,0.10510267252622287
126,2024,7,0,random_forest,0,0.0584535658975767
126,2024,8,0,random_forest,0,0.09104925641558168
126,2024,9,0,random_forest,0,0.15142516212046866
126,2024,11,0,random_forest,0,0.1655075835301231
126,2024,12,0,random_forest,0,0.19107814606459145
127,2023,11,0,random_forest,0,0.21343276360620766
127,2023,12,0,random_forest,0,0.16070104331052296
127,2024,1,0,random_forest,0,0.11528801117292223
127,2024,2,0,random_forest,0,0.2291999785266015
127,2024,3,0,random_forest,0,0.11637754427233332
127,2024,4,0,random_forest,0,0.11991948662786413
127,2024,5,0,random_forest,0,0.17324605183077155
127,2024,6,0,random_forest,0,0.06335796783480634
127,2024,7,0,random_forest,0,0.04894512238671349
127,2024,8,1,random_forest,0,0.09471134796020288
127,2024,9,0,random_forest,0,0.09723809458953432
127,2024,11,0,random_forest,0,0.12885570300829735
127,2024,12,0,random_forest,0,0.13414506734474888
128,2023,11,0,random_forest,0,0.19007353239559802
128,2023,12,0,random_forest,0,0.18330666427035183
128,2024,1,0,random_forest,0,0.0944062252766538
128,2024,2,0,random_forest,0,0.22266598671690052
128,2024,3,0,random_forest,0,0.12064133998642722
128,2024,4,0,random_forest,0,0.1311545536081838
128,2024,5,0,random_forest,0,0.10115304040543374
128,2024,6,0,random_forest,0,0.07174797200912728
128,2024,7,0,random_forest,0,0.04891183861556829
128,2024,8,0,random_forest,0,0.04352443385476871
128,2024,9,0,random_forest,0,0.09160686247058787
128,2024,11,0,random_forest,0,0.12872065358201265
128,2024,12,0,random_forest,0,0.10137028012166707
129,2023,11,0,random_forest,0,0.16877782048152426
129,2023,12,0,random_forest,0,0.1588652882930759
129,2024,1,0,random_forest,0,0.09853352473905234
129,2024,2,0,random_forest,0,0.2120401667125385
129,2024,3,0,random_forest,0,0.09501008475156741
129,2024,4,0,random_forest,0,0.09770854867343992
129,2024,5,0,random_forest,0,0.07647436426033569
129,2024,6,0,random_forest,0,0.054194201258339354
129,2024,7,0,random_forest,0,0.07149070576867919
129,2024,8,0,random_forest,0,0.15917947693038273
129,2024,9,0,random_forest,0,0.090347139405361
129,2024,11,0,random_forest,0,0.12860891556835005
129,2024,12,0,random_forest,0,0.10033418726609578
131,2023,11,0,random_forest,0,0.1809223801525267
131,2023,12,0,random_forest,0,0.15477571814167287
131,2024,1,0,random_forest,0,0.14182771329096114
131,2024,2,0,random_forest,0,0.10385988361482955
131,2024,3,0,random_forest,0,0.0640748723333299
131,2024,4,0,random_forest,0,0.05589912211818838
131,2024,5,0,random_forest,0,0.09656427288560464
131,2024,6,0,random_forest,0,0.023698211660267872
131,2024,7,0,random_forest,0,0.031010492795421646
131,2024,8,0,random_forest,0,0.07130192237280158
131,2024,9,0,random_forest,0,0.06263234790565782
131,2024,11,0,random_forest,0,0.0913839961399132
131,2024,12,0,random_forest,0,0.09476881119496668
132,2023,11,0,random_forest,0,0.05984621606792699
132,2023,12,0,random_forest,0,0.06530172214923079
132,2024,1,0,random_forest,0,0.09202572089603088
132,2024,2,0,random_forest,0,0.1215212217835114
132,2024,3,0,random_forest,0,0.05904059613266073
132,2024,4,0,random_forest,0,0.048344699722521325
132,2024,5,0,random_forest,0,0.12515571183562765
132,2024,6,0,random_forest,0,0.04152565615621515
132,2024,7,0,random_forest,0,0.039983211610422446
132,2024,8,0,random_forest,0,0.12065321072907144
132,2024,9,0,random_forest,0,0.09748592698718775
132,2024,11,0,random_forest,0,0.08904632374706929
132,2024,12,0,random_forest,0,0.1025402310853481
133,2023,11,0,random_forest,0,0.181923890106495
133,2023,12,0,random_forest,0,0.09063043063774781
133,2024,1,0,random_forest,0,0.06604118601288413
133,2024,2,0,random_forest,0,0.185136474634567
133,2024,3,0,random_forest,0,0.09109313238218886
133,2024,4,0,random_forest,0,0.08232300230182941
133,2024,5,0,random_forest,0,0.17764458096664434
133,2024,6,0,random_forest,0,0.06734135327316344
133,2024,7,0,random_forest,0,0.08565707622154932
133,2024,8,0,random_forest,0,0.07130476436409643
133,2024,9,0,random_forest,0,0.13818069885128087
133,2024,11,0,random_forest,0,0.06741314539049767
133,2024,12,0,random_forest,0,0.11433909094716407
134,2023,11,0,random_forest,0,0.19008443697414631
134,2023,12,0,random_forest,0,0.18560081342553966
134,2024,1,0,random_forest,0,0.1920940691522806
134,2024,2,0,random_forest,0,0.17957359140202495
134,2024,3,0,random_forest,0,0.116369398153973
134,2024,4,0,random_forest,0,0.12334484688562519
134,2024,5,0,random_forest,0,0.11623349045802174
134,2024,6,0,random_forest,0,0.11044050934610934
134,2024,7,0,random_forest,0,0.06141811862867699
134,2024,8,0,random_forest,0,0.13217339161128308
134,2024,9,0,random_forest,0,0.1508101671223372
134,2024,11,1,random_forest,0,0.16462250385254526
134,2024,12,0,random_forest,0,0.13770442225936988
135,2023,11,0,random_forest,0,0.16919361250315867
135,2023,12,0,random_forest,0,0.15469956018828368
135,2024,1,0,random_forest,0,0.08987683327903682
135,2024,2,0,random_forest,0,0.20161549954607952
135,2024,3,0,random_forest,0,0.10025758387042442
135,2024,4,0,random_forest,0,0.13067455268074202
135,2024,5,0,random_forest,0,0.12370054613010568
135,2024,6,0,random_forest,0,0.07617927714567513
135,2024,7,0,random_forest,0,0.09597081591783722
135,2024,8,0,random_forest,0,0.11644599978645409
135,2024,9,0,random_forest,0,0.09052131288477867
135,2024,11,0,random_forest,0,0.11843586803484814
135,2024,12,0,random_forest,0,0.10715750968299943
136,2023,11,1,random_forest,0,0.16650672326350555
136,2023,12,0,random_forest,0,0.20443306802337619
136,2024,1,0,random_forest,0,0.13651238953405306
136,2024,2,0,random_forest,0,0.1585514239476545
136,2024,3,0,random_forest,0,0.0815332203615756
136,2024,4,0,random_forest,0,0.08365407457104
136,2024,5,0,random_forest,0,0.08971691253042909
136,2024,6,0,random_forest,0,0.05835650221783737
136,2024,7,0,random_forest,0,0.07740778274781734
136,2024,8,0,random_forest,0,0.10393078785758346
136,2024,9,0,random_forest,0,0.07693339213567667
136,2024,11,0,random_forest,0,0.08744457371931809
136,2024,12,1,random_forest,0,0.13945973900454936
137,2023,11,0,random_forest,1,0.5953902630506592
137,2023,12,0,random_forest,0,0.2863801178833875
137,2024,1,1,random_forest,0,0.23517006640797722
137,2024,2,0,random_forest,1,0.5582392113818244
137,2024,3,0,random_forest,1,0.5191457437918702
137,2024,4,1,random_forest,1,0.5063467930127981
137,2024,5,1,random_forest,0,0.4588513356773019
137,2024,6,0,random_forest,0,0.4652318881023426
137,2024,7,0,random_forest,1,0.5261308746146814
137,2024,8,0,random_forest,0,0.4596281467339614
137,2024,9,1,random_forest,1,0.5450105022919146
137,2024,11,0,random_forest,1,0.5762276603958889
137,2024,12,0,random_forest,0,0.34174802682986954
138,2023,11,0,random_forest,0,0.375377292879361
138,2023,12,0,random_forest,0,0.27656689736145434
138,2024,1,1,random_forest,0,0.26632471445651634
138,2024,2,0,random_forest,0,0.2915901928064958
138,2024,3,0,random_forest,0,0.3617230010694998
138,2024,4,1,random_forest,0,0.3888575148702527
138,2024,5,1,random_forest,0,0.381807458802421
138,2024,6,0,random_forest,0,0.45311211128635837
138,2024,7,0,random_forest,1,0.5492977951426817
138,2024,8,0,random_forest,0,0.429304655736155
138,2024,9,0,random_forest,0,0.38606156476500236
138,2024,11,0,random_forest,0,0.38234793772702347
138,2024,12,0,random_forest,0,0.3211296407668031
139,2023,11,0,random_forest,0,0.23349896583442586
139,2023,12,0,random_forest,0,0.1776988480881523
139,2024,1,0,random_forest,0,0.13079908782802233
139,2024,2,0,random_forest,0,0.17128401788231487
139,2024,3,0,random_forest,0,0.15778628788345345
139,2024,4,0,random_forest,0,0.2063174573448234
139,2024,5,0,random_forest,0,0.1827317829881012
139,2024,6,0,random_forest,0,0.1198121614127575
139,2024,7,0,random_forest,0,0.1598011684057209
139,2024,8,0,random_forest,0,0.11902909842222537
139,2024,9,0,random_forest,0,0.11523718214734215
139,2024,11,0,random_forest,0,0.11508449165649778
139,2024,12,0,random_forest,0,0.14097772389470334
140,2023,11,0,random_forest,0,0.24707104063263194
140,2023,12,0,random_forest,0,0.16881644078380462
140,2024,1,1,random_forest,0,0.21272696340623543
140,2024,2,0,random_forest,0,0.23080604078898379
140,2024,3,1,random_forest,0,0.3392778400015982
140,2024,4,0,random_forest,0,0.2296467693270427
140,2024,5,1,random_forest,0,0.36828526292948993
140,2024,6,0,random_forest,0,0.46367966341881917
140,2024,7,1,random_forest,1,0.5628578513423084
140,2024,8,0,random_forest,1,0.703549234461429
140,2024,9,1,random_forest,1,0.7055604912984972
140,2024,11,1,random_forest,0,0.3725493098217901
140,2024,12,0,random_forest,0,0.20657072362719114
142,2023,11,0,random_forest,0,0.30289832702996383
143,2023,12,1,random_forest,1,0.5516677437839619
143,2024,1,1,random_forest,0,0.4307596187502525
143,2024,2,1,random_forest,1,0.5581732166245609
143,2024,3,1,random_forest,1,0.6401624945038177
143,2024,4,0,random_forest,1,0.6103182477029826
143,2024,5,1,random_forest,1,0.6166316757494066
143,2024,6,0,random_forest,1,0.6688837593182182
143,2024,7,0,random_forest,1,0.6875164004136491
143,2024,8,0,random_forest,1,0.5788054902810934
143,2024,9,1,random_forest,1,0.7284719764559353
143,2024,11,0,random_forest,1,0.6483069906005623
143,2024,12,1,random_forest,1,0.5009084395471674
144,2024,1,1,random_forest,0,0.2915329933538189
