site_id,year,month,bike_crash_happened_2_5km,model,predicted_label,predicted_probability
1,2023,11,1,logistic_regression,1,0.7092936635644634
1,2023,12,0,logistic_regression,1,0.640889908914989
1,2024,1,1,logistic_regression,1,0.5619713635329406
1,2024,2,0,logistic_regression,1,0.6470943470270091
1,2024,3,1,logistic_regression,1,0.6566086379099534
1,2024,4,0,logistic_regression,1,0.7478208577398741
1,2024,5,1,logistic_regression,1,0.7988601843102228
1,2024,6,1,logistic_regression,1,0.8147225883139451
1,2024,7,0,logistic_regression,1,0.7864572411687928
1,2024,8,1,logistic_regression,1,0.8333619692253835
1,2024,9,1,logistic_regression,1,0.8633611520754662
1,2024,11,0,logistic_regression,1,0.6578403292804272
1,2024,12,1,logistic_regression,1,0.5511704983973734
2,2023,11,1,logistic_regression,1,0.8452263624195382
2,2023,12,1,logistic_regression,1,0.7707202906994977
2,2024,1,1,logistic_regression,1,0.6822095066939144
2,2024,2,1,logistic_regression,1,0.7462484323331662
2,2024,3,1,logistic_regression,1,0.7633144078478603
2,2024,4,1,logistic_regression,1,0.7537486630731605
2,2024,5,1,logistic_regression,1,0.8521956880109809
2,2024,6,1,logistic_regression,1,0.8551170901436205
2,2024,7,1,logistic_regression,1,0.7792230831045988
2,2024,8,1,logistic_regression,1,0.9088014868801487
2,2024,9,1,logistic_regression,1,0.959263081827294
2,2024,11,1,logistic_regression,1,0.8443341189240734
2,2024,12,1,logistic_regression,1,0.7656752768435058
3,2023,11,1,logistic_regression,1,0.7057524220694321
3,2023,12,1,logistic_regression,1,0.6514763521070861
3,2024,1,1,logistic_regression,1,0.576257512941717
3,2024,2,1,logistic_regression,1,0.6143922765461198
3,2024,3,1,logistic_regression,1,0.5590620897234017
3,2024,4,1,logistic_regression,1,0.6062364403087902
3,2024,5,1,logistic_regression,1,0.6726618034393729
3,2024,6,1,logistic_regression,1,0.6510170826791624
3,2024,7,1,logistic_regression,1,0.6115792246499687
3,2024,8,1,logistic_regression,1,0.6973596350265996
3,2024,9,1,logistic_regression,1,0.779971238697166
3,2024,11,1,logistic_regression,1,0.5873483237086294
3,2024,12,1,logistic_regression,1,0.5363344842966001
4,2023,11,0,logistic_regression,0,0.411720874212133
4,2023,12,0,logistic_regression,0,0.34030433679459166
4,2024,1,0,logistic_regression,0,0.28151608633967634
4,2024,2,0,logistic_regression,0,0.34535563446698275
4,2024,3,1,logistic_regression,0,0.3146941168809123
4,2024,4,1,logistic_regression,0,0.3712292542526584
4,2024,5,0,logistic_regression,0,0.46888966692787387
4,2024,6,0,logistic_regression,0,0.4343863620149542
4,2024,7,0,logistic_regression,0,0.4410278643263311
4,2024,8,1,logistic_regression,1,0.5290031267423929
4,2024,9,1,logistic_regression,1,0.5689851083991023
4,2024,11,1,logistic_regression,0,0.3564707382231613
4,2024,12,0,logistic_regression,0,0.2738183448535613
5,2023,11,0,logistic_regression,0,0.4143878666851796
5,2023,12,0,logistic_regression,0,0.3505249510051613
5,2024,1,0,logistic_regression,0,0.2763978032850354
5,2024,2,0,logistic_regression,0,0.352058061625726
5,2024,3,1,logistic_regression,0,0.3336328822002244
5,2024,4,1,logistic_regression,0,0.396350002633072
5,2024,5,0,logistic_regression,0,0.48785896573525567
5,2024,6,0,logistic_regression,0,0.4520133748161178
5,2024,7,0,logistic_regression,0,0.45874148101580703
5,2024,8,1,logistic_regression,1,0.5503490281329995
5,2024,9,1,logistic_regression,1,0.5957931173567819
5,2024,11,1,logistic_regression,0,0.36380307926347927
5,2024,12,0,logistic_regression,0,0.28256922434267
6,2023,11,0,logistic_regression,1,0.5238003031854923
6,2023,12,1,logistic_regression,0,0.4680068860923045
6,2024,1,1,logistic_regression,0,0.4009126392633416
6,2024,2,1,logistic_regression,0,0.46303894846430776
6,2024,3,1,logistic_regression,0,0.45635462394933624
6,2024,4,1,logistic_regression,0,0.45864768927364724
6,2024,5,1,logistic_regression,1,0.5586787296205732
6,2024,6,1,logistic_regression,1,0.5729096545718179
6,2024,7,1,logistic_regression,0,0.48583666184387814
6,2024,8,1,logistic_regression,1,0.5329106057067078
6,2024,9,1,logistic_regression,1,0.6748473772828253
6,2024,11,1,logistic_regression,0,0.4583665015182649
6,2024,12,1,logistic_regression,0,0.33985266224780236
7,2023,11,0,logistic_regression,1,0.5382834948337164
7,2023,12,1,logistic_regression,1,0.5031083286187162
7,2024,1,1,logistic_regression,0,0.4058098652348783
7,2024,2,1,logistic_regression,1,0.9825137139528138
7,2024,3,1,logistic_regression,0,0.4334940570052253
7,2024,4,1,logistic_regression,0,0.46408895659014016
7,2024,5,1,logistic_regression,1,0.5502061090278572
7,2024,6,1,logistic_regression,1,0.5508727751308845
7,2024,7,1,logistic_regression,1,0.5314370581112097
7,2024,8,1,logistic_regression,1,0.5370956510208748
7,2024,9,1,logistic_regression,1,0.6453125245762557
7,2024,11,1,logistic_regression,0,0.4614622602035241
7,2024,12,1,logistic_regression,0,0.37379368818153086
8,2023,11,1,logistic_regression,1,0.5184138662519365
8,2023,12,1,logistic_regression,0,0.44548962253093133
8,2024,1,1,logistic_regression,0,0.36998178356733036
8,2024,2,1,logistic_regression,0,0.4306288940060178
8,2024,3,1,logistic_regression,0,0.3952223318466115
8,2024,4,1,logistic_regression,0,0.4704370495912562
8,2024,5,1,logistic_regression,1,0.5250694896745877
8,2024,6,1,logistic_regression,1,0.540890801376733
8,2024,7,0,logistic_regression,0,0.46934604663692664
8,2024,8,1,logistic_regression,1,0.569495067289963
8,2024,9,0,logistic_regression,1,0.6633659256042376
8,2024,11,1,logistic_regression,0,0.41622551938072433
8,2024,12,1,logistic_regression,0,0.3536938729463176
9,2023,11,1,logistic_regression,1,0.5274513626756324
9,2023,12,1,logistic_regression,0,0.45405535085189797
9,2024,1,1,logistic_regression,0,0.39210166566939764
9,2024,2,1,logistic_regression,0,0.455165945995794
9,2024,3,1,logistic_regression,0,0.4759151110983125
9,2024,4,1,logistic_regression,1,0.5059188860035876
9,2024,5,1,logistic_regression,1,0.6023718117760045
9,2024,6,1,logistic_regression,1,0.6772846516482086
9,2024,7,0,logistic_regression,1,0.5327788122944803
9,2024,8,1,logistic_regression,1,0.6294418548150738
9,2024,9,0,logistic_regression,1,0.7595534213956641
9,2024,11,1,logistic_regression,0,0.45162709878344637
9,2024,12,1,logistic_regression,0,0.3508754608088334
10,2023,11,1,logistic_regression,0,0.4861006374803533
10,2023,12,0,logistic_regression,0,0.4512889167803378
10,2024,1,1,logistic_regression,0,0.3745647247670217
10,2024,2,1,logistic_regression,0,0.4422180447218178
10,2024,3,1,logistic_regression,0,0.4704989207558091
10,2024,4,1,logistic_regression,1,0.5195307888627612
10,2024,5,1,logistic_regression,1,0.6281578862857743
10,2024,6,1,logistic_regression,1,0.6708701569935571
10,2024,7,1,logistic_regression,1,0.5981650006872303
10,2024,8,1,logistic_regression,1,0.7234245794427858
10,2024,9,1,logistic_regression,1,0.7726874279539769
10,2024,11,1,logistic_regression,0,0.47591743385064367
10,2024,12,1,logistic_regression,0,0.4008696246819179
11,2023,11,1,logistic_regression,1,0.5402461488153827
11,2023,12,0,logistic_regression,1,0.5252648473022645
11,2024,1,1,logistic_regression,0,0.4129310968997176
11,2024,2,1,logistic_regression,0,0.49419387849815455
11,2024,3,1,logistic_regression,1,0.5084711757861704
11,2024,4,1,logistic_regression,1,0.575218512009121
11,2024,5,1,logistic_regression,1,0.6885247230298029
11,2024,6,1,logistic_regression,1,0.7373748206397405
11,2024,7,1,logistic_regression,1,0.6732191392622606
11,2024,8,1,logistic_regression,1,0.7570719792486177
11,2024,9,1,logistic_regression,1,0.8194087059708404
11,2024,11,1,logistic_regression,1,0.5496692282966967
11,2024,12,1,logistic_regression,0,0.4582348659817555
12,2024,8,0,logistic_regression,1,0.9996527482492263
12,2024,9,1,logistic_regression,1,0.9996987679252812
12,2024,11,1,logistic_regression,1,0.9991000269019356
12,2024,12,1,logistic_regression,1,0.9994396335789792
13,2023,11,1,logistic_regression,1,0.85078921402277
13,2023,12,1,logistic_regression,1,0.7826522229164351
13,2024,1,1,logistic_regression,1,0.7486849315529522
13,2024,2,1,logistic_regression,1,0.817134238680702
13,2024,3,1,logistic_regression,1,0.8404335069608367
13,2024,4,1,logistic_regression,1,0.8540397067720289
13,2024,5,1,logistic_regression,1,0.8941527647736704
13,2024,6,1,logistic_regression,1,0.9117634148255981
13,2024,7,1,logistic_regression,1,0.8633967603162823
13,2024,8,1,logistic_regression,1,0.900170234535137
13,2024,9,1,logistic_regression,1,0.9346303476793663
13,2024,11,1,logistic_regression,1,0.8363208682582464
13,2024,12,1,logistic_regression,1,0.75221280231457
14,2023,11,1,logistic_regression,0,0.44917813834431697
14,2023,12,1,logistic_regression,0,0.34790326815177974
14,2024,1,1,logistic_regression,0,0.270065360047631
14,2024,2,0,logistic_regression,0,0.39499049813730147
14,2024,3,1,logistic_regression,0,0.3874074395979118
14,2024,4,1,logistic_regression,0,0.46077691952782973
14,2024,5,1,logistic_regression,1,0.5739295329451126
14,2024,6,1,logistic_regression,1,0.5747841418192473
14,2024,7,1,logistic_regression,1,0.5485212708110702
14,2024,8,1,logistic_regression,1,0.6347885737435577
14,2024,9,1,logistic_regression,1,0.667182522000105
14,2024,11,1,logistic_regression,0,0.35945827353074494
14,2024,12,1,logistic_regression,0,0.28972858406587754
15,2023,11,1,logistic_regression,1,0.6107315812381283
15,2023,12,1,logistic_regression,1,0.6028126604855848
15,2024,1,1,logistic_regression,0,0.49182480318146676
15,2024,2,1,logistic_regression,1,0.5527506569628662
15,2024,3,1,logistic_regression,1,0.5445602775949583
15,2024,4,1,logistic_regression,1,0.5596089141144814
15,2024,5,1,logistic_regression,1,0.7436751852621913
15,2024,6,1,logistic_regression,1,0.7667478927878983
15,2024,7,1,logistic_regression,1,0.7425225593201762
15,2024,8,1,logistic_regression,1,0.817978474052848
15,2024,9,1,logistic_regression,1,0.7896461436803718
15,2024,11,1,logistic_regression,1,0.5106540901355947
15,2024,12,1,logistic_regression,0,0.47850838832211234
16,2023,11,1,logistic_regression,1,0.6972552430339782
16,2023,12,1,logistic_regression,1,0.7026696628702319
16,2024,1,1,logistic_regression,1,0.6015461476738195
16,2024,2,1,logistic_regression,1,0.6332841836993949
16,2024,3,1,logistic_regression,1,0.584235925375224
16,2024,4,1,logistic_regression,1,0.6442740195846889
16,2024,5,1,logistic_regression,1,0.6897272807254473
16,2024,6,1,logistic_regression,1,0.6945387890519361
16,2024,7,1,logistic_regression,1,0.651836255418499
16,2024,8,1,logistic_regression,1,0.6794085031873743
16,2024,9,1,logistic_regression,1,0.7711073325186031
16,2024,11,1,logistic_regression,1,0.6255572661613332
16,2024,12,1,logistic_regression,1,0.5798300337664084
17,2023,11,1,logistic_regression,1,0.8134097551222713
17,2023,12,1,logistic_regression,1,0.8130441741718081
17,2024,1,1,logistic_regression,1,0.7303478456185285
17,2024,2,1,logistic_regression,1,0.7747527247565876
17,2024,3,1,logistic_regression,1,0.804087312917724
17,2024,4,1,logistic_regression,1,0.8184434823487426
17,2024,5,1,logistic_regression,1,0.8812093216055455
17,2024,6,1,logistic_regression,1,0.8796855282744683
17,2024,7,1,logistic_regression,1,0.8288869733011647
17,2024,8,1,logistic_regression,1,0.8559758537107237
17,2024,9,1,logistic_regression,1,0.9151163841281988
17,2024,11,1,logistic_regression,1,0.7797336112208154
17,2024,12,1,logistic_regression,1,0.7412812351175189
18,2023,11,1,logistic_regression,1,0.6402659817361235
18,2023,12,1,logistic_regression,1,0.6180315764899773
18,2024,1,1,logistic_regression,1,0.5166391864329034
18,2024,2,1,logistic_regression,1,0.5628742974721482
18,2024,3,1,logistic_regression,1,0.5758313630834365
18,2024,4,1,logistic_regression,1,0.5794558025210126
18,2024,5,1,logistic_regression,1,0.7747926144633037
18,2024,6,1,logistic_regression,1,0.792896679686896
18,2024,7,1,logistic_regression,1,0.7615461163736305
18,2024,8,1,logistic_regression,1,0.8482810043875045
18,2024,9,1,logistic_regression,1,0.7998861794832794
18,2024,11,1,logistic_regression,1,0.5327004602582622
18,2024,12,1,logistic_regression,0,0.4977531692654064
19,2023,11,1,logistic_regression,1,0.6254941407332564
19,2023,12,0,logistic_regression,1,0.5929243928195763
19,2024,1,1,logistic_regression,1,0.506869719707073
19,2024,2,1,logistic_regression,1,0.5934610338775483
19,2024,3,1,logistic_regression,1,0.6200579392730011
19,2024,4,1,logistic_regression,1,0.6728621646311842
19,2024,5,1,logistic_regression,1,0.7590190305504184
19,2024,6,1,logistic_regression,1,0.8052479378108891
19,2024,7,1,logistic_regression,1,0.7470785269031587
19,2024,8,1,logistic_regression,1,0.8311415271864948
19,2024,9,1,logistic_regression,1,0.8681692261133082
19,2024,11,1,logistic_regression,1,0.6431403162860724
19,2024,12,1,logistic_regression,1,0.5602497161953931
20,2023,11,1,logistic_regression,1,0.7959125659259866
20,2023,12,1,logistic_regression,1,0.8051338222798186
20,2024,1,0,logistic_regression,1,0.7065365316815907
20,2024,2,0,logistic_regression,1,0.763167845093762
20,2024,3,1,logistic_regression,1,0.774488912254633
20,2024,4,1,logistic_regression,1,0.7965706574552045
20,2024,5,1,logistic_regression,1,0.9968764001428756
20,2024,6,1,logistic_regression,0,0.4959396745112285
20,2024,7,1,logistic_regression,1,0.8649497287923543
20,2024,8,1,logistic_regression,1,0.8922974613525309
20,2024,9,1,logistic_regression,1,0.9129728574526812
20,2024,11,1,logistic_regression,1,0.7846770259874011
20,2024,12,1,logistic_regression,1,0.7108829721069239
21,2023,11,0,logistic_regression,1,0.5912859983711151
21,2023,12,0,logistic_regression,0,0.46901085423175687
21,2024,1,1,logistic_regression,0,0.4144315379520202
21,2024,2,1,logistic_regression,1,0.5155345530871992
21,2024,3,1,logistic_regression,1,0.5224611160203955
21,2024,4,0,logistic_regression,1,0.6342293619993925
21,2024,5,0,logistic_regression,1,0.701226405268354
21,2024,6,1,logistic_regression,1,0.71766927746916
21,2024,7,1,logistic_regression,1,0.7167917173837973
21,2024,8,1,logistic_regression,1,0.780839412025278
21,2024,9,1,logistic_regression,1,0.7906131771628624
21,2024,11,1,logistic_regression,1,0.5236868429054945
21,2024,12,0,logistic_regression,0,0.4240935924213249
22,2023,11,1,logistic_regression,1,0.7041656103787988
22,2023,12,1,logistic_regression,1,0.6537377142919983
22,2024,1,1,logistic_regression,1,0.5762594662458322
22,2024,2,1,logistic_regression,1,0.6182774717779475
22,2024,3,0,logistic_regression,1,0.645498655736091
22,2024,4,1,logistic_regression,1,0.7257747312407692
22,2024,5,1,logistic_regression,1,0.7649883852310145
22,2024,6,1,logistic_regression,1,0.794674098582857
22,2024,7,1,logistic_regression,1,0.8039358488932781
22,2024,8,0,logistic_regression,1,0.8524363574251347
22,2024,9,1,logistic_regression,1,0.8573309018867925
22,2024,11,1,logistic_regression,1,0.700694113038766
22,2024,12,1,logistic_regression,1,0.5952389852079317
23,2023,11,1,logistic_regression,1,0.8202699995489233
23,2023,12,1,logistic_regression,1,0.7814065331620941
23,2024,1,1,logistic_regression,1,0.7389366661387824
23,2024,2,1,logistic_regression,1,0.76016593134647
23,2024,3,0,logistic_regression,1,0.7799520205425567
23,2024,4,1,logistic_regression,1,0.8361800216383214
23,2024,5,1,logistic_regression,1,0.8687690336507257
23,2024,6,1,logistic_regression,1,0.8740166169881658
23,2024,7,1,logistic_regression,1,0.8528318471834121
23,2024,8,0,logistic_regression,1,0.9003420239433331
23,2024,9,1,logistic_regression,1,0.9195426321411534
23,2024,11,1,logistic_regression,1,0.8218975311226717
23,2024,12,1,logistic_regression,1,0.7508697410696628
24,2023,11,1,logistic_regression,1,0.6978719193018155
24,2023,12,1,logistic_regression,1,0.6342630294527721
24,2024,1,1,logistic_regression,1,0.5794623711882356
24,2024,2,1,logistic_regression,1,0.6106459014291956
24,2024,3,0,logistic_regression,1,0.616979645010345
24,2024,4,1,logistic_regression,1,0.6931226429139259
24,2024,5,1,logistic_regression,1,0.7237257781146781
24,2024,6,1,logistic_regression,1,0.7431012643122226
24,2024,7,1,logistic_regression,1,0.723339905843855
24,2024,8,0,logistic_regression,1,0.7877531103042168
24,2024,9,1,logistic_regression,1,0.8297728294253776
24,2024,11,1,logistic_regression,1,0.6718374288787771
24,2024,12,1,logistic_regression,1,0.5844793363798969
25,2023,11,1,logistic_regression,1,0.651616055039023
25,2023,12,1,logistic_regression,0,0.4788706458593015
25,2024,1,1,logistic_regression,0,0.4198762316466887
25,2024,2,1,logistic_regression,1,0.54819946993241
25,2024,3,0,logistic_regression,1,0.5693324291158218
25,2024,4,1,logistic_regression,1,0.6268922644879005
25,2024,5,1,logistic_regression,1,0.7584589559016662
25,2024,6,1,logistic_regression,1,0.7712859606979472
25,2024,7,1,logistic_regression,1,0.7232503663719627
25,2024,8,1,logistic_regression,1,0.7870014270150197
25,2024,9,1,logistic_regression,1,0.8477294906063894
25,2024,11,1,logistic_regression,1,0.5910025511655174
25,2024,12,1,logistic_regression,0,0.46557004781079425
26,2023,11,0,logistic_regression,1,0.6943281969769202
26,2023,12,0,logistic_regression,1,0.6254076257336071
26,2024,1,0,logistic_regression,1,0.5387693197995969
26,2024,2,1,logistic_regression,1,0.6483166738434721
26,2024,3,0,logistic_regression,1,0.6648774470391443
26,2024,4,1,logistic_regression,1,0.7684492810443421
26,2024,5,1,logistic_regression,1,0.8016913726710219
26,2024,6,1,logistic_regression,1,0.8299448645047545
26,2024,7,1,logistic_regression,1,0.7881935533292738
26,2024,8,0,logistic_regression,1,0.8349594742743848
26,2024,9,0,logistic_regression,1,0.8845141019793419
26,2024,11,1,logistic_regression,1,0.6726958497819949
26,2024,12,1,logistic_regression,1,0.5665110926657786
27,2023,11,0,logistic_regression,1,0.5128984166641956
27,2023,12,1,logistic_regression,0,0.43057020057068857
27,2024,1,1,logistic_regression,0,0.34934820383735
27,2024,2,1,logistic_regression,0,0.4267720277910003
27,2024,3,1,logistic_regression,0,0.48010313606218696
27,2024,4,1,logistic_regression,1,0.5256790820563604
27,2024,5,1,logistic_regression,1,0.6189782470262748
27,2024,6,1,logistic_regression,1,0.6639442349342063
27,2024,7,1,logistic_regression,1,0.5452842173871156
27,2024,8,0,logistic_regression,1,0.6300920623497294
27,2024,9,1,logistic_regression,1,0.7372839597845703
27,2024,11,0,logistic_regression,0,0.4468030655952553
27,2024,12,1,logistic_regression,0,0.33086491003684226
28,2023,11,0,logistic_regression,0,0.21560356329313565
28,2023,12,0,logistic_regression,0,0.1701680060136645
28,2024,1,0,logistic_regression,0,0.14506719150090902
28,2024,2,0,logistic_regression,0,0.17934816710805987
28,2024,3,0,logistic_regression,0,0.16398277528697985
28,2024,4,0,logistic_regression,0,0.2487808304418995
28,2024,5,0,logistic_regression,0,0.27529334128498595
28,2024,6,0,logistic_regression,0,0.2848936152918703
28,2024,7,0,logistic_regression,0,0.2782878875039548
28,2024,8,0,logistic_regression,0,0.36468591245507886
28,2024,9,0,logistic_regression,0,0.38476515556361784
28,2024,11,0,logistic_regression,0,0.19030767180066735
28,2024,12,0,logistic_regression,0,0.1575314962540453
29,2023,11,0,logistic_regression,0,0.3403487754277592
29,2023,12,1,logistic_regression,0,0.2482291244872103
29,2024,1,0,logistic_regression,0,0.26161238033518336
29,2024,2,0,logistic_regression,0,0.2978235869407547
29,2024,3,0,logistic_regression,0,0.26852473851911324
29,2024,4,0,logistic_regression,0,0.35384001416001243
29,2024,5,1,logistic_regression,0,0.4272871066187491
29,2024,6,1,logistic_regression,0,0.4505977576426176
29,2024,7,0,logistic_regression,0,0.4738317262173063
29,2024,8,0,logistic_regression,1,0.558905488719387
29,2024,9,1,logistic_regression,1,0.5619386205192382
29,2024,11,0,logistic_regression,1,0.5450086954179698
29,2024,12,0,logistic_regression,1,0.9770264974837749
30,2023,11,0,logistic_regression,0,0.3943403017224457
30,2023,12,1,logistic_regression,0,0.32182942312274426
30,2024,1,0,logistic_regression,0,0.2799005429116186
30,2024,2,0,logistic_regression,0,0.35657646648228
30,2024,3,1,logistic_regression,0,0.4143076829646063
30,2024,4,0,logistic_regression,0,0.4532434354251985
30,2024,5,1,logistic_regression,1,0.5959221949854793
30,2024,6,0,logistic_regression,1,0.6127314432567574
30,2024,7,0,logistic_regression,1,0.5899700535837186
30,2024,8,1,logistic_regression,1,0.6946503479575594
30,2024,9,1,logistic_regression,1,0.7329411598635631
30,2024,11,0,logistic_regression,0,0.38712806613785566
30,2024,12,0,logistic_regression,0,0.2852903093070076
31,2023,11,0,logistic_regression,0,0.4066190015090255
31,2023,12,1,logistic_regression,0,0.341396953858985
31,2024,1,0,logistic_regression,0,0.28807403711155605
31,2024,2,0,logistic_regression,0,0.36190256854142944
31,2024,3,1,logistic_regression,0,0.3611309452230642
31,2024,4,0,logistic_regression,0,0.43806626961420597
31,2024,5,1,logistic_regression,0,0.4949458406712397
31,2024,6,0,logistic_regression,1,0.509815209736278
31,2024,7,0,logistic_regression,0,0.4858545268408873
31,2024,8,1,logistic_regression,1,0.5752823542125288
31,2024,9,1,logistic_regression,1,0.6294566767214883
31,2024,11,0,logistic_regression,0,0.3827651130273162
31,2024,12,0,logistic_regression,0,0.31387385521836764
32,2023,11,0,logistic_regression,0,0.2407104232927817
32,2023,12,0,logistic_regression,0,0.18031096744591818
32,2024,1,0,logistic_regression,0,0.16381469316082103
32,2024,2,0,logistic_regression,0,0.2095614887635111
32,2024,3,1,logistic_regression,0,0.1938197343330182
32,2024,4,0,logistic_regression,0,0.24300796611213865
32,2024,5,0,logistic_regression,0,0.29414336549112546
32,2024,6,0,logistic_regression,0,0.28416574920658194
32,2024,7,0,logistic_regression,0,0.26835547345932365
32,2024,8,1,logistic_regression,0,0.35403465803611955
32,2024,9,0,logistic_regression,0,0.4267963358453299
32,2024,11,0,logistic_regression,0,0.2018451141191054
32,2024,12,0,logistic_regression,0,0.15252027543630553
33,2023,11,0,logistic_regression,0,0.283907203309092
33,2023,12,0,logistic_regression,0,0.21174125480092135
33,2024,1,0,logistic_regression,0,0.18302557114693313
33,2024,2,0,logistic_regression,0,0.2427494323871088
33,2024,3,1,logistic_regression,0,0.2225296727202846
33,2024,4,0,logistic_regression,0,0.2763489300686928
33,2024,5,0,logistic_regression,0,0.3323284847349361
33,2024,6,0,logistic_regression,0,0.3315661443153856
33,2024,7,0,logistic_regression,0,0.3281865674986847
33,2024,8,1,logistic_regression,0,0.40090277260575835
33,2024,9,0,logistic_regression,0,0.4783178901951118
33,2024,11,0,logistic_regression,0,0.2364793757487918
33,2024,12,0,logistic_regression,0,0.18124520943655592
34,2023,11,0,logistic_regression,0,0.1922539544901625
34,2023,12,0,logistic_regression,0,0.15346199477645886
34,2024,1,0,logistic_regression,0,0.13133590021154778
34,2024,2,0,logistic_regression,0,0.15284658806094367
34,2024,3,0,logistic_regression,0,0.13859675019809228
34,2024,4,0,logistic_regression,0,0.2421326677468515
34,2024,5,0,logistic_regression,0,0.23194431518966496
34,2024,6,0,logistic_regression,0,0.248202266195788
34,2024,7,0,logistic_regression,0,0.24125810885337737
34,2024,8,0,logistic_regression,0,0.31440088993111104
34,2024,9,0,logistic_regression,0,0.3621869844907342
34,2024,11,0,logistic_regression,0,0.1634417518201108
34,2024,12,0,logistic_regression,0,0.14599739681832227
35,2023,11,0,logistic_regression,0,0.4828173459268634
35,2023,12,0,logistic_regression,0,0.35945187051058847
35,2024,1,0,logistic_regression,0,0.32086764888753383
35,2024,2,0,logistic_regression,0,0.4262984135329539
35,2024,3,0,logistic_regression,0,0.43176559679472226
35,2024,4,0,logistic_regression,1,0.5344190852910256
35,2024,5,0,logistic_regression,1,0.6127441114332114
35,2024,6,0,logistic_regression,1,0.7477260871587197
35,2024,7,0,logistic_regression,1,0.6773838281455258
35,2024,8,0,logistic_regression,1,0.7355006104383291
35,2024,9,0,logistic_regression,1,0.7557884345612365
35,2024,11,0,logistic_regression,0,0.4721654693984106
35,2024,12,0,logistic_regression,0,0.3619665079203872
36,2023,11,0,logistic_regression,0,0.33573054371337624
36,2023,12,0,logistic_regression,0,0.23534860167137414
36,2024,1,0,logistic_regression,0,0.22331780498224058
36,2024,2,0,logistic_regression,0,0.3209487708472712
36,2024,3,0,logistic_regression,0,0.3220497495139831
36,2024,4,0,logistic_regression,0,0.38094731055310166
36,2024,5,0,logistic_regression,0,0.4896189118315409
36,2024,6,0,logistic_regression,0,0.26579042079585496
36,2024,7,0,logistic_regression,0,0.3638995726552509
36,2024,8,0,logistic_regression,1,0.5231826638649094
36,2024,9,0,logistic_regression,1,0.6076863373182747
36,2024,11,0,logistic_regression,0,0.32583519937573024
36,2024,12,0,logistic_regression,1,0.5250443772817477
37,2023,11,1,logistic_regression,0,0.482548767971419
37,2023,12,1,logistic_regression,0,0.42275421252087125
37,2024,1,1,logistic_regression,0,0.3523033972191948
37,2024,2,1,logistic_regression,0,0.434192882595544
37,2024,3,1,logistic_regression,0,0.38184653219587894
37,2024,4,1,logistic_regression,0,0.4753054006741864
37,2024,5,1,logistic_regression,1,0.5562929379586037
37,2024,6,1,logistic_regression,1,0.526123679956483
37,2024,7,1,logistic_regression,1,0.5386308639874822
37,2024,8,1,logistic_regression,1,0.5920537191932062
37,2024,9,1,logistic_regression,1,0.6502518992873063
37,2024,11,1,logistic_regression,0,0.4485569876358442
37,2024,12,1,logistic_regression,0,0.37979296336537294
38,2023,11,1,logistic_regression,0,0.3823415259343828
38,2023,12,1,logistic_regression,0,0.31838708387410514
38,2024,1,1,logistic_regression,0,0.25985736584652425
38,2024,2,1,logistic_regression,0,0.30584867396515786
38,2024,3,1,logistic_regression,0,0.31274829142298594
38,2024,4,1,logistic_regression,0,0.3787997484662218
38,2024,5,1,logistic_regression,0,0.47659583074746936
38,2024,6,1,logistic_regression,0,0.47701341287325444
38,2024,7,1,logistic_regression,0,0.456958189904535
38,2024,8,1,logistic_regression,1,0.5471321241378693
38,2024,9,1,logistic_regression,1,0.5917101652159565
38,2024,11,1,logistic_regression,0,0.343952857510899
38,2024,12,1,logistic_regression,0,0.27159374394361807
39,2023,11,1,logistic_regression,0,0.2868209697382308
39,2023,12,0,logistic_regression,0,0.2176174169232097
39,2024,1,0,logistic_regression,0,0.1718903911853399
39,2024,2,1,logistic_regression,0,0.24434231227465036
39,2024,3,0,logistic_regression,0,0.24081318748805075
39,2024,4,0,logistic_regression,0,0.28667648880549734
39,2024,5,1,logistic_regression,0,0.3803991092316194
39,2024,6,0,logistic_regression,0,0.38884950461162837
39,2024,7,0,logistic_regression,0,0.38559218263416745
39,2024,8,1,logistic_regression,0,0.4743971343651048
39,2024,9,1,logistic_regression,1,0.5335436464077317
39,2024,11,1,logistic_regression,0,0.23718570788188198
39,2024,12,0,logistic_regression,0,0.17543991397006314
40,2023,11,1,logistic_regression,0,0.30768879280901185
40,2023,12,0,logistic_regression,0,0.23239529400537093
40,2024,1,0,logistic_regression,0,0.19958763478619673
40,2024,2,1,logistic_regression,0,0.30049983128156105
40,2024,3,0,logistic_regression,0,0.29176718614135505
40,2024,4,0,logistic_regression,0,0.36516381680156035
40,2024,5,1,logistic_regression,0,0.46449869996182347
40,2024,6,0,logistic_regression,0,0.48774093425476256
40,2024,7,0,logistic_regression,0,0.49800741291781836
40,2024,8,1,logistic_regression,1,0.5757888474617343
40,2024,9,1,logistic_regression,1,0.6282661739463342
40,2024,11,1,logistic_regression,0,0.28569964540684845
40,2024,12,0,logistic_regression,0,0.21382441085234125
41,2023,11,1,logistic_regression,0,0.43915165982353693
41,2023,12,1,logistic_regression,1,0.6422084435112274
41,2024,1,0,logistic_regression,1,0.8487224513015833
41,2024,2,1,logistic_regression,0,0.3571871431586479
41,2024,3,1,logistic_regression,0,0.3361579748355731
41,2024,4,1,logistic_regression,0,0.4210872976193964
41,2024,5,0,logistic_regression,1,0.5154393216926103
41,2024,6,1,logistic_regression,1,0.5125768243460535
41,2024,7,1,logistic_regression,1,0.5120147280524568
41,2024,8,0,logistic_regression,1,0.558795744377806
41,2024,9,1,logistic_regression,1,0.6384349960168605
41,2024,11,1,logistic_regression,0,0.4013823869777507
41,2024,12,0,logistic_regression,0,0.36162728891742474
42,2023,11,1,logistic_regression,0,0.40743001602354056
42,2023,12,1,logistic_regression,0,0.2981029001747164
42,2024,1,0,logistic_regression,0,0.30121109604287943
42,2024,2,1,logistic_regression,0,0.3529124803443875
42,2024,3,1,logistic_regression,0,0.3216876136212375
42,2024,4,1,logistic_regression,0,0.38376093515648513
42,2024,5,0,logistic_regression,0,0.4794463318999771
42,2024,6,1,logistic_regression,1,0.5053564593140827
42,2024,7,1,logistic_regression,0,0.489137726559459
42,2024,8,0,logistic_regression,1,0.5481715016037325
42,2024,9,1,logistic_regression,1,0.6314076804628
42,2024,11,1,logistic_regression,0,0.39837641680027575
42,2024,12,0,logistic_regression,0,0.3393586346083358
43,2023,11,1,logistic_regression,0,0.30801002163165664
43,2023,12,1,logistic_regression,0,0.20061218572937978
43,2024,1,1,logistic_regression,0,0.17749214095612534
43,2024,2,1,logistic_regression,0,0.2427823445717288
43,2024,3,1,logistic_regression,0,0.2599492769788345
43,2024,4,1,logistic_regression,0,0.3374387374989067
43,2024,5,0,logistic_regression,1,0.5469478025757317
43,2024,6,0,logistic_regression,1,0.5456178538164569
43,2024,7,0,logistic_regression,1,0.5399893468567597
43,2024,8,0,logistic_regression,1,0.6609900673747677
43,2024,9,0,logistic_regression,1,0.6496356925921796
43,2024,11,1,logistic_regression,0,0.28617188347828054
43,2024,12,0,logistic_regression,0,0.18284000876031167
44,2023,11,1,logistic_regression,0,0.3154584260296562
44,2023,12,1,logistic_regression,0,0.22232481150703226
44,2024,1,1,logistic_regression,0,0.19550497497077968
44,2024,2,1,logistic_regression,0,0.26142374213046154
44,2024,3,1,logistic_regression,0,0.24046794912365094
44,2024,4,1,logistic_regression,0,0.31823066413580475
44,2024,5,0,logistic_regression,0,0.39499883085826915
44,2024,6,0,logistic_regression,0,0.42043635544097424
44,2024,7,0,logistic_regression,0,0.3709377887721761
44,2024,8,0,logistic_regression,0,0.4258363965855231
44,2024,9,0,logistic_regression,1,0.5121981523206355
44,2024,11,1,logistic_regression,0,0.30973422074530005
44,2024,12,0,logistic_regression,0,0.21539855338145836
45,2023,11,1,logistic_regression,0,0.45290080713220016
45,2023,12,1,logistic_regression,0,0.3524858704980185
45,2024,1,1,logistic_regression,0,0.313155240034514
45,2024,2,1,logistic_regression,0,0.3739721522789142
45,2024,3,1,logistic_regression,0,0.3492812498969515
45,2024,4,0,logistic_regression,0,0.43630901485636653
45,2024,5,1,logistic_regression,0,0.49334180631482555
45,2024,6,0,logistic_regression,0,0.48130055259957616
45,2024,7,0,logistic_regression,0,0.46832033982528165
45,2024,8,1,logistic_regression,1,0.5224594247940147
45,2024,9,0,logistic_regression,1,0.6152927155936113
45,2024,11,1,logistic_regression,0,0.40302025602999864
45,2024,12,0,logistic_regression,0,0.33014584329969937
46,2023,11,1,logistic_regression,0,0.4941831062172706
46,2023,12,1,logistic_regression,0,0.393248622678155
46,2024,1,1,logistic_regression,0,0.35610148106933043
46,2024,2,1,logistic_regression,0,0.4253253873373118
46,2024,3,1,logistic_regression,0,0.39607989711290037
46,2024,4,0,logistic_regression,0,0.4775711066640815
46,2024,5,1,logistic_regression,1,0.5438869902293322
46,2024,6,0,logistic_regression,1,0.5261955628245784
46,2024,7,0,logistic_regression,0,0.4994305825391417
46,2024,8,1,logistic_regression,1,0.5622000551525861
46,2024,9,0,logistic_regression,1,0.649182152618485
46,2024,11,1,logistic_regression,0,0.4414279864185626
46,2024,12,0,logistic_regression,0,0.36396180399004036
47,2023,11,1,logistic_regression,1,0.8344799772255952
47,2023,12,0,logistic_regression,1,0.7797300537091234
47,2024,1,1,logistic_regression,1,0.7305658000934301
47,2024,2,1,logistic_regression,1,0.8010457966547233
47,2024,3,1,logistic_regression,1,0.8072747078966553
47,2024,4,1,logistic_regression,1,0.8698842269507395
47,2024,5,0,logistic_regression,1,0.9111795840151151
47,2024,6,1,logistic_regression,1,0.8827171974885365
47,2024,7,1,logistic_regression,1,0.8074364174901473
47,2024,8,1,logistic_regression,1,0.8405883865323388
47,2024,9,1,logistic_regression,1,0.8779741107661683
47,2024,11,0,logistic_regression,1,0.62640419595718
47,2024,12,1,logistic_regression,1,0.504648686778713
48,2023,11,0,logistic_regression,0,0.40996721608076825
48,2023,12,0,logistic_regression,0,0.29265964434690805
48,2024,1,0,logistic_regression,0,0.25809764570526694
48,2024,2,0,logistic_regression,0,0.39750931572292403
48,2024,3,0,logistic_regression,0,0.44036389443104446
48,2024,4,1,logistic_regression,1,0.5229086824206007
48,2024,5,1,logistic_regression,1,0.675926121573683
48,2024,6,0,logistic_regression,1,0.7135622256520175
48,2024,7,0,logistic_regression,1,0.7554593481154043
48,2024,8,1,logistic_regression,1,0.8468308973628715
48,2024,9,1,logistic_regression,1,0.8587336246420578
48,2024,11,0,logistic_regression,0,0.408659568905261
48,2024,12,0,logistic_regression,0,0.2882538062595542
49,2023,11,0,logistic_regression,1,0.597667722475865
49,2023,12,0,logistic_regression,0,0.47574118247112723
49,2024,1,0,logistic_regression,0,0.47299948872567316
49,2024,2,0,logistic_regression,1,0.6167217419892156
49,2024,3,0,logistic_regression,1,0.5728741914922891
49,2024,4,0,logistic_regression,1,0.6359320670750842
49,2024,5,1,logistic_regression,1,0.7330414323342141
49,2024,6,1,logistic_regression,1,0.7892113288914192
49,2024,7,1,logistic_regression,1,0.7369396495141143
49,2024,8,0,logistic_regression,1,0.8273927558533872
49,2024,9,0,logistic_regression,1,0.8358329258685657
49,2024,11,1,logistic_regression,1,0.7427531704478184
49,2024,12,0,logistic_regression,0,0.45976996201430914
50,2023,11,1,logistic_regression,1,0.5989982067674858
50,2023,12,1,logistic_regression,1,0.5957247274475809
50,2024,1,1,logistic_regression,0,0.4678455993345713
50,2024,2,0,logistic_regression,1,0.5159499218149142
50,2024,3,1,logistic_regression,0,0.4726661352239043
50,2024,4,1,logistic_regression,1,0.5144647843034967
50,2024,5,1,logistic_regression,1,0.603604021925967
50,2024,6,1,logistic_regression,1,0.5652533538993245
50,2024,7,1,logistic_regression,1,0.5126905258213895
50,2024,8,1,logistic_regression,1,0.5322283607348879
50,2024,9,1,logistic_regression,1,0.6546110485781786
50,2024,11,1,logistic_regression,0,0.4597676083027793
50,2024,12,0,logistic_regression,0,0.43314727180334056
51,2023,11,1,logistic_regression,1,0.6410574962394222
51,2023,12,1,logistic_regression,1,0.6197459111499035
51,2024,1,1,logistic_regression,1,0.5012099108151653
51,2024,2,0,logistic_regression,1,0.6070663992669284
51,2024,3,1,logistic_regression,1,0.6105369878031365
51,2024,4,1,logistic_regression,1,0.621077196322962
51,2024,5,1,logistic_regression,1,0.7774117316133728
51,2024,6,1,logistic_regression,1,0.7718589468879519
51,2024,7,1,logistic_regression,1,0.7126287899819626
51,2024,8,1,logistic_regression,1,0.8142997027778524
51,2024,9,1,logistic_regression,1,0.848284508678354
51,2024,11,1,logistic_regression,1,0.5994883597436264
51,2024,12,0,logistic_regression,0,0.4930109271686024
52,2023,11,1,logistic_regression,1,0.9879549097636945
52,2023,12,1,logistic_regression,1,0.8406835188622187
52,2024,1,1,logistic_regression,1,0.7615901623408523
52,2024,2,1,logistic_regression,1,0.7878336322571777
52,2024,3,1,logistic_regression,1,0.8066870009216508
52,2024,4,1,logistic_regression,1,0.8250622485840433
52,2024,5,1,logistic_regression,1,0.8889943234691877
52,2024,6,1,logistic_regression,1,0.8078082513468847
52,2024,7,1,logistic_regression,1,0.7343237456648594
52,2024,8,1,logistic_regression,1,0.7697312481710068
52,2024,9,1,logistic_regression,1,0.845777325445793
52,2024,11,1,logistic_regression,1,0.5777902754964435
52,2024,12,1,logistic_regression,1,0.5094277605524135
53,2023,11,1,logistic_regression,0,0.4865929355544276
53,2023,12,1,logistic_regression,1,0.5076855301127365
53,2024,1,1,logistic_regression,0,0.3726714780458927
53,2024,2,1,logistic_regression,0,0.4008745881360654
53,2024,3,1,logistic_regression,0,0.34007546735572236
53,2024,4,1,logistic_regression,0,0.365761248487381
53,2024,5,1,logistic_regression,0,0.4739752647075653
53,2024,6,1,logistic_regression,0,0.4546550385587801
53,2024,7,1,logistic_regression,0,0.42349814621840476
53,2024,8,1,logistic_regression,1,0.5049768131286517
53,2024,9,1,logistic_regression,1,0.6100408796522329
53,2024,11,1,logistic_regression,0,0.32562257971885633
53,2024,12,1,logistic_regression,0,0.27769690635953737
54,2023,11,1,logistic_regression,1,0.5428113420785217
54,2023,12,1,logistic_regression,1,0.5340857820956272
54,2024,1,1,logistic_regression,0,0.4158214840867916
54,2024,2,1,logistic_regression,0,0.4585324661372484
54,2024,3,1,logistic_regression,0,0.4246097318753358
54,2024,4,1,logistic_regression,0,0.469786929791343
54,2024,5,1,logistic_regression,1,0.58429046843567
54,2024,6,1,logistic_regression,1,0.5768668991856998
54,2024,7,1,logistic_regression,1,0.5296162623490895
54,2024,8,1,logistic_regression,1,0.5938742198562487
54,2024,9,1,logistic_regression,1,0.6386520054168627
54,2024,11,1,logistic_regression,0,0.3972794815212311
54,2024,12,1,logistic_regression,0,0.36866208291793406
55,2023,11,1,logistic_regression,0,0.32713718966050814
55,2023,12,0,logistic_regression,0,0.30629494492340625
55,2024,1,1,logistic_regression,0,0.22629336445569026
55,2024,2,1,logistic_regression,0,0.265072239565895
55,2024,3,1,logistic_regression,0,0.2511363343992669
55,2024,4,0,logistic_regression,0,0.2682700374115135
55,2024,5,1,logistic_regression,0,0.37552570983352535
55,2024,6,0,logistic_regression,0,0.3790699873860793
55,2024,7,1,logistic_regression,0,0.33388456991998294
55,2024,8,1,logistic_regression,0,0.38775576360445063
55,2024,9,1,logistic_regression,0,0.43874401303412364
55,2024,11,0,logistic_regression,0,0.22768624118963063
55,2024,12,0,logistic_regression,0,0.19502612893088678
56,2023,11,1,logistic_regression,0,0.3521898078433066
56,2023,12,0,logistic_regression,0,0.33100694537343134
56,2024,1,1,logistic_regression,0,0.23916019775378822
56,2024,2,1,logistic_regression,0,0.28329169194705656
56,2024,3,1,logistic_regression,0,0.26596954209442836
56,2024,4,0,logistic_regression,0,0.30139417007639896
56,2024,5,1,logistic_regression,0,0.42199384895557845
56,2024,6,0,logistic_regression,0,0.41956416376144084
56,2024,7,1,logistic_regression,0,0.40057373049334427
56,2024,8,1,logistic_regression,0,0.44883960598715755
56,2024,9,1,logistic_regression,1,0.5038041735205059
56,2024,11,0,logistic_regression,0,0.27113391933134
56,2024,12,0,logistic_regression,0,0.23636220951417602
57,2023,11,0,logistic_regression,0,0.23724392648841824
57,2023,12,1,logistic_regression,0,0.22977367900898132
57,2024,1,0,logistic_regression,0,0.1718903070978729
57,2024,2,0,logistic_regression,0,0.1942214668845951
57,2024,3,0,logistic_regression,0,0.194313064983725
57,2024,4,1,logistic_regression,0,0.22152855701031432
57,2024,5,1,logistic_regression,0,0.2948366665717811
57,2024,6,0,logistic_regression,0,0.3048080806112599
57,2024,7,1,logistic_regression,0,0.27829133808602086
57,2024,8,0,logistic_regression,0,0.3040091677296595
57,2024,9,0,logistic_regression,0,0.39312800654780505
57,2024,11,0,logistic_regression,0,0.1930259934440691
57,2024,12,0,logistic_regression,0,0.15214997394296584
58,2023,11,0,logistic_regression,0,0.20343051718489388
58,2023,12,1,logistic_regression,0,0.1967758480030398
58,2024,1,0,logistic_regression,0,0.14878835986227767
58,2024,2,0,logistic_regression,0,0.16690660017763495
58,2024,3,0,logistic_regression,0,0.15011417030069593
58,2024,4,1,logistic_regression,0,0.17016430303283123
58,2024,5,1,logistic_regression,0,0.233501321555766
58,2024,6,0,logistic_regression,0,0.24596307453472105
58,2024,7,1,logistic_regression,0,0.2123417028033016
58,2024,8,0,logistic_regression,0,0.23740002256540627
58,2024,9,0,logistic_regression,0,0.33028503824964156
58,2024,11,0,logistic_regression,0,0.16218689602336464
58,2024,12,0,logistic_regression,0,0.12866373099811934
59,2023,11,1,logistic_regression,0,0.2841904692681134
59,2023,12,0,logistic_regression,0,0.2755881409724814
59,2024,1,0,logistic_regression,0,0.21558172371590315
59,2024,2,1,logistic_regression,0,0.2877083459973444
59,2024,3,0,logistic_regression,0,0.273268321262002
59,2024,4,1,logistic_regression,0,0.17777223258655625
59,2024,5,0,logistic_regression,0,0.18931600977008653
59,2024,6,1,logistic_regression,0,0.3524812571287568
59,2024,7,0,logistic_regression,0,0.3024863231113627
59,2024,8,1,logistic_regression,0,0.3582265130044264
59,2024,9,0,logistic_regression,0,0.4622039650590662
59,2024,11,1,logistic_regression,0,0.2598189074221742
59,2024,12,0,logistic_regression,0,0.21955472673775142
60,2023,11,1,logistic_regression,0,0.2523125948962094
60,2023,12,0,logistic_regression,0,0.24316422535930352
60,2024,1,0,logistic_regression,0,0.18583339015067601
60,2024,2,1,logistic_regression,0,0.1534203333458595
60,2024,3,0,logistic_regression,0,0.09255420364441744
60,2024,4,1,logistic_regression,0,0.18989182749532632
60,2024,5,0,logistic_regression,0,0.30427872600919953
60,2024,6,1,logistic_regression,0,0.3179880946834433
60,2024,7,0,logistic_regression,0,0.2700590347563411
60,2024,8,1,logistic_regression,0,0.31067967285196824
60,2024,9,0,logistic_regression,0,0.4232748078813358
60,2024,11,1,logistic_regression,0,0.23711284743099734
60,2024,12,0,logistic_regression,0,0.18699252840754704
61,2023,11,1,logistic_regression,0,0.4623601019209231
61,2023,12,1,logistic_regression,0,0.4928082461793375
61,2024,1,0,logistic_regression,0,0.3754950060359133
61,2024,2,1,logistic_regression,0,0.3993945860009518
61,2024,3,1,logistic_regression,0,0.36549615989313383
61,2024,4,0,logistic_regression,0,0.44376300711930444
61,2024,5,1,logistic_regression,0,0.49044986175454247
61,2024,6,1,logistic_regression,0,0.49683365821966285
61,2024,7,1,logistic_regression,0,0.4443806953877534
61,2024,8,1,logistic_regression,0,0.4953375942144489
61,2024,9,1,logistic_regression,1,0.583949804239399
61,2024,11,1,logistic_regression,0,0.3907594726290707
61,2024,12,0,logistic_regression,0,0.3555924911099751
62,2023,11,1,logistic_regression,0,0.470523792360939
62,2023,12,1,logistic_regression,0,0.4916718754177634
62,2024,1,0,logistic_regression,0,0.3798354245746189
62,2024,2,1,logistic_regression,0,0.4054971181328195
62,2024,3,1,logistic_regression,0,0.3629150493081245
62,2024,4,0,logistic_regression,0,0.4395112430721957
62,2024,5,1,logistic_regression,0,0.49188567119683
62,2024,6,1,logistic_regression,0,0.4925174696134327
62,2024,7,1,logistic_regression,0,0.44796929721770246
62,2024,8,1,logistic_regression,0,0.49516197592368644
62,2024,9,1,logistic_regression,1,0.5833626938070446
62,2024,11,1,logistic_regression,0,0.3826715636947701
62,2024,12,0,logistic_regression,0,0.3438474020021477
63,2023,11,0,logistic_regression,1,0.5729276436820135
63,2023,12,0,logistic_regression,1,0.5768762846357384
63,2024,1,0,logistic_regression,0,0.4281662852036062
63,2024,2,0,logistic_regression,0,0.49263013145705625
63,2024,3,0,logistic_regression,0,0.4840330062604624
63,2024,4,1,logistic_regression,1,0.5625433884331171
63,2024,5,1,logistic_regression,1,0.7468504730169172
63,2024,6,1,logistic_regression,1,0.714065819273019
63,2024,7,1,logistic_regression,1,0.8021291474368794
63,2024,8,0,logistic_regression,1,0.8575638172304499
63,2024,9,0,logistic_regression,1,0.7461219356386924
63,2024,11,0,logistic_regression,0,0.4534035115217875
63,2024,12,1,logistic_regression,0,0.44341808653737
64,2023,11,0,logistic_regression,0,0.32102253296012473
64,2023,12,0,logistic_regression,1,0.7035575989390733
64,2024,1,0,logistic_regression,1,0.6109756409081503
64,2024,2,0,logistic_regression,1,0.7099938706066875
64,2024,3,0,logistic_regression,1,0.7849397431599824
64,2024,4,1,logistic_regression,1,0.8773170800107877
64,2024,5,1,logistic_regression,1,0.9675948414552458
64,2024,6,1,logistic_regression,1,0.9717974516629162
64,2024,7,1,logistic_regression,1,0.995322429308985
64,2024,8,0,logistic_regression,1,0.9982202812985554
64,2024,9,1,logistic_regression,1,0.9684499526623614
64,2024,11,0,logistic_regression,1,0.7074768457726353
64,2024,12,1,logistic_regression,1,0.6216876006560562
65,2023,11,0,logistic_regression,1,0.7046305512378472
65,2023,12,0,logistic_regression,1,0.5329121482386414
65,2024,1,0,logistic_regression,0,0.43689849483013204
65,2024,2,0,logistic_regression,0,0.47920518779280274
65,2024,3,0,logistic_regression,0,0.48403759123845097
65,2024,4,1,logistic_regression,1,0.5350181177279689
65,2024,5,1,logistic_regression,1,0.7094668535807405
65,2024,6,1,logistic_regression,1,0.6882693956364677
65,2024,7,1,logistic_regression,1,0.7124370849398359
65,2024,8,0,logistic_regression,1,0.7710247804485569
65,2024,9,1,logistic_regression,1,0.733702548788874
65,2024,11,0,logistic_regression,0,0.4553667874585522
65,2024,12,1,logistic_regression,0,0.4238870766579878
66,2023,11,0,logistic_regression,1,0.5163733574735742
66,2023,12,0,logistic_regression,0,0.4917199484855698
66,2024,1,0,logistic_regression,0,0.3782425396077786
66,2024,2,0,logistic_regression,0,0.4453613251954695
66,2024,3,0,logistic_regression,0,0.4861777636760314
66,2024,4,1,logistic_regression,1,0.5664548567419301
66,2024,5,1,logistic_regression,1,0.8474016279481327
66,2024,6,1,logistic_regression,1,0.8204557310295272
66,2024,7,1,logistic_regression,1,0.9164285558832174
66,2024,8,0,logistic_regression,1,0.9507059318508612
66,2024,9,1,logistic_regression,1,0.8304490571713409
66,2024,11,0,logistic_regression,0,0.42396639256462937
66,2024,12,1,logistic_regression,0,0.3974873801789594
67,2023,11,1,logistic_regression,0,0.37745611769752124
67,2023,12,0,logistic_regression,0,0.37110042485635114
67,2024,1,1,logistic_regression,0,0.2837368738811414
67,2024,2,1,logistic_regression,0,0.3247724554408371
67,2024,3,1,logistic_regression,0,0.28445791925941033
67,2024,4,1,logistic_regression,0,0.33462755070853434
67,2024,5,1,logistic_regression,0,0.42423080223071424
67,2024,6,1,logistic_regression,0,0.41541538710721154
67,2024,7,0,logistic_regression,0,0.38607207745685207
67,2024,8,0,logistic_regression,0,0.43512524065164304
67,2024,9,1,logistic_regression,0,0.4983037514785514
67,2024,11,0,logistic_regression,0,0.30154708835776795
67,2024,12,1,logistic_regression,0,0.2596363253164852
68,2023,11,1,logistic_regression,0,0.3293097167194015
68,2023,12,0,logistic_regression,0,0.31410953360673216
68,2024,1,1,logistic_regression,0,0.23363702044518053
68,2024,2,1,logistic_regression,0,0.29158321966872985
68,2024,3,1,logistic_regression,0,0.2688485804861781
68,2024,4,1,logistic_regression,0,0.3136460327791405
68,2024,5,1,logistic_regression,0,0.4172469592977559
68,2024,6,1,logistic_regression,0,0.44537349099806867
68,2024,7,0,logistic_regression,0,0.37760706820688644
68,2024,8,0,logistic_regression,0,0.4369628665093535
68,2024,9,1,logistic_regression,1,0.5001913976601904
68,2024,11,0,logistic_regression,0,0.27087028480499065
68,2024,12,1,logistic_regression,0,0.2190533186114946
69,2023,11,1,logistic_regression,1,0.9666087287131095
69,2023,12,1,logistic_regression,1,0.9499352698852342
69,2024,1,1,logistic_regression,1,0.9260126231024705
69,2024,2,1,logistic_regression,1,0.9532863797725394
69,2024,3,1,logistic_regression,1,0.9540224012300642
69,2024,4,1,logistic_regression,1,0.9594364183392337
69,2024,5,1,logistic_regression,1,0.9621863344664828
69,2024,6,1,logistic_regression,1,0.9616840656753017
69,2024,7,1,logistic_regression,1,0.9485972458928854
69,2024,8,1,logistic_regression,1,0.9606299650575975
69,2024,9,1,logistic_regression,1,0.9835226999063602
69,2024,11,1,logistic_regression,1,0.962054128241596
69,2024,12,1,logistic_regression,1,0.931663834543257
70,2023,11,1,logistic_regression,1,0.5041141078239356
70,2023,12,0,logistic_regression,0,0.4687498364521208
70,2024,1,0,logistic_regression,0,0.3975528071057481
70,2024,2,1,logistic_regression,0,0.43844893860318584
70,2024,3,0,logistic_regression,0,0.4297118846844601
70,2024,4,0,logistic_regression,1,0.5217327552111973
70,2024,5,0,logistic_regression,1,0.5440924837210274
70,2024,6,1,logistic_regression,1,0.5662126933378135
70,2024,7,1,logistic_regression,1,0.5372936756655915
70,2024,8,1,logistic_regression,1,0.626569555915744
70,2024,9,0,logistic_regression,1,0.6876258469302242
70,2024,11,0,logistic_regression,0,0.4855555622633889
70,2024,12,1,logistic_regression,0,0.36606389051093297
71,2023,11,1,logistic_regression,1,0.522749499848406
71,2023,12,0,logistic_regression,0,0.48845853621075586
71,2024,1,0,logistic_regression,0,0.42983685672270644
71,2024,2,1,logistic_regression,0,0.4408551604616696
71,2024,3,0,logistic_regression,0,0.4390597920729579
71,2024,4,0,logistic_regression,1,0.5349306120902493
71,2024,5,0,logistic_regression,1,0.5633838754387243
71,2024,6,1,logistic_regression,1,0.5855577697331503
71,2024,7,1,logistic_regression,1,0.5774319447729346
71,2024,8,1,logistic_regression,1,0.6535383415617789
71,2024,9,0,logistic_regression,1,0.706236122452595
71,2024,11,0,logistic_regression,0,0.4597274211555222
71,2024,12,1,logistic_regression,0,0.39133743871476134
72,2023,11,1,logistic_regression,0,0.3904698366253942
72,2023,12,1,logistic_regression,0,0.36090738587670823
72,2024,1,1,logistic_regression,0,0.2658126422267228
72,2024,2,1,logistic_regression,0,0.31405002577329744
72,2024,3,1,logistic_regression,0,0.32247268538285373
72,2024,4,1,logistic_regression,0,0.3790597363606941
72,2024,5,1,logistic_regression,0,0.43203704209524735
72,2024,6,0,logistic_regression,0,0.4558053438358597
72,2024,7,0,logistic_regression,0,0.3719637392637155
72,2024,8,0,logistic_regression,0,0.4695105658201318
72,2024,9,1,logistic_regression,1,0.5860536272502201
72,2024,11,0,logistic_regression,0,0.36055131290691617
72,2024,12,0,logistic_regression,0,0.29265807923135057
73,2023,11,1,logistic_regression,1,0.7510256180999562
73,2023,12,1,logistic_regression,1,0.6859331870819677
73,2024,1,1,logistic_regression,1,0.8422463293143457
73,2024,2,1,logistic_regression,1,0.8100845367031144
73,2024,3,1,logistic_regression,1,0.7673269641499526
73,2024,4,1,logistic_regression,1,0.8191692907675195
73,2024,5,1,logistic_regression,1,0.85628880361234
73,2024,6,0,logistic_regression,1,0.8779405240342621
73,2024,7,0,logistic_regression,1,0.8328545136727816
73,2024,8,0,logistic_regression,1,0.887417821374461
73,2024,9,1,logistic_regression,1,0.9227852449146176
73,2024,11,0,logistic_regression,1,0.7698766674192948
73,2024,12,0,logistic_regression,1,0.6512922178409976
74,2023,11,1,logistic_regression,0,0.411506274860428
74,2023,12,1,logistic_regression,0,0.4120131632138726
74,2024,1,1,logistic_regression,0,0.31104694402335265
74,2024,2,1,logistic_regression,0,0.36446768499673105
74,2024,3,1,logistic_regression,0,0.36325487346775737
74,2024,4,1,logistic_regression,0,0.3764850268454062
74,2024,5,1,logistic_regression,0,0.4754294417434156
74,2024,6,1,logistic_regression,0,0.4936046284252701
74,2024,7,1,logistic_regression,0,0.37515849400868173
74,2024,8,1,logistic_regression,0,0.4347646778081038
74,2024,9,1,logistic_regression,1,0.6008678685928313
74,2024,11,1,logistic_regression,0,0.3721079328311386
74,2024,12,1,logistic_regression,0,0.31604466678856524
75,2023,11,1,logistic_regression,1,0.5511387272399771
75,2023,12,1,logistic_regression,1,0.5124020481466784
75,2024,1,1,logistic_regression,0,0.42673494639201776
75,2024,2,1,logistic_regression,0,0.4788953865929207
75,2024,3,1,logistic_regression,1,0.5028131311237926
75,2024,4,1,logistic_regression,1,0.5081693639011537
75,2024,5,1,logistic_regression,1,0.6270608595375503
75,2024,6,1,logistic_regression,1,0.6174597550679075
75,2024,7,1,logistic_regression,0,0.4532308272953823
75,2024,8,1,logistic_regression,1,0.5190929904747041
75,2024,9,1,logistic_regression,1,0.7087830260220912
75,2024,11,1,logistic_regression,0,0.4849057942074048
75,2024,12,1,logistic_regression,0,0.39310685708830806
76,2023,11,1,logistic_regression,0,0.3573872102737104
76,2023,12,1,logistic_regression,0,0.3325545114318766
76,2024,1,1,logistic_regression,0,0.26095000642926736
76,2024,2,0,logistic_regression,0,0.30074664610848095
76,2024,3,1,logistic_regression,0,0.2982368127722066
76,2024,4,1,logistic_regression,0,0.36174952600288107
76,2024,5,1,logistic_regression,0,0.39658319196631225
76,2024,6,1,logistic_regression,0,0.402339559537875
76,2024,7,1,logistic_regression,0,0.33113081049182697
76,2024,8,0,logistic_regression,0,0.3235153048900923
76,2024,9,1,logistic_regression,1,0.5404680846055835
76,2024,11,1,logistic_regression,0,0.33079935084222317
76,2024,12,1,logistic_regression,0,0.260905213253652
77,2023,11,1,logistic_regression,1,0.8327719246582427
77,2023,12,1,logistic_regression,1,0.8124136738310535
77,2024,1,1,logistic_regression,1,0.7511124370481244
77,2024,2,1,logistic_regression,1,0.7728122279664675
77,2024,3,1,logistic_regression,1,0.7555568896794241
77,2024,4,1,logistic_regression,1,0.8064649106660308
77,2024,5,1,logistic_regression,1,0.8318412111747402
77,2024,6,1,logistic_regression,1,0.834925817159338
77,2024,7,1,logistic_regression,1,0.8038367769726326
77,2024,8,1,logistic_regression,1,0.8405391638278504
77,2024,9,1,logistic_regression,1,0.8903076710210152
77,2024,11,1,logistic_regression,1,0.7997911861012421
77,2024,12,1,logistic_regression,1,0.6924628324645683
78,2023,11,1,logistic_regression,0,0.17699421739684
78,2023,12,0,logistic_regression,0,0.17825399150073076
78,2024,1,1,logistic_regression,0,0.12262474926834724
78,2024,2,1,logistic_regression,0,0.1493055701921844
78,2024,3,0,logistic_regression,0,0.13500372670228813
78,2024,4,0,logistic_regression,0,0.16594440466062144
78,2024,5,0,logistic_regression,0,0.20646859459800848
78,2024,6,0,logistic_regression,0,0.22905973621591125
78,2024,7,0,logistic_regression,0,0.18666277104694717
78,2024,8,0,logistic_regression,0,0.2348885288908441
78,2024,9,1,logistic_regression,0,0.29748210923598406
78,2024,11,0,logistic_regression,0,0.16528543541848112
78,2024,12,0,logistic_regression,0,0.11539591369541917
79,2023,11,1,logistic_regression,0,0.3561140752278739
79,2023,12,0,logistic_regression,0,0.32865970382331
79,2024,1,1,logistic_regression,0,0.25910417237141575
79,2024,2,1,logistic_regression,0,0.3084766616607352
79,2024,3,0,logistic_regression,0,0.33234959688452226
79,2024,4,0,logistic_regression,0,0.3854728916994175
79,2024,5,0,logistic_regression,0,0.4509605255201498
79,2024,6,0,logistic_regression,1,0.5043876301525666
79,2024,7,0,logistic_regression,0,0.4225274575701648
79,2024,8,0,logistic_regression,1,0.5141196981368177
79,2024,9,1,logistic_regression,1,0.5780310869204376
79,2024,11,0,logistic_regression,0,0.34093250845766104
79,2024,12,0,logistic_regression,0,0.23024931914547464
80,2023,11,1,logistic_regression,0,0.24401068520963579
80,2023,12,1,logistic_regression,0,0.20076958347226784
80,2024,1,0,logistic_regression,0,0.15341999088140174
80,2024,2,0,logistic_regression,0,0.18077558548389974
80,2024,3,1,logistic_regression,0,0.16261099927628578
80,2024,4,1,logistic_regression,0,0.17314173852697654
80,2024,5,1,logistic_regression,1,0.9948723951966617
80,2024,12,0,logistic_regression,1,0.9993217428630123
81,2023,11,1,logistic_regression,0,0.2296905564910375
81,2023,12,1,logistic_regression,0,0.18295864511554888
81,2024,1,0,logistic_regression,0,0.14870075983122674
81,2024,2,0,logistic_regression,0,0.17951124250424316
81,2024,3,1,logistic_regression,0,0.198193258297144
81,2024,4,1,logistic_regression,1,0.7710381125213895
81,2024,5,1,logistic_regression,0,0.24550952097290973
81,2024,6,0,logistic_regression,0,0.25774974747932883
81,2024,7,0,logistic_regression,0,0.17711756997220218
81,2024,8,0,logistic_regression,0,0.22786862766636184
81,2024,9,0,logistic_regression,0,0.34073787366377795
81,2024,11,0,logistic_regression,0,0.16714992341901352
81,2024,12,0,logistic_regression,0,0.13065729645470886
82,2023,11,0,logistic_regression,0,0.19299992390402673
82,2023,12,0,logistic_regression,0,0.18814028272730512
82,2024,1,1,logistic_regression,0,0.14493253242632373
82,2024,2,0,logistic_regression,0,0.16390170021607423
82,2024,3,0,logistic_regression,1,0.7634193353548097
82,2024,4,0,logistic_regression,0,0.20028362686414378
82,2024,5,1,logistic_regression,0,0.2232799614502571
82,2024,6,0,logistic_regression,0,0.2689650027423136
82,2024,7,1,logistic_regression,0,0.19914287490832827
82,2024,8,0,logistic_regression,0,0.26009916307306474
82,2024,9,0,logistic_regression,0,0.3364838252590312
82,2024,11,0,logistic_regression,0,0.16279564812691882
82,2024,12,0,logistic_regression,0,0.13086050640714983
83,2023,11,0,logistic_regression,0,0.18140884868398266
83,2023,12,0,logistic_regression,0,0.1755989721841906
83,2024,1,1,logistic_regression,0,0.13639178514211184
83,2024,2,0,logistic_regression,0,0.1494016473846687
83,2024,3,0,logistic_regression,1,0.7817104937426673
83,2024,4,0,logistic_regression,1,0.5019606396930915
83,2024,5,1,logistic_regression,0,0.1872201234815864
83,2024,6,0,logistic_regression,0,0.23667593223603045
83,2024,7,1,logistic_regression,0,0.18440471573902123
83,2024,8,0,logistic_regression,0,0.23935592661075492
83,2024,9,0,logistic_regression,0,0.31954964527082597
83,2024,11,0,logistic_regression,0,0.16087562251525478
83,2024,12,0,logistic_regression,0,0.12557391504544418
84,2023,11,0,logistic_regression,1,0.613976220258178
84,2023,12,0,logistic_regression,1,0.5936135896720992
84,2024,1,1,logistic_regression,1,0.5223203317149924
84,2024,2,1,logistic_regression,1,0.5797844352303084
84,2024,3,1,logistic_regression,1,0.5933561058376885
84,2024,4,0,logistic_regression,1,0.6161556860449622
84,2024,5,1,logistic_regression,1,0.7242884895661331
84,2024,6,1,logistic_regression,1,0.7341032949525937
84,2024,7,1,logistic_regression,1,0.6997573987653034
84,2024,8,0,logistic_regression,1,0.7416992404764511
84,2024,9,1,logistic_regression,1,0.8109630251434534
84,2024,11,1,logistic_regression,1,0.5638642309180544
84,2024,12,0,logistic_regression,0,0.47618778058972394
85,2023,11,0,logistic_regression,0,0.21014698197285045
85,2023,12,0,logistic_regression,0,0.20363339735440633
85,2024,1,0,logistic_regression,0,0.14979883577069608
85,2024,2,0,logistic_regression,0,0.17691170148498236
85,2024,3,1,logistic_regression,0,0.15846310755423776
85,2024,4,0,logistic_regression,0,0.17666007303102363
85,2024,5,1,logistic_regression,0,0.21399912233950402
85,2024,6,1,logistic_regression,0,0.2603061315372941
85,2024,7,1,logistic_regression,0,0.1610684833685493
85,2024,8,0,logistic_regression,0,0.2629625922372246
85,2024,9,1,logistic_regression,0,0.3689219058696235
85,2024,11,1,logistic_regression,0,0.17667432225451132
85,2024,12,1,logistic_regression,0,0.14397746408173565
86,2023,11,0,logistic_regression,0,0.19895018940812495
86,2023,12,0,logistic_regression,0,0.18887646292353089
86,2024,1,0,logistic_regression,0,0.14032484676941304
86,2024,2,1,logistic_regression,0,0.16922265102992354
86,2024,3,1,logistic_regression,0,0.1460432077623597
86,2024,4,0,logistic_regression,0,0.2256881746485178
86,2024,5,1,logistic_regression,0,0.22840531591008856
86,2024,6,1,logistic_regression,0,0.23395706587157733
86,2024,7,1,logistic_regression,0,0.17996296485851104
86,2024,8,1,logistic_regression,0,0.23818040657219372
86,2024,9,1,logistic_regression,0,0.31882268560825644
86,2024,11,0,logistic_regression,0,0.15580128355476794
86,2024,12,1,logistic_regression,0,0.13661800978157984
87,2023,11,1,logistic_regression,1,0.7459614110624945
87,2023,12,1,logistic_regression,1,0.6736857872638319
87,2024,1,1,logistic_regression,1,0.6226098994456889
87,2024,2,1,logistic_regression,1,0.6808861068856592
87,2024,3,1,logistic_regression,1,0.6820715065028562
87,2024,4,1,logistic_regression,1,0.7160540474434858
87,2024,5,1,logistic_regression,1,0.7910822453737019
87,2024,6,0,logistic_regression,1,0.7986438460650431
87,2024,7,1,logistic_regression,1,0.7544883947194986
87,2024,8,1,logistic_regression,1,0.8288335554386569
87,2024,9,1,logistic_regression,1,0.8778899383779679
87,2024,11,1,logistic_regression,1,0.6813197771191698
87,2024,12,1,logistic_regression,1,0.606089438468529
88,2023,11,1,logistic_regression,0,0.4452605884929117
88,2023,12,0,logistic_regression,0,0.37439228250723916
88,2024,1,0,logistic_regression,0,0.306789468989114
88,2024,2,0,logistic_regression,0,0.3726265007280987
88,2024,3,1,logistic_regression,0,0.36389626689936405
88,2024,4,1,logistic_regression,0,0.4344722573573554
88,2024,5,1,logistic_regression,0,0.4954712154793568
88,2024,6,1,logistic_regression,1,0.5264153943005282
88,2024,7,1,logistic_regression,0,0.4744669781214343
88,2024,8,1,logistic_regression,1,0.573542145871996
88,2024,9,0,logistic_regression,1,0.6248463832429609
88,2024,11,1,logistic_regression,0,0.35599579871126524
88,2024,12,0,logistic_regression,0,0.2945909158694051
89,2023,11,1,logistic_regression,1,0.760168238414796
89,2023,12,0,logistic_regression,1,0.6842195195977403
89,2024,1,0,logistic_regression,1,0.6357511467917996
89,2024,2,0,logistic_regression,1,0.6844309994147548
89,2024,3,1,logistic_regression,1,0.679654328686364
89,2024,4,1,logistic_regression,1,0.7423959908207775
89,2024,5,1,logistic_regression,1,0.8166096507673605
89,2024,6,1,logistic_regression,1,0.8192812150647196
89,2024,7,1,logistic_regression,1,0.773621282097649
89,2024,8,1,logistic_regression,1,0.8434040463248086
89,2024,9,0,logistic_regression,1,0.8851739857480619
89,2024,11,1,logistic_regression,1,0.6843656141606258
89,2024,12,0,logistic_regression,1,0.6025200922056552
90,2023,11,1,logistic_regression,0,0.3098008782242538
90,2023,12,1,logistic_regression,0,0.2616297138954283
90,2024,1,0,logistic_regression,0,0.1865418442884896
90,2024,2,0,logistic_regression,0,0.2544726459141072
90,2024,3,0,logistic_regression,0,0.2505470420085659
90,2024,4,0,logistic_regression,0,0.26959546951002183
90,2024,5,0,logistic_regression,0,0.38293972242825924
90,2024,6,1,logistic_regression,0,0.36907113236540035
90,2024,7,0,logistic_regression,0,0.3078175301943947
90,2024,8,0,logistic_regression,0,0.39550922591161497
90,2024,9,1,logistic_regression,0,0.4848559146491233
90,2024,11,0,logistic_regression,0,0.22351692197056128
90,2024,12,1,logistic_regression,0,0.16486418552256416
91,2023,11,1,logistic_regression,0,0.30783463796894706
91,2023,12,1,logistic_regression,0,0.26590506846694095
91,2024,1,0,logistic_regression,0,0.18522926866889583
91,2024,2,0,logistic_regression,0,0.24943377342303322
91,2024,3,0,logistic_regression,0,0.24318407169749973
91,2024,4,0,logistic_regression,0,0.27740806867816364
91,2024,5,0,logistic_regression,0,0.37057831421502874
91,2024,6,1,logistic_regression,0,0.3624891364255598
91,2024,7,0,logistic_regression,0,0.30504914097213603
91,2024,8,0,logistic_regression,0,0.4093873758791544
91,2024,9,1,logistic_regression,0,0.47780184140563225
91,2024,11,0,logistic_regression,0,0.22363503871219959
91,2024,12,1,logistic_regression,0,0.16594566375541206
92,2023,11,0,logistic_regression,0,0.3563192185823743
92,2023,12,1,logistic_regression,0,0.28654190061242646
92,2024,1,1,logistic_regression,0,0.22729292597043027
92,2024,2,0,logistic_regression,0,0.29384641885350093
92,2024,3,0,logistic_regression,0,0.2848025452560843
92,2024,4,0,logistic_regression,0,0.3165688218661789
92,2024,5,0,logistic_regression,0,0.4266627453208343
92,2024,6,1,logistic_regression,0,0.4493544042766118
92,2024,7,1,logistic_regression,0,0.36817638205282355
92,2024,8,1,logistic_regression,0,0.4822872193019976
92,2024,9,1,logistic_regression,1,0.5876993040625701
92,2024,11,1,logistic_regression,0,0.28976153422927636
92,2024,12,0,logistic_regression,0,0.2150573323482658
93,2023,11,0,logistic_regression,0,0.36521182212394593
93,2023,12,1,logistic_regression,0,0.2883217048848605
93,2024,1,1,logistic_regression,0,0.2328195577196906
93,2024,2,0,logistic_regression,0,0.3065475211770027
93,2024,3,0,logistic_regression,0,0.2874351356468617
93,2024,4,0,logistic_regression,1,0.5244638178758344
93,2024,5,0,logistic_regression,0,0.46867909433534904
93,2024,6,1,logistic_regression,0,0.465618285431563
93,2024,7,1,logistic_regression,0,0.3748057931616912
93,2024,8,1,logistic_regression,0,0.49616590368526337
93,2024,9,1,logistic_regression,1,0.594540231852103
93,2024,11,1,logistic_regression,0,0.2919910745987809
93,2024,12,0,logistic_regression,0,0.21043828697855904
94,2023,11,1,logistic_regression,0,0.3547996769717381
94,2023,12,1,logistic_regression,0,0.2681976709108927
94,2024,1,1,logistic_regression,0,0.18576032895184919
94,2024,2,1,logistic_regression,0,0.2232022576347344
94,2024,3,1,logistic_regression,0,0.1999468578540516
94,2024,4,1,logistic_regression,0,0.23378987649557312
94,2024,5,0,logistic_regression,0,0.3053630717806595
94,2024,6,1,logistic_regression,0,0.3158035158182279
94,2024,7,0,logistic_regression,0,0.46477473476873243
94,2024,8,1,logistic_regression,1,0.5871411549751216
94,2024,9,1,logistic_regression,1,0.6570131082883576
94,2024,11,1,logistic_regression,0,0.3538280781848344
94,2024,12,1,logistic_regression,0,0.34457285325867504
95,2023,11,1,logistic_regression,1,0.522599174208365
95,2023,12,1,logistic_regression,0,0.43627901617068526
95,2024,1,1,logistic_regression,0,0.3451329055457399
95,2024,2,1,logistic_regression,0,0.4124191863501438
95,2024,3,0,logistic_regression,0,0.39832243293585484
95,2024,4,1,logistic_regression,0,0.4286026468683006
95,2024,5,1,logistic_regression,1,0.5019173602846254
95,2024,6,1,logistic_regression,1,0.7886148873391555
95,2024,7,1,logistic_regression,1,0.9242298744202115
95,2024,8,1,logistic_regression,1,0.5462296860949569
95,2024,9,1,logistic_regression,1,0.6528042035615248
95,2024,11,1,logistic_regression,0,0.4219741396486463
95,2024,12,1,logistic_regression,0,0.36677426986685374
96,2023,11,1,logistic_regression,0,0.48758060582214013
96,2023,12,1,logistic_regression,0,0.4148871660922229
96,2024,1,1,logistic_regression,0,0.3215643669628267
96,2024,2,1,logistic_regression,0,0.39653454609795935
96,2024,3,0,logistic_regression,0,0.37247670681171885
96,2024,4,1,logistic_regression,0,0.40834370580865853
96,2024,5,1,logistic_regression,0,0.4863331002690273
96,2024,6,1,logistic_regression,0,0.49443254905231065
96,2024,7,1,logistic_regression,0,0.47407015537521247
96,2024,8,1,logistic_regression,1,0.5575038801779001
96,2024,9,1,logistic_regression,1,0.6268516731635208
96,2024,11,1,logistic_regression,0,0.25143627067874896
96,2024,12,1,logistic_regression,1,0.9767847726966769
97,2023,11,1,logistic_regression,0,0.391786394508872
97,2023,12,0,logistic_regression,0,0.33388467669597827
97,2024,1,1,logistic_regression,0,0.27136700949817605
97,2024,2,1,logistic_regression,0,0.3178001997973665
97,2024,3,1,logistic_regression,0,0.2827660009828274
97,2024,4,0,logistic_regression,0,0.3356659641825157
97,2024,5,1,logistic_regression,0,0.402980866512969
97,2024,6,1,logistic_regression,0,0.3851764294786039
97,2024,7,1,logistic_regression,0,0.3651026101469441
97,2024,8,0,logistic_regression,0,0.43991219422671
97,2024,9,1,logistic_regression,1,0.5190250975066412
97,2024,11,1,logistic_regression,0,0.3060687342458888
97,2024,12,1,logistic_regression,0,0.2648959598147521
98,2023,11,1,logistic_regression,0,0.42484836287812816
98,2023,12,0,logistic_regression,0,0.3664558018190165
98,2024,1,1,logistic_regression,0,0.2850012977388985
98,2024,2,1,logistic_regression,0,0.33031793707864265
98,2024,3,1,logistic_regression,0,0.3112081789541436
98,2024,4,0,logistic_regression,0,0.35977285840674533
98,2024,5,1,logistic_regression,0,0.41744721575957455
98,2024,6,1,logistic_regression,0,0.4213700251956528
98,2024,7,1,logistic_regression,0,0.40034955525650084
98,2024,8,0,logistic_regression,0,0.4717081375573037
98,2024,9,1,logistic_regression,1,0.5572131698879577
98,2024,11,1,logistic_regression,0,0.3295680400058626
98,2024,12,1,logistic_regression,0,0.29022127464535963
99,2023,11,1,logistic_regression,0,0.29782336118531294
99,2023,12,1,logistic_regression,0,0.23327360467859865
99,2024,1,1,logistic_regression,0,0.20165274269297342
99,2024,2,1,logistic_regression,0,0.2282214464511659
99,2024,3,1,logistic_regression,0,0.2034170356359727
99,2024,4,1,logistic_regression,0,0.23629156881315314
99,2024,5,1,logistic_regression,0,0.27188847979309594
99,2024,6,1,logistic_regression,0,0.2925887043018365
99,2024,7,1,logistic_regression,0,0.23476948961909794
99,2024,8,1,logistic_regression,0,0.29908842096632254
99,2024,9,1,logistic_regression,0,0.41464906086939796
99,2024,11,1,logistic_regression,0,0.20698185483794876
99,2024,12,1,logistic_regression,0,0.15318416283320999
100,2023,11,1,logistic_regression,1,0.933911442398199
100,2023,12,1,logistic_regression,1,0.9100122296732455
100,2024,1,1,logistic_regression,1,0.8890597122298575
100,2024,2,1,logistic_regression,1,0.9168893211406993
100,2024,3,1,logistic_regression,1,0.9184391842425486
100,2024,4,1,logistic_regression,1,0.9370339423442452
100,2024,5,1,logistic_regression,1,0.9621626432124787
100,2024,6,1,logistic_regression,1,0.9656009263559262
100,2024,7,1,logistic_regression,1,0.9388919033186972
100,2024,8,1,logistic_regression,1,0.9595677588960992
100,2024,9,1,logistic_regression,1,0.9724035415645987
100,2024,11,1,logistic_regression,1,0.9285776838292912
100,2024,12,1,logistic_regression,1,0.8748939115952109
101,2023,11,1,logistic_regression,1,0.5373896021483344
101,2023,12,1,logistic_regression,0,0.4649708162025706
101,2024,1,1,logistic_regression,0,0.36811103601066464
101,2024,2,1,logistic_regression,0,0.436696692947701
101,2024,3,1,logistic_regression,0,0.4484490580955901
101,2024,4,1,logistic_regression,1,0.5516604425249627
101,2024,5,1,logistic_regression,1,0.6587572988359334
101,2024,6,0,logistic_regression,1,0.7290925537100691
101,2024,7,0,logistic_regression,1,0.6491581016008178
101,2024,8,1,logistic_regression,1,0.7476495950326584
101,2024,9,1,logistic_regression,1,0.7565213328766771
101,2024,11,1,logistic_regression,0,0.4996781600427403
101,2024,12,1,logistic_regression,0,0.4169111895368685
102,2023,11,1,logistic_regression,0,0.4337865354454699
102,2023,12,1,logistic_regression,0,0.35810004391086353
102,2024,1,1,logistic_regression,0,0.2879674051293826
102,2024,2,1,logistic_regression,0,0.3331861848509117
102,2024,3,1,logistic_regression,0,0.341057092400599
102,2024,4,1,logistic_regression,0,0.39676802428647245
102,2024,5,1,logistic_regression,1,0.5021051144606004
102,2024,6,0,logistic_regression,1,0.8200040497588362
102,2024,7,0,logistic_regression,0,0.4936198076787125
102,2024,8,1,logistic_regression,1,0.5828804206127394
102,2024,9,1,logistic_regression,1,0.6283620675058128
102,2024,11,1,logistic_regression,0,0.3455970525427028
102,2024,12,1,logistic_regression,0,0.2981097122444103
103,2023,11,1,logistic_regression,0,0.31747435245761335
103,2023,12,0,logistic_regression,0,0.25342862271068134
103,2024,1,0,logistic_regression,0,0.18360932144079156
103,2024,2,1,logistic_regression,0,0.2335119773611179
103,2024,3,0,logistic_regression,0,0.22622645958914142
103,2024,4,1,logistic_regression,0,0.24989001376898598
103,2024,5,0,logistic_regression,0,0.33859556831128823
103,2024,6,0,logistic_regression,0,0.3267749674623663
103,2024,7,1,logistic_regression,0,0.2698156441306347
103,2024,8,1,logistic_regression,0,0.3601808026648568
103,2024,9,0,logistic_regression,0,0.4557422861188543
103,2024,11,1,logistic_regression,0,0.22072645238967462
103,2024,12,1,logistic_regression,0,0.17289976308701663
104,2023,11,1,logistic_regression,0,0.32479881876438643
104,2023,12,0,logistic_regression,0,0.2690194675154861
104,2024,1,0,logistic_regression,0,0.19881358952605424
104,2024,2,1,logistic_regression,0,0.2953233771348282
104,2024,3,0,logistic_regression,0,0.25536583311634464
104,2024,4,1,logistic_regression,0,0.272127324055433
104,2024,5,0,logistic_regression,0,0.36155829049287364
104,2024,6,0,logistic_regression,0,0.34600793707774175
104,2024,7,1,logistic_regression,0,0.2893821413140138
104,2024,8,1,logistic_regression,0,0.37631150526925494
104,2024,9,0,logistic_regression,0,0.46993009141801734
104,2024,11,1,logistic_regression,0,0.22416670480270143
104,2024,12,1,logistic_regression,0,0.17569993118513014
105,2023,11,0,logistic_regression,0,0.1339672879627939
105,2023,12,0,logistic_regression,0,0.13703814582413862
105,2024,1,0,logistic_regression,0,0.10639889078147888
105,2024,2,1,logistic_regression,0,0.11033238521828147
105,2024,3,0,logistic_regression,0,0.08622532630744728
105,2024,4,0,logistic_regression,0,0.11648608591592895
105,2024,5,0,logistic_regression,0,0.11672802123058738
105,2024,6,1,logistic_regression,0,0.1761591282021175
105,2024,7,0,logistic_regression,0,0.1035507659055904
105,2024,8,0,logistic_regression,0,0.12436014844411378
105,2024,9,0,logistic_regression,0,0.18508865462472607
105,2024,11,1,logistic_regression,0,0.14266638376146362
105,2024,12,0,logistic_regression,0,0.09047579918779775
106,2023,11,0,logistic_regression,0,0.21997436693207326
106,2023,12,0,logistic_regression,0,0.20708009137637207
106,2024,1,0,logistic_regression,0,0.16435545054670755
106,2024,2,1,logistic_regression,0,0.1838036670304453
106,2024,3,0,logistic_regression,0,0.16181425608156924
106,2024,4,0,logistic_regression,0,0.19749216504736292
106,2024,5,0,logistic_regression,0,0.21801395531457893
106,2024,6,1,logistic_regression,0,0.244325199620261
106,2024,7,0,logistic_regression,0,0.19565215027216926
106,2024,8,0,logistic_regression,0,0.24526639240338197
106,2024,9,0,logistic_regression,0,0.3151068249562735
106,2024,11,1,logistic_regression,0,0.17162133039576044
106,2024,12,0,logistic_regression,0,0.13540878873295648
107,2023,11,1,logistic_regression,1,0.9971702052175505
107,2023,12,1,logistic_regression,1,0.9947806120099675
107,2024,1,1,logistic_regression,1,0.9911182523216326
107,2024,2,1,logistic_regression,1,0.9965574326668651
107,2024,3,1,logistic_regression,1,0.998346307187534
107,2024,4,1,logistic_regression,1,0.9981303818426955
107,2024,5,1,logistic_regression,1,0.9990682564788431
107,2024,6,1,logistic_regression,1,0.9993759981314876
107,2024,7,1,logistic_regression,1,0.9985826653266575
107,2024,8,1,logistic_regression,1,0.9991952131577764
107,2024,9,1,logistic_regression,1,0.9996569689202979
107,2024,11,1,logistic_regression,1,0.9977892923115763
107,2024,12,1,logistic_regression,1,0.9935303822230184
108,2023,11,1,logistic_regression,1,0.6883912947456376
108,2023,12,1,logistic_regression,1,0.6366774535282532
108,2024,1,1,logistic_regression,1,0.5624548391340392
108,2024,2,0,logistic_regression,1,0.6337023608248851
108,2024,3,1,logistic_regression,1,0.698460409535036
108,2024,4,1,logistic_regression,1,0.7473449320445275
108,2024,5,1,logistic_regression,1,0.8102422083210984
108,2024,6,1,logistic_regression,1,0.838123838472436
108,2024,7,1,logistic_regression,1,0.7661843346859346
108,2024,8,1,logistic_regression,1,0.8111859930464447
108,2024,9,1,logistic_regression,1,0.8914849505832773
108,2024,11,1,logistic_regression,1,0.7075589319445542
108,2024,12,1,logistic_regression,1,0.5783057080010979
109,2023,11,0,logistic_regression,1,0.8746299446392555
109,2023,12,0,logistic_regression,1,0.8451614572757575
109,2024,1,1,logistic_regression,1,0.7959249076285737
109,2024,2,0,logistic_regression,1,0.8361273538806594
109,2024,3,1,logistic_regression,1,0.8551105294823533
109,2024,4,1,logistic_regression,1,0.883378526844566
109,2024,5,1,logistic_regression,1,0.9289682842792336
109,2024,6,0,logistic_regression,1,0.9540590835006311
109,2024,7,0,logistic_regression,1,0.9042557261904987
109,2024,8,1,logistic_regression,1,0.9438222060277249
109,2024,9,1,logistic_regression,1,0.9635954888909873
109,2024,11,1,logistic_regression,1,0.865684749887086
109,2024,12,0,logistic_regression,1,0.7845689592722187
110,2023,11,1,logistic_regression,1,0.8096583771494327
110,2023,12,1,logistic_regression,1,0.7414971827866988
110,2024,1,1,logistic_regression,1,0.7180350501908592
110,2024,2,1,logistic_regression,1,0.7935623608644631
110,2024,3,1,logistic_regression,1,0.7958046452693501
110,2024,4,1,logistic_regression,1,0.8491085520054259
110,2024,5,0,logistic_regression,1,0.8884644160258833
110,2024,6,1,logistic_regression,1,0.902697309251196
110,2024,7,0,logistic_regression,1,0.8608001802533687
110,2024,8,1,logistic_regression,1,0.8918935326730086
110,2024,9,1,logistic_regression,1,0.9092241179492881
110,2024,11,1,logistic_regression,1,0.737098352987067
110,2024,12,1,logistic_regression,1,0.5841497151469021
111,2023,11,1,logistic_regression,1,0.5291198373956216
111,2023,12,0,logistic_regression,0,0.4811300677544162
111,2024,1,1,logistic_regression,0,0.4002977758926239
111,2024,2,1,logistic_regression,0,0.4894614851776202
111,2024,3,1,logistic_regression,1,0.5346169434640057
111,2024,4,1,logistic_regression,1,0.6111934519673073
111,2024,5,1,logistic_regression,1,0.6859083744371264
111,2024,6,1,logistic_regression,1,0.7194624512400289
111,2024,7,1,logistic_regression,1,0.659875797601981
111,2024,8,1,logistic_regression,1,0.7242213649613425
111,2024,9,0,logistic_regression,1,0.7722261654334428
111,2024,11,1,logistic_regression,0,0.4924924528445447
111,2024,12,0,logistic_regression,0,0.38649027968498856
112,2023,11,0,logistic_regression,1,0.7296424385086285
112,2023,12,1,logistic_regression,1,0.5995427187502035
112,2024,1,1,logistic_regression,1,0.5533605383423176
112,2024,2,1,logistic_regression,1,0.6277505744525066
112,2024,3,1,logistic_regression,1,0.6444454839058766
112,2024,4,1,logistic_regression,1,0.6870222391319182
112,2024,5,1,logistic_regression,1,0.7556082754165012
112,2024,6,0,logistic_regression,1,0.7857246307491217
112,2024,7,0,logistic_regression,1,0.7643568152758449
112,2024,8,1,logistic_regression,1,0.8332838885397023
112,2024,9,1,logistic_regression,1,0.8610691192477244
112,2024,11,0,logistic_regression,1,0.6125244142458931
112,2024,12,1,logistic_regression,1,0.5021362388916684
113,2023,11,0,logistic_regression,0,0.3845562690585245
113,2023,12,0,logistic_regression,0,0.3651919169083867
113,2024,1,0,logistic_regression,0,0.27748456264077265
113,2024,2,1,logistic_regression,0,0.3388826879491284
113,2024,3,0,logistic_regression,0,0.3673394347577892
113,2024,4,1,logistic_regression,0,0.3956753209948025
113,2024,5,0,logistic_regression,0,0.49324367837326444
113,2024,6,0,logistic_regression,1,0.5207276791456502
113,2024,7,1,logistic_regression,0,0.436661316231309
113,2024,8,1,logistic_regression,1,0.5646075195115434
113,2024,9,1,logistic_regression,1,0.6093541455390084
113,2024,11,1,logistic_regression,0,0.33016095433794135
113,2024,12,1,logistic_regression,0,0.2593716499622134
114,2023,11,0,logistic_regression,0,0.1833952992890711
114,2023,12,0,logistic_regression,0,0.16247172687424116
114,2024,1,0,logistic_regression,0,0.13387311287153383
114,2024,2,1,logistic_regression,0,0.14945118759296544
114,2024,3,0,logistic_regression,0,0.1259935570436787
114,2024,4,1,logistic_regression,0,0.15686559100482195
114,2024,5,0,logistic_regression,0,0.17124922010296906
114,2024,6,0,logistic_regression,0,0.1779176792299208
114,2024,7,1,logistic_regression,0,0.14958045283879165
114,2024,8,1,logistic_regression,0,0.17448687596375526
114,2024,9,1,logistic_regression,0,0.25759552435035593
114,2024,11,1,logistic_regression,0,0.12518480828293316
114,2024,12,1,logistic_regression,0,0.10950278725683622
115,2023,11,0,logistic_regression,1,0.7118978477477712
115,2023,12,1,logistic_regression,1,0.6927823485868683
115,2024,1,1,logistic_regression,1,0.6238842217055993
115,2024,2,1,logistic_regression,1,0.6769615850269842
115,2024,3,1,logistic_regression,1,0.6877107804075692
115,2024,4,1,logistic_regression,1,0.7245630925433343
115,2024,5,0,logistic_regression,1,0.8228367577871566
115,2024,6,1,logistic_regression,1,0.8437057937999262
115,2024,7,0,logistic_regression,1,0.8212513796737728
115,2024,8,1,logistic_regression,1,0.859493450933795
115,2024,9,0,logistic_regression,1,0.8774797893207088
115,2024,11,1,logistic_regression,1,0.668009195559443
115,2024,12,1,logistic_regression,1,0.5499700067887836
116,2023,11,0,logistic_regression,0,0.3458346925614231
116,2023,12,0,logistic_regression,0,0.29538781429348665
116,2024,1,1,logistic_regression,0,0.24738711135773347
116,2024,2,1,logistic_regression,0,0.2910297618738181
116,2024,3,1,logistic_regression,0,0.29743966379845194
116,2024,4,0,logistic_regression,0,0.32101872045276275
116,2024,5,1,logistic_regression,0,0.4122299008015006
116,2024,6,0,logistic_regression,0,0.40530466177932395
116,2024,7,1,logistic_regression,0,0.3162034144291107
116,2024,8,1,logistic_regression,0,0.3798371776386577
116,2024,9,1,logistic_regression,0,0.49725873015782757
116,2024,11,1,logistic_regression,0,0.25819739946075343
116,2024,12,0,logistic_regression,0,0.20238761674126335
117,2023,11,0,logistic_regression,0,0.35327971221840226
117,2023,12,0,logistic_regression,0,0.30319355478537907
117,2024,1,1,logistic_regression,0,0.2570351139745209
117,2024,2,1,logistic_regression,0,0.3109676577404073
117,2024,3,1,logistic_regression,0,0.29992210261008334
117,2024,4,0,logistic_regression,0,0.36014007133267917
117,2024,5,1,logistic_regression,0,0.4579304648143993
117,2024,6,0,logistic_regression,1,0.5254351187451975
117,2024,7,1,logistic_regression,0,0.44191139380605177
117,2024,8,1,logistic_regression,1,0.5211527848680394
117,2024,9,1,logistic_regression,1,0.6009993271827275
117,2024,11,1,logistic_regression,0,0.29813085167351505
117,2024,12,0,logistic_regression,0,0.23955570388200662
118,2023,11,1,logistic_regression,1,0.8832975284023643
118,2023,12,1,logistic_regression,1,0.8325711384939171
118,2024,1,1,logistic_regression,1,0.7578658903215902
118,2024,2,1,logistic_regression,1,0.8266274497192425
118,2024,3,1,logistic_regression,1,0.8463363581005545
118,2024,4,1,logistic_regression,1,0.8359723461819869
118,2024,5,1,logistic_regression,1,0.8893970336691039
118,2024,6,1,logistic_regression,1,0.9178341819668856
118,2024,7,1,logistic_regression,1,0.8897449505382797
118,2024,8,1,logistic_regression,1,0.9011590965550709
118,2024,9,1,logistic_regression,1,0.9394926977378537
118,2024,11,1,logistic_regression,1,0.8281581833401656
118,2024,12,1,logistic_regression,1,0.7646475666414841
119,2023,11,1,logistic_regression,0,0.1313435548041912
119,2023,12,1,logistic_regression,0,0.11405580427763469
119,2024,1,1,logistic_regression,0,0.08419868364081017
119,2024,2,1,logistic_regression,0,0.09638591391404927
119,2024,3,1,logistic_regression,0,0.07845065008172673
119,2024,4,1,logistic_regression,0,0.09578246909301169
119,2024,5,1,logistic_regression,0,0.10476972214110832
119,2024,6,1,logistic_regression,0,0.11008172232110773
119,2024,7,1,logistic_regression,0,0.08428362912554846
119,2024,8,1,logistic_regression,0,0.09806417251710844
119,2024,9,1,logistic_regression,0,0.15423418915485435
119,2024,11,1,logistic_regression,1,0.9991234749137993
119,2024,12,1,logistic_regression,1,0.9993327585616608
120,2023,11,1,logistic_regression,0,0.20630250403104586
120,2023,12,1,logistic_regression,0,0.17824507977251247
120,2024,1,1,logistic_regression,0,0.13072185207321102
120,2024,2,0,logistic_regression,0,0.16394670023219185
120,2024,3,1,logistic_regression,0,0.154232496293634
120,2024,4,1,logistic_regression,0,0.18646645034774897
120,2024,5,1,logistic_regression,0,0.24897818019544254
120,2024,6,1,logistic_regression,0,0.2620251422871706
120,2024,7,1,logistic_regression,0,0.23404207802114133
120,2024,8,1,logistic_regression,0,0.2933587092182393
120,2024,9,1,logistic_regression,0,0.3454735271266007
120,2024,11,1,logistic_regression,0,0.14814299804912884
120,2024,12,1,logistic_regression,0,0.11428214914425194
121,2023,11,1,logistic_regression,1,0.5350751038783678
121,2023,12,1,logistic_regression,0,0.4636654944318984
121,2024,1,1,logistic_regression,0,0.3798425201552408
121,2024,2,0,logistic_regression,0,0.4803937779595086
121,2024,3,1,logistic_regression,1,0.514399672811278
121,2024,4,1,logistic_regression,1,0.5284704808208083
121,2024,5,1,logistic_regression,1,0.6446025258752718
121,2024,6,1,logistic_regression,1,0.649568979030117
121,2024,7,0,logistic_regression,1,0.5304661742255817
121,2024,8,1,logistic_regression,1,0.6970159312028701
121,2024,9,1,logistic_regression,1,0.7506485246554371
121,2024,11,1,logistic_regression,0,0.44209278136844754
121,2024,12,1,logistic_regression,0,0.33754247044125113
122,2023,11,1,logistic_regression,1,0.9062334085707745
122,2023,12,1,logistic_regression,1,0.8354039035720991
122,2024,1,1,logistic_regression,1,0.844763482543551
122,2024,2,1,logistic_regression,1,0.871396396429862
122,2024,3,1,logistic_regression,1,0.9220553037451992
122,2024,4,1,logistic_regression,1,0.899425184756287
122,2024,5,1,logistic_regression,1,0.9703637480020018
122,2024,6,1,logistic_regression,1,0.9779270099766757
122,2024,7,1,logistic_regression,1,0.9446439214737165
122,2024,8,1,logistic_regression,1,0.5033471778515339
122,2024,9,1,logistic_regression,0,0.17916804845084636
122,2024,11,1,logistic_regression,0,0.09315039536758796
122,2024,12,1,logistic_regression,0,0.07785738946979522
123,2024,11,1,logistic_regression,1,0.9990483577050001
123,2024,12,0,logistic_regression,1,0.9990226118943246
124,2023,11,1,logistic_regression,0,0.21748425308678243
124,2023,12,1,logistic_regression,0,0.09425092178864615
124,2024,1,1,logistic_regression,0,0.06966534083962907
124,2024,2,1,logistic_regression,0,0.08211315371933961
124,2024,3,1,logistic_regression,0,0.06404838031223772
124,2024,4,1,logistic_regression,0,0.07240558377974486
124,2024,5,0,logistic_regression,0,0.08730017465316828
124,2024,6,0,logistic_regression,0,0.0831340427108632
124,2024,7,1,logistic_regression,0,0.06646270382824443
124,2024,8,1,logistic_regression,0,0.2176251061944758
124,2024,11,1,logistic_regression,1,0.9990437736770926
124,2024,12,0,logistic_regression,1,0.999017903971653
125,2023,11,1,logistic_regression,1,0.7763339802475347
125,2023,12,1,logistic_regression,1,0.7059418585887086
125,2024,1,1,logistic_regression,1,0.6576649008540013
125,2024,2,1,logistic_regression,1,0.7348260788509307
125,2024,3,1,logistic_regression,1,0.7985285372414405
125,2024,4,1,logistic_regression,1,0.7805158201463551
125,2024,5,1,logistic_regression,1,0.8984928960286734
125,2024,6,1,logistic_regression,1,0.9101608723359026
125,2024,7,1,logistic_regression,1,0.8272076155117845
125,2024,8,1,logistic_regression,1,0.9591234807662053
125,2024,9,1,logistic_regression,1,0.9874331759865542
125,2024,11,1,logistic_regression,1,0.9445162083701747
125,2024,12,1,logistic_regression,1,0.8938999740170339
126,2023,11,1,logistic_regression,1,0.6263194462170494
126,2023,12,1,logistic_regression,1,0.5397687235514086
126,2024,1,1,logistic_regression,1,0.5359540437891998
126,2024,2,1,logistic_regression,1,0.5756583246044076
126,2024,3,1,logistic_regression,1,0.6186458334711856
126,2024,4,1,logistic_regression,1,0.6356711610881831
126,2024,5,1,logistic_regression,1,0.7332390027157606
126,2024,6,1,logistic_regression,1,0.7507051907987571
126,2024,7,1,logistic_regression,1,0.6965220650274738
126,2024,8,0,logistic_regression,1,0.7748478838661865
126,2024,9,1,logistic_regression,1,0.8248618223142516
126,2024,11,1,logistic_regression,1,0.5204529172211421
126,2024,12,1,logistic_regression,0,0.41514040089970494
127,2023,11,0,logistic_regression,1,0.6119132449890036
127,2023,12,1,logistic_regression,0,0.43726528316811125
127,2024,1,1,logistic_regression,0,0.42650020818244216
127,2024,2,1,logistic_regression,1,0.5174763996973277
127,2024,3,1,logistic_regression,1,0.5363004398573475
127,2024,4,1,logistic_regression,1,0.5668776645413787
127,2024,5,1,logistic_regression,1,0.6735232307789026
127,2024,6,0,logistic_regression,1,0.69184535753346
127,2024,7,0,logistic_regression,1,0.6924207162853512
127,2024,8,1,logistic_regression,1,0.7488526656888475
127,2024,9,1,logistic_regression,1,0.7959898108754202
127,2024,11,0,logistic_regression,1,0.5109533717715571
127,2024,12,1,logistic_regression,0,0.38167680940625837
128,2023,11,1,logistic_regression,0,0.44682319524414305
128,2023,12,1,logistic_regression,0,0.41188507550895465
128,2024,1,1,logistic_regression,0,0.3252769993802136
128,2024,2,1,logistic_regression,0,0.37880805186046845
128,2024,3,1,logistic_regression,0,0.3472217606563489
128,2024,4,1,logistic_regression,0,0.38715119515290297
128,2024,5,1,logistic_regression,0,0.47599548617337684
128,2024,6,1,logistic_regression,0,0.46492458767004086
128,2024,7,1,logistic_regression,0,0.39932246125530313
128,2024,8,1,logistic_regression,1,0.5113334882889468
128,2024,9,1,logistic_regression,1,0.5784562436684393
128,2024,11,1,logistic_regression,0,0.35195293972418806
128,2024,12,1,logistic_regression,0,0.30695542305524903
129,2023,11,1,logistic_regression,0,0.40863027493312637
129,2023,12,1,logistic_regression,0,0.36323197888748104
129,2024,1,1,logistic_regression,0,0.2898623341686863
129,2024,2,1,logistic_regression,0,0.3309368567647952
129,2024,3,1,logistic_regression,0,0.3062162189173114
129,2024,4,1,logistic_regression,0,0.3596078506540088
129,2024,5,1,logistic_regression,0,0.4320725990395399
129,2024,6,1,logistic_regression,0,0.414344387636189
129,2024,7,1,logistic_regression,0,0.38210949934817956
129,2024,8,1,logistic_regression,0,0.4567475843800424
129,2024,9,1,logistic_regression,1,0.5375314252374418
129,2024,11,1,logistic_regression,0,0.3309262068345067
129,2024,12,1,logistic_regression,0,0.27408597417049574
131,2023,11,0,logistic_regression,0,0.410946884552665
131,2023,12,0,logistic_regression,0,0.37994773855605646
131,2024,1,0,logistic_regression,0,0.29881642108565826
131,2024,2,0,logistic_regression,0,0.36178670441545085
131,2024,3,1,logistic_regression,0,0.37472140137895793
131,2024,4,0,logistic_regression,0,0.4589400374255259
131,2024,5,1,logistic_regression,1,0.5688518108609717
131,2024,6,0,logistic_regression,1,0.5973085285244113
131,2024,7,0,logistic_regression,1,0.5506329865634656
131,2024,8,0,logistic_regression,1,0.6480556918771219
131,2024,9,0,logistic_regression,1,0.6591599104050662
131,2024,11,1,logistic_regression,0,0.3708986156586219
131,2024,12,0,logistic_regression,0,0.2792364422907884
132,2023,11,1,logistic_regression,0,0.24356977789583353
132,2023,12,0,logistic_regression,0,0.2081770684935719
132,2024,1,1,logistic_regression,0,0.15857801721378395
132,2024,2,0,logistic_regression,0,0.18997712265222988
132,2024,3,1,logistic_regression,0,0.19029145060800282
132,2024,4,1,logistic_regression,0,0.21132714928820706
132,2024,5,1,logistic_regression,0,0.290670063723343
132,2024,6,0,logistic_regression,0,0.3017771118251259
132,2024,7,1,logistic_regression,0,0.2588983270579764
132,2024,8,0,logistic_regression,0,0.3225379790231333
132,2024,9,1,logistic_regression,0,0.41627566102361163
132,2024,11,0,logistic_regression,0,0.17000471873207382
132,2024,12,1,logistic_regression,0,0.1352112646196024
133,2023,11,1,logistic_regression,0,0.296946693948059
133,2023,12,0,logistic_regression,0,0.24486189139841957
133,2024,1,1,logistic_regression,0,0.19885313232200508
133,2024,2,0,logistic_regression,0,0.23076819655552186
133,2024,3,1,logistic_regression,0,0.23005929412449777
133,2024,4,1,logistic_regression,0,0.2556222600409884
133,2024,5,1,logistic_regression,0,0.3455494456044761
133,2024,6,0,logistic_regression,0,0.35029985577242445
133,2024,7,1,logistic_regression,0,0.32308627086955455
133,2024,8,0,logistic_regression,0,0.39261897907772547
133,2024,9,1,logistic_regression,0,0.4924993339758046
133,2024,11,0,logistic_regression,0,0.22175234733388782
133,2024,12,1,logistic_regression,0,0.1669660983783879
134,2023,11,1,logistic_regression,0,0.41229932472334146
134,2023,12,0,logistic_regression,0,0.36041999562444943
134,2024,1,0,logistic_regression,0,0.2980090730654464
134,2024,2,0,logistic_regression,0,0.3587492220616119
134,2024,3,1,logistic_regression,0,0.3813333106102402
134,2024,4,0,logistic_regression,0,0.402798449889348
134,2024,5,1,logistic_regression,1,0.509279765615916
134,2024,6,0,logistic_regression,1,0.5341961106047067
134,2024,7,0,logistic_regression,0,0.4419196769946213
134,2024,8,1,logistic_regression,1,0.5262822828833698
134,2024,9,0,logistic_regression,1,0.6405894518722336
134,2024,11,1,logistic_regression,0,0.35051705929766475
134,2024,12,1,logistic_regression,0,0.2601128370215834
135,2023,11,1,logistic_regression,0,0.47200309473443414
135,2023,12,0,logistic_regression,0,0.4167400477801542
135,2024,1,0,logistic_regression,0,0.33759757426866566
135,2024,2,0,logistic_regression,0,0.3852253175172644
135,2024,3,1,logistic_regression,0,0.3691797558261873
135,2024,4,0,logistic_regression,0,0.40547463736898165
135,2024,5,1,logistic_regression,1,0.501790923635255
135,2024,6,0,logistic_regression,0,0.48447363905390767
135,2024,7,0,logistic_regression,0,0.45890646178588185
135,2024,8,1,logistic_regression,1,0.5135728054403951
135,2024,9,0,logistic_regression,1,0.6055082310955975
135,2024,11,1,logistic_regression,0,0.37706096314838905
135,2024,12,1,logistic_regression,0,0.3009054445940912
136,2023,11,1,logistic_regression,0,0.45799136959223125
136,2023,12,0,logistic_regression,0,0.36791106254472966
136,2024,1,1,logistic_regression,0,0.3427588651282064
136,2024,2,1,logistic_regression,0,0.42931887342139047
136,2024,3,1,logistic_regression,0,0.4001712595265916
136,2024,4,1,logistic_regression,0,0.3460721132016245
136,2024,5,1,logistic_regression,0,0.4456257382938909
136,2024,6,0,logistic_regression,0,0.49627663863921423
136,2024,7,1,logistic_regression,0,0.37440594572617913
136,2024,8,1,logistic_regression,0,0.43603161670244833
136,2024,9,1,logistic_regression,1,0.6553449107782104
136,2024,11,1,logistic_regression,0,0.3739834112474115
136,2024,12,1,logistic_regression,0,0.23588541445229905
137,2023,11,1,logistic_regression,1,0.9592093432027198
137,2023,12,1,logistic_regression,1,0.9331528778538161
137,2024,1,1,logistic_regression,1,0.9150049999247335
137,2024,2,1,logistic_regression,1,0.9481487713559363
137,2024,3,1,logistic_regression,1,0.9757254951552077
137,2024,4,1,logistic_regression,1,0.9730143548040612
137,2024,5,1,logistic_regression,1,0.9879156506406782
137,2024,6,1,logistic_regression,1,0.9905127473359042
137,2024,7,1,logistic_regression,1,0.9898268318934184
137,2024,8,1,logistic_regression,1,0.998877617739162
137,2024,9,1,logistic_regression,1,0.9975608126423668
137,2024,11,1,logistic_regression,1,0.9684414429676185
137,2024,12,1,logistic_regression,1,0.9488202993332856
138,2023,11,1,logistic_regression,1,0.7971103881642368
138,2023,12,1,logistic_regression,1,0.737384048044789
138,2024,1,1,logistic_regression,1,0.7277114488504838
138,2024,2,1,logistic_regression,1,0.7516636736980962
138,2024,3,1,logistic_regression,1,0.7125345793586683
138,2024,4,1,logistic_regression,1,0.7832296930389063
138,2024,5,1,logistic_regression,1,0.8175919616532841
138,2024,6,1,logistic_regression,1,0.8268661937459869
138,2024,7,1,logistic_regression,1,0.810251854594058
138,2024,8,1,logistic_regression,1,0.6173867235694156
138,2024,9,1,logistic_regression,1,0.8940639404046754
138,2024,11,1,logistic_regression,1,0.7598857020742131
138,2024,12,1,logistic_regression,1,0.7032568419354734
139,2023,11,1,logistic_regression,0,0.3596166960624657
139,2023,12,1,logistic_regression,0,0.2787660226740457
139,2024,1,1,logistic_regression,0,0.16291363411968438
139,2024,2,1,logistic_regression,0,0.22324865644751163
139,2024,3,1,logistic_regression,0,0.3467366122685927
139,2024,4,1,logistic_regression,0,0.4377450111623067
139,2024,5,1,logistic_regression,1,0.5775998046360499
139,2024,6,0,logistic_regression,1,0.5645419267634194
139,2024,7,1,logistic_regression,1,0.6242220695695464
139,2024,8,1,logistic_regression,1,0.7192502396666178
139,2024,9,1,logistic_regression,1,0.6984391869389278
139,2024,11,0,logistic_regression,0,0.3154284317138442
139,2024,12,0,logistic_regression,0,0.23785357781312685
140,2023,11,1,logistic_regression,1,0.9016103002976106
140,2023,12,1,logistic_regression,1,0.8764792261093419
140,2024,1,1,logistic_regression,1,0.8257217876336665
140,2024,2,1,logistic_regression,1,0.864427209935488
140,2024,3,1,logistic_regression,1,0.8794113739630486
140,2024,4,1,logistic_regression,1,0.888722922964796
140,2024,5,1,logistic_regression,1,0.9355020863233939
140,2024,6,1,logistic_regression,1,0.9451965140205065
140,2024,7,1,logistic_regression,1,0.949036995988694
140,2024,8,1,logistic_regression,1,0.9661758859806585
140,2024,9,1,logistic_regression,1,0.9791063809729421
140,2024,11,1,logistic_regression,1,0.9014554960874542
140,2024,12,1,logistic_regression,1,0.8507078159741789
142,2023,11,1,logistic_regression,1,0.9992519637713861
143,2023,12,1,logistic_regression,1,0.9549568853510029
143,2024,1,1,logistic_regression,1,0.987083609742811
143,2024,2,1,logistic_regression,1,0.9938904597202293
143,2024,3,1,logistic_regression,1,0.995442012860006
143,2024,4,1,logistic_regression,1,0.9953135019697517
143,2024,5,1,logistic_regression,1,0.9981100773651921
143,2024,6,1,logistic_regression,1,0.9984643547758549
143,2024,7,1,logistic_regression,1,0.995447854035263
143,2024,8,1,logistic_regression,1,0.9976674357427189
143,2024,9,1,logistic_regression,1,0.9992512822243486
143,2024,11,1,logistic_regression,1,0.9959979805681072
143,2024,12,1,logistic_regression,1,0.9916492515736702
144,2024,1,1,logistic_regression,1,0.9917410412002516
1,2023,11,1,random_forest,1,0.7024306645025445
1,2023,12,0,random_forest,1,0.7269238889084951
1,2024,1,1,random_forest,1,0.6533943683726249
1,2024,2,0,random_forest,1,0.7845256647807836
1,2024,3,1,random_forest,1,0.8260468237835759
1,2024,4,0,random_forest,1,0.8399835161212149
1,2024,5,1,random_forest,1,0.859931324152861
1,2024,6,1,random_forest,1,0.9645729653562597
1,2024,7,0,random_forest,1,0.9083067785490124
1,2024,8,1,random_forest,1,0.9383428104495537
1,2024,9,1,random_forest,1,0.9015272913522934
1,2024,11,0,random_forest,1,0.7962512746612344
1,2024,12,1,random_forest,1,0.7113342375202582
2,2023,11,1,random_forest,1,0.9809019076645219
2,2023,12,1,random_forest,1,0.9685013887927901
2,2024,1,1,random_forest,1,0.9544800254778949
2,2024,2,1,random_forest,1,0.9538319332850556
2,2024,3,1,random_forest,1,0.9888835736793214
2,2024,4,1,random_forest,1,0.9911189360289002
2,2024,5,1,random_forest,1,0.969845684300206
2,2024,6,1,random_forest,1,0.9936288775753334
2,2024,7,1,random_forest,1,0.9619151923102943
2,2024,8,1,random_forest,1,0.948897617139264
2,2024,9,1,random_forest,1,0.9130485346191133
2,2024,11,1,random_forest,1,0.9301643790113767
2,2024,12,1,random_forest,1,0.9236051739035867
3,2023,11,1,random_forest,1,0.9749809131475864
3,2023,12,1,random_forest,1,0.9441357867595661
3,2024,1,1,random_forest,1,0.9661494425771955
3,2024,2,1,random_forest,1,0.9156175419308026
3,2024,3,1,random_forest,1,0.9890011778045603
3,2024,4,1,random_forest,1,0.9725270731403
3,2024,5,1,random_forest,1,0.9280350209762946
3,2024,6,1,random_forest,1,0.9718923903280059
3,2024,7,1,random_forest,1,0.9656059400452723
3,2024,8,1,random_forest,1,0.9392268474548761
3,2024,9,1,random_forest,1,0.9405020363360097
3,2024,11,1,random_forest,1,0.9645623442833626
3,2024,12,1,random_forest,1,0.9728836314000286
4,2023,11,0,random_forest,0,0.20067496576330507
4,2023,12,0,random_forest,0,0.24603821006918017
4,2024,1,0,random_forest,0,0.172460081274967
4,2024,2,0,random_forest,0,0.4063303690463269
4,2024,3,1,random_forest,0,0.4087282816095933
4,2024,4,1,random_forest,0,0.29592888313413496
4,2024,5,0,random_forest,0,0.38310839823018755
4,2024,6,0,random_forest,0,0.3261993185858988
4,2024,7,0,random_forest,0,0.3736166849746522
4,2024,8,1,random_forest,1,0.601253494102375
4,2024,9,1,random_forest,1,0.5336700658786045
4,2024,11,1,random_forest,0,0.46595171412568126
4,2024,12,0,random_forest,0,0.29066418434383795
5,2023,11,0,random_forest,0,0.2045430287006118
5,2023,12,0,random_forest,0,0.24262386093846558
5,2024,1,0,random_forest,0,0.19749459977527478
5,2024,2,0,random_forest,0,0.41066069308223135
5,2024,3,1,random_forest,0,0.37476048644416815
5,2024,4,1,random_forest,0,0.31102601932610524
5,2024,5,0,random_forest,0,0.42719190080806396
5,2024,6,0,random_forest,1,0.532984561299658
5,2024,7,0,random_forest,0,0.42204356865626214
5,2024,8,1,random_forest,1,0.6125973133385793
5,2024,9,1,random_forest,1,0.6936108063181663
5,2024,11,1,random_forest,0,0.46579004807689606
5,2024,12,0,random_forest,0,0.31054528160669964
6,2023,11,0,random_forest,1,0.883082086878682
6,2023,12,1,random_forest,1,0.8119928223523428
6,2024,1,1,random_forest,1,0.8407186009351756
6,2024,2,1,random_forest,1,0.8845061545817834
6,2024,3,1,random_forest,1,0.9489459992071757
6,2024,4,1,random_forest,1,0.8655110861460219
6,2024,5,1,random_forest,1,0.9191941420964531
6,2024,6,1,random_forest,1,0.9694346825092919
6,2024,7,1,random_forest,1,0.7062703898657441
6,2024,8,1,random_forest,1,0.7911576962155163
6,2024,9,1,random_forest,1,0.9603193116974215
6,2024,11,1,random_forest,1,0.884540148613252
6,2024,12,1,random_forest,1,0.85232307456383
7,2023,11,0,random_forest,1,0.8946964184968997
7,2023,12,1,random_forest,1,0.7998254906954596
7,2024,1,1,random_forest,1,0.7478177663436724
7,2024,2,1,random_forest,1,0.833539389248044
7,2024,3,1,random_forest,1,0.9545329042580738
7,2024,4,1,random_forest,1,0.9079452641121812
7,2024,5,1,random_forest,1,0.8029312472260006
7,2024,6,1,random_forest,1,0.9445168111237744
7,2024,7,1,random_forest,1,0.7845414069354377
7,2024,8,1,random_forest,1,0.6822051944633497
7,2024,9,1,random_forest,1,0.8646846333623371
7,2024,11,1,random_forest,1,0.8600123804960624
7,2024,12,1,random_forest,1,0.7463271135709277
8,2023,11,1,random_forest,1,0.7139391582013273
8,2023,12,1,random_forest,0,0.3821836404300773
8,2024,1,1,random_forest,0,0.4568093086839665
8,2024,2,1,random_forest,1,0.7405856633483505
8,2024,3,1,random_forest,1,0.8893768033212445
8,2024,4,1,random_forest,1,0.856605083515593
8,2024,5,1,random_forest,1,0.8562257953219042
8,2024,6,1,random_forest,1,0.8435267995535574
8,2024,7,0,random_forest,1,0.8647509837203622
8,2024,8,1,random_forest,1,0.8029023174309614
8,2024,9,0,random_forest,1,0.8672494507289199
8,2024,11,1,random_forest,1,0.8862512972468866
8,2024,12,1,random_forest,1,0.547204835904426
9,2023,11,1,random_forest,1,0.7326371853615551
9,2023,12,1,random_forest,1,0.5875332622272083
9,2024,1,1,random_forest,1,0.5904408672759727
9,2024,2,1,random_forest,1,0.7525145494328485
9,2024,3,1,random_forest,1,0.8633585543612661
9,2024,4,1,random_forest,1,0.7505868754737679
9,2024,5,1,random_forest,1,0.918960362416713
9,2024,6,1,random_forest,1,0.9773176571232796
9,2024,7,0,random_forest,1,0.8345544148568842
9,2024,8,1,random_forest,1,0.8883888951421957
9,2024,9,0,random_forest,1,0.9717739302529204
9,2024,11,1,random_forest,1,0.8428253600335196
9,2024,12,1,random_forest,1,0.7307208234795992
10,2023,11,1,random_forest,1,0.9178333040769979
10,2023,12,0,random_forest,1,0.882341188628993
10,2024,1,1,random_forest,1,0.8578478121876062
10,2024,2,1,random_forest,1,0.9171892382291627
10,2024,3,1,random_forest,1,0.884224209317165
10,2024,4,1,random_forest,1,0.9373011008276435
10,2024,5,1,random_forest,1,0.9773358769891429
10,2024,6,1,random_forest,1,0.9151379029988971
10,2024,7,1,random_forest,1,0.9175113658519867
10,2024,8,1,random_forest,1,0.8995486421463579
10,2024,9,1,random_forest,1,0.9172032119616746
10,2024,11,1,random_forest,1,0.913740139056776
10,2024,12,1,random_forest,1,0.9073868121164651
11,2023,11,1,random_forest,1,0.9244224677140622
11,2023,12,0,random_forest,1,0.8748988142164419
11,2024,1,1,random_forest,1,0.8680958479990432
11,2024,2,1,random_forest,1,0.8997420157259319
11,2024,3,1,random_forest,1,0.8707869120841508
11,2024,4,1,random_forest,1,0.946296174678355
11,2024,5,1,random_forest,1,0.9267966455610593
11,2024,6,1,random_forest,1,0.9425396396361644
11,2024,7,1,random_forest,1,0.9453915466886618
11,2024,8,1,random_forest,1,0.9742865615643
11,2024,9,1,random_forest,1,0.9556260509372059
11,2024,11,1,random_forest,1,0.8943457580561547
11,2024,12,1,random_forest,1,0.9041670229239507
12,2024,8,0,random_forest,1,0.7292179061645306
12,2024,9,1,random_forest,1,0.7666257245009194
12,2024,11,1,random_forest,1,0.8743987923339357
12,2024,12,1,random_forest,1,0.7770347773425709
13,2023,11,1,random_forest,1,0.8680423217563246
13,2023,12,1,random_forest,1,0.8236567806160706
13,2024,1,1,random_forest,1,0.8338103972890127
13,2024,2,1,random_forest,1,0.9037846146345534
13,2024,3,1,random_forest,1,0.9425474377112845
13,2024,4,1,random_forest,1,0.9241571705176432
13,2024,5,1,random_forest,1,0.9071498387370279
13,2024,6,1,random_forest,1,0.9584409940713235
13,2024,7,1,random_forest,1,0.9760958242864549
13,2024,8,1,random_forest,1,0.9499505215752981
13,2024,9,1,random_forest,1,0.9474427886379806
13,2024,11,1,random_forest,1,0.9634717055403136
13,2024,12,1,random_forest,1,0.8849909881039908
14,2023,11,1,random_forest,1,0.6584883734109299
14,2023,12,1,random_forest,1,0.6738061435252417
14,2024,1,1,random_forest,1,0.6051151775490902
14,2024,2,0,random_forest,1,0.7116842384581568
14,2024,3,1,random_forest,1,0.7493566895283786
14,2024,4,1,random_forest,1,0.7746699873797369
14,2024,5,1,random_forest,1,0.8214436044453719
14,2024,6,1,random_forest,1,0.8412677414297742
14,2024,7,1,random_forest,1,0.8763322486987952
14,2024,8,1,random_forest,1,0.8841143962845968
14,2024,9,1,random_forest,1,0.7938965614755996
14,2024,11,1,random_forest,1,0.6668555174227626
14,2024,12,1,random_forest,1,0.5848543949526258
15,2023,11,1,random_forest,1,0.971571546092343
15,2023,12,1,random_forest,1,0.9786338392627068
15,2024,1,1,random_forest,1,0.9798032088936566
15,2024,2,1,random_forest,1,0.9779867824353139
15,2024,3,1,random_forest,1,0.9922725057566573
15,2024,4,1,random_forest,1,0.9838640393957427
15,2024,5,1,random_forest,1,0.9934318024809776
15,2024,6,1,random_forest,1,1.0
15,2024,7,1,random_forest,1,0.9957201946530702
15,2024,8,1,random_forest,1,0.979056103942761
15,2024,9,1,random_forest,1,0.9921409776484775
15,2024,11,1,random_forest,1,0.9983906515790252
15,2024,12,1,random_forest,1,0.9781825350594852
16,2023,11,1,random_forest,1,0.9721640345760539
16,2023,12,1,random_forest,1,0.957426970885305
16,2024,1,1,random_forest,1,0.9610577242169094
16,2024,2,1,random_forest,1,0.9875294758236506
16,2024,3,1,random_forest,1,0.9836016055724792
16,2024,4,1,random_forest,1,0.9803139352410191
16,2024,5,1,random_forest,1,0.9327184952598414
16,2024,6,1,random_forest,1,0.9534138493401296
16,2024,7,1,random_forest,1,0.9297551712014681
16,2024,8,1,random_forest,1,0.9145914137453227
16,2024,9,1,random_forest,1,0.9563135640408208
16,2024,11,1,random_forest,1,0.9693683539891468
16,2024,12,1,random_forest,1,0.9602270341932128
17,2023,11,1,random_forest,1,0.9856734601027155
17,2023,12,1,random_forest,1,0.9873650309346571
17,2024,1,1,random_forest,1,0.9739052265069424
17,2024,2,1,random_forest,1,0.973073308336235
17,2024,3,1,random_forest,1,0.9958978314947865
17,2024,4,1,random_forest,1,0.9940064299214016
17,2024,5,1,random_forest,1,0.983344655255061
17,2024,6,1,random_forest,1,0.9971567294620314
17,2024,7,1,random_forest,1,0.9725863994517088
17,2024,8,1,random_forest,1,0.9763789349823533
17,2024,9,1,random_forest,1,0.9913247092644452
17,2024,11,1,random_forest,1,0.9922564568354246
17,2024,12,1,random_forest,1,0.980962205982638
18,2023,11,1,random_forest,1,0.9919419089535905
18,2023,12,1,random_forest,1,0.9879879182685753
18,2024,1,1,random_forest,1,0.9767111218536174
18,2024,2,1,random_forest,1,0.9861789210825246
18,2024,3,1,random_forest,1,0.9938799106556299
18,2024,4,1,random_forest,1,0.976648103408515
18,2024,5,1,random_forest,1,0.9915195545015834
18,2024,6,1,random_forest,1,0.9966666666666667
18,2024,7,1,random_forest,1,0.9905217086043069
18,2024,8,1,random_forest,1,0.9759737497292889
18,2024,9,1,random_forest,1,0.9843438079532173
18,2024,11,1,random_forest,1,0.9862180001480264
18,2024,12,1,random_forest,1,0.9952249174778717
19,2023,11,1,random_forest,1,0.8952950390188952
19,2023,12,0,random_forest,1,0.8430766123058357
19,2024,1,1,random_forest,1,0.8370985411614925
19,2024,2,1,random_forest,1,0.8777306359317318
19,2024,3,1,random_forest,1,0.9130709531467434
19,2024,4,1,random_forest,1,0.8966439008164018
19,2024,5,1,random_forest,1,0.9233901759590523
19,2024,6,1,random_forest,1,0.9482387769578184
19,2024,7,1,random_forest,1,0.9660845243442151
19,2024,8,1,random_forest,1,0.9513632990682155
19,2024,9,1,random_forest,1,0.9448129049356415
19,2024,11,1,random_forest,1,0.9150106813602713
19,2024,12,1,random_forest,1,0.900854584886997
20,2023,11,1,random_forest,1,0.8572054812686591
20,2023,12,1,random_forest,1,0.8227451283285084
20,2024,1,0,random_forest,1,0.8280424058620518
20,2024,2,0,random_forest,1,0.8511360442660316
20,2024,3,1,random_forest,1,0.8914615143057902
20,2024,4,1,random_forest,1,0.8767928583432816
20,2024,5,1,random_forest,1,0.8428869033796015
20,2024,6,1,random_forest,1,0.8523625380668889
20,2024,7,1,random_forest,1,0.9181327489693542
20,2024,8,1,random_forest,1,0.9311999727233339
20,2024,9,1,random_forest,1,0.9271467022915583
20,2024,11,1,random_forest,1,0.942990246562869
20,2024,12,1,random_forest,1,0.9034667156561664
21,2023,11,0,random_forest,1,0.578049161152606
21,2023,12,0,random_forest,1,0.5473202236227065
21,2024,1,1,random_forest,0,0.4691023828602333
21,2024,2,1,random_forest,1,0.5074815000879241
21,2024,3,1,random_forest,1,0.7345602138004471
21,2024,4,0,random_forest,1,0.7909393020322424
21,2024,5,0,random_forest,1,0.7426712029433971
21,2024,6,1,random_forest,1,0.8481851886143817
21,2024,7,1,random_forest,1,0.678898855458431
21,2024,8,1,random_forest,1,0.8408241220211554
21,2024,9,1,random_forest,1,0.85106874934099
21,2024,11,1,random_forest,1,0.6447369089080262
21,2024,12,0,random_forest,1,0.5270585790520473
22,2023,11,1,random_forest,1,0.6962185834872135
22,2023,12,1,random_forest,1,0.6333919606941806
22,2024,1,1,random_forest,1,0.5738262943989677
22,2024,2,1,random_forest,1,0.7298295387253091
22,2024,3,0,random_forest,1,0.7875127139451411
22,2024,4,1,random_forest,1,0.7883518723050463
22,2024,5,1,random_forest,1,0.7612980258106149
22,2024,6,1,random_forest,1,0.9488481957061781
22,2024,7,1,random_forest,1,0.8839326386272802
22,2024,8,0,random_forest,1,0.9238516724315521
22,2024,9,1,random_forest,1,0.938891416397767
22,2024,11,1,random_forest,1,0.8086010457836463
22,2024,12,1,random_forest,1,0.6115710553516894
23,2023,11,1,random_forest,1,0.7436781330572388
23,2023,12,1,random_forest,1,0.677500777087237
23,2024,1,1,random_forest,1,0.6544149235658303
23,2024,2,1,random_forest,1,0.7264790866220003
23,2024,3,0,random_forest,1,0.8802966177472649
23,2024,4,1,random_forest,1,0.8136534754759075
23,2024,5,1,random_forest,1,0.8840655199264442
23,2024,6,1,random_forest,1,0.9275556664081422
23,2024,7,1,random_forest,1,0.9315693401046824
23,2024,8,0,random_forest,1,0.9589640217326045
23,2024,9,1,random_forest,1,0.9442864098926772
23,2024,11,1,random_forest,1,0.9269293982669994
23,2024,12,1,random_forest,1,0.7733774483355481
24,2023,11,1,random_forest,1,0.6649846557510778
24,2023,12,1,random_forest,1,0.5327733526696945
24,2024,1,1,random_forest,1,0.52936596854471
24,2024,2,1,random_forest,1,0.7107325232842368
24,2024,3,0,random_forest,1,0.711475110024374
24,2024,4,1,random_forest,1,0.7750345555372843
24,2024,5,1,random_forest,1,0.7811293794042197
24,2024,6,1,random_forest,1,0.885036574153175
24,2024,7,1,random_forest,1,0.8654082395186943
24,2024,8,0,random_forest,1,0.8454089627104961
24,2024,9,1,random_forest,1,0.8745220355543427
24,2024,11,1,random_forest,1,0.8240500483283408
24,2024,12,1,random_forest,1,0.5239166967393365
25,2023,11,1,random_forest,1,0.7378891236228767
25,2023,12,1,random_forest,1,0.6747053423566187
25,2024,1,1,random_forest,1,0.6197968093190716
25,2024,2,1,random_forest,1,0.7338846415849798
25,2024,3,0,random_forest,1,0.7271445141957134
25,2024,4,1,random_forest,1,0.7366200656951606
25,2024,5,1,random_forest,1,0.7346713660467045
25,2024,6,1,random_forest,1,0.8317848967402451
25,2024,7,1,random_forest,1,0.7456080819177472
25,2024,8,1,random_forest,1,0.9142043987915899
25,2024,9,1,random_forest,1,0.8064593119967486
25,2024,11,1,random_forest,1,0.8216855480447895
25,2024,12,1,random_forest,1,0.5811047732125244
26,2023,11,0,random_forest,1,0.6940654590730058
26,2023,12,0,random_forest,1,0.6431827868040949
26,2024,1,0,random_forest,1,0.6112555330473112
26,2024,2,1,random_forest,1,0.7176011334432978
26,2024,3,0,random_forest,1,0.7834363893124776
26,2024,4,1,random_forest,1,0.7702281127402951
26,2024,5,1,random_forest,1,0.8370068122876833
26,2024,6,1,random_forest,1,0.9150147993364323
26,2024,7,1,random_forest,1,0.8699935307500785
26,2024,8,0,random_forest,1,0.9223547255249802
26,2024,9,0,random_forest,1,0.863571339497408
26,2024,11,1,random_forest,1,0.8186048374216872
26,2024,12,1,random_forest,1,0.6046821046460478
27,2023,11,0,random_forest,1,0.5878581453319882
27,2023,12,1,random_forest,1,0.5641112587380762
27,2024,1,1,random_forest,1,0.5914260508341256
27,2024,2,1,random_forest,1,0.6027039052771364
27,2024,3,1,random_forest,1,0.6931932992808445
27,2024,4,1,random_forest,1,0.7853758627952473
27,2024,5,1,random_forest,1,0.7987075251998292
27,2024,6,1,random_forest,1,0.7673328807008265
27,2024,7,1,random_forest,1,0.757791517574006
27,2024,8,0,random_forest,1,0.7173163329149399
27,2024,9,1,random_forest,1,0.7348061766545998
27,2024,11,0,random_forest,1,0.6964472986920857
27,2024,12,1,random_forest,1,0.5842863243982664
28,2023,11,0,random_forest,0,0.16976405104365846
28,2023,12,0,random_forest,0,0.24562170965383473
28,2024,1,0,random_forest,0,0.2112771729295524
28,2024,2,0,random_forest,0,0.29672828581830585
28,2024,3,0,random_forest,0,0.164009549027422
28,2024,4,0,random_forest,1,0.5546789066178159
28,2024,5,0,random_forest,0,0.27162775757119956
28,2024,6,0,random_forest,0,0.17809069048166756
28,2024,7,0,random_forest,0,0.16700168274888624
28,2024,8,0,random_forest,0,0.3862414554022795
28,2024,9,0,random_forest,0,0.12989082948081931
28,2024,11,0,random_forest,0,0.17628316224769908
28,2024,12,0,random_forest,0,0.18712397270058748
29,2023,11,0,random_forest,0,0.23320253804299404
29,2023,12,1,random_forest,0,0.29807884276264707
29,2024,1,0,random_forest,0,0.27782048301584955
29,2024,2,0,random_forest,0,0.26291819991252474
29,2024,3,0,random_forest,0,0.21460216065000337
29,2024,4,0,random_forest,0,0.243627788774099
29,2024,5,1,random_forest,0,0.27959627749853494
29,2024,6,1,random_forest,0,0.3432503165340546
29,2024,7,0,random_forest,0,0.4100826348028522
29,2024,8,0,random_forest,0,0.40877619350219085
29,2024,9,1,random_forest,0,0.25422992027558755
29,2024,11,0,random_forest,0,0.3037353633165869
29,2024,12,0,random_forest,1,0.5898377465146349
30,2023,11,0,random_forest,1,0.6445259625956354
30,2023,12,1,random_forest,0,0.37903568169286445
30,2024,1,0,random_forest,0,0.36750335440780435
30,2024,2,0,random_forest,1,0.6598639148604099
30,2024,3,1,random_forest,1,0.5128370393840385
30,2024,4,0,random_forest,1,0.662108388037238
30,2024,5,1,random_forest,1,0.5287499921390868
30,2024,6,0,random_forest,1,0.7697499961656246
30,2024,7,0,random_forest,1,0.7689618924630319
30,2024,8,1,random_forest,1,0.8353949833378193
30,2024,9,1,random_forest,1,0.7639062837588401
30,2024,11,0,random_forest,1,0.6747420388432194
30,2024,12,0,random_forest,0,0.4379842433327487
31,2023,11,0,random_forest,1,0.5645954738290427
31,2023,12,1,random_forest,0,0.42653011192720486
31,2024,1,0,random_forest,0,0.38541790615260996
31,2024,2,0,random_forest,1,0.5736482658068843
31,2024,3,1,random_forest,1,0.6639164013015929
31,2024,4,0,random_forest,1,0.7486292075865176
31,2024,5,1,random_forest,1,0.5695091975281664
31,2024,6,0,random_forest,1,0.6928019063980773
31,2024,7,0,random_forest,1,0.8022166119464426
31,2024,8,1,random_forest,1,0.6760877103999912
31,2024,9,1,random_forest,1,0.7515120823185145
31,2024,11,0,random_forest,1,0.660626246885264
31,2024,12,0,random_forest,0,0.45346665474979203
32,2023,11,0,random_forest,0,0.3273221919949108
32,2023,12,0,random_forest,0,0.22428951458793345
32,2024,1,0,random_forest,0,0.2935791821473416
32,2024,2,0,random_forest,0,0.27195328695579607
32,2024,3,1,random_forest,0,0.3681830539612843
32,2024,4,0,random_forest,0,0.34867182134947344
32,2024,5,0,random_forest,0,0.44136915741646676
32,2024,6,0,random_forest,0,0.4053269897385963
32,2024,7,0,random_forest,0,0.28038171452659333
32,2024,8,1,random_forest,0,0.3750583777483207
32,2024,9,0,random_forest,0,0.3573693220341285
32,2024,11,0,random_forest,0,0.27081806482406195
32,2024,12,0,random_forest,0,0.34114515259509265
33,2023,11,0,random_forest,0,0.2056942377783184
33,2023,12,0,random_forest,0,0.30813173246478526
33,2024,1,0,random_forest,0,0.23760744410289059
33,2024,2,0,random_forest,0,0.2703639478085223
33,2024,3,1,random_forest,0,0.25889367900901616
33,2024,4,0,random_forest,0,0.32832681643107736
33,2024,5,0,random_forest,0,0.30419041106978334
33,2024,6,0,random_forest,1,0.5053296248710194
33,2024,7,0,random_forest,0,0.266139994252896
33,2024,8,1,random_forest,0,0.4782459632065473
33,2024,9,0,random_forest,1,0.5675127353640923
33,2024,11,0,random_forest,0,0.26336447840038235
33,2024,12,0,random_forest,0,0.2613792369712071
34,2023,11,0,random_forest,0,0.19815477062129355
34,2023,12,0,random_forest,0,0.2454708274441895
34,2024,1,0,random_forest,0,0.2734506429892439
34,2024,2,0,random_forest,0,0.20667992587943965
34,2024,3,0,random_forest,0,0.15380568755424726
34,2024,4,0,random_forest,0,0.38545122968680023
34,2024,5,0,random_forest,0,0.38753929861660313
34,2024,6,0,random_forest,0,0.26251541468921863
34,2024,7,0,random_forest,0,0.19978257203489153
34,2024,8,0,random_forest,0,0.2828181925454214
34,2024,9,0,random_forest,0,0.16135314626751068
34,2024,11,0,random_forest,0,0.1948774672432306
34,2024,12,0,random_forest,0,0.176037180615732
35,2023,11,0,random_forest,1,0.5864915308506184
35,2023,12,0,random_forest,1,0.6369253867726641
35,2024,1,0,random_forest,1,0.5739995488030466
35,2024,2,0,random_forest,0,0.4631457280000272
35,2024,3,0,random_forest,1,0.5511776567982514
35,2024,4,0,random_forest,1,0.5745126030497539
35,2024,5,0,random_forest,1,0.6179676373277192
35,2024,6,0,random_forest,1,0.8134789574947823
35,2024,7,0,random_forest,1,0.7172285734107066
35,2024,8,0,random_forest,1,0.6483681290487432
35,2024,9,0,random_forest,1,0.5717745929423187
35,2024,11,0,random_forest,1,0.5772722220350287
35,2024,12,0,random_forest,1,0.5682360947911339
36,2023,11,0,random_forest,1,0.5194382551646041
36,2023,12,0,random_forest,1,0.5455503922766227
36,2024,1,0,random_forest,0,0.37710504148561114
36,2024,2,0,random_forest,0,0.35541001941959166
36,2024,3,0,random_forest,0,0.44401365166327217
36,2024,4,0,random_forest,1,0.5441277959027983
36,2024,5,0,random_forest,1,0.6572708921145485
36,2024,6,0,random_forest,0,0.4045883246852501
36,2024,7,0,random_forest,0,0.42233377475937434
36,2024,8,0,random_forest,1,0.6553244221667502
36,2024,9,0,random_forest,1,0.6609486605353271
36,2024,11,0,random_forest,0,0.3897078990740692
36,2024,12,0,random_forest,1,0.5131430170512982
37,2023,11,1,random_forest,1,0.6817262640937464
37,2023,12,1,random_forest,1,0.7575117359459007
37,2024,1,1,random_forest,1,0.6827569914527086
37,2024,2,1,random_forest,1,0.7287201996587307
37,2024,3,1,random_forest,1,0.7204691338303391
37,2024,4,1,random_forest,1,0.8601444356320053
37,2024,5,1,random_forest,1,0.8590100279475117
37,2024,6,1,random_forest,1,0.8591448659749271
37,2024,7,1,random_forest,1,0.8006748023564791
37,2024,8,1,random_forest,1,0.8592056703095617
37,2024,9,1,random_forest,1,0.7854460486217019
37,2024,11,1,random_forest,1,0.8558897766180374
37,2024,12,1,random_forest,1,0.6131961655265431
38,2023,11,1,random_forest,1,0.7772675903994601
38,2023,12,1,random_forest,1,0.7317884520101562
38,2024,1,1,random_forest,1,0.5936714315068816
38,2024,2,1,random_forest,1,0.6874567726703996
38,2024,3,1,random_forest,1,0.7768460649738423
38,2024,4,1,random_forest,1,0.8322205214589125
38,2024,5,1,random_forest,1,0.7727445484703787
38,2024,6,1,random_forest,1,0.8043853962191014
38,2024,7,1,random_forest,1,0.6184515951673836
38,2024,8,1,random_forest,1,0.8076889783003691
38,2024,9,1,random_forest,1,0.7360904303519549
38,2024,11,1,random_forest,1,0.8103129700106421
38,2024,12,1,random_forest,1,0.7088729670528896
39,2023,11,1,random_forest,0,0.3565052981722915
39,2023,12,0,random_forest,0,0.3564067331596108
39,2024,1,0,random_forest,0,0.3143590936650036
39,2024,2,1,random_forest,0,0.4682182099788294
39,2024,3,0,random_forest,0,0.36604592273666
39,2024,4,0,random_forest,0,0.33655143702299467
39,2024,5,1,random_forest,0,0.47918214031495077
39,2024,6,0,random_forest,0,0.45137230850746335
39,2024,7,0,random_forest,1,0.5080279008731724
39,2024,8,1,random_forest,1,0.615089727624668
39,2024,9,1,random_forest,1,0.5759196885451736
39,2024,11,1,random_forest,1,0.5256443687949321
39,2024,12,0,random_forest,0,0.3302490393097534
40,2023,11,1,random_forest,0,0.4230327213050938
40,2023,12,0,random_forest,0,0.30509918224693555
40,2024,1,0,random_forest,0,0.28859080163695494
40,2024,2,1,random_forest,0,0.43660081323745925
40,2024,3,0,random_forest,0,0.3787612300703931
40,2024,4,0,random_forest,0,0.3559394887703075
40,2024,5,1,random_forest,1,0.5279328852325733
40,2024,6,0,random_forest,1,0.5451369765005966
40,2024,7,0,random_forest,1,0.6133712459609134
40,2024,8,1,random_forest,1,0.6310742170018414
40,2024,9,1,random_forest,1,0.6397067277642786
40,2024,11,1,random_forest,0,0.4659272624882295
40,2024,12,0,random_forest,0,0.4316349519570023
41,2023,11,1,random_forest,0,0.2815719590543266
41,2023,12,1,random_forest,0,0.42374736087278986
41,2024,1,0,random_forest,1,0.5050209241344986
41,2024,2,1,random_forest,0,0.39882683450286904
41,2024,3,1,random_forest,1,0.700957959956921
41,2024,4,1,random_forest,1,0.687748712851996
41,2024,5,0,random_forest,1,0.8266193262161438
41,2024,6,1,random_forest,1,0.7412332610467858
41,2024,7,1,random_forest,1,0.7252707401489153
41,2024,8,0,random_forest,1,0.7294900492167877
41,2024,9,1,random_forest,1,0.7720301209993458
41,2024,11,1,random_forest,1,0.5270416728801448
41,2024,12,0,random_forest,0,0.4061404039771989
42,2023,11,1,random_forest,0,0.3860469757808046
42,2023,12,1,random_forest,0,0.3996442645517418
42,2024,1,0,random_forest,0,0.42140973999744197
42,2024,2,1,random_forest,0,0.4717225678092341
42,2024,3,1,random_forest,1,0.6723942017401654
42,2024,4,1,random_forest,0,0.4978182724655893
42,2024,5,0,random_forest,1,0.7966233418689656
42,2024,6,1,random_forest,1,0.6508021310794647
42,2024,7,1,random_forest,1,0.7185387614348026
42,2024,8,0,random_forest,1,0.6866211003206636
42,2024,9,1,random_forest,1,0.6834248651318273
42,2024,11,1,random_forest,1,0.5083702175179138
42,2024,12,0,random_forest,0,0.40730765033660515
43,2023,11,1,random_forest,1,0.5071448482356944
43,2023,12,1,random_forest,0,0.4499015570121772
43,2024,1,1,random_forest,0,0.3738023699610034
43,2024,2,1,random_forest,0,0.48467757207626555
43,2024,3,1,random_forest,0,0.44541185819723067
43,2024,4,1,random_forest,1,0.5285069388615925
43,2024,5,0,random_forest,1,0.5199959790681749
43,2024,6,0,random_forest,1,0.5781616995308861
43,2024,7,0,random_forest,1,0.6689009306063552
43,2024,8,0,random_forest,1,0.5840586048650445
43,2024,9,0,random_forest,1,0.5441815230462711
43,2024,11,1,random_forest,1,0.5515941903501785
43,2024,12,0,random_forest,0,0.4448135444227557
44,2023,11,1,random_forest,1,0.5692669857094417
44,2023,12,1,random_forest,0,0.4464797454145554
44,2024,1,1,random_forest,0,0.427045579655027
44,2024,2,1,random_forest,0,0.4802995438096114
44,2024,3,1,random_forest,1,0.5980579951759304
44,2024,4,1,random_forest,1,0.6840905601650126
44,2024,5,0,random_forest,1,0.5364297994789378
44,2024,6,0,random_forest,1,0.5414610394649606
44,2024,7,0,random_forest,1,0.5743491198443569
44,2024,8,0,random_forest,0,0.4160548311576618
44,2024,9,0,random_forest,1,0.5673985081665134
44,2024,11,1,random_forest,1,0.591026111999283
44,2024,12,0,random_forest,0,0.33432900750378264
45,2023,11,1,random_forest,1,0.8434184676219026
45,2023,12,1,random_forest,1,0.6886930579095519
45,2024,1,1,random_forest,1,0.6935748709050747
45,2024,2,1,random_forest,1,0.8672775081292533
45,2024,3,1,random_forest,1,0.8695913402710435
45,2024,4,0,random_forest,1,0.8721590571738342
45,2024,5,1,random_forest,1,0.7994672605457045
45,2024,6,0,random_forest,1,0.9177964812685182
45,2024,7,0,random_forest,1,0.8730054553780663
45,2024,8,1,random_forest,1,0.8364953863952986
45,2024,9,0,random_forest,1,0.8356080619792972
45,2024,11,1,random_forest,1,0.836125724791421
45,2024,12,0,random_forest,1,0.7089336645909761
46,2023,11,1,random_forest,1,0.7929857580280884
46,2023,12,1,random_forest,1,0.6622977691950683
46,2024,1,1,random_forest,1,0.70590953835701
46,2024,2,1,random_forest,1,0.8119046619939307
46,2024,3,1,random_forest,1,0.8016700770315713
46,2024,4,0,random_forest,1,0.8894481451521347
46,2024,5,1,random_forest,1,0.8151960085765478
46,2024,6,0,random_forest,1,0.8673911535071163
46,2024,7,0,random_forest,1,0.7213992904992814
46,2024,8,1,random_forest,1,0.8189094181454079
46,2024,9,0,random_forest,1,0.8351121774376807
46,2024,11,1,random_forest,1,0.8721589517628162
46,2024,12,0,random_forest,1,0.749255710953581
47,2023,11,1,random_forest,1,0.738020175214866
47,2023,12,0,random_forest,1,0.6692020854193814
47,2024,1,1,random_forest,1,0.6603685584909014
47,2024,2,1,random_forest,1,0.7768274540591271
47,2024,3,1,random_forest,1,0.8225131118394057
47,2024,4,1,random_forest,1,0.8315502473746844
47,2024,5,0,random_forest,1,0.8460802715327599
47,2024,6,1,random_forest,1,0.9040774502805254
47,2024,7,1,random_forest,1,0.8084223524203454
47,2024,8,1,random_forest,1,0.7766545205933266
47,2024,9,1,random_forest,1,0.7968133751252215
47,2024,11,0,random_forest,1,0.7089057290125806
47,2024,12,1,random_forest,1,0.7049179677362973
48,2023,11,0,random_forest,0,0.46009448597502267
48,2023,12,0,random_forest,0,0.44418021947127595
48,2024,1,0,random_forest,0,0.36753906447794243
48,2024,2,0,random_forest,0,0.39890690474070195
48,2024,3,0,random_forest,1,0.6576134882373977
48,2024,4,1,random_forest,1,0.5681496172381074
48,2024,5,1,random_forest,1,0.5838360380792362
48,2024,6,0,random_forest,1,0.8410898480975837
48,2024,7,0,random_forest,1,0.768446635914196
48,2024,8,1,random_forest,1,0.7481068045223614
48,2024,9,1,random_forest,1,0.6850681187073416
48,2024,11,0,random_forest,1,0.5506844097701513
48,2024,12,0,random_forest,0,0.4356548101165015
49,2023,11,0,random_forest,1,0.6336552789365852
49,2023,12,0,random_forest,1,0.6046069251059034
49,2024,1,0,random_forest,1,0.525461423308682
49,2024,2,0,random_forest,1,0.5496389159238115
49,2024,3,0,random_forest,1,0.7057948148027648
49,2024,4,0,random_forest,1,0.7956578027036895
49,2024,5,1,random_forest,1,0.7046225112270624
49,2024,6,1,random_forest,1,0.7579123649625439
49,2024,7,1,random_forest,1,0.7431490931841912
49,2024,8,0,random_forest,1,0.7708561510338182
49,2024,9,0,random_forest,1,0.7091227230373078
49,2024,11,1,random_forest,1,0.6404868782389277
49,2024,12,0,random_forest,1,0.5693142940566402
50,2023,11,1,random_forest,1,0.93910524190404
50,2023,12,1,random_forest,1,0.9252101714951713
50,2024,1,1,random_forest,1,0.9334619875118403
50,2024,2,0,random_forest,1,0.9473749503395351
50,2024,3,1,random_forest,1,0.9691223399485385
50,2024,4,1,random_forest,1,0.9587154807217301
50,2024,5,1,random_forest,1,0.8848750090309756
50,2024,6,1,random_forest,1,0.8764330413389028
50,2024,7,1,random_forest,1,0.741015131979508
50,2024,8,1,random_forest,1,0.8312359413534662
50,2024,9,1,random_forest,1,0.7712465754211202
50,2024,11,1,random_forest,1,0.9680632665900504
50,2024,12,0,random_forest,1,0.9206600714623605
51,2023,11,1,random_forest,1,0.8392802858204902
51,2023,12,1,random_forest,1,0.8956893351726772
51,2024,1,1,random_forest,1,0.8811113997081204
51,2024,2,0,random_forest,1,0.9228176731385097
51,2024,3,1,random_forest,1,0.9575372047546307
51,2024,4,1,random_forest,1,0.9533199974056161
51,2024,5,1,random_forest,1,0.8614521650775365
51,2024,6,1,random_forest,1,0.9551636326201943
51,2024,7,1,random_forest,1,0.8348136727406874
51,2024,8,1,random_forest,1,0.9377805193874679
51,2024,9,1,random_forest,1,0.9604007167736256
51,2024,11,1,random_forest,1,0.9130592266309293
51,2024,12,0,random_forest,1,0.9565567951638552
52,2023,11,1,random_forest,1,0.8669567829964501
52,2023,12,1,random_forest,1,0.7701268859479484
52,2024,1,1,random_forest,1,0.8470169809619731
52,2024,2,1,random_forest,1,0.8151649621014332
52,2024,3,1,random_forest,1,0.8872675728749245
52,2024,4,1,random_forest,1,0.8958098445607586
52,2024,5,1,random_forest,1,0.9152584728699117
52,2024,6,1,random_forest,1,0.9258256313657953
52,2024,7,1,random_forest,1,0.7826744048373594
52,2024,8,1,random_forest,1,0.8314249374205369
52,2024,9,1,random_forest,1,0.8649816888986063
52,2024,11,1,random_forest,1,0.7836923308035753
52,2024,12,1,random_forest,1,0.7357395342710731
53,2023,11,1,random_forest,1,0.6586564871896743
53,2023,12,1,random_forest,1,0.6585313892174482
53,2024,1,1,random_forest,1,0.5966277836280348
53,2024,2,1,random_forest,1,0.7349145585502805
53,2024,3,1,random_forest,1,0.8093435013245696
53,2024,4,1,random_forest,1,0.8184768725063525
53,2024,5,1,random_forest,1,0.8731503320721078
53,2024,6,1,random_forest,1,0.8848420739548563
53,2024,7,1,random_forest,1,0.7958614014992756
53,2024,8,1,random_forest,1,0.8215274697238609
53,2024,9,1,random_forest,1,0.6614597853060066
53,2024,11,1,random_forest,1,0.7233861687116857
53,2024,12,1,random_forest,1,0.5724291923683962
54,2023,11,1,random_forest,1,0.8272188841131269
54,2023,12,1,random_forest,1,0.7059943402157447
54,2024,1,1,random_forest,1,0.7179054958579912
54,2024,2,1,random_forest,1,0.8328536804908416
54,2024,3,1,random_forest,1,0.8659554297602906
54,2024,4,1,random_forest,1,0.876551472355701
54,2024,5,1,random_forest,1,0.9065347417664466
54,2024,6,1,random_forest,1,0.915327384009648
54,2024,7,1,random_forest,1,0.865147719354436
54,2024,8,1,random_forest,1,0.8784246854344114
54,2024,9,1,random_forest,1,0.8551525053193779
54,2024,11,1,random_forest,1,0.8916609467128298
54,2024,12,1,random_forest,1,0.7826261380569502
55,2023,11,1,random_forest,0,0.488659210784312
55,2023,12,0,random_forest,0,0.4119154760995439
55,2024,1,1,random_forest,0,0.44262420799333685
55,2024,2,1,random_forest,1,0.5762802750485182
55,2024,3,1,random_forest,1,0.530587140831741
55,2024,4,0,random_forest,0,0.44999382792915915
55,2024,5,1,random_forest,1,0.5276082757984469
55,2024,6,0,random_forest,1,0.6327512961322319
55,2024,7,1,random_forest,0,0.42987599213681693
55,2024,8,1,random_forest,1,0.5868029375093397
55,2024,9,1,random_forest,1,0.6911471648099368
55,2024,11,0,random_forest,1,0.6315524558607643
55,2024,12,0,random_forest,0,0.40461148107175976
56,2023,11,1,random_forest,1,0.5203054901410656
56,2023,12,0,random_forest,0,0.42177884914025215
56,2024,1,1,random_forest,0,0.4254771685062371
56,2024,2,1,random_forest,1,0.6328622624357945
56,2024,3,1,random_forest,0,0.48508881566712714
56,2024,4,0,random_forest,1,0.5165454813482254
56,2024,5,1,random_forest,1,0.6617593070469756
56,2024,6,0,random_forest,1,0.7653388559920581
56,2024,7,1,random_forest,1,0.5677107427530949
56,2024,8,1,random_forest,1,0.6091008863144765
56,2024,9,1,random_forest,1,0.7400830923055648
56,2024,11,0,random_forest,1,0.6531800464044755
56,2024,12,0,random_forest,1,0.5393139865850928
57,2023,11,0,random_forest,0,0.2789155687934615
57,2023,12,1,random_forest,0,0.15294309941016956
57,2024,1,0,random_forest,0,0.246260012588078
57,2024,2,0,random_forest,0,0.3915132982735374
57,2024,3,0,random_forest,0,0.27473940633112215
57,2024,4,1,random_forest,0,0.3715330283958262
57,2024,5,1,random_forest,0,0.2182177990465217
57,2024,6,0,random_forest,0,0.2236991694017364
57,2024,7,1,random_forest,0,0.2654497351467212
57,2024,8,0,random_forest,0,0.3633129444771493
57,2024,9,0,random_forest,0,0.24032015090477743
57,2024,11,0,random_forest,0,0.28083653062364705
57,2024,12,0,random_forest,0,0.25547918772122685
58,2023,11,0,random_forest,0,0.24565135718142742
58,2023,12,1,random_forest,0,0.1595617949175008
58,2024,1,0,random_forest,0,0.2053536130994096
58,2024,2,0,random_forest,0,0.33221263365673354
58,2024,3,0,random_forest,0,0.09185979556839202
58,2024,4,1,random_forest,0,0.2145210424953938
58,2024,5,1,random_forest,0,0.20913920001661349
58,2024,6,0,random_forest,0,0.3692894037456577
58,2024,7,1,random_forest,0,0.3248633795807153
58,2024,8,0,random_forest,0,0.34222917057794805
58,2024,9,0,random_forest,0,0.2416159569081125
58,2024,11,0,random_forest,0,0.2404705684352364
58,2024,12,0,random_forest,0,0.2594274729476679
59,2023,11,1,random_forest,1,0.6796623478401959
59,2023,12,0,random_forest,0,0.40969644385729304
59,2024,1,0,random_forest,1,0.5594602673629658
59,2024,2,1,random_forest,1,0.5850405262500266
59,2024,3,0,random_forest,0,0.3399595113923793
59,2024,4,1,random_forest,0,0.16612929891322095
59,2024,5,0,random_forest,0,0.17700469030191143
59,2024,6,1,random_forest,1,0.5943088702957698
59,2024,7,0,random_forest,1,0.5784283191447948
59,2024,8,1,random_forest,1,0.6711946993529453
59,2024,9,0,random_forest,1,0.537018106722199
59,2024,11,1,random_forest,1,0.5768116207964061
59,2024,12,0,random_forest,1,0.6067679858169348
60,2023,11,1,random_forest,1,0.6647114468125526
60,2023,12,0,random_forest,0,0.4284583489198798
60,2024,1,0,random_forest,1,0.5512438151125991
60,2024,2,1,random_forest,0,0.4037678684890968
60,2024,3,0,random_forest,0,0.22456449306806542
60,2024,4,1,random_forest,0,0.4310800333599809
60,2024,5,0,random_forest,0,0.398060324189567
60,2024,6,1,random_forest,1,0.60040033652445
60,2024,7,0,random_forest,1,0.5534944531720981
60,2024,8,1,random_forest,1,0.5518207980524374
60,2024,9,0,random_forest,0,0.49446359716529176
60,2024,11,1,random_forest,1,0.6351766620192484
60,2024,12,0,random_forest,1,0.6631909876797181
61,2023,11,1,random_forest,1,0.9245441722232548
61,2023,12,1,random_forest,1,0.8947442656918728
61,2024,1,0,random_forest,1,0.8664289597840644
61,2024,2,1,random_forest,1,0.9308050925207525
61,2024,3,1,random_forest,1,0.9700672928677601
61,2024,4,0,random_forest,1,0.90036441625128
61,2024,5,1,random_forest,1,0.7823042391486258
61,2024,6,1,random_forest,1,0.8974943585819946
61,2024,7,1,random_forest,1,0.7398156975772449
61,2024,8,1,random_forest,1,0.8615901748584349
61,2024,9,1,random_forest,1,0.7445045683417736
61,2024,11,1,random_forest,1,0.9054835484133497
61,2024,12,0,random_forest,1,0.9263644106436277
62,2023,11,1,random_forest,1,0.9508408287742142
62,2023,12,1,random_forest,1,0.9142291174547866
62,2024,1,0,random_forest,1,0.8812923399089659
62,2024,2,1,random_forest,1,0.9382944952526134
62,2024,3,1,random_forest,1,0.97541519291985
62,2024,4,0,random_forest,1,0.9381850243925085
62,2024,5,1,random_forest,1,0.8036284133195692
62,2024,6,1,random_forest,1,0.929097175245761
62,2024,7,1,random_forest,1,0.7114658008191155
62,2024,8,1,random_forest,1,0.8336965352696039
62,2024,9,1,random_forest,1,0.7871718881130144
62,2024,11,1,random_forest,1,0.9202285470579608
62,2024,12,0,random_forest,1,0.9192231092169025
63,2023,11,0,random_forest,0,0.44009953496811555
63,2023,12,0,random_forest,0,0.4800247230231151
63,2024,1,0,random_forest,1,0.5012242717344642
63,2024,2,0,random_forest,1,0.5411116926947073
63,2024,3,0,random_forest,0,0.4927895390003974
63,2024,4,1,random_forest,1,0.656200330714751
63,2024,5,1,random_forest,1,0.7561988242857038
63,2024,6,1,random_forest,1,0.8569052153292948
63,2024,7,1,random_forest,1,0.7943914656097034
63,2024,8,0,random_forest,1,0.7733996976667658
63,2024,9,0,random_forest,1,0.5666753579687712
63,2024,11,0,random_forest,1,0.5255093661358717
63,2024,12,1,random_forest,0,0.4413223902730721
64,2023,11,0,random_forest,0,0.48309685385344264
64,2023,12,0,random_forest,1,0.5499963279430308
64,2024,1,0,random_forest,1,0.6006954191435229
64,2024,2,0,random_forest,1,0.6045569328839021
64,2024,3,0,random_forest,1,0.738815334379055
64,2024,4,1,random_forest,1,0.7744082703478211
64,2024,5,1,random_forest,1,0.7496867843837417
64,2024,6,1,random_forest,1,0.8645433101799082
64,2024,7,1,random_forest,1,0.797737081446143
64,2024,8,0,random_forest,1,0.8273954988017624
64,2024,9,1,random_forest,1,0.6640942368386026
64,2024,11,0,random_forest,1,0.7660147413201992
64,2024,12,1,random_forest,1,0.6130448926134103
65,2023,11,0,random_forest,1,0.6585670978201733
65,2023,12,0,random_forest,0,0.4429118839061344
65,2024,1,0,random_forest,0,0.45397353093976656
65,2024,2,0,random_forest,1,0.5659785970915407
65,2024,3,0,random_forest,1,0.5162488547939665
65,2024,4,1,random_forest,1,0.685493902431154
65,2024,5,1,random_forest,1,0.7288384278621849
65,2024,6,1,random_forest,1,0.8395712863245387
65,2024,7,1,random_forest,1,0.7978644665285777
65,2024,8,0,random_forest,1,0.8264936276905263
65,2024,9,1,random_forest,1,0.5566983424826057
65,2024,11,0,random_forest,1,0.5864163948720967
65,2024,12,1,random_forest,0,0.4267763135879464
66,2023,11,0,random_forest,0,0.39441788900893
66,2023,12,0,random_forest,0,0.38695736417431653
66,2024,1,0,random_forest,1,0.5225609153244793
66,2024,2,0,random_forest,1,0.5224837784402206
66,2024,3,0,random_forest,1,0.5962088108149641
66,2024,4,1,random_forest,1,0.6343270757541227
66,2024,5,1,random_forest,1,0.6565522889116553
66,2024,6,1,random_forest,1,0.7921023993390169
66,2024,7,1,random_forest,1,0.7451626152046952
66,2024,8,0,random_forest,1,0.7418021713958448
66,2024,9,1,random_forest,1,0.6007478001124845
66,2024,11,0,random_forest,1,0.5586262947314186
66,2024,12,1,random_forest,0,0.4044365212636623
67,2023,11,1,random_forest,1,0.7770676631484255
67,2023,12,0,random_forest,1,0.7008092705795337
67,2024,1,1,random_forest,1,0.7565597025532185
67,2024,2,1,random_forest,1,0.84467125384097
67,2024,3,1,random_forest,1,0.8841976962227193
67,2024,4,1,random_forest,1,0.8396472823478724
67,2024,5,1,random_forest,1,0.8987767558647033
67,2024,6,1,random_forest,1,0.9203466844802766
67,2024,7,0,random_forest,1,0.8856968351386828
67,2024,8,0,random_forest,1,0.803927913767909
67,2024,9,1,random_forest,1,0.8255134112790521
67,2024,11,0,random_forest,1,0.8222932604030813
67,2024,12,1,random_forest,1,0.7673726206002282
68,2023,11,1,random_forest,1,0.6808649081238369
68,2023,12,0,random_forest,1,0.6545245387703776
68,2024,1,1,random_forest,1,0.5874997936677172
68,2024,2,1,random_forest,1,0.8056265126999039
68,2024,3,1,random_forest,1,0.8517983315243776
68,2024,4,1,random_forest,1,0.8636209702587392
68,2024,5,1,random_forest,1,0.8493398840449938
68,2024,6,1,random_forest,1,0.94869197049034
68,2024,7,0,random_forest,1,0.7890816955425954
68,2024,8,0,random_forest,1,0.8610013754541102
68,2024,9,1,random_forest,1,0.9310627410222793
68,2024,11,0,random_forest,1,0.8664612835060486
68,2024,12,1,random_forest,1,0.6513697494255574
69,2023,11,1,random_forest,1,0.9687558818194189
69,2023,12,1,random_forest,1,0.9545456150603839
69,2024,1,1,random_forest,1,0.9356777492450788
69,2024,2,1,random_forest,1,0.9728965849904841
69,2024,3,1,random_forest,1,0.9873323523463295
69,2024,4,1,random_forest,1,0.9796390288944182
69,2024,5,1,random_forest,1,0.9415846328737613
69,2024,6,1,random_forest,1,0.9862745990293353
69,2024,7,1,random_forest,1,0.9372967156619575
69,2024,8,1,random_forest,1,0.9765551552448898
69,2024,9,1,random_forest,1,0.9736750800476246
69,2024,11,1,random_forest,1,0.9793047135467987
69,2024,12,1,random_forest,1,0.9779228927225021
70,2023,11,1,random_forest,1,0.6880560708494605
70,2023,12,0,random_forest,1,0.5496221402787933
70,2024,1,0,random_forest,1,0.6123507639422928
70,2024,2,1,random_forest,1,0.8033653902438539
70,2024,3,0,random_forest,1,0.7982288808170184
70,2024,4,0,random_forest,1,0.7987273387626644
70,2024,5,0,random_forest,1,0.8509495111000245
70,2024,6,1,random_forest,1,0.8073285656955408
70,2024,7,1,random_forest,1,0.7427697318584019
70,2024,8,1,random_forest,1,0.7456461901216077
70,2024,9,0,random_forest,1,0.7981361859080894
70,2024,11,0,random_forest,1,0.7070916707098893
70,2024,12,1,random_forest,1,0.5814242880051552
71,2023,11,1,random_forest,1,0.6911160474423634
71,2023,12,0,random_forest,1,0.5963470626736338
71,2024,1,0,random_forest,1,0.6626809382596457
71,2024,2,1,random_forest,1,0.7239638471049258
71,2024,3,0,random_forest,1,0.8371305973533713
71,2024,4,0,random_forest,1,0.8452569789501826
71,2024,5,0,random_forest,1,0.8600288677059071
71,2024,6,1,random_forest,1,0.8039149712701598
71,2024,7,1,random_forest,1,0.7693379041717275
71,2024,8,1,random_forest,1,0.7218232138820181
71,2024,9,0,random_forest,1,0.8071633213409788
71,2024,11,0,random_forest,1,0.6576679313751022
71,2024,12,1,random_forest,1,0.6021693462801252
72,2023,11,1,random_forest,1,0.8355841430210507
72,2023,12,1,random_forest,1,0.7529193511806601
72,2024,1,1,random_forest,1,0.5195084775902422
72,2024,2,1,random_forest,1,0.7758821799352397
72,2024,3,1,random_forest,1,0.8147729629074212
72,2024,4,1,random_forest,1,0.8535551176656596
72,2024,5,1,random_forest,1,0.8261253275446363
72,2024,6,0,random_forest,1,0.7704333270899659
72,2024,7,0,random_forest,1,0.793426859200733
72,2024,8,0,random_forest,1,0.7499739128648887
72,2024,9,1,random_forest,1,0.753315287750628
72,2024,11,0,random_forest,1,0.8301882343949737
72,2024,12,0,random_forest,1,0.8192499155223685
73,2023,11,1,random_forest,1,0.739498587318468
73,2023,12,1,random_forest,1,0.6653052236751933
73,2024,1,1,random_forest,1,0.8674899034732861
73,2024,2,1,random_forest,1,0.9127922675968314
73,2024,3,1,random_forest,1,0.8847466720480134
73,2024,4,1,random_forest,1,0.9324240411111059
73,2024,5,1,random_forest,1,0.889217773630199
73,2024,6,0,random_forest,1,0.924501305113324
73,2024,7,0,random_forest,1,0.9247594780056191
73,2024,8,0,random_forest,1,0.9217306924472973
73,2024,9,1,random_forest,1,0.8583408280280033
73,2024,11,0,random_forest,1,0.8607571918376512
73,2024,12,0,random_forest,1,0.7276337858850214
74,2023,11,1,random_forest,1,0.8370021350432293
74,2023,12,1,random_forest,1,0.775410519457362
74,2024,1,1,random_forest,1,0.6655095412066531
74,2024,2,1,random_forest,1,0.8423835755228947
74,2024,3,1,random_forest,1,0.7879286228297967
74,2024,4,1,random_forest,1,0.750995688420196
74,2024,5,1,random_forest,1,0.7981749155019547
74,2024,6,1,random_forest,1,0.8674164746991212
74,2024,7,1,random_forest,1,0.7545803393131245
74,2024,8,1,random_forest,1,0.7284935776811098
74,2024,9,1,random_forest,1,0.8034466817655644
74,2024,11,1,random_forest,1,0.8952977293709912
74,2024,12,1,random_forest,1,0.8673898181494337
75,2023,11,1,random_forest,1,0.8539491251651846
75,2023,12,1,random_forest,1,0.7851882234517867
75,2024,1,1,random_forest,1,0.6772578656505192
75,2024,2,1,random_forest,1,0.8581987995483173
75,2024,3,1,random_forest,1,0.8269009633991904
75,2024,4,1,random_forest,1,0.8118864861847134
75,2024,5,1,random_forest,1,0.8391240919750247
75,2024,6,1,random_forest,1,0.8940426614997898
75,2024,7,1,random_forest,1,0.8752594670401033
75,2024,8,1,random_forest,1,0.7695338982824208
75,2024,9,1,random_forest,1,0.8498368920361028
75,2024,11,1,random_forest,1,0.8859158531047285
75,2024,12,1,random_forest,1,0.8563217185324274
76,2023,11,1,random_forest,1,0.8996839376655813
76,2023,12,1,random_forest,1,0.7398424373139673
76,2024,1,1,random_forest,1,0.6521882967116617
76,2024,2,0,random_forest,1,0.8775067889915156
76,2024,3,1,random_forest,1,0.8637509721372351
76,2024,4,1,random_forest,1,0.845722646267972
76,2024,5,1,random_forest,1,0.8104257891732534
76,2024,6,1,random_forest,1,0.8148759828756186
76,2024,7,1,random_forest,1,0.7016360000917649
76,2024,8,0,random_forest,0,0.49563217999995335
76,2024,9,1,random_forest,1,0.8233654505898204
76,2024,11,1,random_forest,1,0.89109172759943
76,2024,12,1,random_forest,1,0.8145617364421592
77,2023,11,1,random_forest,1,0.8957032944999537
77,2023,12,1,random_forest,1,0.9081217355554213
77,2024,1,1,random_forest,1,0.8826790377969527
77,2024,2,1,random_forest,1,0.9233150164796621
77,2024,3,1,random_forest,1,0.9242422614616542
77,2024,4,1,random_forest,1,0.9236159226861211
77,2024,5,1,random_forest,1,0.8858041412248174
77,2024,6,1,random_forest,1,0.9342922405296383
77,2024,7,1,random_forest,1,0.8454907909984664
77,2024,8,1,random_forest,1,0.8892299020788514
77,2024,9,1,random_forest,1,0.927299194756443
77,2024,11,1,random_forest,1,0.9436961816113371
77,2024,12,1,random_forest,1,0.8666954564707786
78,2023,11,1,random_forest,0,0.32201611239625455
78,2023,12,0,random_forest,0,0.2718049341478456
78,2024,1,1,random_forest,0,0.2927126776630626
78,2024,2,1,random_forest,0,0.25309623438485745
78,2024,3,0,random_forest,0,0.09298934093570387
78,2024,4,0,random_forest,0,0.18930266557802536
78,2024,5,0,random_forest,0,0.13227168409222267
78,2024,6,0,random_forest,0,0.08545580372249142
78,2024,7,0,random_forest,0,0.12070570689385272
78,2024,8,0,random_forest,0,0.20162139627630352
78,2024,9,1,random_forest,0,0.09436023582918537
78,2024,11,0,random_forest,0,0.22208396639424477
78,2024,12,0,random_forest,0,0.2527855355692442
79,2023,11,1,random_forest,0,0.4523657531306791
79,2023,12,0,random_forest,0,0.24904665742742882
79,2024,1,1,random_forest,0,0.2921893428461495
79,2024,2,1,random_forest,0,0.44676574471087094
79,2024,3,0,random_forest,0,0.30250573680324955
79,2024,4,0,random_forest,0,0.3475827826727387
79,2024,5,0,random_forest,0,0.3297975767482096
79,2024,6,0,random_forest,0,0.26146524523877035
79,2024,7,0,random_forest,0,0.22011304065064863
79,2024,8,0,random_forest,0,0.3579353926687014
79,2024,9,1,random_forest,0,0.26454236666619624
79,2024,11,0,random_forest,0,0.4114643556495611
79,2024,12,0,random_forest,0,0.2827869925777316
80,2023,11,1,random_forest,0,0.4251559304946833
80,2023,12,1,random_forest,0,0.36213964042143804
80,2024,1,0,random_forest,0,0.4543323850564241
80,2024,2,0,random_forest,0,0.4950555764114037
80,2024,3,1,random_forest,0,0.41924360223400775
80,2024,4,1,random_forest,0,0.37962947922882334
80,2024,5,1,random_forest,1,0.6361627585822497
80,2024,12,0,random_forest,1,0.7836645760736964
81,2023,11,1,random_forest,0,0.4864545941129274
81,2023,12,1,random_forest,0,0.4170995678401431
81,2024,1,0,random_forest,0,0.4876549538747744
81,2024,2,0,random_forest,1,0.5469836713291253
81,2024,3,1,random_forest,0,0.4870996802718703
81,2024,4,1,random_forest,1,0.5055483833246461
81,2024,5,1,random_forest,0,0.2373270295900006
81,2024,6,0,random_forest,1,0.5098856939701318
81,2024,7,0,random_forest,0,0.3319494467533406
81,2024,8,0,random_forest,0,0.4670633028367182
81,2024,9,0,random_forest,1,0.5171501968707828
81,2024,11,0,random_forest,1,0.6000455365568319
81,2024,12,0,random_forest,1,0.5060473865826126
82,2023,11,0,random_forest,0,0.3478455333359437
82,2023,12,0,random_forest,0,0.22092216390809977
82,2024,1,1,random_forest,0,0.25397070436997465
82,2024,2,0,random_forest,0,0.325771416892767
82,2024,3,0,random_forest,0,0.2725717617105485
82,2024,4,0,random_forest,0,0.22425684359697357
82,2024,5,1,random_forest,0,0.12851871923909008
82,2024,6,0,random_forest,0,0.292742178332173
82,2024,7,1,random_forest,0,0.209558725176917
82,2024,8,0,random_forest,0,0.37209436446064803
82,2024,9,0,random_forest,0,0.25998122960817005
82,2024,11,0,random_forest,0,0.26483937589931555
82,2024,12,0,random_forest,0,0.3585221751776047
83,2023,11,0,random_forest,0,0.32142808851087584
83,2023,12,0,random_forest,0,0.19246472856164704
83,2024,1,1,random_forest,0,0.2558285570619763
83,2024,2,0,random_forest,0,0.23455312383049678
83,2024,3,0,random_forest,1,0.614021482181089
83,2024,4,0,random_forest,1,0.6177018035837404
83,2024,5,1,random_forest,0,0.09306601784958853
83,2024,6,0,random_forest,0,0.10241826943819284
83,2024,7,1,random_forest,0,0.11019666781184391
83,2024,8,0,random_forest,0,0.23425817679791147
83,2024,9,0,random_forest,0,0.13633175665106176
83,2024,11,0,random_forest,0,0.24523822172378593
83,2024,12,0,random_forest,0,0.29900868063303293
84,2023,11,0,random_forest,1,0.6709371072573217
84,2023,12,0,random_forest,1,0.6908087372390145
84,2024,1,1,random_forest,1,0.5935739405057134
84,2024,2,1,random_forest,1,0.7662716971417552
84,2024,3,1,random_forest,1,0.7483234610594841
84,2024,4,0,random_forest,1,0.8240827144079366
84,2024,5,1,random_forest,1,0.8189318301275266
84,2024,6,1,random_forest,1,0.9347749626192144
84,2024,7,1,random_forest,1,0.8989263996114958
84,2024,8,0,random_forest,1,0.8928803728242567
84,2024,9,1,random_forest,1,0.8972307700375255
84,2024,11,1,random_forest,1,0.7130733672984542
84,2024,12,0,random_forest,1,0.6451300238077535
85,2023,11,0,random_forest,0,0.4348875125912607
85,2023,12,0,random_forest,0,0.2792582330534006
85,2024,1,0,random_forest,0,0.3401250769378966
85,2024,2,0,random_forest,0,0.35041425255344694
85,2024,3,1,random_forest,1,0.5287681497732523
85,2024,4,0,random_forest,0,0.2873544516234513
85,2024,5,1,random_forest,0,0.47284002091242666
85,2024,6,1,random_forest,0,0.36021773119298006
85,2024,7,1,random_forest,1,0.5844323682384186
85,2024,8,0,random_forest,0,0.4741885297153893
85,2024,9,1,random_forest,0,0.4748233612594192
85,2024,11,1,random_forest,0,0.34431884012261504
85,2024,12,1,random_forest,0,0.4142223823208969
86,2023,11,0,random_forest,1,0.5125735198467074
86,2023,12,0,random_forest,0,0.32031350294905775
86,2024,1,0,random_forest,0,0.42573567152333514
86,2024,2,1,random_forest,0,0.3966628786989231
86,2024,3,1,random_forest,1,0.5221797710541665
86,2024,4,0,random_forest,0,0.4455632070437298
86,2024,5,1,random_forest,0,0.4666448177161793
86,2024,6,1,random_forest,1,0.5078739031597291
86,2024,7,1,random_forest,1,0.6551104938222362
86,2024,8,1,random_forest,1,0.6579214935554846
86,2024,9,1,random_forest,0,0.46403419095709303
86,2024,11,0,random_forest,0,0.48171421671734344
86,2024,12,1,random_forest,1,0.5022977358209941
87,2023,11,1,random_forest,1,0.7931849584368933
87,2023,12,1,random_forest,1,0.6938099372280628
87,2024,1,1,random_forest,1,0.7837624329932771
87,2024,2,1,random_forest,1,0.8551688604205542
87,2024,3,1,random_forest,1,0.8796056938736208
87,2024,4,1,random_forest,1,0.8596092955941841
87,2024,5,1,random_forest,1,0.7506644554516778
87,2024,6,0,random_forest,1,0.8764276272999204
87,2024,7,1,random_forest,1,0.8755504229946965
87,2024,8,1,random_forest,1,0.8835024474914516
87,2024,9,1,random_forest,1,0.8355709467984918
87,2024,11,1,random_forest,1,0.9440132008625767
87,2024,12,1,random_forest,1,0.8212119395139827
88,2023,11,1,random_forest,1,0.6922380685107575
88,2023,12,0,random_forest,1,0.5124872382271529
88,2024,1,0,random_forest,1,0.6267785835087962
88,2024,2,0,random_forest,1,0.7687853097731916
88,2024,3,1,random_forest,1,0.6624071187774113
88,2024,4,1,random_forest,1,0.7636652095728287
88,2024,5,1,random_forest,1,0.7600003658456184
88,2024,6,1,random_forest,1,0.6980745852266799
88,2024,7,1,random_forest,1,0.5563231731864818
88,2024,8,1,random_forest,1,0.5713562380760735
88,2024,9,0,random_forest,1,0.6638428650027296
88,2024,11,1,random_forest,1,0.705517851216992
88,2024,12,0,random_forest,1,0.6022822304623439
89,2023,11,1,random_forest,1,0.7519354619749024
89,2023,12,0,random_forest,1,0.6596800001299951
89,2024,1,0,random_forest,1,0.6843573290129259
89,2024,2,0,random_forest,1,0.8462264114201705
89,2024,3,1,random_forest,1,0.8375139259996726
89,2024,4,1,random_forest,1,0.8491557780967748
89,2024,5,1,random_forest,1,0.7531819161235704
89,2024,6,1,random_forest,1,0.7041930151671659
89,2024,7,1,random_forest,1,0.5944460642420315
89,2024,8,1,random_forest,1,0.669443211662008
89,2024,9,0,random_forest,1,0.6621191336549477
89,2024,11,1,random_forest,1,0.8503138659345567
89,2024,12,0,random_forest,1,0.7044458063696584
90,2023,11,1,random_forest,1,0.6866923226926221
90,2023,12,1,random_forest,1,0.6865167397393747
90,2024,1,0,random_forest,1,0.5965818276832064
90,2024,2,0,random_forest,1,0.6467939926584028
90,2024,3,0,random_forest,0,0.4141751308444998
90,2024,4,0,random_forest,0,0.4529494606366738
90,2024,5,0,random_forest,1,0.5082126040037813
90,2024,6,1,random_forest,1,0.5241404945085594
90,2024,7,0,random_forest,1,0.5397684869414917
90,2024,8,0,random_forest,0,0.4196570012590662
90,2024,9,1,random_forest,0,0.4677984246540159
90,2024,11,0,random_forest,1,0.5615521537299897
90,2024,12,1,random_forest,1,0.6420841768048074
91,2023,11,1,random_forest,1,0.6879949179337599
91,2023,12,1,random_forest,1,0.7000818663775555
91,2024,1,0,random_forest,1,0.5894422649098321
91,2024,2,0,random_forest,1,0.5905103432847392
91,2024,3,0,random_forest,0,0.4113540619067051
91,2024,4,0,random_forest,0,0.4168802614568943
91,2024,5,0,random_forest,0,0.4754213355177633
91,2024,6,1,random_forest,1,0.5085990904046844
91,2024,7,0,random_forest,0,0.45491321335636786
91,2024,8,0,random_forest,0,0.4824624787286957
91,2024,9,1,random_forest,0,0.3870190094054721
91,2024,11,0,random_forest,1,0.5361055382457949
91,2024,12,1,random_forest,1,0.6204773432170686
92,2023,11,0,random_forest,1,0.7575070347739289
92,2023,12,1,random_forest,1,0.5381369435452402
92,2024,1,1,random_forest,0,0.4831293171665876
92,2024,2,0,random_forest,1,0.6967935449695372
92,2024,3,0,random_forest,1,0.7728480788478659
92,2024,4,0,random_forest,1,0.8285032175032226
92,2024,5,0,random_forest,1,0.7680124540024147
92,2024,6,1,random_forest,1,0.9047565712753586
92,2024,7,1,random_forest,1,0.598034273674298
92,2024,8,1,random_forest,1,0.6538602210322961
92,2024,9,1,random_forest,1,0.8987049991445254
92,2024,11,1,random_forest,1,0.8060293872137291
92,2024,12,0,random_forest,1,0.6398399318702187
93,2023,11,0,random_forest,1,0.7862399663606816
93,2023,12,1,random_forest,1,0.5551261999134185
93,2024,1,1,random_forest,0,0.4287404566212433
93,2024,2,0,random_forest,1,0.7693784722986633
93,2024,3,0,random_forest,1,0.8199846764882067
93,2024,4,0,random_forest,1,0.8076743749591145
93,2024,5,0,random_forest,1,0.8503950998742665
93,2024,6,1,random_forest,1,0.8669074963281097
93,2024,7,1,random_forest,1,0.5813767266964197
93,2024,8,1,random_forest,1,0.7790849838833325
93,2024,9,1,random_forest,1,0.8873084209318709
93,2024,11,1,random_forest,1,0.8801411369154634
93,2024,12,0,random_forest,1,0.6629439465895498
94,2023,11,1,random_forest,1,0.5539055529243423
94,2023,12,1,random_forest,1,0.5542923054799866
94,2024,1,1,random_forest,1,0.5235013111955328
94,2024,2,1,random_forest,1,0.5262338440639823
94,2024,3,1,random_forest,1,0.5376422845754302
94,2024,4,1,random_forest,0,0.4799136366402191
94,2024,5,0,random_forest,1,0.532617394500103
94,2024,6,1,random_forest,1,0.5357567485593084
94,2024,7,0,random_forest,1,0.6720741463924282
94,2024,8,1,random_forest,1,0.7150532297880321
94,2024,9,1,random_forest,1,0.7781203567409846
94,2024,11,1,random_forest,1,0.7737642247426257
94,2024,12,1,random_forest,1,0.7038735792231875
95,2023,11,1,random_forest,1,0.6992708896742518
95,2023,12,1,random_forest,1,0.7057657419827674
95,2024,1,1,random_forest,1,0.7368854289501415
95,2024,2,1,random_forest,1,0.7936213323641236
95,2024,3,0,random_forest,1,0.7676644580829018
95,2024,4,1,random_forest,1,0.8966320557314036
95,2024,5,1,random_forest,1,0.8667788859978625
95,2024,6,1,random_forest,1,0.8091711203480128
95,2024,7,1,random_forest,1,0.8252123333408266
95,2024,8,1,random_forest,1,0.8507124817319616
95,2024,9,1,random_forest,1,0.8964424754476414
95,2024,11,1,random_forest,1,0.8013598840161964
95,2024,12,1,random_forest,1,0.7112237097322901
96,2023,11,1,random_forest,1,0.8117259154939774
96,2023,12,1,random_forest,1,0.8240469779274462
96,2024,1,1,random_forest,1,0.7605442448627336
96,2024,2,1,random_forest,1,0.8146141361535807
96,2024,3,0,random_forest,1,0.7975403656718058
96,2024,4,1,random_forest,1,0.8933997324170161
96,2024,5,1,random_forest,1,0.860144693467231
96,2024,6,1,random_forest,1,0.8933555951383301
96,2024,7,1,random_forest,1,0.9031451323859261
96,2024,8,1,random_forest,1,0.8125213874462923
96,2024,9,1,random_forest,1,0.9143913915958285
96,2024,11,1,random_forest,1,0.6096757172589423
96,2024,12,1,random_forest,1,0.7194997700733626
97,2023,11,1,random_forest,1,0.8553437020354344
97,2023,12,0,random_forest,1,0.826067397657394
97,2024,1,1,random_forest,1,0.7923180402904907
97,2024,2,1,random_forest,1,0.8371634076042261
97,2024,3,1,random_forest,1,0.9335313625405314
97,2024,4,0,random_forest,1,0.926836906696835
97,2024,5,1,random_forest,1,0.8070180668769092
97,2024,6,1,random_forest,1,0.8423752212464574
97,2024,7,1,random_forest,1,0.8728752956129217
97,2024,8,0,random_forest,1,0.7223749337069343
97,2024,9,1,random_forest,1,0.8719488762405607
97,2024,11,1,random_forest,1,0.8879216494200178
97,2024,12,1,random_forest,1,0.8169908586114619
98,2023,11,1,random_forest,1,0.8840050289554002
98,2023,12,0,random_forest,1,0.8488080463434517
98,2024,1,1,random_forest,1,0.7261516019091556
98,2024,2,1,random_forest,1,0.8572591287437304
98,2024,3,1,random_forest,1,0.9288335954654231
98,2024,4,0,random_forest,1,0.9212712563386413
98,2024,5,1,random_forest,1,0.8228377370524611
98,2024,6,1,random_forest,1,0.8972413056404192
98,2024,7,1,random_forest,1,0.8284510712953069
98,2024,8,0,random_forest,1,0.7481962006027753
98,2024,9,1,random_forest,1,0.8913911966419211
98,2024,11,1,random_forest,1,0.9218794303324279
98,2024,12,1,random_forest,1,0.7951191631675011
99,2023,11,1,random_forest,1,0.6968229624681465
99,2023,12,1,random_forest,0,0.49797733272864597
99,2024,1,1,random_forest,1,0.7056559784382596
99,2024,2,1,random_forest,1,0.6734317110928938
99,2024,3,1,random_forest,1,0.7141865381806114
99,2024,4,1,random_forest,1,0.7179179256048317
99,2024,5,1,random_forest,1,0.6960381151006174
99,2024,6,1,random_forest,1,0.6857575847645226
99,2024,7,1,random_forest,1,0.6559449454728914
99,2024,8,1,random_forest,1,0.7221430654427948
99,2024,9,1,random_forest,1,0.7016293669852335
99,2024,11,1,random_forest,1,0.676470110509586
99,2024,12,1,random_forest,1,0.5155106517409705
100,2023,11,1,random_forest,1,0.9204322109377844
100,2023,12,1,random_forest,1,0.9278095232292829
100,2024,1,1,random_forest,1,0.9107340637384934
100,2024,2,1,random_forest,1,0.9627533905602392
100,2024,3,1,random_forest,1,0.9155132948987599
100,2024,4,1,random_forest,1,0.9721425055987755
100,2024,5,1,random_forest,1,0.926843418882421
100,2024,6,1,random_forest,1,0.9558915647571034
100,2024,7,1,random_forest,1,0.9591605261378955
100,2024,8,1,random_forest,1,0.9759782298991458
100,2024,9,1,random_forest,1,0.9309223195094408
100,2024,11,1,random_forest,1,0.9619568858065923
100,2024,12,1,random_forest,1,0.9730921656102292
101,2023,11,1,random_forest,1,0.7928888948699656
101,2023,12,1,random_forest,1,0.7552936698919737
101,2024,1,1,random_forest,1,0.7250667963989922
101,2024,2,1,random_forest,1,0.8109730477404375
101,2024,3,1,random_forest,1,0.6813878917594548
101,2024,4,1,random_forest,1,0.8664608070366929
101,2024,5,1,random_forest,1,0.8213876731886633
101,2024,6,0,random_forest,1,0.8465006002324168
101,2024,7,0,random_forest,1,0.762594630650995
101,2024,8,1,random_forest,1,0.7917437914942271
101,2024,9,1,random_forest,1,0.8318041841289289
101,2024,11,1,random_forest,1,0.8118295328425644
101,2024,12,1,random_forest,1,0.7196977452108536
102,2023,11,1,random_forest,1,0.7669263738262725
102,2023,12,1,random_forest,1,0.7408913043186001
102,2024,1,1,random_forest,1,0.6981871891712789
102,2024,2,1,random_forest,1,0.7147329456673672
102,2024,3,1,random_forest,1,0.7240964512374216
102,2024,4,1,random_forest,1,0.8576223035641202
102,2024,5,1,random_forest,1,0.7997495170962176
102,2024,6,0,random_forest,1,0.8311982136486993
102,2024,7,0,random_forest,1,0.7619046667580637
102,2024,8,1,random_forest,1,0.7319382141057982
102,2024,9,1,random_forest,1,0.8427182527254333
102,2024,11,1,random_forest,1,0.8285354287891173
102,2024,12,1,random_forest,1,0.722151651891736
103,2023,11,1,random_forest,1,0.6959540682222958
103,2023,12,0,random_forest,1,0.5501545409379108
103,2024,1,0,random_forest,1,0.5572984680043336
103,2024,2,1,random_forest,1,0.6778899231956768
103,2024,3,0,random_forest,1,0.5182978412571714
103,2024,4,1,random_forest,1,0.5461173765676881
103,2024,5,0,random_forest,1,0.6214369306835049
103,2024,6,0,random_forest,1,0.5898241309117023
103,2024,7,1,random_forest,1,0.6772939583469193
103,2024,8,1,random_forest,1,0.7059803936565204
103,2024,9,0,random_forest,1,0.5510499511049325
103,2024,11,1,random_forest,1,0.5446014225695286
103,2024,12,1,random_forest,1,0.632902996253579
104,2023,11,1,random_forest,1,0.6825592941860457
104,2023,12,0,random_forest,1,0.6190374010342691
104,2024,1,0,random_forest,1,0.573653489445618
104,2024,2,1,random_forest,1,0.6648838174101748
104,2024,3,0,random_forest,1,0.5484641691115996
104,2024,4,1,random_forest,1,0.6230948894767105
104,2024,5,0,random_forest,1,0.6685015147859915
104,2024,6,0,random_forest,1,0.6144783041464421
104,2024,7,1,random_forest,1,0.6588527655502016
104,2024,8,1,random_forest,1,0.7522650855594665
104,2024,9,0,random_forest,1,0.5819775818715488
104,2024,11,1,random_forest,1,0.5566664986898939
104,2024,12,1,random_forest,1,0.581311135594368
105,2023,11,0,random_forest,1,0.7290963789944885
105,2023,12,0,random_forest,1,0.7106427214329697
105,2024,1,0,random_forest,1,0.684107721995519
105,2024,2,1,random_forest,1,0.6889692891320592
105,2024,3,0,random_forest,1,0.7639290461043493
105,2024,4,0,random_forest,1,0.7216317313569843
105,2024,5,0,random_forest,1,0.849936757443086
105,2024,6,1,random_forest,1,0.7606786190092585
105,2024,7,0,random_forest,1,0.8580853772275542
105,2024,8,0,random_forest,1,0.8434284696330091
105,2024,9,0,random_forest,1,0.7748416448377555
105,2024,11,1,random_forest,1,0.7110789027046195
105,2024,12,0,random_forest,1,0.7574320186297098
106,2023,11,0,random_forest,0,0.3993665552970674
106,2023,12,0,random_forest,0,0.39469898009429333
106,2024,1,0,random_forest,0,0.4083219726921115
106,2024,2,1,random_forest,0,0.3737106355181953
106,2024,3,0,random_forest,0,0.1814386184837866
106,2024,4,0,random_forest,0,0.2754284006350999
106,2024,5,0,random_forest,0,0.3198376298558155
106,2024,6,1,random_forest,0,0.3779891147147957
106,2024,7,0,random_forest,0,0.2289415149271829
106,2024,8,0,random_forest,0,0.363800863052691
106,2024,9,0,random_forest,0,0.27079017149066315
106,2024,11,1,random_forest,0,0.36956709971881396
106,2024,12,0,random_forest,0,0.4812361634616128
107,2023,11,1,random_forest,1,0.9480152299503203
107,2023,12,1,random_forest,1,0.9442792803992662
107,2024,1,1,random_forest,1,0.9498170633028038
107,2024,2,1,random_forest,1,0.9635712426093007
107,2024,3,1,random_forest,1,0.9682864265639299
107,2024,4,1,random_forest,1,0.9610538700674893
107,2024,5,1,random_forest,1,0.9260578732408161
107,2024,6,1,random_forest,1,0.977592905217925
107,2024,7,1,random_forest,1,0.9236675835937013
107,2024,8,1,random_forest,1,0.9731522308457411
107,2024,9,1,random_forest,1,0.9636193741158869
107,2024,11,1,random_forest,1,0.9656166084111685
107,2024,12,1,random_forest,1,0.9609007203828552
108,2023,11,1,random_forest,1,0.8052321214577361
108,2023,12,1,random_forest,1,0.7738092536663779
108,2024,1,1,random_forest,1,0.6402495895626732
108,2024,2,0,random_forest,1,0.8322676174345189
108,2024,3,1,random_forest,1,0.9243133126279172
108,2024,4,1,random_forest,1,0.944179215764239
108,2024,5,1,random_forest,1,0.9048972751520845
108,2024,6,1,random_forest,1,0.9248519027801776
108,2024,7,1,random_forest,1,0.8772998965426929
108,2024,8,1,random_forest,1,0.9353485507620828
108,2024,9,1,random_forest,1,0.9296693028899288
108,2024,11,1,random_forest,1,0.9108274418233813
108,2024,12,1,random_forest,1,0.7775704297369432
109,2023,11,0,random_forest,1,0.8686672364632223
109,2023,12,0,random_forest,1,0.8956018141560323
109,2024,1,1,random_forest,1,0.8663734666714489
109,2024,2,0,random_forest,1,0.9085087232130529
109,2024,3,1,random_forest,1,0.9477487285118114
109,2024,4,1,random_forest,1,0.9522132605649286
109,2024,5,1,random_forest,1,0.9177548931741001
109,2024,6,0,random_forest,1,0.9314194132657737
109,2024,7,0,random_forest,1,0.9438976751746283
109,2024,8,1,random_forest,1,0.9653684170471102
109,2024,9,1,random_forest,1,0.8717641606692822
109,2024,11,1,random_forest,1,0.953276156793246
109,2024,12,0,random_forest,1,0.9246311557289617
110,2023,11,1,random_forest,1,0.8058416883603937
110,2023,12,1,random_forest,1,0.7285344090940427
110,2024,1,1,random_forest,1,0.8015881437163397
110,2024,2,1,random_forest,1,0.8550244513088554
110,2024,3,1,random_forest,1,0.9152204436082307
110,2024,4,1,random_forest,1,0.9144137602129722
110,2024,5,0,random_forest,1,0.8762923145097621
110,2024,6,1,random_forest,1,0.889919868771644
110,2024,7,0,random_forest,1,0.8480958139729583
110,2024,8,1,random_forest,1,0.834689440167791
110,2024,9,1,random_forest,1,0.8482549637092804
110,2024,11,1,random_forest,1,0.9392694940094034
110,2024,12,1,random_forest,1,0.7665546874413232
111,2023,11,1,random_forest,1,0.6826723210267994
111,2023,12,0,random_forest,1,0.6190055184878761
111,2024,1,1,random_forest,1,0.5859287670678429
111,2024,2,1,random_forest,1,0.7028209678133582
111,2024,3,1,random_forest,1,0.6705646075369444
111,2024,4,1,random_forest,1,0.7790842623950682
111,2024,5,1,random_forest,1,0.7969269091801714
111,2024,6,1,random_forest,1,0.8710034109829974
111,2024,7,1,random_forest,1,0.7579669387295802
111,2024,8,1,random_forest,1,0.8360265051788074
111,2024,9,0,random_forest,1,0.8392738397535561
111,2024,11,1,random_forest,1,0.6654952877116606
111,2024,12,0,random_forest,1,0.6103719095869189
112,2023,11,0,random_forest,1,0.6380179365075388
112,2023,12,1,random_forest,1,0.5410575759179854
112,2024,1,1,random_forest,0,0.4033786824903134
112,2024,2,1,random_forest,1,0.6298680119103799
112,2024,3,1,random_forest,1,0.7214975161156277
112,2024,4,1,random_forest,1,0.6239655251520068
112,2024,5,1,random_forest,1,0.6532751843807476
112,2024,6,0,random_forest,1,0.8286268142628693
112,2024,7,0,random_forest,1,0.786348805410669
112,2024,8,1,random_forest,1,0.7746237163198945
112,2024,9,1,random_forest,1,0.8230487892146854
112,2024,11,0,random_forest,1,0.6781405106673966
112,2024,12,1,random_forest,1,0.6226030262368127
113,2023,11,0,random_forest,1,0.6590820857147622
113,2023,12,0,random_forest,0,0.4146723142630445
113,2024,1,0,random_forest,0,0.4725549912062457
113,2024,2,1,random_forest,1,0.5920065690221744
113,2024,3,0,random_forest,0,0.466224834288299
113,2024,4,1,random_forest,0,0.47726612826965353
113,2024,5,0,random_forest,0,0.4477469527719925
113,2024,6,0,random_forest,1,0.530366872172507
113,2024,7,1,random_forest,0,0.4100518894784543
113,2024,8,1,random_forest,1,0.5348063413801164
113,2024,9,1,random_forest,1,0.5666169683091484
113,2024,11,1,random_forest,1,0.6481390648723506
113,2024,12,1,random_forest,0,0.4503694261985553
114,2023,11,0,random_forest,0,0.4531613581409665
114,2023,12,0,random_forest,0,0.4368233938544242
114,2024,1,0,random_forest,1,0.5797305998979996
114,2024,2,1,random_forest,0,0.43584391906986325
114,2024,3,0,random_forest,0,0.3557526144556071
114,2024,4,1,random_forest,0,0.3619394085717637
114,2024,5,0,random_forest,0,0.337949388287793
114,2024,6,0,random_forest,0,0.423519203191582
114,2024,7,1,random_forest,0,0.27565462115334727
114,2024,8,1,random_forest,0,0.3695986216261449
114,2024,9,1,random_forest,0,0.3404102451530381
114,2024,11,1,random_forest,0,0.47086413198339394
114,2024,12,1,random_forest,0,0.45332151024222855
115,2023,11,0,random_forest,1,0.8274430019119535
115,2023,12,1,random_forest,1,0.7661273109892777
115,2024,1,1,random_forest,1,0.7574772164952682
115,2024,2,1,random_forest,1,0.7372391932331739
115,2024,3,1,random_forest,1,0.7605056481744871
115,2024,4,1,random_forest,1,0.7367724420430806
115,2024,5,0,random_forest,1,0.7805977649930642
115,2024,6,1,random_forest,1,0.8923205692621158
115,2024,7,0,random_forest,1,0.8143533303506458
115,2024,8,1,random_forest,1,0.8248201430777146
115,2024,9,0,random_forest,1,0.8725324996607725
115,2024,11,1,random_forest,1,0.8176844621205368
115,2024,12,1,random_forest,1,0.781871472891943
116,2023,11,0,random_forest,1,0.7423058211079379
116,2023,12,0,random_forest,1,0.6209388240038239
116,2024,1,1,random_forest,1,0.5142079927547766
116,2024,2,1,random_forest,1,0.7204934320701857
116,2024,3,1,random_forest,1,0.573405967960191
116,2024,4,0,random_forest,1,0.6404110628969863
116,2024,5,1,random_forest,1,0.6516736969269863
116,2024,6,0,random_forest,1,0.5223559074801631
116,2024,7,1,random_forest,0,0.45148669635921107
116,2024,8,1,random_forest,0,0.45354241189851974
116,2024,9,1,random_forest,1,0.6695072702099775
116,2024,11,1,random_forest,1,0.6778160280598445
116,2024,12,0,random_forest,1,0.5710576031485474
117,2023,11,0,random_forest,1,0.7716123904992982
117,2023,12,0,random_forest,1,0.6333848146455999
117,2024,1,1,random_forest,1,0.5211218047816832
117,2024,2,1,random_forest,1,0.7648173545758977
117,2024,3,1,random_forest,1,0.6374785270739132
117,2024,4,0,random_forest,1,0.6429442638052776
117,2024,5,1,random_forest,1,0.574047925897683
117,2024,6,0,random_forest,1,0.69402457760426
117,2024,7,1,random_forest,1,0.6312167011803098
117,2024,8,1,random_forest,1,0.7477269072440669
117,2024,9,1,random_forest,1,0.6968577890815089
117,2024,11,1,random_forest,1,0.7360541140266199
117,2024,12,0,random_forest,1,0.5672018522502443
118,2023,11,1,random_forest,1,0.9786914128016222
118,2023,12,1,random_forest,1,0.9763627667496466
118,2024,1,1,random_forest,1,0.9583101120452905
118,2024,2,1,random_forest,1,0.9723469941961159
118,2024,3,1,random_forest,1,0.9796845316432887
118,2024,4,1,random_forest,1,0.9838622687182612
118,2024,5,1,random_forest,1,0.9625997425094706
118,2024,6,1,random_forest,1,0.9933162900524508
118,2024,7,1,random_forest,1,0.951201793064943
118,2024,8,1,random_forest,1,0.932541066474906
118,2024,9,1,random_forest,1,0.988740365318234
118,2024,11,1,random_forest,1,0.9812982475629728
118,2024,12,1,random_forest,1,0.9515447661659259
119,2023,11,1,random_forest,1,0.7321514378439542
119,2023,12,1,random_forest,1,0.747615130508662
119,2024,1,1,random_forest,1,0.7367453236181737
119,2024,2,1,random_forest,1,0.7410922334427076
119,2024,3,1,random_forest,1,0.8224164447329934
119,2024,4,1,random_forest,1,0.7805544990376684
119,2024,5,1,random_forest,1,0.8634618387605993
119,2024,6,1,random_forest,1,0.8385218308846117
119,2024,7,1,random_forest,1,0.8891142542883487
119,2024,8,1,random_forest,1,0.8875202035870163
119,2024,9,1,random_forest,1,0.8374824414758212
119,2024,11,1,random_forest,1,0.7608128444548347
119,2024,12,1,random_forest,1,0.7798326328686436
120,2023,11,1,random_forest,1,0.5276906711485924
120,2023,12,1,random_forest,1,0.5688829155779371
120,2024,1,1,random_forest,1,0.6262968400279886
120,2024,2,0,random_forest,1,0.6130079264763136
120,2024,3,1,random_forest,1,0.5938488771774784
120,2024,4,1,random_forest,1,0.6128463407140853
120,2024,5,1,random_forest,1,0.6264251867377879
120,2024,6,1,random_forest,1,0.5888655680441045
120,2024,7,1,random_forest,1,0.6086243703845486
120,2024,8,1,random_forest,1,0.6743310503219
120,2024,9,1,random_forest,1,0.6087788417365191
120,2024,11,1,random_forest,1,0.6805544981401129
120,2024,12,1,random_forest,1,0.5415168567057189
121,2023,11,1,random_forest,1,0.7590455174612538
121,2023,12,1,random_forest,1,0.6207779420645613
121,2024,1,1,random_forest,1,0.6479712058404704
121,2024,2,0,random_forest,1,0.7420683917907868
121,2024,3,1,random_forest,1,0.6820232379875153
121,2024,4,1,random_forest,1,0.8155035466386021
121,2024,5,1,random_forest,1,0.799182601089238
121,2024,6,1,random_forest,1,0.8706786575693364
121,2024,7,0,random_forest,1,0.7831535185454552
121,2024,8,1,random_forest,1,0.7920059097698371
121,2024,9,1,random_forest,1,0.8364653328105699
121,2024,11,1,random_forest,1,0.7587540829335374
121,2024,12,1,random_forest,1,0.7472891990599041
122,2023,11,1,random_forest,1,0.9758120667665718
122,2023,12,1,random_forest,1,0.9695694845727786
122,2024,1,1,random_forest,1,0.9440357145271825
122,2024,2,1,random_forest,1,0.9637665840985998
122,2024,3,1,random_forest,1,0.9927260413139182
122,2024,4,1,random_forest,1,0.9883058177876081
122,2024,5,1,random_forest,1,0.8919300020307225
122,2024,6,1,random_forest,1,0.9792274882765811
122,2024,7,1,random_forest,1,0.9613423410686533
122,2024,8,1,random_forest,1,0.6675617230528754
122,2024,9,1,random_forest,1,0.562547800720922
122,2024,11,1,random_forest,1,0.5882113633158536
122,2024,12,1,random_forest,1,0.528369567120868
123,2024,11,1,random_forest,1,0.7566399822848168
123,2024,12,0,random_forest,1,0.7614669596104491
124,2023,11,1,random_forest,1,0.5145280473915197
124,2023,12,1,random_forest,1,0.7442758130474137
124,2024,1,1,random_forest,1,0.713254351088596
124,2024,2,1,random_forest,1,0.739662499692614
124,2024,3,1,random_forest,1,0.8181794168789817
124,2024,4,1,random_forest,1,0.7742243118334051
124,2024,5,0,random_forest,1,0.8213241591064424
124,2024,6,0,random_forest,1,0.8150798792756471
124,2024,7,1,random_forest,1,0.8639345912861328
124,2024,8,1,random_forest,1,0.761120262711075
124,2024,11,1,random_forest,1,0.7566399822848168
124,2024,12,0,random_forest,1,0.7614669596104491
125,2023,11,1,random_forest,1,0.9798695088294678
125,2023,12,1,random_forest,1,0.9620660214881779
125,2024,1,1,random_forest,1,0.9632869202220015
125,2024,2,1,random_forest,1,0.9694513990273709
125,2024,3,1,random_forest,1,0.9942363697934304
125,2024,4,1,random_forest,1,0.9799781824858811
125,2024,5,1,random_forest,1,0.9246448743166436
125,2024,6,1,random_forest,1,0.9696709529423867
125,2024,7,1,random_forest,1,0.9729622970759414
125,2024,8,1,random_forest,1,0.8399058236891471
125,2024,9,1,random_forest,1,0.8393325682910453
125,2024,11,1,random_forest,1,0.9044928745401133
125,2024,12,1,random_forest,1,0.8956467489599792
126,2023,11,1,random_forest,1,0.7638293356430601
126,2023,12,1,random_forest,1,0.6571650765248713
126,2024,1,1,random_forest,1,0.6595201867187019
126,2024,2,1,random_forest,1,0.7424400588512342
126,2024,3,1,random_forest,1,0.7630491342309084
126,2024,4,1,random_forest,1,0.7929340517022506
126,2024,5,1,random_forest,1,0.8204764485580512
126,2024,6,1,random_forest,1,0.8624663893981755
126,2024,7,1,random_forest,1,0.81027455222023
126,2024,8,0,random_forest,1,0.7457728826157212
126,2024,9,1,random_forest,1,0.8299086350543111
126,2024,11,1,random_forest,1,0.7990163518971249
126,2024,12,1,random_forest,1,0.628903068713417
127,2023,11,0,random_forest,1,0.6233893238773822
127,2023,12,1,random_forest,1,0.619075255578147
127,2024,1,1,random_forest,0,0.39968814303155653
127,2024,2,1,random_forest,1,0.5125928802367403
127,2024,3,1,random_forest,1,0.5602237877023044
127,2024,4,1,random_forest,0,0.48420734085943035
127,2024,5,1,random_forest,1,0.5558113886515631
127,2024,6,0,random_forest,1,0.8115533065016395
127,2024,7,0,random_forest,1,0.6969161833977173
127,2024,8,1,random_forest,1,0.6919067516904633
127,2024,9,1,random_forest,1,0.731459850007327
127,2024,11,0,random_forest,1,0.5808697787229711
127,2024,12,1,random_forest,1,0.5840053926078096
128,2023,11,1,random_forest,1,0.8322374323477499
128,2023,12,1,random_forest,1,0.8034897731343864
128,2024,1,1,random_forest,1,0.807699940396061
128,2024,2,1,random_forest,1,0.9095139622905962
128,2024,3,1,random_forest,1,0.9554475913868612
128,2024,4,1,random_forest,1,0.9061893715196214
128,2024,5,1,random_forest,1,0.8775065458223804
128,2024,6,1,random_forest,1,0.9303504601634073
128,2024,7,1,random_forest,1,0.842901616803761
128,2024,8,1,random_forest,1,0.8822707628069495
128,2024,9,1,random_forest,1,0.9146925869654209
128,2024,11,1,random_forest,1,0.8730150909991798
128,2024,12,1,random_forest,1,0.7916724686733976
129,2023,11,1,random_forest,1,0.8427103283758403
129,2023,12,1,random_forest,1,0.7857133613240056
129,2024,1,1,random_forest,1,0.8359120198914018
129,2024,2,1,random_forest,1,0.874984969315932
129,2024,3,1,random_forest,1,0.8763612554867859
129,2024,4,1,random_forest,1,0.9030189362153059
129,2024,5,1,random_forest,1,0.8300085395069264
129,2024,6,1,random_forest,1,0.918875469102309
129,2024,7,1,random_forest,1,0.8416407930888605
129,2024,8,1,random_forest,1,0.7532676814672741
129,2024,9,1,random_forest,1,0.8916934372440177
129,2024,11,1,random_forest,1,0.887324235522664
129,2024,12,1,random_forest,1,0.7906613550002494
131,2023,11,0,random_forest,1,0.606628625237144
131,2023,12,0,random_forest,1,0.5875371028888974
131,2024,1,0,random_forest,1,0.6084953335653803
131,2024,2,0,random_forest,1,0.519978718362037
131,2024,3,1,random_forest,0,0.47432856472260015
131,2024,4,0,random_forest,1,0.5824040439312429
131,2024,5,1,random_forest,1,0.649650925025194
131,2024,6,0,random_forest,1,0.7496662378644833
131,2024,7,0,random_forest,1,0.5778147134185375
131,2024,8,0,random_forest,1,0.7702121313117858
131,2024,9,0,random_forest,1,0.6424079305934753
131,2024,11,1,random_forest,1,0.5249450173454165
131,2024,12,0,random_forest,1,0.5982252172631861
132,2023,11,1,random_forest,1,0.557235329943865
132,2023,12,0,random_forest,0,0.4530561166466645
132,2024,1,1,random_forest,1,0.5438009202768663
132,2024,2,0,random_forest,1,0.5748966452385315
132,2024,3,1,random_forest,1,0.5503928338551205
132,2024,4,1,random_forest,1,0.5098473032849354
132,2024,5,1,random_forest,1,0.6021686060160997
132,2024,6,0,random_forest,1,0.5912240658216045
132,2024,7,1,random_forest,1,0.5075334041012722
132,2024,8,0,random_forest,1,0.5548659388983845
132,2024,9,1,random_forest,1,0.5314107549513786
132,2024,11,0,random_forest,1,0.5640765881637364
132,2024,12,1,random_forest,1,0.5268109568145998
133,2023,11,1,random_forest,0,0.4816506156267328
133,2023,12,0,random_forest,0,0.44167768234194815
133,2024,1,1,random_forest,1,0.508969866479309
133,2024,2,0,random_forest,1,0.5327959318783286
133,2024,3,1,random_forest,1,0.5425447594109927
133,2024,4,1,random_forest,1,0.5331840924379335
133,2024,5,1,random_forest,1,0.5496900815780308
133,2024,6,0,random_forest,1,0.5924998998861296
133,2024,7,1,random_forest,1,0.5009195659171374
133,2024,8,0,random_forest,1,0.5757653761772445
133,2024,9,1,random_forest,1,0.636050439984287
133,2024,11,0,random_forest,1,0.5356452307670599
133,2024,12,1,random_forest,1,0.5365200833827868
134,2023,11,1,random_forest,1,0.8028668959618439
134,2023,12,0,random_forest,1,0.7347182973307519
134,2024,1,0,random_forest,1,0.6298378800299242
134,2024,2,0,random_forest,1,0.8165462227707788
134,2024,3,1,random_forest,1,0.7612681140497222
134,2024,4,0,random_forest,1,0.774265340173232
134,2024,5,1,random_forest,1,0.7995742561650278
134,2024,6,0,random_forest,1,0.8934417716681211
134,2024,7,0,random_forest,0,0.3463119072020452
134,2024,8,1,random_forest,1,0.7415204918002448
134,2024,9,0,random_forest,1,0.8809519435706318
134,2024,11,1,random_forest,1,0.7716376476454382
134,2024,12,1,random_forest,1,0.7382989879206382
135,2023,11,1,random_forest,1,0.848485827155972
135,2023,12,0,random_forest,1,0.82860767647574
135,2024,1,0,random_forest,1,0.7861305231607658
135,2024,2,0,random_forest,1,0.8858603068455614
135,2024,3,1,random_forest,1,0.931965400199045
135,2024,4,0,random_forest,1,0.8960442243428747
135,2024,5,1,random_forest,1,0.7931374391031012
135,2024,6,0,random_forest,1,0.8440652074796322
135,2024,7,0,random_forest,1,0.6985316574764631
135,2024,8,1,random_forest,1,0.7251287495011366
135,2024,9,0,random_forest,1,0.8015113761761131
135,2024,11,1,random_forest,1,0.8554380859680504
135,2024,12,1,random_forest,1,0.7691512280613723
136,2023,11,1,random_forest,1,0.6849579782707298
136,2023,12,0,random_forest,1,0.6746585617284468
136,2024,1,1,random_forest,1,0.6253188284809711
136,2024,2,1,random_forest,1,0.7184008168157349
136,2024,3,1,random_forest,1,0.7002457743939162
136,2024,4,1,random_forest,1,0.5848368160606706
136,2024,5,1,random_forest,1,0.6873051757393497
136,2024,6,0,random_forest,1,0.725671550603768
136,2024,7,1,random_forest,1,0.6003615782613133
136,2024,8,1,random_forest,1,0.6707683553133541
136,2024,9,1,random_forest,1,0.7368023764788058
136,2024,11,1,random_forest,1,0.668454760454152
136,2024,12,1,random_forest,1,0.6179957149759671
137,2023,11,1,random_forest,1,0.8907950082404672
137,2023,12,1,random_forest,1,0.8677761298902402
137,2024,1,1,random_forest,1,0.8372554096596031
137,2024,2,1,random_forest,1,0.8671681265818192
137,2024,3,1,random_forest,1,0.9268892041306244
137,2024,4,1,random_forest,1,0.9392409550926197
137,2024,5,1,random_forest,1,0.8476359189890691
137,2024,6,1,random_forest,1,0.8975395619166181
137,2024,7,1,random_forest,1,0.9156951084424069
137,2024,8,1,random_forest,1,0.8383694429121911
137,2024,9,1,random_forest,1,0.838435490107565
137,2024,11,1,random_forest,1,0.9284689953355525
137,2024,12,1,random_forest,1,0.8727886819212988
138,2023,11,1,random_forest,1,0.8656074900541182
138,2023,12,1,random_forest,1,0.87024915269746
138,2024,1,1,random_forest,1,0.8359537076392639
138,2024,2,1,random_forest,1,0.8941416103810286
138,2024,3,1,random_forest,1,0.8813932197953447
138,2024,4,1,random_forest,1,0.875512785659557
138,2024,5,1,random_forest,1,0.7837967563109182
138,2024,6,1,random_forest,1,0.8608030532648335
138,2024,7,1,random_forest,1,0.8210132362916931
138,2024,8,1,random_forest,1,0.8013721927832591
138,2024,9,1,random_forest,1,0.7961166820184338
138,2024,11,1,random_forest,1,0.9204611572058898
138,2024,12,1,random_forest,1,0.9238463778599388
139,2023,11,1,random_forest,1,0.6787160221476344
139,2023,12,1,random_forest,1,0.5246701268167533
139,2024,1,1,random_forest,1,0.5493150286435489
139,2024,2,1,random_forest,1,0.5107342576443986
139,2024,3,1,random_forest,1,0.6898425373885084
139,2024,4,1,random_forest,1,0.7510038132417363
139,2024,5,1,random_forest,1,0.6275803230767871
139,2024,6,0,random_forest,1,0.7916223568039786
139,2024,7,1,random_forest,1,0.6812783562894776
139,2024,8,1,random_forest,1,0.7765649315574114
139,2024,9,1,random_forest,1,0.7330364128785224
139,2024,11,0,random_forest,1,0.6167491428997368
139,2024,12,0,random_forest,1,0.6261295982548442
140,2023,11,1,random_forest,1,0.8952087381357289
140,2023,12,1,random_forest,1,0.9270919716277355
140,2024,1,1,random_forest,1,0.8688737720891411
140,2024,2,1,random_forest,1,0.9204541501533212
140,2024,3,1,random_forest,1,0.927429019908656
140,2024,4,1,random_forest,1,0.9311162438920436
140,2024,5,1,random_forest,1,0.8554219255078569
140,2024,6,1,random_forest,1,0.9466645701421524
140,2024,7,1,random_forest,1,0.7871445552438807
140,2024,8,1,random_forest,1,0.9421436564528672
140,2024,9,1,random_forest,1,0.941565816353319
140,2024,11,1,random_forest,1,0.9600907393125653
140,2024,12,1,random_forest,1,0.9349361966137099
142,2023,11,1,random_forest,1,0.8459349611526715
143,2023,12,1,random_forest,1,0.954211734399569
143,2024,1,1,random_forest,1,0.9330926128133222
143,2024,2,1,random_forest,1,0.9393293410711804
143,2024,3,1,random_forest,1,0.9289714129051467
143,2024,4,1,random_forest,1,0.9363256045024251
143,2024,5,1,random_forest,1,0.8605164743420681
143,2024,6,1,random_forest,1,0.9409331873644534
143,2024,7,1,random_forest,1,0.9005726406855107
143,2024,8,1,random_forest,1,0.918672594443654
143,2024,9,1,random_forest,1,0.849032753018369
143,2024,11,1,random_forest,1,0.9383915892408993
143,2024,12,1,random_forest,1,0.9552381674669573
144,2024,1,1,random_forest,1,0.7182749489556295
