site_id,year,month,bike_crash_count_2_5km,model,predicted_count
1,2023,11,3.0,poisson_regression,3.109826461137262
1,2023,12,0.0,poisson_regression,2.8270016418025206
1,2024,1,2.0,poisson_regression,2.2914222409754132
1,2024,2,0.0,poisson_regression,3.1695653180226167
1,2024,3,2.0,poisson_regression,3.1959605581292427
1,2024,4,0.0,poisson_regression,2.9724644253046506
1,2024,5,1.0,poisson_regression,3.8162155456459494
1,2024,6,4.0,poisson_regression,3.756166861973964
1,2024,7,0.0,poisson_regression,3.919840942212366
1,2024,8,4.0,poisson_regression,4.006813030586234
1,2024,9,5.0,poisson_regression,3.971609447568575
1,2024,11,0.0,poisson_regression,2.981282981719358
1,2024,12,1.0,poisson_regression,2.7568194587835895
2,2023,11,6.0,poisson_regression,4.017057973632875
2,2023,12,5.0,poisson_regression,3.5940381778392294
2,2024,1,3.0,poisson_regression,3.1600490625508026
2,2024,2,4.0,poisson_regression,3.927585979424339
2,2024,3,4.0,poisson_regression,3.7172272689993187
2,2024,4,3.0,poisson_regression,3.536673158808421
2,2024,5,5.0,poisson_regression,4.364279245332265
2,2024,6,4.0,poisson_regression,4.154655652621001
2,2024,7,2.0,poisson_regression,3.982675006844717
2,2024,8,2.0,poisson_regression,4.9846984870660505
2,2024,9,6.0,poisson_regression,5.665520085722189
2,2024,11,3.0,poisson_regression,4.481224837507535
2,2024,12,2.0,poisson_regression,3.9843038483509727
3,2023,11,6.0,poisson_regression,2.9745247396614913
3,2023,12,5.0,poisson_regression,2.7121558200898312
3,2024,1,3.0,poisson_regression,2.5270776236989527
3,2024,2,4.0,poisson_regression,3.181263567165495
3,2024,3,4.0,poisson_regression,2.7863419170070824
3,2024,4,3.0,poisson_regression,2.714328694388742
3,2024,5,5.0,poisson_regression,3.1893950774639634
3,2024,6,4.0,poisson_regression,3.0345221015359276
3,2024,7,2.0,poisson_regression,3.018141973463472
3,2024,8,2.0,poisson_regression,3.4285684987730836
3,2024,9,6.0,poisson_regression,3.691445319020746
3,2024,11,3.0,poisson_regression,3.096670896348225
3,2024,12,2.0,poisson_regression,2.838838925656764
4,2023,11,0.0,poisson_regression,1.9125504444184982
4,2023,12,0.0,poisson_regression,1.711269858286969
4,2024,1,0.0,poisson_regression,1.4607594266575166
4,2024,2,0.0,poisson_regression,1.9005519105706004
4,2024,3,1.0,poisson_regression,1.7594043289159502
4,2024,4,1.0,poisson_regression,1.689152193266489
4,2024,5,0.0,poisson_regression,2.093564258046774
4,2024,6,0.0,poisson_regression,1.9023008849464467
4,2024,7,0.0,poisson_regression,2.027263321963457
4,2024,8,3.0,poisson_regression,2.2040294031119534
4,2024,9,4.0,poisson_regression,2.0949122225207706
4,2024,11,1.0,poisson_regression,1.711004478121672
4,2024,12,0.0,poisson_regression,1.6145694165496034
5,2023,11,0.0,poisson_regression,1.917956555552158
5,2023,12,0.0,poisson_regression,1.7198132964971882
5,2024,1,0.0,poisson_regression,1.4445083835131023
5,2024,2,0.0,poisson_regression,1.913821249856784
5,2024,3,1.0,poisson_regression,1.7946998293426553
5,2024,4,1.0,poisson_regression,1.7422233801925067
5,2024,5,0.0,poisson_regression,2.1371533325806826
5,2024,6,0.0,poisson_regression,1.9367994186178568
5,2024,7,0.0,poisson_regression,2.075386611806304
5,2024,8,3.0,poisson_regression,2.269164343047678
5,2024,9,4.0,poisson_regression,2.1713135919401485
5,2024,11,1.0,poisson_regression,1.7265722660562466
5,2024,12,0.0,poisson_regression,1.6368179021830431
6,2023,11,0.0,poisson_regression,2.745454099455403
6,2023,12,3.0,poisson_regression,2.445427079027075
6,2024,1,3.0,poisson_regression,2.402633799881524
6,2024,2,5.0,poisson_regression,2.732027538242595
6,2024,3,1.0,poisson_regression,2.6331850846318967
6,2024,4,2.0,poisson_regression,2.540347099745339
6,2024,5,3.0,poisson_regression,2.892819677870717
6,2024,6,3.0,poisson_regression,2.7239015593952796
6,2024,7,5.0,poisson_regression,2.8090148593121085
6,2024,8,7.0,poisson_regression,2.841682672383616
6,2024,9,2.0,poisson_regression,3.091335000355006
6,2024,11,2.0,poisson_regression,2.568507361218383
6,2024,12,3.0,poisson_regression,2.4082059204422803
7,2023,11,0.0,poisson_regression,2.2950998187197755
7,2023,12,3.0,poisson_regression,2.0487335843363073
7,2024,1,3.0,poisson_regression,1.9610567326015023
7,2024,2,5.0,poisson_regression,3.337409309237279
7,2024,3,1.0,poisson_regression,2.134391370302326
7,2024,4,2.0,poisson_regression,2.068333011768465
7,2024,5,3.0,poisson_regression,2.34573237816148
7,2024,6,3.0,poisson_regression,2.21787424606916
7,2024,7,5.0,poisson_regression,2.3565130870430098
7,2024,8,7.0,poisson_regression,2.314825477608135
7,2024,9,2.0,poisson_regression,2.479135023543259
7,2024,11,2.0,poisson_regression,2.0998334811131953
7,2024,12,3.0,poisson_regression,2.007396343104513
8,2023,11,3.0,poisson_regression,2.1093211593447325
8,2023,12,2.0,poisson_regression,1.8379066819664904
8,2024,1,1.0,poisson_regression,1.600955064458951
8,2024,2,1.0,poisson_regression,2.0552613318983295
8,2024,3,2.0,poisson_regression,1.9190935905389601
8,2024,4,1.0,poisson_regression,1.8504066841047349
8,2024,5,1.0,poisson_regression,2.1969550702729204
8,2024,6,2.0,poisson_regression,2.168299324231813
8,2024,7,0.0,poisson_regression,2.061105100180773
8,2024,8,4.0,poisson_regression,2.213673964666904
8,2024,9,0.0,poisson_regression,2.381074643251608
8,2024,11,1.0,poisson_regression,2.020054320347588
8,2024,12,3.0,poisson_regression,1.8442844235197835
9,2023,11,4.0,poisson_regression,2.531591513771421
9,2023,12,2.0,poisson_regression,2.2483991741268294
9,2024,1,1.0,poisson_regression,1.9909163386347093
9,2024,2,1.0,poisson_regression,2.5368919718797787
9,2024,3,2.0,poisson_regression,2.4679082576841065
9,2024,4,1.0,poisson_regression,2.3648520502090555
9,2024,5,1.0,poisson_regression,2.8364607815751977
9,2024,6,2.0,poisson_regression,2.9273469724882917
9,2024,7,0.0,poisson_regression,2.675674075961794
9,2024,8,4.0,poisson_regression,2.858175556215392
9,2024,9,0.0,poisson_regression,3.1102237399673807
9,2024,11,1.0,poisson_regression,2.5229773815964887
9,2024,12,2.0,poisson_regression,2.2090839270162523
10,2023,11,8.0,poisson_regression,2.244456154806758
10,2023,12,0.0,poisson_regression,2.020102800155044
10,2024,1,8.0,poisson_regression,1.7642514479051263
10,2024,2,6.0,poisson_regression,2.216895568443664
10,2024,3,7.0,poisson_regression,2.322135730724865
10,2024,4,3.0,poisson_regression,2.185789897347174
10,2024,5,4.0,poisson_regression,2.5996409481890552
10,2024,6,7.0,poisson_regression,2.797704963288964
10,2024,7,3.0,poisson_regression,2.6412154591089005
10,2024,8,1.0,poisson_regression,3.027005600101221
10,2024,9,4.0,poisson_regression,2.9932649710707935
10,2024,11,3.0,poisson_regression,2.4010191388429414
10,2024,12,5.0,poisson_regression,2.201855505461556
11,2023,11,8.0,poisson_regression,2.3880421966615755
11,2023,12,0.0,poisson_regression,2.197840113511595
11,2024,1,8.0,poisson_regression,1.838854478809348
11,2024,2,5.0,poisson_regression,2.327598657578521
11,2024,3,8.0,poisson_regression,2.416324146550958
11,2024,4,4.0,poisson_regression,2.351888803279513
11,2024,5,5.0,poisson_regression,2.8233087615666426
11,2024,6,7.0,poisson_regression,2.972529525159343
11,2024,7,3.0,poisson_regression,2.9402975268599403
11,2024,8,1.0,poisson_regression,3.221321362880591
11,2024,9,4.0,poisson_regression,3.285445635140708
11,2024,11,3.0,poisson_regression,2.6329096692798437
11,2024,12,5.0,poisson_regression,2.362149664754274
12,2024,8,0.0,poisson_regression,4.350180500345474
12,2024,9,2.0,poisson_regression,4.590130952373955
12,2024,11,2.0,poisson_regression,4.409706063639821
12,2024,12,1.0,poisson_regression,4.290799012731679
13,2023,11,18.0,poisson_regression,4.252346713069459
13,2023,12,10.0,poisson_regression,3.4798951466123857
13,2024,1,10.0,poisson_regression,3.227874139248317
13,2024,2,8.0,poisson_regression,4.05032494495766
13,2024,3,15.0,poisson_regression,4.14967898778359
13,2024,4,11.0,poisson_regression,3.9598755615951506
13,2024,5,10.0,poisson_regression,4.795796176255995
13,2024,6,8.0,poisson_regression,4.566005744518999
13,2024,7,12.0,poisson_regression,4.42719273571485
13,2024,8,7.0,poisson_regression,4.843815886011522
13,2024,9,12.0,poisson_regression,5.0658045642852
13,2024,11,14.0,poisson_regression,4.405844430391644
13,2024,12,11.0,poisson_regression,3.404343766709848
14,2023,11,2.0,poisson_regression,2.2651426532339487
14,2023,12,1.0,poisson_regression,2.0032522791414875
14,2024,1,2.0,poisson_regression,1.498034324218738
14,2024,2,0.0,poisson_regression,2.234687582197765
14,2024,3,3.0,poisson_regression,2.2163366681915684
14,2024,4,3.0,poisson_regression,2.0643127792235463
14,2024,5,7.0,poisson_regression,2.740275659424882
14,2024,6,9.0,poisson_regression,2.4583301480969344
14,2024,7,4.0,poisson_regression,2.546394238481136
14,2024,8,10.0,poisson_regression,2.768552749287274
14,2024,9,5.0,poisson_regression,2.6304398374264535
14,2024,11,2.0,poisson_regression,2.1270625755626646
14,2024,12,1.0,poisson_regression,1.796489641135092
15,2023,11,8.0,poisson_regression,2.822070743314499
15,2023,12,6.0,poisson_regression,2.5796753831327734
15,2024,1,8.0,poisson_regression,2.338646351004521
15,2024,2,8.0,poisson_regression,2.693601290750952
15,2024,3,6.0,poisson_regression,2.598891008533088
15,2024,4,5.0,poisson_regression,2.552185845507401
15,2024,5,1.0,poisson_regression,2.930943808284175
15,2024,6,12.0,poisson_regression,2.907257329509702
15,2024,7,7.0,poisson_regression,3.2339041239890105
15,2024,8,6.0,poisson_regression,3.4720106652758873
15,2024,9,10.0,poisson_regression,3.337831013935308
15,2024,11,4.0,poisson_regression,2.7120465322832183
15,2024,12,4.0,poisson_regression,2.55844741802132
16,2023,11,12.0,poisson_regression,3.5721731364283325
16,2023,12,6.0,poisson_regression,3.099575193424234
16,2024,1,5.0,poisson_regression,2.748518329284893
16,2024,2,10.0,poisson_regression,3.43039458441745
16,2024,3,10.0,poisson_regression,3.2347963917943985
16,2024,4,6.0,poisson_regression,3.1034099028059345
16,2024,5,11.0,poisson_regression,3.435441701689824
16,2024,6,13.0,poisson_regression,3.3128585302681346
16,2024,7,5.0,poisson_regression,3.373738017109362
16,2024,8,9.0,poisson_regression,3.4165351529427257
16,2024,9,12.0,poisson_regression,3.7532434464936886
16,2024,11,6.0,poisson_regression,3.3892865954100455
16,2024,12,6.0,poisson_regression,3.270969632227009
17,2023,11,12.0,poisson_regression,4.433902569599789
17,2023,12,6.0,poisson_regression,3.8593830196881886
17,2024,1,5.0,poisson_regression,3.429734702392888
17,2024,2,10.0,poisson_regression,4.28191155980028
17,2024,3,10.0,poisson_regression,4.204207352620341
17,2024,4,6.0,poisson_regression,4.025789298537501
17,2024,5,11.0,poisson_regression,4.493044282185745
17,2024,6,13.0,poisson_regression,4.3236760866507655
17,2024,7,5.0,poisson_regression,4.367073060088135
17,2024,8,9.0,poisson_regression,4.450669519890008
17,2024,9,12.0,poisson_regression,4.881630229679737
17,2024,11,6.0,poisson_regression,4.200683016312699
17,2024,12,6.0,poisson_regression,4.135243897064879
18,2023,11,8.0,poisson_regression,2.86996782548871
18,2023,12,6.0,poisson_regression,2.5564252159252256
18,2024,1,8.0,poisson_regression,2.3563849873124445
18,2024,2,8.0,poisson_regression,2.6709258200504866
18,2024,3,6.0,poisson_regression,2.6020760823177573
18,2024,4,5.0,poisson_regression,2.5061227064859377
18,2024,5,1.0,poisson_regression,2.981961399690519
18,2024,6,12.0,poisson_regression,2.9182767221719716
18,2024,7,7.0,poisson_regression,3.1730470315089936
18,2024,8,6.0,poisson_regression,3.474096677831366
18,2024,9,10.0,poisson_regression,3.3075531191240666
18,2024,11,4.0,poisson_regression,2.6908385415649008
18,2024,12,4.0,poisson_regression,2.5315865074164243
19,2023,11,8.0,poisson_regression,2.6476376428802455
19,2023,12,0.0,poisson_regression,2.4196215526413924
19,2024,1,8.0,poisson_regression,2.0733940706132357
19,2024,2,4.0,poisson_regression,2.6101744383513967
19,2024,3,7.0,poisson_regression,2.787742526142986
19,2024,4,3.0,poisson_regression,2.64123685449703
19,2024,5,4.0,poisson_regression,3.162145461200756
19,2024,6,7.0,poisson_regression,3.460661197069525
19,2024,7,3.0,poisson_regression,3.3164420506728316
19,2024,8,1.0,poisson_regression,3.734098426726441
19,2024,9,4.0,poisson_regression,3.697329273504336
19,2024,11,3.0,poisson_regression,2.9648279552543366
19,2024,12,5.0,poisson_regression,2.674503273398857
20,2023,11,2.0,poisson_regression,3.7569062254237098
20,2023,12,2.0,poisson_regression,3.499710961971559
20,2024,1,0.0,poisson_regression,3.0191303888141086
20,2024,2,0.0,poisson_regression,3.645878683699978
20,2024,3,2.0,poisson_regression,3.787385696373796
20,2024,4,2.0,poisson_regression,3.507078888832855
20,2024,5,1.0,poisson_regression,4.597144172686169
20,2024,6,4.0,poisson_regression,6.471118359512445
20,2024,7,4.0,poisson_regression,4.473868391468425
20,2024,8,4.0,poisson_regression,4.593156699906406
20,2024,9,6.0,poisson_regression,4.805254298106804
20,2024,11,4.0,poisson_regression,3.967680198201535
20,2024,12,1.0,poisson_regression,3.6576448599839293
21,2023,11,0.0,poisson_regression,2.6320453125059124
21,2023,12,0.0,poisson_regression,2.4280923260681284
21,2024,1,1.0,poisson_regression,1.8234947521611102
21,2024,2,1.0,poisson_regression,2.6210986318544967
21,2024,3,1.0,poisson_regression,2.7067592955229176
21,2024,4,0.0,poisson_regression,2.683852525941517
21,2024,5,0.0,poisson_regression,3.2314081658933227
21,2024,6,1.0,poisson_regression,3.117507415403573
21,2024,7,1.0,poisson_regression,3.2008848197678756
21,2024,8,1.0,poisson_regression,3.421997780183772
21,2024,9,1.0,poisson_regression,3.2859779912249962
21,2024,11,2.0,poisson_regression,2.557017355054748
21,2024,12,0.0,poisson_regression,2.215993314420842
22,2023,11,2.0,poisson_regression,3.146419260379902
22,2023,12,2.0,poisson_regression,2.767105568299001
22,2024,1,3.0,poisson_regression,2.1456172718229887
22,2024,2,1.0,poisson_regression,3.031715778291866
22,2024,3,0.0,poisson_regression,3.0066578035637925
22,2024,4,1.0,poisson_regression,2.8673901398503725
22,2024,5,1.0,poisson_regression,3.4647037810296237
22,2024,6,4.0,poisson_regression,3.4551129471506563
22,2024,7,1.0,poisson_regression,3.8143470495117087
22,2024,8,0.0,poisson_regression,3.9518920819315055
22,2024,9,1.0,poisson_regression,3.701301523467638
22,2024,11,1.0,poisson_regression,2.9232317879559067
22,2024,12,1.0,poisson_regression,2.5598248792905167
23,2023,11,2.0,poisson_regression,3.874902177266577
23,2023,12,2.0,poisson_regression,3.397281790051575
23,2024,1,3.0,poisson_regression,2.730504326059058
23,2024,2,1.0,poisson_regression,3.7292773120588256
23,2024,3,0.0,poisson_regression,3.7321479724757594
23,2024,4,1.0,poisson_regression,3.531766048768002
23,2024,5,1.0,poisson_regression,4.290871335023949
23,2024,6,4.0,poisson_regression,4.196916744262436
23,2024,7,1.0,poisson_regression,4.26646743138354
23,2024,8,0.0,poisson_regression,4.551899146127025
23,2024,9,1.0,poisson_regression,4.532127339779482
23,2024,11,1.0,poisson_regression,3.5938348377104115
23,2024,12,1.0,poisson_regression,3.2100472657141186
24,2023,11,2.0,poisson_regression,3.0431275981331485
24,2023,12,2.0,poisson_regression,2.6243038451842056
24,2024,1,3.0,poisson_regression,2.0898212984403957
24,2024,2,1.0,poisson_regression,2.9184000309993032
24,2024,3,0.0,poisson_regression,2.8506468785684502
24,2024,4,1.0,poisson_regression,2.662949585238861
24,2024,5,1.0,poisson_regression,3.159041579812751
24,2024,6,4.0,poisson_regression,3.1569666693704037
24,2024,7,1.0,poisson_regression,3.2704285429028923
24,2024,8,0.0,poisson_regression,3.4011680357380993
24,2024,9,1.0,poisson_regression,3.45769402396116
24,2024,11,1.0,poisson_regression,2.760835740549297
24,2024,12,1.0,poisson_regression,2.46231369393622
25,2023,11,2.0,poisson_regression,2.8729306299397113
25,2023,12,2.0,poisson_regression,2.45783321788167
25,2024,1,1.0,poisson_regression,1.9577399226850773
25,2024,2,1.0,poisson_regression,2.864371291097533
25,2024,3,0.0,poisson_regression,2.9183933843244825
25,2024,4,5.0,poisson_regression,2.7359669595719973
25,2024,5,3.0,poisson_regression,3.690905855300806
25,2024,6,4.0,poisson_regression,3.485048199687586
25,2024,7,4.0,poisson_regression,3.3397953478237645
25,2024,8,5.0,poisson_regression,3.6042350527548384
25,2024,9,2.0,poisson_regression,3.906355388307431
25,2024,11,2.0,poisson_regression,2.7080537376155496
25,2024,12,2.0,poisson_regression,2.299028431087512
26,2023,11,0.0,poisson_regression,3.0674973067182583
26,2023,12,0.0,poisson_regression,2.557728763491059
26,2024,1,0.0,poisson_regression,2.0963904799490307
26,2024,2,1.0,poisson_regression,3.0702882520037766
26,2024,3,0.0,poisson_regression,3.1136944409432665
26,2024,4,2.0,poisson_regression,2.940256639297677
26,2024,5,3.0,poisson_regression,3.692013378965841
26,2024,6,5.0,poisson_regression,3.7210597298723114
26,2024,7,3.0,poisson_regression,3.827899717947983
26,2024,8,0.0,poisson_regression,3.860242163992124
26,2024,9,0.0,poisson_regression,4.135951874682772
26,2024,11,3.0,poisson_regression,3.1736071343797527
26,2024,12,1.0,poisson_regression,2.6476636204299644
27,2023,11,0.0,poisson_regression,2.193968380683049
27,2023,12,1.0,poisson_regression,1.9124598360665963
27,2024,1,2.0,poisson_regression,1.6095302301724903
27,2024,2,1.0,poisson_regression,2.2099227740598155
27,2024,3,1.0,poisson_regression,2.329514467505804
27,2024,4,2.0,poisson_regression,2.0417800759835654
27,2024,5,1.0,poisson_regression,2.574638366106613
27,2024,6,3.0,poisson_regression,2.6649540954879263
27,2024,7,3.0,poisson_regression,2.5029637119643975
27,2024,8,0.0,poisson_regression,2.602615450562825
27,2024,9,1.0,poisson_regression,2.8379079478738976
27,2024,11,0.0,poisson_regression,2.201474014748601
27,2024,12,2.0,poisson_regression,1.9162289205870384
28,2023,11,0.0,poisson_regression,1.527541978911504
28,2023,12,0.0,poisson_regression,1.3781766093558483
28,2024,1,0.0,poisson_regression,1.0929601003762228
28,2024,2,0.0,poisson_regression,1.5351717769539581
28,2024,3,0.0,poisson_regression,1.4317063663151128
28,2024,4,0.0,poisson_regression,1.444048838333129
28,2024,5,0.0,poisson_regression,1.69040432408597
28,2024,6,0.0,poisson_regression,1.5749081592320127
28,2024,7,0.0,poisson_regression,1.6439198100544556
28,2024,8,0.0,poisson_regression,1.7717556290573262
28,2024,9,0.0,poisson_regression,1.7354174443692005
28,2024,11,0.0,poisson_regression,1.443909872503647
28,2024,12,0.0,poisson_regression,1.155273056338247
29,2023,11,0.0,poisson_regression,1.900464018719409
29,2023,12,1.0,poisson_regression,1.8056744734223555
29,2024,1,0.0,poisson_regression,1.3905014996419762
29,2024,2,0.0,poisson_regression,2.028668978693048
29,2024,3,0.0,poisson_regression,1.9705309409061789
29,2024,4,0.0,poisson_regression,1.7897703808137135
29,2024,5,1.0,poisson_regression,2.3216459695151572
29,2024,6,1.0,poisson_regression,2.16790245481805
29,2024,7,0.0,poisson_regression,2.339495360350661
29,2024,8,0.0,poisson_regression,2.563898994202083
29,2024,9,1.0,poisson_regression,2.416399139184987
29,2024,11,0.0,poisson_regression,1.859533268160002
29,2024,12,0.0,poisson_regression,3.024658697963264
30,2023,11,0.0,poisson_regression,2.216623781305983
30,2023,12,1.0,poisson_regression,1.9506562324495267
30,2024,1,0.0,poisson_regression,1.6163473185860673
30,2024,2,0.0,poisson_regression,2.2275608713085773
30,2024,3,1.0,poisson_regression,2.3334658097554004
30,2024,4,0.0,poisson_regression,2.1668195357025417
30,2024,5,1.0,poisson_regression,2.747559364442712
30,2024,6,0.0,poisson_regression,2.661045667329702
30,2024,7,0.0,poisson_regression,2.7922645379999915
30,2024,8,1.0,poisson_regression,2.954800361384532
30,2024,9,1.0,poisson_regression,2.889562569977513
30,2024,11,0.0,poisson_regression,2.2067669672783445
30,2024,12,0.0,poisson_regression,2.014464424493258
31,2023,11,0.0,poisson_regression,1.9180328919244691
31,2023,12,1.0,poisson_regression,1.6900575694424882
31,2024,1,0.0,poisson_regression,1.3938823243512213
31,2024,2,0.0,poisson_regression,1.9354203489629702
31,2024,3,1.0,poisson_regression,1.9737939492585943
31,2024,4,0.0,poisson_regression,1.862884242446624
31,2024,5,1.0,poisson_regression,2.237824473637064
31,2024,6,0.0,poisson_regression,2.1556120937574645
31,2024,7,0.0,poisson_regression,2.2603878845157386
31,2024,8,1.0,poisson_regression,2.3407790329902176
31,2024,9,1.0,poisson_regression,2.31222666804868
31,2024,11,0.0,poisson_regression,1.8917437995558715
31,2024,12,0.0,poisson_regression,1.7910978090375784
32,2023,11,0.0,poisson_regression,1.7319146933053835
32,2023,12,0.0,poisson_regression,1.5571579023163802
32,2024,1,0.0,poisson_regression,1.2493714381259644
32,2024,2,0.0,poisson_regression,1.7779982761264308
32,2024,3,1.0,poisson_regression,1.7265115045340023
32,2024,4,0.0,poisson_regression,1.6464564870603904
32,2024,5,0.0,poisson_regression,1.9590602756524558
32,2024,6,0.0,poisson_regression,1.8734615344389036
32,2024,7,0.0,poisson_regression,1.9412623646943452
32,2024,8,1.0,poisson_regression,2.048724355320819
32,2024,9,0.0,poisson_regression,2.0654051497533126
32,2024,11,0.0,poisson_regression,1.7303610258593778
32,2024,12,0.0,poisson_regression,1.5717804839139642
33,2023,11,0.0,poisson_regression,1.6637995594349857
33,2023,12,0.0,poisson_regression,1.4984813590147434
33,2024,1,0.0,poisson_regression,1.1803162486840857
33,2024,2,0.0,poisson_regression,1.6514273078270327
33,2024,3,1.0,poisson_regression,1.560823918553616
33,2024,4,0.0,poisson_regression,1.4935052949118368
33,2024,5,0.0,poisson_regression,1.7577121707469494
33,2024,6,0.0,poisson_regression,1.6795765559844693
33,2024,7,0.0,poisson_regression,1.7643204670184418
33,2024,8,1.0,poisson_regression,1.8264459284607437
33,2024,9,0.0,poisson_regression,1.8516245574286256
33,2024,11,0.0,poisson_regression,1.6108933948574427
33,2024,12,0.0,poisson_regression,1.4836923322101314
34,2023,11,0.0,poisson_regression,1.5469033785565658
34,2023,12,0.0,poisson_regression,1.3960139349438971
34,2024,1,0.0,poisson_regression,1.1093002591887788
34,2024,2,0.0,poisson_regression,1.5571732917382124
34,2024,3,0.0,poisson_regression,1.5039824079523916
34,2024,4,0.0,poisson_regression,1.5608874820661995
34,2024,5,0.0,poisson_regression,1.7570962665176577
34,2024,6,0.0,poisson_regression,1.7082790733859476
34,2024,7,0.0,poisson_regression,1.76664236668563
34,2024,8,0.0,poisson_regression,1.8980711016803025
34,2024,9,0.0,poisson_regression,1.888598232767966
34,2024,11,0.0,poisson_regression,1.4733982070785587
34,2024,12,0.0,poisson_regression,1.1869675648796927
35,2023,11,0.0,poisson_regression,1.9687950058965569
35,2023,12,0.0,poisson_regression,1.9369085445838483
35,2024,1,0.0,poisson_regression,1.4487223703515058
35,2024,2,0.0,poisson_regression,2.1950898956654976
35,2024,3,0.0,poisson_regression,2.2739777898765645
35,2024,4,0.0,poisson_regression,2.117150634264655
35,2024,5,0.0,poisson_regression,2.8553007793195735
35,2024,6,0.0,poisson_regression,3.1313686423088
35,2024,7,0.0,poisson_regression,3.0686505571323095
35,2024,8,0.0,poisson_regression,3.168150915776141
35,2024,9,0.0,poisson_regression,3.043413502197566
35,2024,11,0.0,poisson_regression,2.0845510101066136
35,2024,12,0.0,poisson_regression,1.8487410463433434
36,2023,11,0.0,poisson_regression,1.786654318952626
36,2023,12,0.0,poisson_regression,1.791396503355805
36,2024,1,0.0,poisson_regression,1.3650612916205735
36,2024,2,0.0,poisson_regression,2.0743908860260696
36,2024,3,0.0,poisson_regression,2.0798943249564976
36,2024,4,0.0,poisson_regression,1.8721590321473867
36,2024,5,0.0,poisson_regression,2.4504393335559373
36,2024,6,0.0,poisson_regression,1.603424708342365
36,2024,7,0.0,poisson_regression,1.9823340551548154
36,2024,8,0.0,poisson_regression,2.4225732278095187
36,2024,9,0.0,poisson_regression,2.5073807298041286
36,2024,11,0.0,poisson_regression,1.8787299318375512
36,2024,12,0.0,poisson_regression,1.9266418976270723
37,2023,11,2.0,poisson_regression,2.0031270735102154
37,2023,12,2.0,poisson_regression,1.8492400100918256
37,2024,1,3.0,poisson_regression,1.5479065116132535
37,2024,2,1.0,poisson_regression,2.1150485724949104
37,2024,3,2.0,poisson_regression,1.9099617417163022
37,2024,4,1.0,poisson_regression,1.8889676670012336
37,2024,5,4.0,poisson_regression,2.307039395509734
37,2024,6,1.0,poisson_regression,2.1547341081786944
37,2024,7,1.0,poisson_regression,2.3054489927711272
37,2024,8,1.0,poisson_regression,2.379962907377437
37,2024,9,1.0,poisson_regression,2.3925190310793467
37,2024,11,1.0,poisson_regression,1.928647710351439
37,2024,12,1.0,poisson_regression,1.8676571189856994
38,2023,11,2.0,poisson_regression,2.1887599379371343
38,2023,12,2.0,poisson_regression,2.000886245988406
38,2024,1,3.0,poisson_regression,1.6742952418589676
38,2024,2,1.0,poisson_regression,2.1854535537703326
38,2024,3,2.0,poisson_regression,2.1285382426965898
38,2024,4,1.0,poisson_regression,2.0881183942787693
38,2024,5,4.0,poisson_regression,2.5720964881009953
38,2024,6,1.0,poisson_regression,2.4291960593974
38,2024,7,1.0,poisson_regression,2.516879184472226
38,2024,8,1.0,poisson_regression,2.6781153654620335
38,2024,9,1.0,poisson_regression,2.674636399497753
38,2024,11,1.0,poisson_regression,2.100749497984414
38,2024,12,1.0,poisson_regression,2.004503694904882
39,2023,11,1.0,poisson_regression,1.585304647587338
39,2023,12,0.0,poisson_regression,1.5281984678719576
39,2024,1,0.0,poisson_regression,1.2181482446504628
39,2024,2,1.0,poisson_regression,1.7229560144997156
39,2024,3,0.0,poisson_regression,1.5941902605217908
39,2024,4,0.0,poisson_regression,1.588573088755776
39,2024,5,1.0,poisson_regression,2.0743357187705365
39,2024,6,0.0,poisson_regression,1.9453390674416826
39,2024,7,0.0,poisson_regression,2.0501387803821856
39,2024,8,1.0,poisson_regression,2.1778083863292355
39,2024,9,2.0,poisson_regression,2.189464425571077
39,2024,11,2.0,poisson_regression,1.6399411572600457
39,2024,12,0.0,poisson_regression,1.387253596309557
40,2023,11,1.0,poisson_regression,1.6230248307669137
40,2023,12,0.0,poisson_regression,1.5434208139796244
40,2024,1,0.0,poisson_regression,1.2702395833080158
40,2024,2,1.0,poisson_regression,1.8548337174002212
40,2024,3,0.0,poisson_regression,1.7101399223036966
40,2024,4,0.0,poisson_regression,1.7389952539056557
40,2024,5,1.0,poisson_regression,2.2677046683120072
40,2024,6,0.0,poisson_regression,2.129961674588026
40,2024,7,0.0,poisson_regression,2.303239808914741
40,2024,8,1.0,poisson_regression,2.41632121733328
40,2024,9,2.0,poisson_regression,2.413570301366341
40,2024,11,2.0,poisson_regression,1.7348971332080898
40,2024,12,0.0,poisson_regression,1.4710296561406597
41,2023,11,1.0,poisson_regression,2.0335374750330053
41,2023,12,2.0,poisson_regression,2.1373265451956778
41,2024,1,0.0,poisson_regression,1.9377272313515945
41,2024,2,1.0,poisson_regression,1.9971728362350507
41,2024,3,5.0,poisson_regression,1.947993314107726
41,2024,4,4.0,poisson_regression,1.8584409822428247
41,2024,5,0.0,poisson_regression,2.2895225465304985
41,2024,6,1.0,poisson_regression,2.122137050439321
41,2024,7,2.0,poisson_regression,2.2506429917880597
41,2024,8,0.0,poisson_regression,2.306812451198902
41,2024,9,1.0,poisson_regression,2.3807778368975634
41,2024,11,2.0,poisson_regression,2.0011235698943413
41,2024,12,0.0,poisson_regression,1.8040994110831055
42,2023,11,1.0,poisson_regression,1.973296664117825
42,2023,12,2.0,poisson_regression,1.8068554561861532
42,2024,1,0.0,poisson_regression,1.4653817067161223
42,2024,2,1.0,poisson_regression,2.003719560600584
42,2024,3,5.0,poisson_regression,1.91641269862175
42,2024,4,4.0,poisson_regression,1.7923355468343394
42,2024,5,0.0,poisson_regression,2.2220471615765987
42,2024,6,1.0,poisson_regression,2.1401619484210226
42,2024,7,2.0,poisson_regression,2.206051702682256
42,2024,8,0.0,poisson_regression,2.278761936895934
42,2024,9,1.0,poisson_regression,2.380549636785578
42,2024,11,2.0,poisson_regression,2.024315124968455
42,2024,12,0.0,poisson_regression,1.7559494846749553
43,2023,11,1.0,poisson_regression,1.8681455877485802
43,2023,12,1.0,poisson_regression,1.718808439027821
43,2024,1,1.0,poisson_regression,1.3171160300859444
43,2024,2,3.0,poisson_regression,1.8551440028021053
43,2024,3,2.0,poisson_regression,1.893145356062717
43,2024,4,2.0,poisson_regression,1.856581308105454
43,2024,5,0.0,poisson_regression,2.472777814607546
43,2024,6,0.0,poisson_regression,2.3204600358937237
43,2024,7,0.0,poisson_regression,2.417729035720222
43,2024,8,0.0,poisson_regression,2.666945448634065
43,2024,9,0.0,poisson_regression,2.5356173752819093
43,2024,11,2.0,poisson_regression,1.5844228748236568
43,2024,12,0.0,poisson_regression,1.6323358918546287
44,2023,11,1.0,poisson_regression,1.6263207717406176
44,2023,12,1.0,poisson_regression,1.5281527798221601
44,2024,1,1.0,poisson_regression,1.1809789789758611
44,2024,2,3.0,poisson_regression,1.6559089093033355
44,2024,3,2.0,poisson_regression,1.6841308608064778
44,2024,4,2.0,poisson_regression,1.6582465586460904
44,2024,5,0.0,poisson_regression,2.091043806792233
44,2024,6,0.0,poisson_regression,1.9613957041461016
44,2024,7,0.0,poisson_regression,1.9664114710151026
44,2024,8,0.0,poisson_regression,2.172026884608367
44,2024,9,0.0,poisson_regression,2.1287338452986795
44,2024,11,2.0,poisson_regression,1.4262409212861833
44,2024,12,0.0,poisson_regression,1.4746128128829696
45,2023,11,1.0,poisson_regression,1.8877569733551658
45,2023,12,3.0,poisson_regression,1.7254717517528726
45,2024,1,1.0,poisson_regression,1.4478924663145096
45,2024,2,2.0,poisson_regression,1.9190959515111845
45,2024,3,2.0,poisson_regression,1.8128098714590941
45,2024,4,0.0,poisson_regression,1.7244192595693386
45,2024,5,1.0,poisson_regression,2.1023676932349487
45,2024,6,0.0,poisson_regression,1.9744746844170873
45,2024,7,0.0,poisson_regression,2.041567634702383
45,2024,8,1.0,poisson_regression,2.0829343705078234
45,2024,9,0.0,poisson_regression,2.220969513700551
45,2024,11,1.0,poisson_regression,1.8218392132081398
45,2024,12,0.0,poisson_regression,1.6930578853546958
46,2023,11,1.0,poisson_regression,1.986082078719557
46,2023,12,3.0,poisson_regression,1.817333096651293
46,2024,1,1.0,poisson_regression,1.5351196298544545
46,2024,2,2.0,poisson_regression,2.0446155900819263
46,2024,3,2.0,poisson_regression,1.9302564708837802
46,2024,4,0.0,poisson_regression,1.8110123678151984
46,2024,5,1.0,poisson_regression,2.247019343702377
46,2024,6,0.0,poisson_regression,2.092748879357397
46,2024,7,0.0,poisson_regression,2.1304019475202187
46,2024,8,1.0,poisson_regression,2.198185045868167
46,2024,9,0.0,poisson_regression,2.3246680803432316
46,2024,11,1.0,poisson_regression,1.900488474801938
46,2024,12,0.0,poisson_regression,1.7557926946896711
47,2023,11,6.0,poisson_regression,3.9500792941536607
47,2023,12,0.0,poisson_regression,3.4222387481454946
47,2024,1,3.0,poisson_regression,2.954822212997976
47,2024,2,1.0,poisson_regression,4.089801632018567
47,2024,3,2.0,poisson_regression,4.240644504577734
47,2024,4,1.0,poisson_regression,3.9661345594740145
47,2024,5,0.0,poisson_regression,5.3185073982532405
47,2024,6,9.0,poisson_regression,4.446915337744642
47,2024,7,1.0,poisson_regression,4.013962187224357
47,2024,8,5.0,poisson_regression,4.078838487859272
47,2024,9,5.0,poisson_regression,4.135136473697424
47,2024,11,0.0,poisson_regression,2.9918766698538466
47,2024,12,1.0,poisson_regression,2.5917953840094516
48,2023,11,0.0,poisson_regression,1.9733849282260054
48,2023,12,0.0,poisson_regression,1.7854187225080358
48,2024,1,0.0,poisson_regression,1.3697489741194107
48,2024,2,0.0,poisson_regression,2.1150358188891323
48,2024,3,0.0,poisson_regression,2.2457130207309794
48,2024,4,1.0,poisson_regression,2.1512387192661695
48,2024,5,1.0,poisson_regression,2.92281162823373
48,2024,6,0.0,poisson_regression,2.86212888661537
48,2024,7,0.0,poisson_regression,3.2682937914964274
48,2024,8,1.0,poisson_regression,3.8968893571861063
48,2024,9,2.0,poisson_regression,3.645551228959096
48,2024,11,0.0,poisson_regression,2.063141525401376
48,2024,12,0.0,poisson_regression,1.6350935095270327
49,2023,11,0.0,poisson_regression,2.81264704216994
49,2023,12,0.0,poisson_regression,2.3910482778610493
49,2024,1,0.0,poisson_regression,1.8469003433581772
49,2024,2,0.0,poisson_regression,2.6831038734672537
49,2024,3,0.0,poisson_regression,2.763713271782544
49,2024,4,0.0,poisson_regression,2.576519926179489
49,2024,5,1.0,poisson_regression,3.352140619271909
49,2024,6,2.0,poisson_regression,3.1342596768824165
49,2024,7,1.0,poisson_regression,3.249866652158519
49,2024,8,0.0,poisson_regression,3.729966877094698
49,2024,9,0.0,poisson_regression,3.5038721430006237
49,2024,11,1.0,poisson_regression,2.8168023211864828
49,2024,12,0.0,poisson_regression,2.2225031310756513
50,2023,11,1.0,poisson_regression,2.462119702848538
50,2023,12,1.0,poisson_regression,2.2016154215003083
50,2024,1,1.0,poisson_regression,1.9972261269693086
50,2024,2,0.0,poisson_regression,2.3676858812944723
50,2024,3,1.0,poisson_regression,2.268155429142597
50,2024,4,3.0,poisson_regression,2.1685645586827
50,2024,5,1.0,poisson_regression,2.4870299959690794
50,2024,6,3.0,poisson_regression,2.1860152362921004
50,2024,7,4.0,poisson_regression,2.31291147173788
50,2024,8,1.0,poisson_regression,2.315197181721946
50,2024,9,4.0,poisson_regression,2.9248091318203637
50,2024,11,1.0,poisson_regression,2.406776800821805
50,2024,12,0.0,poisson_regression,2.2412995103210305
51,2023,11,1.0,poisson_regression,3.097537523122633
51,2023,12,1.0,poisson_regression,2.7433466383561242
51,2024,1,1.0,poisson_regression,2.4920422953042802
51,2024,2,0.0,poisson_regression,3.0867254300060245
51,2024,3,1.0,poisson_regression,3.0414139616796354
51,2024,4,3.0,poisson_regression,2.855343407315638
51,2024,5,1.0,poisson_regression,3.555386761855882
51,2024,6,3.0,poisson_regression,3.2163728462952115
51,2024,7,4.0,poisson_regression,3.4024102792684743
51,2024,8,1.0,poisson_regression,3.6611416801202665
51,2024,9,4.0,poisson_regression,3.8710159722834607
51,2024,11,1.0,poisson_regression,3.242973458437146
51,2024,12,0.0,poisson_regression,2.85554104611128
52,2023,11,8.0,poisson_regression,4.96452901038415
52,2023,12,4.0,poisson_regression,3.363215952012796
52,2024,1,9.0,poisson_regression,3.059766727484388
52,2024,2,6.0,poisson_regression,3.511542694741045
52,2024,3,7.0,poisson_regression,3.664245396861428
52,2024,4,2.0,poisson_regression,3.452848728169192
52,2024,5,9.0,poisson_regression,4.141501610724225
52,2024,6,6.0,poisson_regression,3.027198408337875
52,2024,7,9.0,poisson_regression,3.049198959546434
52,2024,8,5.0,poisson_regression,3.0565805323794906
52,2024,9,3.0,poisson_regression,3.3830802508325895
52,2024,11,2.0,poisson_regression,2.7558723118943877
52,2024,12,3.0,poisson_regression,2.5190612922821094
53,2023,11,9.0,poisson_regression,2.0027265095170006
53,2023,12,4.0,poisson_regression,1.8481855716232138
53,2024,1,10.0,poisson_regression,1.640405344630982
53,2024,2,5.0,poisson_regression,1.9361113510773966
53,2024,3,6.0,poisson_regression,1.7693951896944762
53,2024,4,3.0,poisson_regression,1.66631490118694
53,2024,5,10.0,poisson_regression,1.895430806151024
53,2024,6,5.0,poisson_regression,1.7958019087920154
53,2024,7,7.0,poisson_regression,1.9602459138878323
53,2024,8,6.0,poisson_regression,2.11820385781807
53,2024,9,5.0,poisson_regression,2.3618685382795426
53,2024,11,2.0,poisson_regression,1.8599809718492344
53,2024,12,3.0,poisson_regression,1.649956566868819
54,2023,11,9.0,poisson_regression,2.1143982512135575
54,2023,12,4.0,poisson_regression,1.8597008341602304
54,2024,1,10.0,poisson_regression,1.7075489929793446
54,2024,2,5.0,poisson_regression,2.0371558203479743
54,2024,3,6.0,poisson_regression,1.9589876657357732
54,2024,4,3.0,poisson_regression,1.9003517974556408
54,2024,5,10.0,poisson_regression,2.231972532595618
54,2024,6,5.0,poisson_regression,2.1158876438260306
54,2024,7,7.0,poisson_regression,2.272055471186799
54,2024,8,6.0,poisson_regression,2.3955393155690268
54,2024,9,5.0,poisson_regression,2.362981379223744
54,2024,11,2.0,poisson_regression,2.0121701780627985
54,2024,12,3.0,poisson_regression,1.869694906186494
55,2023,11,2.0,poisson_regression,1.5429105997390133
55,2023,12,0.0,poisson_regression,1.375805469049732
55,2024,1,1.0,poisson_regression,1.2718249812513995
55,2024,2,2.0,poisson_regression,1.4957262610568198
55,2024,3,2.0,poisson_regression,1.4235642762862184
55,2024,4,0.0,poisson_regression,1.3810002420294434
55,2024,5,3.0,poisson_regression,1.5428347587296452
55,2024,6,0.0,poisson_regression,1.474434308388667
55,2024,7,1.0,poisson_regression,1.546357032947781
55,2024,8,2.0,poisson_regression,1.5790609882954
55,2024,9,3.0,poisson_regression,1.6860845515276883
55,2024,11,0.0,poisson_regression,1.4810010906205386
55,2024,12,0.0,poisson_regression,1.367463554747662
56,2023,11,2.0,poisson_regression,1.6104881297130411
56,2023,12,0.0,poisson_regression,1.4376159395831867
56,2024,1,1.0,poisson_regression,1.3103421456572157
56,2024,2,2.0,poisson_regression,1.5454044455257443
56,2024,3,2.0,poisson_regression,1.4749108268442446
56,2024,4,0.0,poisson_regression,1.465943818343404
56,2024,5,3.0,poisson_regression,1.659716795203993
56,2024,6,0.0,poisson_regression,1.5815290467683922
56,2024,7,1.0,poisson_regression,1.7198894091734407
56,2024,8,2.0,poisson_regression,1.7485069794919683
56,2024,9,3.0,poisson_regression,1.8542761649050865
56,2024,11,0.0,poisson_regression,1.6023357806461704
56,2024,12,0.0,poisson_regression,1.4738761628026624
57,2023,11,0.0,poisson_regression,1.7439204648857283
57,2023,12,1.0,poisson_regression,1.4980176651615804
57,2024,1,0.0,poisson_regression,1.354571435891863
57,2024,2,0.0,poisson_regression,1.7001183893678429
57,2024,3,0.0,poisson_regression,1.641413253292323
57,2024,4,1.0,poisson_regression,1.596515353995339
57,2024,5,1.0,poisson_regression,1.7785633981219715
57,2024,6,0.0,poisson_regression,1.7570062802726036
57,2024,7,1.0,poisson_regression,1.8880130457364637
57,2024,8,0.0,poisson_regression,1.8901474595109409
57,2024,9,0.0,poisson_regression,1.9806813974864421
57,2024,11,0.0,poisson_regression,1.7024202438660148
57,2024,12,0.0,poisson_regression,1.525063478076527
58,2023,11,0.0,poisson_regression,1.6366507294348749
58,2023,12,1.0,poisson_regression,1.3902049444625182
58,2024,1,0.0,poisson_regression,1.2689852990326724
58,2024,2,0.0,poisson_regression,1.5826572998160289
58,2024,3,0.0,poisson_regression,1.4552444272355558
58,2024,4,1.0,poisson_regression,1.4596090906190435
58,2024,5,1.0,poisson_regression,1.6002072124527957
58,2024,6,0.0,poisson_regression,1.587893579542157
58,2024,7,1.0,poisson_regression,1.6831409211425246
58,2024,8,0.0,poisson_regression,1.6943246265141079
58,2024,9,0.0,poisson_regression,1.8000707003152407
58,2024,11,0.0,poisson_regression,1.5811990405675922
58,2024,12,0.0,poisson_regression,1.4249241681644933
59,2023,11,1.0,poisson_regression,1.9859515261078746
59,2023,12,0.0,poisson_regression,1.6902775736152995
59,2024,1,0.0,poisson_regression,1.547944185965201
59,2024,2,1.0,poisson_regression,2.0407088073300512
59,2024,3,0.0,poisson_regression,1.9118890002428905
59,2024,4,1.0,poisson_regression,1.447712826114183
59,2024,5,0.0,poisson_regression,1.4254204212578945
59,2024,6,1.0,poisson_regression,1.9485553789677543
59,2024,7,0.0,poisson_regression,2.0409065587721824
59,2024,8,1.0,poisson_regression,2.1303666816316027
59,2024,9,0.0,poisson_regression,2.2514484895410627
59,2024,11,1.0,poisson_regression,2.022638329718084
59,2024,12,0.0,poisson_regression,1.8601069022719277
60,2023,11,1.0,poisson_regression,1.868823420717079
60,2023,12,0.0,poisson_regression,1.5845123650499553
60,2024,1,0.0,poisson_regression,1.4464966975549158
60,2024,2,1.0,poisson_regression,1.5321268023276338
60,2024,3,0.0,poisson_regression,1.1518347169750158
60,2024,4,1.0,poisson_regression,1.5075390796088726
60,2024,5,0.0,poisson_regression,1.847281189591805
60,2024,6,1.0,poisson_regression,1.8549619882314166
60,2024,7,0.0,poisson_regression,1.9476442280859458
60,2024,8,1.0,poisson_regression,1.9880424384569209
60,2024,9,0.0,poisson_regression,2.1482602044327455
60,2024,11,1.0,poisson_regression,1.9499995072005094
60,2024,12,0.0,poisson_regression,1.7397300907127997
61,2023,11,2.0,poisson_regression,2.097678608822886
61,2023,12,1.0,poisson_regression,1.7952730317709682
61,2024,1,0.0,poisson_regression,1.5505624992040035
61,2024,2,2.0,poisson_regression,2.0091534019968864
61,2024,3,1.0,poisson_regression,1.8796366828215962
61,2024,4,0.0,poisson_regression,1.8327498338567116
61,2024,5,2.0,poisson_regression,1.9955785585941062
61,2024,6,4.0,poisson_regression,1.9806345731627963
61,2024,7,3.0,poisson_regression,2.0327823253481787
61,2024,8,1.0,poisson_regression,2.1002260370939445
61,2024,9,1.0,poisson_regression,2.255461795811639
61,2024,11,2.0,poisson_regression,2.0198414993434453
61,2024,12,0.0,poisson_regression,1.7695608699216006
62,2023,11,2.0,poisson_regression,2.1176492045264346
62,2023,12,1.0,poisson_regression,1.7983785126998963
62,2024,1,0.0,poisson_regression,1.5604358871036113
62,2024,2,2.0,poisson_regression,2.0272493964966003
62,2024,3,1.0,poisson_regression,1.883528840171445
62,2024,4,0.0,poisson_regression,1.8347658122307948
62,2024,5,2.0,poisson_regression,1.9867625301409397
62,2024,6,4.0,poisson_regression,1.9802248308317842
62,2024,7,3.0,poisson_regression,2.0468540518998672
62,2024,8,1.0,poisson_regression,2.1124225948450106
62,2024,9,1.0,poisson_regression,2.258111209443547
62,2024,11,2.0,poisson_regression,2.0063224766745313
62,2024,12,0.0,poisson_regression,1.7533391296591552
63,2023,11,0.0,poisson_regression,2.29325616488412
63,2023,12,0.0,poisson_regression,2.1114651789322734
63,2024,1,0.0,poisson_regression,1.7685695192054904
63,2024,2,0.0,poisson_regression,2.1425921074891496
63,2024,3,0.0,poisson_regression,2.155307063230148
63,2024,4,2.0,poisson_regression,2.2448449837192
63,2024,5,1.0,poisson_regression,2.7482800572312853
63,2024,6,2.0,poisson_regression,2.5956341933094422
63,2024,7,1.0,poisson_regression,3.670237738448038
63,2024,8,0.0,poisson_regression,4.180299059437689
63,2024,9,0.0,poisson_regression,3.016213135750407
63,2024,11,0.0,poisson_regression,2.278356824550238
63,2024,12,1.0,poisson_regression,2.0027619809100505
64,2023,11,0.0,poisson_regression,1.6785314178307553
64,2023,12,0.0,poisson_regression,2.5742755915711597
64,2024,1,0.0,poisson_regression,2.3029071624266177
64,2024,2,0.0,poisson_regression,2.938945565815503
64,2024,3,0.0,poisson_regression,3.4113703132709565
64,2024,4,2.0,poisson_regression,3.9704155187835948
64,2024,5,1.0,poisson_regression,6.112906219875854
64,2024,6,2.0,poisson_regression,6.054184766013424
64,2024,7,2.0,poisson_regression,13.242732053500948
64,2024,8,0.0,poisson_regression,18.275927352344162
64,2024,9,1.0,poisson_regression,6.566295127277519
64,2024,11,0.0,poisson_regression,3.2924403294013893
64,2024,12,1.0,poisson_regression,2.5934268653640795
65,2023,11,0.0,poisson_regression,2.8405396315482845
65,2023,12,0.0,poisson_regression,1.9662160262452446
65,2024,1,0.0,poisson_regression,1.781377923982259
65,2024,2,0.0,poisson_regression,2.111092086267787
65,2024,3,0.0,poisson_regression,2.174645185258932
65,2024,4,2.0,poisson_regression,2.2179164778350575
65,2024,5,1.0,poisson_regression,2.6978444695004247
65,2024,6,2.0,poisson_regression,2.616779416285812
65,2024,7,2.0,poisson_regression,3.3897611576144473
65,2024,8,0.0,poisson_regression,3.8628650858386737
65,2024,9,1.0,poisson_regression,3.0838731824400405
65,2024,11,0.0,poisson_regression,2.283098266122003
65,2024,12,1.0,poisson_regression,1.9393150379567028
66,2023,11,0.0,poisson_regression,2.1356010391605524
66,2023,12,0.0,poisson_regression,1.8829783426666247
66,2024,1,0.0,poisson_regression,1.6645762669440791
66,2024,2,0.0,poisson_regression,2.02929665127469
66,2024,3,0.0,poisson_regression,2.1864144529254794
66,2024,4,2.0,poisson_regression,2.308772990909709
66,2024,5,1.0,poisson_regression,3.433389577383021
66,2024,6,2.0,poisson_regression,3.244553396735977
66,2024,7,1.0,poisson_regression,5.525954038326022
66,2024,8,0.0,poisson_regression,6.23588120895886
66,2024,9,1.0,poisson_regression,3.560457561738399
66,2024,11,0.0,poisson_regression,2.191927796882109
66,2024,12,1.0,poisson_regression,1.8570188906273482
67,2023,11,5.0,poisson_regression,1.751402617678413
67,2023,12,0.0,poisson_regression,1.489035092197043
67,2024,1,3.0,poisson_regression,1.3417042722897399
67,2024,2,2.0,poisson_regression,1.6430457144349198
67,2024,3,1.0,poisson_regression,1.5709566884105068
67,2024,4,3.0,poisson_regression,1.5245008957634272
67,2024,5,3.0,poisson_regression,1.672991506992326
67,2024,6,2.0,poisson_regression,1.65194642444347
67,2024,7,0.0,poisson_regression,1.763350238799208
67,2024,8,0.0,poisson_regression,1.8321072798223728
67,2024,9,1.0,poisson_regression,1.8536867991508454
67,2024,11,0.0,poisson_regression,1.6837467282049177
67,2024,12,1.0,poisson_regression,1.5349364242507548
68,2023,11,5.0,poisson_regression,2.01570488275553
68,2023,12,0.0,poisson_regression,1.7009463546320855
68,2024,1,4.0,poisson_regression,1.539354250729314
68,2024,2,2.0,poisson_regression,1.9194560053933407
68,2024,3,1.0,poisson_regression,1.8630942894677147
68,2024,4,3.0,poisson_regression,1.8105792274978993
68,2024,5,3.0,poisson_regression,2.0295673367651856
68,2024,6,2.0,poisson_regression,2.025543339637935
68,2024,7,0.0,poisson_regression,2.1276747747843654
68,2024,8,0.0,poisson_regression,2.20745744573455
68,2024,9,1.0,poisson_regression,2.3169332675075354
68,2024,11,0.0,poisson_regression,1.9833373276071593
68,2024,12,1.0,poisson_regression,1.7731100261952657
69,2023,11,12.0,poisson_regression,7.899232596246945
69,2023,12,16.0,poisson_regression,6.269829822643529
69,2024,1,11.0,poisson_regression,4.87415685259095
69,2024,2,7.0,poisson_regression,7.161838796428111
69,2024,3,14.0,poisson_regression,7.733417119936483
69,2024,4,15.0,poisson_regression,6.390756366748428
69,2024,5,15.0,poisson_regression,7.534300291639619
69,2024,6,14.0,poisson_regression,6.920052034343935
69,2024,7,9.0,poisson_regression,7.101037164452794
69,2024,8,10.0,poisson_regression,7.191134184223445
69,2024,9,15.0,poisson_regression,8.795751611707457
69,2024,11,17.0,poisson_regression,7.0402123456422
69,2024,12,10.0,poisson_regression,6.018918978081676
70,2023,11,2.0,poisson_regression,2.1500648643111564
70,2023,12,0.0,poisson_regression,1.910840428538737
70,2024,1,0.0,poisson_regression,1.5335401588844555
70,2024,2,1.0,poisson_regression,2.1400888838698564
70,2024,3,0.0,poisson_regression,2.0106528807090585
70,2024,4,0.0,poisson_regression,1.886030897772566
70,2024,5,0.0,poisson_regression,2.2599498928691575
70,2024,6,3.0,poisson_regression,2.2291390877077473
70,2024,7,1.0,poisson_regression,2.3624616139040526
70,2024,8,1.0,poisson_regression,2.5047071553264426
70,2024,9,0.0,poisson_regression,2.51048768557204
70,2024,11,0.0,poisson_regression,2.1247749253344543
70,2024,12,1.0,poisson_regression,1.77423459814425
71,2023,11,2.0,poisson_regression,2.222547227354191
71,2023,12,0.0,poisson_regression,1.983322317564707
71,2024,1,0.0,poisson_regression,1.6173821575747973
71,2024,2,1.0,poisson_regression,2.1642224225174975
71,2024,3,0.0,poisson_regression,2.050078580533174
71,2024,4,0.0,poisson_regression,1.9266025613998017
71,2024,5,0.0,poisson_regression,2.3236656927397363
71,2024,6,3.0,poisson_regression,2.3164141362732074
71,2024,7,1.0,poisson_regression,2.4921109571564863
71,2024,8,1.0,poisson_regression,2.6974451660696372
71,2024,9,0.0,poisson_regression,2.610960850725223
71,2024,11,0.0,poisson_regression,2.024994334456764
71,2024,12,1.0,poisson_regression,1.8659416775048994
72,2023,11,3.0,poisson_regression,2.214670411379868
72,2023,12,2.0,poisson_regression,1.9487722683822413
72,2024,1,2.0,poisson_regression,1.4710378911277482
72,2024,2,2.0,poisson_regression,2.0873590658064245
72,2024,3,1.0,poisson_regression,2.050517085608867
72,2024,4,1.0,poisson_regression,1.8606878244163187
72,2024,5,2.0,poisson_regression,2.194351792317592
72,2024,6,0.0,poisson_regression,2.1604550415456765
72,2024,7,0.0,poisson_regression,2.159309599462447
72,2024,8,0.0,poisson_regression,2.2630261948686203
72,2024,9,2.0,poisson_regression,2.389365505965538
72,2024,11,0.0,poisson_regression,1.9316109648776008
72,2024,12,0.0,poisson_regression,1.8441907734466016
73,2023,11,3.0,poisson_regression,3.2473645735039165
73,2023,12,2.0,poisson_regression,2.715828001459863
73,2024,1,2.0,poisson_regression,3.360951533389435
73,2024,2,2.0,poisson_regression,3.745662027319518
73,2024,3,1.0,poisson_regression,3.3433758778088922
73,2024,4,1.0,poisson_regression,3.0962951724433854
73,2024,5,2.0,poisson_regression,3.7100813301103095
73,2024,6,0.0,poisson_regression,3.719601859581602
73,2024,7,0.0,poisson_regression,3.7058063813167506
73,2024,8,0.0,poisson_regression,3.9039513018102716
73,2024,9,2.0,poisson_regression,4.080895528165308
73,2024,11,0.0,poisson_regression,2.9881025137811905
73,2024,12,0.0,poisson_regression,2.6619534713803823
74,2023,11,13.0,poisson_regression,2.3784801827584627
74,2023,12,7.0,poisson_regression,2.0224205452980186
74,2024,1,7.0,poisson_regression,1.8014923895521635
74,2024,2,7.0,poisson_regression,2.3261076630190196
74,2024,3,8.0,poisson_regression,2.193648321025945
74,2024,4,3.0,poisson_regression,2.090996770164858
74,2024,5,9.0,poisson_regression,2.2844183427673332
74,2024,6,14.0,poisson_regression,2.258461642776261
74,2024,7,4.0,poisson_regression,2.248189518459164
74,2024,8,5.0,poisson_regression,2.3052062984141775
74,2024,9,11.0,poisson_regression,2.582847065326018
74,2024,11,8.0,poisson_regression,2.3307326896315073
74,2024,12,6.0,poisson_regression,2.17122866777881
75,2023,11,13.0,poisson_regression,2.7577687974163987
75,2023,12,7.0,poisson_regression,2.25553550034354
75,2024,1,7.0,poisson_regression,2.055642575850284
75,2024,2,7.0,poisson_regression,2.632362212171591
75,2024,3,8.0,poisson_regression,2.5637606323964564
75,2024,4,3.0,poisson_regression,2.40459829192596
75,2024,5,9.0,poisson_regression,2.7084596327254125
75,2024,6,14.0,poisson_regression,2.5897909979193354
75,2024,7,4.0,poisson_regression,2.436125040045965
75,2024,8,5.0,poisson_regression,2.541626705442701
75,2024,9,11.0,poisson_regression,2.958108494523981
75,2024,11,8.0,poisson_regression,2.6265217976176527
75,2024,12,6.0,poisson_regression,2.3831865487802317
76,2023,11,2.0,poisson_regression,2.091301184239848
76,2023,12,3.0,poisson_regression,1.846843181801514
76,2024,1,3.0,poisson_regression,1.4587020869205123
76,2024,2,0.0,poisson_regression,2.0248618407337613
76,2024,3,4.0,poisson_regression,1.9490023001952166
76,2024,4,2.0,poisson_regression,1.7981981456241631
76,2024,5,3.0,poisson_regression,2.066348603549413
76,2024,6,5.0,poisson_regression,1.991404057595882
76,2024,7,2.0,poisson_regression,2.013781316387823
76,2024,8,0.0,poisson_regression,1.758001703524988
76,2024,9,1.0,poisson_regression,2.2294447099155668
76,2024,11,3.0,poisson_regression,1.8334073148180692
76,2024,12,2.0,poisson_regression,1.7317935087350849
77,2023,11,12.0,poisson_regression,4.402389508379016
77,2023,12,16.0,poisson_regression,3.7875192718707185
77,2024,1,10.0,poisson_regression,2.96759835978105
77,2024,2,7.0,poisson_regression,4.074899648711185
77,2024,3,12.0,poisson_regression,4.126596996630456
77,2024,4,15.0,poisson_regression,3.64853029833369
77,2024,5,14.0,poisson_regression,4.425066397803658
77,2024,6,15.0,poisson_regression,4.220134420394045
77,2024,7,9.0,poisson_regression,4.293803164992329
77,2024,8,10.0,poisson_regression,4.315051847654158
77,2024,9,16.0,poisson_regression,4.678020034749041
77,2024,11,15.0,poisson_regression,3.8818392110941637
77,2024,12,8.0,poisson_regression,3.004221879757647
78,2023,11,1.0,poisson_regression,1.4291271624249196
78,2023,12,0.0,poisson_regression,1.272943098702006
78,2024,1,1.0,poisson_regression,1.032736817821993
78,2024,2,1.0,poisson_regression,1.409958842738175
78,2024,3,0.0,poisson_regression,1.3290187028468503
78,2024,4,0.0,poisson_regression,1.256403113695122
78,2024,5,0.0,poisson_regression,1.453331868122869
78,2024,6,0.0,poisson_regression,1.471427451609683
78,2024,7,0.0,poisson_regression,1.5152226734911094
78,2024,8,0.0,poisson_regression,1.5706668565747641
78,2024,9,1.0,poisson_regression,1.57119096589317
78,2024,11,0.0,poisson_regression,1.3455102023901533
78,2024,12,0.0,poisson_regression,1.2165040330179961
79,2023,11,1.0,poisson_regression,1.9355413466667166
79,2023,12,0.0,poisson_regression,1.6452045228171404
79,2024,1,1.0,poisson_regression,1.3764633830024091
79,2024,2,1.0,poisson_regression,1.859493567690645
79,2024,3,0.0,poisson_regression,1.871933752813315
79,2024,4,0.0,poisson_regression,1.7591821523371325
79,2024,5,0.0,poisson_regression,2.042977358044765
79,2024,6,0.0,poisson_regression,2.0985955217500263
79,2024,7,0.0,poisson_regression,2.1032409566912693
79,2024,8,0.0,poisson_regression,2.2274751965732893
79,2024,9,1.0,poisson_regression,2.2200827746337253
79,2024,11,0.0,poisson_regression,1.7981902282089326
79,2024,12,0.0,poisson_regression,1.5751036127424711
80,2023,11,2.0,poisson_regression,1.5224530623792203
80,2023,12,2.0,poisson_regression,1.3749091979361698
80,2024,1,0.0,poisson_regression,1.1585739366819336
80,2024,2,0.0,poisson_regression,1.5406269030801123
80,2024,3,1.0,poisson_regression,1.4588895929420005
80,2024,4,1.0,poisson_regression,1.2405120520448303
80,2024,5,2.0,poisson_regression,2.749144896371332
80,2024,12,0.0,poisson_regression,3.5562136099302197
81,2023,11,2.0,poisson_regression,1.5073479118181883
81,2023,12,2.0,poisson_regression,1.3297410873000908
81,2024,1,0.0,poisson_regression,1.152849382770119
81,2024,2,0.0,poisson_regression,1.554022071171282
81,2024,3,1.0,poisson_regression,1.5008889830865246
81,2024,4,1.0,poisson_regression,1.7815937201432488
81,2024,5,2.0,poisson_regression,1.5254500359062098
81,2024,6,0.0,poisson_regression,1.588712404561272
81,2024,7,0.0,poisson_regression,1.4942718425941257
81,2024,8,0.0,poisson_regression,1.5807853827768095
81,2024,9,0.0,poisson_regression,1.7334656475757808
81,2024,11,0.0,poisson_regression,1.46554044615726
81,2024,12,0.0,poisson_regression,1.3412420613839744
82,2023,11,0.0,poisson_regression,1.5124380589622186
82,2023,12,0.0,poisson_regression,1.3194057172430782
82,2024,1,1.0,poisson_regression,1.0173429375558973
82,2024,2,0.0,poisson_regression,1.4759909834796223
82,2024,3,0.0,poisson_regression,1.8477791479386751
82,2024,4,0.0,poisson_regression,1.3126521927684922
82,2024,5,1.0,poisson_regression,1.5213514854260628
82,2024,6,0.0,poisson_regression,1.5834601935362491
82,2024,7,1.0,poisson_regression,1.5265457880051343
82,2024,8,0.0,poisson_regression,1.6010003777846058
82,2024,9,0.0,poisson_regression,1.7000576355494819
82,2024,11,0.0,poisson_regression,1.418406014701971
82,2024,12,0.0,poisson_regression,1.303476497164576
83,2023,11,0.0,poisson_regression,1.4576684183643902
83,2023,12,0.0,poisson_regression,1.2707675346262586
83,2024,1,1.0,poisson_regression,0.9885729615043628
83,2024,2,0.0,poisson_regression,1.4005851236361615
83,2024,3,0.0,poisson_regression,2.136216637203199
83,2024,4,0.0,poisson_regression,1.954457949663813
83,2024,5,1.0,poisson_regression,1.3762973332935502
83,2024,6,0.0,poisson_regression,1.462858991383758
83,2024,7,1.0,poisson_regression,1.4698335438278352
83,2024,8,0.0,poisson_regression,1.5292562312304572
83,2024,9,0.0,poisson_regression,1.630102505710193
83,2024,11,0.0,poisson_regression,1.3985927152792665
83,2024,12,0.0,poisson_regression,1.2680992353177156
84,2023,11,0.0,poisson_regression,2.595641591969509
84,2023,12,0.0,poisson_regression,2.1897033241499186
84,2024,1,2.0,poisson_regression,2.016566699028943
84,2024,2,2.0,poisson_regression,2.5595329460454743
84,2024,3,1.0,poisson_regression,2.512120404969541
84,2024,4,0.0,poisson_regression,2.411818133214177
84,2024,5,3.0,poisson_regression,2.73869480582246
84,2024,6,2.0,poisson_regression,2.7033752824325132
84,2024,7,4.0,poisson_regression,2.9015745725584843
84,2024,8,0.0,poisson_regression,3.00139668914243
84,2024,9,3.0,poisson_regression,3.0984372381162055
84,2024,11,4.0,poisson_regression,2.5504924906827324
84,2024,12,0.0,poisson_regression,2.267604567105652
85,2023,11,0.0,poisson_regression,1.627876183951333
85,2023,12,0.0,poisson_regression,1.4124629958417363
85,2024,1,0.0,poisson_regression,1.1656269841967657
85,2024,2,0.0,poisson_regression,1.5274559424662764
85,2024,3,1.0,poisson_regression,1.4465009713264732
85,2024,4,0.0,poisson_regression,1.3129466781877972
85,2024,5,4.0,poisson_regression,1.5213108163526337
85,2024,6,1.0,poisson_regression,1.6052468466403078
85,2024,7,3.0,poisson_regression,1.8342962210068308
85,2024,8,0.0,poisson_regression,1.6832079623707565
85,2024,9,2.0,poisson_regression,1.8123816934300063
85,2024,11,1.0,poisson_regression,1.5520337559460642
85,2024,12,1.0,poisson_regression,1.4021825288956986
86,2023,11,0.0,poisson_regression,1.5557541515863413
86,2023,12,0.0,poisson_regression,1.3560769993643298
86,2024,1,0.0,poisson_regression,1.121123866043765
86,2024,2,1.0,poisson_regression,1.4834986517432993
86,2024,3,2.0,poisson_regression,1.3876059526636342
86,2024,4,0.0,poisson_regression,1.4003106208278386
86,2024,5,4.0,poisson_regression,1.532982449243376
86,2024,6,2.0,poisson_regression,1.4976011558716542
86,2024,7,2.0,poisson_regression,1.4968471493088515
86,2024,8,1.0,poisson_regression,1.577843830458801
86,2024,9,3.0,poisson_regression,1.6757527000318528
86,2024,11,0.0,poisson_regression,1.4640658944010378
86,2024,12,2.0,poisson_regression,1.350518210937326
87,2023,11,2.0,poisson_regression,2.800463189653494
87,2023,12,2.0,poisson_regression,2.5275424190893494
87,2024,1,1.0,poisson_regression,2.0905715260178566
87,2024,2,1.0,poisson_regression,2.8104577070563965
87,2024,3,3.0,poisson_regression,2.7780021860651285
87,2024,4,3.0,poisson_regression,2.6288248035372996
87,2024,5,1.0,poisson_regression,3.228288692680309
87,2024,6,0.0,poisson_regression,3.16925671413207
87,2024,7,3.0,poisson_regression,3.14104740280002
87,2024,8,3.0,poisson_regression,3.437661935496824
87,2024,9,3.0,poisson_regression,3.5244118185845372
87,2024,11,3.0,poisson_regression,2.6993481136980657
87,2024,12,4.0,poisson_regression,2.5243000217921283
88,2023,11,2.0,poisson_regression,1.842661048552147
88,2023,12,0.0,poisson_regression,1.6824827001629192
88,2024,1,0.0,poisson_regression,1.392656637111766
88,2024,2,0.0,poisson_regression,1.8694787578029437
88,2024,3,2.0,poisson_regression,1.8724498531692633
88,2024,4,1.0,poisson_regression,1.780147661836851
88,2024,5,1.0,poisson_regression,2.112794213187733
88,2024,6,1.0,poisson_regression,2.108536886764733
88,2024,7,3.0,poisson_regression,2.156757506808022
88,2024,8,1.0,poisson_regression,2.363987388970291
88,2024,9,0.0,poisson_regression,2.255140427957133
88,2024,11,3.0,poisson_regression,1.7364146940778225
88,2024,12,0.0,poisson_regression,1.5847220815345224
89,2023,11,2.0,poisson_regression,3.1769458386201705
89,2023,12,0.0,poisson_regression,2.8372863408813536
89,2024,1,0.0,poisson_regression,2.388989494196345
89,2024,2,0.0,poisson_regression,3.1257625537300986
89,2024,3,2.0,poisson_regression,3.2561444477556374
89,2024,4,1.0,poisson_regression,3.052057995605702
89,2024,5,1.0,poisson_regression,4.011989388908977
89,2024,6,1.0,poisson_regression,3.7830126274125035
89,2024,7,3.0,poisson_regression,3.7004478558974525
89,2024,8,1.0,poisson_regression,4.147926401905971
89,2024,9,0.0,poisson_regression,4.177717835634629
89,2024,11,3.0,poisson_regression,3.0076038868440036
89,2024,12,0.0,poisson_regression,2.672222964211126
90,2023,11,1.0,poisson_regression,1.749575842736779
90,2023,12,1.0,poisson_regression,1.54866153773414
90,2024,1,0.0,poisson_regression,1.4432461660839366
90,2024,2,0.0,poisson_regression,1.8620924675928767
90,2024,3,0.0,poisson_regression,1.7480102005619298
90,2024,4,0.0,poisson_regression,1.6950452835890626
90,2024,5,0.0,poisson_regression,2.0721478111550233
90,2024,6,1.0,poisson_regression,1.964579609981634
90,2024,7,0.0,poisson_regression,1.9791694409255445
90,2024,8,0.0,poisson_regression,2.0975354824459544
90,2024,9,2.0,poisson_regression,2.140055603572373
90,2024,11,0.0,poisson_regression,1.6506991498948247
90,2024,12,1.0,poisson_regression,1.6551609344470324
91,2023,11,1.0,poisson_regression,1.7297106446039074
91,2023,12,1.0,poisson_regression,1.548345372804134
91,2024,1,0.0,poisson_regression,1.4399722369156072
91,2024,2,0.0,poisson_regression,1.8472043399117497
91,2024,3,0.0,poisson_regression,1.7184570776542747
91,2024,4,0.0,poisson_regression,1.690062515705695
91,2024,5,0.0,poisson_regression,2.0422676476128188
91,2024,6,1.0,poisson_regression,1.9305960648448888
91,2024,7,0.0,poisson_regression,1.9660037025981305
91,2024,8,0.0,poisson_regression,2.124144481880176
91,2024,9,2.0,poisson_regression,2.1179972270450187
91,2024,11,0.0,poisson_regression,1.6477331814585034
91,2024,12,1.0,poisson_regression,1.6608322556180468
92,2023,11,0.0,poisson_regression,1.8910780129937268
92,2023,12,1.0,poisson_regression,1.6787275719143646
92,2024,1,1.0,poisson_regression,1.458951048471172
92,2024,2,0.0,poisson_regression,1.8040040927882277
92,2024,3,0.0,poisson_regression,1.7872249147885382
92,2024,4,0.0,poisson_regression,1.742836260218732
92,2024,5,0.0,poisson_regression,2.0622411521036366
92,2024,6,3.0,poisson_regression,2.059813838976025
92,2024,7,1.0,poisson_regression,2.0158469063594295
92,2024,8,1.0,poisson_regression,2.1905886754091357
92,2024,9,2.0,poisson_regression,2.2535720704217503
92,2024,11,1.0,poisson_regression,1.809335637424309
92,2024,12,0.0,poisson_regression,1.6537720056844094
93,2023,11,0.0,poisson_regression,1.9250996435243817
93,2023,12,1.0,poisson_regression,1.6861173969215004
93,2024,1,1.0,poisson_regression,1.474051748345692
93,2024,2,0.0,poisson_regression,1.8597757311484504
93,2024,3,0.0,poisson_regression,1.8019596160080287
93,2024,4,0.0,poisson_regression,1.8693117870383855
93,2024,5,0.0,poisson_regression,2.172057004013729
93,2024,6,3.0,poisson_regression,2.083693557430264
93,2024,7,1.0,poisson_regression,2.03095032334529
93,2024,8,1.0,poisson_regression,2.2212688868274313
93,2024,9,2.0,poisson_regression,2.293567955632973
93,2024,11,1.0,poisson_regression,1.8252003680784454
93,2024,12,0.0,poisson_regression,1.6466727565779127
94,2023,11,4.0,poisson_regression,1.6030134135204206
94,2023,12,1.0,poisson_regression,1.3848596811223337
94,2024,1,2.0,poisson_regression,1.1776431431992065
94,2024,2,3.0,poisson_regression,1.4933408448521714
94,2024,3,5.0,poisson_regression,1.3496276457567227
94,2024,4,3.0,poisson_regression,1.293143053300364
94,2024,5,0.0,poisson_regression,1.5617883560381507
94,2024,6,2.0,poisson_regression,1.5214102653986088
94,2024,7,0.0,poisson_regression,2.0170149620151587
94,2024,8,5.0,poisson_regression,2.264943317677782
94,2024,9,1.0,poisson_regression,2.2529576108109466
94,2024,11,3.0,poisson_regression,1.7168231803451874
94,2024,12,2.0,poisson_regression,1.8070822444194252
95,2023,11,2.0,poisson_regression,1.9734447885549153
95,2023,12,2.0,poisson_regression,1.717049742260414
95,2024,1,2.0,poisson_regression,1.5449447152326263
95,2024,2,2.0,poisson_regression,1.9203039767559147
95,2024,3,0.0,poisson_regression,1.7582621352412755
95,2024,4,1.0,poisson_regression,1.681627712483708
95,2024,5,3.0,poisson_regression,1.9963033819707467
95,2024,6,2.0,poisson_regression,2.1557339907606106
95,2024,7,1.0,poisson_regression,2.3927862181349577
95,2024,8,4.0,poisson_regression,2.0036615110827514
95,2024,9,2.0,poisson_regression,2.1924011864406423
95,2024,11,2.0,poisson_regression,1.9726881895018265
95,2024,12,2.0,poisson_regression,1.9687621603217353
96,2023,11,2.0,poisson_regression,1.8664259874693705
96,2023,12,2.0,poisson_regression,1.6577823583729632
96,2024,1,2.0,poisson_regression,1.483557583589754
96,2024,2,2.0,poisson_regression,1.864622426448814
96,2024,3,0.0,poisson_regression,1.682643361048238
96,2024,4,1.0,poisson_regression,1.627460002377319
96,2024,5,3.0,poisson_regression,1.9471177666234796
96,2024,6,2.0,poisson_regression,1.9165029680619297
96,2024,7,1.0,poisson_regression,1.9381874948330649
96,2024,8,4.0,poisson_regression,2.0685785687546057
96,2024,9,2.0,poisson_regression,2.123407298714853
96,2024,11,2.0,poisson_regression,1.5234241163190685
96,2024,12,2.0,poisson_regression,2.433849024223569
97,2023,11,1.0,poisson_regression,1.4838424024075387
97,2023,12,0.0,poisson_regression,1.3492388771590038
97,2024,1,1.0,poisson_regression,1.1809309403363337
97,2024,2,1.0,poisson_regression,1.5304315538531759
97,2024,3,1.0,poisson_regression,1.3994411792126333
97,2024,4,0.0,poisson_regression,1.349440039261205
97,2024,5,3.0,poisson_regression,1.6118137076256975
97,2024,6,2.0,poisson_regression,1.508126256740358
97,2024,7,2.0,poisson_regression,1.5568447612053502
97,2024,8,0.0,poisson_regression,1.673483559375307
97,2024,9,1.0,poisson_regression,1.678133528995808
97,2024,11,3.0,poisson_regression,1.4510767198210066
97,2024,12,1.0,poisson_regression,1.2785101468833169
98,2023,11,1.0,poisson_regression,1.5367594498970385
98,2023,12,0.0,poisson_regression,1.3975728986958975
98,2024,1,1.0,poisson_regression,1.2075294915278798
98,2024,2,1.0,poisson_regression,1.5473569827852725
98,2024,3,1.0,poisson_regression,1.442763201499923
98,2024,4,0.0,poisson_regression,1.3833599486624997
98,2024,5,3.0,poisson_regression,1.633196101642354
98,2024,6,2.0,poisson_regression,1.5653319393513916
98,2024,7,2.0,poisson_regression,1.6124220893981807
98,2024,8,0.0,poisson_regression,1.7177745589606797
98,2024,9,1.0,poisson_regression,1.7457350786329233
98,2024,11,3.0,poisson_regression,1.5014194964181504
98,2024,12,1.0,poisson_regression,1.3208878239961626
99,2023,11,5.0,poisson_regression,1.7142430683924783
99,2023,12,2.0,poisson_regression,1.458783041781673
99,2024,1,7.0,poisson_regression,1.2825107174968489
99,2024,2,3.0,poisson_regression,1.6038722721613787
99,2024,3,6.0,poisson_regression,1.443156545869825
99,2024,4,6.0,poisson_regression,1.420763058224081
99,2024,5,7.0,poisson_regression,1.606609534513989
99,2024,6,5.0,poisson_regression,1.5877102176044569
99,2024,7,6.0,poisson_regression,1.5660878838543144
99,2024,8,8.0,poisson_regression,1.6143893977691137
99,2024,9,8.0,poisson_regression,1.7745828758480318
99,2024,11,7.0,poisson_regression,1.391881502607663
99,2024,12,4.0,poisson_regression,1.416502406926645
100,2023,11,5.0,poisson_regression,5.070388480767775
100,2023,12,2.0,poisson_regression,4.484122034197803
100,2024,1,7.0,poisson_regression,3.8423712228456357
100,2024,2,3.0,poisson_regression,5.054186257816524
100,2024,3,6.0,poisson_regression,5.323337920203602
100,2024,4,6.0,poisson_regression,5.017689771091781
100,2024,5,7.0,poisson_regression,6.213482576432927
100,2024,6,5.0,poisson_regression,5.91955247760839
100,2024,7,6.0,poisson_regression,5.743848599461925
100,2024,8,8.0,poisson_regression,5.838821784123816
100,2024,9,8.0,poisson_regression,6.13759211680972
100,2024,11,7.0,poisson_regression,4.7829405971459735
100,2024,12,4.0,poisson_regression,4.558784693681302
101,2023,11,2.0,poisson_regression,2.2590638193372325
101,2023,12,1.0,poisson_regression,2.0660710948984775
101,2024,1,1.0,poisson_regression,1.610552650878247
101,2024,2,1.0,poisson_regression,2.215178758498073
101,2024,3,1.0,poisson_regression,2.165815300134143
101,2024,4,3.0,poisson_regression,2.2020276203580824
101,2024,5,2.0,poisson_regression,2.669865125373972
101,2024,6,0.0,poisson_regression,2.6757123265884717
101,2024,7,0.0,poisson_regression,2.762807038019441
101,2024,8,4.0,poisson_regression,3.0271894704068085
101,2024,9,3.0,poisson_regression,2.7321908826385624
101,2024,11,2.0,poisson_regression,2.265829185903673
101,2024,12,1.0,poisson_regression,2.1119696314193583
102,2023,11,2.0,poisson_regression,2.0101925258450204
102,2023,12,1.0,poisson_regression,1.8389304165107758
102,2024,1,1.0,poisson_regression,1.4507255736370064
102,2024,2,1.0,poisson_regression,1.956977864003981
102,2024,3,1.0,poisson_regression,1.927790817600847
102,2024,4,3.0,poisson_regression,1.868982290783941
102,2024,5,2.0,poisson_regression,2.2568935763031575
102,2024,6,0.0,poisson_regression,2.42201139476529
102,2024,7,0.0,poisson_regression,2.3411060321362456
102,2024,8,4.0,poisson_regression,2.4774289505301024
102,2024,9,3.0,poisson_regression,2.347968478194562
102,2024,11,2.0,poisson_regression,1.918974712034251
102,2024,12,1.0,poisson_regression,1.8452751711386293
103,2023,11,1.0,poisson_regression,1.6510850343360362
103,2023,12,0.0,poisson_regression,1.533103241604607
103,2024,1,0.0,poisson_regression,1.381240388111548
103,2024,2,2.0,poisson_regression,1.7615317145922789
103,2024,3,0.0,poisson_regression,1.6113887536096558
103,2024,4,1.0,poisson_regression,1.5684936259536137
103,2024,5,0.0,poisson_regression,1.9093110840233798
103,2024,6,0.0,poisson_regression,1.805765129036417
103,2024,7,1.0,poisson_regression,1.7847868652516459
103,2024,8,1.0,poisson_regression,1.9725761686890402
103,2024,9,0.0,poisson_regression,1.9625677046197618
103,2024,11,2.0,poisson_regression,1.6121203723975066
103,2024,12,1.0,poisson_regression,1.6101500153212553
104,2023,11,1.0,poisson_regression,1.6611071946768627
104,2023,12,0.0,poisson_regression,1.548605013639765
104,2024,1,0.0,poisson_regression,1.4131702067117473
104,2024,2,2.0,poisson_regression,1.897803379647204
104,2024,3,0.0,poisson_regression,1.6742010265958445
104,2024,4,1.0,poisson_regression,1.6040414269662748
104,2024,5,0.0,poisson_regression,1.9526699724163927
104,2024,6,0.0,poisson_regression,1.8610523291884866
104,2024,7,1.0,poisson_regression,1.8192914827281832
104,2024,8,1.0,poisson_regression,1.990210999569803
104,2024,9,0.0,poisson_regression,1.9906361479901158
104,2024,11,2.0,poisson_regression,1.6175020219036456
104,2024,12,1.0,poisson_regression,1.6107272541425381
105,2023,11,0.0,poisson_regression,1.2633057320958154
105,2023,12,0.0,poisson_regression,1.12890737520194
105,2024,1,0.0,poisson_regression,0.8838405128550127
105,2024,2,1.0,poisson_regression,1.2173118061215034
105,2024,3,0.0,poisson_regression,1.0683913925200075
105,2024,4,0.0,poisson_regression,1.0177384033279162
105,2024,5,0.0,poisson_regression,1.1157234894526062
105,2024,6,1.0,poisson_regression,1.1623858240026423
105,2024,7,0.0,poisson_regression,1.1280418245529251
105,2024,8,0.0,poisson_regression,1.1216781107474998
105,2024,9,0.0,poisson_regression,1.2356970006371564
105,2024,11,1.0,poisson_regression,1.2100400946929837
105,2024,12,0.0,poisson_regression,1.1059451281168104
106,2023,11,0.0,poisson_regression,1.5561798486705256
106,2023,12,0.0,poisson_regression,1.3381147691810251
106,2024,1,0.0,poisson_regression,1.0567490123660288
106,2024,2,1.0,poisson_regression,1.4989354429240793
106,2024,3,0.0,poisson_regression,1.3857628400818136
106,2024,4,0.0,poisson_regression,1.2826948820430315
106,2024,5,0.0,poisson_regression,1.457352438648545
106,2024,6,1.0,poisson_regression,1.4704628664153898
106,2024,7,0.0,poisson_regression,1.4875871251185129
106,2024,8,0.0,poisson_regression,1.522746458243053
106,2024,9,0.0,poisson_regression,1.6073990928495754
106,2024,11,1.0,poisson_regression,1.402339154690567
106,2024,12,0.0,poisson_regression,1.2817028420785421
107,2023,11,12.0,poisson_regression,12.549853496957013
107,2023,12,14.0,poisson_regression,9.92577448887831
107,2024,1,10.0,poisson_regression,7.473650186740495
107,2024,2,7.0,poisson_regression,11.859735839765092
107,2024,3,12.0,poisson_regression,15.309749800031325
107,2024,4,15.0,poisson_regression,12.14086435256911
107,2024,5,14.0,poisson_regression,17.082570591721886
107,2024,6,15.0,poisson_regression,17.450137337391137
107,2024,7,9.0,poisson_regression,16.090166709371307
107,2024,8,10.0,poisson_regression,17.515179444787353
107,2024,9,16.0,poisson_regression,19.564417591723878
107,2024,11,15.0,poisson_regression,12.227056640453734
107,2024,12,8.0,poisson_regression,11.506844347981525
108,2023,11,3.0,poisson_regression,2.849366753715878
108,2023,12,3.0,poisson_regression,2.43974917478886
108,2024,1,3.0,poisson_regression,1.94839325662058
108,2024,2,0.0,poisson_regression,2.765872751171816
108,2024,3,5.0,poisson_regression,2.9155563375101865
108,2024,4,3.0,poisson_regression,2.6881833032709914
108,2024,5,4.0,poisson_regression,3.221857293007928
108,2024,6,5.0,poisson_regression,3.2133964373921153
108,2024,7,2.0,poisson_regression,3.0780126320061414
108,2024,8,1.0,poisson_regression,3.121195778184179
108,2024,9,1.0,poisson_regression,3.564038346191318
108,2024,11,4.0,poisson_regression,2.648005345261656
108,2024,12,2.0,poisson_regression,2.352398312315402
109,2023,11,0.0,poisson_regression,4.119895932063398
109,2023,12,0.0,poisson_regression,3.5923177992883466
109,2024,1,1.0,poisson_regression,2.8263169934635473
109,2024,2,0.0,poisson_regression,3.904334361021992
109,2024,3,2.0,poisson_regression,4.315863495868482
109,2024,4,2.0,poisson_regression,3.8998638212056322
109,2024,5,1.0,poisson_regression,5.39746798088839
109,2024,6,0.0,poisson_regression,5.31122867590368
109,2024,7,0.0,poisson_regression,4.919102216689665
109,2024,8,2.0,poisson_regression,5.673502169182558
109,2024,9,5.0,poisson_regression,5.967811664035553
109,2024,11,1.0,poisson_regression,4.092264405769242
109,2024,12,0.0,poisson_regression,3.6154579671463223
110,2023,11,4.0,poisson_regression,3.229006818065045
110,2023,12,1.0,poisson_regression,2.8323475542584737
110,2024,1,2.0,poisson_regression,2.6989280980397203
110,2024,2,3.0,poisson_regression,3.5392411208206678
110,2024,3,5.0,poisson_regression,3.4884138329134182
110,2024,4,3.0,poisson_regression,3.4605884996018768
110,2024,5,0.0,poisson_regression,4.2015230148213565
110,2024,6,1.0,poisson_regression,4.176304517567067
110,2024,7,0.0,poisson_regression,4.144695285911161
110,2024,8,5.0,poisson_regression,4.317175476762321
110,2024,9,1.0,poisson_regression,4.131774685907564
110,2024,11,3.0,poisson_regression,3.0435464696819508
110,2024,12,2.0,poisson_regression,2.6013607354767347
111,2023,11,2.0,poisson_regression,2.1869581177210144
111,2023,12,0.0,poisson_regression,1.8950718601413328
111,2024,1,2.0,poisson_regression,1.553118253374612
111,2024,2,1.0,poisson_regression,2.2187263654678793
111,2024,3,1.0,poisson_regression,2.2915165533404585
111,2024,4,1.0,poisson_regression,2.0222253846894427
111,2024,5,1.0,poisson_regression,2.62420721810731
111,2024,6,4.0,poisson_regression,2.6364869702859197
111,2024,7,1.0,poisson_regression,2.6934961786037555
111,2024,8,4.0,poisson_regression,2.7328374984239616
111,2024,9,0.0,poisson_regression,2.7925298796647686
111,2024,11,1.0,poisson_regression,2.2170096051830837
111,2024,12,0.0,poisson_regression,1.8619323340720424
112,2023,11,0.0,poisson_regression,2.802948021966389
112,2023,12,1.0,poisson_regression,2.3662475884130663
112,2024,1,1.0,poisson_regression,2.1124333810997116
112,2024,2,2.0,poisson_regression,2.7407981306234923
112,2024,3,1.0,poisson_regression,2.6548107910880834
112,2024,4,2.0,poisson_regression,2.5750302822988007
112,2024,5,2.0,poisson_regression,3.0633859195319406
112,2024,6,0.0,poisson_regression,3.0000614586714427
112,2024,7,0.0,poisson_regression,3.1704534266045115
112,2024,8,3.0,poisson_regression,3.4722514200821175
112,2024,9,1.0,poisson_regression,3.3171658675236126
112,2024,11,0.0,poisson_regression,2.6098615039100963
112,2024,12,1.0,poisson_regression,2.1838751484985295
113,2023,11,0.0,poisson_regression,1.8677182421012095
113,2023,12,0.0,poisson_regression,1.6287863304691999
113,2024,1,0.0,poisson_regression,1.3785146833057722
113,2024,2,1.0,poisson_regression,1.8356920039933988
113,2024,3,0.0,poisson_regression,1.8068359715175415
113,2024,4,1.0,poisson_regression,1.7698047659238405
113,2024,5,0.0,poisson_regression,1.9858510766542399
113,2024,6,0.0,poisson_regression,1.9985733051226457
113,2024,7,1.0,poisson_regression,2.0129170123635567
113,2024,8,1.0,poisson_regression,2.3053096918901064
113,2024,9,1.0,poisson_regression,2.196158581173304
113,2024,11,1.0,poisson_regression,1.7465104702096343
113,2024,12,1.0,poisson_regression,1.5561197793551529
114,2023,11,0.0,poisson_regression,1.3303965478021698
114,2023,12,0.0,poisson_regression,1.1406184899023781
114,2024,1,0.0,poisson_regression,1.0164293769087174
114,2024,2,1.0,poisson_regression,1.2837954396831246
114,2024,3,0.0,poisson_regression,1.1465212942749632
114,2024,4,1.0,poisson_regression,1.1702238178396993
114,2024,5,0.0,poisson_regression,1.1882530625555998
114,2024,6,0.0,poisson_regression,1.1800381431496967
114,2024,7,1.0,poisson_regression,1.2344616549358205
114,2024,8,1.0,poisson_regression,1.2634365785917736
114,2024,9,1.0,poisson_regression,1.3475989499869923
114,2024,11,1.0,poisson_regression,1.1615111099930848
114,2024,12,1.0,poisson_regression,1.0990996246025295
115,2023,11,0.0,poisson_regression,2.9715744949259344
115,2023,12,1.0,poisson_regression,2.520620917858105
115,2024,1,1.0,poisson_regression,2.327449164910241
115,2024,2,1.0,poisson_regression,2.891409451233285
115,2024,3,2.0,poisson_regression,2.857560569149257
115,2024,4,3.0,poisson_regression,2.7801016195859227
115,2024,5,0.0,poisson_regression,3.5007360531244167
115,2024,6,1.0,poisson_regression,3.360877032326436
115,2024,7,0.0,poisson_regression,3.6264281184051876
115,2024,8,2.0,poisson_regression,3.8374790862773747
115,2024,9,0.0,poisson_regression,3.775871017299498
115,2024,11,1.0,poisson_regression,2.798877716192989
115,2024,12,1.0,poisson_regression,2.558473278029386
116,2023,11,0.0,poisson_regression,1.88219382214493
116,2023,12,0.0,poisson_regression,1.636215721312009
116,2024,1,1.0,poisson_regression,1.5156311358521333
116,2024,2,1.0,poisson_regression,1.6779971381856158
116,2024,3,2.0,poisson_regression,1.7697085940345112
116,2024,4,0.0,poisson_regression,1.6985182226643365
116,2024,5,3.0,poisson_regression,1.9549681181510834
116,2024,6,0.0,poisson_regression,1.8736424110273282
116,2024,7,1.0,poisson_regression,1.8757296886127235
116,2024,8,1.0,poisson_regression,1.9375858876061205
116,2024,9,2.0,poisson_regression,2.0640151457990825
116,2024,11,1.0,poisson_regression,1.659422230535787
116,2024,12,0.0,poisson_regression,1.4964834086259111
117,2023,11,0.0,poisson_regression,1.8953553455048582
117,2023,12,0.0,poisson_regression,1.6573171564558793
117,2024,1,1.0,poisson_regression,1.5392188971293257
117,2024,2,1.0,poisson_regression,1.716737284484531
117,2024,3,2.0,poisson_regression,1.7738221971203918
117,2024,4,0.0,poisson_regression,1.783299430374462
117,2024,5,3.0,poisson_regression,2.045333247072782
117,2024,6,0.0,poisson_regression,2.1005722780133165
117,2024,7,1.0,poisson_regression,2.142659871586073
117,2024,8,1.0,poisson_regression,2.236001036842792
117,2024,9,2.0,poisson_regression,2.2673554093468553
117,2024,11,1.0,poisson_regression,1.7564312482809112
117,2024,12,0.0,poisson_regression,1.5891885646290735
118,2023,11,8.0,poisson_regression,3.9113798389110377
118,2023,12,5.0,poisson_regression,3.3499343919281026
118,2024,1,5.0,poisson_regression,2.863732767770698
118,2024,2,9.0,poisson_regression,3.555974257402927
118,2024,3,6.0,poisson_regression,3.543571548077366
118,2024,4,6.0,poisson_regression,3.27681298736102
118,2024,5,6.0,poisson_regression,3.749333463083517
118,2024,6,14.0,poisson_regression,3.7902848440415124
118,2024,7,6.0,poisson_regression,3.7746192786759645
118,2024,8,5.0,poisson_regression,3.7552561690817714
118,2024,9,4.0,poisson_regression,4.169069216393624
118,2024,11,7.0,poisson_regression,3.6336855301224866
118,2024,12,3.0,poisson_regression,3.0083648819879607
119,2023,11,8.0,poisson_regression,1.1769381087315038
119,2023,12,5.0,poisson_regression,1.0519926231945613
119,2024,1,5.0,poisson_regression,0.9346807015860763
119,2024,2,9.0,poisson_regression,1.1122431748951478
119,2024,3,5.0,poisson_regression,0.9970620491242295
119,2024,4,5.0,poisson_regression,0.9966472027341079
119,2024,5,6.0,poisson_regression,1.0434304598566964
119,2024,6,14.0,poisson_regression,1.0038503710364652
119,2024,7,6.0,poisson_regression,1.033802143133269
119,2024,8,5.0,poisson_regression,1.0494447426087823
119,2024,9,5.0,poisson_regression,1.1263144779128873
119,2024,11,7.0,poisson_regression,3.5449698604991426
119,2024,12,3.0,poisson_regression,3.2581141372206766
120,2023,11,4.0,poisson_regression,1.3403720711539997
120,2023,12,1.0,poisson_regression,1.194762323771782
120,2024,1,4.0,poisson_regression,1.1005600111229552
120,2024,2,0.0,poisson_regression,1.3042710813564753
120,2024,3,4.0,poisson_regression,1.2898149160851569
120,2024,4,3.0,poisson_regression,1.2656698769346146
120,2024,5,4.0,poisson_regression,1.4465289758496633
120,2024,6,4.0,poisson_regression,1.445035182439579
120,2024,7,1.0,poisson_regression,1.4938833016349484
120,2024,8,3.0,poisson_regression,1.5771424853865972
120,2024,9,4.0,poisson_regression,1.550365480812574
120,2024,11,1.0,poisson_regression,1.2772528411404107
120,2024,12,2.0,poisson_regression,1.144286310716558
121,2023,11,4.0,poisson_regression,2.076058536559287
121,2023,12,1.0,poisson_regression,1.832237002100823
121,2024,1,3.0,poisson_regression,1.6699239840157931
121,2024,2,0.0,poisson_regression,2.030165482512634
121,2024,3,3.0,poisson_regression,2.123981486168228
121,2024,4,3.0,poisson_regression,1.9821710393196548
121,2024,5,4.0,poisson_regression,2.339078248577678
121,2024,6,4.0,poisson_regression,2.2581802954788888
121,2024,7,0.0,poisson_regression,2.180216739924747
121,2024,8,3.0,poisson_regression,2.5267243486172393
121,2024,9,4.0,poisson_regression,2.549307094056681
121,2024,11,1.0,poisson_regression,2.038993106235724
121,2024,12,2.0,poisson_regression,1.7273190693522291
122,2023,11,5.0,poisson_regression,4.159802104452959
122,2023,12,4.0,poisson_regression,3.4448339183032783
122,2024,1,4.0,poisson_regression,3.4344953483950937
122,2024,2,2.0,poisson_regression,3.8348201728464355
122,2024,3,5.0,poisson_regression,4.301731204858199
122,2024,4,5.0,poisson_regression,3.757032822988682
122,2024,5,6.0,poisson_regression,5.331484465172567
122,2024,6,6.0,poisson_regression,5.3522395313973865
122,2024,7,9.0,poisson_regression,4.688830876374699
122,2024,8,2.0,poisson_regression,2.021286262884477
122,2024,9,4.0,poisson_regression,1.1930109375915596
122,2024,11,3.0,poisson_regression,1.1011587246759895
122,2024,12,4.0,poisson_regression,1.0341379357458969
123,2024,11,2.0,poisson_regression,2.651684647584453
123,2024,12,0.0,poisson_regression,2.9416949167105573
124,2023,11,3.0,poisson_regression,1.2928608905187635
124,2023,12,1.0,poisson_regression,0.892064841606949
124,2024,1,1.0,poisson_regression,0.7937237016356385
124,2024,2,1.0,poisson_regression,0.9684447522156774
124,2024,3,3.0,poisson_regression,0.8368409978959961
124,2024,4,3.0,poisson_regression,0.8285045528336703
124,2024,5,0.0,poisson_regression,0.924156898576736
124,2024,6,0.0,poisson_regression,0.8688966426766358
124,2024,7,1.0,poisson_regression,0.8891428188027719
124,2024,8,1.0,poisson_regression,1.032488472980209
124,2024,11,2.0,poisson_regression,2.6428026603371624
124,2024,12,0.0,poisson_regression,2.9318415215266898
125,2023,11,5.0,poisson_regression,3.225986336379048
125,2023,12,4.0,poisson_regression,2.8058418464550363
125,2024,1,4.0,poisson_regression,2.640589589883459
125,2024,2,2.0,poisson_regression,3.0823893075851605
125,2024,3,5.0,poisson_regression,3.3202477290101475
125,2024,4,5.0,poisson_regression,3.0058236620265837
125,2024,5,6.0,poisson_regression,3.8224171135512064
125,2024,6,6.0,poisson_regression,3.757468243747126
125,2024,7,9.0,poisson_regression,3.416631365865355
125,2024,8,2.0,poisson_regression,6.131996899820868
125,2024,9,4.0,poisson_regression,8.672460511200528
125,2024,11,3.0,poisson_regression,6.058569230346357
125,2024,12,4.0,poisson_regression,4.904605383698797
126,2023,11,1.0,poisson_regression,2.458616399738788
126,2023,12,3.0,poisson_regression,2.1286967552551084
126,2024,1,4.0,poisson_regression,1.988654024628116
126,2024,2,1.0,poisson_regression,2.409050130408237
126,2024,3,3.0,poisson_regression,2.471500733262647
126,2024,4,4.0,poisson_regression,2.3984989735108866
126,2024,5,5.0,poisson_regression,2.828145000166718
126,2024,6,4.0,poisson_regression,2.8744165246304028
126,2024,7,2.0,poisson_regression,2.8244160159897898
126,2024,8,0.0,poisson_regression,3.011136494285188
126,2024,9,3.0,poisson_regression,3.1054393171562342
126,2024,11,2.0,poisson_regression,2.4309032732873788
126,2024,12,2.0,poisson_regression,2.1213716203221535
127,2023,11,0.0,poisson_regression,2.3288718108433857
127,2023,12,1.0,poisson_regression,1.9585468440924723
127,2024,1,1.0,poisson_regression,1.7762182031356863
127,2024,2,2.0,poisson_regression,2.347646242302076
127,2024,3,1.0,poisson_regression,2.2523316924335766
127,2024,4,2.0,poisson_regression,2.1441960837807863
127,2024,5,2.0,poisson_regression,2.7065907168619083
127,2024,6,0.0,poisson_regression,2.5296537097113805
127,2024,7,0.0,poisson_regression,2.7590240902250924
127,2024,8,3.0,poisson_regression,2.898173781768495
127,2024,9,1.0,poisson_regression,2.8267031724320337
127,2024,11,0.0,poisson_regression,2.2542466362636118
127,2024,12,1.0,poisson_regression,1.826118326767025
128,2023,11,3.0,poisson_regression,1.7295072020228068
128,2023,12,2.0,poisson_regression,1.555208117126085
128,2024,1,5.0,poisson_regression,1.4279212238019576
128,2024,2,3.0,poisson_regression,1.6718751929441302
128,2024,3,4.0,poisson_regression,1.621264239595869
128,2024,4,4.0,poisson_regression,1.5426554092782478
128,2024,5,10.0,poisson_regression,1.7858514862649104
128,2024,6,9.0,poisson_regression,1.7086102425512015
128,2024,7,6.0,poisson_regression,1.7020618490472432
128,2024,8,5.0,poisson_regression,1.88979487839433
128,2024,9,5.0,poisson_regression,1.9106286331658628
128,2024,11,5.0,poisson_regression,1.662231415563998
128,2024,12,1.0,poisson_regression,1.5270361445234297
129,2023,11,3.0,poisson_regression,1.6497793337828868
129,2023,12,2.0,poisson_regression,1.4581360545673436
129,2024,1,5.0,poisson_regression,1.3480302591525741
129,2024,2,3.0,poisson_regression,1.5629738070397623
129,2024,3,4.0,poisson_regression,1.5258536063377874
129,2024,4,4.0,poisson_regression,1.480891441278852
129,2024,5,10.0,poisson_regression,1.6878378668471195
129,2024,6,9.0,poisson_regression,1.593273119622809
129,2024,7,6.0,poisson_regression,1.6450136387703103
129,2024,8,5.0,poisson_regression,1.8677694837435725
129,2024,9,5.0,poisson_regression,1.7929112873274562
129,2024,11,5.0,poisson_regression,1.5935445973721232
129,2024,12,1.0,poisson_regression,1.4532887823158775
131,2023,11,0.0,poisson_regression,1.846771282726988
131,2023,12,0.0,poisson_regression,1.5952471245497806
131,2024,1,0.0,poisson_regression,1.3575195200891883
131,2024,2,0.0,poisson_regression,1.8027236965052587
131,2024,3,1.0,poisson_regression,1.7637510575419382
131,2024,4,0.0,poisson_regression,1.8384672838705787
131,2024,5,1.0,poisson_regression,2.125752872859207
131,2024,6,0.0,poisson_regression,2.0718060215949095
131,2024,7,0.0,poisson_regression,2.2478100403766765
131,2024,8,0.0,poisson_regression,2.425434968301246
131,2024,9,0.0,poisson_regression,2.2575293122415143
131,2024,11,1.0,poisson_regression,1.7013177114072178
131,2024,12,0.0,poisson_regression,1.4890908139394883
132,2023,11,1.0,poisson_regression,1.4794118606558668
132,2023,12,0.0,poisson_regression,1.347010753315574
132,2024,1,1.0,poisson_regression,1.18735405052891
132,2024,2,0.0,poisson_regression,1.5083382777582552
132,2024,3,1.0,poisson_regression,1.405362954735082
132,2024,4,1.0,poisson_regression,1.3821950402973213
132,2024,5,2.0,poisson_regression,1.6679484506264777
132,2024,6,0.0,poisson_regression,1.5936583002277664
132,2024,7,2.0,poisson_regression,1.6333139105154737
132,2024,8,0.0,poisson_regression,1.7286404489484268
132,2024,9,1.0,poisson_regression,1.7775564683787546
132,2024,11,0.0,poisson_regression,1.3918332904207757
132,2024,12,1.0,poisson_regression,1.2881557682748257
133,2023,11,1.0,poisson_regression,1.3696250441580409
133,2023,12,0.0,poisson_regression,1.2159032833870584
133,2024,1,1.0,poisson_regression,1.0907622893210482
133,2024,2,0.0,poisson_regression,1.37036356724096
133,2024,3,1.0,poisson_regression,1.247637988291567
133,2024,4,1.0,poisson_regression,1.2223524770433298
133,2024,5,2.0,poisson_regression,1.4788116995707126
133,2024,6,0.0,poisson_regression,1.4109809856443278
133,2024,7,2.0,poisson_regression,1.4499908429414707
133,2024,8,0.0,poisson_regression,1.5085091020449062
133,2024,9,1.0,poisson_regression,1.6001794742290656
133,2024,11,0.0,poisson_regression,1.2832663902900456
133,2024,12,1.0,poisson_regression,1.195510228173273
134,2023,11,1.0,poisson_regression,2.040249665001008
134,2023,12,0.0,poisson_regression,1.9098302031594587
134,2024,1,0.0,poisson_regression,1.678892237693641
134,2024,2,0.0,poisson_regression,2.09308035089211
134,2024,3,1.0,poisson_regression,1.9102758481573374
134,2024,4,0.0,poisson_regression,2.0006120961842297
134,2024,5,1.0,poisson_regression,2.3385113384336855
134,2024,6,0.0,poisson_regression,2.2855645985148727
134,2024,7,0.0,poisson_regression,2.225776520243458
134,2024,8,4.0,poisson_regression,2.3341332068707965
134,2024,9,0.0,poisson_regression,2.5030724440798875
134,2024,11,3.0,poisson_regression,1.977205495260358
134,2024,12,2.0,poisson_regression,1.8417924905922576
135,2023,11,1.0,poisson_regression,1.7854257440758465
135,2023,12,0.0,poisson_regression,1.6454974266986584
135,2024,1,0.0,poisson_regression,1.4327088926442906
135,2024,2,0.0,poisson_regression,1.7770971166603469
135,2024,3,1.0,poisson_regression,1.557462203192064
135,2024,4,0.0,poisson_regression,1.63333852329462
135,2024,5,1.0,poisson_regression,1.93949975962459
135,2024,6,0.0,poisson_regression,1.8612562649096476
135,2024,7,0.0,poisson_regression,1.8663075252576649
135,2024,8,4.0,poisson_regression,1.9105827910515947
135,2024,9,0.0,poisson_regression,2.027401493854058
135,2024,11,3.0,poisson_regression,1.6753200944112845
135,2024,12,2.0,poisson_regression,1.575389618986821
136,2023,11,2.0,poisson_regression,1.9701300738836722
136,2023,12,0.0,poisson_regression,1.60689596463928
136,2024,1,5.0,poisson_regression,1.5689379497132694
136,2024,2,3.0,poisson_regression,1.9622933640831077
136,2024,3,4.0,poisson_regression,1.810021973858886
136,2024,4,1.0,poisson_regression,1.6024168622531796
136,2024,5,1.0,poisson_regression,1.859894980876029
136,2024,6,0.0,poisson_regression,1.877386905946852
136,2024,7,4.0,poisson_regression,1.784773652241998
136,2024,8,2.0,poisson_regression,1.8461714633793067
136,2024,9,7.0,poisson_regression,2.250080027950653
136,2024,11,2.0,poisson_regression,1.7572864746467454
136,2024,12,3.0,poisson_regression,1.426102281237414
137,2023,11,3.0,poisson_regression,4.5878500583353485
137,2023,12,3.0,poisson_regression,4.034008914057732
137,2024,1,4.0,poisson_regression,2.999668268124759
137,2024,2,1.0,poisson_regression,4.3095906738968965
137,2024,3,3.0,poisson_regression,5.228007156010369
137,2024,4,6.0,poisson_regression,4.447475657995884
137,2024,5,7.0,poisson_regression,6.13856193738899
137,2024,6,8.0,poisson_regression,5.884102386279399
137,2024,7,3.0,poisson_regression,6.23755711003272
137,2024,8,3.0,poisson_regression,10.758183187427727
137,2024,9,9.0,poisson_regression,8.079407259619366
137,2024,11,9.0,poisson_regression,4.777658432883791
137,2024,12,2.0,poisson_regression,4.230085509286746
138,2023,11,3.0,poisson_regression,3.8308249387435986
138,2023,12,3.0,poisson_regression,3.4454539394280213
138,2024,1,4.0,poisson_regression,2.6268599966644026
138,2024,2,1.0,poisson_regression,3.594127219243023
138,2024,3,3.0,poisson_regression,3.9091844851572706
138,2024,4,6.0,poisson_regression,3.463650902507002
138,2024,5,7.0,poisson_regression,4.543222145252771
138,2024,6,8.0,poisson_regression,4.349604291051851
138,2024,7,3.0,poisson_regression,4.4088228637744225
138,2024,8,3.0,poisson_regression,5.529362839118137
138,2024,9,9.0,poisson_regression,5.313821280691222
138,2024,11,9.0,poisson_regression,3.705518330672983
138,2024,12,2.0,poisson_regression,3.3552916928532945
139,2023,11,1.0,poisson_regression,1.641394430687778
139,2023,12,1.0,poisson_regression,1.4781726697310216
139,2024,1,1.0,poisson_regression,1.0328192435916124
139,2024,2,2.0,poisson_regression,1.4713484016376912
139,2024,3,1.0,poisson_regression,1.7755538752148619
139,2024,4,2.0,poisson_regression,1.7040101565600165
139,2024,5,2.0,poisson_regression,2.2885800350749586
139,2024,6,0.0,poisson_regression,2.111322168633809
139,2024,7,1.0,poisson_regression,2.4893167230170845
139,2024,8,1.0,poisson_regression,2.692531075157307
139,2024,9,1.0,poisson_regression,2.335736176228434
139,2024,11,0.0,poisson_regression,1.6933019540889243
139,2024,12,0.0,poisson_regression,1.4334312380781895
140,2023,11,4.0,poisson_regression,4.190543585961611
140,2023,12,7.0,poisson_regression,3.94852809785503
140,2024,1,4.0,poisson_regression,2.7395598406188237
140,2024,2,1.0,poisson_regression,3.8327699718951314
140,2024,3,3.0,poisson_regression,4.22674856760141
140,2024,4,6.0,poisson_regression,3.6013563817534155
140,2024,5,7.0,poisson_regression,4.985375863520189
140,2024,6,10.0,poisson_regression,4.767539139706889
140,2024,7,3.0,poisson_regression,7.64215474716743
140,2024,8,1.0,poisson_regression,5.7441763504106
140,2024,9,9.0,poisson_regression,6.220986380180794
140,2024,11,9.0,poisson_regression,4.2734492695220805
140,2024,12,2.0,poisson_regression,3.8093002892982084
142,2023,11,8.0,poisson_regression,3.6552341968933257
143,2023,12,6.0,poisson_regression,9.985135290747778
143,2024,1,7.0,poisson_regression,8.242578510893386
143,2024,2,6.0,poisson_regression,11.42847292063933
143,2024,3,9.0,poisson_regression,13.455627750739676
143,2024,4,6.0,poisson_regression,11.12243453048627
143,2024,5,11.0,poisson_regression,15.885663913808768
143,2024,6,13.0,poisson_regression,15.36482868612662
143,2024,7,4.0,poisson_regression,12.734318837842004
143,2024,8,7.0,poisson_regression,14.939525383550048
143,2024,9,11.0,poisson_regression,19.491773845734983
143,2024,11,7.0,poisson_regression,13.77424769105884
143,2024,12,6.0,poisson_regression,11.583771985749618
144,2024,1,11.0,poisson_regression,2.164511678891585
1,2023,11,3.0,random_forest_regressor,2.291902477152477
1,2023,12,0.0,random_forest_regressor,1.9139365079365078
1,2024,1,2.0,random_forest_regressor,1.8203968253968252
1,2024,2,0.0,random_forest_regressor,2.8139620009620008
1,2024,3,2.0,random_forest_regressor,2.088857142857142
1,2024,4,0.0,random_forest_regressor,2.2482513227513223
1,2024,5,1.0,random_forest_regressor,3.0864563492063466
1,2024,6,4.0,random_forest_regressor,3.394654761904762
1,2024,7,0.0,random_forest_regressor,2.77026984126984
1,2024,8,4.0,random_forest_regressor,3.247109307359307
1,2024,9,5.0,random_forest_regressor,2.949039682539683
1,2024,11,0.0,random_forest_regressor,1.7805198412698409
1,2024,12,1.0,random_forest_regressor,1.5820833333333328
2,2023,11,6.0,random_forest_regressor,5.6764880952380965
2,2023,12,5.0,random_forest_regressor,4.715686507936513
2,2024,1,3.0,random_forest_regressor,3.7066428571428576
2,2024,2,4.0,random_forest_regressor,5.963985449735452
2,2024,3,4.0,random_forest_regressor,4.82017724867725
2,2024,4,3.0,random_forest_regressor,4.530033068783067
2,2024,5,5.0,random_forest_regressor,7.555212962962961
2,2024,6,4.0,random_forest_regressor,6.164674603174605
2,2024,7,2.0,random_forest_regressor,6.1958650793650785
2,2024,8,2.0,random_forest_regressor,5.865067460317458
2,2024,9,6.0,random_forest_regressor,7.728784391534391
2,2024,11,3.0,random_forest_regressor,6.67667724867725
2,2024,12,2.0,random_forest_regressor,3.3184539442039447
3,2023,11,6.0,random_forest_regressor,5.543661375661375
3,2023,12,5.0,random_forest_regressor,4.450502645502644
3,2024,1,3.0,random_forest_regressor,4.475876984126985
3,2024,2,4.0,random_forest_regressor,7.674353174603175
3,2024,3,4.0,random_forest_regressor,4.9290753968253975
3,2024,4,3.0,random_forest_regressor,5.368535714285716
3,2024,5,5.0,random_forest_regressor,5.185301587301588
3,2024,6,4.0,random_forest_regressor,5.308043650793652
3,2024,7,2.0,random_forest_regressor,5.219952380952378
3,2024,8,2.0,random_forest_regressor,8.134322751322753
3,2024,9,6.0,random_forest_regressor,9.505674603174604
3,2024,11,3.0,random_forest_regressor,8.261408730158733
3,2024,12,2.0,random_forest_regressor,8.40855687830688
4,2023,11,0.0,random_forest_regressor,0.33238888888888896
4,2023,12,0.0,random_forest_regressor,0.3310833333333333
4,2024,1,0.0,random_forest_regressor,0.20916666666666664
4,2024,2,0.0,random_forest_regressor,0.49041666666666656
4,2024,3,1.0,random_forest_regressor,0.36639682539682544
4,2024,4,1.0,random_forest_regressor,0.3172222222222222
4,2024,5,0.0,random_forest_regressor,0.820452380952381
4,2024,6,0.0,random_forest_regressor,0.4326111111111112
4,2024,7,0.0,random_forest_regressor,0.5277777777777778
4,2024,8,3.0,random_forest_regressor,1.3260039682539684
4,2024,9,4.0,random_forest_regressor,0.8296785714285716
4,2024,11,1.0,random_forest_regressor,0.5343174603174602
4,2024,12,0.0,random_forest_regressor,0.35021825396825407
5,2023,11,0.0,random_forest_regressor,0.3296111111111112
5,2023,12,0.0,random_forest_regressor,0.3078888888888889
5,2024,1,0.0,random_forest_regressor,0.3017222222222223
5,2024,2,0.0,random_forest_regressor,0.4635238095238096
5,2024,3,1.0,random_forest_regressor,0.35281746031746036
5,2024,4,1.0,random_forest_regressor,0.30363492063492065
5,2024,5,0.0,random_forest_regressor,0.8665079365079366
5,2024,6,0.0,random_forest_regressor,0.7499285714285713
5,2024,7,0.0,random_forest_regressor,0.7325555555555552
5,2024,8,3.0,random_forest_regressor,1.519484126984127
5,2024,9,4.0,random_forest_regressor,1.1852301587301595
5,2024,11,1.0,random_forest_regressor,0.5544444444444444
5,2024,12,0.0,random_forest_regressor,0.3238849206349207
6,2023,11,0.0,random_forest_regressor,1.8829735449735456
6,2023,12,3.0,random_forest_regressor,2.311688672438673
6,2024,1,3.0,random_forest_regressor,2.23277380952381
6,2024,2,5.0,random_forest_regressor,2.2626243386243385
6,2024,3,1.0,random_forest_regressor,2.893981481481482
6,2024,4,2.0,random_forest_regressor,2.2206243386243383
6,2024,5,3.0,random_forest_regressor,3.235489417989418
6,2024,6,3.0,random_forest_regressor,2.6576243386243386
6,2024,7,5.0,random_forest_regressor,1.929921957671958
6,2024,8,7.0,random_forest_regressor,2.4168685666185676
6,2024,9,2.0,random_forest_regressor,2.8715793650793646
6,2024,11,2.0,random_forest_regressor,2.5543862433862436
6,2024,12,3.0,random_forest_regressor,1.8768571428571434
7,2023,11,0.0,random_forest_regressor,2.3233773448773447
7,2023,12,3.0,random_forest_regressor,1.9752777777777772
7,2024,1,3.0,random_forest_regressor,1.5519722222222223
7,2024,2,5.0,random_forest_regressor,4.87523015873016
7,2024,3,1.0,random_forest_regressor,2.453944444444444
7,2024,4,2.0,random_forest_regressor,2.333777777777777
7,2024,5,3.0,random_forest_regressor,2.946603174603176
7,2024,6,3.0,random_forest_regressor,2.579420634920636
7,2024,7,5.0,random_forest_regressor,2.311492063492063
7,2024,8,7.0,random_forest_regressor,1.9832407407407413
7,2024,9,2.0,random_forest_regressor,2.919357142857144
7,2024,11,2.0,random_forest_regressor,2.854218253968253
7,2024,12,3.0,random_forest_regressor,1.6399523809523808
8,2023,11,3.0,random_forest_regressor,1.1577936507936508
8,2023,12,2.0,random_forest_regressor,0.8098809523809526
8,2024,1,1.0,random_forest_regressor,0.6554444444444446
8,2024,2,1.0,random_forest_regressor,1.350866402116402
8,2024,3,2.0,random_forest_regressor,1.586833333333334
8,2024,4,1.0,random_forest_regressor,2.1077830687830694
8,2024,5,1.0,random_forest_regressor,2.8919814814814813
8,2024,6,2.0,random_forest_regressor,2.565888888888888
8,2024,7,0.0,random_forest_regressor,1.6452579365079367
8,2024,8,4.0,random_forest_regressor,1.7755939153439153
8,2024,9,0.0,random_forest_regressor,3.0345793650793653
8,2024,11,1.0,random_forest_regressor,1.9832976190476184
8,2024,12,3.0,random_forest_regressor,0.7446071428571428
9,2023,11,4.0,random_forest_regressor,1.2789682539682539
9,2023,12,2.0,random_forest_regressor,1.1704722222222217
9,2024,1,1.0,random_forest_regressor,1.0079219576719576
9,2024,2,1.0,random_forest_regressor,1.5387301587301587
9,2024,3,2.0,random_forest_regressor,1.5277619047619044
9,2024,4,1.0,random_forest_regressor,1.16684126984127
9,2024,5,1.0,random_forest_regressor,2.399277777777778
9,2024,6,2.0,random_forest_regressor,3.4004404761904756
9,2024,7,0.0,random_forest_regressor,1.7403928571428575
9,2024,8,4.0,random_forest_regressor,1.7779484126984126
9,2024,9,0.0,random_forest_regressor,3.0097010582010584
9,2024,11,1.0,random_forest_regressor,1.9512698412698413
9,2024,12,2.0,random_forest_regressor,1.452593915343915
10,2023,11,8.0,random_forest_regressor,5.4008095238095235
10,2023,12,0.0,random_forest_regressor,5.441060846560847
10,2024,1,8.0,random_forest_regressor,4.732929894179895
10,2024,2,6.0,random_forest_regressor,6.836996031746032
10,2024,3,7.0,random_forest_regressor,5.415201058201057
10,2024,4,3.0,random_forest_regressor,5.404582010582012
10,2024,5,4.0,random_forest_regressor,6.059944444444444
10,2024,6,7.0,random_forest_regressor,7.72976984126984
10,2024,7,3.0,random_forest_regressor,5.263661375661374
10,2024,8,1.0,random_forest_regressor,5.5162698412698425
10,2024,9,4.0,random_forest_regressor,6.1923730158730175
10,2024,11,3.0,random_forest_regressor,5.4086428571428575
10,2024,12,5.0,random_forest_regressor,5.058723544973545
11,2023,11,8.0,random_forest_regressor,5.958404761904761
11,2023,12,0.0,random_forest_regressor,5.3215965608465625
11,2024,1,8.0,random_forest_regressor,4.7810132275132275
11,2024,2,5.0,random_forest_regressor,6.596253968253969
11,2024,3,8.0,random_forest_regressor,6.5667777777777765
11,2024,4,4.0,random_forest_regressor,5.976515873015872
11,2024,5,5.0,random_forest_regressor,7.099000000000003
11,2024,6,7.0,random_forest_regressor,7.19638888888889
11,2024,7,3.0,random_forest_regressor,5.839420634920636
11,2024,8,1.0,random_forest_regressor,6.025071428571431
11,2024,9,4.0,random_forest_regressor,7.492111111111111
11,2024,11,3.0,random_forest_regressor,6.366650793650791
11,2024,12,5.0,random_forest_regressor,5.118648148148149
12,2024,8,0.0,random_forest_regressor,4.3435873015873
12,2024,9,2.0,random_forest_regressor,6.065067460317462
12,2024,11,2.0,random_forest_regressor,6.862257936507936
12,2024,12,1.0,random_forest_regressor,6.080440476190477
13,2023,11,18.0,random_forest_regressor,13.03489947089947
13,2023,12,10.0,random_forest_regressor,8.635142857142858
13,2024,1,10.0,random_forest_regressor,9.512480158730154
13,2024,2,8.0,random_forest_regressor,13.85451984126984
13,2024,3,15.0,random_forest_regressor,12.564420634920632
13,2024,4,11.0,random_forest_regressor,12.680124338624339
13,2024,5,10.0,random_forest_regressor,14.124111111111112
13,2024,6,8.0,random_forest_regressor,11.53152380952381
13,2024,7,12.0,random_forest_regressor,10.412087301587302
13,2024,8,7.0,random_forest_regressor,10.741068783068783
13,2024,9,12.0,random_forest_regressor,12.976607142857146
13,2024,11,14.0,random_forest_regressor,13.706144179894178
13,2024,12,11.0,random_forest_regressor,10.50351984126984
14,2023,11,2.0,random_forest_regressor,3.289149470899471
14,2023,12,1.0,random_forest_regressor,2.640874338624338
14,2024,1,2.0,random_forest_regressor,1.9289880952380944
14,2024,2,0.0,random_forest_regressor,3.6282261904761905
14,2024,3,3.0,random_forest_regressor,4.4300952380952365
14,2024,4,3.0,random_forest_regressor,3.9771785714285723
14,2024,5,7.0,random_forest_regressor,4.889477513227512
14,2024,6,9.0,random_forest_regressor,4.978960317460319
14,2024,7,4.0,random_forest_regressor,4.46424603174603
14,2024,8,10.0,random_forest_regressor,4.78238492063492
14,2024,9,5.0,random_forest_regressor,5.44961111111111
14,2024,11,2.0,random_forest_regressor,3.369833333333331
14,2024,12,1.0,random_forest_regressor,2.944309523809523
15,2023,11,8.0,random_forest_regressor,6.144956349206348
15,2023,12,6.0,random_forest_regressor,5.569840909090908
15,2024,1,8.0,random_forest_regressor,5.680645502645501
15,2024,2,8.0,random_forest_regressor,4.543567460317458
15,2024,3,6.0,random_forest_regressor,5.608301587301589
15,2024,4,5.0,random_forest_regressor,5.902497354497357
15,2024,5,1.0,random_forest_regressor,6.208400793650794
15,2024,6,12.0,random_forest_regressor,6.807309523809522
15,2024,7,7.0,random_forest_regressor,4.937798941798942
15,2024,8,6.0,random_forest_regressor,5.354917027417028
15,2024,9,10.0,random_forest_regressor,6.344939393939394
15,2024,11,4.0,random_forest_regressor,5.970829365079363
15,2024,12,4.0,random_forest_regressor,5.495384920634917
16,2023,11,12.0,random_forest_regressor,11.173632275132269
16,2023,12,6.0,random_forest_regressor,10.042302910052916
16,2024,1,5.0,random_forest_regressor,7.364747354497354
16,2024,2,10.0,random_forest_regressor,10.646850529100526
16,2024,3,10.0,random_forest_regressor,9.954802910052917
16,2024,4,6.0,random_forest_regressor,10.66760582010582
16,2024,5,11.0,random_forest_regressor,10.677849206349212
16,2024,6,13.0,random_forest_regressor,10.278920634920638
16,2024,7,5.0,random_forest_regressor,9.788044973544983
16,2024,8,9.0,random_forest_regressor,8.925452380952384
16,2024,9,12.0,random_forest_regressor,10.03698015873016
16,2024,11,6.0,random_forest_regressor,10.3597671957672
16,2024,12,6.0,random_forest_regressor,10.405271164021167
17,2023,11,12.0,random_forest_regressor,10.14607671957672
17,2023,12,6.0,random_forest_regressor,8.603192159692156
17,2024,1,5.0,random_forest_regressor,7.857987133237134
17,2024,2,10.0,random_forest_regressor,10.338051587301583
17,2024,3,10.0,random_forest_regressor,9.166456349206346
17,2024,4,6.0,random_forest_regressor,9.404283910533913
17,2024,5,11.0,random_forest_regressor,8.858043169793168
17,2024,6,13.0,random_forest_regressor,8.554254810004812
17,2024,7,5.0,random_forest_regressor,7.805448412698413
17,2024,8,9.0,random_forest_regressor,6.694503968253966
17,2024,9,12.0,random_forest_regressor,9.804994708994712
17,2024,11,6.0,random_forest_regressor,9.299320105820106
17,2024,12,6.0,random_forest_regressor,9.162431577681572
18,2023,11,8.0,random_forest_regressor,6.201269841269841
18,2023,12,6.0,random_forest_regressor,5.548400432900428
18,2024,1,8.0,random_forest_regressor,5.554730158730155
18,2024,2,8.0,random_forest_regressor,4.246230158730158
18,2024,3,6.0,random_forest_regressor,5.533380952380953
18,2024,4,5.0,random_forest_regressor,4.819325396825398
18,2024,5,1.0,random_forest_regressor,5.887956349206349
18,2024,6,12.0,random_forest_regressor,6.158695767195769
18,2024,7,7.0,random_forest_regressor,4.8095277777777765
18,2024,8,6.0,random_forest_regressor,4.994030423280423
18,2024,9,10.0,random_forest_regressor,4.970253968253967
18,2024,11,4.0,random_forest_regressor,5.8087698412698385
18,2024,12,4.0,random_forest_regressor,5.523269480519478
19,2023,11,8.0,random_forest_regressor,5.485035714285715
19,2023,12,0.0,random_forest_regressor,5.487314574314573
19,2024,1,8.0,random_forest_regressor,4.81823520923521
19,2024,2,4.0,random_forest_regressor,5.037813492063492
19,2024,3,7.0,random_forest_regressor,5.304931216931216
19,2024,4,3.0,random_forest_regressor,5.534097883597885
19,2024,5,4.0,random_forest_regressor,6.19020634920635
19,2024,6,7.0,random_forest_regressor,7.495142857142858
19,2024,7,3.0,random_forest_regressor,5.08179365079365
19,2024,8,1.0,random_forest_regressor,6.192738095238096
19,2024,9,4.0,random_forest_regressor,6.878650793650797
19,2024,11,3.0,random_forest_regressor,5.454801587301588
19,2024,12,5.0,random_forest_regressor,5.226412698412698
20,2023,11,2.0,random_forest_regressor,3.2530876623376623
20,2023,12,2.0,random_forest_regressor,3.0414523809523804
20,2024,1,0.0,random_forest_regressor,2.8034841269841264
20,2024,2,0.0,random_forest_regressor,3.282686868686869
20,2024,3,2.0,random_forest_regressor,3.393999999999999
20,2024,4,2.0,random_forest_regressor,3.0010952380952394
20,2024,5,1.0,random_forest_regressor,5.539142857142857
20,2024,6,4.0,random_forest_regressor,8.564317460317458
20,2024,7,4.0,random_forest_regressor,2.4664960317460314
20,2024,8,4.0,random_forest_regressor,3.0672804232804243
20,2024,9,6.0,random_forest_regressor,3.2448055555555566
20,2024,11,4.0,random_forest_regressor,3.675203703703704
20,2024,12,1.0,random_forest_regressor,3.247793650793652
21,2023,11,0.0,random_forest_regressor,1.3342658730158732
21,2023,12,0.0,random_forest_regressor,0.9928492063492064
21,2024,1,1.0,random_forest_regressor,0.730185185185185
21,2024,2,1.0,random_forest_regressor,1.0372777777777777
21,2024,3,1.0,random_forest_regressor,1.1030555555555557
21,2024,4,0.0,random_forest_regressor,1.1508571428571428
21,2024,5,0.0,random_forest_regressor,1.601275132275132
21,2024,6,1.0,random_forest_regressor,1.7020529100529107
21,2024,7,1.0,random_forest_regressor,1.4573888888888893
21,2024,8,1.0,random_forest_regressor,1.986952380952381
21,2024,9,1.0,random_forest_regressor,1.9807354497354497
21,2024,11,2.0,random_forest_regressor,1.022642857142857
21,2024,12,0.0,random_forest_regressor,0.9043465608465605
22,2023,11,2.0,random_forest_regressor,1.7749841269841269
22,2023,12,2.0,random_forest_regressor,2.3186111111111107
22,2024,1,3.0,random_forest_regressor,1.1590039682539686
22,2024,2,1.0,random_forest_regressor,1.8379920634920635
22,2024,3,0.0,random_forest_regressor,1.3566428571428575
22,2024,4,1.0,random_forest_regressor,1.3816031746031747
22,2024,5,1.0,random_forest_regressor,2.1652500000000012
22,2024,6,4.0,random_forest_regressor,2.2051706349206346
22,2024,7,1.0,random_forest_regressor,2.235521164021164
22,2024,8,0.0,random_forest_regressor,2.3782222222222216
22,2024,9,1.0,random_forest_regressor,2.3666865079365076
22,2024,11,1.0,random_forest_regressor,1.510571428571428
22,2024,12,1.0,random_forest_regressor,1.2971944444444445
23,2023,11,2.0,random_forest_regressor,1.8792222222222221
23,2023,12,2.0,random_forest_regressor,2.084027777777778
23,2024,1,3.0,random_forest_regressor,1.7192936507936512
23,2024,2,1.0,random_forest_regressor,1.8247301587301585
23,2024,3,0.0,random_forest_regressor,1.9150317460317463
23,2024,4,1.0,random_forest_regressor,2.0177777777777783
23,2024,5,1.0,random_forest_regressor,2.862941798941799
23,2024,6,4.0,random_forest_regressor,2.61609126984127
23,2024,7,1.0,random_forest_regressor,2.237116402116402
23,2024,8,0.0,random_forest_regressor,3.0883769841269837
23,2024,9,1.0,random_forest_regressor,2.4698730158730173
23,2024,11,1.0,random_forest_regressor,2.456400793650794
23,2024,12,1.0,random_forest_regressor,2.2759444444444448
24,2023,11,2.0,random_forest_regressor,1.795932539682539
24,2023,12,2.0,random_forest_regressor,2.2209365079365075
24,2024,1,3.0,random_forest_regressor,1.0996984126984126
24,2024,2,1.0,random_forest_regressor,1.781853174603175
24,2024,3,0.0,random_forest_regressor,1.3828809523809524
24,2024,4,1.0,random_forest_regressor,1.802944444444445
24,2024,5,1.0,random_forest_regressor,1.811293650793651
24,2024,6,4.0,random_forest_regressor,2.394357142857142
24,2024,7,1.0,random_forest_regressor,1.960738095238095
24,2024,8,0.0,random_forest_regressor,2.0578888888888893
24,2024,9,1.0,random_forest_regressor,2.9431269841269843
24,2024,11,1.0,random_forest_regressor,1.510608465608466
24,2024,12,1.0,random_forest_regressor,1.2798624338624336
25,2023,11,2.0,random_forest_regressor,1.7809404761904768
25,2023,12,2.0,random_forest_regressor,1.5165476190476197
25,2024,1,1.0,random_forest_regressor,1.054238095238095
25,2024,2,1.0,random_forest_regressor,1.9255476190476197
25,2024,3,0.0,random_forest_regressor,1.2600873015873015
25,2024,4,5.0,random_forest_regressor,1.5064365079365083
25,2024,5,3.0,random_forest_regressor,1.8674298941798948
25,2024,6,4.0,random_forest_regressor,1.3932896825396828
25,2024,7,4.0,random_forest_regressor,1.5978346560846566
25,2024,8,5.0,random_forest_regressor,2.2153214285714293
25,2024,9,2.0,random_forest_regressor,1.7929338624338627
25,2024,11,2.0,random_forest_regressor,1.548650793650794
25,2024,12,2.0,random_forest_regressor,1.0289973544973547
26,2023,11,0.0,random_forest_regressor,1.7865317460317465
26,2023,12,0.0,random_forest_regressor,2.0199761904761915
26,2024,1,0.0,random_forest_regressor,1.3190912698412705
26,2024,2,1.0,random_forest_regressor,2.146964285714286
26,2024,3,0.0,random_forest_regressor,1.1819047619047627
26,2024,4,2.0,random_forest_regressor,1.2921785714285716
26,2024,5,3.0,random_forest_regressor,2.5817936507936503
26,2024,6,5.0,random_forest_regressor,2.255757936507936
26,2024,7,3.0,random_forest_regressor,1.9408809523809525
26,2024,8,0.0,random_forest_regressor,2.437801587301587
26,2024,9,0.0,random_forest_regressor,2.249119047619048
26,2024,11,3.0,random_forest_regressor,1.6158888888888892
26,2024,12,1.0,random_forest_regressor,1.3058214285714285
27,2023,11,0.0,random_forest_regressor,1.29275
27,2023,12,1.0,random_forest_regressor,1.4686349206349205
27,2024,1,2.0,random_forest_regressor,1.1009444444444443
27,2024,2,1.0,random_forest_regressor,1.3903941798941795
27,2024,3,1.0,random_forest_regressor,1.4671441798941804
27,2024,4,2.0,random_forest_regressor,1.333293650793651
27,2024,5,1.0,random_forest_regressor,2.1017354497354503
27,2024,6,3.0,random_forest_regressor,1.7657671957671963
27,2024,7,3.0,random_forest_regressor,1.886759259259259
27,2024,8,0.0,random_forest_regressor,1.3508174603174603
27,2024,9,1.0,random_forest_regressor,1.8000899470899465
27,2024,11,0.0,random_forest_regressor,1.6606706349206348
27,2024,12,2.0,random_forest_regressor,1.2610436507936507
28,2023,11,0.0,random_forest_regressor,0.2321428571428571
28,2023,12,0.0,random_forest_regressor,0.5900198412698413
28,2024,1,0.0,random_forest_regressor,1.0443915343915342
28,2024,2,0.0,random_forest_regressor,0.6152619047619046
28,2024,3,0.0,random_forest_regressor,0.08944444444444444
28,2024,4,0.0,random_forest_regressor,1.3029841269841267
28,2024,5,0.0,random_forest_regressor,0.35278571428571437
28,2024,6,0.0,random_forest_regressor,0.1926111111111111
28,2024,7,0.0,random_forest_regressor,0.2070555555555556
28,2024,8,0.0,random_forest_regressor,0.6129960317460317
28,2024,9,0.0,random_forest_regressor,0.1446825396825397
28,2024,11,0.0,random_forest_regressor,0.15416666666666667
28,2024,12,0.0,random_forest_regressor,0.6486031746031747
29,2023,11,0.0,random_forest_regressor,0.4219325396825397
29,2023,12,1.0,random_forest_regressor,0.6164682539682539
29,2024,1,0.0,random_forest_regressor,0.48662698412698413
29,2024,2,0.0,random_forest_regressor,0.5977698412698413
29,2024,3,0.0,random_forest_regressor,0.19968253968253963
29,2024,4,0.0,random_forest_regressor,0.17049999999999998
29,2024,5,1.0,random_forest_regressor,0.366920634920635
29,2024,6,1.0,random_forest_regressor,0.3422460317460317
29,2024,7,0.0,random_forest_regressor,0.5049087301587301
29,2024,8,0.0,random_forest_regressor,0.7090833333333332
29,2024,9,1.0,random_forest_regressor,0.191031746031746
29,2024,11,0.0,random_forest_regressor,0.28
29,2024,12,0.0,random_forest_regressor,1.9084404761904759
30,2023,11,0.0,random_forest_regressor,1.4810992063492068
30,2023,12,1.0,random_forest_regressor,1.1142023809523809
30,2024,1,0.0,random_forest_regressor,1.172674603174603
30,2024,2,0.0,random_forest_regressor,1.5251547619047623
30,2024,3,1.0,random_forest_regressor,0.8279047619047618
30,2024,4,0.0,random_forest_regressor,1.0775714285714286
30,2024,5,1.0,random_forest_regressor,1.2919603174603174
30,2024,6,0.0,random_forest_regressor,1.4278862433862434
30,2024,7,0.0,random_forest_regressor,1.4949457671957673
30,2024,8,1.0,random_forest_regressor,1.499595238095238
30,2024,9,1.0,random_forest_regressor,1.676910052910053
30,2024,11,0.0,random_forest_regressor,1.0847857142857145
30,2024,12,0.0,random_forest_regressor,1.4198941798941795
31,2023,11,0.0,random_forest_regressor,0.9452142857142855
31,2023,12,1.0,random_forest_regressor,0.7383492063492064
31,2024,1,0.0,random_forest_regressor,0.6437222222222222
31,2024,2,0.0,random_forest_regressor,0.8100833333333333
31,2024,3,1.0,random_forest_regressor,0.7856031746031743
31,2024,4,0.0,random_forest_regressor,0.9437817460317458
31,2024,5,1.0,random_forest_regressor,1.2064087301587298
31,2024,6,0.0,random_forest_regressor,1.9193796296296295
31,2024,7,0.0,random_forest_regressor,2.0000383597883595
31,2024,8,1.0,random_forest_regressor,1.762142857142857
31,2024,9,1.0,random_forest_regressor,1.3181031746031748
31,2024,11,0.0,random_forest_regressor,0.9862698412698412
31,2024,12,0.0,random_forest_regressor,0.7398928571428572
32,2023,11,0.0,random_forest_regressor,0.3331825396825397
32,2023,12,0.0,random_forest_regressor,0.28424603174603175
32,2024,1,0.0,random_forest_regressor,0.30641269841269847
32,2024,2,0.0,random_forest_regressor,0.3582301587301588
32,2024,3,1.0,random_forest_regressor,0.7108492063492063
32,2024,4,0.0,random_forest_regressor,0.3918174603174603
32,2024,5,0.0,random_forest_regressor,0.6950873015873016
32,2024,6,0.0,random_forest_regressor,0.6927103174603172
32,2024,7,0.0,random_forest_regressor,0.4722698412698413
32,2024,8,1.0,random_forest_regressor,0.5872142857142857
32,2024,9,0.0,random_forest_regressor,0.5086825396825398
32,2024,11,0.0,random_forest_regressor,0.18822222222222218
32,2024,12,0.0,random_forest_regressor,0.41513492063492075
33,2023,11,0.0,random_forest_regressor,0.4773333333333334
33,2023,12,0.0,random_forest_regressor,1.1493015873015875
33,2024,1,0.0,random_forest_regressor,0.5126349206349207
33,2024,2,0.0,random_forest_regressor,0.6017063492063492
33,2024,3,1.0,random_forest_regressor,0.24738888888888885
33,2024,4,0.0,random_forest_regressor,0.3382777777777779
33,2024,5,0.0,random_forest_regressor,0.43173015873015874
33,2024,6,0.0,random_forest_regressor,0.8804087301587302
33,2024,7,0.0,random_forest_regressor,0.36444444444444435
33,2024,8,1.0,random_forest_regressor,1.1450793650793651
33,2024,9,0.0,random_forest_regressor,1.0496917989417989
33,2024,11,0.0,random_forest_regressor,0.18905555555555553
33,2024,12,0.0,random_forest_regressor,0.4884999999999998
34,2023,11,0.0,random_forest_regressor,0.18150000000000002
34,2023,12,0.0,random_forest_regressor,0.2899920634920635
34,2024,1,0.0,random_forest_regressor,0.24638095238095242
34,2024,2,0.0,random_forest_regressor,0.28902380952380957
34,2024,3,0.0,random_forest_regressor,0.07361111111111111
34,2024,4,0.0,random_forest_regressor,0.6519166666666667
34,2024,5,0.0,random_forest_regressor,0.5053611111111109
34,2024,6,0.0,random_forest_regressor,0.2545873015873016
34,2024,7,0.0,random_forest_regressor,0.23166666666666666
34,2024,8,0.0,random_forest_regressor,0.3455238095238095
34,2024,9,0.0,random_forest_regressor,0.1376666666666667
34,2024,11,0.0,random_forest_regressor,0.0833888888888889
34,2024,12,0.0,random_forest_regressor,0.40759523809523807
35,2023,11,0.0,random_forest_regressor,1.07462037037037
35,2023,12,0.0,random_forest_regressor,0.9895436507936506
35,2024,1,0.0,random_forest_regressor,0.9541507936507939
35,2024,2,0.0,random_forest_regressor,0.6746230158730158
35,2024,3,0.0,random_forest_regressor,0.7358253968253968
35,2024,4,0.0,random_forest_regressor,0.7050555555555555
35,2024,5,0.0,random_forest_regressor,1.836259259259259
35,2024,6,0.0,random_forest_regressor,1.5548015873015872
35,2024,7,0.0,random_forest_regressor,1.4561825396825396
35,2024,8,0.0,random_forest_regressor,1.601431216931217
35,2024,9,0.0,random_forest_regressor,1.1412698412698408
35,2024,11,0.0,random_forest_regressor,0.7338253968253968
35,2024,12,0.0,random_forest_regressor,0.7816269841269842
36,2023,11,0.0,random_forest_regressor,1.1289960317460315
36,2023,12,0.0,random_forest_regressor,0.8627579365079365
36,2024,1,0.0,random_forest_regressor,0.5891825396825396
36,2024,2,0.0,random_forest_regressor,0.6439880952380953
36,2024,3,0.0,random_forest_regressor,0.8181534391534391
36,2024,4,0.0,random_forest_regressor,0.7680833333333332
36,2024,5,0.0,random_forest_regressor,1.6554444444444445
36,2024,6,0.0,random_forest_regressor,0.9578015873015873
36,2024,7,0.0,random_forest_regressor,0.7802103174603178
36,2024,8,0.0,random_forest_regressor,1.1916388888888894
36,2024,9,0.0,random_forest_regressor,1.334599206349206
36,2024,11,0.0,random_forest_regressor,0.6176388888888891
36,2024,12,0.0,random_forest_regressor,0.9485092592592591
37,2023,11,2.0,random_forest_regressor,1.711674963924964
37,2023,12,2.0,random_forest_regressor,1.64736544011544
37,2024,1,3.0,random_forest_regressor,1.4912050264550263
37,2024,2,1.0,random_forest_regressor,2.0090277777777774
37,2024,3,2.0,random_forest_regressor,1.914853174603174
37,2024,4,1.0,random_forest_regressor,3.0515873015873014
37,2024,5,4.0,random_forest_regressor,2.6648968253968253
37,2024,6,1.0,random_forest_regressor,2.919944444444444
37,2024,7,1.0,random_forest_regressor,2.659706349206349
37,2024,8,1.0,random_forest_regressor,3.490960317460317
37,2024,9,1.0,random_forest_regressor,2.9092222222222235
37,2024,11,1.0,random_forest_regressor,2.012527777777778
37,2024,12,1.0,random_forest_regressor,1.5415912698412697
38,2023,11,2.0,random_forest_regressor,1.4827222222222225
38,2023,12,2.0,random_forest_regressor,1.3434047619047618
38,2024,1,3.0,random_forest_regressor,1.0183333333333333
38,2024,2,1.0,random_forest_regressor,1.2964087301587304
38,2024,3,2.0,random_forest_regressor,1.9617883597883587
38,2024,4,1.0,random_forest_regressor,1.7415158730158733
38,2024,5,4.0,random_forest_regressor,2.6221587301587306
38,2024,6,1.0,random_forest_regressor,1.9625952380952383
38,2024,7,1.0,random_forest_regressor,1.7485357142857147
38,2024,8,1.0,random_forest_regressor,2.169706349206349
38,2024,9,1.0,random_forest_regressor,2.2377936507936513
38,2024,11,1.0,random_forest_regressor,1.859138888888889
38,2024,12,1.0,random_forest_regressor,1.6004338624338628
39,2023,11,1.0,random_forest_regressor,0.5363888888888888
39,2023,12,0.0,random_forest_regressor,0.5956071428571429
39,2024,1,0.0,random_forest_regressor,0.38988888888888895
39,2024,2,1.0,random_forest_regressor,0.8586706349206348
39,2024,3,0.0,random_forest_regressor,0.3758531746031746
39,2024,4,0.0,random_forest_regressor,0.4491388888888889
39,2024,5,1.0,random_forest_regressor,1.2640013227513232
39,2024,6,0.0,random_forest_regressor,0.641059523809524
39,2024,7,0.0,random_forest_regressor,0.7135873015873018
39,2024,8,1.0,random_forest_regressor,1.2087579365079366
39,2024,9,2.0,random_forest_regressor,1.0773888888888885
39,2024,11,2.0,random_forest_regressor,0.9633809523809522
39,2024,12,0.0,random_forest_regressor,0.5917420634920634
40,2023,11,1.0,random_forest_regressor,0.4267222222222223
40,2023,12,0.0,random_forest_regressor,0.35229365079365077
40,2024,1,0.0,random_forest_regressor,0.27177777777777784
40,2024,2,1.0,random_forest_regressor,0.730638888888889
40,2024,3,0.0,random_forest_regressor,0.6561944444444444
40,2024,4,0.0,random_forest_regressor,0.4818134920634921
40,2024,5,1.0,random_forest_regressor,1.5153425925925932
40,2024,6,0.0,random_forest_regressor,0.7526785714285715
40,2024,7,0.0,random_forest_regressor,1.3249563492063494
40,2024,8,1.0,random_forest_regressor,1.0386150793650797
40,2024,9,2.0,random_forest_regressor,1.2289166666666664
40,2024,11,2.0,random_forest_regressor,0.8420396825396828
40,2024,12,0.0,random_forest_regressor,0.5523928571428569
41,2023,11,1.0,random_forest_regressor,0.9164126984126985
41,2023,12,2.0,random_forest_regressor,1.390373015873016
41,2024,1,0.0,random_forest_regressor,1.0576269841269839
41,2024,2,1.0,random_forest_regressor,1.3790714285714287
41,2024,3,5.0,random_forest_regressor,1.5642460317460325
41,2024,4,4.0,random_forest_regressor,1.2772301587301587
41,2024,5,0.0,random_forest_regressor,2.0857380952380953
41,2024,6,1.0,random_forest_regressor,2.025333333333333
41,2024,7,2.0,random_forest_regressor,1.9176917989417992
41,2024,8,0.0,random_forest_regressor,1.739361111111111
41,2024,9,1.0,random_forest_regressor,1.7658055555555556
41,2024,11,2.0,random_forest_regressor,0.9224603174603173
41,2024,12,0.0,random_forest_regressor,1.0850489417989417
42,2023,11,1.0,random_forest_regressor,0.8894761904761908
42,2023,12,2.0,random_forest_regressor,1.1779126984126986
42,2024,1,0.0,random_forest_regressor,0.944488095238095
42,2024,2,1.0,random_forest_regressor,1.4247380952380957
42,2024,3,5.0,random_forest_regressor,1.3484444444444446
42,2024,4,4.0,random_forest_regressor,0.9464801587301588
42,2024,5,0.0,random_forest_regressor,1.8607579365079367
42,2024,6,1.0,random_forest_regressor,1.7487063492063495
42,2024,7,2.0,random_forest_regressor,1.6995529100529105
42,2024,8,0.0,random_forest_regressor,1.9340833333333334
42,2024,9,1.0,random_forest_regressor,1.510031746031746
42,2024,11,2.0,random_forest_regressor,0.8706190476190475
42,2024,12,0.0,random_forest_regressor,1.0432896825396827
43,2023,11,1.0,random_forest_regressor,1.1947896825396827
43,2023,12,1.0,random_forest_regressor,1.1090119047619045
43,2024,1,1.0,random_forest_regressor,0.7831984126984126
43,2024,2,3.0,random_forest_regressor,1.1497222222222219
43,2024,3,2.0,random_forest_regressor,0.6805634920634921
43,2024,4,2.0,random_forest_regressor,0.8036388888888888
43,2024,5,0.0,random_forest_regressor,2.2190198412698416
43,2024,6,0.0,random_forest_regressor,0.8548888888888888
43,2024,7,0.0,random_forest_regressor,1.0414285714285716
43,2024,8,0.0,random_forest_regressor,1.0899880952380951
43,2024,9,0.0,random_forest_regressor,1.107777777777778
43,2024,11,2.0,random_forest_regressor,0.9920158730158732
43,2024,12,0.0,random_forest_regressor,0.8023611111111112
44,2023,11,1.0,random_forest_regressor,0.8195238095238094
44,2023,12,1.0,random_forest_regressor,0.7480992063492062
44,2024,1,1.0,random_forest_regressor,0.6409920634920635
44,2024,2,3.0,random_forest_regressor,0.5619841269841271
44,2024,3,2.0,random_forest_regressor,0.7648531746031745
44,2024,4,2.0,random_forest_regressor,0.798797619047619
44,2024,5,0.0,random_forest_regressor,1.344166666666667
44,2024,6,0.0,random_forest_regressor,0.8682222222222223
44,2024,7,0.0,random_forest_regressor,0.9040476190476192
44,2024,8,0.0,random_forest_regressor,0.6094444444444442
44,2024,9,0.0,random_forest_regressor,1.0361111111111112
44,2024,11,2.0,random_forest_regressor,0.9951349206349202
44,2024,12,0.0,random_forest_regressor,0.5594788359788362
45,2023,11,1.0,random_forest_regressor,1.9323730158730155
45,2023,12,3.0,random_forest_regressor,1.9987463924963913
45,2024,1,1.0,random_forest_regressor,1.8583730158730156
45,2024,2,2.0,random_forest_regressor,2.2431349206349207
45,2024,3,2.0,random_forest_regressor,2.19861507936508
45,2024,4,0.0,random_forest_regressor,2.596543650793651
45,2024,5,1.0,random_forest_regressor,2.554547619047619
45,2024,6,0.0,random_forest_regressor,2.7838267195767195
45,2024,7,0.0,random_forest_regressor,2.7143902116402114
45,2024,8,1.0,random_forest_regressor,2.039960317460318
45,2024,9,0.0,random_forest_regressor,2.824992063492064
45,2024,11,1.0,random_forest_regressor,1.6855079365079362
45,2024,12,0.0,random_forest_regressor,1.6922539682539681
46,2023,11,1.0,random_forest_regressor,1.8737936507936506
46,2023,12,3.0,random_forest_regressor,1.8058217893217887
46,2024,1,1.0,random_forest_regressor,1.6313809523809524
46,2024,2,2.0,random_forest_regressor,2.4692658730158725
46,2024,3,2.0,random_forest_regressor,2.352123015873016
46,2024,4,0.0,random_forest_regressor,2.9168095238095235
46,2024,5,1.0,random_forest_regressor,2.7296230158730155
46,2024,6,0.0,random_forest_regressor,2.6913015873015884
46,2024,7,0.0,random_forest_regressor,2.063337301587302
46,2024,8,1.0,random_forest_regressor,2.07152380952381
46,2024,9,0.0,random_forest_regressor,2.927896825396827
46,2024,11,1.0,random_forest_regressor,1.906793650793651
46,2024,12,0.0,random_forest_regressor,1.7961984126984127
47,2023,11,6.0,random_forest_regressor,2.967787878787879
47,2023,12,0.0,random_forest_regressor,3.348703703703704
47,2024,1,3.0,random_forest_regressor,2.4594087301587297
47,2024,2,1.0,random_forest_regressor,3.1771446608946614
47,2024,3,2.0,random_forest_regressor,3.2527914862914864
47,2024,4,1.0,random_forest_regressor,3.5354105339105337
47,2024,5,0.0,random_forest_regressor,5.461055555555558
47,2024,6,9.0,random_forest_regressor,3.415926406926407
47,2024,7,1.0,random_forest_regressor,2.716670634920635
47,2024,8,5.0,random_forest_regressor,2.7612896825396818
47,2024,9,5.0,random_forest_regressor,3.102896825396826
47,2024,11,0.0,random_forest_regressor,3.4333531746031745
47,2024,12,1.0,random_forest_regressor,2.998142857142857
48,2023,11,0.0,random_forest_regressor,0.7245277777777779
48,2023,12,0.0,random_forest_regressor,0.8095000000000002
48,2024,1,0.0,random_forest_regressor,0.43197222222222215
48,2024,2,0.0,random_forest_regressor,0.5538015873015874
48,2024,3,0.0,random_forest_regressor,1.2063849206349209
48,2024,4,1.0,random_forest_regressor,0.9740793650793649
48,2024,5,1.0,random_forest_regressor,1.422527777777778
48,2024,6,0.0,random_forest_regressor,1.4028809523809522
48,2024,7,0.0,random_forest_regressor,1.064944444444444
48,2024,8,1.0,random_forest_regressor,1.4968113275613275
48,2024,9,2.0,random_forest_regressor,1.8796587301587298
48,2024,11,0.0,random_forest_regressor,0.9700912698412698
48,2024,12,0.0,random_forest_regressor,0.5552354497354499
49,2023,11,0.0,random_forest_regressor,1.7442103174603172
49,2023,12,0.0,random_forest_regressor,1.4605317460317462
49,2024,1,0.0,random_forest_regressor,0.9453253968253966
49,2024,2,0.0,random_forest_regressor,1.6404722222222226
49,2024,3,0.0,random_forest_regressor,1.5731865079365084
49,2024,4,0.0,random_forest_regressor,1.72384126984127
49,2024,5,1.0,random_forest_regressor,2.296972222222223
49,2024,6,2.0,random_forest_regressor,1.7779060846560848
49,2024,7,1.0,random_forest_regressor,1.5887857142857145
49,2024,8,0.0,random_forest_regressor,1.6933293650793648
49,2024,9,0.0,random_forest_regressor,1.8508253968253974
49,2024,11,1.0,random_forest_regressor,1.516674603174603
49,2024,12,0.0,random_forest_regressor,1.1319285714285716
50,2023,11,1.0,random_forest_regressor,2.5548611111111104
50,2023,12,1.0,random_forest_regressor,2.5028849206349197
50,2024,1,1.0,random_forest_regressor,1.8809246031746036
50,2024,2,0.0,random_forest_regressor,2.862313492063492
50,2024,3,1.0,random_forest_regressor,2.699853174603175
50,2024,4,3.0,random_forest_regressor,3.0661904761904752
50,2024,5,1.0,random_forest_regressor,3.6545846560846575
50,2024,6,3.0,random_forest_regressor,2.252623015873016
50,2024,7,4.0,random_forest_regressor,1.7069761904761904
50,2024,8,1.0,random_forest_regressor,2.0513253968253964
50,2024,9,4.0,random_forest_regressor,5.958587301587303
50,2024,11,1.0,random_forest_regressor,3.8549140211640203
50,2024,12,0.0,random_forest_regressor,2.796746031746031
51,2023,11,1.0,random_forest_regressor,2.289035714285714
51,2023,12,1.0,random_forest_regressor,2.117777777777777
51,2024,1,1.0,random_forest_regressor,1.9362380952380942
51,2024,2,0.0,random_forest_regressor,2.826698412698412
51,2024,3,1.0,random_forest_regressor,4.0482460317460305
51,2024,4,3.0,random_forest_regressor,2.5566666666666653
51,2024,5,1.0,random_forest_regressor,4.463539682539684
51,2024,6,3.0,random_forest_regressor,2.5757222222222227
51,2024,7,4.0,random_forest_regressor,2.0915952380952385
51,2024,8,1.0,random_forest_regressor,2.5995198412698404
51,2024,9,4.0,random_forest_regressor,2.7867936507936513
51,2024,11,1.0,random_forest_regressor,4.127384920634922
51,2024,12,0.0,random_forest_regressor,2.268968253968254
52,2023,11,8.0,random_forest_regressor,7.197378306878309
52,2023,12,4.0,random_forest_regressor,3.7044523809523806
52,2024,1,9.0,random_forest_regressor,3.2649523809523804
52,2024,2,6.0,random_forest_regressor,4.118584656084656
52,2024,3,7.0,random_forest_regressor,3.3740582010582014
52,2024,4,2.0,random_forest_regressor,4.470283068783069
52,2024,5,9.0,random_forest_regressor,4.0108015873015885
52,2024,6,6.0,random_forest_regressor,2.467013227513228
52,2024,7,9.0,random_forest_regressor,1.8836613756613758
52,2024,8,5.0,random_forest_regressor,2.300150793650794
52,2024,9,3.0,random_forest_regressor,2.26044708994709
52,2024,11,2.0,random_forest_regressor,2.039883597883598
52,2024,12,3.0,random_forest_regressor,2.0428968253968254
53,2023,11,9.0,random_forest_regressor,4.611937830687828
53,2023,12,4.0,random_forest_regressor,2.987124338624339
53,2024,1,10.0,random_forest_regressor,3.735095238095238
53,2024,2,5.0,random_forest_regressor,4.122719576719576
53,2024,3,6.0,random_forest_regressor,5.287321188071192
53,2024,4,3.0,random_forest_regressor,4.231759259259256
53,2024,5,10.0,random_forest_regressor,3.500789682539684
53,2024,6,5.0,random_forest_regressor,3.5953015873015874
53,2024,7,7.0,random_forest_regressor,4.33038492063492
53,2024,8,6.0,random_forest_regressor,4.907071428571427
53,2024,9,5.0,random_forest_regressor,4.3056150793650785
53,2024,11,2.0,random_forest_regressor,5.585751322751322
53,2024,12,3.0,random_forest_regressor,1.4347076719576717
54,2023,11,9.0,random_forest_regressor,4.968068783068784
54,2023,12,4.0,random_forest_regressor,3.9410701058201068
54,2024,1,10.0,random_forest_regressor,2.448007936507936
54,2024,2,5.0,random_forest_regressor,4.614646825396825
54,2024,3,6.0,random_forest_regressor,4.6537500000000005
54,2024,4,3.0,random_forest_regressor,5.0586904761904785
54,2024,5,10.0,random_forest_regressor,5.224682539682538
54,2024,6,5.0,random_forest_regressor,6.304869047619052
54,2024,7,7.0,random_forest_regressor,5.533416666666667
54,2024,8,6.0,random_forest_regressor,6.148650793650794
54,2024,9,5.0,random_forest_regressor,8.303821428571428
54,2024,11,2.0,random_forest_regressor,5.504281505531508
54,2024,12,3.0,random_forest_regressor,4.349324074074074
55,2023,11,2.0,random_forest_regressor,1.230075396825397
55,2023,12,0.0,random_forest_regressor,0.8849642857142856
55,2024,1,1.0,random_forest_regressor,0.9199722222222223
55,2024,2,2.0,random_forest_regressor,1.1593465608465605
55,2024,3,2.0,random_forest_regressor,0.7221388888888889
55,2024,4,0.0,random_forest_regressor,0.6487037037037039
55,2024,5,3.0,random_forest_regressor,0.9689960317460318
55,2024,6,0.0,random_forest_regressor,1.4729523809523806
55,2024,7,1.0,random_forest_regressor,0.753003968253968
55,2024,8,2.0,random_forest_regressor,1.3961984126984122
55,2024,9,3.0,random_forest_regressor,1.3476481481481482
55,2024,11,0.0,random_forest_regressor,1.0377103174603177
55,2024,12,0.0,random_forest_regressor,0.7909166666666668
56,2023,11,2.0,random_forest_regressor,1.1379007936507937
56,2023,12,0.0,random_forest_regressor,1.0369404761904764
56,2024,1,1.0,random_forest_regressor,0.8983743386243388
56,2024,2,2.0,random_forest_regressor,1.16918253968254
56,2024,3,2.0,random_forest_regressor,0.5940767195767196
56,2024,4,0.0,random_forest_regressor,0.5906481481481483
56,2024,5,3.0,random_forest_regressor,1.1682777777777775
56,2024,6,0.0,random_forest_regressor,1.8158293650793655
56,2024,7,1.0,random_forest_regressor,1.1022023809523807
56,2024,8,2.0,random_forest_regressor,1.8233002645502643
56,2024,9,3.0,random_forest_regressor,1.8257182539682546
56,2024,11,0.0,random_forest_regressor,1.0110992063492064
56,2024,12,0.0,random_forest_regressor,0.9386587301587301
57,2023,11,0.0,random_forest_regressor,0.3043888888888889
57,2023,12,1.0,random_forest_regressor,0.11722222222222221
57,2024,1,0.0,random_forest_regressor,0.1433888888888889
57,2024,2,0.0,random_forest_regressor,0.39091666666666675
57,2024,3,0.0,random_forest_regressor,0.29280158730158734
57,2024,4,1.0,random_forest_regressor,0.4231230158730159
57,2024,5,1.0,random_forest_regressor,0.21627777777777776
57,2024,6,0.0,random_forest_regressor,0.2470833333333333
57,2024,7,1.0,random_forest_regressor,0.5019166666666667
57,2024,8,0.0,random_forest_regressor,0.38284126984126987
57,2024,9,0.0,random_forest_regressor,0.3638214285714286
57,2024,11,0.0,random_forest_regressor,0.16816666666666666
57,2024,12,0.0,random_forest_regressor,0.40166269841269847
58,2023,11,0.0,random_forest_regressor,0.15846825396825395
58,2023,12,1.0,random_forest_regressor,0.09255555555555556
58,2024,1,0.0,random_forest_regressor,0.1624761904761905
58,2024,2,0.0,random_forest_regressor,0.3817222222222223
58,2024,3,0.0,random_forest_regressor,0.06948412698412697
58,2024,4,1.0,random_forest_regressor,0.18655555555555553
58,2024,5,1.0,random_forest_regressor,0.10344444444444442
58,2024,6,0.0,random_forest_regressor,0.3966190476190477
58,2024,7,1.0,random_forest_regressor,0.38538888888888895
58,2024,8,0.0,random_forest_regressor,0.35674603174603176
58,2024,9,0.0,random_forest_regressor,0.22313888888888891
58,2024,11,0.0,random_forest_regressor,0.09916666666666667
58,2024,12,0.0,random_forest_regressor,0.33802380952380956
59,2023,11,1.0,random_forest_regressor,0.8364206349206346
59,2023,12,0.0,random_forest_regressor,0.4225555555555555
59,2024,1,0.0,random_forest_regressor,0.7138095238095237
59,2024,2,1.0,random_forest_regressor,0.9111984126984125
59,2024,3,0.0,random_forest_regressor,0.5815793650793651
59,2024,4,1.0,random_forest_regressor,0.16938095238095235
59,2024,5,0.0,random_forest_regressor,0.1238809523809524
59,2024,6,1.0,random_forest_regressor,0.9360648148148145
59,2024,7,0.0,random_forest_regressor,0.7343227513227513
59,2024,8,1.0,random_forest_regressor,1.7208068783068784
59,2024,9,0.0,random_forest_regressor,1.1405476190476191
59,2024,11,1.0,random_forest_regressor,1.24155291005291
59,2024,12,0.0,random_forest_regressor,1.0839960317460318
60,2023,11,1.0,random_forest_regressor,0.7027460317460317
60,2023,12,0.0,random_forest_regressor,0.6696349206349207
60,2024,1,0.0,random_forest_regressor,1.6376746031746034
60,2024,2,1.0,random_forest_regressor,0.49696825396825406
60,2024,3,0.0,random_forest_regressor,0.3893571428571429
60,2024,4,1.0,random_forest_regressor,0.5530833333333331
60,2024,5,0.0,random_forest_regressor,0.7785714285714287
60,2024,6,1.0,random_forest_regressor,1.088537037037037
60,2024,7,0.0,random_forest_regressor,0.9116560846560848
60,2024,8,1.0,random_forest_regressor,0.9067433862433861
60,2024,9,0.0,random_forest_regressor,1.276444444444444
60,2024,11,1.0,random_forest_regressor,1.4395925925925928
60,2024,12,0.0,random_forest_regressor,1.2043148148148148
61,2023,11,2.0,random_forest_regressor,2.45509163059163
61,2023,12,1.0,random_forest_regressor,2.06402380952381
61,2024,1,0.0,random_forest_regressor,1.849095238095238
61,2024,2,2.0,random_forest_regressor,2.5649484126984117
61,2024,3,1.0,random_forest_regressor,2.235460317460316
61,2024,4,0.0,random_forest_regressor,1.8728134920634916
61,2024,5,2.0,random_forest_regressor,1.8261812169312173
61,2024,6,4.0,random_forest_regressor,2.0949589947089944
61,2024,7,3.0,random_forest_regressor,2.250626984126984
61,2024,8,1.0,random_forest_regressor,3.102391534391532
61,2024,9,1.0,random_forest_regressor,2.1577579365079367
61,2024,11,2.0,random_forest_regressor,2.4973849206349192
61,2024,12,0.0,random_forest_regressor,2.0124999999999997
62,2023,11,2.0,random_forest_regressor,2.5502265512265505
62,2023,12,1.0,random_forest_regressor,2.0905873015873015
62,2024,1,0.0,random_forest_regressor,1.8490873015873013
62,2024,2,2.0,random_forest_regressor,2.6501388888888875
62,2024,3,1.0,random_forest_regressor,2.3207420634920624
62,2024,4,0.0,random_forest_regressor,2.1374166666666667
62,2024,5,2.0,random_forest_regressor,2.003806758056758
62,2024,6,4.0,random_forest_regressor,2.1400820105820104
62,2024,7,3.0,random_forest_regressor,2.112351851851851
62,2024,8,1.0,random_forest_regressor,2.4759735449735443
62,2024,9,1.0,random_forest_regressor,2.375337301587302
62,2024,11,2.0,random_forest_regressor,2.7308690476190467
62,2024,12,0.0,random_forest_regressor,2.036952380952381
63,2023,11,0.0,random_forest_regressor,1.0769867724867725
63,2023,12,0.0,random_forest_regressor,1.0410198412698413
63,2024,1,0.0,random_forest_regressor,1.131269841269841
63,2024,2,0.0,random_forest_regressor,1.2656203703703703
63,2024,3,0.0,random_forest_regressor,0.5730370370370371
63,2024,4,2.0,random_forest_regressor,1.1990291005291005
63,2024,5,1.0,random_forest_regressor,2.0428888888888896
63,2024,6,2.0,random_forest_regressor,2.488619047619048
63,2024,7,1.0,random_forest_regressor,1.8807738095238096
63,2024,8,0.0,random_forest_regressor,1.7460811688311686
63,2024,9,0.0,random_forest_regressor,1.5656944444444443
63,2024,11,0.0,random_forest_regressor,0.9385158730158728
63,2024,12,1.0,random_forest_regressor,1.0143108465608464
64,2023,11,0.0,random_forest_regressor,1.3421600529100528
64,2023,12,0.0,random_forest_regressor,1.199777777777777
64,2024,1,0.0,random_forest_regressor,1.5264801587301586
64,2024,2,0.0,random_forest_regressor,1.9799087301587308
64,2024,3,0.0,random_forest_regressor,2.9315661375661377
64,2024,4,2.0,random_forest_regressor,2.346722222222222
64,2024,5,1.0,random_forest_regressor,3.273693121693123
64,2024,6,2.0,random_forest_regressor,2.6819007936507946
64,2024,7,2.0,random_forest_regressor,2.3222513227513226
64,2024,8,0.0,random_forest_regressor,2.5270414862914854
64,2024,9,1.0,random_forest_regressor,2.315103174603175
64,2024,11,0.0,random_forest_regressor,2.1959669312169314
64,2024,12,1.0,random_forest_regressor,1.6155039682539676
65,2023,11,0.0,random_forest_regressor,1.6468505291005295
65,2023,12,0.0,random_forest_regressor,1.1181666666666663
65,2024,1,0.0,random_forest_regressor,0.9412010582010581
65,2024,2,0.0,random_forest_regressor,1.4310171957671962
65,2024,3,0.0,random_forest_regressor,0.7505000000000002
65,2024,4,2.0,random_forest_regressor,1.4826164021164019
65,2024,5,1.0,random_forest_regressor,2.549420634920635
65,2024,6,2.0,random_forest_regressor,2.175964285714285
65,2024,7,2.0,random_forest_regressor,3.182301587301588
65,2024,8,0.0,random_forest_regressor,4.293492063492064
65,2024,9,1.0,random_forest_regressor,2.736996031746032
65,2024,11,0.0,random_forest_regressor,1.1524960317460315
65,2024,12,1.0,random_forest_regressor,1.0009166666666667
66,2023,11,0.0,random_forest_regressor,0.9492605820105818
66,2023,12,0.0,random_forest_regressor,0.949444444444444
66,2024,1,0.0,random_forest_regressor,1.154206349206349
66,2024,2,0.0,random_forest_regressor,1.3101164021164022
66,2024,3,0.0,random_forest_regressor,0.8816005291005289
66,2024,4,2.0,random_forest_regressor,1.4070317460317456
66,2024,5,1.0,random_forest_regressor,3.378293650793652
66,2024,6,2.0,random_forest_regressor,2.279063492063493
66,2024,7,1.0,random_forest_regressor,1.929014550264551
66,2024,8,0.0,random_forest_regressor,1.8325533910533913
66,2024,9,1.0,random_forest_regressor,2.303230158730159
66,2024,11,0.0,random_forest_regressor,1.3503346560846552
66,2024,12,1.0,random_forest_regressor,0.9141944444444444
67,2023,11,5.0,random_forest_regressor,3.3257433862433867
67,2023,12,0.0,random_forest_regressor,2.9297473544973545
67,2024,1,3.0,random_forest_regressor,3.364353174603174
67,2024,2,2.0,random_forest_regressor,3.2955542328042324
67,2024,3,1.0,random_forest_regressor,2.5399431216931223
67,2024,4,3.0,random_forest_regressor,2.4405423280423286
67,2024,5,3.0,random_forest_regressor,2.853981481481482
67,2024,6,2.0,random_forest_regressor,2.9260343915343916
67,2024,7,0.0,random_forest_regressor,2.6692698412698417
67,2024,8,0.0,random_forest_regressor,2.6619907407407406
67,2024,9,1.0,random_forest_regressor,3.610211640211641
67,2024,11,0.0,random_forest_regressor,2.967907407407407
67,2024,12,1.0,random_forest_regressor,3.0190727513227515
68,2023,11,5.0,random_forest_regressor,1.93331746031746
68,2023,12,0.0,random_forest_regressor,2.109484126984127
68,2024,1,4.0,random_forest_regressor,2.0899682539682543
68,2024,2,2.0,random_forest_regressor,2.2481904761904756
68,2024,3,1.0,random_forest_regressor,2.2095026455026443
68,2024,4,3.0,random_forest_regressor,1.8561613756613755
68,2024,5,3.0,random_forest_regressor,3.002137566137566
68,2024,6,2.0,random_forest_regressor,3.1699113756613744
68,2024,7,0.0,random_forest_regressor,2.476208994708995
68,2024,8,0.0,random_forest_regressor,3.069816137566139
68,2024,9,1.0,random_forest_regressor,3.2984722222222227
68,2024,11,0.0,random_forest_regressor,2.587329365079366
68,2024,12,1.0,random_forest_regressor,2.4550476190476176
69,2023,11,12.0,random_forest_regressor,11.685190476190485
69,2023,12,16.0,random_forest_regressor,8.590276455026457
69,2024,1,11.0,random_forest_regressor,6.230169312169312
69,2024,2,7.0,random_forest_regressor,10.230392255892262
69,2024,3,14.0,random_forest_regressor,10.810058201058206
69,2024,4,15.0,random_forest_regressor,10.591629629629631
69,2024,5,15.0,random_forest_regressor,10.521360509860516
69,2024,6,14.0,random_forest_regressor,10.713196488696495
69,2024,7,9.0,random_forest_regressor,10.460253968253971
69,2024,8,10.0,random_forest_regressor,8.599119047619046
69,2024,9,15.0,random_forest_regressor,15.534091269841277
69,2024,11,17.0,random_forest_regressor,12.837974867724876
69,2024,12,10.0,random_forest_regressor,9.255550264550266
70,2023,11,2.0,random_forest_regressor,1.9052239057239058
70,2023,12,0.0,random_forest_regressor,1.8864973544973547
70,2024,1,0.0,random_forest_regressor,1.3868333333333331
70,2024,2,1.0,random_forest_regressor,1.8450925925925923
70,2024,3,0.0,random_forest_regressor,1.7300158730158732
70,2024,4,0.0,random_forest_regressor,2.0887142857142864
70,2024,5,0.0,random_forest_regressor,1.9775714285714288
70,2024,6,3.0,random_forest_regressor,1.3771349206349206
70,2024,7,1.0,random_forest_regressor,1.1155238095238094
70,2024,8,1.0,random_forest_regressor,1.258470899470899
70,2024,9,0.0,random_forest_regressor,1.7268769841269838
70,2024,11,0.0,random_forest_regressor,1.246579365079365
70,2024,12,1.0,random_forest_regressor,1.485679894179894
71,2023,11,2.0,random_forest_regressor,1.894973905723906
71,2023,12,0.0,random_forest_regressor,1.9023505291005294
71,2024,1,0.0,random_forest_regressor,1.3678214285714283
71,2024,2,1.0,random_forest_regressor,1.8350449735449732
71,2024,3,0.0,random_forest_regressor,1.3596865079365084
71,2024,4,0.0,random_forest_regressor,2.109285714285715
71,2024,5,0.0,random_forest_regressor,1.8406269841269833
71,2024,6,3.0,random_forest_regressor,1.2926904761904767
71,2024,7,1.0,random_forest_regressor,1.6097857142857137
71,2024,8,1.0,random_forest_regressor,1.7676269841269838
71,2024,9,0.0,random_forest_regressor,1.8871388888888885
71,2024,11,0.0,random_forest_regressor,1.2755833333333335
71,2024,12,1.0,random_forest_regressor,1.51414417989418
72,2023,11,3.0,random_forest_regressor,2.054953703703704
72,2023,12,2.0,random_forest_regressor,2.470854497354496
72,2024,1,2.0,random_forest_regressor,1.2630000000000006
72,2024,2,2.0,random_forest_regressor,1.9563373015873013
72,2024,3,1.0,random_forest_regressor,1.4714206349206347
72,2024,4,1.0,random_forest_regressor,1.6998650793650798
72,2024,5,2.0,random_forest_regressor,1.8108703703703701
72,2024,6,0.0,random_forest_regressor,1.8915952380952383
72,2024,7,0.0,random_forest_regressor,2.018916666666667
72,2024,8,0.0,random_forest_regressor,2.209484126984128
72,2024,9,2.0,random_forest_regressor,1.9306984126984124
72,2024,11,0.0,random_forest_regressor,1.79875
72,2024,12,0.0,random_forest_regressor,2.113099206349206
73,2023,11,3.0,random_forest_regressor,1.4923888888888885
73,2023,12,2.0,random_forest_regressor,1.7568902116402114
73,2024,1,2.0,random_forest_regressor,2.8130833333333323
73,2024,2,2.0,random_forest_regressor,2.8685013227513223
73,2024,3,1.0,random_forest_regressor,2.442999999999999
73,2024,4,1.0,random_forest_regressor,2.9293174603174608
73,2024,5,2.0,random_forest_regressor,3.581314814814816
73,2024,6,0.0,random_forest_regressor,2.5780952380952398
73,2024,7,0.0,random_forest_regressor,2.6922301587301587
73,2024,8,0.0,random_forest_regressor,2.386396825396825
73,2024,9,2.0,random_forest_regressor,2.3525793650793654
73,2024,11,0.0,random_forest_regressor,3.3816507936507922
73,2024,12,0.0,random_forest_regressor,1.6572619047619046
74,2023,11,13.0,random_forest_regressor,8.789361111111111
74,2023,12,7.0,random_forest_regressor,5.08041402116402
74,2024,1,7.0,random_forest_regressor,3.9933465608465606
74,2024,2,7.0,random_forest_regressor,10.376492063492064
74,2024,3,8.0,random_forest_regressor,6.492870370370372
74,2024,4,3.0,random_forest_regressor,10.29872222222222
74,2024,5,9.0,random_forest_regressor,9.322410052910055
74,2024,6,14.0,random_forest_regressor,6.448432539682542
74,2024,7,4.0,random_forest_regressor,5.683112794612797
74,2024,8,5.0,random_forest_regressor,5.445144540644542
74,2024,9,11.0,random_forest_regressor,9.725285714285716
74,2024,11,8.0,random_forest_regressor,6.467680254930258
74,2024,12,6.0,random_forest_regressor,5.973100529100531
75,2023,11,13.0,random_forest_regressor,10.496242063492064
75,2023,12,7.0,random_forest_regressor,6.3356746031746045
75,2024,1,7.0,random_forest_regressor,5.615063492063494
75,2024,2,7.0,random_forest_regressor,10.416269841269841
75,2024,3,8.0,random_forest_regressor,6.337007936507936
75,2024,4,3.0,random_forest_regressor,10.271388888888888
75,2024,5,9.0,random_forest_regressor,9.09546560846561
75,2024,6,14.0,random_forest_regressor,6.430710317460317
75,2024,7,4.0,random_forest_regressor,5.633297979797981
75,2024,8,5.0,random_forest_regressor,5.429184223184224
75,2024,9,11.0,random_forest_regressor,9.37446031746032
75,2024,11,8.0,random_forest_regressor,6.501016233766236
75,2024,12,6.0,random_forest_regressor,6.239582010582011
76,2023,11,2.0,random_forest_regressor,2.586347883597883
76,2023,12,3.0,random_forest_regressor,2.5756058201058187
76,2024,1,3.0,random_forest_regressor,2.009169312169313
76,2024,2,0.0,random_forest_regressor,2.1685039682539675
76,2024,3,4.0,random_forest_regressor,2.2110026455026444
76,2024,4,2.0,random_forest_regressor,2.0456587301587295
76,2024,5,3.0,random_forest_regressor,2.5314206349206345
76,2024,6,5.0,random_forest_regressor,2.3275846560846563
76,2024,7,2.0,random_forest_regressor,2.0726613756613763
76,2024,8,0.0,random_forest_regressor,1.0119126984126985
76,2024,9,1.0,random_forest_regressor,2.8220211640211645
76,2024,11,3.0,random_forest_regressor,2.069805555555556
76,2024,12,2.0,random_forest_regressor,2.0894312169312173
77,2023,11,12.0,random_forest_regressor,13.162732804232803
77,2023,12,16.0,random_forest_regressor,12.588935185185191
77,2024,1,10.0,random_forest_regressor,9.510443121693124
77,2024,2,7.0,random_forest_regressor,10.87795899470899
77,2024,3,12.0,random_forest_regressor,10.804367724867722
77,2024,4,15.0,random_forest_regressor,10.90227645502645
77,2024,5,14.0,random_forest_regressor,11.976529100529097
77,2024,6,15.0,random_forest_regressor,12.456537037037032
77,2024,7,9.0,random_forest_regressor,11.190404761904764
77,2024,8,10.0,random_forest_regressor,11.071576719576722
77,2024,9,16.0,random_forest_regressor,13.550886243386238
77,2024,11,15.0,random_forest_regressor,14.302768518518521
77,2024,12,8.0,random_forest_regressor,3.6980198412698426
78,2023,11,1.0,random_forest_regressor,0.2518095238095238
78,2023,12,0.0,random_forest_regressor,0.4379206349206349
78,2024,1,1.0,random_forest_regressor,0.18977777777777782
78,2024,2,1.0,random_forest_regressor,0.36821825396825403
78,2024,3,0.0,random_forest_regressor,0.03888888888888889
78,2024,4,0.0,random_forest_regressor,0.12254761904761904
78,2024,5,0.0,random_forest_regressor,0.06216666666666666
78,2024,6,0.0,random_forest_regressor,0.051111111111111114
78,2024,7,0.0,random_forest_regressor,0.10305555555555554
78,2024,8,0.0,random_forest_regressor,0.12596825396825398
78,2024,9,1.0,random_forest_regressor,0.10907936507936507
78,2024,11,0.0,random_forest_regressor,0.10722222222222223
78,2024,12,0.0,random_forest_regressor,0.46332142857142844
79,2023,11,1.0,random_forest_regressor,0.5656507936507936
79,2023,12,0.0,random_forest_regressor,0.5317380952380955
79,2024,1,1.0,random_forest_regressor,0.40861111111111104
79,2024,2,1.0,random_forest_regressor,0.9163650793650794
79,2024,3,0.0,random_forest_regressor,0.2868571428571428
79,2024,4,0.0,random_forest_regressor,0.39622222222222225
79,2024,5,0.0,random_forest_regressor,0.3381772486772487
79,2024,6,0.0,random_forest_regressor,0.3130833333333334
79,2024,7,0.0,random_forest_regressor,0.3235595238095238
79,2024,8,0.0,random_forest_regressor,0.3535304232804233
79,2024,9,1.0,random_forest_regressor,0.2690238095238095
79,2024,11,0.0,random_forest_regressor,0.5330383597883597
79,2024,12,0.0,random_forest_regressor,0.5596031746031744
80,2023,11,2.0,random_forest_regressor,0.7584682539682541
80,2023,12,2.0,random_forest_regressor,0.824686507936508
80,2024,1,0.0,random_forest_regressor,0.6478333333333333
80,2024,2,0.0,random_forest_regressor,0.8819166666666667
80,2024,3,1.0,random_forest_regressor,0.8599365079365078
80,2024,4,1.0,random_forest_regressor,0.6502777777777777
80,2024,5,2.0,random_forest_regressor,3.803261904761904
80,2024,12,0.0,random_forest_regressor,6.510515873015873
81,2023,11,2.0,random_forest_regressor,0.894126984126984
81,2023,12,2.0,random_forest_regressor,0.897515873015873
81,2024,1,0.0,random_forest_regressor,0.7900555555555556
81,2024,2,0.0,random_forest_regressor,0.8829444444444444
81,2024,3,1.0,random_forest_regressor,1.0142817460317461
81,2024,4,1.0,random_forest_regressor,0.8239285714285715
81,2024,5,2.0,random_forest_regressor,0.4512063492063493
81,2024,6,0.0,random_forest_regressor,1.0757103174603175
81,2024,7,0.0,random_forest_regressor,0.6037777777777777
81,2024,8,0.0,random_forest_regressor,1.0337857142857139
81,2024,9,0.0,random_forest_regressor,1.2294960317460315
81,2024,11,0.0,random_forest_regressor,0.939
81,2024,12,0.0,random_forest_regressor,0.9973888888888888
82,2023,11,0.0,random_forest_regressor,0.4217142857142856
82,2023,12,0.0,random_forest_regressor,0.23857936507936506
82,2024,1,1.0,random_forest_regressor,0.32469841269841265
82,2024,2,0.0,random_forest_regressor,0.43677777777777765
82,2024,3,0.0,random_forest_regressor,0.11775396825396828
82,2024,4,0.0,random_forest_regressor,0.14238888888888884
82,2024,5,1.0,random_forest_regressor,0.07805555555555554
82,2024,6,0.0,random_forest_regressor,0.3725158730158731
82,2024,7,1.0,random_forest_regressor,0.18105555555555555
82,2024,8,0.0,random_forest_regressor,0.4098015873015873
82,2024,9,0.0,random_forest_regressor,0.30158333333333337
82,2024,11,0.0,random_forest_regressor,0.16419841269841273
82,2024,12,0.0,random_forest_regressor,0.5066984126984126
83,2023,11,0.0,random_forest_regressor,0.36204761904761884
83,2023,12,0.0,random_forest_regressor,0.24291269841269839
83,2024,1,1.0,random_forest_regressor,0.316531746031746
83,2024,2,0.0,random_forest_regressor,0.427
83,2024,3,0.0,random_forest_regressor,1.1747857142857143
83,2024,4,0.0,random_forest_regressor,1.408210317460317
83,2024,5,1.0,random_forest_regressor,0.03261111111111111
83,2024,6,0.0,random_forest_regressor,0.05111111111111111
83,2024,7,1.0,random_forest_regressor,0.0648888888888889
83,2024,8,0.0,random_forest_regressor,0.168968253968254
83,2024,9,0.0,random_forest_regressor,0.11872222222222223
83,2024,11,0.0,random_forest_regressor,0.15380952380952384
83,2024,12,0.0,random_forest_regressor,0.477892857142857
84,2023,11,0.0,random_forest_regressor,2.132718253968256
84,2023,12,0.0,random_forest_regressor,1.9509537037037041
84,2024,1,2.0,random_forest_regressor,1.7053690476190482
84,2024,2,2.0,random_forest_regressor,2.4461388888888895
84,2024,3,1.0,random_forest_regressor,1.403646825396826
84,2024,4,0.0,random_forest_regressor,1.4695674603174604
84,2024,5,3.0,random_forest_regressor,2.179089947089947
84,2024,6,2.0,random_forest_regressor,2.618068783068783
84,2024,7,4.0,random_forest_regressor,2.2954404761904756
84,2024,8,0.0,random_forest_regressor,2.7417301587301584
84,2024,9,3.0,random_forest_regressor,2.8578029100529108
84,2024,11,4.0,random_forest_regressor,1.904051587301587
84,2024,12,0.0,random_forest_regressor,1.8988492063492068
85,2023,11,0.0,random_forest_regressor,0.5027619047619049
85,2023,12,0.0,random_forest_regressor,0.4866071428571428
85,2024,1,0.0,random_forest_regressor,0.3612777777777777
85,2024,2,0.0,random_forest_regressor,0.5354920634920636
85,2024,3,1.0,random_forest_regressor,0.7231269841269842
85,2024,4,0.0,random_forest_regressor,0.2613412698412698
85,2024,5,4.0,random_forest_regressor,0.6056984126984126
85,2024,6,1.0,random_forest_regressor,0.6104007936507935
85,2024,7,3.0,random_forest_regressor,1.499607142857143
85,2024,8,0.0,random_forest_regressor,0.6177063492063493
85,2024,9,2.0,random_forest_regressor,0.8134603174603174
85,2024,11,1.0,random_forest_regressor,0.32338888888888895
85,2024,12,1.0,random_forest_regressor,0.6345238095238095
86,2023,11,0.0,random_forest_regressor,0.7733650793650794
86,2023,12,0.0,random_forest_regressor,0.6886269841269838
86,2024,1,0.0,random_forest_regressor,0.5694126984126985
86,2024,2,1.0,random_forest_regressor,0.817420634920635
86,2024,3,2.0,random_forest_regressor,0.781626984126984
86,2024,4,0.0,random_forest_regressor,0.6210529100529102
86,2024,5,4.0,random_forest_regressor,0.8147222222222222
86,2024,6,2.0,random_forest_regressor,1.0603002645502644
86,2024,7,2.0,random_forest_regressor,1.1324497354497352
86,2024,8,1.0,random_forest_regressor,1.0387579365079365
86,2024,9,3.0,random_forest_regressor,0.809904761904762
86,2024,11,0.0,random_forest_regressor,0.6759814814814813
86,2024,12,2.0,random_forest_regressor,0.9001243386243385
87,2023,11,2.0,random_forest_regressor,2.0637777777777777
87,2023,12,2.0,random_forest_regressor,2.58911111111111
87,2024,1,1.0,random_forest_regressor,2.117571428571429
87,2024,2,1.0,random_forest_regressor,2.506290764790765
87,2024,3,3.0,random_forest_regressor,2.3942669552669553
87,2024,4,3.0,random_forest_regressor,2.141230158730159
87,2024,5,1.0,random_forest_regressor,2.96443253968254
87,2024,6,0.0,random_forest_regressor,2.648116402116403
87,2024,7,3.0,random_forest_regressor,2.2051031746031753
87,2024,8,3.0,random_forest_regressor,3.069714285714287
87,2024,9,3.0,random_forest_regressor,2.91905291005291
87,2024,11,3.0,random_forest_regressor,2.3865010822510824
87,2024,12,4.0,random_forest_regressor,2.8002301587301583
88,2023,11,2.0,random_forest_regressor,1.9992359307359304
88,2023,12,0.0,random_forest_regressor,1.6430375180375172
88,2024,1,0.0,random_forest_regressor,1.3936666666666664
88,2024,2,0.0,random_forest_regressor,1.9978492063492057
88,2024,3,2.0,random_forest_regressor,1.1711587301587307
88,2024,4,1.0,random_forest_regressor,1.7363769841269838
88,2024,5,1.0,random_forest_regressor,1.9246428571428578
88,2024,6,1.0,random_forest_regressor,1.0498544973544979
88,2024,7,3.0,random_forest_regressor,0.9106203703703706
88,2024,8,1.0,random_forest_regressor,1.068972222222222
88,2024,9,0.0,random_forest_regressor,1.1992619047619053
88,2024,11,3.0,random_forest_regressor,1.204191919191919
88,2024,12,0.0,random_forest_regressor,1.3016190476190472
89,2023,11,2.0,random_forest_regressor,2.2353892496392493
89,2023,12,0.0,random_forest_regressor,1.8861670274170281
89,2024,1,0.0,random_forest_regressor,1.5273412698412705
89,2024,2,0.0,random_forest_regressor,1.9768174603174604
89,2024,3,2.0,random_forest_regressor,1.7527698412698416
89,2024,4,1.0,random_forest_regressor,1.7529826839826845
89,2024,5,1.0,random_forest_regressor,1.644611111111111
89,2024,6,1.0,random_forest_regressor,1.1585753968253967
89,2024,7,3.0,random_forest_regressor,1.1348809523809524
89,2024,8,1.0,random_forest_regressor,2.4435396825396833
89,2024,9,0.0,random_forest_regressor,1.5056468253968254
89,2024,11,3.0,random_forest_regressor,1.93865873015873
89,2024,12,0.0,random_forest_regressor,1.8859087301587314
90,2023,11,1.0,random_forest_regressor,1.2156944444444444
90,2023,12,1.0,random_forest_regressor,1.1499285714285714
90,2024,1,0.0,random_forest_regressor,0.8602301587301588
90,2024,2,0.0,random_forest_regressor,1.089281746031746
90,2024,3,0.0,random_forest_regressor,1.117357142857143
90,2024,4,0.0,random_forest_regressor,1.048638888888889
90,2024,5,0.0,random_forest_regressor,0.9539166666666671
90,2024,6,1.0,random_forest_regressor,0.6597142857142857
90,2024,7,0.0,random_forest_regressor,0.6114722222222223
90,2024,8,0.0,random_forest_regressor,0.49513888888888885
90,2024,9,2.0,random_forest_regressor,0.6880079365079367
90,2024,11,0.0,random_forest_regressor,1.0717619047619042
90,2024,12,1.0,random_forest_regressor,1.4467777777777784
91,2023,11,1.0,random_forest_regressor,1.3617103174603176
91,2023,12,1.0,random_forest_regressor,1.1623174603174602
91,2024,1,0.0,random_forest_regressor,0.8515079365079365
91,2024,2,0.0,random_forest_regressor,1.0721150793650795
91,2024,3,0.0,random_forest_regressor,1.1213571428571432
91,2024,4,0.0,random_forest_regressor,1.0922499999999997
91,2024,5,0.0,random_forest_regressor,0.9196865079365082
91,2024,6,1.0,random_forest_regressor,0.6865317460317459
91,2024,7,0.0,random_forest_regressor,0.5199166666666667
91,2024,8,0.0,random_forest_regressor,0.7759722222222223
91,2024,9,2.0,random_forest_regressor,0.6075079365079366
91,2024,11,0.0,random_forest_regressor,1.0544047619047616
91,2024,12,1.0,random_forest_regressor,1.5290238095238098
92,2023,11,0.0,random_forest_regressor,2.3175912698412695
92,2023,12,1.0,random_forest_regressor,1.6317936507936506
92,2024,1,1.0,random_forest_regressor,1.3341349206349205
92,2024,2,0.0,random_forest_regressor,1.8630634920634919
92,2024,3,0.0,random_forest_regressor,1.9433518518518509
92,2024,4,0.0,random_forest_regressor,1.4334682539682537
92,2024,5,0.0,random_forest_regressor,2.093357142857143
92,2024,6,3.0,random_forest_regressor,2.70734126984127
92,2024,7,1.0,random_forest_regressor,1.7293439153439158
92,2024,8,1.0,random_forest_regressor,2.257599206349206
92,2024,9,2.0,random_forest_regressor,3.0533015873015876
92,2024,11,1.0,random_forest_regressor,1.5466944444444446
92,2024,12,0.0,random_forest_regressor,1.920649470899471
93,2023,11,0.0,random_forest_regressor,2.2495714285714286
93,2023,12,1.0,random_forest_regressor,1.7550714285714284
93,2024,1,1.0,random_forest_regressor,1.5462460317460314
93,2024,2,0.0,random_forest_regressor,1.5927698412698412
93,2024,3,0.0,random_forest_regressor,2.0009788359788354
93,2024,4,0.0,random_forest_regressor,1.4859126984126987
93,2024,5,0.0,random_forest_regressor,2.07430291005291
93,2024,6,3.0,random_forest_regressor,2.501722222222223
93,2024,7,1.0,random_forest_regressor,1.926092592592593
93,2024,8,1.0,random_forest_regressor,2.312563492063492
93,2024,9,2.0,random_forest_regressor,2.9521335978835976
93,2024,11,1.0,random_forest_regressor,1.5480039682539681
93,2024,12,0.0,random_forest_regressor,1.8609484126984128
94,2023,11,4.0,random_forest_regressor,1.9499761904761896
94,2023,12,1.0,random_forest_regressor,1.7760093795093792
94,2024,1,2.0,random_forest_regressor,1.8165595238095236
94,2024,2,3.0,random_forest_regressor,2.1887023809523796
94,2024,3,5.0,random_forest_regressor,2.0171904761904753
94,2024,4,3.0,random_forest_regressor,1.9404404761904754
94,2024,5,0.0,random_forest_regressor,2.1970873015873003
94,2024,6,2.0,random_forest_regressor,2.418690476190476
94,2024,7,0.0,random_forest_regressor,2.4412711640211633
94,2024,8,5.0,random_forest_regressor,2.45829365079365
94,2024,9,1.0,random_forest_regressor,2.879285714285713
94,2024,11,3.0,random_forest_regressor,2.4201826599326592
94,2024,12,2.0,random_forest_regressor,2.2879986772486762
95,2023,11,2.0,random_forest_regressor,2.2257424242424237
95,2023,12,2.0,random_forest_regressor,1.8876666666666668
95,2024,1,2.0,random_forest_regressor,1.6448452380952385
95,2024,2,2.0,random_forest_regressor,2.3081349206349193
95,2024,3,0.0,random_forest_regressor,2.0335515873015875
95,2024,4,1.0,random_forest_regressor,2.3606904761904763
95,2024,5,3.0,random_forest_regressor,3.320396825396825
95,2024,6,2.0,random_forest_regressor,2.5960873015873007
95,2024,7,1.0,random_forest_regressor,3.460488095238094
95,2024,8,4.0,random_forest_regressor,2.6877089947089945
95,2024,9,2.0,random_forest_regressor,3.398932539682539
95,2024,11,2.0,random_forest_regressor,1.843653439153439
95,2024,12,2.0,random_forest_regressor,1.905730158730158
96,2023,11,2.0,random_forest_regressor,2.3750281385281378
96,2023,12,2.0,random_forest_regressor,1.9744126984126982
96,2024,1,2.0,random_forest_regressor,1.6171984126984131
96,2024,2,2.0,random_forest_regressor,2.3663015873015865
96,2024,3,0.0,random_forest_regressor,1.984634920634921
96,2024,4,1.0,random_forest_regressor,2.2933571428571438
96,2024,5,3.0,random_forest_regressor,3.042814814814814
96,2024,6,2.0,random_forest_regressor,2.6161904761904773
96,2024,7,1.0,random_forest_regressor,2.6257777777777775
96,2024,8,4.0,random_forest_regressor,2.3429761904761883
96,2024,9,2.0,random_forest_regressor,3.1785476190476167
96,2024,11,2.0,random_forest_regressor,1.6653691678691676
96,2024,12,2.0,random_forest_regressor,2.1786759259259254
97,2023,11,1.0,random_forest_regressor,2.8035119047619035
97,2023,12,0.0,random_forest_regressor,2.768206349206348
97,2024,1,1.0,random_forest_regressor,2.748809523809524
97,2024,2,1.0,random_forest_regressor,2.2893809523809514
97,2024,3,1.0,random_forest_regressor,2.554134920634921
97,2024,4,0.0,random_forest_regressor,2.2826865079365084
97,2024,5,3.0,random_forest_regressor,3.2197142857142853
97,2024,6,2.0,random_forest_regressor,2.6252486772486763
97,2024,7,2.0,random_forest_regressor,2.3148373015873007
97,2024,8,0.0,random_forest_regressor,2.1713412698412697
97,2024,9,1.0,random_forest_regressor,3.46009126984127
97,2024,11,3.0,random_forest_regressor,2.6417301587301587
97,2024,12,1.0,random_forest_regressor,2.4489087301587307
98,2023,11,1.0,random_forest_regressor,2.879353174603174
98,2023,12,0.0,random_forest_regressor,2.560289682539683
98,2024,1,1.0,random_forest_regressor,2.2869920634920637
98,2024,2,1.0,random_forest_regressor,2.1904841269841278
98,2024,3,1.0,random_forest_regressor,2.3964246031746033
98,2024,4,0.0,random_forest_regressor,2.3522380952380955
98,2024,5,3.0,random_forest_regressor,3.075031746031746
98,2024,6,2.0,random_forest_regressor,3.2617328042328038
98,2024,7,2.0,random_forest_regressor,2.294277777777777
98,2024,8,0.0,random_forest_regressor,3.5668214285714277
98,2024,9,1.0,random_forest_regressor,3.9625753968253994
98,2024,11,3.0,random_forest_regressor,2.9973015873015876
98,2024,12,1.0,random_forest_regressor,2.5817222222222225
99,2023,11,5.0,random_forest_regressor,5.681730158730158
99,2023,12,2.0,random_forest_regressor,2.520448412698413
99,2024,1,7.0,random_forest_regressor,3.9271759259259253
99,2024,2,3.0,random_forest_regressor,5.04215873015873
99,2024,3,6.0,random_forest_regressor,5.272333333333331
99,2024,4,6.0,random_forest_regressor,5.063468253968252
99,2024,5,7.0,random_forest_regressor,5.132730158730156
99,2024,6,5.0,random_forest_regressor,5.2902499999999995
99,2024,7,6.0,random_forest_regressor,3.7332103174603177
99,2024,8,8.0,random_forest_regressor,4.8726071428571425
99,2024,9,8.0,random_forest_regressor,5.554416666666666
99,2024,11,7.0,random_forest_regressor,4.40905687830688
99,2024,12,4.0,random_forest_regressor,3.217267195767194
100,2023,11,5.0,random_forest_regressor,6.470055555555552
100,2023,12,2.0,random_forest_regressor,5.522253968253967
100,2024,1,7.0,random_forest_regressor,4.80851058201058
100,2024,2,3.0,random_forest_regressor,6.8757420634920665
100,2024,3,6.0,random_forest_regressor,5.943041005291004
100,2024,4,6.0,random_forest_regressor,6.443027777777774
100,2024,5,7.0,random_forest_regressor,7.260746031746033
100,2024,6,5.0,random_forest_regressor,6.7787341269841255
100,2024,7,6.0,random_forest_regressor,4.762886243386243
100,2024,8,8.0,random_forest_regressor,5.858927248677247
100,2024,9,8.0,random_forest_regressor,6.585448412698411
100,2024,11,7.0,random_forest_regressor,6.988910052910052
100,2024,12,4.0,random_forest_regressor,6.422089947089947
101,2023,11,2.0,random_forest_regressor,2.0544761904761906
101,2023,12,1.0,random_forest_regressor,1.5711269841269846
101,2024,1,1.0,random_forest_regressor,1.5613015873015874
101,2024,2,1.0,random_forest_regressor,1.9212380952380959
101,2024,3,1.0,random_forest_regressor,1.7205515873015873
101,2024,4,3.0,random_forest_regressor,1.8743809523809527
101,2024,5,2.0,random_forest_regressor,2.571563492063491
101,2024,6,0.0,random_forest_regressor,2.2084960317460323
101,2024,7,0.0,random_forest_regressor,1.9247857142857148
101,2024,8,4.0,random_forest_regressor,2.1191230158730154
101,2024,9,3.0,random_forest_regressor,2.199126984126984
101,2024,11,2.0,random_forest_regressor,1.9526984126984122
101,2024,12,1.0,random_forest_regressor,1.6565873015873023
102,2023,11,2.0,random_forest_regressor,2.03393253968254
102,2023,12,1.0,random_forest_regressor,1.8080000000000003
102,2024,1,1.0,random_forest_regressor,1.732714285714286
102,2024,2,1.0,random_forest_regressor,1.994833333333334
102,2024,3,1.0,random_forest_regressor,1.7683214285714288
102,2024,4,3.0,random_forest_regressor,2.0118968253968252
102,2024,5,2.0,random_forest_regressor,2.657452380952382
102,2024,6,0.0,random_forest_regressor,2.218608465608465
102,2024,7,0.0,random_forest_regressor,1.722424603174603
102,2024,8,4.0,random_forest_regressor,2.06597619047619
102,2024,9,3.0,random_forest_regressor,2.2087698412698415
102,2024,11,2.0,random_forest_regressor,1.5867857142857142
102,2024,12,1.0,random_forest_regressor,1.7356428571428568
103,2023,11,1.0,random_forest_regressor,1.322138888888889
103,2023,12,0.0,random_forest_regressor,0.8612539682539682
103,2024,1,0.0,random_forest_regressor,0.9076587301587303
103,2024,2,2.0,random_forest_regressor,1.272138888888889
103,2024,3,0.0,random_forest_regressor,0.9856666666666666
103,2024,4,1.0,random_forest_regressor,1.1384206349206347
103,2024,5,0.0,random_forest_regressor,1.4464285714285714
103,2024,6,0.0,random_forest_regressor,0.9864563492063491
103,2024,7,1.0,random_forest_regressor,0.9099523809523808
103,2024,8,1.0,random_forest_regressor,1.763670634920635
103,2024,9,0.0,random_forest_regressor,1.1476269841269844
103,2024,11,2.0,random_forest_regressor,0.9328888888888885
103,2024,12,1.0,random_forest_regressor,1.142746031746032
104,2023,11,1.0,random_forest_regressor,1.3269126984126984
104,2023,12,0.0,random_forest_regressor,1.2459761904761906
104,2024,1,0.0,random_forest_regressor,0.9764920634920635
104,2024,2,2.0,random_forest_regressor,1.809718253968254
104,2024,3,0.0,random_forest_regressor,1.001801587301587
104,2024,4,1.0,random_forest_regressor,1.2492777777777782
104,2024,5,0.0,random_forest_regressor,1.4922936507936508
104,2024,6,0.0,random_forest_regressor,1.2324801587301588
104,2024,7,1.0,random_forest_regressor,0.8932063492063493
104,2024,8,1.0,random_forest_regressor,1.614119047619048
104,2024,9,0.0,random_forest_regressor,1.2463333333333335
104,2024,11,2.0,random_forest_regressor,0.9311349206349204
104,2024,12,1.0,random_forest_regressor,1.101857142857143
105,2023,11,0.0,random_forest_regressor,1.5865288600288605
105,2023,12,0.0,random_forest_regressor,4.1309523809523805
105,2024,1,0.0,random_forest_regressor,4.103595238095237
105,2024,2,1.0,random_forest_regressor,1.6962222222222223
105,2024,3,0.0,random_forest_regressor,3.3359126984126974
105,2024,4,0.0,random_forest_regressor,1.54984126984127
105,2024,5,0.0,random_forest_regressor,4.31495238095238
105,2024,6,1.0,random_forest_regressor,1.691015873015873
105,2024,7,0.0,random_forest_regressor,4.3055634920634915
105,2024,8,0.0,random_forest_regressor,4.302484126984126
105,2024,9,0.0,random_forest_regressor,1.5584494949494951
105,2024,11,1.0,random_forest_regressor,1.5581161616161623
105,2024,12,0.0,random_forest_regressor,4.174142857142858
106,2023,11,0.0,random_forest_regressor,0.5010873015873015
106,2023,12,0.0,random_forest_regressor,0.8497380952380952
106,2024,1,0.0,random_forest_regressor,0.614468253968254
106,2024,2,1.0,random_forest_regressor,0.8222460317460315
106,2024,3,0.0,random_forest_regressor,0.12589682539682542
106,2024,4,0.0,random_forest_regressor,0.2543095238095239
106,2024,5,0.0,random_forest_regressor,1.7928518518518521
106,2024,6,1.0,random_forest_regressor,1.674571428571428
106,2024,7,0.0,random_forest_regressor,0.3946111111111112
106,2024,8,0.0,random_forest_regressor,1.3922962962962961
106,2024,9,0.0,random_forest_regressor,0.24072222222222228
106,2024,11,1.0,random_forest_regressor,0.7089206349206347
106,2024,12,0.0,random_forest_regressor,0.9164365079365079
107,2023,11,12.0,random_forest_regressor,13.817392857142865
107,2023,12,14.0,random_forest_regressor,11.652597883597883
107,2024,1,10.0,random_forest_regressor,8.294820105820106
107,2024,2,7.0,random_forest_regressor,10.170582732082732
107,2024,3,12.0,random_forest_regressor,11.923113756613764
107,2024,4,15.0,random_forest_regressor,10.363439874939873
107,2024,5,14.0,random_forest_regressor,12.662548941798946
107,2024,6,15.0,random_forest_regressor,12.538232804232809
107,2024,7,9.0,random_forest_regressor,12.30043121693122
107,2024,8,10.0,random_forest_regressor,12.488793650793653
107,2024,9,16.0,random_forest_regressor,16.425544973544973
107,2024,11,15.0,random_forest_regressor,15.941178571428576
107,2024,12,8.0,random_forest_regressor,16.271937830687826
108,2023,11,3.0,random_forest_regressor,1.849960317460317
108,2023,12,3.0,random_forest_regressor,2.0964126984126974
108,2024,1,3.0,random_forest_regressor,1.6879960317460314
108,2024,2,0.0,random_forest_regressor,2.0914682539682534
108,2024,3,5.0,random_forest_regressor,3.969769841269841
108,2024,4,3.0,random_forest_regressor,2.374539682539684
108,2024,5,4.0,random_forest_regressor,4.020330687830689
108,2024,6,5.0,random_forest_regressor,3.7033293650793637
108,2024,7,2.0,random_forest_regressor,2.181968253968254
108,2024,8,1.0,random_forest_regressor,2.167964285714286
108,2024,9,1.0,random_forest_regressor,4.056948412698413
108,2024,11,4.0,random_forest_regressor,2.2461825396825397
108,2024,12,2.0,random_forest_regressor,2.2619761904761897
109,2023,11,0.0,random_forest_regressor,3.6607936507936536
109,2023,12,0.0,random_forest_regressor,2.5769920634920633
109,2024,1,1.0,random_forest_regressor,2.0156031746031755
109,2024,2,0.0,random_forest_regressor,4.166309523809525
109,2024,3,2.0,random_forest_regressor,4.431222222222222
109,2024,4,2.0,random_forest_regressor,4.557464285714284
109,2024,5,1.0,random_forest_regressor,5.772650793650794
109,2024,6,0.0,random_forest_regressor,8.464968253968255
109,2024,7,0.0,random_forest_regressor,4.8304603174603145
109,2024,8,2.0,random_forest_regressor,6.966373015873016
109,2024,9,5.0,random_forest_regressor,5.015424603174603
109,2024,11,1.0,random_forest_regressor,5.602260582010581
109,2024,12,0.0,random_forest_regressor,2.4928968253968256
110,2023,11,4.0,random_forest_regressor,2.602809523809525
110,2023,12,1.0,random_forest_regressor,2.2729404761904757
110,2024,1,2.0,random_forest_regressor,2.128023809523809
110,2024,2,3.0,random_forest_regressor,2.562293650793651
110,2024,3,5.0,random_forest_regressor,2.388626984126984
110,2024,4,3.0,random_forest_regressor,2.5335634920634926
110,2024,5,0.0,random_forest_regressor,4.522428571428571
110,2024,6,1.0,random_forest_regressor,3.729261904761905
110,2024,7,0.0,random_forest_regressor,3.2634047619047615
110,2024,8,5.0,random_forest_regressor,2.989440476190475
110,2024,9,1.0,random_forest_regressor,2.292904761904762
110,2024,11,3.0,random_forest_regressor,3.391960317460317
110,2024,12,2.0,random_forest_regressor,2.2246825396825396
111,2023,11,2.0,random_forest_regressor,1.7969527417027413
111,2023,12,0.0,random_forest_regressor,1.8811031746031752
111,2024,1,2.0,random_forest_regressor,1.3481746031746034
111,2024,2,1.0,random_forest_regressor,1.9778694083694077
111,2024,3,1.0,random_forest_regressor,1.4510357142857144
111,2024,4,1.0,random_forest_regressor,1.9488095238095238
111,2024,5,1.0,random_forest_regressor,1.9832275132275137
111,2024,6,4.0,random_forest_regressor,2.331296296296296
111,2024,7,1.0,random_forest_regressor,1.5137910052910053
111,2024,8,4.0,random_forest_regressor,2.3483095238095233
111,2024,9,0.0,random_forest_regressor,1.9970079365079365
111,2024,11,1.0,random_forest_regressor,1.6827169312169319
111,2024,12,0.0,random_forest_regressor,1.4030158730158728
112,2023,11,0.0,random_forest_regressor,1.3623095238095237
112,2023,12,1.0,random_forest_regressor,1.4005357142857142
112,2024,1,1.0,random_forest_regressor,0.8992222222222221
112,2024,2,2.0,random_forest_regressor,1.4121031746031745
112,2024,3,1.0,random_forest_regressor,1.2917619047619047
112,2024,4,2.0,random_forest_regressor,1.3329417989417987
112,2024,5,2.0,random_forest_regressor,1.8075992063492063
112,2024,6,0.0,random_forest_regressor,2.1424444444444446
112,2024,7,0.0,random_forest_regressor,1.8761428571428576
112,2024,8,3.0,random_forest_regressor,2.157876984126984
112,2024,9,1.0,random_forest_regressor,1.6553968253968252
112,2024,11,0.0,random_forest_regressor,1.4065595238095239
112,2024,12,1.0,random_forest_regressor,1.404194444444444
113,2023,11,0.0,random_forest_regressor,2.025907527657528
113,2023,12,0.0,random_forest_regressor,1.2927395382395384
113,2024,1,0.0,random_forest_regressor,1.1951904761904761
113,2024,2,1.0,random_forest_regressor,1.8721296296296297
113,2024,3,0.0,random_forest_regressor,0.7587539682539682
113,2024,4,1.0,random_forest_regressor,1.008095238095238
113,2024,5,0.0,random_forest_regressor,0.8202936507936506
113,2024,6,0.0,random_forest_regressor,1.0273690476190476
113,2024,7,1.0,random_forest_regressor,0.9404920634920635
113,2024,8,1.0,random_forest_regressor,1.5388994708994705
113,2024,9,1.0,random_forest_regressor,0.9729682539682538
113,2024,11,1.0,random_forest_regressor,1.340822871572872
113,2024,12,1.0,random_forest_regressor,1.3164444444444445
114,2023,11,0.0,random_forest_regressor,1.4949047619047617
114,2023,12,0.0,random_forest_regressor,1.3450793650793647
114,2024,1,0.0,random_forest_regressor,1.2874920634920632
114,2024,2,1.0,random_forest_regressor,1.541634920634921
114,2024,3,0.0,random_forest_regressor,0.7232142857142857
114,2024,4,1.0,random_forest_regressor,0.8967619047619046
114,2024,5,0.0,random_forest_regressor,0.9067222222222218
114,2024,6,0.0,random_forest_regressor,1.377888888888889
114,2024,7,1.0,random_forest_regressor,0.7978412698412698
114,2024,8,1.0,random_forest_regressor,1.3280674603174605
114,2024,9,1.0,random_forest_regressor,0.6712936507936509
114,2024,11,1.0,random_forest_regressor,1.100436507936508
114,2024,12,1.0,random_forest_regressor,1.2904126984126985
115,2023,11,0.0,random_forest_regressor,2.2703350168350167
115,2023,12,1.0,random_forest_regressor,2.356214285714285
115,2024,1,1.0,random_forest_regressor,1.920936507936508
115,2024,2,1.0,random_forest_regressor,2.044380952380952
115,2024,3,2.0,random_forest_regressor,1.6929700577200575
115,2024,4,3.0,random_forest_regressor,1.6195388407888405
115,2024,5,0.0,random_forest_regressor,2.3285291005291016
115,2024,6,1.0,random_forest_regressor,2.095984126984126
115,2024,7,0.0,random_forest_regressor,1.7474444444444437
115,2024,8,2.0,random_forest_regressor,2.1069404761904758
115,2024,9,0.0,random_forest_regressor,2.215547619047619
115,2024,11,1.0,random_forest_regressor,1.9116367243867238
115,2024,12,1.0,random_forest_regressor,2.2990436507936507
116,2023,11,0.0,random_forest_regressor,1.7452579365079366
116,2023,12,0.0,random_forest_regressor,1.445992063492063
116,2024,1,1.0,random_forest_regressor,1.082785714285714
116,2024,2,1.0,random_forest_regressor,1.6656269841269844
116,2024,3,2.0,random_forest_regressor,0.84015873015873
116,2024,4,0.0,random_forest_regressor,1.0502539682539682
116,2024,5,3.0,random_forest_regressor,1.4333703703703704
116,2024,6,0.0,random_forest_regressor,1.5295079365079365
116,2024,7,1.0,random_forest_regressor,1.025142857142857
116,2024,8,1.0,random_forest_regressor,1.1615793650793649
116,2024,9,2.0,random_forest_regressor,1.851174603174603
116,2024,11,1.0,random_forest_regressor,1.0769444444444445
116,2024,12,0.0,random_forest_regressor,1.0080000000000002
117,2023,11,0.0,random_forest_regressor,1.6381706349206344
117,2023,12,0.0,random_forest_regressor,1.5650873015873017
117,2024,1,1.0,random_forest_regressor,1.0217142857142856
117,2024,2,1.0,random_forest_regressor,1.6648015873015867
117,2024,3,2.0,random_forest_regressor,0.9643095238095236
117,2024,4,0.0,random_forest_regressor,0.9716666666666662
117,2024,5,3.0,random_forest_regressor,1.286989417989418
117,2024,6,0.0,random_forest_regressor,1.4300132275132276
117,2024,7,1.0,random_forest_regressor,1.2816243386243384
117,2024,8,1.0,random_forest_regressor,1.377031746031746
117,2024,9,2.0,random_forest_regressor,1.727925925925926
117,2024,11,1.0,random_forest_regressor,1.185281746031746
117,2024,12,0.0,random_forest_regressor,1.222166666666667
118,2023,11,8.0,random_forest_regressor,8.14453439153439
118,2023,12,5.0,random_forest_regressor,7.052456349206345
118,2024,1,5.0,random_forest_regressor,6.335787037037038
118,2024,2,9.0,random_forest_regressor,7.067202380952383
118,2024,3,6.0,random_forest_regressor,6.730391534391535
118,2024,4,6.0,random_forest_regressor,7.3166190476190485
118,2024,5,6.0,random_forest_regressor,7.164943121693122
118,2024,6,14.0,random_forest_regressor,6.277876984126984
118,2024,7,6.0,random_forest_regressor,5.682407407407407
118,2024,8,5.0,random_forest_regressor,5.566835978835976
118,2024,9,4.0,random_forest_regressor,6.357722222222221
118,2024,11,7.0,random_forest_regressor,6.608702380952383
118,2024,12,3.0,random_forest_regressor,7.317116402116402
119,2023,11,8.0,random_forest_regressor,1.8961746031746036
119,2023,12,5.0,random_forest_regressor,4.292198412698412
119,2024,1,5.0,random_forest_regressor,4.3012539682539686
119,2024,2,9.0,random_forest_regressor,1.8769126984126987
119,2024,3,5.0,random_forest_regressor,3.6291269841269838
119,2024,4,5.0,random_forest_regressor,1.8927777777777783
119,2024,5,6.0,random_forest_regressor,4.5811111111111105
119,2024,6,14.0,random_forest_regressor,2.239261904761905
119,2024,7,6.0,random_forest_regressor,4.56145238095238
119,2024,8,5.0,random_forest_regressor,4.810896825396827
119,2024,9,5.0,random_forest_regressor,1.9651320346320351
119,2024,11,7.0,random_forest_regressor,6.578175925925925
119,2024,12,3.0,random_forest_regressor,6.231275132275133
120,2023,11,4.0,random_forest_regressor,1.3554338624338624
120,2023,12,1.0,random_forest_regressor,1.186021164021164
120,2024,1,4.0,random_forest_regressor,0.909515873015873
120,2024,2,0.0,random_forest_regressor,1.3142671957671959
120,2024,3,4.0,random_forest_regressor,1.2193888888888884
120,2024,4,3.0,random_forest_regressor,1.4180767195767194
120,2024,5,4.0,random_forest_regressor,1.86443253968254
120,2024,6,4.0,random_forest_regressor,1.6139007936507939
120,2024,7,1.0,random_forest_regressor,1.2266560846560846
120,2024,8,3.0,random_forest_regressor,1.5564298941798944
120,2024,9,4.0,random_forest_regressor,1.6910582010582007
120,2024,11,1.0,random_forest_regressor,1.4757142857142853
120,2024,12,2.0,random_forest_regressor,1.1433783068783072
121,2023,11,4.0,random_forest_regressor,2.0588888888888888
121,2023,12,1.0,random_forest_regressor,1.5971150793650795
121,2024,1,3.0,random_forest_regressor,1.156718253968254
121,2024,2,0.0,random_forest_regressor,1.8417923280423274
121,2024,3,3.0,random_forest_regressor,1.199058201058201
121,2024,4,3.0,random_forest_regressor,1.5939285714285714
121,2024,5,4.0,random_forest_regressor,2.5410701058201073
121,2024,6,4.0,random_forest_regressor,1.8322791005291004
121,2024,7,0.0,random_forest_regressor,2.042904761904762
121,2024,8,3.0,random_forest_regressor,1.8723253968253974
121,2024,9,4.0,random_forest_regressor,2.0951904761904774
121,2024,11,1.0,random_forest_regressor,1.6877883597883598
121,2024,12,2.0,random_forest_regressor,1.4510952380952375
122,2023,11,5.0,random_forest_regressor,6.366960317460317
122,2023,12,4.0,random_forest_regressor,5.205748677248675
122,2024,1,4.0,random_forest_regressor,5.595345238095238
122,2024,2,2.0,random_forest_regressor,6.520236291486295
122,2024,3,5.0,random_forest_regressor,5.346481000481003
122,2024,4,5.0,random_forest_regressor,4.664217772967775
122,2024,5,6.0,random_forest_regressor,6.647345238095239
122,2024,6,6.0,random_forest_regressor,5.454444444444445
122,2024,7,9.0,random_forest_regressor,3.4580357142857134
122,2024,8,2.0,random_forest_regressor,2.6603333333333334
122,2024,9,4.0,random_forest_regressor,1.3996320346320348
122,2024,11,3.0,random_forest_regressor,1.522695526695527
122,2024,12,4.0,random_forest_regressor,2.3623492063492053
123,2024,11,2.0,random_forest_regressor,6.138626984126985
123,2024,12,0.0,random_forest_regressor,6.224674603174605
124,2023,11,3.0,random_forest_regressor,1.6562671957671953
124,2023,12,1.0,random_forest_regressor,4.209674603174604
124,2024,1,1.0,random_forest_regressor,4.162746031746032
124,2024,2,1.0,random_forest_regressor,2.0722698412698404
124,2024,3,3.0,random_forest_regressor,3.479777777777776
124,2024,4,3.0,random_forest_regressor,1.9377539682539684
124,2024,5,0.0,random_forest_regressor,4.340857142857144
124,2024,6,0.0,random_forest_regressor,2.1044880952380955
124,2024,7,1.0,random_forest_regressor,4.300809523809524
124,2024,8,1.0,random_forest_regressor,1.8865010822510822
124,2024,11,2.0,random_forest_regressor,6.138626984126985
124,2024,12,0.0,random_forest_regressor,6.224674603174605
125,2023,11,5.0,random_forest_regressor,4.187043650793651
125,2023,12,4.0,random_forest_regressor,3.552412698412699
125,2024,1,4.0,random_forest_regressor,3.5562619047619055
125,2024,2,2.0,random_forest_regressor,5.835839947089951
125,2024,3,5.0,random_forest_regressor,4.75923015873016
125,2024,4,5.0,random_forest_regressor,4.484079365079363
125,2024,5,6.0,random_forest_regressor,5.631202380952382
125,2024,6,6.0,random_forest_regressor,4.69960137085137
125,2024,7,9.0,random_forest_regressor,3.856376984126982
125,2024,8,2.0,random_forest_regressor,4.502523809523809
125,2024,9,4.0,random_forest_regressor,14.39389682539683
125,2024,11,3.0,random_forest_regressor,12.943371693121694
125,2024,12,4.0,random_forest_regressor,8.587503968253968
126,2023,11,1.0,random_forest_regressor,2.2889487734487743
126,2023,12,3.0,random_forest_regressor,1.7729722222222237
126,2024,1,4.0,random_forest_regressor,1.5716269841269837
126,2024,2,1.0,random_forest_regressor,2.2707821067821063
126,2024,3,3.0,random_forest_regressor,2.197023809523809
126,2024,4,4.0,random_forest_regressor,2.429698412698412
126,2024,5,5.0,random_forest_regressor,3.0916441798941805
126,2024,6,4.0,random_forest_regressor,2.6503201058201067
126,2024,7,2.0,random_forest_regressor,2.8794285714285706
126,2024,8,0.0,random_forest_regressor,2.7757936507936516
126,2024,9,3.0,random_forest_regressor,2.8869986772486786
126,2024,11,2.0,random_forest_regressor,2.1859761904761905
126,2024,12,2.0,random_forest_regressor,1.5309404761904764
127,2023,11,0.0,random_forest_regressor,1.569595238095238
127,2023,12,1.0,random_forest_regressor,1.7436269841269845
127,2024,1,1.0,random_forest_regressor,0.7613412698412698
127,2024,2,2.0,random_forest_regressor,1.2506507936507936
127,2024,3,1.0,random_forest_regressor,1.1907301587301586
127,2024,4,2.0,random_forest_regressor,0.9636719576719575
127,2024,5,2.0,random_forest_regressor,1.7127830687830685
127,2024,6,0.0,random_forest_regressor,2.4543624338624337
127,2024,7,0.0,random_forest_regressor,1.8292989417989414
127,2024,8,3.0,random_forest_regressor,1.962638888888889
127,2024,9,1.0,random_forest_regressor,2.032179894179894
127,2024,11,0.0,random_forest_regressor,1.0421825396825395
127,2024,12,1.0,random_forest_regressor,1.5120952380952382
128,2023,11,3.0,random_forest_regressor,2.8621485088985072
128,2023,12,2.0,random_forest_regressor,2.41418253968254
128,2024,1,5.0,random_forest_regressor,2.3268095238095237
128,2024,2,3.0,random_forest_regressor,2.7939051226551226
128,2024,3,4.0,random_forest_regressor,2.421365079365079
128,2024,4,4.0,random_forest_regressor,3.1162513227513227
128,2024,5,10.0,random_forest_regressor,3.272103174603174
128,2024,6,9.0,random_forest_regressor,3.094519841269841
128,2024,7,6.0,random_forest_regressor,2.8736031746031747
128,2024,8,5.0,random_forest_regressor,3.3923253968253975
128,2024,9,5.0,random_forest_regressor,3.5938809523809514
128,2024,11,5.0,random_forest_regressor,2.260880952380953
128,2024,12,1.0,random_forest_regressor,2.097119047619048
129,2023,11,3.0,random_forest_regressor,2.860775493025491
129,2023,12,2.0,random_forest_regressor,2.611658730158731
129,2024,1,5.0,random_forest_regressor,2.556801587301587
129,2024,2,3.0,random_forest_regressor,2.995262265512265
129,2024,3,4.0,random_forest_regressor,2.3363888888888895
129,2024,4,4.0,random_forest_regressor,2.3268769841269843
129,2024,5,10.0,random_forest_regressor,3.466441798941799
129,2024,6,9.0,random_forest_regressor,2.967268518518519
129,2024,7,6.0,random_forest_regressor,3.203779100529101
129,2024,8,5.0,random_forest_regressor,3.46154761904762
129,2024,9,5.0,random_forest_regressor,3.298940476190477
129,2024,11,5.0,random_forest_regressor,2.201548941798942
129,2024,12,1.0,random_forest_regressor,2.1708015873015887
131,2023,11,0.0,random_forest_regressor,1.6261626984126984
131,2023,12,0.0,random_forest_regressor,1.4130555555555555
131,2024,1,0.0,random_forest_regressor,1.0120158730158728
131,2024,2,0.0,random_forest_regressor,1.3760357142857145
131,2024,3,1.0,random_forest_regressor,0.5766825396825397
131,2024,4,0.0,random_forest_regressor,0.998861111111111
131,2024,5,1.0,random_forest_regressor,1.3833293650793654
131,2024,6,0.0,random_forest_regressor,1.6234841269841274
131,2024,7,0.0,random_forest_regressor,1.2602301587301583
131,2024,8,0.0,random_forest_regressor,1.6206031746031746
131,2024,9,0.0,random_forest_regressor,1.3235873015873012
131,2024,11,1.0,random_forest_regressor,0.942031746031746
131,2024,12,0.0,random_forest_regressor,1.2781111111111108
132,2023,11,1.0,random_forest_regressor,0.7966428571428569
132,2023,12,0.0,random_forest_regressor,0.7557460317460316
132,2024,1,1.0,random_forest_regressor,0.8257936507936509
132,2024,2,0.0,random_forest_regressor,1.0106111111111113
132,2024,3,1.0,random_forest_regressor,1.0606904761904763
132,2024,4,1.0,random_forest_regressor,0.8324920634920634
132,2024,5,2.0,random_forest_regressor,1.5843134920634923
132,2024,6,0.0,random_forest_regressor,0.9777063492063492
132,2024,7,2.0,random_forest_regressor,0.9536904761904765
132,2024,8,0.0,random_forest_regressor,1.0595555555555554
132,2024,9,1.0,random_forest_regressor,0.9779206349206349
132,2024,11,0.0,random_forest_regressor,1.0124523809523807
132,2024,12,1.0,random_forest_regressor,0.9877857142857147
133,2023,11,1.0,random_forest_regressor,1.1606666666666663
133,2023,12,0.0,random_forest_regressor,1.3782103174603175
133,2024,1,1.0,random_forest_regressor,1.3429087301587295
133,2024,2,0.0,random_forest_regressor,1.8700634920634922
133,2024,3,1.0,random_forest_regressor,1.3694603174603177
133,2024,4,1.0,random_forest_regressor,1.1973134920634916
133,2024,5,2.0,random_forest_regressor,1.5716058201058205
133,2024,6,0.0,random_forest_regressor,1.360334656084656
133,2024,7,2.0,random_forest_regressor,1.185364838864839
133,2024,8,0.0,random_forest_regressor,1.749444444444444
133,2024,9,1.0,random_forest_regressor,1.7297936507936507
133,2024,11,0.0,random_forest_regressor,1.1444098124098128
133,2024,12,1.0,random_forest_regressor,1.4127896825396824
134,2023,11,1.0,random_forest_regressor,1.7143571428571425
134,2023,12,0.0,random_forest_regressor,2.2430238095238098
134,2024,1,0.0,random_forest_regressor,1.5721190476190472
134,2024,2,0.0,random_forest_regressor,2.1812341269841267
134,2024,3,1.0,random_forest_regressor,1.8469087301587293
134,2024,4,0.0,random_forest_regressor,2.282937830687831
134,2024,5,1.0,random_forest_regressor,2.221107142857143
134,2024,6,0.0,random_forest_regressor,2.5432857142857133
134,2024,7,0.0,random_forest_regressor,1.1941904761904767
134,2024,8,4.0,random_forest_regressor,1.2649722222222224
134,2024,9,0.0,random_forest_regressor,2.385103174603174
134,2024,11,3.0,random_forest_regressor,1.9335158730158724
134,2024,12,2.0,random_forest_regressor,1.7635000000000003
135,2023,11,1.0,random_forest_regressor,3.633632275132275
135,2023,12,0.0,random_forest_regressor,3.075504329004328
135,2024,1,0.0,random_forest_regressor,2.640821428571427
135,2024,2,0.0,random_forest_regressor,3.5177738095238107
135,2024,3,1.0,random_forest_regressor,3.1822328042328034
135,2024,4,0.0,random_forest_regressor,3.598365079365081
135,2024,5,1.0,random_forest_regressor,3.1745542328042315
135,2024,6,0.0,random_forest_regressor,2.8573452380952378
135,2024,7,0.0,random_forest_regressor,1.771035714285714
135,2024,8,4.0,random_forest_regressor,2.8601626984126978
135,2024,9,0.0,random_forest_regressor,3.5837923280423287
135,2024,11,3.0,random_forest_regressor,2.9327936507936494
135,2024,12,2.0,random_forest_regressor,2.7843928571428567
136,2023,11,2.0,random_forest_regressor,2.5424682539682544
136,2023,12,0.0,random_forest_regressor,1.9861944444444448
136,2024,1,5.0,random_forest_regressor,1.6196547619047617
136,2024,2,3.0,random_forest_regressor,2.3260436507936513
136,2024,3,4.0,random_forest_regressor,2.0190515873015875
136,2024,4,1.0,random_forest_regressor,1.622805555555555
136,2024,5,1.0,random_forest_regressor,2.0296865079365074
136,2024,6,0.0,random_forest_regressor,2.4187407407407413
136,2024,7,4.0,random_forest_regressor,1.622232804232804
136,2024,8,2.0,random_forest_regressor,2.0136785714285708
136,2024,9,7.0,random_forest_regressor,1.9972367724867726
136,2024,11,2.0,random_forest_regressor,1.8165357142857146
136,2024,12,3.0,random_forest_regressor,1.6239960317460316
137,2023,11,3.0,random_forest_regressor,7.3967103174603155
137,2023,12,3.0,random_forest_regressor,6.383124338624335
137,2024,1,4.0,random_forest_regressor,5.473238095238093
137,2024,2,1.0,random_forest_regressor,7.2915158730158725
137,2024,3,3.0,random_forest_regressor,6.430642857142855
137,2024,4,6.0,random_forest_regressor,6.351169312169314
137,2024,5,7.0,random_forest_regressor,7.238761904761903
137,2024,6,8.0,random_forest_regressor,6.211619047619047
137,2024,7,3.0,random_forest_regressor,4.201247354497355
137,2024,8,3.0,random_forest_regressor,5.692982804232805
137,2024,9,9.0,random_forest_regressor,7.493654761904764
137,2024,11,9.0,random_forest_regressor,6.95164814814815
137,2024,12,2.0,random_forest_regressor,6.280171957671958
138,2023,11,3.0,random_forest_regressor,9.667908730158727
138,2023,12,3.0,random_forest_regressor,9.18261507936508
138,2024,1,4.0,random_forest_regressor,8.548833333333334
138,2024,2,1.0,random_forest_regressor,8.131968253968253
138,2024,3,3.0,random_forest_regressor,7.191873015873014
138,2024,4,6.0,random_forest_regressor,7.19652380952381
138,2024,5,7.0,random_forest_regressor,6.218087301587303
138,2024,6,8.0,random_forest_regressor,8.190865079365075
138,2024,7,3.0,random_forest_regressor,7.661277777777776
138,2024,8,3.0,random_forest_regressor,5.078246031746033
138,2024,9,9.0,random_forest_regressor,7.21076587301587
138,2024,11,9.0,random_forest_regressor,10.045861111111106
138,2024,12,2.0,random_forest_regressor,9.512968253968257
139,2023,11,1.0,random_forest_regressor,1.6953664021164019
139,2023,12,1.0,random_forest_regressor,1.401146825396826
139,2024,1,1.0,random_forest_regressor,1.1620158730158725
139,2024,2,2.0,random_forest_regressor,1.7503055555555556
139,2024,3,1.0,random_forest_regressor,2.0506547619047617
139,2024,4,2.0,random_forest_regressor,2.0555912698412695
139,2024,5,2.0,random_forest_regressor,2.1702235449735454
139,2024,6,0.0,random_forest_regressor,2.2067433862433865
139,2024,7,1.0,random_forest_regressor,1.4888465608465606
139,2024,8,1.0,random_forest_regressor,2.2326309523809518
139,2024,9,1.0,random_forest_regressor,2.0590634920634927
139,2024,11,0.0,random_forest_regressor,1.7688452380952377
139,2024,12,0.0,random_forest_regressor,1.440527777777778
140,2023,11,4.0,random_forest_regressor,6.037373015873013
140,2023,12,7.0,random_forest_regressor,5.9873280423280395
140,2024,1,4.0,random_forest_regressor,5.260611111111109
140,2024,2,1.0,random_forest_regressor,6.5903042328042325
140,2024,3,3.0,random_forest_regressor,5.737124338624339
140,2024,4,6.0,random_forest_regressor,5.398917989417989
140,2024,5,7.0,random_forest_regressor,5.9737883597883625
140,2024,6,10.0,random_forest_regressor,6.325772486772487
140,2024,7,3.0,random_forest_regressor,6.865582010582012
140,2024,8,1.0,random_forest_regressor,9.48836207311207
140,2024,9,9.0,random_forest_regressor,12.053285353535346
140,2024,11,9.0,random_forest_regressor,7.1779126984127
140,2024,12,2.0,random_forest_regressor,6.235185185185181
142,2023,11,8.0,random_forest_regressor,6.679654761904763
143,2023,12,6.0,random_forest_regressor,14.483382275132277
143,2024,1,7.0,random_forest_regressor,10.745123015873016
143,2024,2,6.0,random_forest_regressor,11.219318783068783
143,2024,3,9.0,random_forest_regressor,11.394112433862436
143,2024,4,6.0,random_forest_regressor,11.0928373015873
143,2024,5,11.0,random_forest_regressor,11.978234126984129
143,2024,6,13.0,random_forest_regressor,12.627265873015876
143,2024,7,4.0,random_forest_regressor,11.570369047619048
143,2024,8,7.0,random_forest_regressor,12.961488095238098
143,2024,9,11.0,random_forest_regressor,15.813468253968255
143,2024,11,7.0,random_forest_regressor,17.466898148148147
143,2024,12,6.0,random_forest_regressor,16.705929894179896
144,2024,1,11.0,random_forest_regressor,2.7586679894179893
