site_id,year,month,crash_happened_2_5km,model,predicted_label,predicted_probability
1,2023,11,1,logistic_regression,1,0.9352379895180305
1,2023,12,1,logistic_regression,1,0.8257725375287353
1,2024,1,1,logistic_regression,1,0.8103136104490041
1,2024,2,1,logistic_regression,1,0.8351595341187994
1,2024,3,1,logistic_regression,1,0.7839707025886039
1,2024,4,1,logistic_regression,1,0.9014215548694228
1,2024,5,1,logistic_regression,1,0.9235864671539575
1,2024,6,1,logistic_regression,1,0.9278622245994352
1,2024,7,1,logistic_regression,1,0.9075681993627454
1,2024,8,1,logistic_regression,1,0.9176628909773924
1,2024,9,1,logistic_regression,1,0.9609521902188108
1,2024,11,1,logistic_regression,1,0.8411304737531247
1,2024,12,1,logistic_regression,1,0.6716408832065724
2,2023,11,1,logistic_regression,1,0.976417756892153
2,2023,12,1,logistic_regression,1,0.9424494187122588
2,2024,1,1,logistic_regression,1,0.9041565002028811
2,2024,2,1,logistic_regression,1,0.9014312992051687
2,2024,3,1,logistic_regression,1,0.8557572673387687
2,2024,4,1,logistic_regression,1,0.851310530559609
2,2024,5,1,logistic_regression,1,0.9428444057173454
2,2024,6,1,logistic_regression,1,0.9207959160997045
2,2024,7,1,logistic_regression,1,0.8450428170293921
2,2024,8,1,logistic_regression,1,0.9550341226994286
2,2024,9,1,logistic_regression,1,0.9917799401823377
2,2024,11,1,logistic_regression,1,0.9472994477185548
2,2024,12,1,logistic_regression,1,0.9199229197673495
3,2023,11,1,logistic_regression,1,0.9744732013571235
3,2023,12,1,logistic_regression,1,0.9317656444378879
3,2024,1,1,logistic_regression,1,0.9146239605159607
3,2024,2,1,logistic_regression,1,0.9483625213563464
3,2024,3,1,logistic_regression,1,0.8503727223142803
3,2024,4,1,logistic_regression,1,0.8785349504975036
3,2024,5,1,logistic_regression,1,0.9340594097325359
3,2024,6,1,logistic_regression,1,0.9142122225858293
3,2024,7,1,logistic_regression,1,0.8441358206268312
3,2024,8,1,logistic_regression,1,0.9106361565112256
3,2024,9,1,logistic_regression,1,0.9787029216019998
3,2024,11,1,logistic_regression,1,0.9003695087134035
3,2024,12,1,logistic_regression,1,0.8367746227080866
4,2023,11,1,logistic_regression,1,0.5382567303453109
4,2023,12,1,logistic_regression,0,0.34689466963652826
4,2024,1,0,logistic_regression,0,0.29524634676806955
4,2024,2,1,logistic_regression,0,0.3233429934850806
4,2024,3,1,logistic_regression,0,0.2098676832114781
4,2024,4,1,logistic_regression,0,0.3016642909598299
4,2024,5,1,logistic_regression,1,0.5206216833479251
4,2024,6,1,logistic_regression,0,0.34323161918922324
4,2024,7,1,logistic_regression,0,0.37075607509374114
4,2024,8,1,logistic_regression,1,0.5394667900460184
4,2024,9,1,logistic_regression,1,0.5785549591831936
4,2024,11,1,logistic_regression,0,0.32459699609004283
4,2024,12,1,logistic_regression,0,0.20072752404977015
5,2023,11,1,logistic_regression,1,0.5428737030084355
5,2023,12,1,logistic_regression,0,0.3535766846661159
5,2024,1,0,logistic_regression,0,0.28704679373287895
5,2024,2,1,logistic_regression,0,0.3317672026949846
5,2024,3,1,logistic_regression,0,0.22668544422502437
5,2024,4,1,logistic_regression,0,0.34069068605666186
5,2024,5,1,logistic_regression,1,0.5637767273102153
5,2024,6,1,logistic_regression,0,0.37251146593224144
5,2024,7,1,logistic_regression,0,0.40056385803705896
5,2024,8,1,logistic_regression,1,0.5591810662611396
5,2024,9,1,logistic_regression,1,0.6225082049933739
5,2024,11,1,logistic_regression,0,0.33292800985147974
5,2024,12,1,logistic_regression,0,0.21096765280097005
6,2023,11,1,logistic_regression,1,0.8057701496257335
6,2023,12,1,logistic_regression,1,0.6366706166628303
6,2024,1,1,logistic_regression,1,0.5567115316420628
6,2024,2,1,logistic_regression,1,0.5821915582480172
6,2024,3,1,logistic_regression,0,0.4486692725223603
6,2024,4,1,logistic_regression,1,0.5670125652767296
6,2024,5,1,logistic_regression,1,0.6289201319478902
6,2024,6,1,logistic_regression,1,0.5457344348556836
6,2024,7,1,logistic_regression,0,0.4934443272439565
6,2024,8,1,logistic_regression,0,0.4718553504767432
6,2024,9,1,logistic_regression,1,0.7770762141152149
6,2024,11,1,logistic_regression,1,0.5979018225882687
6,2024,12,1,logistic_regression,0,0.38640039559523254
7,2023,11,1,logistic_regression,1,0.836404791145275
7,2023,12,1,logistic_regression,1,0.6642142401775809
7,2024,1,1,logistic_regression,1,0.5707956555817504
7,2024,2,1,logistic_regression,1,0.988249206696832
7,2024,3,1,logistic_regression,0,0.48835613849295184
7,2024,4,1,logistic_regression,1,0.599611185589601
7,2024,5,1,logistic_regression,1,0.669962906304307
7,2024,6,1,logistic_regression,1,0.6070075214780859
7,2024,7,1,logistic_regression,1,0.590105763930016
7,2024,8,1,logistic_regression,1,0.5302957559435643
7,2024,9,1,logistic_regression,1,0.8040298332690671
7,2024,11,1,logistic_regression,1,0.6400914539162371
7,2024,12,1,logistic_regression,0,0.4165069812229866
8,2023,11,1,logistic_regression,1,0.7887256189449832
8,2023,12,1,logistic_regression,1,0.5550755086491256
8,2024,1,1,logistic_regression,1,0.5044548469104896
8,2024,2,1,logistic_regression,1,0.5448671278481321
8,2024,3,1,logistic_regression,0,0.39948008407377633
8,2024,4,1,logistic_regression,1,0.540099601968174
8,2024,5,1,logistic_regression,1,0.6378595798305285
8,2024,6,1,logistic_regression,1,0.6681647327260225
8,2024,7,1,logistic_regression,0,0.41063166992547223
8,2024,8,1,logistic_regression,1,0.5488045583199367
8,2024,9,1,logistic_regression,1,0.8217811858473375
8,2024,11,1,logistic_regression,0,0.4654040570075453
8,2024,12,1,logistic_regression,0,0.32856002499082726
9,2023,11,1,logistic_regression,1,0.7900329293264258
9,2023,12,1,logistic_regression,1,0.5853410763693769
9,2024,1,1,logistic_regression,1,0.5664687926584151
9,2024,2,1,logistic_regression,1,0.5770537626172842
9,2024,3,1,logistic_regression,0,0.45157179152020327
9,2024,4,1,logistic_regression,1,0.5950589569910566
9,2024,5,1,logistic_regression,1,0.6868290387599731
9,2024,6,1,logistic_regression,1,0.753968699403902
9,2024,7,1,logistic_regression,0,0.47015109177092623
9,2024,8,1,logistic_regression,1,0.5912231857182159
9,2024,9,1,logistic_regression,1,0.8583945923467535
9,2024,11,1,logistic_regression,1,0.5083663060164931
9,2024,12,1,logistic_regression,0,0.321858390911582
10,2023,11,1,logistic_regression,1,0.6794658333201131
10,2023,12,1,logistic_regression,0,0.49872752553088595
10,2024,1,1,logistic_regression,0,0.46849086256006905
10,2024,2,1,logistic_regression,1,0.6311405316549127
10,2024,3,1,logistic_regression,0,0.42757822387920097
10,2024,4,1,logistic_regression,1,0.5557089567972192
10,2024,5,1,logistic_regression,1,0.6333280143335396
10,2024,6,1,logistic_regression,1,0.80307826920673
10,2024,7,1,logistic_regression,1,0.5400046678292781
10,2024,8,1,logistic_regression,1,0.7370041229869643
10,2024,9,1,logistic_regression,1,0.8603908120034637
10,2024,11,1,logistic_regression,0,0.48754502399909966
10,2024,12,1,logistic_regression,0,0.34370468596191217
11,2023,11,1,logistic_regression,1,0.766882259301422
11,2023,12,1,logistic_regression,1,0.6299693554679593
11,2024,1,1,logistic_regression,1,0.52871155865487
11,2024,2,1,logistic_regression,1,0.7157699024674486
11,2024,3,1,logistic_regression,1,0.5164221781453704
11,2024,4,1,logistic_regression,1,0.667307088529376
11,2024,5,1,logistic_regression,1,0.742980229113492
11,2024,6,1,logistic_regression,1,0.8399077480471078
11,2024,7,1,logistic_regression,1,0.6974031568020835
11,2024,8,1,logistic_regression,1,0.8176456549991974
11,2024,9,1,logistic_regression,1,0.9235034654175404
11,2024,11,1,logistic_regression,1,0.6335567383418425
11,2024,12,1,logistic_regression,0,0.45364879207837683
12,2024,8,1,logistic_regression,1,0.9990913011530017
12,2024,9,1,logistic_regression,1,0.9996561414062478
12,2024,11,1,logistic_regression,1,0.9979900582983883
12,2024,12,1,logistic_regression,1,0.9988901153966858
13,2023,11,1,logistic_regression,1,0.9849127776047069
13,2023,12,1,logistic_regression,1,0.9339778441777776
13,2024,1,1,logistic_regression,1,0.942521286139439
13,2024,2,1,logistic_regression,1,0.9544595747333926
13,2024,3,1,logistic_regression,1,0.9456670533643375
13,2024,4,1,logistic_regression,1,0.9614047489450683
13,2024,5,1,logistic_regression,1,0.9859652534431768
13,2024,6,1,logistic_regression,1,0.983502884949883
13,2024,7,1,logistic_regression,1,0.9504514771916517
13,2024,8,1,logistic_regression,1,0.9724835940372503
13,2024,9,1,logistic_regression,1,0.990658074021787
13,2024,11,1,logistic_regression,1,0.9574268054853129
13,2024,12,1,logistic_regression,1,0.9323425496982726
14,2023,11,1,logistic_regression,1,0.684651143728513
14,2023,12,1,logistic_regression,0,0.4767454985698092
14,2024,1,1,logistic_regression,0,0.38361545081923154
14,2024,2,1,logistic_regression,0,0.4591543205264294
14,2024,3,1,logistic_regression,0,0.3765504396009037
14,2024,4,1,logistic_regression,1,0.5444357016925432
14,2024,5,1,logistic_regression,1,0.760384190044394
14,2024,6,1,logistic_regression,1,0.6201707638235765
14,2024,7,1,logistic_regression,1,0.5437026555262079
14,2024,8,1,logistic_regression,1,0.6629123967027917
14,2024,9,1,logistic_regression,1,0.7990408517696898
14,2024,11,1,logistic_regression,0,0.32580292196018124
14,2024,12,1,logistic_regression,0,0.272313682576496
15,2023,11,1,logistic_regression,1,0.8378915263561607
15,2023,12,1,logistic_regression,1,0.7308607459302691
15,2024,1,1,logistic_regression,1,0.6066813930865115
15,2024,2,1,logistic_regression,1,0.6292795202918939
15,2024,3,1,logistic_regression,0,0.4952269890584188
15,2024,4,1,logistic_regression,1,0.6551778210272285
15,2024,5,1,logistic_regression,1,0.7042790477275798
15,2024,6,1,logistic_regression,1,0.6939112333044319
15,2024,7,1,logistic_regression,1,0.7184252958979591
15,2024,8,1,logistic_regression,1,0.7660770949785519
15,2024,9,1,logistic_regression,1,0.8557802394751663
15,2024,11,1,logistic_regression,1,0.5094013324616941
15,2024,12,1,logistic_regression,0,0.4252647067523004
16,2023,11,1,logistic_regression,1,0.9731157667030305
16,2023,12,1,logistic_regression,1,0.9557925268126646
16,2024,1,1,logistic_regression,1,0.9327806529310441
16,2024,2,1,logistic_regression,1,0.9344903816567842
16,2024,3,1,logistic_regression,1,0.8957843427491512
16,2024,4,1,logistic_regression,1,0.9254180665414165
16,2024,5,1,logistic_regression,1,0.9415335037613002
16,2024,6,1,logistic_regression,1,0.9393279905126138
16,2024,7,1,logistic_regression,1,0.8995120427877292
16,2024,8,1,logistic_regression,1,0.8996969478898227
16,2024,9,1,logistic_regression,1,0.977640220698488
16,2024,11,1,logistic_regression,1,0.922368814046282
16,2024,12,1,logistic_regression,1,0.8799713607197887
17,2023,11,1,logistic_regression,1,0.9670304013140533
17,2023,12,1,logistic_regression,1,0.9432201763761514
17,2024,1,1,logistic_regression,1,0.9234311873170051
17,2024,2,1,logistic_regression,1,0.923128401206803
17,2024,3,1,logistic_regression,1,0.884779570370888
17,2024,4,1,logistic_regression,1,0.9224418018520122
17,2024,5,1,logistic_regression,1,0.9365473683040805
17,2024,6,1,logistic_regression,1,0.933876768458536
17,2024,7,1,logistic_regression,1,0.8948992236016182
17,2024,8,1,logistic_regression,1,0.9001802338303024
17,2024,9,1,logistic_regression,1,0.9740790725433974
17,2024,11,1,logistic_regression,1,0.8956563681390369
17,2024,12,1,logistic_regression,1,0.8549104982476669
18,2023,11,1,logistic_regression,1,0.8636441821256824
18,2023,12,1,logistic_regression,1,0.7456256930584467
18,2024,1,1,logistic_regression,1,0.6461522220944262
18,2024,2,1,logistic_regression,1,0.6453411526086632
18,2024,3,1,logistic_regression,1,0.5281654119971569
18,2024,4,1,logistic_regression,1,0.6486940981168272
18,2024,5,1,logistic_regression,1,0.7521141380664911
18,2024,6,1,logistic_regression,1,0.7310806482232923
18,2024,7,1,logistic_regression,1,0.7231857725007804
18,2024,8,1,logistic_regression,1,0.7906666409692327
18,2024,9,1,logistic_regression,1,0.8638123005289251
18,2024,11,1,logistic_regression,1,0.5418912937751303
18,2024,12,1,logistic_regression,0,0.4564872333703461
19,2023,11,1,logistic_regression,1,0.8529570067796035
19,2023,12,1,logistic_regression,1,0.762045271539281
19,2024,1,1,logistic_regression,1,0.6985680277825171
19,2024,2,1,logistic_regression,1,0.7753995385550753
19,2024,3,1,logistic_regression,1,0.7040133437530897
19,2024,4,1,logistic_regression,1,0.830108760571482
19,2024,5,1,logistic_regression,1,0.8587858527617759
19,2024,6,1,logistic_regression,1,0.939907430003896
19,2024,7,1,logistic_regression,1,0.8324738551389762
19,2024,8,1,logistic_regression,1,0.9135182299238896
19,2024,9,1,logistic_regression,1,0.9614019117711642
19,2024,11,1,logistic_regression,1,0.7783866095326037
19,2024,12,1,logistic_regression,1,0.6388113495247681
20,2023,11,1,logistic_regression,1,0.978177394182395
20,2023,12,1,logistic_regression,1,0.9636679044613585
20,2024,1,1,logistic_regression,1,0.9425063960148713
20,2024,2,1,logistic_regression,1,0.946851982763011
20,2024,3,1,logistic_regression,1,0.9322955332944787
20,2024,4,1,logistic_regression,1,0.9634921560001699
20,2024,5,1,logistic_regression,1,0.9971438380616932
20,2024,6,1,logistic_regression,1,0.9999999999999245
20,2024,7,1,logistic_regression,1,0.9688789290438082
20,2024,8,1,logistic_regression,1,0.9651680140302864
20,2024,9,1,logistic_regression,1,0.9898222191484689
20,2024,11,1,logistic_regression,1,0.9529819555352964
20,2024,12,1,logistic_regression,1,0.9127174630636874
21,2023,11,1,logistic_regression,1,0.8954323942484179
21,2023,12,1,logistic_regression,1,0.6533456441387285
21,2024,1,1,logistic_regression,1,0.6557544581514758
21,2024,2,1,logistic_regression,1,0.6631091831930659
21,2024,3,1,logistic_regression,1,0.5981179891806352
21,2024,4,1,logistic_regression,1,0.7947079286590569
21,2024,5,1,logistic_regression,1,0.8566960705061429
21,2024,6,1,logistic_regression,1,0.8298293586025902
21,2024,7,1,logistic_regression,1,0.7953549280264635
21,2024,8,1,logistic_regression,1,0.8555213417472665
21,2024,9,1,logistic_regression,1,0.9161340609803242
21,2024,11,1,logistic_regression,1,0.6190430686574107
21,2024,12,0,logistic_regression,1,0.5319546232625324
22,2023,11,1,logistic_regression,1,0.925873703244472
22,2023,12,1,logistic_regression,1,0.8388927036276294
22,2024,1,1,logistic_regression,1,0.8492584888241455
22,2024,2,1,logistic_regression,1,0.8159409517785282
22,2024,3,1,logistic_regression,1,0.7636684331156554
22,2024,4,1,logistic_regression,1,0.8795683130912273
22,2024,5,1,logistic_regression,1,0.9142564997307472
22,2024,6,1,logistic_regression,1,0.905211440267899
22,2024,7,1,logistic_regression,1,0.9318629014445595
22,2024,8,1,logistic_regression,1,0.9371897469246817
22,2024,9,1,logistic_regression,1,0.9532847088223528
22,2024,11,1,logistic_regression,1,0.882337681451052
22,2024,12,1,logistic_regression,1,0.8024084169444777
23,2023,11,1,logistic_regression,1,0.9753453079921943
23,2023,12,1,logistic_regression,1,0.9404164038741932
23,2024,1,1,logistic_regression,1,0.9542620555520835
23,2024,2,1,logistic_regression,1,0.9295355336780269
23,2024,3,1,logistic_regression,1,0.9140951382007346
23,2024,4,1,logistic_regression,1,0.9581097942052766
23,2024,5,1,logistic_regression,1,0.968963072587525
23,2024,6,1,logistic_regression,1,0.9668692372341845
23,2024,7,1,logistic_regression,1,0.9550016574031013
23,2024,8,1,logistic_regression,1,0.9686623349660637
23,2024,9,1,logistic_regression,1,0.9847926138905011
23,2024,11,1,logistic_regression,1,0.9583124632573718
23,2024,12,1,logistic_regression,1,0.9292621086500811
24,2023,11,1,logistic_regression,1,0.9256949921518224
24,2023,12,1,logistic_regression,1,0.8212394662749314
24,2024,1,1,logistic_regression,1,0.8508297544739424
24,2024,2,1,logistic_regression,1,0.7975655759980731
24,2024,3,1,logistic_regression,1,0.7392052710706222
24,2024,4,1,logistic_regression,1,0.8549639513071035
24,2024,5,1,logistic_regression,1,0.8712828844114657
24,2024,6,1,logistic_regression,1,0.8748542893945688
24,2024,7,1,logistic_regression,1,0.8491947617679554
24,2024,8,1,logistic_regression,1,0.8793444726250352
24,2024,9,1,logistic_regression,1,0.9437592463628002
24,2024,11,1,logistic_regression,1,0.8633788384233424
24,2024,12,1,logistic_regression,1,0.7874438683786747
25,2023,11,1,logistic_regression,1,0.9529298358265027
25,2023,12,1,logistic_regression,1,0.7683851862855157
25,2024,1,1,logistic_regression,1,0.7704691042944323
25,2024,2,1,logistic_regression,1,0.8351250528102723
25,2024,3,0,logistic_regression,1,0.7990656141875222
25,2024,4,1,logistic_regression,1,0.8799381089572885
25,2024,5,1,logistic_regression,1,0.957968911748948
25,2024,6,1,logistic_regression,1,0.9414315628107081
25,2024,7,1,logistic_regression,1,0.8462248134586382
25,2024,8,1,logistic_regression,1,0.8898352548393924
25,2024,9,1,logistic_regression,1,0.9818566948037362
25,2024,11,1,logistic_regression,1,0.8898686588343314
25,2024,12,1,logistic_regression,1,0.7333386824481187
26,2023,11,1,logistic_regression,1,0.9302202382573551
26,2023,12,1,logistic_regression,1,0.8172599627158693
26,2024,1,1,logistic_regression,1,0.8492435771802596
26,2024,2,1,logistic_regression,1,0.8451833692596659
26,2024,3,1,logistic_regression,1,0.8080451890252464
26,2024,4,1,logistic_regression,1,0.9357374689201189
26,2024,5,1,logistic_regression,1,0.937307444003268
26,2024,6,1,logistic_regression,1,0.9533595769174692
26,2024,7,1,logistic_regression,1,0.9324817006199209
26,2024,8,1,logistic_regression,1,0.9316827429423111
26,2024,9,1,logistic_regression,1,0.9789076340220231
26,2024,11,1,logistic_regression,1,0.8415089833058618
26,2024,12,1,logistic_regression,1,0.7042327033977842
27,2023,11,1,logistic_regression,1,0.7874581793472308
27,2023,12,1,logistic_regression,0,0.4926465745876688
27,2024,1,1,logistic_regression,0,0.450275413653054
27,2024,2,1,logistic_regression,0,0.4938705955708308
27,2024,3,1,logistic_regression,0,0.48526218121792747
27,2024,4,1,logistic_regression,1,0.6466306485545041
27,2024,5,1,logistic_regression,1,0.6752001610771409
27,2024,6,1,logistic_regression,1,0.794335424075226
27,2024,7,1,logistic_regression,1,0.5860728086012245
27,2024,8,1,logistic_regression,1,0.5895364519049946
27,2024,9,1,logistic_regression,1,0.8700556619379218
27,2024,11,1,logistic_regression,1,0.5271125904961333
27,2024,12,1,logistic_regression,0,0.2950386577768524
28,2023,11,0,logistic_regression,0,0.272497259853499
28,2023,12,0,logistic_regression,0,0.12545024114983822
28,2024,1,0,logistic_regression,0,0.14867318840942914
28,2024,2,0,logistic_regression,0,0.11658417660313082
28,2024,3,1,logistic_regression,0,0.07079768902714281
28,2024,4,0,logistic_regression,0,0.21794407060035723
28,2024,5,1,logistic_regression,0,0.20571803607685235
28,2024,6,0,logistic_regression,0,0.1601796474562927
28,2024,7,0,logistic_regression,0,0.14172595042790137
28,2024,8,1,logistic_regression,0,0.21089620139474125
28,2024,9,0,logistic_regression,0,0.32689637573555064
28,2024,11,1,logistic_regression,0,0.10686010382389988
28,2024,12,1,logistic_regression,0,0.14750870409853684
29,2023,11,0,logistic_regression,1,0.6475243900668332
29,2023,12,1,logistic_regression,0,0.3094497279169067
29,2024,1,1,logistic_regression,0,0.43727270493162557
29,2024,2,1,logistic_regression,0,0.33818023968629474
29,2024,3,1,logistic_regression,0,0.20083204240885752
29,2024,4,1,logistic_regression,0,0.4221641025443945
29,2024,5,1,logistic_regression,1,0.5017077538527402
29,2024,6,1,logistic_regression,0,0.4210194828155395
29,2024,7,1,logistic_regression,0,0.46096358643114177
29,2024,8,0,logistic_regression,1,0.5741043392959592
29,2024,9,1,logistic_regression,1,0.6496850517364724
29,2024,11,1,logistic_regression,1,0.6673671419003452
29,2024,12,1,logistic_regression,1,0.9778603064362418
30,2023,11,1,logistic_regression,1,0.6707324241547076
30,2023,12,1,logistic_regression,0,0.4388359461946919
30,2024,1,0,logistic_regression,0,0.42590690052327956
30,2024,2,0,logistic_regression,0,0.426138669256469
30,2024,3,1,logistic_regression,0,0.3932101510120909
30,2024,4,1,logistic_regression,1,0.5357101938254162
30,2024,5,1,logistic_regression,1,0.693014767056154
30,2024,6,1,logistic_regression,1,0.6425319041147728
30,2024,7,0,logistic_regression,1,0.5940104020042474
30,2024,8,1,logistic_regression,1,0.6755443967691908
30,2024,9,1,logistic_regression,1,0.8197400723029047
30,2024,11,1,logistic_regression,0,0.43328605452196783
30,2024,12,0,logistic_regression,0,0.26775641825818364
31,2023,11,1,logistic_regression,1,0.709727877137197
31,2023,12,1,logistic_regression,0,0.44991560720494156
31,2024,1,0,logistic_regression,0,0.43373564114198104
31,2024,2,0,logistic_regression,0,0.4704034910822694
31,2024,3,1,logistic_regression,0,0.4374310786747142
31,2024,4,1,logistic_regression,1,0.5848820397656531
31,2024,5,1,logistic_regression,1,0.7076773837951211
31,2024,6,1,logistic_regression,1,0.6639089507273984
31,2024,7,0,logistic_regression,1,0.6115464451321001
31,2024,8,1,logistic_regression,1,0.6303407711772024
31,2024,9,1,logistic_regression,1,0.8271297731784174
31,2024,11,1,logistic_regression,0,0.48583647151433307
31,2024,12,0,logistic_regression,0,0.3440162020773153
32,2023,11,0,logistic_regression,0,0.3801228635768492
32,2023,12,1,logistic_regression,0,0.165943365150414
32,2024,1,1,logistic_regression,0,0.20351907504158898
32,2024,2,1,logistic_regression,0,0.1881271438178112
32,2024,3,1,logistic_regression,0,0.10875427493699148
32,2024,4,0,logistic_regression,0,0.19395912828980144
32,2024,5,1,logistic_regression,0,0.25365743831098975
32,2024,6,1,logistic_regression,0,0.1993340753463815
32,2024,7,0,logistic_regression,0,0.20896904378124243
32,2024,8,1,logistic_regression,0,0.24909663039809063
32,2024,9,1,logistic_regression,0,0.4143464528269201
32,2024,11,1,logistic_regression,0,0.15390417901181005
32,2024,12,0,logistic_regression,0,0.08800546705693667
33,2023,11,0,logistic_regression,0,0.41389197190115945
33,2023,12,1,logistic_regression,0,0.18094392556531083
33,2024,1,1,logistic_regression,0,0.20550503156405867
33,2024,2,1,logistic_regression,0,0.19588351341278087
33,2024,3,1,logistic_regression,0,0.11161553398777463
33,2024,4,0,logistic_regression,0,0.19141426384536778
33,2024,5,1,logistic_regression,0,0.2604384521083848
33,2024,6,1,logistic_regression,0,0.22735609986189412
33,2024,7,0,logistic_regression,0,0.23615943362961728
33,2024,8,1,logistic_regression,0,0.29218223373528157
33,2024,9,1,logistic_regression,0,0.4785575523116878
33,2024,11,1,logistic_regression,0,0.16493443163707844
33,2024,12,0,logistic_regression,0,0.09481120067111946
34,2023,11,0,logistic_regression,0,0.25455421750855384
34,2023,12,0,logistic_regression,0,0.1196419262672867
34,2024,1,0,logistic_regression,0,0.1432412386929616
34,2024,2,0,logistic_regression,0,0.09954753716558856
34,2024,3,1,logistic_regression,0,0.06546969768979538
34,2024,4,0,logistic_regression,0,0.19975281435791367
34,2024,5,1,logistic_regression,0,0.17446651175569783
34,2024,6,0,logistic_regression,0,0.16956493874628992
34,2024,7,0,logistic_regression,0,0.1340485542644944
34,2024,8,1,logistic_regression,0,0.18534864730916104
34,2024,9,0,logistic_regression,0,0.3387691773225528
34,2024,11,1,logistic_regression,0,0.10113375389680812
34,2024,12,1,logistic_regression,0,0.14174822862895897
35,2023,11,0,logistic_regression,1,0.8436620817370174
35,2023,12,0,logistic_regression,0,0.48006051205360323
35,2024,1,0,logistic_regression,1,0.525153524169574
35,2024,2,1,logistic_regression,1,0.544371680029157
35,2024,3,1,logistic_regression,0,0.4901216298331243
35,2024,4,1,logistic_regression,1,0.7145668563733002
35,2024,5,1,logistic_regression,1,0.851349440308113
35,2024,6,1,logistic_regression,1,0.8862147374250726
35,2024,7,1,logistic_regression,1,0.8456472819566746
35,2024,8,1,logistic_regression,1,0.842134922028509
35,2024,9,1,logistic_regression,1,0.9196858277196045
35,2024,11,1,logistic_regression,1,0.6479452564720298
35,2024,12,0,logistic_regression,0,0.4323793090168624
36,2023,11,0,logistic_regression,1,0.6391663416532597
36,2023,12,0,logistic_regression,0,0.25045429345559955
36,2024,1,0,logistic_regression,0,0.31964239219080015
36,2024,2,1,logistic_regression,0,0.3401893371741381
36,2024,3,1,logistic_regression,0,0.24218360060105726
36,2024,4,1,logistic_regression,0,0.40725342202347725
36,2024,5,1,logistic_regression,1,0.5303942070919202
36,2024,6,1,logistic_regression,0,0.13251855886200237
36,2024,7,1,logistic_regression,0,0.23622862461105618
36,2024,8,1,logistic_regression,0,0.42546085479993395
36,2024,9,1,logistic_regression,1,0.6680853094280743
36,2024,11,1,logistic_regression,0,0.3650738577377578
36,2024,12,0,logistic_regression,0,0.47762825070074855
37,2023,11,1,logistic_regression,1,0.7228478480676263
37,2023,12,1,logistic_regression,1,0.5308749618535153
37,2024,1,1,logistic_regression,0,0.4771955371682667
37,2024,2,1,logistic_regression,1,0.5196226543751172
37,2024,3,1,logistic_regression,0,0.3713144854482902
37,2024,4,1,logistic_regression,1,0.548974251097809
37,2024,5,1,logistic_regression,1,0.7024391192651929
37,2024,6,1,logistic_regression,1,0.58152113055829
37,2024,7,1,logistic_regression,1,0.5925402548746945
37,2024,8,1,logistic_regression,1,0.6341288711306992
37,2024,9,1,logistic_regression,1,0.7818202846508785
37,2024,11,1,logistic_regression,1,0.5389932659864326
37,2024,12,1,logistic_regression,0,0.34733195401635486
38,2023,11,1,logistic_regression,1,0.6411003312400658
38,2023,12,1,logistic_regression,0,0.4289061799752983
38,2024,1,1,logistic_regression,0,0.37740650352717015
38,2024,2,1,logistic_regression,0,0.35333281950686024
38,2024,3,1,logistic_regression,0,0.26872334461109076
38,2024,4,1,logistic_regression,0,0.416830246012796
38,2024,5,1,logistic_regression,1,0.5720576583322902
38,2024,6,1,logistic_regression,0,0.4426379980849809
38,2024,7,1,logistic_regression,0,0.4187629351816218
38,2024,8,1,logistic_regression,0,0.48176624118111844
38,2024,9,1,logistic_regression,1,0.6783875637502133
38,2024,11,1,logistic_regression,0,0.4090270728982723
38,2024,12,1,logistic_regression,0,0.2390505015432185
39,2023,11,1,logistic_regression,0,0.4174826089245879
39,2023,12,1,logistic_regression,0,0.19693833222481943
39,2024,1,1,logistic_regression,0,0.1639836558827801
39,2024,2,1,logistic_regression,0,0.19477172787651648
39,2024,3,1,logistic_regression,0,0.1497473082294024
39,2024,4,0,logistic_regression,0,0.24685586943003604
39,2024,5,1,logistic_regression,0,0.3982183714066091
39,2024,6,1,logistic_regression,0,0.2916853120161391
39,2024,7,0,logistic_regression,0,0.2762224768310871
39,2024,8,1,logistic_regression,0,0.31430125993648583
39,2024,9,1,logistic_regression,1,0.5557956389742837
39,2024,11,1,logistic_regression,0,0.15818177868063196
39,2024,12,1,logistic_regression,0,0.09781120141662011
40,2023,11,1,logistic_regression,0,0.46555687805927143
40,2023,12,1,logistic_regression,0,0.2095806159896381
40,2024,1,1,logistic_regression,0,0.20239129425636668
40,2024,2,1,logistic_regression,0,0.2697875924288314
40,2024,3,1,logistic_regression,0,0.21744652195989034
40,2024,4,0,logistic_regression,0,0.36379546110801314
40,2024,5,1,logistic_regression,1,0.5695894586468842
40,2024,6,1,logistic_regression,0,0.4141369604392973
40,2024,7,0,logistic_regression,0,0.4423169666332469
40,2024,8,1,logistic_regression,0,0.470682847630233
40,2024,9,1,logistic_regression,1,0.6881037161616383
40,2024,11,1,logistic_regression,0,0.2193428580981019
40,2024,12,1,logistic_regression,0,0.13451591026246734
41,2023,11,1,logistic_regression,1,0.687969009001712
41,2023,12,1,logistic_regression,1,0.7158952370554782
41,2024,1,1,logistic_regression,1,0.9359992262924018
41,2024,2,1,logistic_regression,0,0.39458407722180827
41,2024,3,1,logistic_regression,0,0.2838524887771984
41,2024,4,1,logistic_regression,0,0.44711476895603686
41,2024,5,1,logistic_regression,1,0.6145011828108581
41,2024,6,1,logistic_regression,1,0.5131341025271916
41,2024,7,1,logistic_regression,1,0.5344069561475691
41,2024,8,1,logistic_regression,1,0.528749024195051
41,2024,9,1,logistic_regression,1,0.7394675709582632
41,2024,11,1,logistic_regression,0,0.4460252138682488
41,2024,12,1,logistic_regression,0,0.3986369564290855
42,2023,11,1,logistic_regression,1,0.6625771909735312
42,2023,12,1,logistic_regression,0,0.3583736346011991
42,2024,1,1,logistic_regression,0,0.47957400841446957
42,2024,2,1,logistic_regression,0,0.40485841308912957
42,2024,3,1,logistic_regression,0,0.2614123114882996
42,2024,4,1,logistic_regression,0,0.4012167556010891
42,2024,5,1,logistic_regression,1,0.5753079338983594
42,2024,6,1,logistic_regression,1,0.5223082069228822
42,2024,7,1,logistic_regression,1,0.5059574798844652
42,2024,8,1,logistic_regression,1,0.5070411245327706
42,2024,9,1,logistic_regression,1,0.7388279675279839
42,2024,11,1,logistic_regression,0,0.4556388516753931
42,2024,12,1,logistic_regression,0,0.36593392244074846
43,2023,11,1,logistic_regression,1,0.5243354119065746
43,2023,12,1,logistic_regression,0,0.23156120221991075
43,2024,1,1,logistic_regression,0,0.25366687675641697
43,2024,2,1,logistic_regression,0,0.24480940648221813
43,2024,3,1,logistic_regression,0,0.1813293935078119
43,2024,4,1,logistic_regression,0,0.30716390765035917
43,2024,5,1,logistic_regression,1,0.5671904450551915
43,2024,6,0,logistic_regression,1,0.5087968582419639
43,2024,7,1,logistic_regression,0,0.41761670085208774
43,2024,8,0,logistic_regression,1,0.5107064627865328
43,2024,9,1,logistic_regression,1,0.690767961316535
43,2024,11,1,logistic_regression,0,0.40648655453769694
43,2024,12,1,logistic_regression,0,0.13427141102046786
44,2023,11,1,logistic_regression,1,0.5285137782003315
44,2023,12,1,logistic_regression,0,0.23169403862912794
44,2024,1,1,logistic_regression,0,0.25438849863923946
44,2024,2,1,logistic_regression,0,0.2613706915551381
44,2024,3,1,logistic_regression,0,0.22180052967411282
44,2024,4,1,logistic_regression,0,0.3796716536331538
44,2024,5,1,logistic_regression,1,0.6050232373983678
44,2024,6,0,logistic_regression,1,0.5456356019873132
44,2024,7,1,logistic_regression,0,0.4362684810817664
44,2024,8,0,logistic_regression,1,0.5888129290369192
44,2024,9,1,logistic_regression,1,0.7501071656699021
44,2024,11,1,logistic_regression,0,0.46983680663116095
44,2024,12,1,logistic_regression,0,0.15477925414376767
45,2023,11,1,logistic_regression,1,0.6855122552619226
45,2023,12,1,logistic_regression,0,0.42489061032661446
45,2024,1,1,logistic_regression,0,0.41992263267095936
45,2024,2,1,logistic_regression,0,0.43411691662061297
45,2024,3,1,logistic_regression,0,0.33096330636313037
45,2024,4,1,logistic_regression,1,0.5160578977423242
45,2024,5,1,logistic_regression,1,0.5886463137766602
45,2024,6,1,logistic_regression,0,0.4937133629046621
45,2024,7,1,logistic_regression,0,0.47194797193340277
45,2024,8,1,logistic_regression,0,0.4586393745982603
45,2024,9,1,logistic_regression,1,0.7430146954717846
45,2024,11,1,logistic_regression,0,0.4734696962149836
45,2024,12,1,logistic_regression,0,0.3160782509527166
46,2023,11,1,logistic_regression,1,0.743089516361323
46,2023,12,1,logistic_regression,0,0.4871861223307555
46,2024,1,1,logistic_regression,1,0.504664582826875
46,2024,2,1,logistic_regression,1,0.5260698086737973
46,2024,3,1,logistic_regression,0,0.40036535953129726
46,2024,4,1,logistic_regression,1,0.5920953172621278
46,2024,5,1,logistic_regression,1,0.6716439551228011
46,2024,6,1,logistic_regression,1,0.5715824618565322
46,2024,7,1,logistic_regression,1,0.5193760823364784
46,2024,8,1,logistic_regression,1,0.5388893006105944
46,2024,9,1,logistic_regression,1,0.7929449319183981
46,2024,11,1,logistic_regression,1,0.5476943213595269
46,2024,12,1,logistic_regression,0,0.37598618323119404
47,2023,11,1,logistic_regression,1,0.988409406948262
47,2023,12,1,logistic_regression,1,0.9555056077971051
47,2024,1,1,logistic_regression,1,0.9557168556679205
47,2024,2,1,logistic_regression,1,0.9660616185434393
47,2024,3,1,logistic_regression,1,0.9637099418662732
47,2024,4,1,logistic_regression,1,0.9851437114581235
47,2024,5,1,logistic_regression,1,0.9944320479954241
47,2024,6,1,logistic_regression,1,0.9806340191410435
47,2024,7,1,logistic_regression,1,0.9403289904441409
47,2024,8,1,logistic_regression,1,0.9471821865120204
47,2024,9,1,logistic_regression,1,0.976288795974199
47,2024,11,1,logistic_regression,1,0.8220089052797186
47,2024,12,1,logistic_regression,1,0.6577816438815801
48,2023,11,1,logistic_regression,1,0.6257785635303671
48,2023,12,1,logistic_regression,0,0.3243389830170795
48,2024,1,1,logistic_regression,0,0.3695267507967548
48,2024,2,0,logistic_regression,0,0.43450536749624097
48,2024,3,0,logistic_regression,0,0.41988168879820714
48,2024,4,1,logistic_regression,1,0.6227532660659469
48,2024,5,1,logistic_regression,1,0.8485427801502922
48,2024,6,1,logistic_regression,1,0.8376826838904589
48,2024,7,0,logistic_regression,1,0.8867956909391441
48,2024,8,1,logistic_regression,1,0.9505192126521134
48,2024,9,1,logistic_regression,1,0.9744074633141069
48,2024,11,1,logistic_regression,0,0.4651821450577931
48,2024,12,1,logistic_regression,0,0.25520485738490095
49,2023,11,1,logistic_regression,1,0.8740183536013464
49,2023,12,1,logistic_regression,1,0.6652336542913355
49,2024,1,0,logistic_regression,1,0.7494167321492833
49,2024,2,1,logistic_regression,1,0.7732035687843491
49,2024,3,1,logistic_regression,1,0.6682921642918728
49,2024,4,1,logistic_regression,1,0.8010445160266646
49,2024,5,1,logistic_regression,1,0.8966050229209647
49,2024,6,1,logistic_regression,1,0.8755281893457978
49,2024,7,1,logistic_regression,1,0.8378728774410273
49,2024,8,1,logistic_regression,1,0.9191136420702924
49,2024,9,1,logistic_regression,1,0.9578872889635528
49,2024,11,1,logistic_regression,1,0.8189017737772883
49,2024,12,0,logistic_regression,1,0.5976192395848635
50,2023,11,1,logistic_regression,1,0.9162865867976342
50,2023,12,1,logistic_regression,1,0.8547838277466149
50,2024,1,1,logistic_regression,1,0.7736475086193807
50,2024,2,1,logistic_regression,1,0.7688124870803896
50,2024,3,1,logistic_regression,1,0.6699523004800004
50,2024,4,1,logistic_regression,1,0.7904390889921022
50,2024,5,1,logistic_regression,1,0.8379782603374866
50,2024,6,1,logistic_regression,1,0.7777809234049591
50,2024,7,1,logistic_regression,1,0.6967549230273254
50,2024,8,1,logistic_regression,1,0.630895716621733
50,2024,9,1,logistic_regression,1,0.9787188593881181
50,2024,11,1,logistic_regression,1,0.7087178512641573
50,2024,12,1,logistic_regression,1,0.6371345292095648
51,2023,11,1,logistic_regression,1,0.9262852516129361
51,2023,12,1,logistic_regression,1,0.8574791653848172
51,2024,1,1,logistic_regression,1,0.7783734543413681
51,2024,2,1,logistic_regression,1,0.8153800763258259
51,2024,3,1,logistic_regression,1,0.7235193872993294
51,2024,4,1,logistic_regression,1,0.8223958365019015
51,2024,5,1,logistic_regression,1,0.955825386840694
51,2024,6,1,logistic_regression,1,0.8399708490121068
51,2024,7,1,logistic_regression,1,0.8229554002026609
51,2024,8,1,logistic_regression,1,0.8349857405839729
51,2024,9,1,logistic_regression,1,0.9510034834279456
51,2024,11,1,logistic_regression,1,0.8299816312846806
51,2024,12,1,logistic_regression,1,0.6509305419493031
52,2023,11,1,logistic_regression,1,0.9987137771678024
52,2023,12,1,logistic_regression,1,0.9750712269436713
52,2024,1,1,logistic_regression,1,0.9584574744503138
52,2024,2,1,logistic_regression,1,0.9513732361501421
52,2024,3,1,logistic_regression,1,0.9463243950955514
52,2024,4,1,logistic_regression,1,0.967519051009815
52,2024,5,1,logistic_regression,1,0.9802767750573456
52,2024,6,1,logistic_regression,1,0.8706816556060087
52,2024,7,1,logistic_regression,1,0.7825579576682269
52,2024,8,1,logistic_regression,1,0.7691912796179229
52,2024,9,1,logistic_regression,1,0.9384467740459836
52,2024,11,1,logistic_regression,1,0.6509690747259973
52,2024,12,1,logistic_regression,1,0.5478984882914908
53,2023,11,1,logistic_regression,1,0.7855960472299733
53,2023,12,1,logistic_regression,1,0.6893758849327268
53,2024,1,1,logistic_regression,1,0.5944269517757595
53,2024,2,1,logistic_regression,1,0.5500444579242423
53,2024,3,1,logistic_regression,0,0.370974404856979
53,2024,4,1,logistic_regression,0,0.4818224642736641
53,2024,5,1,logistic_regression,1,0.5403758947021412
53,2024,6,1,logistic_regression,0,0.48504482685013345
53,2024,7,1,logistic_regression,1,0.5169861087946616
53,2024,8,1,logistic_regression,1,0.6312937369266077
53,2024,9,1,logistic_regression,1,0.8758936501827577
53,2024,11,1,logistic_regression,0,0.35987679878888856
53,2024,12,1,logistic_regression,0,0.2285954395883562
54,2023,11,1,logistic_regression,1,0.819288128972458
54,2023,12,1,logistic_regression,1,0.6888100112677146
54,2024,1,1,logistic_regression,1,0.57775194039049
54,2024,2,1,logistic_regression,1,0.5877557831710452
54,2024,3,1,logistic_regression,0,0.46549152797660753
54,2024,4,1,logistic_regression,1,0.6361542846064235
54,2024,5,1,logistic_regression,1,0.7179676228628126
54,2024,6,1,logistic_regression,1,0.6530663880266971
54,2024,7,1,logistic_regression,1,0.6523062260489936
54,2024,8,1,logistic_regression,1,0.6506088081114186
54,2024,9,1,logistic_regression,1,0.8204363743468445
54,2024,11,1,logistic_regression,0,0.44233117953967455
54,2024,12,1,logistic_regression,0,0.37062259439718526
55,2023,11,1,logistic_regression,0,0.3986722560144584
55,2023,12,0,logistic_regression,0,0.24578737839529313
55,2024,1,1,logistic_regression,0,0.16529085594819434
55,2024,2,1,logistic_regression,0,0.20265535505731877
55,2024,3,1,logistic_regression,0,0.12069993383345802
55,2024,4,1,logistic_regression,0,0.17229717942599498
55,2024,5,1,logistic_regression,0,0.23863519019502777
55,2024,6,1,logistic_regression,0,0.20042973059387367
55,2024,7,1,logistic_regression,0,0.1858547754254585
55,2024,8,1,logistic_regression,0,0.17441713377650114
55,2024,9,1,logistic_regression,0,0.40085738076457694
55,2024,11,1,logistic_regression,0,0.11990948141180337
55,2024,12,1,logistic_regression,0,0.08316462927324211
56,2023,11,1,logistic_regression,0,0.4541162696680894
56,2023,12,0,logistic_regression,0,0.29095861968052406
56,2024,1,1,logistic_regression,0,0.19014927473681553
56,2024,2,1,logistic_regression,0,0.24089669240997133
56,2024,3,1,logistic_regression,0,0.14568920030918325
56,2024,4,1,logistic_regression,0,0.23098065711361684
56,2024,5,1,logistic_regression,0,0.3240913770124833
56,2024,6,1,logistic_regression,0,0.2814129497681564
56,2024,7,1,logistic_regression,0,0.28299307030626636
56,2024,8,1,logistic_regression,0,0.26637689096665895
56,2024,9,1,logistic_regression,1,0.5339801905573712
56,2024,11,1,logistic_regression,0,0.17717070263007376
56,2024,12,1,logistic_regression,0,0.12619522626351462
57,2023,11,1,logistic_regression,0,0.3167712429197112
57,2023,12,1,logistic_regression,0,0.19694091907085295
57,2024,1,1,logistic_regression,0,0.1575627017571491
57,2024,2,1,logistic_regression,0,0.15872970707026254
57,2024,3,0,logistic_regression,0,0.11711400679707232
57,2024,4,1,logistic_regression,0,0.15675775979193107
57,2024,5,1,logistic_regression,0,0.20111592787705002
57,2024,6,1,logistic_regression,0,0.20091432880074353
57,2024,7,1,logistic_regression,0,0.183223550230171
57,2024,8,0,logistic_regression,0,0.16367760831899017
57,2024,9,0,logistic_regression,0,0.3760112948785427
57,2024,11,1,logistic_regression,0,0.12051204924377214
57,2024,12,1,logistic_regression,0,0.07665638109594418
58,2023,11,1,logistic_regression,0,0.24117501676329356
58,2023,12,1,logistic_regression,0,0.14713481276648155
58,2024,1,1,logistic_regression,0,0.11900264176785541
58,2024,2,1,logistic_regression,0,0.11786049969525297
58,2024,3,0,logistic_regression,0,0.06363602888276511
58,2024,4,1,logistic_regression,0,0.12349266676823753
58,2024,5,1,logistic_regression,0,0.12728919896291457
58,2024,6,1,logistic_regression,0,0.1235912716202224
58,2024,7,1,logistic_regression,0,0.10872111025276956
58,2024,8,0,logistic_regression,0,0.10289291606698743
58,2024,9,0,logistic_regression,0,0.2796607019848133
58,2024,11,1,logistic_regression,0,0.08758234650284452
58,2024,12,1,logistic_regression,0,0.05645347793506044
59,2023,11,1,logistic_regression,0,0.4295187051014673
59,2023,12,1,logistic_regression,0,0.29587134058054615
59,2024,1,1,logistic_regression,0,0.2478783496980918
59,2024,2,1,logistic_regression,0,0.31508008285270206
59,2024,3,1,logistic_regression,0,0.20430843052026199
59,2024,4,1,logistic_regression,0,0.10709448381853495
59,2024,5,1,logistic_regression,0,0.08140911216544902
59,2024,6,1,logistic_regression,0,0.2628799394648174
59,2024,7,1,logistic_regression,0,0.21887141147246034
59,2024,8,1,logistic_regression,0,0.23946993677617173
59,2024,9,1,logistic_regression,1,0.5106551530335408
59,2024,11,1,logistic_regression,0,0.22268720632422037
59,2024,12,0,logistic_regression,0,0.16658966667926578
60,2023,11,1,logistic_regression,0,0.36077067915588207
60,2023,12,1,logistic_regression,0,0.23283711218318812
60,2024,1,1,logistic_regression,0,0.19244279296991196
60,2024,2,1,logistic_regression,0,0.10779035838255076
60,2024,3,1,logistic_regression,0,0.0249264739584151
60,2024,4,1,logistic_regression,0,0.1248782236631068
60,2024,5,1,logistic_regression,0,0.2132651419342895
60,2024,6,1,logistic_regression,0,0.21672442457903485
60,2024,7,1,logistic_regression,0,0.17893838075174112
60,2024,8,1,logistic_regression,0,0.1857804126685247
60,2024,9,1,logistic_regression,0,0.4493869789762789
60,2024,11,1,logistic_regression,0,0.18958262607098045
60,2024,12,0,logistic_regression,0,0.12477102408822537
61,2023,11,1,logistic_regression,1,0.7877421463668729
61,2023,12,1,logistic_regression,1,0.6979475244520363
61,2024,1,1,logistic_regression,1,0.6432215139750913
61,2024,2,1,logistic_regression,1,0.6017838341755912
61,2024,3,1,logistic_regression,0,0.4913019695641717
61,2024,4,0,logistic_regression,1,0.6142550991968381
61,2024,5,1,logistic_regression,1,0.6377794455907293
61,2024,6,1,logistic_regression,1,0.6569332117818506
61,2024,7,1,logistic_regression,0,0.4899872897100406
61,2024,8,1,logistic_regression,1,0.5336638495909024
61,2024,9,1,logistic_regression,1,0.8446753793858104
61,2024,11,1,logistic_regression,1,0.5142322563133205
61,2024,12,1,logistic_regression,0,0.42117951848081264
62,2023,11,1,logistic_regression,1,0.7798904293431703
62,2023,12,1,logistic_regression,1,0.6722952288949575
62,2024,1,1,logistic_regression,1,0.6266306855697888
62,2024,2,1,logistic_regression,1,0.5901582686380209
62,2024,3,1,logistic_regression,0,0.46042981291070756
62,2024,4,0,logistic_regression,1,0.575017084757653
62,2024,5,1,logistic_regression,1,0.59973206935357
62,2024,6,1,logistic_regression,1,0.6124271118384211
62,2024,7,1,logistic_regression,1,0.5031621532772234
62,2024,8,1,logistic_regression,1,0.5388011726454927
62,2024,9,1,logistic_regression,1,0.8222827534059209
62,2024,11,1,logistic_regression,0,0.47561555420305984
62,2024,12,1,logistic_regression,0,0.38246094168688627
63,2023,11,1,logistic_regression,1,0.8287397043603651
63,2023,12,1,logistic_regression,1,0.7340910615257986
63,2024,1,0,logistic_regression,1,0.5364447069151607
63,2024,2,1,logistic_regression,1,0.6544440795043984
63,2024,3,1,logistic_regression,0,0.4935738302843067
63,2024,4,1,logistic_regression,1,0.7420523098018086
63,2024,5,1,logistic_regression,1,0.8668430111951843
63,2024,6,1,logistic_regression,1,0.8275960749691128
63,2024,7,1,logistic_regression,1,0.9669219694781861
63,2024,8,1,logistic_regression,1,0.9781660243022035
63,2024,9,1,logistic_regression,1,0.9229006451867552
63,2024,11,0,logistic_regression,1,0.5098817408283145
63,2024,12,1,logistic_regression,0,0.46498728080779494
64,2023,11,1,logistic_regression,0,0.4834712878505201
64,2023,12,1,logistic_regression,1,0.8943447673127223
64,2024,1,0,logistic_regression,1,0.8214985309365077
64,2024,2,1,logistic_regression,1,0.9068308040186859
64,2024,3,1,logistic_regression,1,0.93474611832572
64,2024,4,1,logistic_regression,1,0.9872601032329554
64,2024,5,1,logistic_regression,1,0.9987687171616422
64,2024,6,1,logistic_regression,1,0.9983002272433885
64,2024,7,1,logistic_regression,1,0.9999757361787311
64,2024,8,1,logistic_regression,1,0.9999958362870123
64,2024,9,1,logistic_regression,1,0.9992706795415532
64,2024,11,0,logistic_regression,1,0.8894478850025472
64,2024,12,1,logistic_regression,1,0.7648359501395605
65,2023,11,1,logistic_regression,1,0.9435046158973506
65,2023,12,1,logistic_regression,1,0.6655325135744105
65,2024,1,0,logistic_regression,1,0.5624502503189829
65,2024,2,1,logistic_regression,1,0.6272620560245382
65,2024,3,1,logistic_regression,1,0.5265592805133927
65,2024,4,1,logistic_regression,1,0.7434808564068627
65,2024,5,1,logistic_regression,1,0.8678619628905786
65,2024,6,1,logistic_regression,1,0.8389723481049196
65,2024,7,1,logistic_regression,1,0.9456417255269216
65,2024,8,1,logistic_regression,1,0.9734257088695702
65,2024,9,1,logistic_regression,1,0.9490597750682181
65,2024,11,0,logistic_regression,1,0.5203324029433896
65,2024,12,1,logistic_regression,0,0.42232577845596986
66,2023,11,1,logistic_regression,1,0.7743711476688329
66,2023,12,1,logistic_regression,1,0.6147161239747826
66,2024,1,0,logistic_regression,0,0.4644742012633703
66,2024,2,1,logistic_regression,1,0.5692471515776099
66,2024,3,1,logistic_regression,1,0.5372227495445536
66,2024,4,1,logistic_regression,1,0.8091738508023214
66,2024,5,1,logistic_regression,1,0.9708489595126394
66,2024,6,1,logistic_regression,1,0.950980298808498
66,2024,7,1,logistic_regression,1,0.9976842606160726
66,2024,8,1,logistic_regression,1,0.9979168197647593
66,2024,9,1,logistic_regression,1,0.9745226623513842
66,2024,11,0,logistic_regression,0,0.4884362643842768
66,2024,12,1,logistic_regression,0,0.3777310850750881
67,2023,11,1,logistic_regression,1,0.5557064225630406
67,2023,12,1,logistic_regression,0,0.3569680342219541
67,2024,1,1,logistic_regression,0,0.2972823428807573
67,2024,2,1,logistic_regression,0,0.3609669128021492
67,2024,3,1,logistic_regression,0,0.2016091785628738
67,2024,4,1,logistic_regression,0,0.29368216961503785
67,2024,5,1,logistic_regression,0,0.35160210075917486
67,2024,6,1,logistic_regression,0,0.36033785632694104
67,2024,7,1,logistic_regression,0,0.3214042676787213
67,2024,8,1,logistic_regression,0,0.36238367402808236
67,2024,9,1,logistic_regression,1,0.6748476441793388
67,2024,11,1,logistic_regression,0,0.23290694052507113
67,2024,12,1,logistic_regression,0,0.14942318002548496
68,2023,11,1,logistic_regression,1,0.5057792287257235
68,2023,12,1,logistic_regression,0,0.3133056200808382
68,2024,1,1,logistic_regression,0,0.2539194014683993
68,2024,2,1,logistic_regression,0,0.31801003185455873
68,2024,3,1,logistic_regression,0,0.17179439614153494
68,2024,4,1,logistic_regression,0,0.25971439543078345
68,2024,5,1,logistic_regression,0,0.3288535863778592
68,2024,6,1,logistic_regression,0,0.3138287911071092
68,2024,7,1,logistic_regression,0,0.26921842467831386
68,2024,8,1,logistic_regression,0,0.30546865930654254
68,2024,9,1,logistic_regression,1,0.6329945640851662
68,2024,11,1,logistic_regression,0,0.19900007291033575
68,2024,12,1,logistic_regression,0,0.12466144761268941
69,2023,11,1,logistic_regression,1,0.9996612936928603
69,2023,12,1,logistic_regression,1,0.9987672561187293
69,2024,1,1,logistic_regression,1,0.9987820371814167
69,2024,2,1,logistic_regression,1,0.9987951956204931
69,2024,3,1,logistic_regression,1,0.9990900670644464
69,2024,4,1,logistic_regression,1,0.9990925623966284
69,2024,5,1,logistic_regression,1,0.9991021005383889
69,2024,6,1,logistic_regression,1,0.9987807899050063
69,2024,7,1,logistic_regression,1,0.9982536827113658
69,2024,8,1,logistic_regression,1,0.9985386776790741
69,2024,9,1,logistic_regression,1,0.9998005151471001
69,2024,11,1,logistic_regression,1,0.9994593283374459
69,2024,12,1,logistic_regression,1,0.9981009571573295
70,2023,11,1,logistic_regression,1,0.7779082699570716
70,2023,12,1,logistic_regression,1,0.629217699662326
70,2024,1,1,logistic_regression,1,0.6220962398718547
70,2024,2,1,logistic_regression,1,0.5803597555550827
70,2024,3,1,logistic_regression,1,0.5020209556449224
70,2024,4,0,logistic_regression,1,0.7274693423129023
70,2024,5,1,logistic_regression,1,0.6772699188428236
70,2024,6,1,logistic_regression,1,0.6979417317620932
70,2024,7,1,logistic_regression,1,0.6689711868342555
70,2024,8,1,logistic_regression,1,0.7504922821744905
70,2024,9,1,logistic_regression,1,0.9088679381844024
70,2024,11,1,logistic_regression,1,0.6593016732347926
70,2024,12,1,logistic_regression,0,0.44250930404392425
71,2023,11,1,logistic_regression,1,0.8023725977072296
71,2023,12,1,logistic_regression,1,0.6650536573110808
71,2024,1,1,logistic_regression,1,0.6896512849041239
71,2024,2,1,logistic_regression,1,0.5957092994077237
71,2024,3,1,logistic_regression,1,0.5330926907988205
71,2024,4,0,logistic_regression,1,0.7659388849010021
71,2024,5,1,logistic_regression,1,0.7076852553630061
71,2024,6,1,logistic_regression,1,0.7318902980337421
71,2024,7,1,logistic_regression,1,0.7484111036243196
71,2024,8,1,logistic_regression,1,0.832553371837997
71,2024,9,1,logistic_regression,1,0.8849619509741437
71,2024,11,1,logistic_regression,1,0.5937703239291169
71,2024,12,1,logistic_regression,0,0.49633101984070527
72,2023,11,1,logistic_regression,1,0.574835752763765
72,2023,12,1,logistic_regression,0,0.4155334376841404
72,2024,1,1,logistic_regression,0,0.3823523568674522
72,2024,2,1,logistic_regression,0,0.34346227858017586
72,2024,3,1,logistic_regression,0,0.24587131663636896
72,2024,4,1,logistic_regression,0,0.38407302110893815
72,2024,5,1,logistic_regression,0,0.37317944074319626
72,2024,6,1,logistic_regression,0,0.3902763492635218
72,2024,7,1,logistic_regression,0,0.31122457217216587
72,2024,8,1,logistic_regression,0,0.3690262723620712
72,2024,9,1,logistic_regression,1,0.6127829694607684
72,2024,11,0,logistic_regression,0,0.41144642235396567
72,2024,12,0,logistic_regression,0,0.2818350383436333
73,2023,11,1,logistic_regression,1,0.9414798650599335
73,2023,12,1,logistic_regression,1,0.8688399714476228
73,2024,1,1,logistic_regression,1,0.9886927361761676
73,2024,2,1,logistic_regression,1,0.942970592825065
73,2024,3,1,logistic_regression,1,0.8831904865876419
73,2024,4,1,logistic_regression,1,0.9393409033974459
73,2024,5,1,logistic_regression,1,0.9479581868590693
73,2024,6,1,logistic_regression,1,0.9543875086331468
73,2024,7,1,logistic_regression,1,0.9267360397069379
73,2024,8,1,logistic_regression,1,0.948501190299741
73,2024,9,1,logistic_regression,1,0.9807895073588674
73,2024,11,0,logistic_regression,1,0.918612499549303
73,2024,12,0,logistic_regression,1,0.8103538310422272
74,2023,11,1,logistic_regression,1,0.6354659607690588
74,2023,12,1,logistic_regression,1,0.5249853470203474
74,2024,1,1,logistic_regression,0,0.4258587817583905
74,2024,2,1,logistic_regression,0,0.4392564039060241
74,2024,3,1,logistic_regression,0,0.3093587258175866
74,2024,4,1,logistic_regression,0,0.412784981230799
74,2024,5,1,logistic_regression,0,0.4336245247320852
74,2024,6,1,logistic_regression,0,0.440868546785796
74,2024,7,1,logistic_regression,0,0.3094063634838398
74,2024,8,1,logistic_regression,0,0.3395620277700326
74,2024,9,1,logistic_regression,1,0.6898419775146084
74,2024,11,1,logistic_regression,0,0.390043322602448
74,2024,12,1,logistic_regression,0,0.26388979472162516
75,2023,11,1,logistic_regression,1,0.7996936803081103
75,2023,12,1,logistic_regression,1,0.6782707213178281
75,2024,1,1,logistic_regression,1,0.6330974575300199
75,2024,2,1,logistic_regression,1,0.6261700831230136
75,2024,3,1,logistic_regression,1,0.5349212597670484
75,2024,4,1,logistic_regression,1,0.672165447652163
75,2024,5,1,logistic_regression,1,0.683968427861683
75,2024,6,1,logistic_regression,1,0.6410764016236774
75,2024,7,1,logistic_regression,0,0.42954952487585174
75,2024,8,1,logistic_regression,0,0.4688322884742105
75,2024,9,1,logistic_regression,1,0.834589735699761
75,2024,11,1,logistic_regression,1,0.5716525085996927
75,2024,12,1,logistic_regression,0,0.38595274318110884
76,2023,11,1,logistic_regression,1,0.5203482216913721
76,2023,12,1,logistic_regression,0,0.37204166600511807
76,2024,1,1,logistic_regression,0,0.38240952926407157
76,2024,2,1,logistic_regression,0,0.319167664548739
76,2024,3,1,logistic_regression,0,0.2105956242193482
76,2024,4,1,logistic_regression,0,0.35324341579920054
76,2024,5,1,logistic_regression,0,0.3111092055749449
76,2024,6,1,logistic_regression,0,0.30885553017364353
76,2024,7,1,logistic_regression,0,0.2552054773732003
76,2024,8,1,logistic_regression,0,0.17532383986793196
76,2024,9,1,logistic_regression,1,0.5422260466516552
76,2024,11,1,logistic_regression,0,0.36684336438441784
76,2024,12,1,logistic_regression,0,0.2340896098036319
77,2023,11,1,logistic_regression,1,0.9918907083702461
77,2023,12,1,logistic_regression,1,0.982432060191783
77,2024,1,1,logistic_regression,1,0.9822833415487546
77,2024,2,1,logistic_regression,1,0.976792333769993
77,2024,3,1,logistic_regression,1,0.9724809806067446
77,2024,4,1,logistic_regression,1,0.9813711593349593
77,2024,5,1,logistic_regression,1,0.984351021685681
77,2024,6,1,logistic_regression,1,0.9833620869753353
77,2024,7,1,logistic_regression,1,0.9763995863389641
77,2024,8,1,logistic_regression,1,0.9790590066198375
77,2024,9,1,logistic_regression,1,0.9935966889371878
77,2024,11,1,logistic_regression,1,0.9868800073867408
77,2024,12,1,logistic_regression,1,0.9148362669568043
78,2023,11,1,logistic_regression,0,0.21404008216465387
78,2023,12,0,logistic_regression,0,0.13709691743734398
78,2024,1,1,logistic_regression,0,0.1049667916596158
78,2024,2,1,logistic_regression,0,0.10393370892733121
78,2024,3,0,logistic_regression,0,0.05270096753108949
78,2024,4,0,logistic_regression,0,0.09512728913573314
78,2024,5,0,logistic_regression,0,0.0940439445539826
78,2024,6,0,logistic_regression,0,0.12885187809256496
78,2024,7,0,logistic_regression,0,0.08656683179479463
78,2024,8,0,logistic_regression,0,0.1070244368007326
78,2024,9,1,logistic_regression,0,0.2132947621245293
78,2024,11,0,logistic_regression,0,0.09186859629800623
78,2024,12,1,logistic_regression,0,0.046741104094279784
79,2023,11,1,logistic_regression,1,0.5048681814512838
79,2023,12,0,logistic_regression,0,0.35063666813746586
79,2024,1,1,logistic_regression,0,0.33975684684239543
79,2024,2,1,logistic_regression,0,0.33330265301583745
79,2024,3,0,logistic_regression,0,0.2668455050494492
79,2024,4,0,logistic_regression,0,0.39168223018057385
79,2024,5,0,logistic_regression,0,0.4079566590641404
79,2024,6,0,logistic_regression,1,0.5138223035583097
79,2024,7,0,logistic_regression,0,0.3607751776045621
79,2024,8,0,logistic_regression,0,0.46018325724869646
79,2024,9,1,logistic_regression,1,0.6508601654656415
79,2024,11,0,logistic_regression,0,0.3260202481554605
79,2024,12,1,logistic_regression,0,0.1590152608526304
80,2023,11,1,logistic_regression,0,0.4167797969227977
80,2023,12,1,logistic_regression,0,0.1585033813094124
80,2024,1,1,logistic_regression,0,0.13475004388573128
80,2024,2,1,logistic_regression,0,0.13404477754735866
80,2024,3,1,logistic_regression,0,0.0734195886729402
80,2024,4,1,logistic_regression,0,0.2162892564134408
80,2024,5,1,logistic_regression,1,0.9900292259846024
80,2024,12,1,logistic_regression,1,0.9986586535102208
81,2023,11,1,logistic_regression,0,0.3344290511608827
81,2023,12,1,logistic_regression,0,0.13413086140061314
81,2024,1,1,logistic_regression,0,0.12952386615429026
81,2024,2,1,logistic_regression,0,0.13815529807200866
81,2024,3,1,logistic_regression,0,0.09124055202718516
81,2024,4,1,logistic_regression,1,0.7666361933700439
81,2024,5,1,logistic_regression,0,0.12349038581410954
81,2024,6,1,logistic_regression,0,0.15714928507654907
81,2024,7,1,logistic_regression,0,0.07435901508134156
81,2024,8,1,logistic_regression,0,0.11371848984629519
81,2024,9,1,logistic_regression,0,0.2804920736026097
81,2024,11,1,logistic_regression,0,0.09990406497291127
81,2024,12,1,logistic_regression,0,0.06054569254794228
82,2023,11,1,logistic_regression,0,0.21603879668951206
82,2023,12,1,logistic_regression,0,0.14980471888205812
82,2024,1,1,logistic_regression,0,0.1687925296439358
82,2024,2,1,logistic_regression,0,0.1363385857844467
82,2024,3,1,logistic_regression,1,0.60362720561097
82,2024,4,0,logistic_regression,0,0.14365882171686195
82,2024,5,1,logistic_regression,0,0.11649847951318641
82,2024,6,1,logistic_regression,0,0.17380648683314143
82,2024,7,1,logistic_regression,0,0.10006811725650465
82,2024,8,1,logistic_regression,0,0.11648451169888123
82,2024,9,0,logistic_regression,0,0.31175701074448564
82,2024,11,1,logistic_regression,0,0.08600130140994863
82,2024,12,1,logistic_regression,0,0.05810016615684239
83,2023,11,1,logistic_regression,0,0.1918669950607931
83,2023,12,1,logistic_regression,0,0.13023429790221572
83,2024,1,1,logistic_regression,0,0.15290779137016242
83,2024,2,1,logistic_regression,0,0.10841713372049294
83,2024,3,1,logistic_regression,1,0.7240750225753952
83,2024,4,0,logistic_regression,1,0.6281208984367271
83,2024,5,1,logistic_regression,0,0.0766653061332882
83,2024,6,1,logistic_regression,0,0.132157815762631
83,2024,7,1,logistic_regression,0,0.08583562690897024
83,2024,8,1,logistic_regression,0,0.09754037307949734
83,2024,9,0,logistic_regression,0,0.2776214632388972
83,2024,11,1,logistic_regression,0,0.08344685768954593
83,2024,12,1,logistic_regression,0,0.05313343975802218
84,2023,11,1,logistic_regression,1,0.851108675802706
84,2023,12,1,logistic_regression,1,0.7389497699887149
84,2024,1,1,logistic_regression,1,0.7084103143351668
84,2024,2,1,logistic_regression,1,0.7395997411942
84,2024,3,1,logistic_regression,1,0.6817908508716967
84,2024,4,1,logistic_regression,1,0.7655842471204101
84,2024,5,1,logistic_regression,1,0.8188053360635484
84,2024,6,1,logistic_regression,1,0.8263618089697475
84,2024,7,1,logistic_regression,1,0.7958251389357994
84,2024,8,1,logistic_regression,1,0.8196093447829357
84,2024,9,1,logistic_regression,1,0.9366301132843112
84,2024,11,1,logistic_regression,1,0.650449916841262
84,2024,12,1,logistic_regression,1,0.5099409667682612
85,2023,11,1,logistic_regression,0,0.29982396388558474
85,2023,12,1,logistic_regression,0,0.16672043694943126
85,2024,1,1,logistic_regression,0,0.13723117469825083
85,2024,2,1,logistic_regression,0,0.13819369253740868
85,2024,3,1,logistic_regression,0,0.06983793317302733
85,2024,4,1,logistic_regression,0,0.1128345801348734
85,2024,5,1,logistic_regression,0,0.10908946820557323
85,2024,6,1,logistic_regression,0,0.1732244175295641
85,2024,7,1,logistic_regression,1,0.7419212318123806
85,2024,8,1,logistic_regression,0,0.13709052865361926
85,2024,9,1,logistic_regression,0,0.42080177021908316
85,2024,11,1,logistic_regression,0,0.09551719022786873
85,2024,12,1,logistic_regression,0,0.08542742855509587
86,2023,11,1,logistic_regression,0,0.23655817462566053
86,2023,12,1,logistic_regression,0,0.13969783980916456
86,2024,1,1,logistic_regression,0,0.11737699005670961
86,2024,2,1,logistic_regression,0,0.12289931866707984
86,2024,3,1,logistic_regression,0,0.057336306968313835
86,2024,4,1,logistic_regression,0,0.1605672155796909
86,2024,5,1,logistic_regression,0,0.12326564642198368
86,2024,6,1,logistic_regression,0,0.12282548339300303
86,2024,7,1,logistic_regression,0,0.07548041344774568
86,2024,8,1,logistic_regression,0,0.10123469965496536
86,2024,9,1,logistic_regression,0,0.2802764965502714
86,2024,11,1,logistic_regression,0,0.0730513466132705
86,2024,12,1,logistic_regression,0,0.06676120112104937
87,2023,11,1,logistic_regression,1,0.9701531793354602
87,2023,12,1,logistic_regression,1,0.9058339935858057
87,2024,1,1,logistic_regression,1,0.9088974971371333
87,2024,2,1,logistic_regression,1,0.9046072393936003
87,2024,3,1,logistic_regression,1,0.8692085869353567
87,2024,4,1,logistic_regression,1,0.8947960633900586
87,2024,5,1,logistic_regression,1,0.9586558358671897
87,2024,6,1,logistic_regression,1,0.9498948881915402
87,2024,7,1,logistic_regression,1,0.8766831589534312
87,2024,8,1,logistic_regression,1,0.9330401593180153
87,2024,9,1,logistic_regression,1,0.9789533461646018
87,2024,11,1,logistic_regression,1,0.8966801370464644
87,2024,12,1,logistic_regression,1,0.8127356844580046
88,2023,11,1,logistic_regression,1,0.7201003331572793
88,2023,12,1,logistic_regression,0,0.47584211511961916
88,2024,1,0,logistic_regression,0,0.44115038832439535
88,2024,2,0,logistic_regression,0,0.48019757276256886
88,2024,3,1,logistic_regression,0,0.39849377949131454
88,2024,4,1,logistic_regression,1,0.5865188078487445
88,2024,5,1,logistic_regression,1,0.6653430837854648
88,2024,6,1,logistic_regression,1,0.6351208221169227
88,2024,7,1,logistic_regression,1,0.5621674036802765
88,2024,8,1,logistic_regression,1,0.7084300551628425
88,2024,9,0,logistic_regression,1,0.7866680612014407
88,2024,11,1,logistic_regression,0,0.4237888586684162
88,2024,12,1,logistic_regression,0,0.2975192075996071
89,2023,11,1,logistic_regression,1,0.9850443444642986
89,2023,12,1,logistic_regression,1,0.956791271023065
89,2024,1,0,logistic_regression,1,0.9483597493512184
89,2024,2,0,logistic_regression,1,0.9486068855728698
89,2024,3,1,logistic_regression,1,0.9347599940451642
89,2024,4,1,logistic_regression,1,0.9687776436386889
89,2024,5,1,logistic_regression,1,0.9855098476262469
89,2024,6,1,logistic_regression,1,0.9814806072674749
89,2024,7,1,logistic_regression,1,0.9497460007941928
89,2024,8,1,logistic_regression,1,0.9757490727510502
89,2024,9,0,logistic_regression,1,0.9934149424514763
89,2024,11,1,logistic_regression,1,0.9537084837235387
89,2024,12,1,logistic_regression,1,0.9161169355337805
90,2023,11,1,logistic_regression,1,0.5306516986104026
90,2023,12,1,logistic_regression,0,0.36496620509893984
90,2024,1,0,logistic_regression,0,0.2185827737798533
90,2024,2,1,logistic_regression,0,0.2936536255747015
90,2024,3,1,logistic_regression,0,0.18477712795070647
90,2024,4,1,logistic_regression,0,0.2851400177450068
90,2024,5,1,logistic_regression,0,0.4412856950720041
90,2024,6,1,logistic_regression,0,0.3377979842449419
90,2024,7,1,logistic_regression,0,0.2440880669975296
90,2024,8,0,logistic_regression,0,0.28886420398817714
90,2024,9,1,logistic_regression,1,0.5505158342830375
90,2024,11,0,logistic_regression,0,0.2330599076609355
90,2024,12,1,logistic_regression,0,0.10110798711200955
91,2023,11,1,logistic_regression,1,0.521245172211634
91,2023,12,1,logistic_regression,0,0.365823729018022
91,2024,1,0,logistic_regression,0,0.21925128765579413
91,2024,2,1,logistic_regression,0,0.2870020036696135
91,2024,3,1,logistic_regression,0,0.17608763991110152
91,2024,4,1,logistic_regression,0,0.28988456485259206
91,2024,5,1,logistic_regression,0,0.4481430005591542
91,2024,6,1,logistic_regression,0,0.33308702181607946
91,2024,7,1,logistic_regression,0,0.2454980125750324
91,2024,8,0,logistic_regression,0,0.3102841859060486
91,2024,9,1,logistic_regression,1,0.5473824697737316
91,2024,11,0,logistic_regression,0,0.23070971642940588
91,2024,12,1,logistic_regression,0,0.10442857131243696
92,2023,11,1,logistic_regression,1,0.5330591691177848
92,2023,12,1,logistic_regression,0,0.3225516243368884
92,2024,1,1,logistic_regression,0,0.2591329462695281
92,2024,2,1,logistic_regression,0,0.33604243111709464
92,2024,3,1,logistic_regression,0,0.19744084291486833
92,2024,4,1,logistic_regression,0,0.2426152991192772
92,2024,5,1,logistic_regression,0,0.4230047740397471
92,2024,6,1,logistic_regression,0,0.43625975358862246
92,2024,7,1,logistic_regression,0,0.2649746370325542
92,2024,8,1,logistic_regression,0,0.37593219845463016
92,2024,9,1,logistic_regression,1,0.6355853739435965
92,2024,11,1,logistic_regression,0,0.2491826371027472
92,2024,12,1,logistic_regression,0,0.1471996355203345
93,2023,11,1,logistic_regression,1,0.5608930705886681
93,2023,12,1,logistic_regression,0,0.33095321346061285
93,2024,1,1,logistic_regression,0,0.2650691981144616
93,2024,2,1,logistic_regression,0,0.3725765933174494
93,2024,3,1,logistic_regression,0,0.20371140267751678
93,2024,4,1,logistic_regression,0,0.42746528603601963
93,2024,5,1,logistic_regression,0,0.48195945132369794
93,2024,6,1,logistic_regression,0,0.43472826570095896
93,2024,7,1,logistic_regression,0,0.2693300583461169
93,2024,8,1,logistic_regression,0,0.39903093154899044
93,2024,9,1,logistic_regression,1,0.6597242088395883
93,2024,11,1,logistic_regression,0,0.262616180332499
93,2024,12,1,logistic_regression,0,0.15289910224677
94,2023,11,1,logistic_regression,1,0.5079055133130452
94,2023,12,1,logistic_regression,0,0.2646905596327924
94,2024,1,1,logistic_regression,0,0.17020424114946558
94,2024,2,1,logistic_regression,0,0.17097286561834554
94,2024,3,1,logistic_regression,0,0.0862234524133414
94,2024,4,1,logistic_regression,0,0.16614503122867652
94,2024,5,1,logistic_regression,0,0.21289252858743776
94,2024,6,1,logistic_regression,0,0.22019818805449748
94,2024,7,1,logistic_regression,0,0.48536766200019654
94,2024,8,1,logistic_regression,1,0.6480900815396445
94,2024,9,1,logistic_regression,1,0.7923649138449287
94,2024,11,1,logistic_regression,0,0.39163255391818885
94,2024,12,1,logistic_regression,0,0.3499183574123527
95,2023,11,1,logistic_regression,1,0.7921953977710036
95,2023,12,1,logistic_regression,1,0.5717382840904313
95,2024,1,1,logistic_regression,0,0.48408609799728464
95,2024,2,1,logistic_regression,1,0.5474314278194262
95,2024,3,1,logistic_regression,0,0.4664526222023054
95,2024,4,1,logistic_regression,0,0.4724041862459579
95,2024,5,1,logistic_regression,1,0.5895500391332205
95,2024,6,1,logistic_regression,1,0.8227602039238874
95,2024,7,1,logistic_regression,1,0.9004769351146787
95,2024,8,1,logistic_regression,1,0.5510287950907993
95,2024,9,1,logistic_regression,1,0.8197890498950235
95,2024,11,1,logistic_regression,1,0.5253332117930677
95,2024,12,1,logistic_regression,0,0.3879535829192367
96,2023,11,1,logistic_regression,1,0.7535212232947996
96,2023,12,1,logistic_regression,1,0.5438420956302507
96,2024,1,1,logistic_regression,0,0.43190383186968156
96,2024,2,1,logistic_regression,1,0.5216398465325256
96,2024,3,1,logistic_regression,0,0.4222543634883373
96,2024,4,1,logistic_regression,0,0.4337239369516195
96,2024,5,1,logistic_regression,1,0.5630402559591574
96,2024,6,1,logistic_regression,1,0.5938008829785867
96,2024,7,1,logistic_regression,0,0.49420027883256124
96,2024,8,1,logistic_regression,1,0.579181548744411
96,2024,9,1,logistic_regression,1,0.8020640666611787
96,2024,11,1,logistic_regression,0,0.20690307509105865
96,2024,12,1,logistic_regression,1,0.957403910257457
97,2023,11,1,logistic_regression,1,0.5913978079236516
97,2023,12,1,logistic_regression,0,0.3593276644210148
97,2024,1,1,logistic_regression,0,0.32048920287620275
97,2024,2,1,logistic_regression,0,0.3125024994435448
97,2024,3,1,logistic_regression,0,0.20852913745886395
97,2024,4,1,logistic_regression,0,0.3053703120104331
97,2024,5,1,logistic_regression,0,0.4339986173556278
97,2024,6,1,logistic_regression,0,0.36171731005491237
97,2024,7,1,logistic_regression,0,0.29277071707126623
97,2024,8,1,logistic_regression,0,0.3812210815933378
97,2024,9,1,logistic_regression,1,0.5961058699074581
97,2024,11,1,logistic_regression,0,0.26674906408392146
97,2024,12,1,logistic_regression,0,0.22773906749879205
98,2023,11,1,logistic_regression,1,0.6146802695732548
98,2023,12,1,logistic_regression,0,0.38324986544940176
98,2024,1,1,logistic_regression,0,0.3249885929103654
98,2024,2,1,logistic_regression,0,0.3080465603467564
98,2024,3,1,logistic_regression,0,0.2262546478761679
98,2024,4,1,logistic_regression,0,0.3138042164859184
98,2024,5,1,logistic_regression,0,0.437593538777669
98,2024,6,1,logistic_regression,0,0.39011928095149334
98,2024,7,1,logistic_regression,0,0.3286788508815403
98,2024,8,1,logistic_regression,0,0.41353421573237586
98,2024,9,1,logistic_regression,1,0.6280736043503212
98,2024,11,1,logistic_regression,0,0.2858523110017254
98,2024,12,1,logistic_regression,0,0.24349016204893864
99,2023,11,1,logistic_regression,0,0.44320368479771766
99,2023,12,1,logistic_regression,0,0.22885650818376407
99,2024,1,1,logistic_regression,0,0.21832775268694313
99,2024,2,1,logistic_regression,0,0.22336138857463048
99,2024,3,1,logistic_regression,0,0.1289879270755888
99,2024,4,1,logistic_regression,0,0.17023121120340998
99,2024,5,1,logistic_regression,0,0.18221609977535297
99,2024,6,1,logistic_regression,0,0.21201863062618745
99,2024,7,1,logistic_regression,0,0.12538005521512044
99,2024,8,1,logistic_regression,0,0.1555058137327877
99,2024,9,1,logistic_regression,0,0.41977646234594246
99,2024,11,1,logistic_regression,0,0.19036308858179873
99,2024,12,1,logistic_regression,0,0.07815101000656821
100,2023,11,1,logistic_regression,1,0.99696504940379
100,2023,12,1,logistic_regression,1,0.993797046589668
100,2024,1,1,logistic_regression,1,0.9919231749934233
100,2024,2,1,logistic_regression,1,0.9955682955466625
100,2024,3,1,logistic_regression,1,0.9978406519684899
100,2024,4,1,logistic_regression,1,0.9969846752811503
100,2024,5,1,logistic_regression,1,0.9982484072805181
100,2024,6,1,logistic_regression,1,0.9980144707511507
100,2024,7,1,logistic_regression,1,0.9969206041802724
100,2024,8,1,logistic_regression,1,0.995572937615129
100,2024,9,1,logistic_regression,1,0.9987913075678523
100,2024,11,1,logistic_regression,1,0.9955390418510263
100,2024,12,1,logistic_regression,1,0.9818257832892512
101,2023,11,1,logistic_regression,1,0.8173186240027158
101,2023,12,1,logistic_regression,1,0.6158409554799045
101,2024,1,1,logistic_regression,1,0.5731563400968995
101,2024,2,1,logistic_regression,1,0.5304585411309861
101,2024,3,1,logistic_regression,0,0.45243283061277434
101,2024,4,1,logistic_regression,1,0.647748424224549
101,2024,5,1,logistic_regression,1,0.7629560698469326
101,2024,6,1,logistic_regression,1,0.8122475424349608
101,2024,7,1,logistic_regression,1,0.7311048848986429
101,2024,8,1,logistic_regression,1,0.850528181883519
101,2024,9,1,logistic_regression,1,0.8501761323502084
101,2024,11,1,logistic_regression,1,0.5963035285907428
101,2024,12,1,logistic_regression,0,0.44375852622342143
102,2023,11,1,logistic_regression,1,0.7041529706451416
102,2023,12,1,logistic_regression,0,0.45022707514702665
102,2024,1,1,logistic_regression,0,0.43033614763014594
102,2024,2,1,logistic_regression,0,0.3659514038431812
102,2024,3,1,logistic_regression,0,0.27391712134387053
102,2024,4,1,logistic_regression,0,0.4060271344924704
102,2024,5,1,logistic_regression,1,0.5538364717613925
102,2024,6,1,logistic_regression,1,0.8000500591081963
102,2024,7,1,logistic_regression,0,0.4982938316163136
102,2024,8,1,logistic_regression,1,0.6339337807275183
102,2024,9,1,logistic_regression,1,0.6758215275803097
102,2024,11,1,logistic_regression,0,0.353190110480596
102,2024,12,1,logistic_regression,0,0.26933532435000956
103,2023,11,1,logistic_regression,1,0.5585459534746338
103,2023,12,1,logistic_regression,0,0.3156182336576643
103,2024,1,1,logistic_regression,0,0.2017383259058616
103,2024,2,1,logistic_regression,0,0.2687546052945463
103,2024,3,0,logistic_regression,0,0.1450651448136216
103,2024,4,1,logistic_regression,0,0.20354457216713903
103,2024,5,0,logistic_regression,0,0.362381540153147
103,2024,6,1,logistic_regression,0,0.2874327630692387
103,2024,7,1,logistic_regression,0,0.17231030069143452
103,2024,8,1,logistic_regression,0,0.24925785272423567
103,2024,9,0,logistic_regression,0,0.45987069981272694
103,2024,11,1,logistic_regression,0,0.19298286532992429
103,2024,12,1,logistic_regression,0,0.10890981022112123
104,2023,11,1,logistic_regression,1,0.5744643012188022
104,2023,12,1,logistic_regression,0,0.34260441888865795
104,2024,1,1,logistic_regression,0,0.22691014547648744
104,2024,2,1,logistic_regression,0,0.36364105040468736
104,2024,3,0,logistic_regression,0,0.17835290753026206
104,2024,4,1,logistic_regression,0,0.2294157090344147
104,2024,5,0,logistic_regression,0,0.3917725020083639
104,2024,6,1,logistic_regression,0,0.3534014526570712
104,2024,7,1,logistic_regression,0,0.19369558404109033
104,2024,8,1,logistic_regression,0,0.2676138530258965
104,2024,9,0,logistic_regression,0,0.48039720302073685
104,2024,11,1,logistic_regression,0,0.19719578846955788
104,2024,12,1,logistic_regression,0,0.11852389490371255
105,2023,11,1,logistic_regression,0,0.12698823309202295
105,2023,12,0,logistic_regression,0,0.09298148507027017
105,2024,1,1,logistic_regression,0,0.1117552520674245
105,2024,2,1,logistic_regression,0,0.0701291851926879
105,2024,3,1,logistic_regression,0,0.027341284243081354
105,2024,4,1,logistic_regression,0,0.058742569888418854
105,2024,5,1,logistic_regression,0,0.03543091037084421
105,2024,6,1,logistic_regression,0,0.06921056598882143
105,2024,7,1,logistic_regression,0,0.03204358663525129
105,2024,8,0,logistic_regression,0,0.02979650386023373
105,2024,9,1,logistic_regression,0,0.10978861192734066
105,2024,11,1,logistic_regression,0,0.06138505230348363
105,2024,12,0,logistic_regression,0,0.03328546325374847
106,2023,11,1,logistic_regression,0,0.29249274363878525
106,2023,12,0,logistic_regression,0,0.19917939138198137
106,2024,1,1,logistic_regression,0,0.234849545295108
106,2024,2,1,logistic_regression,0,0.17705553505601998
106,2024,3,1,logistic_regression,0,0.09007116765825392
106,2024,4,1,logistic_regression,0,0.16333969854039654
106,2024,5,1,logistic_regression,0,0.13267121674776114
106,2024,6,1,logistic_regression,0,0.17336297379492813
106,2024,7,1,logistic_regression,0,0.11326380420422813
106,2024,8,0,logistic_regression,0,0.11901966213301424
106,2024,9,1,logistic_regression,0,0.3164628122387172
106,2024,11,1,logistic_regression,0,0.10508800573955895
106,2024,12,0,logistic_regression,0,0.07028658520027972
107,2023,11,1,logistic_regression,1,0.9999759700997698
107,2023,12,1,logistic_regression,1,0.99994264751272
107,2024,1,1,logistic_regression,1,0.9998863626044733
107,2024,2,1,logistic_regression,1,0.9999237076557006
107,2024,3,1,logistic_regression,1,0.9999786012087569
107,2024,4,1,logistic_regression,1,0.999973171395725
107,2024,5,1,logistic_regression,1,0.9999913555799773
107,2024,6,1,logistic_regression,1,0.9999927528018981
107,2024,7,1,logistic_regression,1,0.9999841547677397
107,2024,8,1,logistic_regression,1,0.9999905815917163
107,2024,9,1,logistic_regression,1,0.9999973337159581
107,2024,11,1,logistic_regression,1,0.999973539484344
107,2024,12,1,logistic_regression,1,0.9999737669662722
108,2023,11,1,logistic_regression,1,0.9323448838611168
108,2023,12,1,logistic_regression,1,0.8311968002995234
108,2024,1,1,logistic_regression,1,0.8484895125234599
108,2024,2,1,logistic_regression,1,0.8389894086176407
108,2024,3,1,logistic_regression,1,0.8317756161651443
108,2024,4,1,logistic_regression,1,0.9244667422998131
108,2024,5,1,logistic_regression,1,0.9196831862718213
108,2024,6,1,logistic_regression,1,0.9426377103726664
108,2024,7,1,logistic_regression,1,0.8632310056114416
108,2024,8,1,logistic_regression,1,0.8805640194317081
108,2024,9,1,logistic_regression,1,0.9730265465597094
108,2024,11,1,logistic_regression,1,0.8990218732499796
108,2024,12,1,logistic_regression,1,0.7607200249764929
109,2023,11,1,logistic_regression,1,0.9950945007522325
109,2023,12,1,logistic_regression,1,0.9866870902894965
109,2024,1,1,logistic_regression,1,0.9836481832824938
109,2024,2,1,logistic_regression,1,0.9828032932768145
109,2024,3,1,logistic_regression,1,0.9864468012207681
109,2024,4,1,logistic_regression,1,0.9921324006327805
109,2024,5,1,logistic_regression,1,0.9974270010090637
109,2024,6,1,logistic_regression,1,0.9981084314381723
109,2024,7,0,logistic_regression,1,0.9909441995582801
109,2024,8,1,logistic_regression,1,0.9965641726555451
109,2024,9,1,logistic_regression,1,0.9992386842577508
109,2024,11,1,logistic_regression,1,0.9910587807897033
109,2024,12,1,logistic_regression,1,0.9726536068216464
110,2023,11,1,logistic_regression,1,0.9774300902386545
110,2023,12,1,logistic_regression,1,0.9648371788379436
110,2024,1,1,logistic_regression,1,0.9416511515397747
110,2024,2,1,logistic_regression,1,0.9554869873761658
110,2024,3,1,logistic_regression,1,0.9514210340690668
110,2024,4,1,logistic_regression,1,0.9789422456456013
110,2024,5,1,logistic_regression,1,0.9861811945942712
110,2024,6,1,logistic_regression,1,0.9857870632945428
110,2024,7,1,logistic_regression,1,0.9782660804141029
110,2024,8,1,logistic_regression,1,0.9844142127312938
110,2024,9,1,logistic_regression,1,0.9897015421366706
110,2024,11,1,logistic_regression,1,0.9333543633360952
110,2024,12,1,logistic_regression,1,0.7969498426648445
111,2023,11,1,logistic_regression,1,0.7990272509415499
111,2023,12,1,logistic_regression,1,0.6301428791869617
111,2024,1,1,logistic_regression,1,0.6163492943177291
111,2024,2,1,logistic_regression,1,0.6464882933484969
111,2024,3,1,logistic_regression,1,0.6083710391331767
111,2024,4,1,logistic_regression,1,0.7836958065508809
111,2024,5,1,logistic_regression,1,0.8199029078565832
111,2024,6,1,logistic_regression,1,0.8372267113820534
111,2024,7,1,logistic_regression,1,0.7896829190057763
111,2024,8,1,logistic_regression,1,0.8237565847051451
111,2024,9,1,logistic_regression,1,0.9150372888322387
111,2024,11,1,logistic_regression,1,0.6155118264775356
111,2024,12,1,logistic_regression,0,0.40705826664466704
112,2023,11,1,logistic_regression,1,0.9404406257801959
112,2023,12,1,logistic_regression,1,0.8117852901830642
112,2024,1,1,logistic_regression,1,0.7979806262495699
112,2024,2,1,logistic_regression,1,0.7913465719389063
112,2024,3,1,logistic_regression,1,0.73511061396741
112,2024,4,1,logistic_regression,1,0.8268562212298716
112,2024,5,1,logistic_regression,1,0.8888816180897565
112,2024,6,1,logistic_regression,1,0.8731925620392008
112,2024,7,1,logistic_regression,1,0.8721297215597494
112,2024,8,1,logistic_regression,1,0.9221624424017772
112,2024,9,1,logistic_regression,1,0.9485761555526278
112,2024,11,1,logistic_regression,1,0.7495555612810353
112,2024,12,1,logistic_regression,1,0.6535904533913619
113,2023,11,1,logistic_regression,1,0.6062165873911562
113,2023,12,1,logistic_regression,0,0.387100824493849
113,2024,1,0,logistic_regression,0,0.3602623282683719
113,2024,2,1,logistic_regression,0,0.3591743278534065
113,2024,3,1,logistic_regression,0,0.2983155291835977
113,2024,4,1,logistic_regression,0,0.40272998552871947
113,2024,5,1,logistic_regression,0,0.46335288656824186
113,2024,6,1,logistic_regression,1,0.5003173383591389
113,2024,7,1,logistic_regression,0,0.3821899684438389
113,2024,8,1,logistic_regression,1,0.5831950118463398
113,2024,9,1,logistic_regression,1,0.694311847062949
113,2024,11,1,logistic_regression,0,0.31142271325367765
113,2024,12,1,logistic_regression,0,0.19900459103390114
114,2023,11,1,logistic_regression,0,0.207667655553421
114,2023,12,1,logistic_regression,0,0.08892728475659427
114,2024,1,0,logistic_regression,0,0.10114415878014606
114,2024,2,1,logistic_regression,0,0.07821880703545893
114,2024,3,1,logistic_regression,0,0.03874147684902939
114,2024,4,1,logistic_regression,0,0.07306002472954756
114,2024,5,1,logistic_regression,0,0.0554083684562165
114,2024,6,1,logistic_regression,0,0.06297517815093506
114,2024,7,1,logistic_regression,0,0.04672800778182345
114,2024,8,1,logistic_regression,0,0.05531739447164009
114,2024,9,1,logistic_regression,0,0.14852084735946583
114,2024,11,1,logistic_regression,0,0.05208226123421727
114,2024,12,1,logistic_regression,0,0.039536341956956
115,2023,11,1,logistic_regression,1,0.9551368814602638
115,2023,12,1,logistic_regression,1,0.9035920891714875
115,2024,1,1,logistic_regression,1,0.8988901451754473
115,2024,2,1,logistic_regression,1,0.8915778553196759
115,2024,3,1,logistic_regression,1,0.8723991722133493
115,2024,4,1,logistic_regression,1,0.9208644950588343
115,2024,5,1,logistic_regression,1,0.9758206044454533
115,2024,6,1,logistic_regression,1,0.9534490690711677
115,2024,7,1,logistic_regression,1,0.9510146384316924
115,2024,8,1,logistic_regression,1,0.9576744921603142
115,2024,9,1,logistic_regression,1,0.9825720669595485
115,2024,11,1,logistic_regression,1,0.8915204260187097
115,2024,12,1,logistic_regression,1,0.7310679950163065
116,2023,11,1,logistic_regression,1,0.5477888543025728
116,2023,12,1,logistic_regression,0,0.30870606174215676
116,2024,1,1,logistic_regression,0,0.3101630632347594
116,2024,2,1,logistic_regression,0,0.3487501937312869
116,2024,3,1,logistic_regression,0,0.2141278335485429
116,2024,4,1,logistic_regression,0,0.29695614038607415
116,2024,5,1,logistic_regression,0,0.3380507676481348
116,2024,6,1,logistic_regression,0,0.3360330266556554
116,2024,7,1,logistic_regression,0,0.20456123628201198
116,2024,8,1,logistic_regression,0,0.23921315746990884
116,2024,9,1,logistic_regression,1,0.5191654530516032
116,2024,11,1,logistic_regression,0,0.2491878422817758
116,2024,12,1,logistic_regression,0,0.16193392875371893
117,2023,11,1,logistic_regression,1,0.5680510053242542
117,2023,12,1,logistic_regression,0,0.33585062137865807
117,2024,1,1,logistic_regression,0,0.33799286780197224
117,2024,2,1,logistic_regression,0,0.3881093884674442
117,2024,3,1,logistic_regression,0,0.22207104842630454
117,2024,4,1,logistic_regression,0,0.3698201110740823
117,2024,5,1,logistic_regression,0,0.3979892085775677
117,2024,6,1,logistic_regression,1,0.5069960753290965
117,2024,7,1,logistic_regression,0,0.356191178059012
117,2024,8,1,logistic_regression,0,0.4132683874184132
117,2024,9,1,logistic_regression,1,0.6495692616583454
117,2024,11,1,logistic_regression,0,0.3209709297963631
117,2024,12,1,logistic_regression,0,0.2168210723458519
118,2023,11,1,logistic_regression,1,0.9774813676423968
118,2023,12,1,logistic_regression,1,0.9336576534618533
118,2024,1,1,logistic_regression,1,0.9133846344943612
118,2024,2,1,logistic_regression,1,0.9170466900977122
118,2024,3,1,logistic_regression,1,0.8978508820577796
118,2024,4,1,logistic_regression,1,0.9140958201098864
118,2024,5,1,logistic_regression,1,0.9281421122868593
118,2024,6,1,logistic_regression,1,0.9450641902575708
118,2024,7,1,logistic_regression,1,0.918577357124015
118,2024,8,1,logistic_regression,1,0.9106471443826203
118,2024,9,1,logistic_regression,1,0.9728898509883125
118,2024,11,1,logistic_regression,1,0.8928415582198309
118,2024,12,1,logistic_regression,1,0.8899604811450235
119,2023,11,1,logistic_regression,0,0.12305312548785527
119,2023,12,1,logistic_regression,0,0.05344608573391273
119,2024,1,1,logistic_regression,0,0.04830322345309285
119,2024,2,1,logistic_regression,0,0.042876337316063176
119,2024,3,1,logistic_regression,0,0.01909642758753638
119,2024,4,1,logistic_regression,0,0.03510053332401074
119,2024,5,1,logistic_regression,0,0.026986833201206768
119,2024,6,1,logistic_regression,0,0.027106714731827283
119,2024,7,1,logistic_regression,0,0.018676298556786798
119,2024,8,1,logistic_regression,0,0.01936203738135734
119,2024,9,1,logistic_regression,0,0.05916723630171586
119,2024,11,1,logistic_regression,1,0.9984327714853459
119,2024,12,1,logistic_regression,1,0.9991448117879917
120,2023,11,1,logistic_regression,0,0.22066202686788627
120,2023,12,1,logistic_regression,0,0.1071447055192311
120,2024,1,1,logistic_regression,0,0.08462975259472176
120,2024,2,1,logistic_regression,0,0.10547555233053255
120,2024,3,1,logistic_regression,0,0.05591628499777402
120,2024,4,1,logistic_regression,0,0.09731564429219379
120,2024,5,1,logistic_regression,0,0.12779719004041767
120,2024,6,1,logistic_regression,0,0.14484319818271707
120,2024,7,1,logistic_regression,0,0.1048367640396456
120,2024,8,1,logistic_regression,0,0.13293607977960675
120,2024,9,1,logistic_regression,0,0.2490759920838568
120,2024,11,1,logistic_regression,0,0.07248639421013953
120,2024,12,1,logistic_regression,0,0.04159861253851755
121,2023,11,1,logistic_regression,1,0.7475805847828797
121,2023,12,1,logistic_regression,1,0.5702527911044106
121,2024,1,1,logistic_regression,0,0.4625899246229152
121,2024,2,1,logistic_regression,1,0.5587656295784049
121,2024,3,1,logistic_regression,0,0.48916309490148563
121,2024,4,1,logistic_regression,1,0.5387572317709526
121,2024,5,1,logistic_regression,1,0.688716056349729
121,2024,6,1,logistic_regression,1,0.6516955009805765
121,2024,7,1,logistic_regression,0,0.47808386297246047
121,2024,8,1,logistic_regression,1,0.6730209350147144
121,2024,9,1,logistic_regression,1,0.8356187092833347
121,2024,11,1,logistic_regression,1,0.5434496403488248
121,2024,12,1,logistic_regression,0,0.27725742557314814
122,2023,11,1,logistic_regression,1,0.9914581497570821
122,2023,12,1,logistic_regression,1,0.9730110579927856
122,2024,1,1,logistic_regression,1,0.977642507426249
122,2024,2,1,logistic_regression,1,0.9704490496634184
122,2024,3,1,logistic_regression,1,0.9703933264463636
122,2024,4,1,logistic_regression,1,0.9688636056834758
122,2024,5,1,logistic_regression,1,0.9942265394982228
122,2024,6,1,logistic_regression,1,0.9943488987511369
122,2024,7,1,logistic_regression,1,0.9724866759269974
122,2024,8,1,logistic_regression,0,0.38715076018243055
122,2024,9,1,logistic_regression,0,0.09359637979929276
122,2024,11,1,logistic_regression,0,0.03938194532826834
122,2024,12,1,logistic_regression,0,0.02967645544641986
123,2024,11,1,logistic_regression,1,0.9986274233922643
123,2024,12,1,logistic_regression,1,0.997417625327161
124,2023,11,1,logistic_regression,0,0.30218966977838935
124,2023,12,1,logistic_regression,0,0.033237281371293705
124,2024,1,1,logistic_regression,0,0.0285019699814513
124,2024,2,1,logistic_regression,0,0.027101770438998453
124,2024,3,1,logistic_regression,0,0.01054762150698957
124,2024,4,1,logistic_regression,0,0.0170692300394771
124,2024,5,1,logistic_regression,0,0.01841202934668708
124,2024,6,1,logistic_regression,0,0.01434412979669189
124,2024,7,1,logistic_regression,0,0.010123705156870446
124,2024,8,1,logistic_regression,0,0.034324037785428245
124,2024,11,1,logistic_regression,1,0.9986144370883048
124,2024,12,1,logistic_regression,1,0.9973932226880748
125,2023,11,1,logistic_regression,1,0.9624002947301995
125,2023,12,1,logistic_regression,1,0.9107330609582761
125,2024,1,1,logistic_regression,1,0.8924330300788221
125,2024,2,1,logistic_regression,1,0.9041973696319887
125,2024,3,1,logistic_regression,1,0.8790375443734085
125,2024,4,1,logistic_regression,1,0.8970668780210005
125,2024,5,1,logistic_regression,1,0.9583018719987433
125,2024,6,1,logistic_regression,1,0.956133795147199
125,2024,7,1,logistic_regression,1,0.8516331777487407
125,2024,8,1,logistic_regression,1,0.9982505775030769
125,2024,9,1,logistic_regression,1,0.9999553259553524
125,2024,11,1,logistic_regression,1,0.9991914702530503
125,2024,12,1,logistic_regression,1,0.9970303265494038
126,2023,11,1,logistic_regression,1,0.8913207224751716
126,2023,12,1,logistic_regression,1,0.7059235665459282
126,2024,1,1,logistic_regression,1,0.7775652382176204
126,2024,2,1,logistic_regression,1,0.7658475370531983
126,2024,3,1,logistic_regression,1,0.8032878544659879
126,2024,4,1,logistic_regression,1,0.7891932441450334
126,2024,5,1,logistic_regression,1,0.8525084472040917
126,2024,6,1,logistic_regression,1,0.8968176098249231
126,2024,7,1,logistic_regression,1,0.7974869895722486
126,2024,8,1,logistic_regression,1,0.8511946932386613
126,2024,9,1,logistic_regression,1,0.9453193588525373
126,2024,11,1,logistic_regression,1,0.9437904439468083
126,2024,12,1,logistic_regression,0,0.4452889909791501
127,2023,11,1,logistic_regression,1,0.8807542646131865
127,2023,12,1,logistic_regression,1,0.7840203001787133
127,2024,1,1,logistic_regression,1,0.6558527646367583
127,2024,2,1,logistic_regression,1,0.6710420666066489
127,2024,3,1,logistic_regression,1,0.5832628698180369
127,2024,4,1,logistic_regression,1,0.6802834021449239
127,2024,5,1,logistic_regression,1,0.8478141592329433
127,2024,6,1,logistic_regression,1,0.7851598860175474
127,2024,7,1,logistic_regression,1,0.7924305715004113
127,2024,8,1,logistic_regression,1,0.8445389672094966
127,2024,9,1,logistic_regression,1,0.9027453047161196
127,2024,11,1,logistic_regression,1,0.617638904298899
127,2024,12,1,logistic_regression,0,0.47259011253833916
128,2023,11,1,logistic_regression,1,0.706024423052742
128,2023,12,1,logistic_regression,1,0.5079655017764715
128,2024,1,1,logistic_regression,0,0.44317114293356263
128,2024,2,1,logistic_regression,0,0.49400126925384436
128,2024,3,1,logistic_regression,0,0.32277462056886347
128,2024,4,1,logistic_regression,0,0.4183592322014702
128,2024,5,1,logistic_regression,1,0.5329836672198434
128,2024,6,1,logistic_regression,1,0.501705917622628
128,2024,7,1,logistic_regression,0,0.3469268068527391
128,2024,8,1,logistic_regression,1,0.578600587422392
128,2024,9,1,logistic_regression,1,0.73035911072655
128,2024,11,1,logistic_regression,0,0.427872277729825
128,2024,12,1,logistic_regression,0,0.3140503010841861
129,2023,11,1,logistic_regression,1,0.6784457422627033
129,2023,12,1,logistic_regression,0,0.44699406141779136
129,2024,1,1,logistic_regression,0,0.39198823662241944
129,2024,2,1,logistic_regression,0,0.4350532178810279
129,2024,3,1,logistic_regression,0,0.27879364842698073
129,2024,4,1,logistic_regression,0,0.3951314188172336
129,2024,5,1,logistic_regression,1,0.5005483008595134
129,2024,6,1,logistic_regression,0,0.4294447116747759
129,2024,7,1,logistic_regression,0,0.3163908647181461
129,2024,8,1,logistic_regression,1,0.7868953266312817
129,2024,9,1,logistic_regression,1,0.6736778460350089
129,2024,11,1,logistic_regression,0,0.39806312432453983
129,2024,12,1,logistic_regression,0,0.2746399902748672
131,2023,11,1,logistic_regression,1,0.6086249026035025
131,2023,12,0,logistic_regression,0,0.3954941399083888
131,2024,1,1,logistic_regression,0,0.39992503009774993
131,2024,2,0,logistic_regression,0,0.38127051396507894
131,2024,3,1,logistic_regression,0,0.29713053716640725
131,2024,4,0,logistic_regression,1,0.5170394339869964
131,2024,5,1,logistic_regression,1,0.6157748828690028
131,2024,6,1,logistic_regression,1,0.597122135344475
131,2024,7,0,logistic_regression,1,0.5993783182573512
131,2024,8,0,logistic_regression,1,0.6691076552580683
131,2024,9,0,logistic_regression,1,0.7568562719892868
131,2024,11,1,logistic_regression,0,0.3995276576314139
131,2024,12,0,logistic_regression,0,0.24769787095626264
132,2023,11,1,logistic_regression,0,0.3395799338567611
132,2023,12,1,logistic_regression,0,0.21532695189865114
132,2024,1,1,logistic_regression,0,0.15001168956625363
132,2024,2,1,logistic_regression,0,0.16340329023840955
132,2024,3,1,logistic_regression,0,0.10071880700275804
132,2024,4,1,logistic_regression,0,0.14713275946155918
132,2024,5,1,logistic_regression,0,0.2568968736692438
132,2024,6,0,logistic_regression,0,0.19726719777532079
132,2024,7,1,logistic_regression,0,0.16879407403576227
132,2024,8,0,logistic_regression,0,0.21194216799762391
132,2024,9,1,logistic_regression,0,0.44865467476968907
132,2024,11,1,logistic_regression,0,0.11900821129267941
132,2024,12,1,logistic_regression,0,0.07150094762892042
133,2023,11,1,logistic_regression,0,0.3987174638735215
133,2023,12,1,logistic_regression,0,0.21762480458669362
133,2024,1,1,logistic_regression,0,0.16938987683319853
133,2024,2,1,logistic_regression,0,0.17979792751744259
133,2024,3,1,logistic_regression,0,0.11804261861581271
133,2024,4,1,logistic_regression,0,0.16019961147829753
133,2024,5,1,logistic_regression,0,0.29955472819996654
133,2024,6,0,logistic_regression,0,0.2339008186062124
133,2024,7,1,logistic_regression,0,0.20384016364540772
133,2024,8,0,logistic_regression,0,0.2536197465884796
133,2024,9,1,logistic_regression,1,0.5313791496050705
133,2024,11,1,logistic_regression,0,0.14625191763952855
133,2024,12,1,logistic_regression,0,0.11576878532299006
134,2023,11,1,logistic_regression,1,0.7093041813227468
134,2023,12,1,logistic_regression,1,0.5648265760832543
134,2024,1,1,logistic_regression,0,0.4734789888674661
134,2024,2,1,logistic_regression,1,0.5073880176655042
134,2024,3,1,logistic_regression,0,0.4326801039864099
134,2024,4,1,logistic_regression,0,0.4830492423113689
134,2024,5,1,logistic_regression,1,0.6248307744082477
134,2024,6,1,logistic_regression,1,0.5654741393999689
134,2024,7,1,logistic_regression,0,0.43141161987353294
134,2024,8,1,logistic_regression,0,0.4577395157151214
134,2024,9,1,logistic_regression,1,0.7728194208196056
134,2024,11,1,logistic_regression,0,0.4358392497234308
134,2024,12,1,logistic_regression,0,0.2616327560451236
135,2023,11,1,logistic_regression,1,0.7752701218925194
135,2023,12,1,logistic_regression,1,0.6112353065265219
135,2024,1,1,logistic_regression,1,0.5268128947226808
135,2024,2,1,logistic_regression,1,0.5588523176348974
135,2024,3,1,logistic_regression,0,0.4912233112835622
135,2024,4,1,logistic_regression,1,0.5014262980860613
135,2024,5,1,logistic_regression,1,0.6936526691909447
135,2024,6,1,logistic_regression,1,0.6141362511968361
135,2024,7,1,logistic_regression,1,0.5242200539630237
135,2024,8,1,logistic_regression,1,0.5343346467631477
135,2024,9,1,logistic_regression,1,0.8158576781638186
135,2024,11,1,logistic_regression,1,0.5021233467803906
135,2024,12,1,logistic_regression,0,0.3064589090789213
136,2023,11,1,logistic_regression,1,0.714250397536982
136,2023,12,1,logistic_regression,0,0.4278980611586349
136,2024,1,1,logistic_regression,0,0.4781115328850376
136,2024,2,1,logistic_regression,1,0.5340335979989762
136,2024,3,1,logistic_regression,0,0.37337425757274445
136,2024,4,1,logistic_regression,0,0.3464466698268117
136,2024,5,1,logistic_regression,0,0.4433978405993463
136,2024,6,1,logistic_regression,0,0.4744811804512259
136,2024,7,1,logistic_regression,0,0.3160703099576182
136,2024,8,1,logistic_regression,0,0.3328348654830637
136,2024,9,1,logistic_regression,1,0.766024443741244
136,2024,11,1,logistic_regression,0,0.4435205848932481
136,2024,12,1,logistic_regression,0,0.20440493110661528
137,2023,11,1,logistic_regression,1,0.9959280081371261
137,2023,12,1,logistic_regression,1,0.9850546912386784
137,2024,1,1,logistic_regression,1,0.9869118768561771
137,2024,2,1,logistic_regression,1,0.9841549839178927
137,2024,3,1,logistic_regression,1,0.9917923043909537
137,2024,4,1,logistic_regression,1,0.9939814941303595
137,2024,5,1,logistic_regression,1,0.9979499754504354
137,2024,6,1,logistic_regression,1,0.996816521510826
137,2024,7,1,logistic_regression,1,0.9968942604987152
137,2024,8,1,logistic_regression,1,0.9999234370214057
137,2024,9,1,logistic_regression,1,0.9997811007157159
137,2024,11,1,logistic_regression,1,0.991727626662554
137,2024,12,1,logistic_regression,1,0.9788533745307418
138,2023,11,1,logistic_regression,1,0.994948400188681
138,2023,12,1,logistic_regression,1,0.983780302698908
138,2024,1,1,logistic_regression,1,0.9865655123642936
138,2024,2,1,logistic_regression,1,0.9805661470528546
138,2024,3,1,logistic_regression,1,0.9837670939915703
138,2024,4,1,logistic_regression,1,0.9882835775993813
138,2024,5,1,logistic_regression,1,0.9955001368922087
138,2024,6,1,logistic_regression,1,0.99440927245487
138,2024,7,1,logistic_regression,1,0.991304280945693
138,2024,8,1,logistic_regression,1,0.999174276929169
138,2024,9,1,logistic_regression,1,0.9992851705372582
138,2024,11,1,logistic_regression,1,0.9863329283822426
138,2024,12,1,logistic_regression,1,0.9701050091679623
139,2023,11,1,logistic_regression,1,0.5892149263113183
139,2023,12,1,logistic_regression,0,0.32791106243930174
139,2024,1,1,logistic_regression,0,0.18367703800672056
139,2024,2,1,logistic_regression,0,0.20635636503103763
139,2024,3,1,logistic_regression,0,0.3115295314851713
139,2024,4,1,logistic_regression,1,0.5293729290445182
139,2024,5,1,logistic_regression,1,0.7879083448064761
139,2024,6,0,logistic_regression,1,0.6311086188345546
139,2024,7,1,logistic_regression,1,0.9012499146051793
139,2024,8,1,logistic_regression,1,0.8494360758981107
139,2024,9,1,logistic_regression,1,0.8174484278445926
139,2024,11,1,logistic_regression,0,0.30455190344776184
139,2024,12,1,logistic_regression,0,0.1965885573438762
140,2023,11,1,logistic_regression,1,0.9958412863451145
140,2023,12,1,logistic_regression,1,0.9894680077120601
140,2024,1,1,logistic_regression,1,0.9857182711536491
140,2024,2,1,logistic_regression,1,0.9819201141314913
140,2024,3,1,logistic_regression,1,0.9844588411056221
140,2024,4,1,logistic_regression,1,0.9865303591888465
140,2024,5,1,logistic_regression,1,0.9956107078717084
140,2024,6,1,logistic_regression,1,0.9945855115000213
140,2024,7,1,logistic_regression,1,0.9999998211671837
140,2024,8,1,logistic_regression,1,0.9978260100823557
140,2024,9,1,logistic_regression,1,0.9993752366535977
140,2024,11,1,logistic_regression,1,0.991252195456961
140,2024,12,1,logistic_regression,1,0.9796997983520522
142,2023,11,1,logistic_regression,1,0.9992909338262008
143,2023,12,1,logistic_regression,1,0.9998077997121958
143,2024,1,1,logistic_regression,1,0.9999281888721361
143,2024,2,1,logistic_regression,1,0.9999566710800711
143,2024,3,1,logistic_regression,1,0.9999811361090407
143,2024,4,1,logistic_regression,1,0.9999679069055826
143,2024,5,1,logistic_regression,1,0.9999942341209082
143,2024,6,1,logistic_regression,1,0.9999932915306372
143,2024,7,1,logistic_regression,1,0.9999737842997968
143,2024,8,1,logistic_regression,1,0.9999852611477006
143,2024,9,1,logistic_regression,1,0.9999988976471926
143,2024,11,1,logistic_regression,1,0.9999860669657484
143,2024,12,1,logistic_regression,1,0.9999465917761808
144,2024,1,1,logistic_regression,1,0.9953095082662098
1,2023,11,1,random_forest,1,0.978067591437877
1,2023,12,1,random_forest,1,0.9854253698411459
1,2024,1,1,random_forest,1,0.9847431846133289
1,2024,2,1,random_forest,1,0.9844730056779811
1,2024,3,1,random_forest,1,0.9966666666666667
1,2024,4,1,random_forest,1,0.9905540205092659
1,2024,5,1,random_forest,1,0.9817002456352225
1,2024,6,1,random_forest,1,0.9935489332881815
1,2024,7,1,random_forest,1,0.9906438436656064
1,2024,8,1,random_forest,1,0.9938720232026361
1,2024,9,1,random_forest,1,1.0
1,2024,11,1,random_forest,1,0.9752897463955511
1,2024,12,1,random_forest,1,0.9878602182556636
2,2023,11,1,random_forest,1,0.9939745211839877
2,2023,12,1,random_forest,1,0.9911820664331382
2,2024,1,1,random_forest,1,0.9968991985551418
2,2024,2,1,random_forest,1,0.9821588145504618
2,2024,3,1,random_forest,1,0.9969093577153177
2,2024,4,1,random_forest,1,1.0
2,2024,5,1,random_forest,1,0.9717348206225972
2,2024,6,1,random_forest,1,1.0
2,2024,7,1,random_forest,1,0.9744408795619014
2,2024,8,1,random_forest,1,0.9817098038147788
2,2024,9,1,random_forest,1,0.9877687515820057
2,2024,11,1,random_forest,1,0.9760181601179354
2,2024,12,1,random_forest,1,0.9881059005412112
3,2023,11,1,random_forest,1,0.9969048425330173
3,2023,12,1,random_forest,1,0.9785980304364542
3,2024,1,1,random_forest,1,0.9934562265917604
3,2024,2,1,random_forest,1,0.9683890548950609
3,2024,3,1,random_forest,1,0.9968879105993903
3,2024,4,1,random_forest,1,0.9971053464093641
3,2024,5,1,random_forest,1,0.9570371765092663
3,2024,6,1,random_forest,1,0.9974234335487496
3,2024,7,1,random_forest,1,0.9844569151183663
3,2024,8,1,random_forest,1,0.9777091508195578
3,2024,9,1,random_forest,1,1.0
3,2024,11,1,random_forest,1,0.990678406140648
3,2024,12,1,random_forest,1,0.9908053396634542
4,2023,11,1,random_forest,1,0.6286060964691521
4,2023,12,1,random_forest,1,0.7392913137836873
4,2024,1,0,random_forest,1,0.5875308820885284
4,2024,2,1,random_forest,1,0.778116255362222
4,2024,3,1,random_forest,1,0.9374197831120432
4,2024,4,1,random_forest,1,0.7746970451927834
4,2024,5,1,random_forest,1,0.9314750007712208
4,2024,6,1,random_forest,1,0.9809305577416872
4,2024,7,1,random_forest,1,0.9780322298085091
4,2024,8,1,random_forest,1,0.994026844004245
4,2024,9,1,random_forest,1,0.9782756657003415
4,2024,11,1,random_forest,1,0.7576052485646371
4,2024,12,1,random_forest,1,0.6300372751704995
5,2023,11,1,random_forest,1,0.611246363086944
5,2023,12,1,random_forest,1,0.7652651587678492
5,2024,1,0,random_forest,1,0.5931951852341142
5,2024,2,1,random_forest,1,0.7647553226761279
5,2024,3,1,random_forest,1,0.9244576752863797
5,2024,4,1,random_forest,1,0.8209598528120832
5,2024,5,1,random_forest,1,0.9260669811396472
5,2024,6,1,random_forest,1,0.9911183569108908
5,2024,7,1,random_forest,1,0.9813557024872833
5,2024,8,1,random_forest,1,0.978719700599593
5,2024,9,1,random_forest,1,0.9816213329274175
5,2024,11,1,random_forest,1,0.799866250654526
5,2024,12,1,random_forest,1,0.6467283611590106
6,2023,11,1,random_forest,1,0.9912228191585912
6,2023,12,1,random_forest,1,0.9969104865108928
6,2024,1,1,random_forest,1,0.984577983266996
6,2024,2,1,random_forest,1,1.0
6,2024,3,1,random_forest,1,1.0
6,2024,4,1,random_forest,1,0.9902212439327237
6,2024,5,1,random_forest,1,0.9668582052245974
6,2024,6,1,random_forest,1,0.9967828981951989
6,2024,7,1,random_forest,1,0.9838522824526895
6,2024,8,1,random_forest,1,0.9774395504609309
6,2024,9,1,random_forest,1,0.9970974553901383
6,2024,11,1,random_forest,1,0.9874385880154548
6,2024,12,1,random_forest,1,0.9667412459550713
7,2023,11,1,random_forest,1,0.9908952243535558
7,2023,12,1,random_forest,1,0.9938927871802563
7,2024,1,1,random_forest,1,0.980874816570719
7,2024,2,1,random_forest,1,0.9782974864993601
7,2024,3,1,random_forest,1,0.9934865280985373
7,2024,4,1,random_forest,1,0.9934483563963332
7,2024,5,1,random_forest,1,0.9761607180410685
7,2024,6,1,random_forest,1,0.9969116153064681
7,2024,7,1,random_forest,1,0.9938096850660346
7,2024,8,1,random_forest,1,0.9660213419601081
7,2024,9,1,random_forest,1,1.0
7,2024,11,1,random_forest,1,0.9752062309126143
7,2024,12,1,random_forest,1,0.978017093642721
8,2023,11,1,random_forest,1,0.9935646048620561
8,2023,12,1,random_forest,1,0.9910075261224711
8,2024,1,1,random_forest,1,0.9755403318683865
8,2024,2,1,random_forest,1,0.9935810486199121
8,2024,3,1,random_forest,1,0.9876362175612646
8,2024,4,1,random_forest,1,0.9968924257816909
8,2024,5,1,random_forest,1,0.9487928297443587
8,2024,6,1,random_forest,1,0.9938131154410224
8,2024,7,1,random_forest,1,0.9746112665712231
8,2024,8,1,random_forest,1,0.9785608285385888
8,2024,9,1,random_forest,1,0.9969104865108928
8,2024,11,1,random_forest,1,0.9782124153383099
8,2024,12,1,random_forest,1,0.9683254845947088
9,2023,11,1,random_forest,1,0.9908475968979151
9,2023,12,1,random_forest,1,0.9848697464834788
9,2024,1,1,random_forest,1,0.9780357616198989
9,2024,2,1,random_forest,1,1.0
9,2024,3,1,random_forest,1,1.0
9,2024,4,1,random_forest,1,0.9968879105993903
9,2024,5,1,random_forest,1,0.9779276630231237
9,2024,6,1,random_forest,1,1.0
9,2024,7,1,random_forest,1,0.9584886109047737
9,2024,8,1,random_forest,1,0.9906214466546058
9,2024,9,1,random_forest,1,1.0
9,2024,11,1,random_forest,1,0.9752711897336749
9,2024,12,1,random_forest,1,0.9885224407293849
10,2023,11,1,random_forest,1,0.9785519358126737
10,2023,12,1,random_forest,1,0.9743547737838113
10,2024,1,1,random_forest,1,0.9815861585068507
10,2024,2,1,random_forest,1,0.9783296295379175
10,2024,3,1,random_forest,1,0.9848476449449283
10,2024,4,1,random_forest,1,0.9628006034643027
10,2024,5,1,random_forest,1,0.9842573469798307
10,2024,6,1,random_forest,1,0.977778998440319
10,2024,7,1,random_forest,1,0.9748190501834908
10,2024,8,1,random_forest,1,0.9302992858765594
10,2024,9,1,random_forest,1,0.9841498213037194
10,2024,11,1,random_forest,1,0.9914917344767593
10,2024,12,1,random_forest,1,0.9841840536574634
11,2023,11,1,random_forest,1,0.9902167287504233
11,2023,12,1,random_forest,1,0.9823328407727534
11,2024,1,1,random_forest,1,0.9914047572750772
11,2024,2,1,random_forest,1,0.9814748290621257
11,2024,3,1,random_forest,1,0.9903364807163022
11,2024,4,1,random_forest,1,0.9873536424245394
11,2024,5,1,random_forest,1,0.9876379588774197
11,2024,6,1,random_forest,1,0.9935489332881815
11,2024,7,1,random_forest,1,0.9871023817586634
11,2024,8,1,random_forest,1,0.9845737818017212
11,2024,9,1,random_forest,1,0.9969104865108928
11,2024,11,1,random_forest,1,0.9908751563765361
11,2024,12,1,random_forest,1,0.9841252701074825
12,2024,8,1,random_forest,1,0.9438938821643716
12,2024,9,1,random_forest,1,0.9694955002274052
12,2024,11,1,random_forest,1,0.9534095224575051
12,2024,12,1,random_forest,1,0.9397749137155023
13,2023,11,1,random_forest,1,0.9971112515802781
13,2023,12,1,random_forest,1,0.9969037137374421
13,2024,1,1,random_forest,1,0.9878137987041452
13,2024,2,1,random_forest,1,0.9939919631480937
13,2024,3,1,random_forest,1,1.0
13,2024,4,1,random_forest,1,0.9968901681905408
13,2024,5,1,random_forest,1,0.9908696027806307
13,2024,6,1,random_forest,1,1.0
13,2024,7,1,random_forest,1,0.9942262846959894
13,2024,8,1,random_forest,1,0.9936925223455549
13,2024,9,1,random_forest,1,0.9968687210746134
13,2024,11,1,random_forest,1,0.9937933230308547
13,2024,12,1,random_forest,1,0.9968991985551418
14,2023,11,1,random_forest,1,0.8646809887300937
14,2023,12,1,random_forest,1,0.8971991774860059
14,2024,1,1,random_forest,1,0.8890657271123146
14,2024,2,1,random_forest,1,0.8842794482569565
14,2024,3,1,random_forest,1,0.9631112677895108
14,2024,4,1,random_forest,1,0.9526723472311235
14,2024,5,1,random_forest,1,0.9537340337360486
14,2024,6,1,random_forest,1,0.9848407348275714
14,2024,7,1,random_forest,1,0.9809125014717593
14,2024,8,1,random_forest,1,0.9810449166819494
14,2024,9,1,random_forest,1,0.9846817918140743
14,2024,11,1,random_forest,1,0.7677837995142665
14,2024,12,1,random_forest,1,0.905161638945302
15,2023,11,1,random_forest,1,0.9910694204773588
15,2023,12,1,random_forest,1,1.0
15,2024,1,1,random_forest,1,0.9968991985551418
15,2024,2,1,random_forest,1,1.0
15,2024,3,1,random_forest,1,1.0
15,2024,4,1,random_forest,1,1.0
15,2024,5,1,random_forest,1,0.996984699453552
15,2024,6,1,random_forest,1,1.0
15,2024,7,1,random_forest,1,0.9877285757375569
15,2024,8,1,random_forest,1,0.9968833954170899
15,2024,9,1,random_forest,1,1.0
15,2024,11,1,random_forest,1,1.0
15,2024,12,1,random_forest,1,1.0
16,2023,11,1,random_forest,1,1.0
16,2023,12,1,random_forest,1,0.9939061411083124
16,2024,1,1,random_forest,1,0.9904774805282763
16,2024,2,1,random_forest,1,0.9934912564517371
16,2024,3,1,random_forest,1,0.993712500384461
16,2024,4,1,random_forest,1,0.9934912564517371
16,2024,5,1,random_forest,1,0.971740607555768
16,2024,6,1,random_forest,1,0.9791095552201786
16,2024,7,1,random_forest,1,0.9757533687587264
16,2024,8,1,random_forest,1,0.9571450654272105
16,2024,9,1,random_forest,1,1.0
16,2024,11,1,random_forest,1,0.9811573285881074
16,2024,12,1,random_forest,1,0.9904695789592505
17,2023,11,1,random_forest,1,0.9970696786509704
17,2023,12,1,random_forest,1,0.9971561552138898
17,2024,1,1,random_forest,1,0.9935658652218085
17,2024,2,1,random_forest,1,1.0
17,2024,3,1,random_forest,1,1.0
17,2024,4,1,random_forest,1,1.0
17,2024,5,1,random_forest,1,0.9907163244428258
17,2024,6,1,random_forest,1,0.9872342735474312
17,2024,7,1,random_forest,1,0.98729746796346
17,2024,8,1,random_forest,1,0.9877300661344391
17,2024,9,1,random_forest,1,1.0
17,2024,11,1,random_forest,1,0.9875333370916068
17,2024,12,1,random_forest,1,0.9905486969083596
18,2023,11,1,random_forest,1,0.9910694204773588
18,2023,12,1,random_forest,1,0.9942654396484982
18,2024,1,1,random_forest,1,0.9968991985551418
18,2024,2,1,random_forest,1,1.0
18,2024,3,1,random_forest,1,1.0
18,2024,4,1,random_forest,1,1.0
18,2024,5,1,random_forest,1,0.996984699453552
18,2024,6,1,random_forest,1,1.0
18,2024,7,1,random_forest,1,0.9847700794316029
18,2024,8,1,random_forest,1,0.9968833954170899
18,2024,9,1,random_forest,1,0.9967475440880579
18,2024,11,1,random_forest,1,1.0
18,2024,12,1,random_forest,1,0.9968732362569138
19,2023,11,1,random_forest,1,0.9968833954170899
19,2023,12,1,random_forest,1,0.9912962725613613
19,2024,1,1,random_forest,1,0.9855353960280459
19,2024,2,1,random_forest,1,1.0
19,2024,3,1,random_forest,1,0.9968198614318707
19,2024,4,1,random_forest,1,1.0
19,2024,5,1,random_forest,1,0.9847701195088238
19,2024,6,1,random_forest,1,0.9935489332881815
19,2024,7,1,random_forest,1,0.9937581906573663
19,2024,8,1,random_forest,1,0.9908032358610317
19,2024,9,1,random_forest,1,0.994074384975324
19,2024,11,1,random_forest,1,0.990863124753796
19,2024,12,1,random_forest,1,0.9844045267337909
20,2023,11,1,random_forest,1,0.9611888856336828
20,2023,12,1,random_forest,1,1.0
20,2024,1,1,random_forest,1,1.0
20,2024,2,1,random_forest,1,0.9942222374454184
20,2024,3,1,random_forest,1,1.0
20,2024,4,1,random_forest,1,1.0
20,2024,5,1,random_forest,1,0.9509497677872457
20,2024,6,1,random_forest,1,0.9940561200691993
20,2024,7,1,random_forest,1,0.9906260836820949
20,2024,8,1,random_forest,1,0.9937117118703321
20,2024,9,1,random_forest,1,1.0
20,2024,11,1,random_forest,1,0.9969037137374421
20,2024,12,1,random_forest,1,0.9937825939722317
21,2023,11,1,random_forest,1,0.9935647364262331
21,2023,12,1,random_forest,1,0.9746622454913226
21,2024,1,1,random_forest,1,0.9679173467753892
21,2024,2,1,random_forest,1,0.978310238898332
21,2024,3,1,random_forest,1,0.9908491940783083
21,2024,4,1,random_forest,1,0.9850254335685334
21,2024,5,1,random_forest,1,0.9062287689214501
21,2024,6,1,random_forest,1,0.9875719078975526
21,2024,7,1,random_forest,1,0.9618633068061577
21,2024,8,1,random_forest,1,0.9748827482972079
21,2024,9,1,random_forest,1,0.9907483806862956
21,2024,11,1,random_forest,1,0.9879955988644016
21,2024,12,0,random_forest,1,0.9779402964356778
22,2023,11,1,random_forest,1,0.9842668472739586
22,2023,12,1,random_forest,1,0.9727020988865975
22,2024,1,1,random_forest,1,0.9816147727778762
22,2024,2,1,random_forest,1,0.9968890393949656
22,2024,3,1,random_forest,1,0.9845372513692606
22,2024,4,1,random_forest,1,0.9940242861278019
22,2024,5,1,random_forest,1,0.9718734545782358
22,2024,6,1,random_forest,1,0.9968133875434565
22,2024,7,1,random_forest,1,0.9906404572788811
22,2024,8,1,random_forest,1,0.9968879105993903
22,2024,9,1,random_forest,1,1.0
22,2024,11,1,random_forest,1,0.9624303559926954
22,2024,12,1,random_forest,1,0.9936827013007896
23,2023,11,1,random_forest,1,1.0
23,2023,12,1,random_forest,1,0.9715551450634056
23,2024,1,1,random_forest,1,0.98456616040408
23,2024,2,1,random_forest,1,1.0
23,2024,3,1,random_forest,1,1.0
23,2024,4,1,random_forest,1,0.9968901681905408
23,2024,5,1,random_forest,1,0.9878495382680289
23,2024,6,1,random_forest,1,1.0
23,2024,7,1,random_forest,1,0.9906404572788811
23,2024,8,1,random_forest,1,0.9877668852524387
23,2024,9,1,random_forest,1,1.0
23,2024,11,1,random_forest,1,1.0
23,2024,12,1,random_forest,1,0.9938029122925838
24,2023,11,1,random_forest,1,1.0
24,2023,12,1,random_forest,1,0.9906553090300988
24,2024,1,1,random_forest,1,0.987969663367176
24,2024,2,1,random_forest,1,0.9843939014832149
24,2024,3,1,random_forest,1,0.990456033412349
24,2024,4,1,random_forest,1,0.9906432575981116
24,2024,5,1,random_forest,1,0.9752178721769773
24,2024,6,1,random_forest,1,1.0
24,2024,7,1,random_forest,1,0.9879479713906233
24,2024,8,1,random_forest,1,0.9966666666666667
24,2024,9,1,random_forest,1,1.0
24,2024,11,1,random_forest,1,0.9973047759724273
24,2024,12,1,random_forest,1,0.990548390481495
25,2023,11,1,random_forest,1,0.9780007112987479
25,2023,12,1,random_forest,1,0.9700647585370447
25,2024,1,1,random_forest,1,0.9470899600630521
25,2024,2,1,random_forest,1,0.9969037137374421
25,2024,3,0,random_forest,1,0.9968856530082402
25,2024,4,1,random_forest,1,1.0
25,2024,5,1,random_forest,1,0.9291381672524953
25,2024,6,1,random_forest,1,0.996791381228409
25,2024,7,1,random_forest,1,0.9784197856613084
25,2024,8,1,random_forest,1,0.9844104489260642
25,2024,9,1,random_forest,1,1.0
25,2024,11,1,random_forest,1,0.9874445194991006
25,2024,12,1,random_forest,1,0.9759752000967246
26,2023,11,1,random_forest,1,0.9968833954170899
26,2023,12,1,random_forest,1,0.9758850264841222
26,2024,1,1,random_forest,1,0.9570969293077696
26,2024,2,1,random_forest,1,0.9908689226403069
26,2024,3,1,random_forest,1,1.0
26,2024,4,1,random_forest,1,0.9968777514392142
26,2024,5,1,random_forest,1,0.9816580301082142
26,2024,6,1,random_forest,1,0.9904176543627949
26,2024,7,1,random_forest,1,0.9970915239906996
26,2024,8,1,random_forest,1,0.9937117118703321
26,2024,9,1,random_forest,1,1.0
26,2024,11,1,random_forest,1,0.9776450434681169
26,2024,12,1,random_forest,1,0.9749869339016183
27,2023,11,1,random_forest,1,0.993563607630658
27,2023,12,1,random_forest,1,0.9633721810703884
27,2024,1,1,random_forest,1,0.969205861620069
27,2024,2,1,random_forest,1,0.9880002861597944
27,2024,3,1,random_forest,1,0.9907954397680002
27,2024,4,1,random_forest,1,0.9782694475442162
27,2024,5,1,random_forest,1,0.9624840340781331
27,2024,6,1,random_forest,1,1.0
27,2024,7,1,random_forest,1,0.9788624219476242
27,2024,8,1,random_forest,1,0.9624782883245537
27,2024,9,1,random_forest,1,0.9969104865108928
27,2024,11,1,random_forest,1,0.9784619731262516
27,2024,12,1,random_forest,1,0.9721216822685875
28,2023,11,0,random_forest,1,0.589498921716287
28,2023,12,0,random_forest,1,0.7585520472429867
28,2024,1,0,random_forest,1,0.7379413238743907
28,2024,2,0,random_forest,0,0.48374819789167345
28,2024,3,1,random_forest,0,0.39184604550163427
28,2024,4,0,random_forest,1,0.7012374216766086
28,2024,5,1,random_forest,1,0.6405533717290849
28,2024,6,0,random_forest,0,0.26382629881630454
28,2024,7,0,random_forest,0,0.2440376413259257
28,2024,8,1,random_forest,1,0.570688289237948
28,2024,9,0,random_forest,0,0.35571526215460386
28,2024,11,1,random_forest,0,0.2891347117979292
28,2024,12,1,random_forest,1,0.6546468785663924
29,2023,11,0,random_forest,1,0.707876599916642
29,2023,12,1,random_forest,1,0.7812265295193147
29,2024,1,1,random_forest,1,0.8282702699750639
29,2024,2,1,random_forest,1,0.822764980392604
29,2024,3,1,random_forest,1,0.7772361248094617
29,2024,4,1,random_forest,1,0.6770687665359317
29,2024,5,1,random_forest,1,0.8541107791884588
29,2024,6,1,random_forest,1,0.7179953235823734
29,2024,7,1,random_forest,1,0.6651686258684286
29,2024,8,0,random_forest,1,0.7317766682272563
29,2024,9,1,random_forest,1,0.7920303048353831
29,2024,11,1,random_forest,1,0.805478946830435
29,2024,12,1,random_forest,1,0.8894745570816294
30,2023,11,1,random_forest,1,0.8720028268472365
30,2023,12,1,random_forest,1,0.8594324224086006
30,2024,1,0,random_forest,1,0.7572458370779532
30,2024,2,0,random_forest,1,0.9011522204638516
30,2024,3,1,random_forest,1,0.9353872933585686
30,2024,4,1,random_forest,1,0.9412371675421103
30,2024,5,1,random_forest,1,0.8357271811046517
30,2024,6,1,random_forest,1,0.9811008464180546
30,2024,7,0,random_forest,1,0.9298118830969457
30,2024,8,1,random_forest,1,0.9654965471539174
30,2024,9,1,random_forest,1,0.9844604082484337
30,2024,11,1,random_forest,1,0.8604527435516525
30,2024,12,0,random_forest,1,0.8408746667286491
31,2023,11,1,random_forest,1,0.9171606911352523
31,2023,12,1,random_forest,1,0.776241203518772
31,2024,1,0,random_forest,1,0.7238352760510839
31,2024,2,0,random_forest,1,0.9214720484080563
31,2024,3,1,random_forest,1,0.9150261102692531
31,2024,4,1,random_forest,1,0.9603736480940192
31,2024,5,1,random_forest,1,0.8015393782906116
31,2024,6,1,random_forest,1,0.9686329182411456
31,2024,7,0,random_forest,1,0.9416769984016412
31,2024,8,1,random_forest,1,0.9313003177603055
31,2024,9,1,random_forest,1,0.9621742601533448
31,2024,11,1,random_forest,1,0.8681302278885463
31,2024,12,0,random_forest,1,0.8558882560907208
32,2023,11,0,random_forest,1,0.814514438652227
32,2023,12,1,random_forest,1,0.8216685405133225
32,2024,1,1,random_forest,1,0.8880983271519515
32,2024,2,1,random_forest,1,0.7915260012981928
32,2024,3,1,random_forest,1,0.8608266574482522
32,2024,4,0,random_forest,1,0.751633609191514
32,2024,5,1,random_forest,1,0.8838688877124139
32,2024,6,1,random_forest,1,0.7929822473114811
32,2024,7,0,random_forest,1,0.825911795626488
32,2024,8,1,random_forest,1,0.7360948741910115
32,2024,9,1,random_forest,1,0.7763150361680874
32,2024,11,1,random_forest,1,0.8978536237107445
32,2024,12,0,random_forest,1,0.871331387734846
33,2023,11,0,random_forest,1,0.8190803863937435
33,2023,12,1,random_forest,1,0.8666980280216072
33,2024,1,1,random_forest,1,0.8860988835458818
33,2024,2,1,random_forest,1,0.8811267973568503
33,2024,3,1,random_forest,1,0.7128062547327887
33,2024,4,0,random_forest,1,0.7732111024380981
33,2024,5,1,random_forest,1,0.8072846749512405
33,2024,6,1,random_forest,1,0.7710161091491653
33,2024,7,0,random_forest,1,0.7722759412338956
33,2024,8,1,random_forest,1,0.8627358195889078
33,2024,9,1,random_forest,1,0.8568296014031974
33,2024,11,1,random_forest,1,0.708069457855351
33,2024,12,0,random_forest,1,0.8072024243658136
34,2023,11,0,random_forest,1,0.6451773688015146
34,2023,12,0,random_forest,1,0.6964525559145076
34,2024,1,0,random_forest,1,0.7135331305639727
34,2024,2,0,random_forest,1,0.533391180811336
34,2024,3,1,random_forest,1,0.5415711867661459
34,2024,4,0,random_forest,1,0.5848141631268177
34,2024,5,1,random_forest,1,0.8151765699426219
34,2024,6,0,random_forest,0,0.42853504423372546
34,2024,7,0,random_forest,0,0.28512088700009947
34,2024,8,1,random_forest,0,0.2711570989088994
34,2024,9,0,random_forest,0,0.4549729681583218
34,2024,11,1,random_forest,1,0.5373973301376759
34,2024,12,1,random_forest,1,0.6810723948151357
35,2023,11,0,random_forest,1,0.943685615087813
35,2023,12,0,random_forest,1,0.9446486286832326
35,2024,1,0,random_forest,1,0.9269497915527964
35,2024,2,1,random_forest,1,0.950317208899916
35,2024,3,1,random_forest,1,0.9732930705136524
35,2024,4,1,random_forest,1,0.9840681085788854
35,2024,5,1,random_forest,1,0.7742545020790269
35,2024,6,1,random_forest,1,0.9843689604312567
35,2024,7,1,random_forest,1,0.8984015422460393
35,2024,8,1,random_forest,1,0.8915411752917932
35,2024,9,1,random_forest,1,0.9559063665726878
35,2024,11,1,random_forest,1,0.946379225548741
35,2024,12,0,random_forest,1,0.9571715163369701
36,2023,11,0,random_forest,1,0.8949474554521267
36,2023,12,0,random_forest,1,0.92758430556603
36,2024,1,0,random_forest,1,0.7927114438855168
36,2024,2,1,random_forest,1,0.8501873467882827
36,2024,3,1,random_forest,1,0.8111692532979966
36,2024,4,1,random_forest,1,0.796857081101647
36,2024,5,1,random_forest,1,0.8180220831777574
36,2024,6,1,random_forest,1,0.625240693606187
36,2024,7,1,random_forest,1,0.6012609037086984
36,2024,8,1,random_forest,1,0.8502786256269935
36,2024,9,1,random_forest,1,0.9600759271105573
36,2024,11,1,random_forest,1,0.8175806252993774
36,2024,12,0,random_forest,1,0.8680216939903544
37,2023,11,1,random_forest,1,0.9357225087305111
37,2023,12,1,random_forest,1,0.9181954068589304
37,2024,1,1,random_forest,1,0.9022055280253136
37,2024,2,1,random_forest,1,0.9667464656755169
37,2024,3,1,random_forest,1,0.9815302879978939
37,2024,4,1,random_forest,1,0.9754398522515263
37,2024,5,1,random_forest,1,0.9304127252413158
37,2024,6,1,random_forest,1,0.9843306384927325
37,2024,7,1,random_forest,1,0.9875377057233193
37,2024,8,1,random_forest,1,0.9417697974708106
37,2024,9,1,random_forest,1,0.9907009820521502
37,2024,11,1,random_forest,1,0.960555161201926
37,2024,12,1,random_forest,1,0.9495222958174584
38,2023,11,1,random_forest,1,0.9186456614437737
38,2023,12,1,random_forest,1,0.9282560598675913
38,2024,1,1,random_forest,1,0.8322767138462978
38,2024,2,1,random_forest,1,0.8854367781838922
38,2024,3,1,random_forest,1,0.9068462481469146
38,2024,4,1,random_forest,1,0.9518994081092134
38,2024,5,1,random_forest,1,0.9727891270728968
38,2024,6,1,random_forest,1,0.9599814413223544
38,2024,7,1,random_forest,1,0.9775020005661096
38,2024,8,1,random_forest,1,0.9423828915909396
38,2024,9,1,random_forest,1,0.9543565480023648
38,2024,11,1,random_forest,1,0.946460573276576
38,2024,12,1,random_forest,1,0.9042217208346128
39,2023,11,1,random_forest,1,0.9309864308649903
39,2023,12,1,random_forest,1,0.8993249651123748
39,2024,1,1,random_forest,1,0.8241690615060207
39,2024,2,1,random_forest,1,0.9000077676761464
39,2024,3,1,random_forest,1,0.8157346606217117
39,2024,4,0,random_forest,1,0.7384600493108886
39,2024,5,1,random_forest,1,0.7469462611602015
39,2024,6,1,random_forest,1,0.6078773029775789
39,2024,7,0,random_forest,1,0.7004526498557122
39,2024,8,1,random_forest,1,0.8340372520955129
39,2024,9,1,random_forest,1,0.7841973587985563
39,2024,11,1,random_forest,1,0.9003331694545788
39,2024,12,1,random_forest,1,0.9113232319834731
40,2023,11,1,random_forest,1,0.9213766694404524
40,2023,12,1,random_forest,1,0.8962191760175748
40,2024,1,1,random_forest,1,0.821958282719513
40,2024,2,1,random_forest,1,0.8609162896257506
40,2024,3,1,random_forest,1,0.7330463744383121
40,2024,4,0,random_forest,1,0.725881708664673
40,2024,5,1,random_forest,1,0.796313883497432
40,2024,6,1,random_forest,1,0.7696762361902745
40,2024,7,0,random_forest,1,0.8431894063272004
40,2024,8,1,random_forest,1,0.8630918814916292
40,2024,9,1,random_forest,1,0.8861626087698052
40,2024,11,1,random_forest,1,0.7749555471822084
40,2024,12,1,random_forest,1,0.9174408474120922
41,2023,11,1,random_forest,1,0.8813790413870017
41,2023,12,1,random_forest,1,0.9370654401210993
41,2024,1,1,random_forest,1,0.9262261121799541
41,2024,2,1,random_forest,1,0.90958011112237
41,2024,3,1,random_forest,1,0.9719881982177199
41,2024,4,1,random_forest,1,0.9372886028269592
41,2024,5,1,random_forest,1,0.9173565063050709
41,2024,6,1,random_forest,1,0.9868675922790383
41,2024,7,1,random_forest,1,0.9588458764883662
41,2024,8,1,random_forest,1,0.954130401415281
41,2024,9,1,random_forest,1,0.9810872560315852
41,2024,11,1,random_forest,1,0.9596567928227072
41,2024,12,1,random_forest,1,0.9315445709493264
42,2023,11,1,random_forest,1,0.8415817907612303
42,2023,12,1,random_forest,1,0.8952214434953873
42,2024,1,1,random_forest,1,0.8657679212381684
42,2024,2,1,random_forest,1,0.9286273314227536
42,2024,3,1,random_forest,1,0.9846457907575208
42,2024,4,1,random_forest,1,0.9304035893239463
42,2024,5,1,random_forest,1,0.9133048895335585
42,2024,6,1,random_forest,1,0.9805335123612243
42,2024,7,1,random_forest,1,0.9710490158062021
42,2024,8,1,random_forest,1,0.9566225206042234
42,2024,9,1,random_forest,1,0.9650713394309351
42,2024,11,1,random_forest,1,0.949567828236596
42,2024,12,1,random_forest,1,0.9215271559606901
43,2023,11,1,random_forest,1,0.8666165061745638
43,2023,12,1,random_forest,1,0.8926209516294936
43,2024,1,1,random_forest,1,0.7666985156423083
43,2024,2,1,random_forest,1,0.8581392781323096
43,2024,3,1,random_forest,1,0.9493641248992368
43,2024,4,1,random_forest,1,0.9498419363993196
43,2024,5,1,random_forest,1,0.8778372922728962
43,2024,6,0,random_forest,1,0.9771536017909989
43,2024,7,1,random_forest,1,0.9143583893187017
43,2024,8,0,random_forest,1,0.8202096652407846
43,2024,9,1,random_forest,1,0.9777103947731088
43,2024,11,1,random_forest,1,0.8097778005493886
43,2024,12,1,random_forest,1,0.8360273417664984
44,2023,11,1,random_forest,1,0.9188268331793537
44,2023,12,1,random_forest,1,0.8873457696928938
44,2024,1,1,random_forest,1,0.8324503157104822
44,2024,2,1,random_forest,1,0.8923367253411891
44,2024,3,1,random_forest,1,0.9853071499441052
44,2024,4,1,random_forest,1,0.9691006479133756
44,2024,5,1,random_forest,1,0.845022779682086
44,2024,6,0,random_forest,1,0.9549885079669044
44,2024,7,1,random_forest,1,0.8690161996365886
44,2024,8,0,random_forest,1,0.8299928468276339
44,2024,9,1,random_forest,1,0.9679117868146102
44,2024,11,1,random_forest,1,0.9109724555475313
44,2024,12,1,random_forest,1,0.8750719765901818
45,2023,11,1,random_forest,1,0.9777860101411625
45,2023,12,1,random_forest,1,0.9444083241029254
45,2024,1,1,random_forest,1,0.9247500387256586
45,2024,2,1,random_forest,1,0.9443858624569546
45,2024,3,1,random_forest,1,0.988604991861644
45,2024,4,1,random_forest,1,0.9843115730287919
45,2024,5,1,random_forest,1,0.9171656902240989
45,2024,6,1,random_forest,1,0.9848912392220454
45,2024,7,1,random_forest,1,0.9811892479389686
45,2024,8,1,random_forest,1,0.9786375447526776
45,2024,9,1,random_forest,1,0.9910435290154331
45,2024,11,1,random_forest,1,0.9628468882875956
45,2024,12,1,random_forest,1,0.9350523400149299
46,2023,11,1,random_forest,1,0.955252027262989
46,2023,12,1,random_forest,1,0.9446446091560298
46,2024,1,1,random_forest,1,0.9344087273267244
46,2024,2,1,random_forest,1,0.9652864074282248
46,2024,3,1,random_forest,1,0.9910629666297935
46,2024,4,1,random_forest,1,0.9906506164390572
46,2024,5,1,random_forest,1,0.9236657444614468
46,2024,6,1,random_forest,1,0.9743516554208729
46,2024,7,1,random_forest,1,0.9813566663139367
46,2024,8,1,random_forest,1,0.9691821508354864
46,2024,9,1,random_forest,1,1.0
46,2024,11,1,random_forest,1,0.9757989725852576
46,2024,12,1,random_forest,1,0.9569665382530945
47,2023,11,1,random_forest,1,0.9936955312536861
47,2023,12,1,random_forest,1,0.9819080391162007
47,2024,1,1,random_forest,1,0.9741478636618276
47,2024,2,1,random_forest,1,0.9904002832279245
47,2024,3,1,random_forest,1,0.9974664445061557
47,2024,4,1,random_forest,1,0.9935568348572074
47,2024,5,1,random_forest,1,0.9263124041424957
47,2024,6,1,random_forest,1,0.9937735636076307
47,2024,7,1,random_forest,1,0.9527532670844897
47,2024,8,1,random_forest,1,0.9643017740560244
47,2024,9,1,random_forest,1,0.9903468329876336
47,2024,11,1,random_forest,1,0.958807577221528
47,2024,12,1,random_forest,1,0.9713259921281895
48,2023,11,1,random_forest,1,0.8984894090391572
48,2023,12,1,random_forest,1,0.883310841380677
48,2024,1,1,random_forest,1,0.8553140195493336
48,2024,2,0,random_forest,1,0.8951739499761885
48,2024,3,0,random_forest,1,0.9619181499459402
48,2024,4,1,random_forest,1,0.9776453011470617
48,2024,5,1,random_forest,1,0.9004293299018223
48,2024,6,1,random_forest,1,0.993766096685666
48,2024,7,0,random_forest,1,0.9934702391444856
48,2024,8,1,random_forest,1,0.9813948289412472
48,2024,9,1,random_forest,1,0.9935771531775595
48,2024,11,1,random_forest,1,0.9432744797407855
48,2024,12,1,random_forest,1,0.923404203789986
49,2023,11,1,random_forest,1,0.9604338685934437
49,2023,12,1,random_forest,1,0.8997997262329799
49,2024,1,0,random_forest,1,0.8285582939090097
49,2024,2,1,random_forest,1,0.8865269151947938
49,2024,3,1,random_forest,1,0.9122653291358931
49,2024,4,1,random_forest,1,0.9130093665240414
49,2024,5,1,random_forest,1,0.7473166279926019
49,2024,6,1,random_forest,1,0.8854864379930352
49,2024,7,1,random_forest,1,0.9081222977569451
49,2024,8,1,random_forest,1,0.9938014273719564
49,2024,9,1,random_forest,1,0.9848089924913014
49,2024,11,1,random_forest,1,0.8658353577378533
49,2024,12,0,random_forest,1,0.9171383744514062
50,2023,11,1,random_forest,1,0.9606207439294379
50,2023,12,1,random_forest,1,0.9879521649234357
50,2024,1,1,random_forest,1,0.9966666666666667
50,2024,2,1,random_forest,1,0.990776251845995
50,2024,3,1,random_forest,1,0.9970915239906996
50,2024,4,1,random_forest,1,0.985070067562011
50,2024,5,1,random_forest,1,0.9787552107166629
50,2024,6,1,random_forest,1,0.9580554280011233
50,2024,7,1,random_forest,1,0.9874992410748313
50,2024,8,1,random_forest,1,0.9609336825836184
50,2024,9,1,random_forest,1,0.9574578648846618
50,2024,11,1,random_forest,1,0.9967835027456479
50,2024,12,1,random_forest,1,0.9972736288802935
51,2023,11,1,random_forest,1,0.9731305067730291
51,2023,12,1,random_forest,1,0.981137647369139
51,2024,1,1,random_forest,1,0.9935658652218085
51,2024,2,1,random_forest,1,0.990412960609911
51,2024,3,1,random_forest,1,0.9966666666666667
51,2024,4,1,random_forest,1,1.0
51,2024,5,1,random_forest,1,0.9571763732373447
51,2024,6,1,random_forest,1,0.9783504923143603
51,2024,7,1,random_forest,1,0.9789351641395145
51,2024,8,1,random_forest,1,0.958836025942591
51,2024,9,1,random_forest,1,0.9969195168754938
51,2024,11,1,random_forest,1,0.9749970654704544
51,2024,12,1,random_forest,1,0.9969161304887685
52,2023,11,1,random_forest,1,0.9818433600899555
52,2023,12,1,random_forest,1,0.9847110047980155
52,2024,1,1,random_forest,1,0.9841330317011473
52,2024,2,1,random_forest,1,0.9939563729231758
52,2024,3,1,random_forest,1,1.0
52,2024,4,1,random_forest,1,0.9971151821436092
52,2024,5,1,random_forest,1,0.9845232246336271
52,2024,6,1,random_forest,1,0.983794242524473
52,2024,7,1,random_forest,1,0.9218682799927038
52,2024,8,1,random_forest,1,0.9109981223669998
52,2024,9,1,random_forest,1,0.9813165662931022
52,2024,11,1,random_forest,1,0.9778055723579872
52,2024,12,1,random_forest,1,0.9937135217753037
53,2023,11,1,random_forest,1,0.954059353490551
53,2023,12,1,random_forest,1,0.9762023523459741
53,2024,1,1,random_forest,1,0.9663781030969983
53,2024,2,1,random_forest,1,0.9784179716478806
53,2024,3,1,random_forest,1,0.9846243166693015
53,2024,4,1,random_forest,1,0.9705137968045893
53,2024,5,1,random_forest,1,0.9660200411587891
53,2024,6,1,random_forest,1,0.9939714426390941
53,2024,7,1,random_forest,1,0.97199075802536
53,2024,8,1,random_forest,1,0.9591960705737893
53,2024,9,1,random_forest,1,0.9780109645717369
53,2024,11,1,random_forest,1,0.9790924182773951
53,2024,12,1,random_forest,1,0.9624849631629854
54,2023,11,1,random_forest,1,0.9701096995817537
54,2023,12,1,random_forest,1,0.9859004572184714
54,2024,1,1,random_forest,1,0.9767227793425155
54,2024,2,1,random_forest,1,0.9905172536574886
54,2024,3,1,random_forest,1,0.9938683883134797
54,2024,4,1,random_forest,1,0.9786940453004908
54,2024,5,1,random_forest,1,0.9502651952738184
54,2024,6,1,random_forest,1,0.99
54,2024,7,1,random_forest,1,0.9687045585470302
54,2024,8,1,random_forest,1,0.9364781767772883
54,2024,9,1,random_forest,1,0.9969104865108928
54,2024,11,1,random_forest,1,0.9935839259510103
54,2024,12,1,random_forest,1,0.9939402955469602
55,2023,11,1,random_forest,1,0.8181448197250605
55,2023,12,0,random_forest,1,0.8544229871436285
55,2024,1,1,random_forest,1,0.8032722240472743
55,2024,2,1,random_forest,1,0.8857926540685092
55,2024,3,1,random_forest,1,0.8613559288637838
55,2024,4,1,random_forest,1,0.7908102103715737
55,2024,5,1,random_forest,1,0.736100859281639
55,2024,6,1,random_forest,1,0.909791667008609
55,2024,7,1,random_forest,1,0.7608485814836636
55,2024,8,1,random_forest,1,0.9106551014106339
55,2024,9,1,random_forest,1,0.8721507724013855
55,2024,11,1,random_forest,1,0.8514745769829225
55,2024,12,1,random_forest,1,0.8338058224368
56,2023,11,1,random_forest,1,0.8685584929461705
56,2023,12,0,random_forest,1,0.8465899907159935
56,2024,1,1,random_forest,1,0.8301912501045248
56,2024,2,1,random_forest,1,0.9463575717906563
56,2024,3,1,random_forest,1,0.8813106727609238
56,2024,4,1,random_forest,1,0.8797513798947573
56,2024,5,1,random_forest,1,0.8517110863374259
56,2024,6,1,random_forest,1,0.9673328494409225
56,2024,7,1,random_forest,1,0.9039250201977391
56,2024,8,1,random_forest,1,0.933879015078569
56,2024,9,1,random_forest,1,0.9645562154821598
56,2024,11,1,random_forest,1,0.9306554638888819
56,2024,12,1,random_forest,1,0.8013241642734453
57,2023,11,1,random_forest,1,0.7409049846813256
57,2023,12,1,random_forest,1,0.6065022308108197
57,2024,1,1,random_forest,1,0.551740952289822
57,2024,2,1,random_forest,1,0.8071607659084149
57,2024,3,0,random_forest,1,0.7036896548553596
57,2024,4,1,random_forest,1,0.7082458212999023
57,2024,5,1,random_forest,0,0.482707117886186
57,2024,6,1,random_forest,0,0.316840908191805
57,2024,7,1,random_forest,1,0.5173540322422603
57,2024,8,0,random_forest,1,0.5243421527691192
57,2024,9,0,random_forest,1,0.7166907622995384
57,2024,11,1,random_forest,1,0.6424549491060139
57,2024,12,1,random_forest,1,0.6057133642981529
58,2023,11,1,random_forest,1,0.6958688607360427
58,2023,12,1,random_forest,0,0.4309848548106825
58,2024,1,1,random_forest,0,0.3993047100913492
58,2024,2,1,random_forest,1,0.648826898889284
58,2024,3,0,random_forest,0,0.4439335820227278
58,2024,4,1,random_forest,1,0.6461920606914112
58,2024,5,1,random_forest,1,0.5095028778257228
58,2024,6,1,random_forest,1,0.5547618809862666
58,2024,7,1,random_forest,1,0.540510368072498
58,2024,8,0,random_forest,1,0.6435801028459426
58,2024,9,0,random_forest,1,0.642813842693784
58,2024,11,1,random_forest,0,0.41921018789782694
58,2024,12,1,random_forest,1,0.5403973804035774
59,2023,11,1,random_forest,1,0.9212763932892233
59,2023,12,1,random_forest,1,0.8760751866459437
59,2024,1,1,random_forest,1,0.8939677058736994
59,2024,2,1,random_forest,1,0.8253718352235097
59,2024,3,1,random_forest,1,0.7305633689489792
59,2024,4,1,random_forest,1,0.5408572987320958
59,2024,5,1,random_forest,1,0.6049650120858034
59,2024,6,1,random_forest,1,0.8070495821026262
59,2024,7,1,random_forest,1,0.833396524336524
59,2024,8,1,random_forest,1,0.7969725956561367
59,2024,9,1,random_forest,1,0.8510120815744571
59,2024,11,1,random_forest,1,0.9055342406154993
59,2024,12,0,random_forest,1,0.9019500772509224
60,2023,11,1,random_forest,1,0.9593682363110959
60,2023,12,1,random_forest,1,0.8902491067760767
60,2024,1,1,random_forest,1,0.9273112502204246
60,2024,2,1,random_forest,1,0.8322743021752422
60,2024,3,1,random_forest,1,0.675095629271817
60,2024,4,1,random_forest,1,0.8430106774927677
60,2024,5,1,random_forest,1,0.6859332957341402
60,2024,6,1,random_forest,1,0.7992618236510143
60,2024,7,1,random_forest,1,0.7955117111170357
60,2024,8,1,random_forest,1,0.7122551198529025
60,2024,9,1,random_forest,1,0.8391997510674281
60,2024,11,1,random_forest,1,0.889571392448022
60,2024,12,0,random_forest,1,0.8940619058358928
61,2023,11,1,random_forest,1,0.9812854520615495
61,2023,12,1,random_forest,1,0.979235685183904
61,2024,1,1,random_forest,1,0.9525321107352727
61,2024,2,1,random_forest,1,0.9935078574462334
61,2024,3,1,random_forest,1,0.9878489374122073
61,2024,4,0,random_forest,1,0.9876518352383776
61,2024,5,1,random_forest,1,0.984147568592538
61,2024,6,1,random_forest,1,0.9903957219300037
61,2024,7,1,random_forest,1,0.9760252601215836
61,2024,8,1,random_forest,1,0.9437272858793089
61,2024,9,1,random_forest,1,0.9880854039726474
61,2024,11,1,random_forest,1,0.9908491940783085
61,2024,12,1,random_forest,1,0.9851258270769037
62,2023,11,1,random_forest,1,0.987364056606962
62,2023,12,1,random_forest,1,0.9823240698774359
62,2024,1,1,random_forest,1,0.9678965045231158
62,2024,2,1,random_forest,1,0.9935078574462334
62,2024,3,1,random_forest,1,0.9937581906573663
62,2024,4,0,random_forest,1,0.9877817608151791
62,2024,5,1,random_forest,1,0.9810591838990061
62,2024,6,1,random_forest,1,0.9903957219300037
62,2024,7,1,random_forest,1,0.9703596763981028
62,2024,8,1,random_forest,1,0.9468704072792786
62,2024,9,1,random_forest,1,0.9968675922790383
62,2024,11,1,random_forest,1,0.9875158607449752
62,2024,12,1,random_forest,1,0.9818700680692249
63,2023,11,1,random_forest,1,0.9062202104499382
63,2023,12,1,random_forest,1,0.9820671655729545
63,2024,1,0,random_forest,1,0.9530301177417956
63,2024,2,1,random_forest,1,0.9626754488465603
63,2024,3,1,random_forest,1,0.9461777962156546
63,2024,4,1,random_forest,1,0.9873130447951863
63,2024,5,1,random_forest,1,0.9685942004217264
63,2024,6,1,random_forest,1,0.9938851959294143
63,2024,7,1,random_forest,1,0.9908662163939054
63,2024,8,1,random_forest,1,0.9966666666666667
63,2024,9,1,random_forest,1,0.9803569921478095
63,2024,11,0,random_forest,1,0.9273041380363459
63,2024,12,1,random_forest,1,0.9595140321676063
64,2023,11,1,random_forest,1,0.9052138636083195
64,2023,12,1,random_forest,1,0.9966666666666667
64,2024,1,0,random_forest,1,0.9675189200787025
64,2024,2,1,random_forest,1,0.9837045616182869
64,2024,3,1,random_forest,1,0.9940121231076008
64,2024,4,1,random_forest,1,0.9971151821436092
64,2024,5,1,random_forest,1,0.9814222472150175
64,2024,6,1,random_forest,1,0.9936553724661779
64,2024,7,1,random_forest,1,0.9939839497723906
64,2024,8,1,random_forest,1,0.9935590924483576
64,2024,9,1,random_forest,1,0.9966666666666667
64,2024,11,0,random_forest,1,0.990522658914814
64,2024,12,1,random_forest,1,0.9940405154010157
65,2023,11,1,random_forest,1,0.9628631717185039
65,2023,12,1,random_forest,1,0.9720901326844584
65,2024,1,0,random_forest,1,0.9487847049523876
65,2024,2,1,random_forest,1,0.9621314862507487
65,2024,3,1,random_forest,1,0.9514545931860829
65,2024,4,1,random_forest,1,0.9839801331978778
65,2024,5,1,random_forest,1,0.9658174995553596
65,2024,6,1,random_forest,1,0.9804423784000889
65,2024,7,1,random_forest,1,0.9749369044913935
65,2024,8,1,random_forest,1,0.990289313154415
65,2024,9,1,random_forest,1,0.9966666666666667
65,2024,11,0,random_forest,1,0.9623245581628409
65,2024,12,1,random_forest,1,0.9653104395879963
66,2023,11,1,random_forest,1,0.932622696007187
66,2023,12,1,random_forest,1,0.9669939311588428
66,2024,1,0,random_forest,1,0.9370753995641511
66,2024,2,1,random_forest,1,0.9632373916899075
66,2024,3,1,random_forest,1,0.983571509199684
66,2024,4,1,random_forest,1,0.9940064791297251
66,2024,5,1,random_forest,1,0.9689253730432301
66,2024,6,1,random_forest,1,0.9935636076306582
66,2024,7,1,random_forest,1,0.987708078394049
66,2024,8,1,random_forest,1,0.9966666666666667
66,2024,9,1,random_forest,1,0.9870208786768216
66,2024,11,0,random_forest,1,0.9782413394705681
66,2024,12,1,random_forest,1,0.9735384441889549
67,2023,11,1,random_forest,1,0.9221914532223722
67,2023,12,1,random_forest,1,0.9421703347645293
67,2024,1,1,random_forest,1,0.9464807141151372
67,2024,2,1,random_forest,1,0.9591793303277711
67,2024,3,1,random_forest,1,0.9937581906573663
67,2024,4,1,random_forest,1,0.9815598664153746
67,2024,5,1,random_forest,1,0.9744000524534846
67,2024,6,1,random_forest,1,0.9872667081930454
67,2024,7,1,random_forest,1,0.9718526819223308
67,2024,8,1,random_forest,1,0.9114401398741666
67,2024,9,1,random_forest,1,0.9859206819866563
67,2024,11,1,random_forest,1,0.9748741673554203
67,2024,12,1,random_forest,1,0.9502513360076409
68,2023,11,1,random_forest,1,0.9202064925168814
68,2023,12,1,random_forest,1,0.8565441957946215
68,2024,1,1,random_forest,1,0.9051219859050867
68,2024,2,1,random_forest,1,0.914143569276048
68,2024,3,1,random_forest,1,0.9551599779345943
68,2024,4,1,random_forest,1,0.9840578966639172
68,2024,5,1,random_forest,1,0.9821013602858474
68,2024,6,1,random_forest,1,1.0
68,2024,7,1,random_forest,1,0.9685062568369036
68,2024,8,1,random_forest,1,0.9622220011568453
68,2024,9,1,random_forest,1,0.9936235070866979
68,2024,11,1,random_forest,1,0.9690542577024107
68,2024,12,1,random_forest,1,0.8626481057293677
69,2023,11,1,random_forest,1,1.0
69,2023,12,1,random_forest,1,0.978001158942466
69,2024,1,1,random_forest,1,0.9877442625797357
69,2024,2,1,random_forest,1,0.9935078574462334
69,2024,3,1,random_forest,1,0.9968198614318707
69,2024,4,1,random_forest,1,1.0
69,2024,5,1,random_forest,1,0.9695449828428887
69,2024,6,1,random_forest,1,0.9849272942550353
69,2024,7,1,random_forest,1,0.9821095868507487
69,2024,8,1,random_forest,1,0.9873059336283709
69,2024,9,1,random_forest,1,1.0
69,2024,11,1,random_forest,1,0.9813670063164992
69,2024,12,1,random_forest,1,0.9907792724482245
70,2023,11,1,random_forest,1,0.987723876827349
70,2023,12,1,random_forest,1,0.951260043457746
70,2024,1,1,random_forest,1,0.9376064871506194
70,2024,2,1,random_forest,1,0.9719365279955381
70,2024,3,1,random_forest,1,0.9908718603717811
70,2024,4,0,random_forest,1,0.9906545719582858
70,2024,5,1,random_forest,1,0.9330283889621209
70,2024,6,1,random_forest,1,0.9604063977496139
70,2024,7,1,random_forest,1,0.9599310472503858
70,2024,8,1,random_forest,1,0.9654647812920668
70,2024,9,1,random_forest,1,0.9785651182890595
70,2024,11,1,random_forest,1,0.9368553790862524
70,2024,12,1,random_forest,1,0.9691790964120188
71,2023,11,1,random_forest,1,0.9937893667456823
71,2023,12,1,random_forest,1,0.9784557305437276
71,2024,1,1,random_forest,1,0.9553397542548027
71,2024,2,1,random_forest,1,0.9805961895773287
71,2024,3,1,random_forest,1,0.9908718603717811
71,2024,4,0,random_forest,1,0.9968924257816909
71,2024,5,1,random_forest,1,0.9413941128410246
71,2024,6,1,random_forest,1,0.967222303036915
71,2024,7,1,random_forest,1,0.9629930367444831
71,2024,8,1,random_forest,1,0.9524071607951939
71,2024,9,1,random_forest,1,0.9820169857785924
71,2024,11,1,random_forest,1,0.9620955620958838
71,2024,12,1,random_forest,1,0.9885377810454014
72,2023,11,1,random_forest,1,0.9480162994353268
72,2023,12,1,random_forest,1,0.9343059196278026
72,2024,1,1,random_forest,1,0.7735362577685059
72,2024,2,1,random_forest,1,0.8797809839499094
72,2024,3,1,random_forest,1,0.9610940838589014
72,2024,4,1,random_forest,1,0.9098393475085558
72,2024,5,1,random_forest,1,0.9314490454444958
72,2024,6,1,random_forest,1,0.9310321504864404
72,2024,7,1,random_forest,1,0.9129784745051209
72,2024,8,1,random_forest,1,0.9653553254235555
72,2024,9,1,random_forest,1,0.9749728183551613
72,2024,11,0,random_forest,1,0.9716026068995202
72,2024,12,0,random_forest,1,0.9189552993936405
73,2023,11,1,random_forest,1,0.9870417084060362
73,2023,12,1,random_forest,1,0.975583751968115
73,2024,1,1,random_forest,1,0.9750467855869496
73,2024,2,1,random_forest,1,0.9650751605273132
73,2024,3,1,random_forest,1,0.9968198614318707
73,2024,4,1,random_forest,1,0.9968901681905408
73,2024,5,1,random_forest,1,0.9794263767723671
73,2024,6,1,random_forest,1,0.9855328535637186
73,2024,7,1,random_forest,1,0.9788211412265588
73,2024,8,1,random_forest,1,0.9905859563733562
73,2024,9,1,random_forest,1,0.9967798786181138
73,2024,11,0,random_forest,1,0.9301754272010764
73,2024,12,0,random_forest,1,0.9785746380157984
74,2023,11,1,random_forest,1,0.9776711681678258
74,2023,12,1,random_forest,1,0.9686785140650043
74,2024,1,1,random_forest,1,0.95270978098275
74,2024,2,1,random_forest,1,0.9743414796216052
74,2024,3,1,random_forest,1,0.9909166139184703
74,2024,4,1,random_forest,1,0.9461255218855152
74,2024,5,1,random_forest,1,0.9722501579175135
74,2024,6,1,random_forest,1,0.9597600619437353
74,2024,7,1,random_forest,1,0.9154675674733236
74,2024,8,1,random_forest,1,0.9056536393096852
74,2024,9,1,random_forest,1,0.9968675922790383
74,2024,11,1,random_forest,1,0.9843132734441595
74,2024,12,1,random_forest,1,0.984445952931737
75,2023,11,1,random_forest,1,0.9751763744171517
75,2023,12,1,random_forest,1,0.9386073346810484
75,2024,1,1,random_forest,1,0.9592494304655844
75,2024,2,1,random_forest,1,0.9782445630219204
75,2024,3,1,random_forest,1,0.9967992957746479
75,2024,4,1,random_forest,1,0.9880001173696155
75,2024,5,1,random_forest,1,0.9657895584415921
75,2024,6,1,random_forest,1,0.9721678091716156
75,2024,7,1,random_forest,1,0.9147830980425938
75,2024,8,1,random_forest,1,0.9001179667366506
75,2024,9,1,random_forest,1,0.9969751668307625
75,2024,11,1,random_forest,1,0.9720750453708069
75,2024,12,1,random_forest,1,0.9578423047368593
76,2023,11,1,random_forest,1,0.9676638830194932
76,2023,12,1,random_forest,1,0.9134520555246809
76,2024,1,1,random_forest,1,0.8597376062908093
76,2024,2,1,random_forest,1,0.9421397656104779
76,2024,3,1,random_forest,1,0.9714781839801369
76,2024,4,1,random_forest,1,0.9818591524803698
76,2024,5,1,random_forest,1,0.928659606388163
76,2024,6,1,random_forest,1,0.965968326359093
76,2024,7,1,random_forest,1,0.8830534221499315
76,2024,8,1,random_forest,1,0.540632431465802
76,2024,9,1,random_forest,1,0.9942910258277879
76,2024,11,1,random_forest,1,0.9759048001967737
76,2024,12,1,random_forest,1,0.9418650256356379
77,2023,11,1,random_forest,1,0.9937069044028302
77,2023,12,1,random_forest,1,0.9749161151535598
77,2024,1,1,random_forest,1,0.962545832980655
77,2024,2,1,random_forest,1,0.9966666666666667
77,2024,3,1,random_forest,1,0.9906239025200295
77,2024,4,1,random_forest,1,0.9969161304887685
77,2024,5,1,random_forest,1,0.960000798452481
77,2024,6,1,random_forest,1,0.9847043981300275
77,2024,7,1,random_forest,1,0.9705714412127197
77,2024,8,1,random_forest,1,0.9746552525989144
77,2024,9,1,random_forest,1,0.9935827971554352
77,2024,11,1,random_forest,1,0.965701273341571
77,2024,12,1,random_forest,1,0.9753683473889043
78,2023,11,1,random_forest,1,0.599665930691723
78,2023,12,0,random_forest,1,0.6288956261159871
78,2024,1,1,random_forest,1,0.5119515954419462
78,2024,2,1,random_forest,1,0.6982582090765054
78,2024,3,0,random_forest,0,0.46380533570176424
78,2024,4,0,random_forest,0,0.4712020961770516
78,2024,5,0,random_forest,0,0.3615230898993373
78,2024,6,0,random_forest,0,0.2908513385468837
78,2024,7,0,random_forest,0,0.3486874064144021
78,2024,8,0,random_forest,0,0.3194946289871701
78,2024,9,1,random_forest,1,0.5308892513814115
78,2024,11,0,random_forest,0,0.47958684002506546
78,2024,12,1,random_forest,1,0.6398536187937996
79,2023,11,1,random_forest,1,0.6377442724794065
79,2023,12,0,random_forest,1,0.5996247523903016
79,2024,1,1,random_forest,1,0.5757481616572193
79,2024,2,1,random_forest,1,0.6842700547840825
79,2024,3,0,random_forest,1,0.5470403135561969
79,2024,4,0,random_forest,0,0.4965821495371166
79,2024,5,0,random_forest,0,0.4054949218798355
79,2024,6,0,random_forest,0,0.32612951249776034
79,2024,7,0,random_forest,0,0.2590896491591984
79,2024,8,0,random_forest,0,0.28257891119612905
79,2024,9,1,random_forest,0,0.4957884340368974
79,2024,11,0,random_forest,1,0.5885754168373253
79,2024,12,1,random_forest,1,0.7106943664783353
80,2023,11,1,random_forest,1,0.8348974550323229
80,2023,12,1,random_forest,1,0.7428724438606298
80,2024,1,1,random_forest,1,0.6821329977723501
80,2024,2,1,random_forest,1,0.7333237957231798
80,2024,3,1,random_forest,1,0.7543559624128217
80,2024,4,1,random_forest,1,0.7115647578857183
80,2024,5,1,random_forest,1,0.8576650132523169
80,2024,12,1,random_forest,1,0.9304762456488634
81,2023,11,1,random_forest,1,0.9274232194322123
81,2023,12,1,random_forest,1,0.8102075154133929
81,2024,1,1,random_forest,1,0.7927219852544588
81,2024,2,1,random_forest,1,0.8641328904508134
81,2024,3,1,random_forest,1,0.8837015083223243
81,2024,4,1,random_forest,1,0.8492804473902306
81,2024,5,1,random_forest,1,0.6338901130444601
81,2024,6,1,random_forest,1,0.7747740913729102
81,2024,7,1,random_forest,1,0.9079030823341945
81,2024,8,1,random_forest,1,0.8544950910420936
81,2024,9,1,random_forest,1,0.8880646099385257
81,2024,11,1,random_forest,1,0.9264679860661981
81,2024,12,1,random_forest,1,0.9083182109930656
82,2023,11,1,random_forest,1,0.6123101691170799
82,2023,12,1,random_forest,1,0.759749688834578
82,2024,1,1,random_forest,1,0.6546819304422432
82,2024,2,1,random_forest,1,0.715819047256441
82,2024,3,1,random_forest,1,0.6132176421494645
82,2024,4,0,random_forest,1,0.5017945897742513
82,2024,5,1,random_forest,0,0.41130943713337564
82,2024,6,1,random_forest,1,0.5216205349046635
82,2024,7,1,random_forest,0,0.327255923487589
82,2024,8,1,random_forest,1,0.5503250238639968
82,2024,9,0,random_forest,1,0.7029587084357604
82,2024,11,1,random_forest,0,0.3793466215744855
82,2024,12,1,random_forest,1,0.8036533315526296
83,2023,11,1,random_forest,1,0.5906758730716092
83,2023,12,1,random_forest,1,0.7267550135698845
83,2024,1,1,random_forest,1,0.6454122423219786
83,2024,2,1,random_forest,1,0.6233901175313988
83,2024,3,1,random_forest,1,0.9169850786080277
83,2024,4,0,random_forest,1,0.951972657499633
83,2024,5,1,random_forest,0,0.28947532418056265
83,2024,6,1,random_forest,0,0.3498072371029289
83,2024,7,1,random_forest,0,0.2750785958598479
83,2024,8,1,random_forest,0,0.30163406496755707
83,2024,9,0,random_forest,0,0.49715042679221305
83,2024,11,1,random_forest,0,0.3056205319251631
83,2024,12,1,random_forest,1,0.7895325291125251
84,2023,11,1,random_forest,1,0.962909705991464
84,2023,12,1,random_forest,1,0.9635152637659258
84,2024,1,1,random_forest,1,0.8999889872225985
84,2024,2,1,random_forest,1,0.9878679094690801
84,2024,3,1,random_forest,1,0.984063055337953
84,2024,4,1,random_forest,1,0.9775961310581742
84,2024,5,1,random_forest,1,0.9624079663278072
84,2024,6,1,random_forest,1,0.9771382991972782
84,2024,7,1,random_forest,1,0.9743949481981474
84,2024,8,1,random_forest,1,0.9705143447344505
84,2024,9,1,random_forest,1,0.9908230628980014
84,2024,11,1,random_forest,1,0.8650387065269812
84,2024,12,1,random_forest,1,0.9491215016573896
85,2023,11,1,random_forest,1,0.7704972470692661
85,2023,12,1,random_forest,1,0.8038638019603684
85,2024,1,1,random_forest,1,0.6525971839589797
85,2024,2,1,random_forest,1,0.8252910264325912
85,2024,3,1,random_forest,1,0.829189608817154
85,2024,4,1,random_forest,1,0.7829359996301111
85,2024,5,1,random_forest,1,0.7559686030508226
85,2024,6,1,random_forest,1,0.7280324086981323
85,2024,7,1,random_forest,1,0.790346893855367
85,2024,8,1,random_forest,1,0.7763650125073875
85,2024,9,1,random_forest,1,0.8124363767081837
85,2024,11,1,random_forest,1,0.8478595042135595
85,2024,12,1,random_forest,1,0.8744385618712249
86,2023,11,1,random_forest,1,0.8625764616364067
86,2023,12,1,random_forest,1,0.8797103219531893
86,2024,1,1,random_forest,1,0.7591914628647077
86,2024,2,1,random_forest,1,0.8764102924924877
86,2024,3,1,random_forest,1,0.8823916937205714
86,2024,4,1,random_forest,1,0.8525770915919537
86,2024,5,1,random_forest,1,0.772644965727692
86,2024,6,1,random_forest,1,0.8828192980542893
86,2024,7,1,random_forest,1,0.9529092272853306
86,2024,8,1,random_forest,1,0.9677106158818753
86,2024,9,1,random_forest,1,0.8617918570432486
86,2024,11,1,random_forest,1,0.8946729041747508
86,2024,12,1,random_forest,1,0.8795072408114902
87,2023,11,1,random_forest,1,0.9908107133972953
87,2023,12,1,random_forest,1,0.9724030018197841
87,2024,1,1,random_forest,1,0.9525736649528069
87,2024,2,1,random_forest,1,0.9940459869748542
87,2024,3,1,random_forest,1,0.9882849779550477
87,2024,4,1,random_forest,1,0.9968912969861159
87,2024,5,1,random_forest,1,0.8922561448983318
87,2024,6,1,random_forest,1,0.9966666666666667
87,2024,7,1,random_forest,1,0.9811063866222346
87,2024,8,1,random_forest,1,0.9806536452399687
87,2024,9,1,random_forest,1,0.9969104865108928
87,2024,11,1,random_forest,1,0.9626174586179639
87,2024,12,1,random_forest,1,0.9969037137374421
88,2023,11,1,random_forest,1,0.9754357386924382
88,2023,12,1,random_forest,1,0.9444349165805221
88,2024,1,0,random_forest,1,0.9273177275163755
88,2024,2,0,random_forest,1,0.9770456051687444
88,2024,3,1,random_forest,1,0.9881971568532081
88,2024,4,1,random_forest,1,0.9812868289522598
88,2024,5,1,random_forest,1,0.8899050108365748
88,2024,6,1,random_forest,1,0.9449399923959099
88,2024,7,1,random_forest,1,0.919363331868659
88,2024,8,1,random_forest,1,0.9496793411747333
88,2024,9,0,random_forest,1,0.9808413293649342
88,2024,11,1,random_forest,1,0.9809780707825341
88,2024,12,1,random_forest,1,0.9346374868555433
89,2023,11,1,random_forest,1,0.9876800501585796
89,2023,12,1,random_forest,1,0.9780110917229147
89,2024,1,0,random_forest,1,0.9430632516146299
89,2024,2,0,random_forest,1,0.984598127154823
89,2024,3,1,random_forest,1,0.9935748839740571
89,2024,4,1,random_forest,1,0.9843561543791884
89,2024,5,1,random_forest,1,0.8642006752120269
89,2024,6,1,random_forest,1,0.9320956317706346
89,2024,7,1,random_forest,1,0.9444087949730999
89,2024,8,1,random_forest,1,0.9685683341391568
89,2024,9,0,random_forest,1,0.9569271062156216
89,2024,11,1,random_forest,1,0.9180114498888402
89,2024,12,1,random_forest,1,0.9333742593923317
90,2023,11,1,random_forest,1,0.8716838185437189
90,2023,12,1,random_forest,1,0.8914367302074174
90,2024,1,0,random_forest,1,0.844294712223784
90,2024,2,1,random_forest,1,0.8517272428607306
90,2024,3,1,random_forest,1,0.7265941241670808
90,2024,4,1,random_forest,1,0.7361742774681446
90,2024,5,1,random_forest,1,0.7678620263934244
90,2024,6,1,random_forest,1,0.9387123325244744
90,2024,7,1,random_forest,1,0.9132869173009802
90,2024,8,0,random_forest,1,0.9418176412127124
90,2024,9,1,random_forest,1,0.8371064951720981
90,2024,11,0,random_forest,1,0.8037185807546446
90,2024,12,1,random_forest,1,0.9328906121606233
91,2023,11,1,random_forest,1,0.8582381766272211
91,2023,12,1,random_forest,1,0.8949436011965249
91,2024,1,0,random_forest,1,0.8313163274197897
91,2024,2,1,random_forest,1,0.8424270271898368
91,2024,3,1,random_forest,1,0.7097607268801196
91,2024,4,1,random_forest,1,0.7082204735939366
91,2024,5,1,random_forest,1,0.7691087861211692
91,2024,6,1,random_forest,1,0.9227416207546503
91,2024,7,1,random_forest,1,0.9048338013397658
91,2024,8,0,random_forest,1,0.9220498214507145
91,2024,9,1,random_forest,1,0.799155633841405
91,2024,11,0,random_forest,1,0.7819079300451921
91,2024,12,1,random_forest,1,0.8968744907523074
92,2023,11,1,random_forest,1,0.8551861300569965
92,2023,12,1,random_forest,1,0.7702428130216653
92,2024,1,1,random_forest,1,0.8182503162239402
92,2024,2,1,random_forest,1,0.817617743231567
92,2024,3,1,random_forest,1,0.9110652617924423
92,2024,4,1,random_forest,1,0.9875155059967091
92,2024,5,1,random_forest,1,0.9260887408450962
92,2024,6,1,random_forest,1,0.9876572127523681
92,2024,7,1,random_forest,1,0.9706671181848966
92,2024,8,1,random_forest,1,0.9871317304436167
92,2024,9,1,random_forest,1,0.9853940638836862
92,2024,11,1,random_forest,1,0.91511021760554
92,2024,12,1,random_forest,1,0.8142927959261563
93,2023,11,1,random_forest,1,0.8702376795628007
93,2023,12,1,random_forest,1,0.7805521840816628
93,2024,1,1,random_forest,1,0.8075104908250481
93,2024,2,1,random_forest,1,0.9130473268190601
93,2024,3,1,random_forest,1,0.9220208999241379
93,2024,4,1,random_forest,1,0.95517428996325
93,2024,5,1,random_forest,1,0.9328499885250162
93,2024,6,1,random_forest,1,0.984639514407185
93,2024,7,1,random_forest,1,0.9672179297019328
93,2024,8,1,random_forest,1,0.9907969973670466
93,2024,9,1,random_forest,1,0.9824974394111124
93,2024,11,1,random_forest,1,0.9654913595960649
93,2024,12,1,random_forest,1,0.8463844190050787
94,2023,11,1,random_forest,1,0.7434535443144663
94,2023,12,1,random_forest,1,0.8098843960543799
94,2024,1,1,random_forest,1,0.7644447789815549
94,2024,2,1,random_forest,1,0.7951529783484536
94,2024,3,1,random_forest,1,0.7684207909857599
94,2024,4,1,random_forest,1,0.7277383169189108
94,2024,5,1,random_forest,1,0.8459095600723621
94,2024,6,1,random_forest,1,0.7473883761939965
94,2024,7,1,random_forest,1,0.9247862704687134
94,2024,8,1,random_forest,1,0.9432581103552269
94,2024,9,1,random_forest,1,0.9713840189040795
94,2024,11,1,random_forest,1,0.958209084047326
94,2024,12,1,random_forest,1,0.9827142660787157
95,2023,11,1,random_forest,1,0.9817839638413219
95,2023,12,1,random_forest,1,0.9538409482746111
95,2024,1,1,random_forest,1,0.9588293683449293
95,2024,2,1,random_forest,1,0.9717760622722961
95,2024,3,1,random_forest,1,0.987652946186142
95,2024,4,1,random_forest,1,0.9871768822666216
95,2024,5,1,random_forest,1,0.9353793219144366
95,2024,6,1,random_forest,1,0.98836769437155
95,2024,7,1,random_forest,1,0.9479105847487884
95,2024,8,1,random_forest,1,0.9710965460811425
95,2024,9,1,random_forest,1,0.9936105734535746
95,2024,11,1,random_forest,1,0.9715330652784502
95,2024,12,1,random_forest,1,0.958846621296662
96,2023,11,1,random_forest,1,0.9850724254838737
96,2023,12,1,random_forest,1,0.9819162451372099
96,2024,1,1,random_forest,1,0.9451025096919164
96,2024,2,1,random_forest,1,0.9879350510623813
96,2024,3,1,random_forest,1,0.9875306254694218
96,2024,4,1,random_forest,1,0.9969172592843436
96,2024,5,1,random_forest,1,0.9116476238028111
96,2024,6,1,random_forest,1,0.9740116402702936
96,2024,7,1,random_forest,1,0.9686384778358693
96,2024,8,1,random_forest,1,0.961831115230818
96,2024,9,1,random_forest,1,0.9933859431341254
96,2024,11,1,random_forest,1,0.8726320375841243
96,2024,12,1,random_forest,1,0.9129842339796894
97,2023,11,1,random_forest,1,0.9750985392645157
97,2023,12,1,random_forest,1,0.9754662476531915
97,2024,1,1,random_forest,1,0.9711386618388845
97,2024,2,1,random_forest,1,0.987557090945738
97,2024,3,1,random_forest,1,0.9879576500026349
97,2024,4,1,random_forest,1,0.9908944251992295
97,2024,5,1,random_forest,1,0.906983756765338
97,2024,6,1,random_forest,1,0.9936963277889366
97,2024,7,1,random_forest,1,0.956604304692281
97,2024,8,1,random_forest,1,0.9330216016487147
97,2024,9,1,random_forest,1,0.9968980697595665
97,2024,11,1,random_forest,1,0.9625894798860641
97,2024,12,1,random_forest,1,0.975178776331378
98,2023,11,1,random_forest,1,0.9814108782062567
98,2023,12,1,random_forest,1,0.9715663421694164
98,2024,1,1,random_forest,1,0.968420119120342
98,2024,2,1,random_forest,1,0.9814763488741147
98,2024,3,1,random_forest,1,0.9937581906573663
98,2024,4,1,random_forest,1,0.9875780237995232
98,2024,5,1,random_forest,1,0.9006560669777878
98,2024,6,1,random_forest,1,0.9936963277889366
98,2024,7,1,random_forest,1,0.941267017346021
98,2024,8,1,random_forest,1,0.9031052819208637
98,2024,9,1,random_forest,1,0.9968980697595665
98,2024,11,1,random_forest,1,0.9568217648080658
98,2024,12,1,random_forest,1,0.9784119594275542
99,2023,11,1,random_forest,1,0.8688185984631454
99,2023,12,1,random_forest,1,0.7527291916866858
99,2024,1,1,random_forest,1,0.8612672870718002
99,2024,2,1,random_forest,1,0.8216843044553891
99,2024,3,1,random_forest,1,0.8678702294200537
99,2024,4,1,random_forest,1,0.832055414511011
99,2024,5,1,random_forest,1,0.9071969774263412
99,2024,6,1,random_forest,1,0.8003920557139594
99,2024,7,1,random_forest,1,0.8741823736945914
99,2024,8,1,random_forest,1,0.8850524073354558
99,2024,9,1,random_forest,1,0.8244705359811548
99,2024,11,1,random_forest,1,0.8577242950860451
99,2024,12,1,random_forest,1,0.8740027676915344
100,2023,11,1,random_forest,1,0.9967895599250938
100,2023,12,1,random_forest,1,0.9934429287629708
100,2024,1,1,random_forest,1,0.9818699381394591
100,2024,2,1,random_forest,1,0.9902824566937574
100,2024,3,1,random_forest,1,1.0
100,2024,4,1,random_forest,1,0.9846480412805033
100,2024,5,1,random_forest,1,0.9672433804639083
100,2024,6,1,random_forest,1,0.993534258945705
100,2024,7,1,random_forest,1,0.9850494050222913
100,2024,8,1,random_forest,1,0.9939252046686412
100,2024,9,1,random_forest,1,1.0
100,2024,11,1,random_forest,1,0.9875259913685246
100,2024,12,1,random_forest,1,0.9877341034195596
101,2023,11,1,random_forest,1,0.9471107777937278
101,2023,12,1,random_forest,1,0.8893294566796803
101,2024,1,1,random_forest,1,0.8774283573781765
101,2024,2,1,random_forest,1,0.9520172189176177
101,2024,3,1,random_forest,1,0.9523921266294547
101,2024,4,1,random_forest,1,0.9436585801659874
101,2024,5,1,random_forest,1,0.9287138363342305
101,2024,6,1,random_forest,1,0.9848084517013344
101,2024,7,1,random_forest,1,0.9624278476959336
101,2024,8,1,random_forest,1,0.9713331055851512
101,2024,9,1,random_forest,1,0.9563845885595685
101,2024,11,1,random_forest,1,0.9477005713275508
101,2024,12,1,random_forest,1,0.9284101314373959
102,2023,11,1,random_forest,1,0.9159815162546203
102,2023,12,1,random_forest,1,0.879346750875873
102,2024,1,1,random_forest,1,0.8839900661192973
102,2024,2,1,random_forest,1,0.9421675816074192
102,2024,3,1,random_forest,1,0.9273089858773085
102,2024,4,1,random_forest,1,0.9337884455617976
102,2024,5,1,random_forest,1,0.9010218208970101
102,2024,6,1,random_forest,1,0.9378577771265296
102,2024,7,1,random_forest,1,0.9413782993880606
102,2024,8,1,random_forest,1,0.9648464324308115
102,2024,9,1,random_forest,1,0.9435084441228906
102,2024,11,1,random_forest,1,0.9412688371492605
102,2024,12,1,random_forest,1,0.9253217812501097
103,2023,11,1,random_forest,1,0.8321619164576486
103,2023,12,1,random_forest,1,0.7304355482215454
103,2024,1,1,random_forest,1,0.7427346962786439
103,2024,2,1,random_forest,1,0.8667235328686331
103,2024,3,0,random_forest,1,0.7081194064485217
103,2024,4,1,random_forest,1,0.6839078725733767
103,2024,5,0,random_forest,1,0.8117347010835888
103,2024,6,1,random_forest,1,0.8776026258208746
103,2024,7,1,random_forest,1,0.9228061019773582
103,2024,8,1,random_forest,1,0.9597303113647369
103,2024,9,0,random_forest,1,0.8784344752690839
103,2024,11,1,random_forest,1,0.7547099016513779
103,2024,12,1,random_forest,1,0.8269030317880155
104,2023,11,1,random_forest,1,0.8399466908927419
104,2023,12,1,random_forest,1,0.8132782256621606
104,2024,1,1,random_forest,1,0.719103911574143
104,2024,2,1,random_forest,1,0.9059153204942683
104,2024,3,0,random_forest,1,0.7506161050688058
104,2024,4,1,random_forest,1,0.7517653574957355
104,2024,5,0,random_forest,1,0.8336437466960072
104,2024,6,1,random_forest,1,0.8969776365826848
104,2024,7,1,random_forest,1,0.8794804381879472
104,2024,8,1,random_forest,1,0.9563604921389922
104,2024,9,0,random_forest,1,0.8927411305695901
104,2024,11,1,random_forest,1,0.7602506915594152
104,2024,12,1,random_forest,1,0.7702631141966585
105,2023,11,1,random_forest,1,0.7965475477414093
105,2023,12,0,random_forest,1,0.841645255251718
105,2024,1,1,random_forest,1,0.8777471062946961
105,2024,2,1,random_forest,1,0.8215623606948416
105,2024,3,1,random_forest,1,0.8486787184569135
105,2024,4,1,random_forest,1,0.8259991555504749
105,2024,5,1,random_forest,1,0.894602403754169
105,2024,6,1,random_forest,1,0.8862055467664169
105,2024,7,1,random_forest,1,0.9206148185603599
105,2024,8,0,random_forest,1,0.921501019074308
105,2024,9,1,random_forest,1,0.8287641518042705
105,2024,11,1,random_forest,1,0.8434242226810613
105,2024,12,0,random_forest,1,0.9137417797813236
106,2023,11,1,random_forest,1,0.577863982003802
106,2023,12,0,random_forest,1,0.7047041086976898
106,2024,1,1,random_forest,1,0.7663811347886654
106,2024,2,1,random_forest,1,0.7318531868300664
106,2024,3,1,random_forest,1,0.6739500715218057
106,2024,4,1,random_forest,1,0.6818071583372792
106,2024,5,1,random_forest,1,0.7274353755711541
106,2024,6,1,random_forest,1,0.8141656961961034
106,2024,7,1,random_forest,1,0.8590519538941516
106,2024,8,0,random_forest,1,0.8685563017145036
106,2024,9,1,random_forest,1,0.7300160212536754
106,2024,11,1,random_forest,1,0.587021644044838
106,2024,12,0,random_forest,1,0.7855090635996429
107,2023,11,1,random_forest,1,1.0
107,2023,12,1,random_forest,1,0.9657634969417376
107,2024,1,1,random_forest,1,0.9877341034195596
107,2024,2,1,random_forest,1,0.9966666666666667
107,2024,3,1,random_forest,1,0.9968198614318707
107,2024,4,1,random_forest,1,1.0
107,2024,5,1,random_forest,1,0.966429507055554
107,2024,6,1,random_forest,1,0.9880371260644946
107,2024,7,1,random_forest,1,0.9821095868507487
107,2024,8,1,random_forest,1,0.9844073370260708
107,2024,9,1,random_forest,1,1.0
107,2024,11,1,random_forest,1,0.9754044382132975
107,2024,12,1,random_forest,1,0.9813741734969574
108,2023,11,1,random_forest,1,0.9971132174828858
108,2023,12,1,random_forest,1,0.9846706186218396
108,2024,1,1,random_forest,1,0.953350704299395
108,2024,2,1,random_forest,1,0.987273187660697
108,2024,3,1,random_forest,1,1.0
108,2024,4,1,random_forest,1,1.0
108,2024,5,1,random_forest,1,0.9760930434390338
108,2024,6,1,random_forest,1,0.9855328535637186
108,2024,7,1,random_forest,1,0.9782606592866075
108,2024,8,1,random_forest,1,0.9749699664646427
108,2024,9,1,random_forest,1,1.0
108,2024,11,1,random_forest,1,0.9719305745733086
108,2024,12,1,random_forest,1,0.9852567194800826
109,2023,11,1,random_forest,1,0.9907949102592435
109,2023,12,1,random_forest,1,0.9933333333333333
109,2024,1,1,random_forest,1,0.9653571917321869
109,2024,2,1,random_forest,1,0.9877968141279961
109,2024,3,1,random_forest,1,0.9968198614318707
109,2024,4,1,random_forest,1,0.9971151821436092
109,2024,5,1,random_forest,1,0.9697723842133125
109,2024,6,1,random_forest,1,0.9777073765153173
109,2024,7,0,random_forest,1,0.9913356210680981
109,2024,8,1,random_forest,1,0.9939252046686412
109,2024,9,1,random_forest,1,0.9966666666666667
109,2024,11,1,random_forest,1,0.9876609788453946
109,2024,12,1,random_forest,1,0.9968198614318707
110,2023,11,1,random_forest,1,0.9908323375501857
110,2023,12,1,random_forest,1,0.9456058575556665
110,2024,1,1,random_forest,1,0.9753452724730571
110,2024,2,1,random_forest,1,0.9966666666666667
110,2024,3,1,random_forest,1,1.0
110,2024,4,1,random_forest,1,0.9968901681905408
110,2024,5,1,random_forest,1,0.9305199389614339
110,2024,6,1,random_forest,1,0.9786113498200931
110,2024,7,1,random_forest,1,0.9881739111742273
110,2024,8,1,random_forest,1,0.9783084305680125
110,2024,9,1,random_forest,1,1.0
110,2024,11,1,random_forest,1,0.9809901241622367
110,2024,12,1,random_forest,1,0.9855365204975084
111,2023,11,1,random_forest,1,0.981569057813404
111,2023,12,1,random_forest,1,0.9793601905771205
111,2024,1,1,random_forest,1,0.9518387024545433
111,2024,2,1,random_forest,1,0.9749562138075237
111,2024,3,1,random_forest,1,0.9813089784715998
111,2024,4,1,random_forest,1,0.9706784061406479
111,2024,5,1,random_forest,1,0.9416680554867747
111,2024,6,1,random_forest,1,0.9873055649621852
111,2024,7,1,random_forest,1,0.9693109524694102
111,2024,8,1,random_forest,1,0.9679705591770503
111,2024,9,1,random_forest,1,0.9934641327937122
111,2024,11,1,random_forest,1,0.9684108350930599
111,2024,12,1,random_forest,1,0.9796998042252338
112,2023,11,1,random_forest,1,0.9939756499795628
112,2023,12,1,random_forest,1,0.9905693379687407
112,2024,1,1,random_forest,1,0.9662725820946595
112,2024,2,1,random_forest,1,0.9908596376275574
112,2024,3,1,random_forest,1,0.9910306098763506
112,2024,4,1,random_forest,1,0.9971092844346084
112,2024,5,1,random_forest,1,0.9208616273426437
112,2024,6,1,random_forest,1,0.9370940115139603
112,2024,7,1,random_forest,1,0.9756583436747553
112,2024,8,1,random_forest,1,0.9592636196208592
112,2024,9,1,random_forest,1,0.9842219961966443
112,2024,11,1,random_forest,1,0.9734027486182287
112,2024,12,1,random_forest,1,0.9939890285356664
113,2023,11,1,random_forest,1,0.9312807249718617
113,2023,12,1,random_forest,1,0.9520384814114174
113,2024,1,0,random_forest,1,0.9566750797654828
113,2024,2,1,random_forest,1,0.9519291540293376
113,2024,3,1,random_forest,1,0.9648741712573593
113,2024,4,1,random_forest,1,0.8993418152657437
113,2024,5,1,random_forest,1,0.9230849105115487
113,2024,6,1,random_forest,1,0.8937717580410909
113,2024,7,1,random_forest,1,0.9304818985203341
113,2024,8,1,random_forest,1,0.8639048171652708
113,2024,9,1,random_forest,1,0.9748487160418384
113,2024,11,1,random_forest,1,0.9197469190672909
113,2024,12,1,random_forest,1,0.9474795891044626
114,2023,11,1,random_forest,1,0.9286057298419741
114,2023,12,1,random_forest,1,0.8671663942826932
114,2024,1,0,random_forest,1,0.9308547344194626
114,2024,2,1,random_forest,1,0.9369008186529887
114,2024,3,1,random_forest,1,0.9266083571862422
114,2024,4,1,random_forest,1,0.9126787206265389
114,2024,5,1,random_forest,1,0.9677939233379955
114,2024,6,1,random_forest,1,0.9261931493224912
114,2024,7,1,random_forest,1,0.967793233840558
114,2024,8,1,random_forest,1,0.9571294007675878
114,2024,9,1,random_forest,1,0.91876449442733
114,2024,11,1,random_forest,1,0.8925518250554886
114,2024,12,1,random_forest,1,0.9046340859707204
115,2023,11,1,random_forest,1,0.9425877304578892
115,2023,12,1,random_forest,1,0.9910515471272383
115,2024,1,1,random_forest,1,0.9673583044226761
115,2024,2,1,random_forest,1,0.9914078757232964
115,2024,3,1,random_forest,1,0.9942584332623047
115,2024,4,1,random_forest,1,1.0
115,2024,5,1,random_forest,1,0.956611635291903
115,2024,6,1,random_forest,1,0.9969703934767142
115,2024,7,1,random_forest,1,0.9916868685914032
115,2024,8,1,random_forest,1,0.9968879105993903
115,2024,9,1,random_forest,1,0.9968675922790383
115,2024,11,1,random_forest,1,0.9904831245061518
115,2024,12,1,random_forest,1,0.9787136816544993
116,2023,11,1,random_forest,1,0.949307251532743
116,2023,12,1,random_forest,1,0.8974333354966663
116,2024,1,1,random_forest,1,0.9251252032256627
116,2024,2,1,random_forest,1,0.9464326910597005
116,2024,3,1,random_forest,1,0.9770875634517767
116,2024,4,1,random_forest,1,0.9744466906760677
116,2024,5,1,random_forest,1,0.9216604076053875
116,2024,6,1,random_forest,1,0.9613318359995954
116,2024,7,1,random_forest,1,0.7927343558131908
116,2024,8,1,random_forest,1,0.7773827687174683
116,2024,9,1,random_forest,1,0.9683823870602233
116,2024,11,1,random_forest,1,0.9532108422464712
116,2024,12,1,random_forest,1,0.9113738654266388
117,2023,11,1,random_forest,1,0.9522702660571042
117,2023,12,1,random_forest,1,0.9371651212676627
117,2024,1,1,random_forest,1,0.9467999430085282
117,2024,2,1,random_forest,1,0.9748546089309993
117,2024,3,1,random_forest,1,0.9902381758663507
117,2024,4,1,random_forest,1,0.9814131291945045
117,2024,5,1,random_forest,1,0.9276633424738827
117,2024,6,1,random_forest,1,0.9912742318649297
117,2024,7,1,random_forest,1,0.8908498940082019
117,2024,8,1,random_forest,1,0.9018111812177108
117,2024,9,1,random_forest,1,0.9910174732477568
117,2024,11,1,random_forest,1,0.9656226388309291
117,2024,12,1,random_forest,1,0.9537635636680413
118,2023,11,1,random_forest,1,0.990853401418777
118,2023,12,1,random_forest,1,0.990251721413252
118,2024,1,1,random_forest,1,0.9969183880799187
118,2024,2,1,random_forest,1,0.9966666666666667
118,2024,3,1,random_forest,1,1.0
118,2024,4,1,random_forest,1,0.9971112515802781
118,2024,5,1,random_forest,1,0.9839418668294987
118,2024,6,1,random_forest,1,0.9846308650536545
118,2024,7,1,random_forest,1,0.9681083091648442
118,2024,8,1,random_forest,1,0.938285514417517
118,2024,9,1,random_forest,1,1.0
118,2024,11,1,random_forest,1,0.9906689668939034
118,2024,12,1,random_forest,1,0.9937679196297552
119,2023,11,1,random_forest,1,0.8992300447064279
119,2023,12,1,random_forest,1,0.9029289999809561
119,2024,1,1,random_forest,1,0.9378406454577559
119,2024,2,1,random_forest,1,0.9068632311470965
119,2024,3,1,random_forest,1,0.9495271141766812
119,2024,4,1,random_forest,1,0.9250222939842024
119,2024,5,1,random_forest,1,0.9594459219989981
119,2024,6,1,random_forest,1,0.9599444425968001
119,2024,7,1,random_forest,1,0.9667824541947958
119,2024,8,1,random_forest,1,0.9704509921304812
119,2024,9,1,random_forest,1,0.9322840400694415
119,2024,11,1,random_forest,1,0.9312282191778672
119,2024,12,1,random_forest,1,0.9313780170993544
120,2023,11,1,random_forest,1,0.9335604382098177
120,2023,12,1,random_forest,1,0.939920767175203
120,2024,1,1,random_forest,1,0.9362796641949264
120,2024,2,1,random_forest,1,0.9372998985849296
120,2024,3,1,random_forest,1,0.9235357799040503
120,2024,4,1,random_forest,1,0.8826340708108829
120,2024,5,1,random_forest,1,0.9097920159827849
120,2024,6,1,random_forest,1,0.911366216856664
120,2024,7,1,random_forest,1,0.9213201003650541
120,2024,8,1,random_forest,1,0.9447399022881016
120,2024,9,1,random_forest,1,0.9437702957341004
120,2024,11,1,random_forest,1,0.9404081564958705
120,2024,12,1,random_forest,1,0.9503498995321535
121,2023,11,1,random_forest,1,0.946489452875511
121,2023,12,1,random_forest,1,0.9462994797006538
121,2024,1,1,random_forest,1,0.920901184035403
121,2024,2,1,random_forest,1,0.9306090173074227
121,2024,3,1,random_forest,1,0.9719756168102233
121,2024,4,1,random_forest,1,0.9531637488051763
121,2024,5,1,random_forest,1,0.9569553911556574
121,2024,6,1,random_forest,1,0.9840566870858428
121,2024,7,1,random_forest,1,0.9435297829631465
121,2024,8,1,random_forest,1,0.9215020995381585
121,2024,9,1,random_forest,1,0.9840456033412348
121,2024,11,1,random_forest,1,0.9493396970206527
121,2024,12,1,random_forest,1,0.9393554213368668
122,2023,11,1,random_forest,1,0.990853401418777
122,2023,12,1,random_forest,1,0.9842973247544868
122,2024,1,1,random_forest,1,0.9940240482386185
122,2024,2,1,random_forest,1,0.9877665611846173
122,2024,3,1,random_forest,1,1.0
122,2024,4,1,random_forest,1,0.9968856530082402
122,2024,5,1,random_forest,1,0.9719661686208235
122,2024,6,1,random_forest,1,0.9757441269672992
122,2024,7,1,random_forest,1,0.9720195616680836
122,2024,8,1,random_forest,1,0.8912450333250829
122,2024,9,1,random_forest,1,0.8706228809190212
122,2024,11,1,random_forest,1,0.9042673505778178
122,2024,12,1,random_forest,1,0.914597233382997
123,2024,11,1,random_forest,1,0.9230430272746151
123,2024,12,1,random_forest,1,0.9246283379827158
124,2023,11,1,random_forest,1,0.9100845628338587
124,2023,12,1,random_forest,1,0.9078887584183523
124,2024,1,1,random_forest,1,0.9257601114745388
124,2024,2,1,random_forest,1,0.8864935291037106
124,2024,3,1,random_forest,1,0.938657747975518
124,2024,4,1,random_forest,1,0.9167111056220785
124,2024,5,1,random_forest,1,0.9232423936974493
124,2024,6,1,random_forest,1,0.9258616022661073
124,2024,7,1,random_forest,1,0.9515754119267104
124,2024,8,1,random_forest,1,0.9281334354694059
124,2024,11,1,random_forest,1,0.9230430272746151
124,2024,12,1,random_forest,1,0.9246283379827158
125,2023,11,1,random_forest,1,0.9844102362759845
125,2023,12,1,random_forest,1,0.981140234513989
125,2024,1,1,random_forest,1,0.9935974714979117
125,2024,2,1,random_forest,1,0.9815267302284629
125,2024,3,1,random_forest,1,1.0
125,2024,4,1,random_forest,1,0.9939969045885183
125,2024,5,1,random_forest,1,0.969991252548345
125,2024,6,1,random_forest,1,0.9968980697595665
125,2024,7,1,random_forest,1,0.9478503407645085
125,2024,8,1,random_forest,1,0.929439968272529
125,2024,9,1,random_forest,1,0.9606177193560692
125,2024,11,1,random_forest,1,0.9265535960336639
125,2024,12,1,random_forest,1,0.9444267702486997
126,2023,11,1,random_forest,1,0.9602222352487549
126,2023,12,1,random_forest,1,0.9455429166438114
126,2024,1,1,random_forest,1,0.9415376166997809
126,2024,2,1,random_forest,1,0.9355563768773656
126,2024,3,1,random_forest,1,0.9879110294197673
126,2024,4,1,random_forest,1,0.9649875392079786
126,2024,5,1,random_forest,1,0.9518478251154463
126,2024,6,1,random_forest,1,0.9775651009351198
126,2024,7,1,random_forest,1,0.9440628769207836
126,2024,8,1,random_forest,1,0.9341746994690568
126,2024,9,1,random_forest,1,1.0
126,2024,11,1,random_forest,1,0.9594804387214022
126,2024,12,1,random_forest,1,0.9540130605213984
127,2023,11,1,random_forest,1,0.9935726379952591
127,2023,12,1,random_forest,1,0.9750466104490076
127,2024,1,1,random_forest,1,0.9698624051803908
127,2024,2,1,random_forest,1,0.9902393046619257
127,2024,3,1,random_forest,1,0.9872601833387475
127,2024,4,1,random_forest,1,0.993759414713805
127,2024,5,1,random_forest,1,0.9629895524276443
127,2024,6,1,random_forest,1,0.9711275327019515
127,2024,7,1,random_forest,1,0.9497354010950143
127,2024,8,1,random_forest,1,0.9312692813868771
127,2024,9,1,random_forest,1,0.9751226158699948
127,2024,11,1,random_forest,1,0.9814229099428636
127,2024,12,1,random_forest,1,0.9874375574092881
128,2023,11,1,random_forest,1,0.9788444300815025
128,2023,12,1,random_forest,1,0.978810928510051
128,2024,1,1,random_forest,1,0.9677970212251504
128,2024,2,1,random_forest,1,0.9908963044271734
128,2024,3,1,random_forest,1,0.990791394452935
128,2024,4,1,random_forest,1,0.9945899185747874
128,2024,5,1,random_forest,1,0.9632376175608328
128,2024,6,1,random_forest,1,0.9803189714281735
128,2024,7,1,random_forest,1,0.9500294271604993
128,2024,8,1,random_forest,1,0.949846850675556
128,2024,9,1,random_forest,1,1.0
128,2024,11,1,random_forest,1,0.9623334886957294
128,2024,12,1,random_forest,1,0.9721379964817007
129,2023,11,1,random_forest,1,0.9722346509341812
129,2023,12,1,random_forest,1,0.9726643240344865
129,2024,1,1,random_forest,1,0.9805527139717918
129,2024,2,1,random_forest,1,0.9966666666666667
129,2024,3,1,random_forest,1,0.9939113854225703
129,2024,4,1,random_forest,1,0.9945899185747874
129,2024,5,1,random_forest,1,0.9320233445761803
129,2024,6,1,random_forest,1,0.9836523047615068
129,2024,7,1,random_forest,1,0.9470285932481399
129,2024,8,1,random_forest,1,0.9202951353691285
129,2024,9,1,random_forest,1,1.0
129,2024,11,1,random_forest,1,0.9622021722832602
129,2024,12,1,random_forest,1,0.9788075421233257
131,2023,11,1,random_forest,1,0.927402980950881
131,2023,12,0,random_forest,1,0.9663129008071785
131,2024,1,1,random_forest,1,0.9725455859759897
131,2024,2,0,random_forest,1,0.9369180921277085
131,2024,3,1,random_forest,1,0.8408532692152755
131,2024,4,0,random_forest,1,0.7639892988523852
131,2024,5,1,random_forest,1,0.7306502415929479
131,2024,6,1,random_forest,1,0.7517243068042835
131,2024,7,0,random_forest,1,0.7365469121351165
131,2024,8,0,random_forest,1,0.8925069037728061
131,2024,9,0,random_forest,1,0.75682708194345
131,2024,11,1,random_forest,1,0.8797656815665789
131,2024,12,0,random_forest,1,0.9727148731783247
132,2023,11,1,random_forest,1,0.9399523283208703
132,2023,12,1,random_forest,1,0.9042263744863993
132,2024,1,1,random_forest,1,0.8884628368898171
132,2024,2,1,random_forest,1,0.9466686057581137
132,2024,3,1,random_forest,1,0.9523313407528459
132,2024,4,1,random_forest,1,0.8807591948465576
132,2024,5,1,random_forest,1,0.9266269092946715
132,2024,6,0,random_forest,1,0.9194423537416594
132,2024,7,1,random_forest,1,0.9102630829814476
132,2024,8,0,random_forest,1,0.9238229414788713
132,2024,9,1,random_forest,1,0.9276562747756363
132,2024,11,1,random_forest,1,0.9136655379963984
132,2024,12,1,random_forest,1,0.9223938912115824
133,2023,11,1,random_forest,1,0.9067056830068229
133,2023,12,1,random_forest,1,0.9039759449913211
133,2024,1,1,random_forest,1,0.9010255635806118
133,2024,2,1,random_forest,1,0.9027506776871932
133,2024,3,1,random_forest,1,0.9328739145119239
133,2024,4,1,random_forest,1,0.9011184028296045
133,2024,5,1,random_forest,1,0.891177220448268
133,2024,6,0,random_forest,1,0.8929175315578982
133,2024,7,1,random_forest,1,0.8859975827886933
133,2024,8,0,random_forest,1,0.8967575138934156
133,2024,9,1,random_forest,1,0.9282938402101115
133,2024,11,1,random_forest,1,0.8973819837460654
133,2024,12,1,random_forest,1,0.9015017687444682
134,2023,11,1,random_forest,1,0.9603582379351212
134,2023,12,1,random_forest,1,0.9427300232231485
134,2024,1,1,random_forest,1,0.9553935803786863
134,2024,2,1,random_forest,1,0.9659042876533175
134,2024,3,1,random_forest,1,0.948408999498804
134,2024,4,1,random_forest,1,0.9734714383319009
134,2024,5,1,random_forest,1,0.9024241731652106
134,2024,6,1,random_forest,1,0.9330953688723118
134,2024,7,1,random_forest,1,0.7461062119046793
134,2024,8,1,random_forest,1,0.7925367958648543
134,2024,9,1,random_forest,1,0.9554728856489786
134,2024,11,1,random_forest,1,0.9481820779457242
134,2024,12,1,random_forest,1,0.9720543097726566
135,2023,11,1,random_forest,1,0.9477835108473746
135,2023,12,1,random_forest,1,0.9385132539054912
135,2024,1,1,random_forest,1,0.9032751088903389
135,2024,2,1,random_forest,1,0.947998840581785
135,2024,3,1,random_forest,1,0.932680412683355
135,2024,4,1,random_forest,1,0.9477013333861758
135,2024,5,1,random_forest,1,0.8184725131398126
135,2024,6,1,random_forest,1,0.8983175871192914
135,2024,7,1,random_forest,1,0.7756456104624594
135,2024,8,1,random_forest,1,0.7116766483044482
135,2024,9,1,random_forest,1,0.9273550183666155
135,2024,11,1,random_forest,1,0.9198327981269528
135,2024,12,1,random_forest,1,0.9139754873168422
136,2023,11,1,random_forest,1,0.9595143056995706
136,2023,12,1,random_forest,1,0.9293145039352955
136,2024,1,1,random_forest,1,0.9115094763219574
136,2024,2,1,random_forest,1,0.959455656759482
136,2024,3,1,random_forest,1,0.9727385317975834
136,2024,4,1,random_forest,1,0.9114697188045727
136,2024,5,1,random_forest,1,0.8974826802708922
136,2024,6,1,random_forest,1,0.89429527975129
136,2024,7,1,random_forest,1,0.8964650314042242
136,2024,8,1,random_forest,1,0.8557336381134208
136,2024,9,1,random_forest,1,0.9218517135939215
136,2024,11,1,random_forest,1,0.9533472886022893
136,2024,12,1,random_forest,1,0.9541553419454573
137,2023,11,1,random_forest,1,0.960624564751068
137,2023,12,1,random_forest,1,0.9687337106991287
137,2024,1,1,random_forest,1,0.9323064285889758
137,2024,2,1,random_forest,1,0.9471095725369824
137,2024,3,1,random_forest,1,0.991053363088789
137,2024,4,1,random_forest,1,0.9856139315796156
137,2024,5,1,random_forest,1,0.934848059489495
137,2024,6,1,random_forest,1,0.9509549622864487
137,2024,7,1,random_forest,1,0.9783018231855779
137,2024,8,1,random_forest,1,0.9743689650409021
137,2024,9,1,random_forest,1,0.9939952377281418
137,2024,11,1,random_forest,1,0.9472109534010126
137,2024,12,1,random_forest,1,0.9535441581721433
138,2023,11,1,random_forest,1,0.9565595767809333
138,2023,12,1,random_forest,1,0.9444505883634982
138,2024,1,1,random_forest,1,0.9413459220806476
138,2024,2,1,random_forest,1,0.9687587704202942
138,2024,3,1,random_forest,1,0.9940076544794682
138,2024,4,1,random_forest,1,0.9846531815840274
138,2024,5,1,random_forest,1,0.9227864828396235
138,2024,6,1,random_forest,1,0.9667236602589567
138,2024,7,1,random_forest,1,0.9593915967383574
138,2024,8,1,random_forest,1,0.9775860668457031
138,2024,9,1,random_forest,1,0.9936524206712265
138,2024,11,1,random_forest,1,0.9720810042371124
138,2024,12,1,random_forest,1,0.9717915226976328
139,2023,11,1,random_forest,1,0.9138828958687194
139,2023,12,1,random_forest,1,0.9247021023769636
139,2024,1,1,random_forest,1,0.8995871471790078
139,2024,2,1,random_forest,1,0.8824546132817289
139,2024,3,1,random_forest,1,0.9434972909330052
139,2024,4,1,random_forest,1,0.9603322693502125
139,2024,5,1,random_forest,1,0.8997738230589744
139,2024,6,0,random_forest,1,0.9518175005220636
139,2024,7,1,random_forest,1,0.9301846450357645
139,2024,8,1,random_forest,1,0.9555849229043745
139,2024,9,1,random_forest,1,0.9442352213146049
139,2024,11,1,random_forest,1,0.9304505422866822
139,2024,12,1,random_forest,1,0.9506981831796945
140,2023,11,1,random_forest,1,0.9820454610520702
140,2023,12,1,random_forest,1,0.9754835314984582
140,2024,1,1,random_forest,1,0.9759316530759482
140,2024,2,1,random_forest,1,0.9877663832016358
140,2024,3,1,random_forest,1,0.9970915239906996
140,2024,4,1,random_forest,1,0.9941790874424764
140,2024,5,1,random_forest,1,0.938399250368827
140,2024,6,1,random_forest,1,0.9851277297198919
140,2024,7,1,random_forest,1,0.9748371517989375
140,2024,8,1,random_forest,1,0.9743689650409021
140,2024,9,1,random_forest,1,1.0
140,2024,11,1,random_forest,1,0.9815012055229302
140,2024,12,1,random_forest,1,0.9877041385549781
142,2023,11,1,random_forest,1,0.9488432630324113
143,2023,12,1,random_forest,1,0.9813195900610333
143,2024,1,1,random_forest,1,0.9937938819279828
143,2024,2,1,random_forest,1,0.9842776944218992
143,2024,3,1,random_forest,1,0.9939952377281418
143,2024,4,1,random_forest,1,0.9970915239906996
143,2024,5,1,random_forest,1,0.9634414229095722
143,2024,6,1,random_forest,1,0.9791751124961123
143,2024,7,1,random_forest,1,0.9660716611047591
143,2024,8,1,random_forest,1,0.9816860834981815
143,2024,9,1,random_forest,1,0.9849556833579929
143,2024,11,1,random_forest,1,0.9567161391425665
143,2024,12,1,random_forest,1,0.9843887829767156
144,2024,1,1,random_forest,1,0.9032637616321999
