site_id,year,month,bike_crash_happened_1km,model,predicted_label,predicted_probability
1,2023,11,0,logistic_regression,1,0.5538219645583323
1,2023,12,0,logistic_regression,1,0.53529225039486
1,2024,1,0,logistic_regression,1,0.521713152872444
1,2024,2,0,logistic_regression,1,0.6080324985193198
1,2024,3,0,logistic_regression,1,0.5519861060514648
1,2024,4,0,logistic_regression,1,0.6124777835184075
1,2024,5,0,logistic_regression,1,0.6150166388129116
1,2024,6,1,logistic_regression,1,0.6561935742832637
1,2024,7,0,logistic_regression,1,0.6457523787258508
1,2024,8,0,logistic_regression,1,0.7382371386189391
1,2024,9,1,logistic_regression,1,0.7562353689516015
1,2024,11,0,logistic_regression,1,0.5220386077804757
1,2024,12,0,logistic_regression,0,0.44398082183726884
2,2023,11,1,logistic_regression,1,0.7387269741161175
2,2023,12,0,logistic_regression,1,0.668838656039476
2,2024,1,0,logistic_regression,1,0.6453629809199336
2,2024,2,0,logistic_regression,1,0.7241138418881274
2,2024,3,1,logistic_regression,1,0.7164378505616065
2,2024,4,0,logistic_regression,1,0.7143961950990321
2,2024,5,1,logistic_regression,1,0.7302947039194868
2,2024,6,0,logistic_regression,1,0.778720039140248
2,2024,7,0,logistic_regression,1,0.7082507676949883
2,2024,8,0,logistic_regression,1,0.8451620022196827
2,2024,9,0,logistic_regression,1,0.9069229480430984
2,2024,11,0,logistic_regression,1,0.7392382433450897
2,2024,12,0,logistic_regression,1,0.6307367389536619
3,2023,11,1,logistic_regression,1,0.5807162426665263
3,2023,12,0,logistic_regression,1,0.5741165482167151
3,2024,1,0,logistic_regression,1,0.5575329402061125
3,2024,2,0,logistic_regression,1,0.555306612216855
3,2024,3,0,logistic_regression,1,0.5520418987392213
3,2024,4,0,logistic_regression,1,0.5481778225569641
3,2024,5,0,logistic_regression,1,0.5473677815456596
3,2024,6,0,logistic_regression,1,0.5866476521844004
3,2024,7,0,logistic_regression,1,0.5973167673574524
3,2024,8,0,logistic_regression,1,0.6864728682436587
3,2024,9,0,logistic_regression,1,0.7203623996565345
3,2024,11,0,logistic_regression,1,0.5329103789637218
3,2024,12,0,logistic_regression,0,0.4908675124499028
4,2023,11,0,logistic_regression,0,0.3937182902947587
4,2023,12,0,logistic_regression,0,0.35744605145358455
4,2024,1,0,logistic_regression,0,0.3638841357308952
4,2024,2,0,logistic_regression,0,0.43503914057720555
4,2024,3,1,logistic_regression,0,0.358871877790283
4,2024,4,0,logistic_regression,0,0.39519412664278697
4,2024,5,0,logistic_regression,0,0.34693550146172936
4,2024,6,0,logistic_regression,0,0.432932651851477
4,2024,7,0,logistic_regression,0,0.4439651814498842
4,2024,8,0,logistic_regression,0,0.4855210439964273
4,2024,9,0,logistic_regression,1,0.5692253805915068
4,2024,11,0,logistic_regression,0,0.3749571497721679
4,2024,12,0,logistic_regression,0,0.2938490588902297
5,2023,11,0,logistic_regression,0,0.39394775533501303
5,2023,12,0,logistic_regression,0,0.36441471829037914
5,2024,1,0,logistic_regression,0,0.3587173167821168
5,2024,2,0,logistic_regression,0,0.43835289334963223
5,2024,3,1,logistic_regression,0,0.3757143540186924
5,2024,4,0,logistic_regression,0,0.4085538974093731
5,2024,5,0,logistic_regression,0,0.34598523755269245
5,2024,6,0,logistic_regression,0,0.44063742655069343
5,2024,7,0,logistic_regression,0,0.4550809160667705
5,2024,8,0,logistic_regression,1,0.5114714664619355
5,2024,9,0,logistic_regression,1,0.5832335558854007
5,2024,11,0,logistic_regression,0,0.37547835154523546
5,2024,12,0,logistic_regression,0,0.2976250594031123
6,2023,11,0,logistic_regression,0,0.43600751408520905
6,2023,12,0,logistic_regression,0,0.4361327184821103
6,2024,1,1,logistic_regression,0,0.43562392973375824
6,2024,2,1,logistic_regression,1,0.5241132944273948
6,2024,3,0,logistic_regression,0,0.4553828546022439
6,2024,4,1,logistic_regression,0,0.41699023787176026
6,2024,5,1,logistic_regression,0,0.46138818057161896
6,2024,6,1,logistic_regression,1,0.548300408852877
6,2024,7,1,logistic_regression,0,0.45489597027601036
6,2024,8,1,logistic_regression,1,0.5459622700942799
6,2024,9,0,logistic_regression,1,0.6445946458584706
6,2024,11,1,logistic_regression,0,0.42284170703448826
6,2024,12,1,logistic_regression,0,0.3323782061338645
7,2023,11,0,logistic_regression,0,0.4456883728961273
7,2023,12,0,logistic_regression,0,0.4771185739626281
7,2024,1,1,logistic_regression,0,0.4516529231200266
7,2024,2,1,logistic_regression,1,0.8899393662319014
7,2024,3,0,logistic_regression,0,0.4465868862251664
7,2024,4,1,logistic_regression,0,0.43455630169996196
7,2024,5,1,logistic_regression,0,0.4674969673513122
7,2024,6,1,logistic_regression,1,0.5346711183542731
7,2024,7,1,logistic_regression,1,0.5099139137224704
7,2024,8,1,logistic_regression,1,0.5715904208206061
7,2024,9,0,logistic_regression,1,0.6195116105487771
7,2024,11,1,logistic_regression,0,0.43268219435026595
7,2024,12,1,logistic_regression,0,0.3762444629915419
8,2023,11,1,logistic_regression,0,0.4006302895510795
8,2023,12,1,logistic_regression,0,0.3900914820788919
8,2024,1,0,logistic_regression,0,0.38447360617433296
8,2024,2,1,logistic_regression,0,0.44336182528714185
8,2024,3,0,logistic_regression,0,0.3754063626215261
8,2024,4,0,logistic_regression,0,0.40560215374593916
8,2024,5,0,logistic_regression,0,0.37946224662913003
8,2024,6,0,logistic_regression,0,0.42752663334258717
8,2024,7,0,logistic_regression,0,0.4540374703161707
8,2024,8,0,logistic_regression,1,0.5386555927165572
8,2024,9,0,logistic_regression,1,0.5690267395280105
8,2024,11,0,logistic_regression,0,0.37188283308796194
8,2024,12,0,logistic_regression,0,0.3241617376642079
9,2023,11,1,logistic_regression,0,0.42359629944005556
9,2023,12,0,logistic_regression,0,0.4011991151727786
9,2024,1,0,logistic_regression,0,0.40301338841686013
9,2024,2,1,logistic_regression,0,0.4749196637466556
9,2024,3,0,logistic_regression,0,0.4434311716493183
9,2024,4,0,logistic_regression,0,0.4337255046974331
9,2024,5,0,logistic_regression,0,0.44018849613528466
9,2024,6,0,logistic_regression,1,0.5477339394750984
9,2024,7,0,logistic_regression,0,0.46302553209805347
9,2024,8,1,logistic_regression,1,0.558623920624893
9,2024,9,0,logistic_regression,1,0.6717021505922525
9,2024,11,0,logistic_regression,0,0.4060433403389544
9,2024,12,0,logistic_regression,0,0.327540303715631
10,2023,11,1,logistic_regression,0,0.3887924912159975
10,2023,12,0,logistic_regression,0,0.4005412685104461
10,2024,1,0,logistic_regression,0,0.37755487351838596
10,2024,2,0,logistic_regression,0,0.4015412078185931
10,2024,3,1,logistic_regression,0,0.4064995702163775
10,2024,4,0,logistic_regression,0,0.4274442359830548
10,2024,5,0,logistic_regression,0,0.4838074165201475
10,2024,6,0,logistic_regression,1,0.5099861765818479
10,2024,7,1,logistic_regression,1,0.5191832683989338
10,2024,8,0,logistic_regression,1,0.6209689062363384
10,2024,9,0,logistic_regression,1,0.6630351173822429
10,2024,11,0,logistic_regression,0,0.4030034235234995
10,2024,12,0,logistic_regression,0,0.34883826579744137
11,2023,11,1,logistic_regression,0,0.41963962330393695
11,2023,12,0,logistic_regression,0,0.44507282181347085
11,2024,1,0,logistic_regression,0,0.4082395093477379
11,2024,2,0,logistic_regression,0,0.42838905773334174
11,2024,3,1,logistic_regression,0,0.4362725652825019
11,2024,4,0,logistic_regression,0,0.4705710816450046
11,2024,5,0,logistic_regression,1,0.5424800560931314
11,2024,6,0,logistic_regression,1,0.5713111397451899
11,2024,7,1,logistic_regression,1,0.5817457279466761
11,2024,8,0,logistic_regression,1,0.6576701761755339
11,2024,9,0,logistic_regression,1,0.7172556264726008
11,2024,11,0,logistic_regression,0,0.45239772545371626
11,2024,12,0,logistic_regression,0,0.388725974455498
12,2024,8,0,logistic_regression,1,0.9836029848367004
12,2024,9,1,logistic_regression,1,0.9833988423361316
12,2024,11,1,logistic_regression,1,0.9644424151687238
12,2024,12,1,logistic_regression,1,0.9698579772395042
13,2023,11,1,logistic_regression,1,0.6784453517939112
13,2023,12,1,logistic_regression,1,0.6535879020362152
13,2024,1,0,logistic_regression,1,0.6426823817246595
13,2024,2,1,logistic_regression,1,0.749052698857953
13,2024,3,1,logistic_regression,1,0.7390437754183217
13,2024,4,1,logistic_regression,1,0.7166764844599821
13,2024,5,1,logistic_regression,1,0.751581428962522
13,2024,6,1,logistic_regression,1,0.7905307019824084
13,2024,7,0,logistic_regression,1,0.755989527595246
13,2024,8,1,logistic_regression,1,0.8202791423723014
13,2024,9,1,logistic_regression,1,0.8667189238617367
13,2024,11,1,logistic_regression,1,0.7186964714885187
13,2024,12,0,logistic_regression,1,0.5850520449440482
14,2023,11,0,logistic_regression,0,0.3702088010981237
14,2023,12,1,logistic_regression,0,0.30347160213900926
14,2024,1,1,logistic_regression,0,0.32130698618490916
14,2024,2,0,logistic_regression,0,0.43936382998455126
14,2024,3,0,logistic_regression,0,0.35378153921279554
14,2024,4,1,logistic_regression,0,0.39745151937625645
14,2024,5,1,logistic_regression,0,0.3613987674292614
14,2024,6,1,logistic_regression,0,0.4570111352723137
14,2024,7,0,logistic_regression,0,0.4915785403992428
14,2024,8,1,logistic_regression,1,0.5448235229079985
14,2024,9,1,logistic_regression,1,0.5470663442555099
14,2024,11,1,logistic_regression,0,0.357438104138481
14,2024,12,0,logistic_regression,0,0.27686019077236784
15,2023,11,1,logistic_regression,0,0.48194640225346647
15,2023,12,0,logistic_regression,1,0.5400514738671607
15,2024,1,1,logistic_regression,1,0.5084395493211442
15,2024,2,1,logistic_regression,1,0.5849832588816821
15,2024,3,1,logistic_regression,1,0.5181425225819082
15,2024,4,1,logistic_regression,0,0.4960075121822521
15,2024,5,0,logistic_regression,1,0.6692602171556984
15,2024,6,1,logistic_regression,1,0.7147566890594854
15,2024,7,0,logistic_regression,1,0.6927343391307461
15,2024,8,1,logistic_regression,1,0.8013691059080599
15,2024,9,1,logistic_regression,1,0.7325692218857403
15,2024,11,1,logistic_regression,0,0.48919379255712947
15,2024,12,1,logistic_regression,0,0.4666497623148039
16,2023,11,1,logistic_regression,1,0.5417440266600211
16,2023,12,1,logistic_regression,1,0.593902727320527
16,2024,1,1,logistic_regression,1,0.5628185949188702
16,2024,2,1,logistic_regression,1,0.6088275990529678
16,2024,3,1,logistic_regression,1,0.5473179958004807
16,2024,4,1,logistic_regression,1,0.562122484903152
16,2024,5,1,logistic_regression,1,0.6077322096403106
16,2024,6,1,logistic_regression,1,0.623469674345084
16,2024,7,1,logistic_regression,1,0.6174447064524856
16,2024,8,1,logistic_regression,1,0.6820233772188175
16,2024,9,1,logistic_regression,1,0.6942297276991426
16,2024,11,1,logistic_regression,1,0.5502120365243011
16,2024,12,1,logistic_regression,1,0.5116938406112783
17,2023,11,1,logistic_regression,1,0.6639362060156037
17,2023,12,1,logistic_regression,1,0.6987588346546991
17,2024,1,0,logistic_regression,1,0.6658562593312963
17,2024,2,1,logistic_regression,1,0.7373792559967445
17,2024,3,1,logistic_regression,1,0.7340301948140809
17,2024,4,1,logistic_regression,1,0.717157362453158
17,2024,5,1,logistic_regression,1,0.7923795023139261
17,2024,6,1,logistic_regression,1,0.8006794738220456
17,2024,7,1,logistic_regression,1,0.74284128149925
17,2024,8,1,logistic_regression,1,0.802350031132305
17,2024,9,1,logistic_regression,1,0.8529375106431697
17,2024,11,1,logistic_regression,1,0.6976365332443366
17,2024,12,1,logistic_regression,1,0.6567114277925041
18,2023,11,1,logistic_regression,1,0.5086208725588706
18,2023,12,0,logistic_regression,1,0.5584399721187334
18,2024,1,1,logistic_regression,1,0.5316697560584237
18,2024,2,1,logistic_regression,1,0.5977637180949276
18,2024,3,1,logistic_regression,1,0.5487198335758102
18,2024,4,1,logistic_regression,1,0.5219209519233893
18,2024,5,0,logistic_regression,1,0.7054148000879034
18,2024,6,0,logistic_regression,1,0.7439986686429871
18,2024,7,0,logistic_regression,1,0.719120063099203
18,2024,8,1,logistic_regression,1,0.8338761706808403
18,2024,9,1,logistic_regression,1,0.7506915353200512
18,2024,11,1,logistic_regression,1,0.5158225244166138
18,2024,12,1,logistic_regression,0,0.4909165838181406
19,2023,11,1,logistic_regression,0,0.4598059641259611
19,2023,12,0,logistic_regression,0,0.4610922945970862
19,2024,1,0,logistic_regression,0,0.4460762865321873
19,2024,2,0,logistic_regression,1,0.5171013728469174
19,2024,3,1,logistic_regression,0,0.4931100623167693
19,2024,4,0,logistic_regression,0,0.4877569259627827
19,2024,5,0,logistic_regression,1,0.5764942801571395
19,2024,6,0,logistic_regression,1,0.6197636337597379
19,2024,7,1,logistic_regression,1,0.627489420307555
19,2024,8,0,logistic_regression,1,0.7273806983523337
19,2024,9,0,logistic_regression,1,0.7510554606590304
19,2024,11,0,logistic_regression,0,0.49843727674117855
19,2024,12,0,logistic_regression,0,0.4257730511852109
20,2023,11,0,logistic_regression,1,0.5896334354716842
20,2023,12,0,logistic_regression,1,0.6514653674403352
20,2024,1,0,logistic_regression,1,0.5894491713433048
20,2024,2,0,logistic_regression,1,0.6777850334311809
20,2024,3,0,logistic_regression,1,0.6408334416079112
20,2024,4,0,logistic_regression,1,0.6126998443530347
20,2024,5,0,logistic_regression,1,0.9395627848757103
20,2024,6,0,logistic_regression,0,2.143675364620928e-05
20,2024,7,0,logistic_regression,1,0.7254401124158416
20,2024,8,0,logistic_regression,1,0.8090700553220155
20,2024,9,0,logistic_regression,1,0.8136005871448742
20,2024,11,0,logistic_regression,1,0.6360715400115944
20,2024,12,0,logistic_regression,1,0.5342948830499525
21,2023,11,0,logistic_regression,0,0.4118014594997054
21,2023,12,0,logistic_regression,0,0.3723307323967272
21,2024,1,0,logistic_regression,0,0.382759372427601
21,2024,2,1,logistic_regression,0,0.49006676411342837
21,2024,3,0,logistic_regression,0,0.43017874619780566
21,2024,4,0,logistic_regression,0,0.4858664058718315
21,2024,5,0,logistic_regression,0,0.461142647759241
21,2024,6,0,logistic_regression,1,0.5562850726092494
21,2024,7,0,logistic_regression,1,0.5888501170700652
21,2024,8,0,logistic_regression,1,0.6581111693405715
21,2024,9,0,logistic_regression,1,0.6576947156662774
21,2024,11,1,logistic_regression,0,0.431928445006506
21,2024,12,0,logistic_regression,0,0.32574553338557166
22,2023,11,1,logistic_regression,1,0.5434757447888199
22,2023,12,1,logistic_regression,1,0.5380495659867254
22,2024,1,1,logistic_regression,1,0.5002390848831594
22,2024,2,1,logistic_regression,1,0.571728626909419
22,2024,3,0,logistic_regression,1,0.535528982343265
22,2024,4,1,logistic_regression,1,0.5818809685947735
22,2024,5,0,logistic_regression,1,0.5526472142278934
22,2024,6,1,logistic_regression,1,0.632088888271685
22,2024,7,0,logistic_regression,1,0.6188920908950764
22,2024,8,0,logistic_regression,1,0.7437393228633491
22,2024,9,1,logistic_regression,1,0.751179704188292
22,2024,11,0,logistic_regression,1,0.5473624888190323
22,2024,12,1,logistic_regression,0,0.44568887431459064
23,2023,11,1,logistic_regression,1,0.6485071073025732
23,2023,12,1,logistic_regression,1,0.6425125040463788
23,2024,1,1,logistic_regression,1,0.6176868110621015
23,2024,2,1,logistic_regression,1,0.6823906216011056
23,2024,3,0,logistic_regression,1,0.6578201899138619
23,2024,4,1,logistic_regression,1,0.6915377381001298
23,2024,5,0,logistic_regression,1,0.68377419103446
23,2024,6,1,logistic_regression,1,0.7352779204263451
23,2024,7,0,logistic_regression,1,0.7218955176695311
23,2024,8,0,logistic_regression,1,0.8148622772603451
23,2024,9,1,logistic_regression,1,0.8342281284986457
23,2024,11,0,logistic_regression,1,0.6675390080645859
23,2024,12,1,logistic_regression,1,0.5685692854311931
24,2023,11,1,logistic_regression,1,0.529630258319326
24,2023,12,1,logistic_regression,1,0.5165967039593085
24,2024,1,1,logistic_regression,0,0.49942721365304094
24,2024,2,1,logistic_regression,1,0.5659632154613773
24,2024,3,0,logistic_regression,1,0.5037134018572704
24,2024,4,1,logistic_regression,1,0.5392687974002714
24,2024,5,0,logistic_regression,1,0.5135676928927105
24,2024,6,1,logistic_regression,1,0.5715875030544961
24,2024,7,0,logistic_regression,1,0.578189642144794
24,2024,8,0,logistic_regression,1,0.6793591812435102
24,2024,9,1,logistic_regression,1,0.7131893385346777
24,2024,11,0,logistic_regression,1,0.5156730436665847
24,2024,12,1,logistic_regression,0,0.4322941884723154
25,2023,11,1,logistic_regression,0,0.46172210650376133
25,2023,12,1,logistic_regression,0,0.37418764284506567
25,2024,1,1,logistic_regression,0,0.38238801889919083
25,2024,2,1,logistic_regression,0,0.49513534746646937
25,2024,3,0,logistic_regression,0,0.45268932804266604
25,2024,4,1,logistic_regression,0,0.47342112903019823
25,2024,5,1,logistic_regression,1,0.501343721319643
25,2024,6,1,logistic_regression,1,0.5959780953945799
25,2024,7,1,logistic_regression,1,0.5883146678609413
25,2024,8,1,logistic_regression,1,0.6781923890550348
25,2024,9,1,logistic_regression,1,0.7010828148823133
25,2024,11,0,logistic_regression,0,0.4424058611976789
25,2024,12,0,logistic_regression,0,0.3542774852236597
26,2023,11,0,logistic_regression,1,0.5187823759750937
26,2023,12,0,logistic_regression,1,0.5049657432659631
26,2024,1,0,logistic_regression,0,0.4384869183009624
26,2024,2,0,logistic_regression,1,0.5929116470052282
26,2024,3,0,logistic_regression,1,0.5530885734588137
26,2024,4,0,logistic_regression,1,0.6184650900478931
26,2024,5,1,logistic_regression,1,0.6150060200797332
26,2024,6,0,logistic_regression,1,0.6563010698383581
26,2024,7,0,logistic_regression,1,0.6301000651853166
26,2024,8,0,logistic_regression,1,0.7371692582784558
26,2024,9,0,logistic_regression,1,0.7807008145702101
26,2024,11,0,logistic_regression,1,0.5246529454921521
26,2024,12,1,logistic_regression,0,0.4293343027985332
27,2023,11,0,logistic_regression,0,0.3747107035543679
27,2023,12,0,logistic_regression,0,0.3847433154509584
27,2024,1,0,logistic_regression,0,0.361014498579405
27,2024,2,0,logistic_regression,0,0.44435231475710146
27,2024,3,0,logistic_regression,0,0.4067629959847646
27,2024,4,0,logistic_regression,0,0.4124471144602931
27,2024,5,0,logistic_regression,0,0.4662924239439068
27,2024,6,0,logistic_regression,0,0.47157417470870266
27,2024,7,1,logistic_regression,0,0.42638491078678403
27,2024,8,0,logistic_regression,1,0.5505334747217402
27,2024,9,1,logistic_regression,1,0.6111156479069036
27,2024,11,0,logistic_regression,0,0.3614720795578568
27,2024,12,0,logistic_regression,0,0.2897094714959096
28,2023,11,0,logistic_regression,0,0.2602276597198761
28,2023,12,0,logistic_regression,0,0.24398133777140155
28,2024,1,0,logistic_regression,0,0.24083097971593698
28,2024,2,0,logistic_regression,0,0.31221425123313445
28,2024,3,0,logistic_regression,0,0.23690951663635232
28,2024,4,0,logistic_regression,0,0.285079998137352
28,2024,5,0,logistic_regression,0,0.25402649045630976
28,2024,6,0,logistic_regression,0,0.3167907619598441
28,2024,7,0,logistic_regression,0,0.3466030305468136
28,2024,8,0,logistic_regression,0,0.4252641809284074
28,2024,9,0,logistic_regression,0,0.4240649028917238
28,2024,11,0,logistic_regression,0,0.26404444323891035
28,2024,12,0,logistic_regression,0,0.1919852744307678
29,2023,11,0,logistic_regression,0,0.29840193635549483
29,2023,12,0,logistic_regression,0,0.26706232525897644
29,2024,1,0,logistic_regression,0,0.31780295243461604
29,2024,2,0,logistic_regression,0,0.3837771988130148
29,2024,3,0,logistic_regression,0,0.30236426689275614
29,2024,4,0,logistic_regression,0,0.3396938835186901
29,2024,5,0,logistic_regression,0,0.31005005227405585
29,2024,6,0,logistic_regression,0,0.41088211310746237
29,2024,7,0,logistic_regression,0,0.43651676913135085
29,2024,8,0,logistic_regression,1,0.5028771781592682
29,2024,9,0,logistic_regression,1,0.5155199215559201
29,2024,11,0,logistic_regression,0,0.41872671365587666
29,2024,12,0,logistic_regression,1,0.8199668392015992
30,2023,11,0,logistic_regression,0,0.31488793972459583
30,2023,12,1,logistic_regression,0,0.2925255116580184
30,2024,1,0,logistic_regression,0,0.3076426697803324
30,2024,2,0,logistic_regression,0,0.40571714718348223
30,2024,3,0,logistic_regression,0,0.38636979956772344
30,2024,4,0,logistic_regression,0,0.3884548088558848
30,2024,5,0,logistic_regression,0,0.4250951352616836
30,2024,6,0,logistic_regression,1,0.5082766983175032
30,2024,7,0,logistic_regression,0,0.4876652735784552
30,2024,8,1,logistic_regression,1,0.6028478437960171
30,2024,9,1,logistic_regression,1,0.6610757541645511
30,2024,11,0,logistic_regression,0,0.3542415304026129
30,2024,12,0,logistic_regression,0,0.26837886143631595
31,2023,11,0,logistic_regression,0,0.27781446456108994
31,2023,12,1,logistic_regression,0,0.2832742317809691
31,2024,1,0,logistic_regression,0,0.29057788923294636
31,2024,2,0,logistic_regression,0,0.35993354925518767
31,2024,3,0,logistic_regression,0,0.3015154891159853
31,2024,4,0,logistic_regression,0,0.34072509790088423
31,2024,5,0,logistic_regression,0,0.3106084818113758
31,2024,6,0,logistic_regression,0,0.37687437349172187
31,2024,7,0,logistic_regression,0,0.4054647027500412
31,2024,8,1,logistic_regression,1,0.542079370734122
31,2024,9,1,logistic_regression,1,0.5171771365096475
31,2024,11,0,logistic_regression,0,0.30627163771829147
31,2024,12,0,logistic_regression,0,0.2433780365468351
32,2023,11,0,logistic_regression,0,0.24127862423198038
32,2023,12,0,logistic_regression,0,0.22378674909077023
32,2024,1,0,logistic_regression,0,0.23962965670296166
32,2024,2,0,logistic_regression,0,0.30886318017870157
32,2024,3,0,logistic_regression,0,0.2469567046206326
32,2024,4,0,logistic_regression,0,0.27623788603414096
32,2024,5,0,logistic_regression,0,0.24987205842914478
32,2024,6,0,logistic_regression,0,0.2934071332360496
32,2024,7,0,logistic_regression,0,0.27541434082170874
32,2024,8,1,logistic_regression,0,0.3739921497959739
32,2024,9,0,logistic_regression,0,0.44681921724707935
32,2024,11,0,logistic_regression,0,0.2476380865166646
32,2024,12,0,logistic_regression,0,0.2020520772512986
33,2023,11,0,logistic_regression,0,0.2776476407233835
33,2023,12,0,logistic_regression,0,0.2560286470199645
33,2024,1,0,logistic_regression,0,0.26456750561143283
33,2024,2,0,logistic_regression,0,0.35300168342094074
33,2024,3,0,logistic_regression,0,0.28766224424081704
33,2024,4,0,logistic_regression,0,0.32207215614912854
33,2024,5,0,logistic_regression,0,0.2909816399160901
33,2024,6,0,logistic_regression,0,0.3349777520679183
33,2024,7,0,logistic_regression,0,0.3364542243723451
33,2024,8,1,logistic_regression,0,0.43344678639460915
33,2024,9,0,logistic_regression,0,0.47979414479063837
33,2024,11,0,logistic_regression,0,0.28689183464448836
33,2024,12,0,logistic_regression,0,0.2360245624308879
34,2023,11,0,logistic_regression,0,0.23157753114465016
34,2023,12,0,logistic_regression,0,0.2173705317228657
34,2024,1,0,logistic_regression,0,0.21859532715172272
34,2024,2,0,logistic_regression,0,0.2793834001190276
34,2024,3,0,logistic_regression,0,0.2012040736829339
34,2024,4,0,logistic_regression,0,0.28225130507778096
34,2024,5,0,logistic_regression,0,0.21298977038524308
34,2024,6,0,logistic_regression,0,0.26864223046643715
34,2024,7,0,logistic_regression,0,0.28803666920766274
34,2024,8,0,logistic_regression,0,0.3572065239871327
34,2024,9,0,logistic_regression,0,0.37955370008800265
34,2024,11,0,logistic_regression,0,0.22844739258926006
34,2024,12,0,logistic_regression,0,0.17558732157073104
35,2023,11,0,logistic_regression,0,0.31743853347118706
35,2023,12,0,logistic_regression,0,0.28444265489576864
35,2024,1,0,logistic_regression,0,0.3140419216860819
35,2024,2,0,logistic_regression,0,0.4103929199657164
35,2024,3,0,logistic_regression,0,0.3511427868311135
35,2024,4,0,logistic_regression,0,0.4004141344385929
35,2024,5,0,logistic_regression,0,0.38325511546434915
35,2024,6,0,logistic_regression,1,0.5723593791671238
35,2024,7,0,logistic_regression,1,0.5663287748736353
35,2024,8,0,logistic_regression,1,0.6410986721850337
35,2024,9,0,logistic_regression,1,0.6048400863353646
35,2024,11,0,logistic_regression,0,0.35199644597857627
35,2024,12,0,logistic_regression,0,0.27156747265979525
36,2023,11,0,logistic_regression,0,0.2521023049005196
36,2023,12,0,logistic_regression,0,0.22547106372871267
36,2024,1,0,logistic_regression,0,0.2546579522696881
36,2024,2,0,logistic_regression,0,0.3492435575079036
36,2024,3,0,logistic_regression,0,0.2989425397744284
36,2024,4,0,logistic_regression,0,0.32400870123074554
36,2024,5,0,logistic_regression,0,0.32543297377107766
36,2024,6,0,logistic_regression,0,0.286230179312563
36,2024,7,0,logistic_regression,0,0.3680512995699817
36,2024,8,0,logistic_regression,0,0.4783123453547291
36,2024,9,0,logistic_regression,1,0.51268995678759
36,2024,11,0,logistic_regression,0,0.2839378031054534
36,2024,12,0,logistic_regression,0,0.3537057570802757
37,2023,11,0,logistic_regression,0,0.39885348823272904
37,2023,12,0,logistic_regression,0,0.3819469038169111
37,2024,1,1,logistic_regression,0,0.3816612941419937
37,2024,2,1,logistic_regression,0,0.4581221267353435
37,2024,3,0,logistic_regression,0,0.37640497166992976
37,2024,4,0,logistic_regression,0,0.4222748259393641
37,2024,5,1,logistic_regression,0,0.3801490709906508
37,2024,6,0,logistic_regression,0,0.45796770832444156
37,2024,7,0,logistic_regression,0,0.49120879426749603
37,2024,8,0,logistic_regression,1,0.5647667533783782
37,2024,9,0,logistic_regression,1,0.5791398343658521
37,2024,11,0,logistic_regression,0,0.4009815050829577
37,2024,12,0,logistic_regression,0,0.36551327667496547
38,2023,11,0,logistic_regression,0,0.30797010089734617
38,2023,12,0,logistic_regression,0,0.28753117925765853
38,2024,1,1,logistic_regression,0,0.29250526812711175
38,2024,2,1,logistic_regression,0,0.3519812926714599
38,2024,3,0,logistic_regression,0,0.3077961670335801
38,2024,4,0,logistic_regression,0,0.34504031292094195
38,2024,5,1,logistic_regression,0,0.32368900879908247
38,2024,6,0,logistic_regression,0,0.4142464509155661
38,2024,7,0,logistic_regression,0,0.41523236945848546
38,2024,8,0,logistic_regression,1,0.5201273822126902
38,2024,9,0,logistic_regression,1,0.5149963514898751
38,2024,11,0,logistic_regression,0,0.31065945233098036
38,2024,12,0,logistic_regression,0,0.2690023049710358
39,2023,11,1,logistic_regression,0,0.24832638906140217
39,2023,12,0,logistic_regression,0,0.22152230937391815
39,2024,1,0,logistic_regression,0,0.22661543584874566
39,2024,2,0,logistic_regression,0,0.3064681396426952
39,2024,3,0,logistic_regression,0,0.24402342485084788
39,2024,4,0,logistic_regression,0,0.26760271816763787
39,2024,5,0,logistic_regression,0,0.2506813005091969
39,2024,6,0,logistic_regression,0,0.3386690656613288
39,2024,7,0,logistic_regression,0,0.34153929746787376
39,2024,8,0,logistic_regression,0,0.44549923976379774
39,2024,9,0,logistic_regression,0,0.437363522536744
39,2024,11,0,logistic_regression,0,0.24465802553142055
39,2024,12,0,logistic_regression,0,0.1964870660844475
40,2023,11,1,logistic_regression,0,0.25430658383297466
40,2023,12,0,logistic_regression,0,0.23040000341962408
40,2024,1,0,logistic_regression,0,0.24522418015130815
40,2024,2,0,logistic_regression,0,0.3387955227566154
40,2024,3,0,logistic_regression,0,0.27163809769894653
40,2024,4,0,logistic_regression,0,0.30575898274061697
40,2024,5,0,logistic_regression,0,0.2810842608407273
40,2024,6,0,logistic_regression,0,0.39442312661307954
40,2024,7,0,logistic_regression,0,0.3978500448675341
40,2024,8,0,logistic_regression,1,0.5033191750453743
40,2024,9,0,logistic_regression,1,0.5017258688283782
40,2024,11,0,logistic_regression,0,0.2684779629314512
40,2024,12,0,logistic_regression,0,0.21730858867597394
41,2023,11,1,logistic_regression,0,0.3678840114380265
41,2023,12,1,logistic_regression,0,0.4760645106193607
41,2024,1,0,logistic_regression,1,0.6310097209692768
41,2024,2,1,logistic_regression,0,0.4215014100091834
41,2024,3,1,logistic_regression,0,0.34497941725718406
41,2024,4,1,logistic_regression,0,0.3993434736633116
41,2024,5,0,logistic_regression,0,0.36013286651498694
41,2024,6,1,logistic_regression,0,0.4455444077759783
41,2024,7,0,logistic_regression,0,0.44588694346722896
41,2024,8,0,logistic_regression,1,0.5300257963023459
41,2024,9,0,logistic_regression,1,0.5665216547746762
41,2024,11,0,logistic_regression,0,0.3717954599478843
41,2024,12,0,logistic_regression,0,0.3230969221489695
42,2023,11,1,logistic_regression,0,0.3425307170423026
42,2023,12,1,logistic_regression,0,0.29769554372422397
42,2024,1,0,logistic_regression,0,0.3310219339625314
42,2024,2,1,logistic_regression,0,0.4133519888779105
42,2024,3,1,logistic_regression,0,0.3327527760703093
42,2024,4,1,logistic_regression,0,0.37200396855014267
42,2024,5,0,logistic_regression,0,0.3365998379842787
42,2024,6,1,logistic_regression,0,0.4326105114810387
42,2024,7,0,logistic_regression,0,0.4322892020990265
42,2024,8,0,logistic_regression,1,0.51682637957191
42,2024,9,0,logistic_regression,1,0.555065558420505
42,2024,11,0,logistic_regression,0,0.3630348780555292
42,2024,12,0,logistic_regression,0,0.30964528536588315
43,2023,11,1,logistic_regression,0,0.268876183272575
43,2023,12,0,logistic_regression,0,0.20968356088335116
43,2024,1,0,logistic_regression,0,0.22614386433926195
43,2024,2,1,logistic_regression,0,0.3133409660553793
43,2024,3,0,logistic_regression,0,0.2824249251541254
43,2024,4,0,logistic_regression,0,0.3312965577445558
43,2024,5,0,logistic_regression,0,0.4174142246243811
43,2024,6,0,logistic_regression,0,0.473835095907707
43,2024,7,0,logistic_regression,1,0.5085758014123981
43,2024,8,0,logistic_regression,1,0.6380027413046833
43,2024,9,0,logistic_regression,1,0.596226566680613
43,2024,11,0,logistic_regression,0,0.2573349740900701
43,2024,12,0,logistic_regression,0,0.20378517035947052
44,2023,11,1,logistic_regression,0,0.24964856615358616
44,2023,12,0,logistic_regression,0,0.20740967951685907
44,2024,1,0,logistic_regression,0,0.2275266755940617
44,2024,2,1,logistic_regression,0,0.31214486081844567
44,2024,3,0,logistic_regression,0,0.24888012633854753
44,2024,4,0,logistic_regression,0,0.2966002594651073
44,2024,5,0,logistic_regression,0,0.29807647937211035
44,2024,6,0,logistic_regression,0,0.3708501037774184
44,2024,7,0,logistic_regression,0,0.3919529019131045
44,2024,8,0,logistic_regression,0,0.4467261997408453
44,2024,9,0,logistic_regression,0,0.44278127298827563
44,2024,11,0,logistic_regression,0,0.24210605067770538
44,2024,12,0,logistic_regression,0,0.20981918054335524
45,2023,11,0,logistic_regression,0,0.3792856386247989
45,2023,12,0,logistic_regression,0,0.32678542248035064
45,2024,1,0,logistic_regression,0,0.3488102268636819
45,2024,2,1,logistic_regression,0,0.41201210152085194
45,2024,3,1,logistic_regression,0,0.33863656477666626
45,2024,4,0,logistic_regression,0,0.38557058481261386
45,2024,5,0,logistic_regression,0,0.35520911041735553
45,2024,6,0,logistic_regression,0,0.42688666438861655
45,2024,7,0,logistic_regression,0,0.4383048289209974
45,2024,8,1,logistic_regression,1,0.5295865675229761
45,2024,9,0,logistic_regression,1,0.5397383792237527
45,2024,11,0,logistic_regression,0,0.36373372224985345
45,2024,12,0,logistic_regression,0,0.3172899556977687
46,2023,11,0,logistic_regression,0,0.4016601241063771
46,2023,12,0,logistic_regression,0,0.35524198807406154
46,2024,1,0,logistic_regression,0,0.3710767190557688
46,2024,2,1,logistic_regression,0,0.4396679461510106
46,2024,3,1,logistic_regression,0,0.375073323651011
46,2024,4,0,logistic_regression,0,0.40634564098435344
46,2024,5,0,logistic_regression,0,0.38090255432169007
46,2024,6,0,logistic_regression,0,0.45051049311290137
46,2024,7,0,logistic_regression,0,0.4606956909505262
46,2024,8,1,logistic_regression,1,0.5487277846815333
46,2024,9,0,logistic_regression,1,0.5553996699135383
46,2024,11,0,logistic_regression,0,0.37953907344397714
46,2024,12,0,logistic_regression,0,0.3310683654780018
47,2023,11,1,logistic_regression,1,0.6312118637267256
47,2023,12,0,logistic_regression,1,0.620855886986147
47,2024,1,1,logistic_regression,1,0.6155435321883571
47,2024,2,0,logistic_regression,1,0.7026038518178853
47,2024,3,0,logistic_regression,1,0.6641182158606155
47,2024,4,0,logistic_regression,1,0.720233474302238
47,2024,5,0,logistic_regression,1,0.7463561253435683
47,2024,6,0,logistic_regression,1,0.7295631519416207
47,2024,7,0,logistic_regression,1,0.6557939006769691
47,2024,8,1,logistic_regression,1,0.7328005565199193
47,2024,9,0,logistic_regression,1,0.7565661813002363
47,2024,11,0,logistic_regression,0,0.4900940678982082
47,2024,12,0,logistic_regression,0,0.3910343941976739
48,2023,11,0,logistic_regression,0,0.3098993287525549
48,2023,12,0,logistic_regression,0,0.25874926827482264
48,2024,1,0,logistic_regression,0,0.2685105587620587
48,2024,2,0,logistic_regression,0,0.4060334616987629
48,2024,3,0,logistic_regression,0,0.3761800342699075
48,2024,4,0,logistic_regression,0,0.42523307149112083
48,2024,5,0,logistic_regression,0,0.45404324242307764
48,2024,6,0,logistic_regression,1,0.565505282113784
48,2024,7,0,logistic_regression,1,0.6429638075197651
48,2024,8,0,logistic_regression,1,0.783484091406431
48,2024,9,1,logistic_regression,1,0.757551958362066
48,2024,11,0,logistic_regression,0,0.33387575823597243
48,2024,12,0,logistic_regression,0,0.24847810386550234
49,2023,11,0,logistic_regression,0,0.3999685349865035
49,2023,12,0,logistic_regression,0,0.35607931075685695
49,2024,1,0,logistic_regression,0,0.4016919279072466
49,2024,2,0,logistic_regression,1,0.5250646020839608
49,2024,3,0,logistic_regression,0,0.4431228614010488
49,2024,4,0,logistic_regression,0,0.471523395213759
49,2024,5,1,logistic_regression,0,0.45392864498590313
49,2024,6,1,logistic_regression,1,0.59240307581716
49,2024,7,0,logistic_regression,1,0.590984497244662
49,2024,8,0,logistic_regression,1,0.6848703215660568
49,2024,9,0,logistic_regression,1,0.660710208348496
49,2024,11,0,logistic_regression,1,0.5257385662602303
49,2024,12,0,logistic_regression,0,0.3254444691106542
50,2023,11,1,logistic_regression,0,0.4373524404753314
50,2023,12,0,logistic_regression,1,0.5035345845120863
50,2024,1,0,logistic_regression,0,0.45601778634589474
50,2024,2,0,logistic_regression,1,0.52299572735763
50,2024,3,0,logistic_regression,0,0.43851245589082816
50,2024,4,1,logistic_regression,0,0.4259799136193834
50,2024,5,0,logistic_regression,0,0.485233354939821
50,2024,6,0,logistic_regression,0,0.45383046639661495
50,2024,7,0,logistic_regression,0,0.4498406467521861
50,2024,8,0,logistic_regression,1,0.5788743587783908
50,2024,9,0,logistic_regression,1,0.5646925272154575
50,2024,11,1,logistic_regression,0,0.4037504013097892
50,2024,12,0,logistic_regression,0,0.37886229750422007
51,2023,11,1,logistic_regression,0,0.46925855169300007
51,2023,12,0,logistic_regression,1,0.5125124968717908
51,2024,1,0,logistic_regression,0,0.46761450829393886
51,2024,2,0,logistic_regression,1,0.5870624262489355
51,2024,3,0,logistic_regression,1,0.5372403326571242
51,2024,4,1,logistic_regression,0,0.49930930682733365
51,2024,5,0,logistic_regression,1,0.5367032807425488
51,2024,6,0,logistic_regression,1,0.6830913642811511
51,2024,7,0,logistic_regression,1,0.59579150987224
51,2024,8,0,logistic_regression,1,0.7796179015681872
51,2024,9,0,logistic_regression,1,0.7710334359503062
51,2024,11,1,logistic_regression,0,0.45525762466803466
51,2024,12,0,logistic_regression,0,0.4205008963560368
52,2023,11,1,logistic_regression,1,0.8602572551444037
52,2023,12,0,logistic_regression,1,0.6554463967264772
52,2024,1,1,logistic_regression,1,0.6004782034679087
52,2024,2,0,logistic_regression,1,0.654818332676739
52,2024,3,0,logistic_regression,1,0.6421343317007657
52,2024,4,0,logistic_regression,1,0.6185460810811033
52,2024,5,1,logistic_regression,1,0.7110389218374039
52,2024,6,0,logistic_regression,1,0.6442469615180623
52,2024,7,0,logistic_regression,1,0.5561324093480892
52,2024,8,0,logistic_regression,1,0.6803695098946538
52,2024,9,1,logistic_regression,1,0.6965798284316912
52,2024,11,0,logistic_regression,0,0.44088676803328825
52,2024,12,0,logistic_regression,0,0.3851341691268881
53,2023,11,1,logistic_regression,0,0.3521372633317427
53,2023,12,0,logistic_regression,0,0.4287926374720156
53,2024,1,1,logistic_regression,0,0.34787761076332885
53,2024,2,0,logistic_regression,0,0.42386107379679877
53,2024,3,0,logistic_regression,0,0.3168394998867454
53,2024,4,0,logistic_regression,0,0.3178099711995785
53,2024,5,1,logistic_regression,0,0.37538865538839
53,2024,6,0,logistic_regression,0,0.40886824023583335
53,2024,7,1,logistic_regression,0,0.3730492879651497
53,2024,8,0,logistic_regression,0,0.4884341111005806
53,2024,9,1,logistic_regression,0,0.48773336412236773
53,2024,11,0,logistic_regression,0,0.308810705841232
53,2024,12,1,logistic_regression,0,0.2677551187827504
54,2023,11,1,logistic_regression,0,0.38203864210207616
54,2023,12,0,logistic_regression,0,0.4345419130371613
54,2024,1,1,logistic_regression,0,0.39513752117443596
54,2024,2,0,logistic_regression,0,0.4621628353209531
54,2024,3,0,logistic_regression,0,0.38331185849190796
54,2024,4,0,logistic_regression,0,0.372354428549533
54,2024,5,1,logistic_regression,0,0.4422621384335432
54,2024,6,0,logistic_regression,0,0.4896273016212707
54,2024,7,1,logistic_regression,0,0.44040747220889526
54,2024,8,0,logistic_regression,1,0.5807961837523421
54,2024,9,1,logistic_regression,1,0.5410374537125701
54,2024,11,0,logistic_regression,0,0.3467931290260446
54,2024,12,1,logistic_regression,0,0.3163326940655229
55,2023,11,0,logistic_regression,0,0.27661541524367167
55,2023,12,0,logistic_regression,0,0.3019835171777404
55,2024,1,0,logistic_regression,0,0.2808713827371079
55,2024,2,1,logistic_regression,0,0.32629119828552655
55,2024,3,0,logistic_regression,0,0.272331849961242
55,2024,4,0,logistic_regression,0,0.26721406601681325
55,2024,5,1,logistic_regression,0,0.31737463303158703
55,2024,6,0,logistic_regression,0,0.371353712143191
55,2024,7,0,logistic_regression,0,0.3275211921743036
55,2024,8,0,logistic_regression,0,0.43596409400418523
55,2024,9,0,logistic_regression,0,0.40672625153843234
55,2024,11,0,logistic_regression,0,0.2511227142957663
55,2024,12,0,logistic_regression,0,0.22202346452315277
56,2023,11,0,logistic_regression,0,0.28372786342586637
56,2023,12,0,logistic_regression,0,0.3097639229655885
56,2024,1,0,logistic_regression,0,0.28284150332551583
56,2024,2,1,logistic_regression,0,0.3282912726664492
56,2024,3,0,logistic_regression,0,0.27134647640290416
56,2024,4,0,logistic_regression,0,0.2769772564479921
56,2024,5,1,logistic_regression,0,0.33569634413620203
56,2024,6,0,logistic_regression,0,0.3821678341368391
56,2024,7,0,logistic_regression,0,0.36361262426096413
56,2024,8,0,logistic_regression,0,0.4664323651180732
56,2024,9,0,logistic_regression,0,0.436369347773513
56,2024,11,0,logistic_regression,0,0.26960872066288855
56,2024,12,0,logistic_regression,0,0.24073225647121327
57,2023,11,0,logistic_regression,0,0.219220848193029
57,2023,12,0,logistic_regression,0,0.25091209286562893
57,2024,1,0,logistic_regression,0,0.23374732849846866
57,2024,2,0,logistic_regression,0,0.2752613949117715
57,2024,3,0,logistic_regression,0,0.22336971737168512
57,2024,4,1,logistic_regression,0,0.23698835839513205
57,2024,5,1,logistic_regression,0,0.2673669750075257
57,2024,6,0,logistic_regression,0,0.29997787372043716
57,2024,7,1,logistic_regression,0,0.28612253722494374
57,2024,8,0,logistic_regression,0,0.34663388420554636
57,2024,9,0,logistic_regression,0,0.38414127877983106
57,2024,11,0,logistic_regression,0,0.22375812292703456
57,2024,12,0,logistic_regression,0,0.1904826106016222
58,2023,11,0,logistic_regression,0,0.20705678471830619
58,2023,12,0,logistic_regression,0,0.23286390580552577
58,2024,1,0,logistic_regression,0,0.21927901871715097
58,2024,2,0,logistic_regression,0,0.256795864903945
58,2024,3,0,logistic_regression,0,0.19837776307881824
58,2024,4,1,logistic_regression,0,0.20389791409400593
58,2024,5,1,logistic_regression,0,0.235143985258915
58,2024,6,0,logistic_regression,0,0.2682509716716215
58,2024,7,1,logistic_regression,0,0.24275443651040515
58,2024,8,0,logistic_regression,0,0.30480383516872867
58,2024,9,0,logistic_regression,0,0.34691311215775505
58,2024,11,0,logistic_regression,0,0.20456904242187307
58,2024,12,0,logistic_regression,0,0.17451248385015636
59,2023,11,1,logistic_regression,0,0.24666584935389765
59,2023,12,0,logistic_regression,0,0.2726452778903979
59,2024,1,0,logistic_regression,0,0.25913657918429156
59,2024,2,0,logistic_regression,0,0.3325197085530314
59,2024,3,0,logistic_regression,0,0.27064025514630713
59,2024,4,1,logistic_regression,0,0.21730942748530016
59,2024,5,0,logistic_regression,0,0.22118988773445764
59,2024,6,1,logistic_regression,0,0.32930667877752023
59,2024,7,0,logistic_regression,0,0.29737482512972185
59,2024,8,1,logistic_regression,0,0.3774687880768728
59,2024,9,0,logistic_regression,0,0.42443420668612875
59,2024,11,1,logistic_regression,0,0.2632291020427384
59,2024,12,0,logistic_regression,0,0.22658288156095716
60,2023,11,1,logistic_regression,0,0.23336923686383024
60,2023,12,0,logistic_regression,0,0.2577885816325882
60,2024,1,0,logistic_regression,0,0.24298290545113874
60,2024,2,0,logistic_regression,0,0.25377166957590613
60,2024,3,0,logistic_regression,0,0.1691936331068363
60,2024,4,1,logistic_regression,0,0.2247176154115858
60,2024,5,0,logistic_regression,0,0.27414587129640705
60,2024,6,1,logistic_regression,0,0.31123485153892416
60,2024,7,0,logistic_regression,0,0.2804960347226379
60,2024,8,1,logistic_regression,0,0.3530425635328121
60,2024,9,0,logistic_regression,0,0.40620803410432477
60,2024,11,1,logistic_regression,0,0.2512862999655888
60,2024,12,0,logistic_regression,0,0.2108179286326789
61,2023,11,0,logistic_regression,0,0.32904830366371474
61,2023,12,0,logistic_regression,0,0.3934632116123753
61,2024,1,0,logistic_regression,0,0.34675687304815933
61,2024,2,0,logistic_regression,0,0.3946475295545219
61,2024,3,0,logistic_regression,0,0.32678930051018495
61,2024,4,0,logistic_regression,0,0.35562422903777563
61,2024,5,1,logistic_regression,0,0.39826193923462283
61,2024,6,0,logistic_regression,0,0.41393141559042207
61,2024,7,0,logistic_regression,0,0.4239701905103632
61,2024,8,1,logistic_regression,1,0.5078389655099739
61,2024,9,0,logistic_regression,0,0.4913892332883925
61,2024,11,1,logistic_regression,0,0.3390077804477918
61,2024,12,0,logistic_regression,0,0.302951768923224
62,2023,11,0,logistic_regression,0,0.3501932840937946
62,2023,12,0,logistic_regression,0,0.41351696045226605
62,2024,1,0,logistic_regression,0,0.3688276481795647
62,2024,2,0,logistic_regression,0,0.4128759423964361
62,2024,3,0,logistic_regression,0,0.34643056217212087
62,2024,4,0,logistic_regression,0,0.37862569061930795
62,2024,5,1,logistic_regression,0,0.41692818871679393
62,2024,6,0,logistic_regression,0,0.44347785228183434
62,2024,7,0,logistic_regression,0,0.4236127868425713
62,2024,8,1,logistic_regression,1,0.5032647333525175
62,2024,9,0,logistic_regression,1,0.5153519958204874
62,2024,11,1,logistic_regression,0,0.3516112721723189
62,2024,12,0,logistic_regression,0,0.3128647278750444
63,2023,11,0,logistic_regression,0,0.37685146135548536
63,2023,12,0,logistic_regression,0,0.43754823859505265
63,2024,1,0,logistic_regression,0,0.3831544001384567
63,2024,2,0,logistic_regression,0,0.4178055370540891
63,2024,3,0,logistic_regression,0,0.38585123517911896
63,2024,4,1,logistic_regression,0,0.40214991075617795
63,2024,5,0,logistic_regression,1,0.5821267641414053
63,2024,6,1,logistic_regression,1,0.5690996269196099
63,2024,7,1,logistic_regression,1,0.6804920209205318
63,2024,8,0,logistic_regression,1,0.7986068142179759
63,2024,9,0,logistic_regression,1,0.5934216944387803
63,2024,11,0,logistic_regression,0,0.3671437991330593
63,2024,12,1,logistic_regression,0,0.3534910802078782
64,2023,11,0,logistic_regression,0,0.2618503751251469
64,2023,12,0,logistic_regression,1,0.5416909075141132
64,2024,1,0,logistic_regression,1,0.5091576396004954
64,2024,2,0,logistic_regression,1,0.6106788506362429
64,2024,3,0,logistic_regression,1,0.6639787758740501
64,2024,4,1,logistic_regression,1,0.7742037453781406
64,2024,5,0,logistic_regression,1,0.9387564910969142
64,2024,6,1,logistic_regression,1,0.9523086055157767
64,2024,7,1,logistic_regression,1,0.9951728155838356
64,2024,8,0,logistic_regression,1,0.9985450496815153
64,2024,9,0,logistic_regression,1,0.9388060507219017
64,2024,11,0,logistic_regression,1,0.5771770856353062
64,2024,12,1,logistic_regression,0,0.4821711086664586
65,2023,11,0,logistic_regression,0,0.4701173370192283
65,2023,12,0,logistic_regression,0,0.41194435468472235
65,2024,1,0,logistic_regression,0,0.38878852921687235
65,2024,2,0,logistic_regression,0,0.4246063688381608
65,2024,3,0,logistic_regression,0,0.383101769811201
65,2024,4,1,logistic_regression,0,0.38366505736226847
65,2024,5,0,logistic_regression,1,0.5353394249274469
65,2024,6,1,logistic_regression,1,0.5330171049729422
65,2024,7,1,logistic_regression,1,0.5916887472748102
65,2024,8,0,logistic_regression,1,0.6763702242466424
65,2024,9,0,logistic_regression,1,0.5455412698469985
65,2024,11,0,logistic_regression,0,0.3564413788429318
65,2024,12,1,logistic_regression,0,0.33726261261053253
66,2023,11,0,logistic_regression,0,0.34449349347253305
66,2023,12,0,logistic_regression,0,0.3867531115412619
66,2024,1,0,logistic_regression,0,0.35467218783271404
66,2024,2,0,logistic_regression,0,0.41114185466992137
66,2024,3,0,logistic_regression,0,0.4002147724443072
66,2024,4,1,logistic_regression,0,0.431089369145513
66,2024,5,0,logistic_regression,1,0.7252149944000401
66,2024,6,1,logistic_regression,1,0.7269690003221895
66,2024,7,1,logistic_regression,1,0.8868130860524914
66,2024,8,0,logistic_regression,1,0.9418429671665438
66,2024,9,0,logistic_regression,1,0.72338193485901
66,2024,11,0,logistic_regression,0,0.35471866850664974
66,2024,12,1,logistic_regression,0,0.3277283330729085
67,2023,11,1,logistic_regression,0,0.2811034206977901
67,2023,12,0,logistic_regression,0,0.33875751955116545
67,2024,1,0,logistic_regression,0,0.3081548447637152
67,2024,2,0,logistic_regression,0,0.3466439123075395
67,2024,3,0,logistic_regression,0,0.2914138123427212
67,2024,4,1,logistic_regression,0,0.31507534110619584
67,2024,5,0,logistic_regression,0,0.3685458279062809
67,2024,6,0,logistic_regression,0,0.37923093473990915
67,2024,7,0,logistic_regression,0,0.37115215194539414
67,2024,8,0,logistic_regression,0,0.45267512717781744
67,2024,9,0,logistic_regression,0,0.38828792012954993
67,2024,11,0,logistic_regression,0,0.29703497753523
67,2024,12,0,logistic_regression,0,0.2710669219180525
68,2023,11,1,logistic_regression,0,0.2453225308174086
68,2023,12,0,logistic_regression,0,0.28495968279914796
68,2024,1,0,logistic_regression,0,0.2638657571760803
68,2024,2,0,logistic_regression,0,0.31602694058685754
68,2024,3,0,logistic_regression,0,0.2685611467958747
68,2024,4,1,logistic_regression,0,0.2870280962006374
68,2024,5,0,logistic_regression,0,0.34875800761098563
68,2024,6,0,logistic_regression,0,0.39092688684977206
68,2024,7,0,logistic_regression,0,0.3427092800696612
68,2024,8,0,logistic_regression,0,0.42513898487348306
68,2024,9,0,logistic_regression,0,0.45201139105398463
68,2024,11,0,logistic_regression,0,0.26822376449554663
68,2024,12,0,logistic_regression,0,0.22803550797663755
69,2023,11,1,logistic_regression,1,0.9097666221110211
69,2023,12,1,logistic_regression,1,0.8776956182160597
69,2024,1,1,logistic_regression,1,0.8487677749467354
69,2024,2,1,logistic_regression,1,0.9106878488129756
69,2024,3,1,logistic_regression,1,0.9148317808577935
69,2024,4,1,logistic_regression,1,0.9011644605896517
69,2024,5,1,logistic_regression,1,0.9067668736378265
69,2024,6,1,logistic_regression,1,0.9060707571496204
69,2024,7,1,logistic_regression,1,0.8880297674903921
69,2024,8,1,logistic_regression,1,0.9265889523574188
69,2024,9,1,logistic_regression,1,0.9624845575379629
69,2024,11,1,logistic_regression,1,0.9065212127143846
69,2024,12,1,logistic_regression,1,0.8361575447250396
70,2023,11,1,logistic_regression,0,0.3852283645873171
70,2023,12,0,logistic_regression,0,0.38645987139529603
70,2024,1,0,logistic_regression,0,0.3804066742864033
70,2024,2,0,logistic_regression,0,0.440670424375385
70,2024,3,0,logistic_regression,0,0.38207685098245653
70,2024,4,0,logistic_regression,0,0.4141726510810222
70,2024,5,0,logistic_regression,0,0.40530738371239505
70,2024,6,1,logistic_regression,0,0.4469936650381931
70,2024,7,0,logistic_regression,0,0.4534282463813454
70,2024,8,1,logistic_regression,1,0.5415617715871163
70,2024,9,0,logistic_regression,1,0.5093770080941822
70,2024,11,0,logistic_regression,0,0.3876933636714189
70,2024,12,0,logistic_regression,0,0.29905622132891846
71,2023,11,1,logistic_regression,0,0.3947379578904292
71,2023,12,0,logistic_regression,0,0.39857728955982535
71,2024,1,0,logistic_regression,0,0.3912575838539161
71,2024,2,0,logistic_regression,0,0.4411459948460526
71,2024,3,0,logistic_regression,0,0.37550645326535936
71,2024,4,0,logistic_regression,0,0.407924997312953
71,2024,5,0,logistic_regression,0,0.409660749147814
71,2024,6,1,logistic_regression,0,0.45143733255689894
71,2024,7,0,logistic_regression,0,0.45489102011635013
71,2024,8,1,logistic_regression,1,0.5489082121437253
71,2024,9,0,logistic_regression,1,0.5857311593032242
71,2024,11,0,logistic_regression,0,0.3777169503739597
71,2024,12,0,logistic_regression,0,0.31121581612691906
72,2023,11,1,logistic_regression,0,0.30206472764564246
72,2023,12,0,logistic_regression,0,0.303733948762283
72,2024,1,0,logistic_regression,0,0.26559290960954607
72,2024,2,0,logistic_regression,0,0.328304653314106
72,2024,3,0,logistic_regression,0,0.2834252635208144
72,2024,4,0,logistic_regression,0,0.3085312276022699
72,2024,5,0,logistic_regression,0,0.3144852321227221
72,2024,6,0,logistic_regression,0,0.35475907594968764
72,2024,7,0,logistic_regression,0,0.29625771562975106
72,2024,8,0,logistic_regression,0,0.40450789267169523
72,2024,9,0,logistic_regression,0,0.4963033375398229
72,2024,11,0,logistic_regression,0,0.28599113779978685
72,2024,12,0,logistic_regression,0,0.2375326398113293
73,2023,11,1,logistic_regression,1,0.5626328966457287
73,2023,12,0,logistic_regression,1,0.512672181326875
73,2024,1,0,logistic_regression,1,0.683426150459395
73,2024,2,0,logistic_regression,1,0.6889217490022341
73,2024,3,0,logistic_regression,1,0.628165479146573
73,2024,4,0,logistic_regression,1,0.6566765589334107
73,2024,5,0,logistic_regression,1,0.6721837003508161
73,2024,6,0,logistic_regression,1,0.7370561867631495
73,2024,7,0,logistic_regression,1,0.6748119960548036
73,2024,8,0,logistic_regression,1,0.7798757463681018
73,2024,9,0,logistic_regression,1,0.8315771636089684
73,2024,11,0,logistic_regression,1,0.5925269642546322
73,2024,12,0,logistic_regression,0,0.4702268887943693
74,2023,11,1,logistic_regression,0,0.31254776180656657
74,2023,12,1,logistic_regression,0,0.3361631704184387
74,2024,1,1,logistic_regression,0,0.31173095660806516
74,2024,2,1,logistic_regression,0,0.3746299203161296
74,2024,3,1,logistic_regression,0,0.3303958648413422
74,2024,4,0,logistic_regression,0,0.30684442853840826
74,2024,5,1,logistic_regression,0,0.3766805804720714
74,2024,6,1,logistic_regression,0,0.41171105088839083
74,2024,7,0,logistic_regression,0,0.3320311014104745
74,2024,8,1,logistic_regression,0,0.4084204573057582
74,2024,9,0,logistic_regression,1,0.5128399641558361
74,2024,11,1,logistic_regression,0,0.3139267722208089
74,2024,12,0,logistic_regression,0,0.2839638921589697
75,2023,11,1,logistic_regression,0,0.3821560137877119
75,2023,12,1,logistic_regression,0,0.38275971925114854
75,2024,1,1,logistic_regression,0,0.3681576271102586
75,2024,2,1,logistic_regression,0,0.4320518374350109
75,2024,3,1,logistic_regression,0,0.40177088791576476
75,2024,4,0,logistic_regression,0,0.32734367641320206
75,2024,5,1,logistic_regression,0,0.45389155525293945
75,2024,6,1,logistic_regression,0,0.47968013190507863
75,2024,7,0,logistic_regression,0,0.3675248316751153
75,2024,8,1,logistic_regression,0,0.44829509024229786
75,2024,9,0,logistic_regression,1,0.5726739735522899
75,2024,11,1,logistic_regression,0,0.36746912453655506
75,2024,12,0,logistic_regression,0,0.3182888537387878
76,2023,11,0,logistic_regression,0,0.2917578337636139
76,2023,12,0,logistic_regression,0,0.294681570101418
76,2024,1,0,logistic_regression,0,0.26561129943406875
76,2024,2,0,logistic_regression,0,0.3295349126250447
76,2024,3,0,logistic_regression,0,0.2816795454102399
76,2024,4,0,logistic_regression,0,0.30793805154654796
76,2024,5,1,logistic_regression,0,0.3087579825414907
76,2024,6,0,logistic_regression,0,0.33325952581887575
76,2024,7,0,logistic_regression,0,0.2796213596403141
76,2024,8,0,logistic_regression,0,0.32955296012935636
76,2024,9,1,logistic_regression,0,0.4755155573238555
76,2024,11,0,logistic_regression,0,0.27365939376018805
76,2024,12,0,logistic_regression,0,0.22439000598848505
77,2023,11,1,logistic_regression,1,0.6207210730426191
77,2023,12,1,logistic_regression,1,0.6239526288254161
77,2024,1,1,logistic_regression,1,0.5816739392898419
77,2024,2,1,logistic_regression,1,0.6406955689776112
77,2024,3,1,logistic_regression,1,0.5958341810531081
77,2024,4,1,logistic_regression,1,0.6211484803680066
77,2024,5,1,logistic_regression,1,0.6346646314820306
77,2024,6,1,logistic_regression,1,0.6580879939673646
77,2024,7,1,logistic_regression,1,0.6314133498069613
77,2024,8,1,logistic_regression,1,0.7199702831655743
77,2024,9,1,logistic_regression,1,0.769086248917355
77,2024,11,1,logistic_regression,1,0.590982014312935
77,2024,12,1,logistic_regression,0,0.45878148787140877
78,2023,11,1,logistic_regression,0,0.1669032331573656
78,2023,12,0,logistic_regression,0,0.19487171611488574
78,2024,1,0,logistic_regression,0,0.17812400185006036
78,2024,2,0,logistic_regression,0,0.2279641828268655
78,2024,3,0,logistic_regression,0,0.1719608763749785
78,2024,4,0,logistic_regression,0,0.19251283006111908
78,2024,5,0,logistic_regression,0,0.2077203558832769
78,2024,6,0,logistic_regression,0,0.21422532348943607
78,2024,7,0,logistic_regression,0,0.20689071628014072
78,2024,8,0,logistic_regression,0,0.26150976746594956
78,2024,9,0,logistic_regression,0,0.3121506357877951
78,2024,11,0,logistic_regression,0,0.18817617919807544
78,2024,12,0,logistic_regression,0,0.14712420944957802
79,2023,11,1,logistic_regression,0,0.28130913596534407
79,2023,12,0,logistic_regression,0,0.28419820838423954
79,2024,1,0,logistic_regression,0,0.2594859619328065
79,2024,2,0,logistic_regression,0,0.32407137382174384
79,2024,3,0,logistic_regression,0,0.2768534441815825
79,2024,4,0,logistic_regression,0,0.3055675974211546
79,2024,5,0,logistic_regression,0,0.33022092547621595
79,2024,6,0,logistic_regression,0,0.3542771450323498
79,2024,7,0,logistic_regression,0,0.33423924935685856
79,2024,8,0,logistic_regression,0,0.41788401751316095
79,2024,9,0,logistic_regression,0,0.4651524965268773
79,2024,11,0,logistic_regression,0,0.27635421014410755
79,2024,12,0,logistic_regression,0,0.21112572882345973
80,2023,11,0,logistic_regression,0,0.1822405894493534
80,2023,12,1,logistic_regression,0,0.22153599906890653
80,2024,1,0,logistic_regression,0,0.21343239231514066
80,2024,2,0,logistic_regression,0,0.25473684953991116
80,2024,3,0,logistic_regression,0,0.1887786114076299
80,2024,4,0,logistic_regression,0,0.1524255503982027
80,2024,5,1,logistic_regression,1,0.8991531279973071
80,2024,12,0,logistic_regression,1,0.9545697881768124
81,2023,11,0,logistic_regression,0,0.20461902389644396
81,2023,12,1,logistic_regression,0,0.21064040373841242
81,2024,1,0,logistic_regression,0,0.20801678235930587
81,2024,2,0,logistic_regression,0,0.2528235376031451
81,2024,3,0,logistic_regression,0,0.20614209470995334
81,2024,4,0,logistic_regression,1,0.5089759961151288
81,2024,5,1,logistic_regression,0,0.22413658926506652
81,2024,6,0,logistic_regression,0,0.22979157037065845
81,2024,7,0,logistic_regression,0,0.20737419090820025
81,2024,8,0,logistic_regression,0,0.2711038620972128
81,2024,9,0,logistic_regression,0,0.32705708140918255
81,2024,11,0,logistic_regression,0,0.18493380615688423
81,2024,12,0,logistic_regression,0,0.15129023723720578
82,2023,11,0,logistic_regression,0,0.20611347097780922
82,2023,12,0,logistic_regression,0,0.21496446919372034
82,2024,1,1,logistic_regression,0,0.19226289861114
82,2024,2,0,logistic_regression,0,0.2364528528809244
82,2024,3,0,logistic_regression,1,0.5034110848333507
82,2024,4,0,logistic_regression,0,0.2078007130141211
82,2024,5,0,logistic_regression,0,0.2091463738625509
82,2024,6,0,logistic_regression,0,0.23510042043111232
82,2024,7,0,logistic_regression,0,0.20977300180609135
82,2024,8,0,logistic_regression,0,0.2923942499092636
82,2024,9,0,logistic_regression,0,0.3138328398769369
82,2024,11,0,logistic_regression,0,0.18618382681305348
82,2024,12,0,logistic_regression,0,0.15481525736942295
83,2023,11,0,logistic_regression,0,0.2015083571388922
83,2023,12,0,logistic_regression,0,0.2085505828257219
83,2024,1,1,logistic_regression,0,0.18663872695358735
83,2024,2,0,logistic_regression,0,0.2273487910637528
83,2024,3,0,logistic_regression,1,0.534205402355497
83,2024,4,0,logistic_regression,0,0.3843847351184284
83,2024,5,0,logistic_regression,0,0.19452585363604744
83,2024,6,0,logistic_regression,0,0.2214759715356463
83,2024,7,0,logistic_regression,0,0.20170226510095735
83,2024,8,0,logistic_regression,0,0.2804963456599512
83,2024,9,0,logistic_regression,0,0.305175140502652
83,2024,11,0,logistic_regression,0,0.1850330763443622
83,2024,12,0,logistic_regression,0,0.15190136465448567
84,2023,11,0,logistic_regression,0,0.3889942987273029
84,2023,12,0,logistic_regression,0,0.4174449503926239
84,2024,1,0,logistic_regression,0,0.40662462951183664
84,2024,2,0,logistic_regression,0,0.4690843978043244
84,2024,3,1,logistic_regression,0,0.42866631333174676
84,2024,4,0,logistic_regression,0,0.4171721620869656
84,2024,5,0,logistic_regression,0,0.49642410982846025
84,2024,6,0,logistic_regression,1,0.53506859982334
84,2024,7,1,logistic_regression,1,0.5212696911025787
84,2024,8,0,logistic_regression,1,0.6110348526237017
84,2024,9,0,logistic_regression,1,0.6023634290798986
84,2024,11,1,logistic_regression,0,0.4038501367745433
84,2024,12,0,logistic_regression,0,0.340939962620003
85,2023,11,0,logistic_regression,0,0.19737445645662485
85,2023,12,0,logistic_regression,0,0.21212846627389487
85,2024,1,0,logistic_regression,0,0.19804037411545508
85,2024,2,0,logistic_regression,0,0.24010209336141547
85,2024,3,0,logistic_regression,0,0.181149490328582
85,2024,4,0,logistic_regression,0,0.18930632151947382
85,2024,5,1,logistic_regression,0,0.20184382617943267
85,2024,6,0,logistic_regression,0,0.23155962455111329
85,2024,7,0,logistic_regression,0,0.11475165477140309
85,2024,8,0,logistic_regression,0,0.2755880242712171
85,2024,9,0,logistic_regression,0,0.29550939305510426
85,2024,11,0,logistic_regression,0,0.1941430233451812
85,2024,12,0,logistic_regression,0,0.15456314600358642
86,2023,11,0,logistic_regression,0,0.19063945504599134
86,2023,12,0,logistic_regression,0,0.20057114048306443
86,2024,1,0,logistic_regression,0,0.18931291422784405
86,2024,2,0,logistic_regression,0,0.23056054332300172
86,2024,3,0,logistic_regression,0,0.17027902633841216
86,2024,4,0,logistic_regression,0,0.21200237365217872
86,2024,5,1,logistic_regression,0,0.20460153932814773
86,2024,6,0,logistic_regression,0,0.21503050552048533
86,2024,7,0,logistic_regression,0,0.19977048480948872
86,2024,8,0,logistic_regression,0,0.2609625256643797
86,2024,9,0,logistic_regression,0,0.30122011074770294
86,2024,11,0,logistic_regression,0,0.1788269025770338
86,2024,12,0,logistic_regression,0,0.14868766291919938
87,2023,11,1,logistic_regression,0,0.44819656378164335
87,2023,12,0,logistic_regression,0,0.4388647081312684
87,2024,1,0,logistic_regression,0,0.4408944949662654
87,2024,2,0,logistic_regression,1,0.5083155687908352
87,2024,3,0,logistic_regression,0,0.48293947345175076
87,2024,4,0,logistic_regression,0,0.48273221018145424
87,2024,5,0,logistic_regression,0,0.44906335943609327
87,2024,6,0,logistic_regression,1,0.5492556240136094
87,2024,7,0,logistic_regression,1,0.5267606130951941
87,2024,8,0,logistic_regression,1,0.6221965910090748
87,2024,9,0,logistic_regression,1,0.7032867564018459
87,2024,11,0,logistic_regression,0,0.44543910346549115
87,2024,12,0,logistic_regression,0,0.37851030287745613
88,2023,11,0,logistic_regression,0,0.3166616000836664
88,2023,12,0,logistic_regression,0,0.30902287218116503
88,2024,1,0,logistic_regression,0,0.30443657468666063
88,2024,2,0,logistic_regression,0,0.36837115159900263
88,2024,3,0,logistic_regression,0,0.30755523248501315
88,2024,4,0,logistic_regression,0,0.3303302503662061
88,2024,5,1,logistic_regression,0,0.30166340869426506
88,2024,6,0,logistic_regression,0,0.39410788741205566
88,2024,7,1,logistic_regression,0,0.3702952261825565
88,2024,8,0,logistic_regression,0,0.4558592508902876
88,2024,9,0,logistic_regression,0,0.49583918063459875
88,2024,11,1,logistic_regression,0,0.2861378704948916
88,2024,12,0,logistic_regression,0,0.24242953588697036
89,2023,11,0,logistic_regression,0,0.4499213897587882
89,2023,12,0,logistic_regression,0,0.41820720020959035
89,2024,1,0,logistic_regression,0,0.4533679475916213
89,2024,2,0,logistic_regression,1,0.5105891485319584
89,2024,3,0,logistic_regression,0,0.4885351790052176
89,2024,4,0,logistic_regression,0,0.4827899353385001
89,2024,5,1,logistic_regression,1,0.522026839852221
89,2024,6,0,logistic_regression,1,0.5862002207749405
89,2024,7,1,logistic_regression,1,0.5698991026694539
89,2024,8,0,logistic_regression,1,0.669622800781672
89,2024,9,0,logistic_regression,1,0.6937098612614839
89,2024,11,1,logistic_regression,0,0.4282929406772053
89,2024,12,0,logistic_regression,0,0.341051182726825
90,2023,11,0,logistic_regression,0,0.2415554378472649
90,2023,12,1,logistic_regression,0,0.22334967133157888
90,2024,1,0,logistic_regression,0,0.22380898030131013
90,2024,2,0,logistic_regression,0,0.2774144258301596
90,2024,3,0,logistic_regression,0,0.2409960017872942
90,2024,4,0,logistic_regression,0,0.24491938472004215
90,2024,5,0,logistic_regression,0,0.2397081848666611
90,2024,6,0,logistic_regression,0,0.29825552863537974
90,2024,7,0,logistic_regression,0,0.2760886419455523
90,2024,8,0,logistic_regression,0,0.3764311077552267
90,2024,9,0,logistic_regression,0,0.4064087485600805
90,2024,11,0,logistic_regression,0,0.20870247084442667
90,2024,12,0,logistic_regression,0,0.17502982369961548
91,2023,11,0,logistic_regression,0,0.24164769098192906
91,2023,12,1,logistic_regression,0,0.22635401566892677
91,2024,1,0,logistic_regression,0,0.2215570591749935
91,2024,2,0,logistic_regression,0,0.2731425524169115
91,2024,3,0,logistic_regression,0,0.23653156263711128
91,2024,4,0,logistic_regression,0,0.24816031246849235
91,2024,5,0,logistic_regression,0,0.23368254172420105
91,2024,6,0,logistic_regression,0,0.29306793092203437
91,2024,7,0,logistic_regression,0,0.2729762229624597
91,2024,8,0,logistic_regression,0,0.38394826677490423
91,2024,9,0,logistic_regression,0,0.3993814217909312
91,2024,11,0,logistic_regression,0,0.20707288766172038
91,2024,12,0,logistic_regression,0,0.17438084066596932
92,2023,11,0,logistic_regression,0,0.2566748667456457
92,2023,12,0,logistic_regression,0,0.23244087680933362
92,2024,1,0,logistic_regression,0,0.23126827252963097
92,2024,2,0,logistic_regression,0,0.285395975825393
92,2024,3,0,logistic_regression,0,0.2524619993653049
92,2024,4,0,logistic_regression,0,0.2744003354888821
92,2024,5,0,logistic_regression,0,0.2615028103015205
92,2024,6,0,logistic_regression,0,0.32347238202743483
92,2024,7,0,logistic_regression,0,0.3024520543322578
92,2024,8,0,logistic_regression,0,0.39882090778459894
92,2024,9,0,logistic_regression,0,0.46640678301710914
92,2024,11,0,logistic_regression,0,0.23934499228864584
92,2024,12,0,logistic_regression,0,0.18966917409130712
93,2023,11,0,logistic_regression,0,0.2554748174390174
93,2023,12,0,logistic_regression,0,0.23159396375053048
93,2024,1,0,logistic_regression,0,0.23325634550706176
93,2024,2,0,logistic_regression,0,0.28670361093920643
93,2024,3,0,logistic_regression,0,0.2508620711199758
93,2024,4,0,logistic_regression,0,0.37331542451100164
93,2024,5,0,logistic_regression,0,0.28442702205369713
93,2024,6,0,logistic_regression,0,0.3298145299803394
93,2024,7,0,logistic_regression,0,0.30746918624547426
93,2024,8,0,logistic_regression,0,0.40896120893701127
93,2024,9,0,logistic_regression,0,0.4655049662887448
93,2024,11,0,logistic_regression,0,0.2385258628548546
93,2024,12,0,logistic_regression,0,0.18602484964892615
94,2023,11,0,logistic_regression,0,0.27012133255668563
94,2023,12,0,logistic_regression,0,0.24230655303648088
94,2024,1,0,logistic_regression,0,0.221449001802535
94,2024,2,0,logistic_regression,0,0.2705036185026451
94,2024,3,0,logistic_regression,0,0.21966782425991083
94,2024,4,1,logistic_regression,0,0.21690600742690214
94,2024,5,0,logistic_regression,0,0.22324969350470195
94,2024,6,0,logistic_regression,0,0.25664474571148926
94,2024,7,0,logistic_regression,0,0.34572440818396527
94,2024,8,0,logistic_regression,0,0.4380364351428781
94,2024,9,1,logistic_regression,0,0.4899639200770777
94,2024,11,1,logistic_regression,0,0.2706144802053993
94,2024,12,0,logistic_regression,0,0.2603695442067365
95,2023,11,0,logistic_regression,0,0.37742565249530524
95,2023,12,0,logistic_regression,0,0.3519429812899955
95,2024,1,1,logistic_regression,0,0.3294311768574359
95,2024,2,0,logistic_regression,0,0.3959522020786977
95,2024,3,0,logistic_regression,0,0.3255417681743803
95,2024,4,0,logistic_regression,0,0.3600350056689263
95,2024,5,0,logistic_regression,0,0.3497153314812003
95,2024,6,0,logistic_regression,1,0.5240018927133375
95,2024,7,0,logistic_regression,1,0.7013478997363998
95,2024,8,1,logistic_regression,0,0.4794449649141692
95,2024,9,0,logistic_regression,1,0.5183186442027051
95,2024,11,0,logistic_regression,0,0.3246796721188548
95,2024,12,0,logistic_regression,0,0.2833373633924772
96,2023,11,0,logistic_regression,0,0.35529620644939636
96,2023,12,0,logistic_regression,0,0.3339827564894502
96,2024,1,1,logistic_regression,0,0.31737808624307307
96,2024,2,0,logistic_regression,0,0.38132219170330156
96,2024,3,0,logistic_regression,0,0.30785011514870936
96,2024,4,0,logistic_regression,0,0.3471148163516099
96,2024,5,0,logistic_regression,0,0.3382497198268282
96,2024,6,0,logistic_regression,0,0.3658203494139992
96,2024,7,0,logistic_regression,0,0.3910503776644148
96,2024,8,1,logistic_regression,0,0.4925918306941926
96,2024,9,0,logistic_regression,0,0.4945706198962432
96,2024,11,0,logistic_regression,0,0.2296508865198734
96,2024,12,0,logistic_regression,1,0.7846428253196169
97,2023,11,0,logistic_regression,0,0.25376883368499864
97,2023,12,0,logistic_regression,0,0.24618367044731088
97,2024,1,1,logistic_regression,0,0.23892406431359012
97,2024,2,0,logistic_regression,0,0.2958104580988487
97,2024,3,0,logistic_regression,0,0.24727930349539795
97,2024,4,0,logistic_regression,0,0.2532745269336677
97,2024,5,0,logistic_regression,0,0.23484022730554371
97,2024,6,0,logistic_regression,0,0.2845935635739425
97,2024,7,1,logistic_regression,0,0.29302820073437963
97,2024,8,0,logistic_regression,0,0.3692877499116319
97,2024,9,0,logistic_regression,0,0.4037890309030604
97,2024,11,0,logistic_regression,0,0.23832511144351406
97,2024,12,0,logistic_regression,0,0.19205890151496802
98,2023,11,0,logistic_regression,0,0.2853128276402741
98,2023,12,0,logistic_regression,0,0.2750405099735081
98,2024,1,1,logistic_regression,0,0.2609941719204989
98,2024,2,0,logistic_regression,0,0.3145604185346857
98,2024,3,0,logistic_regression,0,0.2741773961846743
98,2024,4,0,logistic_regression,0,0.27822059985554226
98,2024,5,0,logistic_regression,0,0.24858861948721023
98,2024,6,0,logistic_regression,0,0.31627090868024726
98,2024,7,1,logistic_regression,0,0.3165399092625662
98,2024,8,0,logistic_regression,0,0.3875726557626043
98,2024,9,0,logistic_regression,0,0.43955774788989993
98,2024,11,0,logistic_regression,0,0.2616008620609123
98,2024,12,0,logistic_regression,0,0.2158030225238667
99,2023,11,1,logistic_regression,0,0.22862198375063217
99,2023,12,0,logistic_regression,0,0.21576028160594585
99,2024,1,0,logistic_regression,0,0.22653700220015602
99,2024,2,1,logistic_regression,0,0.2604550245981311
99,2024,3,0,logistic_regression,0,0.19600562960412435
99,2024,4,1,logistic_regression,0,0.22625311222588584
99,2024,5,1,logistic_regression,0,0.21059080005070435
99,2024,6,1,logistic_regression,0,0.2356317413042739
99,2024,7,1,logistic_regression,0,0.22966143135335657
99,2024,8,1,logistic_regression,0,0.3054853749858995
99,2024,9,1,logistic_regression,0,0.3454393470523084
99,2024,11,1,logistic_regression,0,0.18779061819457282
99,2024,12,1,logistic_regression,0,0.16187832977444627
100,2023,11,1,logistic_regression,1,0.7629576270213692
100,2023,12,0,logistic_regression,1,0.7389583209876418
100,2024,1,0,logistic_regression,1,0.7506334125050231
100,2024,2,1,logistic_regression,1,0.8116583211167563
100,2024,3,0,logistic_regression,1,0.7912171625837313
100,2024,4,1,logistic_regression,1,0.8205807656364545
100,2024,5,1,logistic_regression,1,0.860208608791142
100,2024,6,1,logistic_regression,1,0.8796526275388267
100,2024,7,1,logistic_regression,1,0.8375403070512673
100,2024,8,1,logistic_regression,1,0.8956879003041124
100,2024,9,1,logistic_regression,1,0.9056507042901772
100,2024,11,1,logistic_regression,1,0.7852852125087192
100,2024,12,1,logistic_regression,1,0.6968604589381692
101,2023,11,1,logistic_regression,0,0.32334560959544323
101,2023,12,0,logistic_regression,0,0.31067822736792294
101,2024,1,1,logistic_regression,0,0.2909127411565492
101,2024,2,1,logistic_regression,0,0.37302603284379093
101,2024,3,1,logistic_regression,0,0.3183764746181881
101,2024,4,1,logistic_regression,0,0.37199960762465006
101,2024,5,0,logistic_regression,0,0.3855663160452825
101,2024,6,0,logistic_regression,0,0.4714348754135027
101,2024,7,0,logistic_regression,0,0.4405680149256965
101,2024,8,1,logistic_regression,1,0.5191187979550008
101,2024,9,0,logistic_regression,1,0.5769241460205774
101,2024,11,1,logistic_regression,0,0.3395806842260511
101,2024,12,1,logistic_regression,0,0.2873878244275846
102,2023,11,1,logistic_regression,0,0.2737534391508539
102,2023,12,0,logistic_regression,0,0.26248091929768946
102,2024,1,1,logistic_regression,0,0.2505807629737203
102,2024,2,1,logistic_regression,0,0.31767251009420633
102,2024,3,1,logistic_regression,0,0.27618073722217323
102,2024,4,1,logistic_regression,0,0.29016119753206243
102,2024,5,0,logistic_regression,0,0.2855645300389418
102,2024,6,0,logistic_regression,1,0.5324940967088471
102,2024,7,0,logistic_regression,0,0.3448778736069351
102,2024,8,1,logistic_regression,0,0.40221762686897145
102,2024,9,0,logistic_regression,0,0.4935527686214972
102,2024,11,1,logistic_regression,0,0.26473013925752137
102,2024,12,1,logistic_regression,0,0.2307944265957345
103,2023,11,0,logistic_regression,0,0.2208864352003581
103,2023,12,0,logistic_regression,0,0.206988735332049
103,2024,1,0,logistic_regression,0,0.20290378680638824
103,2024,2,0,logistic_regression,0,0.24039449112826536
103,2024,3,0,logistic_regression,0,0.21058474571534788
103,2024,4,0,logistic_regression,0,0.22144223288979661
103,2024,5,0,logistic_regression,0,0.20090841106865454
103,2024,6,0,logistic_regression,0,0.24437801193383782
103,2024,7,0,logistic_regression,0,0.24117880812713338
103,2024,8,0,logistic_regression,0,0.31676403626663024
103,2024,9,0,logistic_regression,0,0.38200366590559864
103,2024,11,0,logistic_regression,0,0.19937839715437325
103,2024,12,0,logistic_regression,0,0.16744096369960004
104,2023,11,0,logistic_regression,0,0.22263640431907408
104,2023,12,0,logistic_regression,0,0.21091153372180163
104,2024,1,0,logistic_regression,0,0.20992412227122215
104,2024,2,0,logistic_regression,0,0.2754018269555134
104,2024,3,0,logistic_regression,0,0.22564782499150174
104,2024,4,0,logistic_regression,0,0.23370465864149134
104,2024,5,0,logistic_regression,0,0.2101117794436255
104,2024,6,0,logistic_regression,0,0.25213285755680015
104,2024,7,0,logistic_regression,0,0.24906583518900408
104,2024,8,0,logistic_regression,0,0.3265832663097481
104,2024,9,0,logistic_regression,0,0.3866649150308178
104,2024,11,0,logistic_regression,0,0.2001874576182337
104,2024,12,0,logistic_regression,0,0.1661700767077949
105,2023,11,0,logistic_regression,0,0.1791514826566106
105,2023,12,0,logistic_regression,0,0.190499068176456
105,2024,1,0,logistic_regression,0,0.17079476344643113
105,2024,2,1,logistic_regression,0,0.2053903658859544
105,2024,3,0,logistic_regression,0,0.1410417564146205
105,2024,4,0,logistic_regression,0,0.1657997263452961
105,2024,5,0,logistic_regression,0,0.15987834014994207
105,2024,6,0,logistic_regression,0,0.20033446864167717
105,2024,7,0,logistic_regression,0,0.16040300585886974
105,2024,8,0,logistic_regression,0,0.21704671876621567
105,2024,9,0,logistic_regression,0,0.24366458624355358
105,2024,11,0,logistic_regression,0,0.18172368294950067
105,2024,12,0,logistic_regression,0,0.13305975885234908
106,2023,11,0,logistic_regression,0,0.22154356504732284
106,2023,12,0,logistic_regression,0,0.22409248991640823
106,2024,1,0,logistic_regression,0,0.20313731583105837
106,2024,2,1,logistic_regression,0,0.24978432244557666
106,2024,3,0,logistic_regression,0,0.18282715787515358
106,2024,4,0,logistic_regression,0,0.20533880014795464
106,2024,5,0,logistic_regression,0,0.19345530380083173
106,2024,6,0,logistic_regression,0,0.21735570252087832
106,2024,7,0,logistic_regression,0,0.20758321114293438
106,2024,8,0,logistic_regression,0,0.2819626444677367
106,2024,9,0,logistic_regression,0,0.29688008642745456
106,2024,11,0,logistic_regression,0,0.19204836725835583
106,2024,12,0,logistic_regression,0,0.15739551216783604
107,2023,11,1,logistic_regression,1,0.9900875679575569
107,2023,12,1,logistic_regression,1,0.980471050181759
107,2024,1,1,logistic_regression,1,0.9784344763953484
107,2024,2,1,logistic_regression,1,0.9921176315147973
107,2024,3,1,logistic_regression,1,0.9967444617676305
107,2024,4,1,logistic_regression,1,0.9951511462880268
107,2024,5,1,logistic_regression,1,0.9975362309268037
107,2024,6,1,logistic_regression,1,0.9984241396233445
107,2024,7,1,logistic_regression,1,0.996840860478979
107,2024,8,1,logistic_regression,1,0.9985030070155518
107,2024,9,1,logistic_regression,1,0.9991646340513759
107,2024,11,1,logistic_regression,1,0.9935247747420434
107,2024,12,1,logistic_regression,1,0.9833416328729598
108,2023,11,0,logistic_regression,0,0.4207719123286372
108,2023,12,0,logistic_regression,0,0.4252054041409047
108,2024,1,0,logistic_regression,0,0.4022523607426268
108,2024,2,0,logistic_regression,0,0.48914975958101836
108,2024,3,0,logistic_regression,1,0.5031679967351358
108,2024,4,0,logistic_regression,1,0.5224093167717447
108,2024,5,1,logistic_regression,1,0.5732407753229324
108,2024,6,0,logistic_regression,1,0.5982536517268306
108,2024,7,0,logistic_regression,1,0.5389508714464069
108,2024,8,0,logistic_regression,1,0.6511648877828679
108,2024,9,1,logistic_regression,1,0.7418720671132254
108,2024,11,0,logistic_regression,0,0.47812603254565716
108,2024,12,0,logistic_regression,0,0.3587672718048585
109,2023,11,0,logistic_regression,1,0.6140668083036771
109,2023,12,0,logistic_regression,1,0.6047319224665146
109,2024,1,0,logistic_regression,1,0.5878779756587718
109,2024,2,0,logistic_regression,1,0.6792228453863292
109,2024,3,0,logistic_regression,1,0.6981983856061766
109,2024,4,0,logistic_regression,1,0.6946179820623274
109,2024,5,0,logistic_regression,1,0.7776664430236246
109,2024,6,0,logistic_regression,1,0.8168522666994427
109,2024,7,0,logistic_regression,1,0.7872709809575312
109,2024,8,0,logistic_regression,1,0.8783622739265552
109,2024,9,1,logistic_regression,1,0.8834388311656389
109,2024,11,0,logistic_regression,1,0.6442684680305629
109,2024,12,0,logistic_regression,1,0.5144488308331847
110,2023,11,0,logistic_regression,1,0.552920249825313
110,2023,12,0,logistic_regression,0,0.42378933631191285
110,2024,1,0,logistic_regression,1,0.5406265522088742
110,2024,2,0,logistic_regression,1,0.6434259178807333
110,2024,3,0,logistic_regression,1,0.6172681620706508
110,2024,4,1,logistic_regression,1,0.6363341520440844
110,2024,5,0,logistic_regression,1,0.665872378951869
110,2024,6,0,logistic_regression,1,0.7452296641624824
110,2024,7,0,logistic_regression,1,0.6903282774778732
110,2024,8,0,logistic_regression,1,0.7498830645951068
110,2024,9,1,logistic_regression,1,0.7682143930257302
110,2024,11,1,logistic_regression,1,0.5068940691865247
110,2024,12,0,logistic_regression,0,0.383077895082088
111,2023,11,0,logistic_regression,0,0.3342024701388608
111,2023,12,0,logistic_regression,0,0.33482004763255857
111,2024,1,0,logistic_regression,0,0.3173082063281041
111,2024,2,0,logistic_regression,0,0.40476548748460783
111,2024,3,0,logistic_regression,0,0.3727324251474678
111,2024,4,1,logistic_regression,0,0.40695343729080563
111,2024,5,0,logistic_regression,0,0.4018244900363459
111,2024,6,1,logistic_regression,0,0.48295119263558345
111,2024,7,0,logistic_regression,0,0.43878461594834584
111,2024,8,1,logistic_regression,1,0.5355013872572467
111,2024,9,0,logistic_regression,1,0.5835232402808537
111,2024,11,1,logistic_regression,0,0.3205175574713296
111,2024,12,0,logistic_regression,0,0.26317155536006004
112,2023,11,0,logistic_regression,0,0.4621894516012957
112,2023,12,0,logistic_regression,0,0.38500501153774386
112,2024,1,1,logistic_regression,0,0.3996375663062415
112,2024,2,0,logistic_regression,0,0.488932017192259
112,2024,3,0,logistic_regression,0,0.46298892000107833
112,2024,4,0,logistic_regression,0,0.4630814898496523
112,2024,5,0,logistic_regression,0,0.44347197371910374
112,2024,6,0,logistic_regression,1,0.562675001009454
112,2024,7,0,logistic_regression,1,0.5308176975132527
112,2024,8,1,logistic_regression,1,0.621689619406471
112,2024,9,0,logistic_regression,1,0.6781873576386696
112,2024,11,0,logistic_regression,0,0.41534055486505916
112,2024,12,0,logistic_regression,0,0.31362310418553524
113,2023,11,0,logistic_regression,0,0.23163427283582794
113,2023,12,0,logistic_regression,0,0.2690210805996277
113,2024,1,0,logistic_regression,0,0.23356078786645137
113,2024,2,0,logistic_regression,0,0.3056067370255513
113,2024,3,0,logistic_regression,0,0.26877746734994656
113,2024,4,0,logistic_regression,0,0.26839472027075945
113,2024,5,0,logistic_regression,0,0.30830857072028284
113,2024,6,0,logistic_regression,0,0.3460908682387944
113,2024,7,0,logistic_regression,0,0.3050322899103209
113,2024,8,0,logistic_regression,0,0.41260840751169425
113,2024,9,0,logistic_regression,0,0.4404920283352358
113,2024,11,0,logistic_regression,0,0.24700144857074996
113,2024,12,1,logistic_regression,0,0.19980693235390418
114,2023,11,0,logistic_regression,0,0.15050396851647949
114,2023,12,0,logistic_regression,0,0.17646176916621065
114,2024,1,0,logistic_regression,0,0.16408548066176706
114,2024,2,0,logistic_regression,0,0.20863964554946188
114,2024,3,0,logistic_regression,0,0.1489225788732659
114,2024,4,0,logistic_regression,0,0.16065106116724134
114,2024,5,0,logistic_regression,0,0.16769900877536273
114,2024,6,0,logistic_regression,0,0.1783009979820603
114,2024,7,0,logistic_regression,0,0.17005862510662176
114,2024,8,0,logistic_regression,0,0.20705013254925766
114,2024,9,0,logistic_regression,0,0.25803532711950156
114,2024,11,0,logistic_regression,0,0.1465810210218382
114,2024,12,1,logistic_regression,0,0.12994112162344512
115,2023,11,0,logistic_regression,0,0.41578975378761884
115,2023,12,0,logistic_regression,0,0.46331050102632
115,2024,1,0,logistic_regression,0,0.43520765702745273
115,2024,2,1,logistic_regression,1,0.5270818974529402
115,2024,3,1,logistic_regression,0,0.470204242793675
115,2024,4,1,logistic_regression,0,0.4781657650212855
115,2024,5,0,logistic_regression,0,0.49798501461803246
115,2024,6,1,logistic_regression,1,0.6520716798690349
115,2024,7,0,logistic_regression,1,0.5951857431894332
115,2024,8,1,logistic_regression,1,0.7153024396273767
115,2024,9,0,logistic_regression,1,0.6897647180998584
115,2024,11,0,logistic_regression,0,0.4246890890543802
115,2024,12,0,logistic_regression,0,0.3476687336441751
116,2023,11,0,logistic_regression,0,0.2385450201752738
116,2023,12,0,logistic_regression,0,0.2443646015311177
116,2024,1,1,logistic_regression,0,0.2326709423947414
116,2024,2,1,logistic_regression,0,0.28987144337817966
116,2024,3,1,logistic_regression,0,0.24944537279047702
116,2024,4,0,logistic_regression,0,0.25311798004904235
116,2024,5,1,logistic_regression,0,0.2969737350487573
116,2024,6,0,logistic_regression,0,0.3001118876771267
116,2024,7,1,logistic_regression,0,0.2691070393007303
116,2024,8,0,logistic_regression,0,0.3374308748640405
116,2024,9,1,logistic_regression,0,0.406177710640443
116,2024,11,1,logistic_regression,0,0.21113281028590433
116,2024,12,0,logistic_regression,0,0.16744218074536374
117,2023,11,0,logistic_regression,0,0.23915420898215545
117,2023,12,0,logistic_regression,0,0.24761467248246202
117,2024,1,1,logistic_regression,0,0.23700079090143802
117,2024,2,1,logistic_regression,0,0.30296826351154893
117,2024,3,1,logistic_regression,0,0.25593524146348295
117,2024,4,0,logistic_regression,0,0.27595497914506695
117,2024,5,1,logistic_regression,0,0.32470697434003337
117,2024,6,0,logistic_regression,0,0.3730316793589706
117,2024,7,1,logistic_regression,0,0.34962771463435127
117,2024,8,0,logistic_regression,0,0.4325910188242093
117,2024,9,1,logistic_regression,0,0.48467946656813915
117,2024,11,1,logistic_regression,0,0.23243175588941092
117,2024,12,0,logistic_regression,0,0.18857643389796408
118,2023,11,1,logistic_regression,1,0.6848466116538614
118,2023,12,0,logistic_regression,1,0.6550753768558364
118,2024,1,0,logistic_regression,1,0.6004026876619789
118,2024,2,1,logistic_regression,1,0.7210294721342025
118,2024,3,0,logistic_regression,1,0.6884308503668142
118,2024,4,1,logistic_regression,1,0.6562107064768826
118,2024,5,1,logistic_regression,1,0.7260876722239192
118,2024,6,1,logistic_regression,1,0.7923194325285525
118,2024,7,0,logistic_regression,1,0.7337825609395777
118,2024,8,0,logistic_regression,1,0.7811825400349284
118,2024,9,0,logistic_regression,1,0.8538523614376795
118,2024,11,1,logistic_regression,1,0.6730041413617209
118,2024,12,1,logistic_regression,1,0.5518857357222231
119,2023,11,1,logistic_regression,0,0.14315179050201307
119,2023,12,0,logistic_regression,0,0.15760790724243667
119,2024,1,0,logistic_regression,0,0.13927563752468372
119,2024,2,1,logistic_regression,0,0.1789021745918033
119,2024,3,0,logistic_regression,0,0.12450354420358636
119,2024,4,1,logistic_regression,0,0.13263732699404157
119,2024,5,1,logistic_regression,0,0.13531383097053243
119,2024,6,1,logistic_regression,0,0.15511171263044568
119,2024,7,0,logistic_regression,0,0.1367701135940621
119,2024,8,0,logistic_regression,0,0.1689644452782191
119,2024,9,0,logistic_regression,0,0.2204264748421538
119,2024,11,1,logistic_regression,1,0.9479991936946205
119,2024,12,1,logistic_regression,1,0.9467494523755724
120,2023,11,0,logistic_regression,0,0.16190590480071726
120,2023,12,1,logistic_regression,0,0.17195520683885587
120,2024,1,0,logistic_regression,0,0.15164939007751457
120,2024,2,0,logistic_regression,0,0.19263194562695404
120,2024,3,0,logistic_regression,0,0.1506446669282367
120,2024,4,0,logistic_regression,0,0.1680540523706925
120,2024,5,1,logistic_regression,0,0.17827428784458677
120,2024,6,0,logistic_regression,0,0.20342042613273265
120,2024,7,0,logistic_regression,0,0.2001781896648264
120,2024,8,1,logistic_regression,0,0.25747582712050093
120,2024,9,1,logistic_regression,0,0.2800163157419343
120,2024,11,0,logistic_regression,0,0.14093183956623193
120,2024,12,1,logistic_regression,0,0.1161900989227196
121,2023,11,0,logistic_regression,0,0.30800770877408956
121,2023,12,1,logistic_regression,0,0.3086250225947151
121,2024,1,0,logistic_regression,0,0.28384680062662054
121,2024,2,0,logistic_regression,0,0.3712864091511595
121,2024,3,0,logistic_regression,0,0.333768971355574
121,2024,4,0,logistic_regression,0,0.3408381603674933
121,2024,5,1,logistic_regression,0,0.3801810597104706
121,2024,6,0,logistic_regression,0,0.4143309816777943
121,2024,7,0,logistic_regression,0,0.35012065809020604
121,2024,8,1,logistic_regression,1,0.5023217599479113
121,2024,9,1,logistic_regression,1,0.5290504857084047
121,2024,11,0,logistic_regression,0,0.27319666484751187
121,2024,12,1,logistic_regression,0,0.21864333928869395
122,2023,11,1,logistic_regression,1,0.7740127844630231
122,2023,12,1,logistic_regression,1,0.7005993910357184
122,2024,1,1,logistic_regression,1,0.7337515864554348
122,2024,2,1,logistic_regression,1,0.8016917530461934
122,2024,3,1,logistic_regression,1,0.8536028915755128
122,2024,4,1,logistic_regression,1,0.8080134630267565
122,2024,5,1,logistic_regression,1,0.9090707239728114
122,2024,6,1,logistic_regression,1,0.9341268624525686
122,2024,7,1,logistic_regression,1,0.8680669925751803
122,2024,8,1,logistic_regression,0,0.48551218276325914
122,2024,9,1,logistic_regression,0,0.2297227060045976
122,2024,11,1,logistic_regression,0,0.13234375707432264
122,2024,12,1,logistic_regression,0,0.11147117059804378
123,2024,11,0,logistic_regression,1,0.931903406844203
123,2024,12,0,logistic_regression,1,0.9323580296852233
124,2023,11,0,logistic_regression,0,0.163661748332651
124,2023,12,0,logistic_regression,0,0.13190273308518075
124,2024,1,0,logistic_regression,0,0.11847106310696691
124,2024,2,0,logistic_regression,0,0.14870774245894394
124,2024,3,0,logistic_regression,0,0.10509092533848
124,2024,4,1,logistic_regression,0,0.1080839058303756
124,2024,5,0,logistic_regression,0,0.10096994463206856
124,2024,6,0,logistic_regression,0,0.11817617198731067
124,2024,7,0,logistic_regression,0,0.10888113720063175
124,2024,8,0,logistic_regression,0,0.24303996209899076
124,2024,11,0,logistic_regression,1,0.931432561894404
124,2024,12,0,logistic_regression,1,0.931890098421901
125,2023,11,1,logistic_regression,1,0.5882274969063567
125,2023,12,1,logistic_regression,1,0.5552634817111881
125,2024,1,1,logistic_regression,1,0.555601653360488
125,2024,2,1,logistic_regression,1,0.6580235240734452
125,2024,3,1,logistic_regression,1,0.6923370075079512
125,2024,4,1,logistic_regression,1,0.6513036561021578
125,2024,5,1,logistic_regression,1,0.7668916932575244
125,2024,6,1,logistic_regression,1,0.8131235688847276
125,2024,7,1,logistic_regression,1,0.7202406603960545
125,2024,8,1,logistic_regression,1,0.8885662992947583
125,2024,9,1,logistic_regression,1,0.9336682823984667
125,2024,11,1,logistic_regression,1,0.7760073238143432
125,2024,12,1,logistic_regression,1,0.646880824905695
126,2023,11,0,logistic_regression,0,0.35706980048175835
126,2023,12,0,logistic_regression,0,0.3568604156611005
126,2024,1,1,logistic_regression,0,0.37718309946691686
126,2024,2,1,logistic_regression,0,0.4356188238661338
126,2024,3,0,logistic_regression,0,0.36719954055615867
126,2024,4,0,logistic_regression,0,0.3957431185314273
126,2024,5,1,logistic_regression,0,0.445715649255377
126,2024,6,0,logistic_regression,0,0.46556020538884396
126,2024,7,0,logistic_regression,0,0.46842698169687635
126,2024,8,0,logistic_regression,1,0.5769591597989979
126,2024,9,0,logistic_regression,1,0.600938135111187
126,2024,11,1,logistic_regression,0,0.18930693853963285
126,2024,12,0,logistic_regression,0,0.26615886733232946
127,2023,11,0,logistic_regression,0,0.369558063108767
127,2023,12,0,logistic_regression,0,0.23647122967150302
127,2024,1,1,logistic_regression,0,0.321209267003075
127,2024,2,0,logistic_regression,0,0.4140308077488785
127,2024,3,0,logistic_regression,0,0.3867297195232337
127,2024,4,0,logistic_regression,0,0.38480211119704755
127,2024,5,0,logistic_regression,0,0.3758451838727384
127,2024,6,0,logistic_regression,0,0.4656550301918691
127,2024,7,0,logistic_regression,0,0.46993754203160076
127,2024,8,1,logistic_regression,1,0.5405854040671373
127,2024,9,0,logistic_regression,1,0.6088856955377746
127,2024,11,0,logistic_regression,0,0.3508460507402957
127,2024,12,0,logistic_regression,0,0.24746085829754183
128,2023,11,0,logistic_regression,0,0.29171881229164814
128,2023,12,0,logistic_regression,0,0.31517984463583715
128,2024,1,0,logistic_regression,0,0.28440348504721813
128,2024,2,0,logistic_regression,0,0.33843897929470157
128,2024,3,1,logistic_regression,0,0.27728718390527424
128,2024,4,1,logistic_regression,0,0.295493864706181
128,2024,5,0,logistic_regression,0,0.31543063880302713
128,2024,6,1,logistic_regression,0,0.33311329929245215
128,2024,7,1,logistic_regression,0,0.3266626531666151
128,2024,8,0,logistic_regression,0,0.3850248079150864
128,2024,9,1,logistic_regression,0,0.43135206340411375
128,2024,11,0,logistic_regression,0,0.257197606222271
128,2024,12,0,logistic_regression,0,0.2200963719105063
129,2023,11,0,logistic_regression,0,0.255115257428685
129,2023,12,0,logistic_regression,0,0.2759811608168883
129,2024,1,0,logistic_regression,0,0.25527278732570563
129,2024,2,0,logistic_regression,0,0.2976126684231226
129,2024,3,1,logistic_regression,0,0.24368864659847708
129,2024,4,1,logistic_regression,0,0.2640043099106914
129,2024,5,0,logistic_regression,0,0.27940773672574004
129,2024,6,1,logistic_regression,0,0.29461361250362383
129,2024,7,0,logistic_regression,0,0.3146558640579419
129,2024,8,0,logistic_regression,0,0.26954918965309066
129,2024,9,1,logistic_regression,0,0.40415101388022856
129,2024,11,0,logistic_regression,0,0.2369447130406865
129,2024,12,0,logistic_regression,0,0.19895979748800813
131,2023,11,0,logistic_regression,0,0.235966297483099
131,2023,12,0,logistic_regression,0,0.26548874449836896
131,2024,1,0,logistic_regression,0,0.22926410915552314
131,2024,2,0,logistic_regression,0,0.3088870672620609
131,2024,3,0,logistic_regression,0,0.2642681630621487
131,2024,4,0,logistic_regression,0,0.2911147002283977
131,2024,5,1,logistic_regression,0,0.3349825297944056
131,2024,6,0,logistic_regression,0,0.39139674282976733
131,2024,7,0,logistic_regression,0,0.35077801069633613
131,2024,8,0,logistic_regression,0,0.4750737407022553
131,2024,9,0,logistic_regression,0,0.46206401925020285
131,2024,11,0,logistic_regression,0,0.24419502466149665
131,2024,12,0,logistic_regression,0,0.1897926337376434
132,2023,11,0,logistic_regression,0,0.1724191755593259
132,2023,12,0,logistic_regression,0,0.15894134420413614
132,2024,1,0,logistic_regression,0,0.16241911791730712
132,2024,2,0,logistic_regression,0,0.19315008127532096
132,2024,3,0,logistic_regression,0,0.16524209767640033
132,2024,4,0,logistic_regression,0,0.17512247121341218
132,2024,5,0,logistic_regression,0,0.16293178177530873
132,2024,6,0,logistic_regression,0,0.218413866746646
132,2024,7,0,logistic_regression,0,0.19790401138924144
132,2024,8,0,logistic_regression,0,0.2572343284257078
132,2024,9,1,logistic_regression,0,0.29073989975250697
132,2024,11,0,logistic_regression,0,0.1488792605933632
132,2024,12,1,logistic_regression,0,0.12279146613632193
133,2023,11,0,logistic_regression,0,0.2121165349162118
133,2023,12,0,logistic_regression,0,0.19641138534703265
133,2024,1,0,logistic_regression,0,0.2046768577974384
133,2024,2,0,logistic_regression,0,0.23778307656533365
133,2024,3,0,logistic_regression,0,0.20083509466823074
133,2024,4,0,logistic_regression,0,0.21233799934923314
133,2024,5,0,logistic_regression,0,0.2005292223109727
133,2024,6,0,logistic_regression,0,0.2676689000787679
133,2024,7,0,logistic_regression,0,0.25709806567408466
133,2024,8,0,logistic_regression,0,0.31711898563874547
133,2024,9,1,logistic_regression,0,0.3387805816065405
133,2024,11,0,logistic_regression,0,0.18041152639836566
133,2024,12,1,logistic_regression,0,0.13202072098750117
134,2023,11,0,logistic_regression,0,0.2616591080159876
134,2023,12,0,logistic_regression,0,0.23696528317611215
134,2024,1,0,logistic_regression,0,0.2462484573774504
134,2024,2,0,logistic_regression,0,0.29824663361700166
134,2024,3,0,logistic_regression,0,0.2766762653967493
134,2024,4,0,logistic_regression,0,0.2815138932344008
134,2024,5,0,logistic_regression,0,0.2779223123562563
134,2024,6,0,logistic_regression,0,0.37658406564476654
134,2024,7,0,logistic_regression,0,0.32048486571104934
134,2024,8,0,logistic_regression,0,0.42882634912623285
134,2024,9,0,logistic_regression,0,0.4793843469592752
134,2024,11,1,logistic_regression,0,0.25483297318395104
134,2024,12,0,logistic_regression,0,0.20233956553950366
135,2023,11,0,logistic_regression,0,0.2994483468775402
135,2023,12,0,logistic_regression,0,0.2835595623787475
135,2024,1,0,logistic_regression,0,0.28194406600866756
135,2024,2,0,logistic_regression,0,0.31921714280508096
135,2024,3,0,logistic_regression,0,0.2753182381307724
135,2024,4,0,logistic_regression,0,0.2964971070303075
135,2024,5,0,logistic_regression,0,0.27666735426241557
135,2024,6,0,logistic_regression,0,0.3512162553484631
135,2024,7,0,logistic_regression,0,0.353641665554763
135,2024,8,0,logistic_regression,0,0.4426729280836707
135,2024,9,0,logistic_regression,0,0.4369357805247025
135,2024,11,1,logistic_regression,0,0.27227020421594744
135,2024,12,0,logistic_regression,0,0.23707154142621034
136,2023,11,1,logistic_regression,0,0.2775046972409007
136,2023,12,0,logistic_regression,0,0.26804249774540445
136,2024,1,1,logistic_regression,0,0.2687041966800966
136,2024,2,0,logistic_regression,0,0.3596245437840496
136,2024,3,0,logistic_regression,0,0.28855242109267487
136,2024,4,0,logistic_regression,0,0.23716557626662588
136,2024,5,0,logistic_regression,0,0.27216000697568465
136,2024,6,0,logistic_regression,0,0.3418988049077062
136,2024,7,1,logistic_regression,0,0.2660478906973818
136,2024,8,0,logistic_regression,0,0.3478943830870077
136,2024,9,0,logistic_regression,0,0.4787155071319132
136,2024,11,0,logistic_regression,0,0.25016244945384064
136,2024,12,1,logistic_regression,0,0.1675162931920645
137,2023,11,1,logistic_regression,1,0.818381708858095
137,2023,12,1,logistic_regression,1,0.7753051525071254
137,2024,1,1,logistic_regression,1,0.7760327934685044
137,2024,2,1,logistic_regression,1,0.8708490558603476
137,2024,3,1,logistic_regression,1,0.9237675406521886
137,2024,4,1,logistic_regression,1,0.8931473154571615
137,2024,5,1,logistic_regression,1,0.9329874002860395
137,2024,6,1,logistic_regression,1,0.9614024360803526
137,2024,7,0,logistic_regression,1,0.9633261488285396
137,2024,8,0,logistic_regression,1,0.9962137245043199
137,2024,9,1,logistic_regression,1,0.9892403405849471
137,2024,11,1,logistic_regression,1,0.8911325223996405
137,2024,12,0,logistic_regression,1,0.8217713718850744
138,2023,11,1,logistic_regression,0,0.4853384176558105
138,2023,12,1,logistic_regression,0,0.46256055611870106
138,2024,1,1,logistic_regression,0,0.4915115228075766
138,2024,2,1,logistic_regression,1,0.56729995184881
138,2024,3,1,logistic_regression,1,0.5393865785021341
138,2024,4,1,logistic_regression,1,0.5439875606925827
138,2024,5,1,logistic_regression,1,0.54097512525689
138,2024,6,1,logistic_regression,1,0.6310214289777178
138,2024,7,0,logistic_regression,1,0.648866819524007
138,2024,8,0,logistic_regression,1,0.6852462422473187
138,2024,9,1,logistic_regression,1,0.7480107076822773
138,2024,11,1,logistic_regression,1,0.5320863685239676
138,2024,12,0,logistic_regression,0,0.44593623409940025
139,2023,11,0,logistic_regression,0,0.2164769753938848
139,2023,12,0,logistic_regression,0,0.19488948458098732
139,2024,1,1,logistic_regression,0,0.16165293378796358
139,2024,2,1,logistic_regression,0,0.22322281992210033
139,2024,3,0,logistic_regression,0,0.2540351081376281
139,2024,4,1,logistic_regression,0,0.2926431715699991
139,2024,5,1,logistic_regression,0,0.2715593661893525
139,2024,6,0,logistic_regression,0,0.3654189471042884
139,2024,7,1,logistic_regression,0,0.30847954438667774
139,2024,8,0,logistic_regression,1,0.5313204326838196
139,2024,9,0,logistic_regression,1,0.5177393462065896
139,2024,11,0,logistic_regression,0,0.22328917413078184
139,2024,12,0,logistic_regression,0,0.1689668558754189
140,2023,11,0,logistic_regression,1,0.6688285703527289
140,2023,12,0,logistic_regression,1,0.6662439990593065
140,2024,1,1,logistic_regression,1,0.6272867964773025
140,2024,2,1,logistic_regression,1,0.7250619821270651
140,2024,3,1,logistic_regression,1,0.7490912034263195
140,2024,4,1,logistic_regression,1,0.7137966290290888
140,2024,5,1,logistic_regression,1,0.7809761965701159
140,2024,6,1,logistic_regression,1,0.8471888874274539
140,2024,7,1,logistic_regression,0,0.24169069736051477
140,2024,8,0,logistic_regression,1,0.9143511919567866
140,2024,9,1,logistic_regression,1,0.9340985839941323
140,2024,11,1,logistic_regression,1,0.7505276114007692
140,2024,12,0,logistic_regression,1,0.6450352574282738
142,2023,11,1,logistic_regression,1,0.9219163692052973
143,2023,12,1,logistic_regression,1,0.9543906852881963
143,2024,1,1,logistic_regression,1,0.9680822246667701
143,2024,2,1,logistic_regression,1,0.9849900949115581
143,2024,3,1,logistic_regression,1,0.9914640483317783
143,2024,4,1,logistic_regression,1,0.9863094097242389
143,2024,5,1,logistic_regression,1,0.9960226944365091
143,2024,6,1,logistic_regression,1,0.9965591990733085
143,2024,7,1,logistic_regression,1,0.9891504305604408
143,2024,8,1,logistic_regression,1,0.9959528239637129
143,2024,9,1,logistic_regression,1,0.9982466815260559
143,2024,11,1,logistic_regression,1,0.990199001746234
143,2024,12,1,logistic_regression,1,0.980316539653485
144,2024,1,1,logistic_regression,1,0.8854535661934483
1,2023,11,0,random_forest,0,0.23224180049263657
1,2023,12,0,random_forest,0,0.22970148167504648
1,2024,1,0,random_forest,0,0.12266767504368202
1,2024,2,0,random_forest,0,0.2220649695934975
1,2024,3,0,random_forest,0,0.2090487175089405
1,2024,4,0,random_forest,0,0.23422058059979706
1,2024,5,0,random_forest,0,0.22283944251986243
1,2024,6,1,random_forest,0,0.21708760148134693
1,2024,7,0,random_forest,0,0.2547760231954646
1,2024,8,0,random_forest,0,0.26582121603362796
1,2024,9,1,random_forest,0,0.19199568182319116
1,2024,11,0,random_forest,0,0.17447005320475084
1,2024,12,0,random_forest,0,0.1674276291647749
2,2023,11,1,random_forest,0,0.3998888717019027
2,2023,12,0,random_forest,0,0.3000375106437986
2,2024,1,0,random_forest,0,0.293407998013736
2,2024,2,0,random_forest,0,0.37530485764432053
2,2024,3,1,random_forest,0,0.38647635800367236
2,2024,4,0,random_forest,0,0.37270966840185654
2,2024,5,1,random_forest,1,0.5784691953065809
2,2024,6,0,random_forest,1,0.5145423775240462
2,2024,7,0,random_forest,1,0.5185617778691739
2,2024,8,0,random_forest,1,0.5423304618495461
2,2024,9,0,random_forest,1,0.5649390349346862
2,2024,11,0,random_forest,0,0.3655745933488407
2,2024,12,0,random_forest,0,0.2759494751097502
3,2023,11,1,random_forest,0,0.222542869351024
3,2023,12,0,random_forest,0,0.21227200644787536
3,2024,1,0,random_forest,0,0.3560048273348569
3,2024,2,0,random_forest,0,0.35712587301237364
3,2024,3,0,random_forest,0,0.27654820456213025
3,2024,4,0,random_forest,0,0.26614982839662593
3,2024,5,0,random_forest,1,0.5219894633953237
3,2024,6,0,random_forest,0,0.41823567670410594
3,2024,7,0,random_forest,1,0.5526393389062602
3,2024,8,0,random_forest,1,0.7292003225238541
3,2024,9,0,random_forest,1,0.5447930951372705
3,2024,11,0,random_forest,0,0.4735111511633942
3,2024,12,0,random_forest,0,0.4020656088373567
4,2023,11,0,random_forest,0,0.20167952518298363
4,2023,12,0,random_forest,0,0.14600787219870612
4,2024,1,0,random_forest,0,0.09461521111385626
4,2024,2,0,random_forest,0,0.18173849799272154
4,2024,3,1,random_forest,0,0.18528244639671995
4,2024,4,0,random_forest,0,0.22406041313709024
4,2024,5,0,random_forest,0,0.31892848036923455
4,2024,6,0,random_forest,0,0.16825248533890438
4,2024,7,0,random_forest,0,0.07157478942137592
4,2024,8,0,random_forest,0,0.16189948611321286
4,2024,9,0,random_forest,0,0.2654827125407384
4,2024,11,0,random_forest,0,0.19559923352304465
4,2024,12,0,random_forest,0,0.19947568281301825
5,2023,11,0,random_forest,0,0.21384615848995517
5,2023,12,0,random_forest,0,0.15493686396880876
5,2024,1,0,random_forest,0,0.11813560803296952
5,2024,2,0,random_forest,0,0.19174577346861416
5,2024,3,1,random_forest,0,0.2113516478809512
5,2024,4,0,random_forest,0,0.2417994274064836
5,2024,5,0,random_forest,0,0.29148315241753425
5,2024,6,0,random_forest,0,0.16488522079296855
5,2024,7,0,random_forest,0,0.09434490628810703
5,2024,8,0,random_forest,0,0.15942412838313763
5,2024,9,0,random_forest,0,0.28101415985953276
5,2024,11,0,random_forest,0,0.211584981155103
5,2024,12,0,random_forest,0,0.18021017199984854
6,2023,11,0,random_forest,1,0.5081704421255483
6,2023,12,0,random_forest,0,0.4240970473954351
6,2024,1,1,random_forest,0,0.35224893401974167
6,2024,2,1,random_forest,0,0.38262462390778135
6,2024,3,0,random_forest,0,0.45523965355910095
6,2024,4,1,random_forest,0,0.4854231960028822
6,2024,5,1,random_forest,0,0.34201903497941377
6,2024,6,1,random_forest,0,0.3156065316634671
6,2024,7,1,random_forest,0,0.36951772941685196
6,2024,8,1,random_forest,0,0.42353859175160685
6,2024,9,0,random_forest,0,0.3366717830670101
6,2024,11,1,random_forest,0,0.42901984671115156
6,2024,12,1,random_forest,0,0.44037250418364543
7,2023,11,0,random_forest,0,0.45351639161430285
7,2023,12,0,random_forest,0,0.2737803590851414
7,2024,1,1,random_forest,0,0.32612071630681516
7,2024,2,1,random_forest,0,0.3617681046866112
7,2024,3,0,random_forest,0,0.4430021861944431
7,2024,4,1,random_forest,1,0.5447000695417435
7,2024,5,1,random_forest,0,0.270144768782273
7,2024,6,1,random_forest,0,0.46194194306689895
7,2024,7,1,random_forest,0,0.3911457099131266
7,2024,8,1,random_forest,0,0.38137866334822873
7,2024,9,0,random_forest,0,0.47679782251617403
7,2024,11,1,random_forest,0,0.4242599795160084
7,2024,12,1,random_forest,0,0.3136765729263828
8,2023,11,1,random_forest,0,0.2280459290110251
8,2023,12,1,random_forest,0,0.22055283492888095
8,2024,1,0,random_forest,0,0.24353105254050433
8,2024,2,1,random_forest,0,0.21695560980442313
8,2024,3,0,random_forest,0,0.2504025455647957
8,2024,4,0,random_forest,0,0.25888437488432814
8,2024,5,0,random_forest,0,0.2638011666588946
8,2024,6,0,random_forest,0,0.2737337039172222
8,2024,7,0,random_forest,0,0.2234537576334921
8,2024,8,0,random_forest,0,0.28362226776139354
8,2024,9,0,random_forest,0,0.33500914945852356
8,2024,11,0,random_forest,0,0.33412422966906313
8,2024,12,0,random_forest,0,0.2732662166671846
9,2023,11,1,random_forest,0,0.31086013590612976
9,2023,12,0,random_forest,0,0.2777438662696802
9,2024,1,0,random_forest,0,0.1701963343739712
9,2024,2,1,random_forest,0,0.30698926548313893
9,2024,3,0,random_forest,0,0.2643622806631416
9,2024,4,0,random_forest,0,0.2241700259263087
9,2024,5,0,random_forest,0,0.4019148503685831
9,2024,6,0,random_forest,1,0.591916667186973
9,2024,7,0,random_forest,0,0.24288210505229818
9,2024,8,1,random_forest,0,0.3077075229889657
9,2024,9,0,random_forest,1,0.5564340342849523
9,2024,11,0,random_forest,0,0.3430293872897529
9,2024,12,0,random_forest,0,0.2554795758467261
10,2023,11,1,random_forest,0,0.3196543148834266
10,2023,12,0,random_forest,0,0.2656387296216159
10,2024,1,0,random_forest,0,0.30421645533139313
10,2024,2,0,random_forest,0,0.29626066997128686
10,2024,3,1,random_forest,0,0.26118769779184425
10,2024,4,0,random_forest,0,0.4400091116021077
10,2024,5,0,random_forest,1,0.6952955382752622
10,2024,6,0,random_forest,1,0.6405332248205475
10,2024,7,1,random_forest,1,0.6114752906656716
10,2024,8,0,random_forest,1,0.7187032282173677
10,2024,9,0,random_forest,1,0.592730386402022
10,2024,11,0,random_forest,0,0.3687128775888766
10,2024,12,0,random_forest,0,0.19871226666515077
11,2023,11,1,random_forest,0,0.3741292994458808
11,2023,12,0,random_forest,0,0.2586686759352472
11,2024,1,0,random_forest,0,0.2784427162175597
11,2024,2,0,random_forest,0,0.2777367440659867
11,2024,3,1,random_forest,0,0.25884636461975413
11,2024,4,0,random_forest,0,0.45483943152157497
11,2024,5,0,random_forest,1,0.7250812149270964
11,2024,6,0,random_forest,1,0.7305327071205328
11,2024,7,1,random_forest,1,0.7044869671399102
11,2024,8,0,random_forest,1,0.7634620791444238
11,2024,9,0,random_forest,1,0.5985776540171006
11,2024,11,0,random_forest,0,0.366255721756695
11,2024,12,0,random_forest,0,0.22347816598441805
12,2024,8,0,random_forest,0,0.43098305513402757
12,2024,9,1,random_forest,1,0.5094073180835262
12,2024,11,1,random_forest,1,0.535815778039513
12,2024,12,1,random_forest,0,0.4556180410313617
13,2023,11,1,random_forest,0,0.49743151044156597
13,2023,12,1,random_forest,0,0.4215587639368952
13,2024,1,0,random_forest,0,0.4137563556006338
13,2024,2,1,random_forest,0,0.47107297432597295
13,2024,3,1,random_forest,1,0.5906699445430044
13,2024,4,1,random_forest,1,0.525205317168062
13,2024,5,1,random_forest,1,0.7138567890020666
13,2024,6,1,random_forest,1,0.730254375458962
13,2024,7,0,random_forest,1,0.7740665912554986
13,2024,8,1,random_forest,1,0.7783279065827167
13,2024,9,1,random_forest,1,0.7544840032834267
13,2024,11,1,random_forest,1,0.5814269590854569
13,2024,12,0,random_forest,0,0.44876585153855575
14,2023,11,0,random_forest,0,0.34265834033794107
14,2023,12,1,random_forest,0,0.24244466294205586
14,2024,1,1,random_forest,0,0.15587946877843203
14,2024,2,0,random_forest,0,0.2700330354654069
14,2024,3,0,random_forest,0,0.2909921769285971
14,2024,4,1,random_forest,0,0.3511434902405242
14,2024,5,1,random_forest,1,0.5056829803015477
14,2024,6,1,random_forest,1,0.5673426102285585
14,2024,7,0,random_forest,1,0.6028734134476773
14,2024,8,1,random_forest,1,0.6127779446189004
14,2024,9,1,random_forest,1,0.5828265942795877
14,2024,11,1,random_forest,0,0.3825749289376038
14,2024,12,0,random_forest,0,0.21081152248200266
15,2023,11,1,random_forest,0,0.3095618215489358
15,2023,12,0,random_forest,0,0.48661182259691266
15,2024,1,1,random_forest,0,0.32897133812420903
15,2024,2,1,random_forest,0,0.2540511796771784
15,2024,3,1,random_forest,1,0.5651227625867689
15,2024,4,1,random_forest,1,0.5377662048645176
15,2024,5,0,random_forest,1,0.7716927057615364
15,2024,6,1,random_forest,1,0.857789406418766
15,2024,7,0,random_forest,1,0.8638429805560005
15,2024,8,1,random_forest,1,0.6974116066673227
15,2024,9,1,random_forest,1,0.8090743526027707
15,2024,11,1,random_forest,1,0.5839433559035355
15,2024,12,1,random_forest,1,0.5376200714309651
16,2023,11,1,random_forest,1,0.7479403483432486
16,2023,12,1,random_forest,1,0.7758416971498272
16,2024,1,1,random_forest,1,0.7273245609624277
16,2024,2,1,random_forest,1,0.855077182238876
16,2024,3,1,random_forest,1,0.8671355314115772
16,2024,4,1,random_forest,1,0.8861454287086745
16,2024,5,1,random_forest,1,0.8677228854882507
16,2024,6,1,random_forest,1,0.7801832403551974
16,2024,7,1,random_forest,1,0.8414617479839146
16,2024,8,1,random_forest,1,0.8325054643028424
16,2024,9,1,random_forest,1,0.8149595685292587
16,2024,11,1,random_forest,1,0.7930518965307811
16,2024,12,1,random_forest,1,0.7909512879365783
17,2023,11,1,random_forest,1,0.8359722202826767
17,2023,12,1,random_forest,1,0.8389337647816858
17,2024,1,0,random_forest,1,0.7329281809165732
17,2024,2,1,random_forest,1,0.8691442096279292
17,2024,3,1,random_forest,1,0.8577720525628941
17,2024,4,1,random_forest,1,0.8366474970823005
17,2024,5,1,random_forest,1,0.8150246423603023
17,2024,6,1,random_forest,1,0.8145385172273522
17,2024,7,1,random_forest,1,0.826305021481638
17,2024,8,1,random_forest,1,0.7623122772827641
17,2024,9,1,random_forest,1,0.8551350542365198
17,2024,11,1,random_forest,1,0.8330282582870484
17,2024,12,1,random_forest,1,0.8223244180750308
18,2023,11,1,random_forest,0,0.250852486930298
18,2023,12,0,random_forest,0,0.49448444973804756
18,2024,1,1,random_forest,0,0.32257086987906086
18,2024,2,1,random_forest,0,0.2511829342015173
18,2024,3,1,random_forest,1,0.5882354516169653
18,2024,4,1,random_forest,1,0.5438167550666159
18,2024,5,0,random_forest,1,0.7578002689601472
18,2024,6,0,random_forest,1,0.83643882772642
18,2024,7,0,random_forest,1,0.831173031137331
18,2024,8,1,random_forest,1,0.707249847178156
18,2024,9,1,random_forest,1,0.7655860255923346
18,2024,11,1,random_forest,1,0.5590403094727393
18,2024,12,1,random_forest,1,0.5361545653152315
19,2023,11,1,random_forest,0,0.393891749557216
19,2023,12,0,random_forest,0,0.32090398136038956
19,2024,1,0,random_forest,0,0.3048914963918118
19,2024,2,0,random_forest,0,0.32041431809155574
19,2024,3,1,random_forest,0,0.29573600422638185
19,2024,4,0,random_forest,0,0.4466313171918536
19,2024,5,0,random_forest,1,0.6478158910829276
19,2024,6,0,random_forest,1,0.6881642689829484
19,2024,7,1,random_forest,1,0.6732113015492401
19,2024,8,0,random_forest,1,0.7827163154323581
19,2024,9,0,random_forest,1,0.6733346393404933
19,2024,11,0,random_forest,0,0.40896627881953385
19,2024,12,0,random_forest,0,0.3226204990390438
20,2023,11,0,random_forest,0,0.32876837414218474
20,2023,12,0,random_forest,0,0.39415156466405266
20,2024,1,0,random_forest,0,0.3851291432344379
20,2024,2,0,random_forest,0,0.27974528459859527
20,2024,3,0,random_forest,0,0.28335237662122964
20,2024,4,0,random_forest,0,0.2959103586010343
20,2024,5,0,random_forest,0,0.48538751511357553
20,2024,6,0,random_forest,1,0.6407897986262687
20,2024,7,0,random_forest,0,0.4478053179034168
20,2024,8,0,random_forest,0,0.49902740899365106
20,2024,9,0,random_forest,1,0.5851701395180177
20,2024,11,0,random_forest,0,0.3637251713170654
20,2024,12,0,random_forest,0,0.27616536284686904
21,2023,11,0,random_forest,0,0.2520676273988893
21,2023,12,0,random_forest,0,0.22518994172327575
21,2024,1,0,random_forest,0,0.2019179309195982
21,2024,2,1,random_forest,0,0.23594817063112547
21,2024,3,0,random_forest,0,0.19202390644358114
21,2024,4,0,random_forest,0,0.315579024184411
21,2024,5,0,random_forest,0,0.2968856101854062
21,2024,6,0,random_forest,0,0.42943942075374536
21,2024,7,0,random_forest,0,0.46016634913142845
21,2024,8,0,random_forest,1,0.509793391617188
21,2024,9,0,random_forest,0,0.40827782695418546
21,2024,11,1,random_forest,0,0.3012117435342795
21,2024,12,0,random_forest,0,0.2292166202426541
22,2023,11,1,random_forest,0,0.3842738850905225
22,2023,12,1,random_forest,0,0.37055204266315267
22,2024,1,1,random_forest,0,0.23595537757638457
22,2024,2,1,random_forest,0,0.3681266002245095
22,2024,3,0,random_forest,0,0.346780744434555
22,2024,4,1,random_forest,0,0.4319636047204215
22,2024,5,0,random_forest,0,0.3508299976944419
22,2024,6,1,random_forest,1,0.6013045515009369
22,2024,7,0,random_forest,1,0.6077036789228476
22,2024,8,0,random_forest,1,0.6551906173141023
22,2024,9,1,random_forest,0,0.49616913957747244
22,2024,11,0,random_forest,0,0.45383987425915073
22,2024,12,1,random_forest,0,0.33423436315381494
23,2023,11,1,random_forest,0,0.40066719042557036
23,2023,12,1,random_forest,0,0.4401282864409434
23,2024,1,1,random_forest,0,0.32310961351530776
23,2024,2,1,random_forest,0,0.33511061139962955
23,2024,3,0,random_forest,0,0.41448542071997463
23,2024,4,1,random_forest,0,0.37166648558656284
23,2024,5,0,random_forest,1,0.5500814494881423
23,2024,6,1,random_forest,1,0.6614807511468899
23,2024,7,0,random_forest,1,0.67190095240291
23,2024,8,0,random_forest,1,0.6983395058628096
23,2024,9,1,random_forest,1,0.6498386701024573
23,2024,11,0,random_forest,0,0.464891112871528
23,2024,12,1,random_forest,0,0.3987075985771186
24,2023,11,1,random_forest,0,0.38679228025451473
24,2023,12,1,random_forest,0,0.3805657784472896
24,2024,1,1,random_forest,0,0.2503610843737473
24,2024,2,1,random_forest,0,0.36046606823064675
24,2024,3,0,random_forest,0,0.3234284620775242
24,2024,4,1,random_forest,0,0.40397432198036864
24,2024,5,0,random_forest,0,0.39966577738400644
24,2024,6,1,random_forest,1,0.6449926910515877
24,2024,7,0,random_forest,1,0.5409154579419237
24,2024,8,0,random_forest,1,0.6046535675351468
24,2024,9,1,random_forest,1,0.5371128404247344
24,2024,11,0,random_forest,0,0.4463326435420088
24,2024,12,1,random_forest,0,0.36963010432700005
25,2023,11,1,random_forest,0,0.4327117138216412
25,2023,12,1,random_forest,0,0.32374991237426193
25,2024,1,1,random_forest,0,0.19761458546856353
25,2024,2,1,random_forest,0,0.3689070650109987
25,2024,3,0,random_forest,0,0.39379324581511727
25,2024,4,1,random_forest,0,0.381562082547487
25,2024,5,1,random_forest,0,0.314016288035919
25,2024,6,1,random_forest,0,0.42455933300853776
25,2024,7,1,random_forest,0,0.41117159455568336
25,2024,8,1,random_forest,1,0.5121804165171019
25,2024,9,1,random_forest,0,0.46551042636622525
25,2024,11,0,random_forest,1,0.5559637830182349
25,2024,12,0,random_forest,0,0.3052424638244642
26,2023,11,0,random_forest,0,0.2365559931881516
26,2023,12,0,random_forest,0,0.24435982178164953
26,2024,1,0,random_forest,0,0.19141542386111238
26,2024,2,0,random_forest,0,0.19681589011426243
26,2024,3,0,random_forest,0,0.1973252717637605
26,2024,4,0,random_forest,0,0.157871739413982
26,2024,5,1,random_forest,0,0.2990258739337065
26,2024,6,0,random_forest,0,0.36027747277988953
26,2024,7,0,random_forest,0,0.2403091817322596
26,2024,8,0,random_forest,0,0.36155848784302386
26,2024,9,0,random_forest,0,0.4079577810846878
26,2024,11,0,random_forest,0,0.22610264562159985
26,2024,12,1,random_forest,0,0.2022046212592386
27,2023,11,0,random_forest,0,0.21845033217500956
27,2023,12,0,random_forest,0,0.3199761731488927
27,2024,1,0,random_forest,0,0.24103888559883535
27,2024,2,0,random_forest,0,0.2770229581886222
27,2024,3,0,random_forest,0,0.14428700320006038
27,2024,4,0,random_forest,0,0.14678748211416529
27,2024,5,0,random_forest,0,0.15876184937818968
27,2024,6,0,random_forest,0,0.2248828574500145
27,2024,7,1,random_forest,0,0.18871794238208198
27,2024,8,0,random_forest,0,0.23872123878952545
27,2024,9,1,random_forest,0,0.18547123999872156
27,2024,11,0,random_forest,0,0.15909682808528752
27,2024,12,0,random_forest,0,0.2181828726465233
28,2023,11,0,random_forest,0,0.1501706022615911
28,2023,12,0,random_forest,0,0.1780752497975602
28,2024,1,0,random_forest,0,0.14590382673012214
28,2024,2,0,random_forest,0,0.17248468254945604
28,2024,3,0,random_forest,0,0.1145929709541358
28,2024,4,0,random_forest,0,0.20447150970861283
28,2024,5,0,random_forest,0,0.1835365122858776
28,2024,6,0,random_forest,0,0.0830245107368513
28,2024,7,0,random_forest,0,0.03453949677650436
28,2024,8,0,random_forest,0,0.17342623059784698
28,2024,9,0,random_forest,0,0.07632545559140942
28,2024,11,0,random_forest,0,0.13314338401133735
28,2024,12,0,random_forest,0,0.1534295418380938
29,2023,11,0,random_forest,0,0.1642415365889679
29,2023,12,0,random_forest,0,0.21005165052399186
29,2024,1,0,random_forest,0,0.18950523323524032
29,2024,2,0,random_forest,0,0.20880890204059738
29,2024,3,0,random_forest,0,0.15760032623490408
29,2024,4,0,random_forest,0,0.1439030341868768
29,2024,5,0,random_forest,0,0.21668946493413255
29,2024,6,0,random_forest,0,0.1143081851066264
29,2024,7,0,random_forest,0,0.13659936852846175
29,2024,8,0,random_forest,0,0.20297514839126876
29,2024,9,0,random_forest,0,0.10423099086952861
29,2024,11,0,random_forest,0,0.21796833032792157
29,2024,12,0,random_forest,0,0.37843808943328067
30,2023,11,0,random_forest,0,0.1704757779104378
30,2023,12,1,random_forest,0,0.17998483734480103
30,2024,1,0,random_forest,0,0.16454328087597722
30,2024,2,0,random_forest,0,0.19669003298690205
30,2024,3,0,random_forest,0,0.21653523575276343
30,2024,4,0,random_forest,0,0.18814003698479606
30,2024,5,0,random_forest,0,0.367522923131401
30,2024,6,0,random_forest,0,0.26761148551261327
30,2024,7,0,random_forest,0,0.2353962594824409
30,2024,8,1,random_forest,0,0.4257861078611954
30,2024,9,1,random_forest,0,0.3942257680142488
30,2024,11,0,random_forest,0,0.1634139959075407
30,2024,12,0,random_forest,0,0.151309014309355
31,2023,11,0,random_forest,0,0.234864239084764
31,2023,12,1,random_forest,0,0.23489142743968586
31,2024,1,0,random_forest,0,0.14846053383676885
31,2024,2,0,random_forest,0,0.24025376527407624
31,2024,3,0,random_forest,0,0.2150241789834313
31,2024,4,0,random_forest,0,0.2566349636827859
31,2024,5,0,random_forest,0,0.29470608797323483
31,2024,6,0,random_forest,0,0.2363550875779831
31,2024,7,0,random_forest,0,0.23963040794882975
31,2024,8,1,random_forest,0,0.3741434937418256
31,2024,9,1,random_forest,0,0.3894334499010091
31,2024,11,0,random_forest,0,0.1747449730550183
31,2024,12,0,random_forest,0,0.20466124468402788
32,2023,11,0,random_forest,0,0.10935778011613818
32,2023,12,0,random_forest,0,0.19678262667681737
32,2024,1,0,random_forest,0,0.17255979921795558
32,2024,2,0,random_forest,0,0.13705311557670086
32,2024,3,0,random_forest,0,0.16451809174233234
32,2024,4,0,random_forest,0,0.13534893745487464
32,2024,5,0,random_forest,0,0.11234871989497366
32,2024,6,0,random_forest,0,0.12320326661637404
32,2024,7,0,random_forest,0,0.09343885743618076
32,2024,8,1,random_forest,0,0.05746070361105212
32,2024,9,0,random_forest,0,0.10825836207718088
32,2024,11,0,random_forest,0,0.11039187613234108
32,2024,12,0,random_forest,0,0.25142614971260974
33,2023,11,0,random_forest,0,0.21405657546148096
33,2023,12,0,random_forest,0,0.27369365067155044
33,2024,1,0,random_forest,0,0.16519495769673245
33,2024,2,0,random_forest,0,0.18929081005109835
33,2024,3,0,random_forest,0,0.119969946666966
33,2024,4,0,random_forest,0,0.11634298895020095
33,2024,5,0,random_forest,0,0.16769250363310634
33,2024,6,0,random_forest,0,0.2329764711475347
33,2024,7,0,random_forest,0,0.06651091671545291
33,2024,8,1,random_forest,0,0.16881611574896602
33,2024,9,0,random_forest,0,0.2609534774761346
33,2024,11,0,random_forest,0,0.1432578990244201
33,2024,12,0,random_forest,0,0.27861151124016537
34,2023,11,0,random_forest,0,0.12850698026328516
34,2023,12,0,random_forest,0,0.1922216955168389
34,2024,1,0,random_forest,0,0.17125968351257248
34,2024,2,0,random_forest,0,0.13108609050029868
34,2024,3,0,random_forest,0,0.09178110729461875
34,2024,4,0,random_forest,0,0.12263456185882876
34,2024,5,0,random_forest,0,0.12180282573350851
34,2024,6,0,random_forest,0,0.06829594094472209
34,2024,7,0,random_forest,0,0.054738251036858386
34,2024,8,0,random_forest,0,0.10167837150949183
34,2024,9,0,random_forest,0,0.04279518944202884
34,2024,11,0,random_forest,0,0.1151015863724245
34,2024,12,0,random_forest,0,0.12543226093499849
35,2023,11,0,random_forest,0,0.2332788752871736
35,2023,12,0,random_forest,0,0.22360866213035213
35,2024,1,0,random_forest,0,0.17170020493086896
35,2024,2,0,random_forest,0,0.20873095693755686
35,2024,3,0,random_forest,0,0.14395622584393
35,2024,4,0,random_forest,0,0.18641617679763806
35,2024,5,0,random_forest,0,0.22804247528344465
35,2024,6,0,random_forest,0,0.20674551573500619
35,2024,7,0,random_forest,0,0.1903943614807261
35,2024,8,0,random_forest,0,0.2753608601644127
35,2024,9,0,random_forest,0,0.22362376641857792
35,2024,11,0,random_forest,0,0.1951181662536652
35,2024,12,0,random_forest,0,0.16343202285327538
36,2023,11,0,random_forest,0,0.13741667368685076
36,2023,12,0,random_forest,0,0.16673739381536037
36,2024,1,0,random_forest,0,0.17142915282115037
36,2024,2,0,random_forest,0,0.168925912605755
36,2024,3,0,random_forest,0,0.12442255759200452
36,2024,4,0,random_forest,0,0.18565450708686854
36,2024,5,0,random_forest,0,0.26529024871082235
36,2024,6,0,random_forest,0,0.131246110787703
36,2024,7,0,random_forest,0,0.09996011385276647
36,2024,8,0,random_forest,0,0.16486163855865976
36,2024,9,0,random_forest,0,0.20131264399072135
36,2024,11,0,random_forest,0,0.0987000145048108
36,2024,12,0,random_forest,0,0.14682681448016532
37,2023,11,0,random_forest,0,0.3254257830870878
37,2023,12,0,random_forest,0,0.2641870094214378
37,2024,1,1,random_forest,0,0.16526493125400302
37,2024,2,1,random_forest,0,0.2818140652976713
37,2024,3,0,random_forest,0,0.29524253449477117
37,2024,4,0,random_forest,0,0.4108539949673106
37,2024,5,1,random_forest,0,0.30924907551441355
37,2024,6,0,random_forest,0,0.3365530753892366
37,2024,7,0,random_forest,0,0.29262822992044396
37,2024,8,0,random_forest,0,0.32190272187554286
37,2024,9,0,random_forest,0,0.3184764634221913
37,2024,11,0,random_forest,0,0.3235108222048889
37,2024,12,0,random_forest,0,0.2985140954980071
38,2023,11,0,random_forest,0,0.18770602270354322
38,2023,12,0,random_forest,0,0.2173718961655761
38,2024,1,1,random_forest,0,0.21144457591959093
38,2024,2,1,random_forest,0,0.18332379497479806
38,2024,3,0,random_forest,0,0.2416791607825862
38,2024,4,0,random_forest,0,0.20340859832983085
38,2024,5,1,random_forest,0,0.18747551206752225
38,2024,6,0,random_forest,0,0.1782509220025095
38,2024,7,0,random_forest,0,0.16844246801529636
38,2024,8,0,random_forest,0,0.3165309319100291
38,2024,9,0,random_forest,0,0.19742378126738738
38,2024,11,0,random_forest,0,0.239600126091561
38,2024,12,0,random_forest,0,0.27055401392592393
39,2023,11,1,random_forest,0,0.09102279254265623
39,2023,12,0,random_forest,0,0.182923248320062
39,2024,1,0,random_forest,0,0.14236419812131892
39,2024,2,0,random_forest,0,0.14055694378206643
39,2024,3,0,random_forest,0,0.1071641398790517
39,2024,4,0,random_forest,0,0.10172014469546106
39,2024,5,0,random_forest,0,0.20754468144134433
39,2024,6,0,random_forest,0,0.0937707933731675
39,2024,7,0,random_forest,0,0.10315730808547632
39,2024,8,0,random_forest,0,0.1779223833960535
39,2024,9,0,random_forest,0,0.19238533542084382
39,2024,11,0,random_forest,0,0.22402458874267164
39,2024,12,0,random_forest,0,0.16871681429797833
40,2023,11,1,random_forest,0,0.18119479861142243
40,2023,12,0,random_forest,0,0.16194105047360946
40,2024,1,0,random_forest,0,0.14613372094063035
40,2024,2,0,random_forest,0,0.14823749475759404
40,2024,3,0,random_forest,0,0.16374308618150893
40,2024,4,0,random_forest,0,0.14396170524019852
40,2024,5,0,random_forest,0,0.24527085008266952
40,2024,6,0,random_forest,0,0.09911900301748891
40,2024,7,0,random_forest,0,0.14861036780656023
40,2024,8,0,random_forest,0,0.19461191232627514
40,2024,9,0,random_forest,0,0.2274965634515118
40,2024,11,0,random_forest,0,0.21439364033913516
40,2024,12,0,random_forest,0,0.19336828194192604
41,2023,11,1,random_forest,0,0.24650179953307352
41,2023,12,1,random_forest,0,0.3406139186920577
41,2024,1,0,random_forest,0,0.2835839305267749
41,2024,2,1,random_forest,0,0.2901962602443892
41,2024,3,1,random_forest,0,0.31333483049803146
41,2024,4,1,random_forest,0,0.308396245545478
41,2024,5,0,random_forest,0,0.430760446660953
41,2024,6,1,random_forest,0,0.4331568614792318
41,2024,7,0,random_forest,0,0.4155560254823666
41,2024,8,0,random_forest,0,0.29127136911280604
41,2024,9,0,random_forest,0,0.3253978088793627
41,2024,11,0,random_forest,0,0.22267679586450811
41,2024,12,0,random_forest,0,0.33394751095370145
42,2023,11,1,random_forest,0,0.23088601843388942
42,2023,12,1,random_forest,0,0.3329960136426175
42,2024,1,0,random_forest,0,0.2661231874314682
42,2024,2,1,random_forest,0,0.2738444862725808
42,2024,3,1,random_forest,0,0.2962901505731466
42,2024,4,1,random_forest,0,0.1815935384730614
42,2024,5,0,random_forest,0,0.45039949606938345
42,2024,6,1,random_forest,0,0.4427951563999142
42,2024,7,0,random_forest,0,0.37068797722315916
42,2024,8,0,random_forest,0,0.34336920612380284
42,2024,9,0,random_forest,0,0.32869612000135795
42,2024,11,0,random_forest,0,0.2553174327357393
42,2024,12,0,random_forest,0,0.32396713941079075
43,2023,11,1,random_forest,0,0.178898681990828
43,2023,12,0,random_forest,0,0.17276248257198876
43,2024,1,0,random_forest,0,0.16211115462999828
43,2024,2,1,random_forest,0,0.1688896602889884
43,2024,3,0,random_forest,0,0.12917952034622496
43,2024,4,0,random_forest,0,0.13436832669766394
43,2024,5,0,random_forest,0,0.35749914354227946
43,2024,6,0,random_forest,0,0.24510327446114705
43,2024,7,0,random_forest,0,0.34309867694306767
43,2024,8,0,random_forest,0,0.3557441699879295
43,2024,9,0,random_forest,0,0.4087046308679468
43,2024,11,0,random_forest,0,0.16486421759593073
43,2024,12,0,random_forest,0,0.15110441583766615
44,2023,11,1,random_forest,0,0.24571906982910435
44,2023,12,0,random_forest,0,0.24707670509795254
44,2024,1,0,random_forest,0,0.14262929539029573
44,2024,2,1,random_forest,0,0.20800268894312698
44,2024,3,0,random_forest,0,0.20081919920033017
44,2024,4,0,random_forest,0,0.24069024349286844
44,2024,5,0,random_forest,0,0.33632980825006453
44,2024,6,0,random_forest,0,0.20887143155502025
44,2024,7,0,random_forest,0,0.3118841425578001
44,2024,8,0,random_forest,0,0.2420197386767938
44,2024,9,0,random_forest,0,0.3368243536580067
44,2024,11,0,random_forest,0,0.18796985126962354
44,2024,12,0,random_forest,0,0.19766323094712765
45,2023,11,0,random_forest,0,0.45189627754588485
45,2023,12,0,random_forest,0,0.2685656834857822
45,2024,1,0,random_forest,0,0.22199964322996493
45,2024,2,1,random_forest,0,0.41591559762213764
45,2024,3,1,random_forest,0,0.4065520651199268
45,2024,4,0,random_forest,1,0.5990859652208106
45,2024,5,0,random_forest,0,0.384196050718073
45,2024,6,0,random_forest,1,0.5914603726995842
45,2024,7,0,random_forest,0,0.4339727963721123
45,2024,8,1,random_forest,0,0.3854731289767752
45,2024,9,0,random_forest,0,0.49942748644764523
45,2024,11,0,random_forest,0,0.44506073132529367
45,2024,12,0,random_forest,0,0.32546494699232514
46,2023,11,0,random_forest,1,0.5066736021360688
46,2023,12,0,random_forest,0,0.29122574920881644
46,2024,1,0,random_forest,0,0.21645811521418679
46,2024,2,1,random_forest,0,0.4524097191793319
46,2024,3,1,random_forest,0,0.4088257469993219
46,2024,4,0,random_forest,1,0.5411833824733004
46,2024,5,0,random_forest,0,0.37295345236146327
46,2024,6,0,random_forest,1,0.5092998879447238
46,2024,7,0,random_forest,0,0.31983043191625865
46,2024,8,1,random_forest,0,0.35799618189723564
46,2024,9,0,random_forest,0,0.4543070169551144
46,2024,11,0,random_forest,0,0.4397751098322658
46,2024,12,0,random_forest,0,0.3186282990403074
47,2023,11,1,random_forest,0,0.307638162301753
47,2023,12,0,random_forest,0,0.3869179227564254
47,2024,1,1,random_forest,0,0.30743033538653997
47,2024,2,0,random_forest,0,0.3153509736752532
47,2024,3,0,random_forest,1,0.5346522578149407
47,2024,4,0,random_forest,1,0.5154369528409021
47,2024,5,0,random_forest,1,0.5958318237119784
47,2024,6,0,random_forest,1,0.5264801638876283
47,2024,7,0,random_forest,0,0.3927060193184513
47,2024,8,1,random_forest,0,0.44811140072571465
47,2024,9,0,random_forest,0,0.32551729143995733
47,2024,11,0,random_forest,0,0.27693016117929375
47,2024,12,0,random_forest,0,0.2761331009585023
48,2023,11,0,random_forest,0,0.17133708764181882
48,2023,12,0,random_forest,0,0.19041824687971676
48,2024,1,0,random_forest,0,0.17132231287206132
48,2024,2,0,random_forest,0,0.15758764820852883
48,2024,3,0,random_forest,0,0.16270363833613555
48,2024,4,0,random_forest,0,0.16633954973505607
48,2024,5,0,random_forest,0,0.3207982377608333
48,2024,6,0,random_forest,0,0.27332543369756856
48,2024,7,0,random_forest,0,0.4175029190094136
48,2024,8,0,random_forest,1,0.5821670963304597
48,2024,9,1,random_forest,0,0.41183490379097665
48,2024,11,0,random_forest,0,0.18985020692137136
48,2024,12,0,random_forest,0,0.19252390185135568
49,2023,11,0,random_forest,0,0.3225481374948531
49,2023,12,0,random_forest,0,0.39349480278620996
49,2024,1,0,random_forest,0,0.32494420673417185
49,2024,2,0,random_forest,0,0.3352616930198774
49,2024,3,0,random_forest,0,0.30179196519463614
49,2024,4,0,random_forest,0,0.3006878556610907
49,2024,5,1,random_forest,0,0.3563992205627603
49,2024,6,1,random_forest,0,0.3236261778236616
49,2024,7,0,random_forest,0,0.3970338871047585
49,2024,8,0,random_forest,0,0.33254007728340684
49,2024,9,0,random_forest,0,0.28839449450101656
49,2024,11,0,random_forest,0,0.3130765646125391
49,2024,12,0,random_forest,0,0.3144883320427476
50,2023,11,1,random_forest,0,0.2944581274809433
50,2023,12,0,random_forest,0,0.27933121188676213
50,2024,1,0,random_forest,0,0.2436202237603327
50,2024,2,0,random_forest,0,0.383130681501064
50,2024,3,0,random_forest,0,0.3842002336724262
50,2024,4,1,random_forest,0,0.3663038020576115
50,2024,5,0,random_forest,0,0.2898075500100769
50,2024,6,0,random_forest,0,0.24955966128579576
50,2024,7,0,random_forest,0,0.31976352296559296
50,2024,8,0,random_forest,0,0.2671176715761987
50,2024,9,0,random_forest,0,0.38490269648475883
50,2024,11,1,random_forest,0,0.3381690402874351
50,2024,12,0,random_forest,0,0.34325123016664644
51,2023,11,1,random_forest,0,0.3366278974470891
51,2023,12,0,random_forest,0,0.30825914768628127
51,2024,1,0,random_forest,0,0.28761760793245256
51,2024,2,0,random_forest,0,0.3803155269138017
51,2024,3,0,random_forest,1,0.564961704192548
51,2024,4,1,random_forest,0,0.4512923389292765
51,2024,5,0,random_forest,0,0.4231611740493017
51,2024,6,0,random_forest,0,0.41361364664895883
51,2024,7,0,random_forest,0,0.4710350695406599
51,2024,8,0,random_forest,0,0.44236698766114346
51,2024,9,0,random_forest,0,0.41972161492501864
51,2024,11,1,random_forest,0,0.39670358759945074
51,2024,12,0,random_forest,0,0.42178137334172666
52,2023,11,1,random_forest,1,0.5515351134409392
52,2023,12,0,random_forest,0,0.3221122386421376
52,2024,1,1,random_forest,0,0.2539923846210676
52,2024,2,0,random_forest,0,0.300298346397566
52,2024,3,0,random_forest,1,0.5268703511590357
52,2024,4,0,random_forest,0,0.46210374438512064
52,2024,5,1,random_forest,1,0.5520344423083007
52,2024,6,0,random_forest,0,0.32900805689795626
52,2024,7,0,random_forest,0,0.18683968249047098
52,2024,8,0,random_forest,0,0.42685652105361166
52,2024,9,1,random_forest,0,0.3835259626687428
52,2024,11,0,random_forest,0,0.2579107164396088
52,2024,12,0,random_forest,0,0.35309235951461393
53,2023,11,1,random_forest,0,0.26324234573625027
53,2023,12,0,random_forest,0,0.32805997104434165
53,2024,1,1,random_forest,0,0.2577374244638995
53,2024,2,0,random_forest,0,0.2685907138525034
53,2024,3,0,random_forest,0,0.29894750143381704
53,2024,4,0,random_forest,0,0.3368454958997065
53,2024,5,1,random_forest,0,0.35579994601887954
53,2024,6,0,random_forest,0,0.418176803599588
53,2024,7,1,random_forest,0,0.3529530965243364
53,2024,8,0,random_forest,0,0.4063937998913392
53,2024,9,1,random_forest,0,0.37348676847256806
53,2024,11,0,random_forest,0,0.35794232283783134
53,2024,12,1,random_forest,0,0.25771335930071976
54,2023,11,1,random_forest,0,0.25602891285051954
54,2023,12,0,random_forest,0,0.32631419007767754
54,2024,1,1,random_forest,0,0.24582708135890216
54,2024,2,0,random_forest,0,0.32277678249164976
54,2024,3,0,random_forest,0,0.4392741931915104
54,2024,4,0,random_forest,0,0.39812619173161423
54,2024,5,1,random_forest,0,0.4664735730022667
54,2024,6,0,random_forest,1,0.5801139637121796
54,2024,7,1,random_forest,0,0.33965934136604925
54,2024,8,0,random_forest,1,0.5613846565987315
54,2024,9,1,random_forest,1,0.5230049445266306
54,2024,11,0,random_forest,0,0.43699129522469965
54,2024,12,1,random_forest,0,0.32898505107557485
55,2023,11,0,random_forest,0,0.3361653108468736
55,2023,12,0,random_forest,0,0.1595957767388887
55,2024,1,0,random_forest,0,0.18801676275763024
55,2024,2,1,random_forest,0,0.29037060227163874
55,2024,3,0,random_forest,0,0.27999069793781683
55,2024,4,0,random_forest,0,0.3589549345883436
55,2024,5,1,random_forest,0,0.3691215138437741
55,2024,6,0,random_forest,1,0.6179326172327446
55,2024,7,0,random_forest,0,0.33622122873503174
55,2024,8,0,random_forest,0,0.39624923531219985
55,2024,9,0,random_forest,1,0.579476185809265
55,2024,11,0,random_forest,0,0.34480120767094236
55,2024,12,0,random_forest,0,0.23591588985722944
56,2023,11,0,random_forest,0,0.3689704549649086
56,2023,12,0,random_forest,0,0.19489409896549917
56,2024,1,0,random_forest,0,0.22266698904874868
56,2024,2,1,random_forest,0,0.36318201946814016
56,2024,3,0,random_forest,0,0.336653861100516
56,2024,4,0,random_forest,0,0.3819454363690225
56,2024,5,1,random_forest,0,0.45392233295726186
56,2024,6,0,random_forest,1,0.5706202231515907
56,2024,7,0,random_forest,0,0.38673068299110863
56,2024,8,0,random_forest,0,0.4272164001581558
56,2024,9,0,random_forest,1,0.5529738956149924
56,2024,11,0,random_forest,0,0.3777360265384345
56,2024,12,0,random_forest,0,0.3166276725377882
57,2023,11,0,random_forest,0,0.15775195710268305
57,2023,12,0,random_forest,0,0.14479733510023335
57,2024,1,0,random_forest,0,0.15031602937694932
57,2024,2,0,random_forest,0,0.16798827456537582
57,2024,3,0,random_forest,0,0.11187487648674849
57,2024,4,1,random_forest,0,0.1449306854790897
57,2024,5,1,random_forest,0,0.03444779940092657
57,2024,6,0,random_forest,0,0.05445109850970456
57,2024,7,1,random_forest,0,0.05218015717419522
57,2024,8,0,random_forest,0,0.13000527058459382
57,2024,9,0,random_forest,0,0.08496000187687486
57,2024,11,0,random_forest,0,0.12528441496407555
57,2024,12,0,random_forest,0,0.21012974084612315
58,2023,11,0,random_forest,0,0.12488610527856002
58,2023,12,0,random_forest,0,0.11381422076263639
58,2024,1,0,random_forest,0,0.1211875075288678
58,2024,2,0,random_forest,0,0.13366077720796915
58,2024,3,0,random_forest,0,0.07123743872022115
58,2024,4,1,random_forest,0,0.09328270880904999
58,2024,5,1,random_forest,0,0.018779105778279195
58,2024,6,0,random_forest,0,0.061407810140178105
58,2024,7,1,random_forest,0,0.07835021780839348
58,2024,8,0,random_forest,0,0.12456757494339551
58,2024,9,0,random_forest,0,0.0663225395139891
58,2024,11,0,random_forest,0,0.10674222806421592
58,2024,12,0,random_forest,0,0.18155376409567492
59,2023,11,1,random_forest,0,0.14025873126976998
59,2023,12,0,random_forest,0,0.2727060329360001
59,2024,1,0,random_forest,0,0.3010007163014283
59,2024,2,0,random_forest,0,0.29940216516851964
59,2024,3,0,random_forest,0,0.2698436757201565
59,2024,4,1,random_forest,0,0.07683550546732715
59,2024,5,0,random_forest,0,0.03278203599224481
59,2024,6,1,random_forest,0,0.2029054974971326
59,2024,7,0,random_forest,0,0.08033419473176692
59,2024,8,1,random_forest,0,0.27537337010847174
59,2024,9,0,random_forest,0,0.2769791358796175
59,2024,11,1,random_forest,0,0.1924548204014291
59,2024,12,0,random_forest,0,0.27120567678497837
60,2023,11,1,random_forest,0,0.16045607856257804
60,2023,12,0,random_forest,0,0.3186003969432462
60,2024,1,0,random_forest,0,0.3814368295890923
60,2024,2,0,random_forest,0,0.19350443139192655
60,2024,3,0,random_forest,0,0.23100112854580032
60,2024,4,1,random_forest,0,0.1593171181808847
60,2024,5,0,random_forest,0,0.026166444276558242
60,2024,6,1,random_forest,0,0.1728494283838078
60,2024,7,0,random_forest,0,0.13679136966209016
60,2024,8,1,random_forest,0,0.2351339728782634
60,2024,9,0,random_forest,0,0.18228827014164325
60,2024,11,1,random_forest,0,0.16334538913467245
60,2024,12,0,random_forest,0,0.25249519810864146
61,2023,11,0,random_forest,0,0.3885808804001309
61,2023,12,0,random_forest,0,0.24075106437593383
61,2024,1,0,random_forest,0,0.22295215483628758
61,2024,2,0,random_forest,0,0.3714608064285865
61,2024,3,0,random_forest,0,0.1882518266016552
61,2024,4,0,random_forest,0,0.41593489849454374
61,2024,5,1,random_forest,0,0.1725117512949394
61,2024,6,0,random_forest,0,0.25568291477112176
61,2024,7,0,random_forest,0,0.37772699638241913
61,2024,8,1,random_forest,0,0.3496007596274061
61,2024,9,0,random_forest,0,0.40702662233714587
61,2024,11,1,random_forest,0,0.39929340976807964
61,2024,12,0,random_forest,0,0.3068392212530307
62,2023,11,0,random_forest,0,0.3754547692404908
62,2023,12,0,random_forest,0,0.23629140386222408
62,2024,1,0,random_forest,0,0.20686186099986067
62,2024,2,0,random_forest,0,0.33620169958640495
62,2024,3,0,random_forest,0,0.1879899078788909
62,2024,4,0,random_forest,0,0.4246145082201092
62,2024,5,1,random_forest,0,0.2144359639959502
62,2024,6,0,random_forest,0,0.31429585331540705
62,2024,7,0,random_forest,0,0.31853041462368464
62,2024,8,1,random_forest,0,0.3667154390507804
62,2024,9,0,random_forest,0,0.40788179177639916
62,2024,11,1,random_forest,0,0.43266575654426465
62,2024,12,0,random_forest,0,0.3055067114390286
63,2023,11,0,random_forest,0,0.24372606966792587
63,2023,12,0,random_forest,0,0.32127662317149175
63,2024,1,0,random_forest,0,0.3904722912264283
63,2024,2,0,random_forest,0,0.2859915603419792
63,2024,3,0,random_forest,0,0.1398428431199109
63,2024,4,1,random_forest,0,0.22108985381685783
63,2024,5,0,random_forest,0,0.40067047566869346
63,2024,6,1,random_forest,0,0.4899884102321001
63,2024,7,1,random_forest,0,0.3948714455327018
63,2024,8,0,random_forest,1,0.5202406744603376
63,2024,9,0,random_forest,0,0.3373135590139625
63,2024,11,0,random_forest,0,0.22982529102905824
63,2024,12,1,random_forest,0,0.28351910968773275
64,2023,11,0,random_forest,0,0.21162301276543738
64,2023,12,0,random_forest,0,0.34693826757598994
64,2024,1,0,random_forest,0,0.3488187687038337
64,2024,2,0,random_forest,0,0.21751006341201712
64,2024,3,0,random_forest,1,0.5436894078447667
64,2024,4,1,random_forest,0,0.48014360176977294
64,2024,5,0,random_forest,1,0.661998690983587
64,2024,6,1,random_forest,1,0.8224923679160502
64,2024,7,1,random_forest,1,0.7341680983990571
64,2024,8,0,random_forest,1,0.7505463157871444
64,2024,9,0,random_forest,1,0.6689408770614711
64,2024,11,0,random_forest,0,0.36381031265190455
64,2024,12,1,random_forest,0,0.2941367950372192
65,2023,11,0,random_forest,0,0.23575414726663455
65,2023,12,0,random_forest,0,0.3557474940543895
65,2024,1,0,random_forest,0,0.3810791377125528
65,2024,2,0,random_forest,0,0.28772788188581117
65,2024,3,0,random_forest,0,0.17783427208482183
65,2024,4,1,random_forest,0,0.2005473139089122
65,2024,5,0,random_forest,0,0.44038858128732244
65,2024,6,1,random_forest,1,0.5282196236529106
65,2024,7,1,random_forest,1,0.6547174290027665
65,2024,8,0,random_forest,1,0.6619084314000387
65,2024,9,0,random_forest,0,0.4214699875690425
65,2024,11,0,random_forest,0,0.28327521131498257
65,2024,12,1,random_forest,0,0.3299015468578176
66,2023,11,0,random_forest,0,0.22572560347259463
66,2023,12,0,random_forest,0,0.2987664657812546
66,2024,1,0,random_forest,0,0.39511390410236774
66,2024,2,0,random_forest,0,0.26880997835859366
66,2024,3,0,random_forest,0,0.14413439725047336
66,2024,4,1,random_forest,0,0.30905911307243616
66,2024,5,0,random_forest,1,0.5192162971354715
66,2024,6,1,random_forest,1,0.622367047808105
66,2024,7,1,random_forest,1,0.5634919031928116
66,2024,8,0,random_forest,1,0.6501644873572862
66,2024,9,0,random_forest,1,0.5334569849913493
66,2024,11,0,random_forest,0,0.1999292037371324
66,2024,12,1,random_forest,0,0.27019285566952006
67,2023,11,1,random_forest,0,0.35696205753261157
67,2023,12,0,random_forest,0,0.29811660360826386
67,2024,1,0,random_forest,0,0.2696941188522839
67,2024,2,0,random_forest,0,0.2863379683770997
67,2024,3,0,random_forest,0,0.27905846914923976
67,2024,4,1,random_forest,0,0.3353752152545738
67,2024,5,0,random_forest,0,0.2497973450919341
67,2024,6,0,random_forest,0,0.4135360696074821
67,2024,7,0,random_forest,0,0.2756215653352993
67,2024,8,0,random_forest,0,0.3412033488403034
67,2024,9,0,random_forest,1,0.5698249620018011
67,2024,11,0,random_forest,0,0.31176667702708716
67,2024,12,0,random_forest,0,0.3440303561159563
68,2023,11,1,random_forest,0,0.27059651972044946
68,2023,12,0,random_forest,0,0.3732620502986201
68,2024,1,0,random_forest,0,0.35960988102784935
68,2024,2,0,random_forest,0,0.26264871386297933
68,2024,3,0,random_forest,0,0.23331000930012366
68,2024,4,1,random_forest,0,0.19866204402328652
68,2024,5,0,random_forest,0,0.26219781738688325
68,2024,6,0,random_forest,0,0.32676798756977676
68,2024,7,0,random_forest,0,0.14089682598277375
68,2024,8,0,random_forest,0,0.3917789790361727
68,2024,9,0,random_forest,0,0.3711082085510848
68,2024,11,0,random_forest,0,0.2188743148607358
68,2024,12,0,random_forest,0,0.3627846710130559
69,2023,11,1,random_forest,1,0.9220093407350919
69,2023,12,1,random_forest,1,0.8255521025488464
69,2024,1,1,random_forest,1,0.8025489878870316
69,2024,2,1,random_forest,1,0.9181304910869267
69,2024,3,1,random_forest,1,0.9243740389854408
69,2024,4,1,random_forest,1,0.8767263969405822
69,2024,5,1,random_forest,1,0.8916067350156932
69,2024,6,1,random_forest,1,0.9056011616431602
69,2024,7,1,random_forest,1,0.8598513906250126
69,2024,8,1,random_forest,1,0.8155664980082032
69,2024,9,1,random_forest,1,0.8821670801551087
69,2024,11,1,random_forest,1,0.8906750774484569
69,2024,12,1,random_forest,1,0.8335503507779578
70,2023,11,1,random_forest,0,0.4348831367685193
70,2023,12,0,random_forest,0,0.37569957895895495
70,2024,1,0,random_forest,0,0.31143407139521007
70,2024,2,0,random_forest,0,0.3525403570588608
70,2024,3,0,random_forest,0,0.4060649613049377
70,2024,4,0,random_forest,0,0.36249070834533653
70,2024,5,0,random_forest,0,0.4016210182302164
70,2024,6,1,random_forest,0,0.3259974044382323
70,2024,7,0,random_forest,0,0.26528842024251115
70,2024,8,1,random_forest,0,0.30605313155710756
70,2024,9,0,random_forest,0,0.3440037771463625
70,2024,11,0,random_forest,0,0.3953208568803172
70,2024,12,0,random_forest,0,0.3651192490376541
71,2023,11,1,random_forest,0,0.4032661570371817
71,2023,12,0,random_forest,0,0.3992085508690784
71,2024,1,0,random_forest,0,0.34075437612775056
71,2024,2,0,random_forest,0,0.3414889118939449
71,2024,3,0,random_forest,0,0.38024302777508856
71,2024,4,0,random_forest,0,0.31294986117137
71,2024,5,0,random_forest,0,0.41969402171479414
71,2024,6,1,random_forest,0,0.3100184981831508
71,2024,7,0,random_forest,0,0.30755628804038354
71,2024,8,1,random_forest,0,0.34601638597313356
71,2024,9,0,random_forest,0,0.2826537442216301
71,2024,11,0,random_forest,0,0.41465457399311634
71,2024,12,0,random_forest,0,0.40917042405397386
72,2023,11,1,random_forest,0,0.28299473975441913
72,2023,12,0,random_forest,0,0.3517240403440631
72,2024,1,0,random_forest,0,0.2421440144363241
72,2024,2,0,random_forest,0,0.23284328047460448
72,2024,3,0,random_forest,0,0.20589276972959217
72,2024,4,0,random_forest,0,0.15928895228835555
72,2024,5,0,random_forest,0,0.19099828401607652
72,2024,6,0,random_forest,0,0.15815679437172578
72,2024,7,0,random_forest,0,0.27263260650189514
72,2024,8,0,random_forest,0,0.36032350068086794
72,2024,9,0,random_forest,0,0.23940808329043753
72,2024,11,0,random_forest,0,0.2724251584428935
72,2024,12,0,random_forest,0,0.29417539543033805
73,2023,11,1,random_forest,0,0.29581407063689036
73,2023,12,0,random_forest,0,0.3544455366187197
73,2024,1,0,random_forest,0,0.4514742186210565
73,2024,2,0,random_forest,0,0.4305222535774673
73,2024,3,0,random_forest,0,0.35256196984896193
73,2024,4,0,random_forest,0,0.27723492257936094
73,2024,5,0,random_forest,0,0.38125666814859627
73,2024,6,0,random_forest,0,0.35517880042939276
73,2024,7,0,random_forest,1,0.5101342468532636
73,2024,8,0,random_forest,0,0.46087894150836256
73,2024,9,0,random_forest,0,0.3007414738226923
73,2024,11,0,random_forest,0,0.35763763402487464
73,2024,12,0,random_forest,0,0.25794126915914733
74,2023,11,1,random_forest,0,0.2571983761871044
74,2023,12,1,random_forest,0,0.4927843238114365
74,2024,1,1,random_forest,0,0.39146930643064876
74,2024,2,1,random_forest,0,0.35626455433404647
74,2024,3,1,random_forest,0,0.39474847984156936
74,2024,4,0,random_forest,0,0.25084825112931275
74,2024,5,1,random_forest,0,0.32749444672945666
74,2024,6,1,random_forest,0,0.40877148814109693
74,2024,7,0,random_forest,0,0.30627357295492685
74,2024,8,1,random_forest,1,0.5115458728544137
74,2024,9,0,random_forest,0,0.33803043967013574
74,2024,11,1,random_forest,0,0.4767697415783682
74,2024,12,0,random_forest,1,0.5400743039167214
75,2023,11,1,random_forest,0,0.33119409597935434
75,2023,12,1,random_forest,1,0.6456861336496057
75,2024,1,1,random_forest,0,0.4664460743709951
75,2024,2,1,random_forest,0,0.3947543190330642
75,2024,3,1,random_forest,0,0.40410057124544263
75,2024,4,0,random_forest,0,0.3438982991663848
75,2024,5,1,random_forest,0,0.3471489354270864
75,2024,6,1,random_forest,0,0.4473108733069449
75,2024,7,0,random_forest,0,0.4795226996565166
75,2024,8,1,random_forest,1,0.5133801095487927
75,2024,9,0,random_forest,0,0.34920568214095876
75,2024,11,1,random_forest,0,0.47890266332060066
75,2024,12,0,random_forest,1,0.5672784238276892
76,2023,11,0,random_forest,0,0.2763682017928249
76,2023,12,0,random_forest,0,0.41168185110141253
76,2024,1,0,random_forest,0,0.35499625713499705
76,2024,2,0,random_forest,0,0.2347501547667574
76,2024,3,0,random_forest,0,0.1580736424706023
76,2024,4,0,random_forest,0,0.14995480363081723
76,2024,5,1,random_forest,0,0.1123938210273109
76,2024,6,0,random_forest,0,0.0731961041913582
76,2024,7,0,random_forest,0,0.11675307640796452
76,2024,8,0,random_forest,0,0.15850195891090227
76,2024,9,1,random_forest,0,0.24892264322865187
76,2024,11,0,random_forest,0,0.2061084388309278
76,2024,12,0,random_forest,0,0.31998360389680547
77,2023,11,1,random_forest,1,0.7511903176574076
77,2023,12,1,random_forest,1,0.757755548261703
77,2024,1,1,random_forest,1,0.6555839105046811
77,2024,2,1,random_forest,1,0.7590820462456647
77,2024,3,1,random_forest,1,0.804099275570093
77,2024,4,1,random_forest,1,0.8151261904621319
77,2024,5,1,random_forest,1,0.7912545525477471
77,2024,6,1,random_forest,1,0.8320102284010962
77,2024,7,1,random_forest,1,0.8227596483233292
77,2024,8,1,random_forest,1,0.8034662086808774
77,2024,9,1,random_forest,1,0.7762156845740426
77,2024,11,1,random_forest,1,0.78793584239225
77,2024,12,1,random_forest,0,0.47948424310765936
78,2023,11,1,random_forest,0,0.1847269728967275
78,2023,12,0,random_forest,0,0.21717923413628692
78,2024,1,0,random_forest,0,0.13692539973855328
78,2024,2,0,random_forest,0,0.17260170014929288
78,2024,3,0,random_forest,0,0.09694305164827273
78,2024,4,0,random_forest,0,0.12256631669150211
78,2024,5,0,random_forest,0,0.0514859336459504
78,2024,6,0,random_forest,0,0.0439408368900035
78,2024,7,0,random_forest,0,0.049359089954643914
78,2024,8,0,random_forest,0,0.06311282549791915
78,2024,9,0,random_forest,0,0.04540900292906876
78,2024,11,0,random_forest,0,0.12131976531617418
78,2024,12,0,random_forest,0,0.16512783397471414
79,2023,11,1,random_forest,0,0.21111623142958091
79,2023,12,0,random_forest,0,0.1834308059133641
79,2024,1,0,random_forest,0,0.17023634936880888
79,2024,2,0,random_forest,0,0.2152861218280798
79,2024,3,0,random_forest,0,0.14295165926632858
79,2024,4,0,random_forest,0,0.1675257963565949
79,2024,5,0,random_forest,0,0.13539168087141754
79,2024,6,0,random_forest,0,0.09526740402976215
79,2024,7,0,random_forest,0,0.09505071327920377
79,2024,8,0,random_forest,0,0.0766703942822243
79,2024,9,0,random_forest,0,0.10546307249908461
79,2024,11,0,random_forest,0,0.24831156939818147
79,2024,12,0,random_forest,0,0.21116648335608187
80,2023,11,0,random_forest,0,0.20938425310116957
80,2023,12,1,random_forest,0,0.24645562547228256
80,2024,1,0,random_forest,0,0.18399350081260235
80,2024,2,0,random_forest,0,0.22620439261139083
80,2024,3,0,random_forest,0,0.10352722585639942
80,2024,4,0,random_forest,0,0.14478357453555576
80,2024,5,1,random_forest,0,0.33308713105003984
80,2024,12,0,random_forest,0,0.4392312527673447
81,2023,11,0,random_forest,0,0.16213572928051764
81,2023,12,1,random_forest,0,0.2680498355944327
81,2024,1,0,random_forest,0,0.24747033092202145
81,2024,2,0,random_forest,0,0.2407373178198643
81,2024,3,0,random_forest,0,0.09991544707176193
81,2024,4,0,random_forest,0,0.186935884841684
81,2024,5,1,random_forest,0,0.11053792361436715
81,2024,6,0,random_forest,0,0.09086250635774713
81,2024,7,0,random_forest,0,0.11431042295644098
81,2024,8,0,random_forest,0,0.06459792313427316
81,2024,9,0,random_forest,0,0.0672650136929457
81,2024,11,0,random_forest,0,0.19736758741696092
81,2024,12,0,random_forest,0,0.2784776580014678
82,2023,11,0,random_forest,0,0.15187842399427115
82,2023,12,0,random_forest,0,0.15249241792301588
82,2024,1,1,random_forest,0,0.1810421267035851
82,2024,2,0,random_forest,0,0.2165508207352706
82,2024,3,0,random_forest,0,0.14594012110004348
82,2024,4,0,random_forest,0,0.11802034730406649
82,2024,5,0,random_forest,0,0.05194177507460541
82,2024,6,0,random_forest,0,0.04087328409628203
82,2024,7,0,random_forest,0,0.05053872847547456
82,2024,8,0,random_forest,0,0.041132034407975686
82,2024,9,0,random_forest,0,0.08305423168136103
82,2024,11,0,random_forest,0,0.1070644726612826
82,2024,12,0,random_forest,0,0.18453631267443055
83,2023,11,0,random_forest,0,0.15809918735562212
83,2023,12,0,random_forest,0,0.15295102384056947
83,2024,1,1,random_forest,0,0.18751289409901617
83,2024,2,0,random_forest,0,0.17626874623851796
83,2024,3,0,random_forest,0,0.2091534286313233
83,2024,4,0,random_forest,0,0.1584677956098818
83,2024,5,0,random_forest,0,0.06063654024408558
83,2024,6,0,random_forest,0,0.055679900489044296
83,2024,7,0,random_forest,0,0.05180739848536944
83,2024,8,0,random_forest,0,0.031055145578399876
83,2024,9,0,random_forest,0,0.04448238222818239
83,2024,11,0,random_forest,0,0.1039246725311694
83,2024,12,0,random_forest,0,0.1724681691940484
84,2023,11,0,random_forest,0,0.2707566090988895
84,2023,12,0,random_forest,0,0.22561482786534537
84,2024,1,0,random_forest,0,0.19181138379855853
84,2024,2,0,random_forest,0,0.2353504940227124
84,2024,3,1,random_forest,0,0.1524280756918613
84,2024,4,0,random_forest,0,0.18253324293659642
84,2024,5,0,random_forest,0,0.2553815287879232
84,2024,6,0,random_forest,0,0.2872212494690103
84,2024,7,1,random_forest,0,0.25857422555541765
84,2024,8,0,random_forest,0,0.39460836764566776
84,2024,9,0,random_forest,0,0.3520343424610619
84,2024,11,1,random_forest,0,0.3142305270800151
84,2024,12,0,random_forest,0,0.23835312130212932
85,2023,11,0,random_forest,0,0.1816892434440131
85,2023,12,0,random_forest,0,0.1588359668766375
85,2024,1,0,random_forest,0,0.1223146776660051
85,2024,2,0,random_forest,0,0.1372466178408433
85,2024,3,0,random_forest,0,0.08141606094226189
85,2024,4,0,random_forest,0,0.09668822519601444
85,2024,5,1,random_forest,0,0.06667474630999654
85,2024,6,0,random_forest,0,0.08650646335685215
85,2024,7,0,random_forest,0,0.20350697805519843
85,2024,8,0,random_forest,0,0.03519798099428771
85,2024,9,0,random_forest,0,0.14692163383969215
85,2024,11,0,random_forest,0,0.09588492113711883
85,2024,12,0,random_forest,0,0.19903134674193176
86,2023,11,0,random_forest,0,0.16013339106926364
86,2023,12,0,random_forest,0,0.17406704704832368
86,2024,1,0,random_forest,0,0.13719184672553586
86,2024,2,0,random_forest,0,0.1547462447051994
86,2024,3,0,random_forest,0,0.0938375224140346
86,2024,4,0,random_forest,0,0.14976862194444884
86,2024,5,1,random_forest,0,0.07437120844687019
86,2024,6,0,random_forest,0,0.11359957320866933
86,2024,7,0,random_forest,0,0.11304889774084567
86,2024,8,0,random_forest,0,0.08625601860108952
86,2024,9,0,random_forest,0,0.07604966537481009
86,2024,11,0,random_forest,0,0.11829695801725769
86,2024,12,0,random_forest,0,0.2483746343895523
87,2023,11,1,random_forest,0,0.2658006280732294
87,2023,12,0,random_forest,0,0.3634306186968893
87,2024,1,0,random_forest,0,0.24078375920104567
87,2024,2,0,random_forest,0,0.18518743996749232
87,2024,3,0,random_forest,0,0.32596724134674615
87,2024,4,0,random_forest,0,0.212638375377514
87,2024,5,0,random_forest,0,0.42173336615571233
87,2024,6,0,random_forest,0,0.4048691511875921
87,2024,7,0,random_forest,0,0.17316004660820378
87,2024,8,0,random_forest,0,0.28467051899690915
87,2024,9,0,random_forest,1,0.5345602853548223
87,2024,11,0,random_forest,0,0.2091329288941898
87,2024,12,0,random_forest,0,0.25566440801237655
88,2023,11,0,random_forest,0,0.35062852119042986
88,2023,12,0,random_forest,0,0.2911293983742173
88,2024,1,0,random_forest,0,0.19154472103884898
88,2024,2,0,random_forest,0,0.4152716044456896
88,2024,3,0,random_forest,0,0.27744087535953454
88,2024,4,0,random_forest,0,0.2859112796996655
88,2024,5,1,random_forest,0,0.3360288679214254
88,2024,6,0,random_forest,0,0.21654807727465292
88,2024,7,1,random_forest,0,0.12343278880168194
88,2024,8,0,random_forest,0,0.11427954149973618
88,2024,9,0,random_forest,0,0.2539282241515211
88,2024,11,1,random_forest,0,0.325581653769552
88,2024,12,0,random_forest,0,0.28661267171137916
89,2023,11,0,random_forest,0,0.34085998150087055
89,2023,12,0,random_forest,0,0.3598980182395565
89,2024,1,0,random_forest,0,0.24783226209040274
89,2024,2,0,random_forest,0,0.31626310918836453
89,2024,3,0,random_forest,0,0.24917466243933684
89,2024,4,0,random_forest,0,0.22267613201241948
89,2024,5,1,random_forest,0,0.3007680977051086
89,2024,6,0,random_forest,0,0.3072508876947429
89,2024,7,1,random_forest,0,0.3254681679251782
89,2024,8,0,random_forest,0,0.36055369048149377
89,2024,9,0,random_forest,0,0.3143342915819701
89,2024,11,1,random_forest,0,0.2921580113567
89,2024,12,0,random_forest,0,0.2600578303613043
90,2023,11,0,random_forest,0,0.125826498215181
90,2023,12,1,random_forest,0,0.2695347197933062
90,2024,1,0,random_forest,0,0.3297850493178495
90,2024,2,0,random_forest,0,0.14867909666338902
90,2024,3,0,random_forest,0,0.13484568434663655
90,2024,4,0,random_forest,0,0.1857089962507257
90,2024,5,0,random_forest,0,0.12483078024401688
90,2024,6,0,random_forest,0,0.19990136592623686
90,2024,7,0,random_forest,0,0.14374582670471536
90,2024,8,0,random_forest,0,0.19567689910533415
90,2024,9,0,random_forest,0,0.1611085466911481
90,2024,11,0,random_forest,0,0.14757294504019075
90,2024,12,0,random_forest,0,0.25732783865390146
91,2023,11,0,random_forest,0,0.13196290672216182
91,2023,12,1,random_forest,0,0.27997553922860957
91,2024,1,0,random_forest,0,0.319143865142032
91,2024,2,0,random_forest,0,0.15308822980362863
91,2024,3,0,random_forest,0,0.151065104467039
91,2024,4,0,random_forest,0,0.19500385207746238
91,2024,5,0,random_forest,0,0.1317473720372161
91,2024,6,0,random_forest,0,0.1727186684344457
91,2024,7,0,random_forest,0,0.11393312677213513
91,2024,8,0,random_forest,0,0.31836771869310815
91,2024,9,0,random_forest,0,0.17424050700688387
91,2024,11,0,random_forest,0,0.14371261223813558
91,2024,12,0,random_forest,0,0.2488119809950802
92,2023,11,0,random_forest,0,0.24265064533794414
92,2023,12,0,random_forest,0,0.3387202043607929
92,2024,1,0,random_forest,0,0.24017677063657
92,2024,2,0,random_forest,0,0.2163075652538646
92,2024,3,0,random_forest,0,0.22652125559650121
92,2024,4,0,random_forest,0,0.11927390227967886
92,2024,5,0,random_forest,0,0.272371851605541
92,2024,6,0,random_forest,0,0.1256416081862169
92,2024,7,0,random_forest,0,0.06688689046680411
92,2024,8,0,random_forest,0,0.17555319056647065
92,2024,9,0,random_forest,0,0.2139177266025818
92,2024,11,0,random_forest,0,0.19239274952543053
92,2024,12,0,random_forest,0,0.3011016899106354
93,2023,11,0,random_forest,0,0.2503524595767438
93,2023,12,0,random_forest,0,0.36858736363567973
93,2024,1,0,random_forest,0,0.248542394229286
93,2024,2,0,random_forest,0,0.20400050570139855
93,2024,3,0,random_forest,0,0.23270171224954733
93,2024,4,0,random_forest,0,0.23757027778367648
93,2024,5,0,random_forest,0,0.29769876005966867
93,2024,6,0,random_forest,0,0.15484407168687309
93,2024,7,0,random_forest,0,0.10630005376320316
93,2024,8,0,random_forest,0,0.207566715710996
93,2024,9,0,random_forest,0,0.22277502852279474
93,2024,11,0,random_forest,0,0.21794418615223218
93,2024,12,0,random_forest,0,0.3082017360840321
94,2023,11,0,random_forest,0,0.260324531796489
94,2023,12,0,random_forest,0,0.21430566212894347
94,2024,1,0,random_forest,0,0.18473417145964444
94,2024,2,0,random_forest,0,0.24911517122976354
94,2024,3,0,random_forest,0,0.21325283138005383
94,2024,4,1,random_forest,0,0.20945446385653868
94,2024,5,0,random_forest,0,0.24322830210597027
94,2024,6,0,random_forest,0,0.18656801952837582
94,2024,7,0,random_forest,0,0.2943085566884728
94,2024,8,0,random_forest,0,0.2711044141951296
94,2024,9,1,random_forest,0,0.3879514366919342
94,2024,11,1,random_forest,0,0.27332152189168557
94,2024,12,0,random_forest,0,0.3094494719133008
95,2023,11,0,random_forest,0,0.3688657618655319
95,2023,12,0,random_forest,0,0.31128064588323556
95,2024,1,1,random_forest,0,0.20392455201071247
95,2024,2,0,random_forest,0,0.3246251035178605
95,2024,3,0,random_forest,0,0.2900570305222303
95,2024,4,0,random_forest,0,0.26009357362129243
95,2024,5,0,random_forest,0,0.2963749864115149
95,2024,6,0,random_forest,0,0.3110196182771584
95,2024,7,0,random_forest,0,0.3086899144006253
95,2024,8,1,random_forest,0,0.14583150106568618
95,2024,9,0,random_forest,0,0.26281382190502395
95,2024,11,0,random_forest,0,0.3696295881248967
95,2024,12,0,random_forest,0,0.3575736982094909
96,2023,11,0,random_forest,0,0.4456336927088311
96,2023,12,0,random_forest,0,0.303997015501133
96,2024,1,1,random_forest,0,0.17739439650941696
96,2024,2,0,random_forest,0,0.3368830506328689
96,2024,3,0,random_forest,0,0.24379574086844277
96,2024,4,0,random_forest,0,0.2749708583599582
96,2024,5,0,random_forest,0,0.28293358807901325
96,2024,6,0,random_forest,0,0.2267047401150946
96,2024,7,0,random_forest,0,0.16621248869809002
96,2024,8,1,random_forest,0,0.20830431796893
96,2024,9,0,random_forest,0,0.27338978457369495
96,2024,11,0,random_forest,0,0.24928500677044602
96,2024,12,0,random_forest,0,0.44736523127629085
97,2023,11,0,random_forest,0,0.3921172272961289
97,2023,12,0,random_forest,0,0.29974203037093994
97,2024,1,1,random_forest,0,0.29118258605585834
97,2024,2,0,random_forest,0,0.31290116842029075
97,2024,3,0,random_forest,0,0.23408666254661686
97,2024,4,0,random_forest,0,0.33787781534534317
97,2024,5,0,random_forest,0,0.28730208812063934
97,2024,6,0,random_forest,0,0.32853529882003923
97,2024,7,1,random_forest,0,0.16951777005847443
97,2024,8,0,random_forest,0,0.1901957639970286
97,2024,9,0,random_forest,0,0.3941366247285842
97,2024,11,0,random_forest,0,0.38775851867475336
97,2024,12,0,random_forest,0,0.30299625809071157
98,2023,11,0,random_forest,0,0.36908203041993976
98,2023,12,0,random_forest,0,0.29644781400597764
98,2024,1,1,random_forest,0,0.21812994158406204
98,2024,2,0,random_forest,0,0.29540107224051637
98,2024,3,0,random_forest,0,0.2623892506650647
98,2024,4,0,random_forest,0,0.3564072768508418
98,2024,5,0,random_forest,0,0.27788371648334204
98,2024,6,0,random_forest,0,0.330828038880745
98,2024,7,1,random_forest,0,0.2043201891537333
98,2024,8,0,random_forest,0,0.19835913224296411
98,2024,9,0,random_forest,0,0.39516390761573045
98,2024,11,0,random_forest,0,0.396360075764897
98,2024,12,0,random_forest,0,0.3195108603223183
99,2023,11,1,random_forest,0,0.3695765061079655
99,2023,12,0,random_forest,0,0.4179997658135143
99,2024,1,0,random_forest,0,0.4304683515964814
99,2024,2,1,random_forest,0,0.44044922134074105
99,2024,3,0,random_forest,0,0.4264501736403848
99,2024,4,1,random_forest,0,0.297998692325737
99,2024,5,1,random_forest,0,0.3957104793261274
99,2024,6,1,random_forest,0,0.24801300252714664
99,2024,7,1,random_forest,0,0.17166410069594587
99,2024,8,1,random_forest,0,0.16718644642454117
99,2024,9,1,random_forest,0,0.3797509520385152
99,2024,11,1,random_forest,0,0.4337083558389975
99,2024,12,1,random_forest,0,0.47388065497800513
100,2023,11,1,random_forest,1,0.6427105779965822
100,2023,12,0,random_forest,1,0.7403564253052801
100,2024,1,0,random_forest,1,0.6879871125272429
100,2024,2,1,random_forest,1,0.6976830849132696
100,2024,3,0,random_forest,1,0.6296942927515692
100,2024,4,1,random_forest,1,0.5153549129045948
100,2024,5,1,random_forest,1,0.5830624657552436
100,2024,6,1,random_forest,0,0.4959221285334302
100,2024,7,1,random_forest,0,0.4088601533151874
100,2024,8,1,random_forest,1,0.5023500260332571
100,2024,9,1,random_forest,1,0.6617720800646805
100,2024,11,1,random_forest,1,0.6961409992141707
100,2024,12,1,random_forest,1,0.6948233560872641
101,2023,11,1,random_forest,1,0.5012188038863529
101,2023,12,0,random_forest,0,0.42380697183900445
101,2024,1,1,random_forest,0,0.48239418256130023
101,2024,2,1,random_forest,1,0.6180717332272553
101,2024,3,1,random_forest,0,0.42015993984677424
101,2024,4,1,random_forest,0,0.4067102372031486
101,2024,5,0,random_forest,0,0.38914449047798094
101,2024,6,0,random_forest,0,0.22025281177796946
101,2024,7,0,random_forest,0,0.14786859561217133
101,2024,8,1,random_forest,0,0.24659129536685667
101,2024,9,0,random_forest,0,0.4670225934549448
101,2024,11,1,random_forest,1,0.5704995326261371
101,2024,12,1,random_forest,0,0.4820046416157038
102,2023,11,1,random_forest,0,0.42864073111760065
102,2023,12,0,random_forest,0,0.43643692827523334
102,2024,1,1,random_forest,1,0.50636394414382
102,2024,2,1,random_forest,1,0.526083575644429
102,2024,3,1,random_forest,1,0.5015269839569325
102,2024,4,1,random_forest,0,0.42662149477241595
102,2024,5,0,random_forest,0,0.49361321279494436
102,2024,6,0,random_forest,0,0.3204002304531268
102,2024,7,0,random_forest,0,0.18153044409719524
102,2024,8,1,random_forest,0,0.28933231455339786
102,2024,9,0,random_forest,1,0.6048904821126435
102,2024,11,1,random_forest,1,0.548649148520232
102,2024,12,1,random_forest,0,0.46891959118907484
103,2023,11,0,random_forest,0,0.14246577287950185
103,2023,12,0,random_forest,0,0.2730277388136203
103,2024,1,0,random_forest,0,0.33784970277741894
103,2024,2,0,random_forest,0,0.1646855256531719
103,2024,3,0,random_forest,0,0.15662632450695751
103,2024,4,0,random_forest,0,0.11276886028404297
103,2024,5,0,random_forest,0,0.16324930127786721
103,2024,6,0,random_forest,0,0.13869288515946998
103,2024,7,0,random_forest,0,0.09625140525088914
103,2024,8,0,random_forest,0,0.21480493625271127
103,2024,9,0,random_forest,0,0.25726038002004326
103,2024,11,0,random_forest,0,0.1296962495609742
103,2024,12,0,random_forest,0,0.2312147088927947
104,2023,11,0,random_forest,0,0.16556866708731058
104,2023,12,0,random_forest,0,0.3654071429364417
104,2024,1,0,random_forest,0,0.34620476434607433
104,2024,2,0,random_forest,0,0.3300905399742055
104,2024,3,0,random_forest,0,0.2731824430772671
104,2024,4,0,random_forest,0,0.1792738681238932
104,2024,5,0,random_forest,0,0.2464617463944595
104,2024,6,0,random_forest,0,0.2572720319023545
104,2024,7,0,random_forest,0,0.13284175717516028
104,2024,8,0,random_forest,0,0.34978364885323593
104,2024,9,0,random_forest,0,0.2620358247876497
104,2024,11,0,random_forest,0,0.1650051554352218
104,2024,12,0,random_forest,0,0.29821698969404314
105,2023,11,0,random_forest,0,0.38370840339475537
105,2023,12,0,random_forest,1,0.5553819662236968
105,2024,1,0,random_forest,1,0.5058277235571289
105,2024,2,1,random_forest,0,0.39037595117157275
105,2024,3,0,random_forest,1,0.5218347509527778
105,2024,4,0,random_forest,0,0.3881076931278805
105,2024,5,0,random_forest,1,0.6679394257605596
105,2024,6,0,random_forest,0,0.35745331234803895
105,2024,7,0,random_forest,1,0.6658696534925995
105,2024,8,0,random_forest,1,0.6238262767510446
105,2024,9,0,random_forest,0,0.40108240788248056
105,2024,11,0,random_forest,0,0.34810310083587276
105,2024,12,0,random_forest,1,0.601255810022247
106,2023,11,0,random_forest,0,0.21163473499205251
106,2023,12,0,random_forest,0,0.36023595826117316
106,2024,1,0,random_forest,0,0.34967210036073854
106,2024,2,1,random_forest,0,0.2712717341757791
106,2024,3,0,random_forest,0,0.11489012521883359
106,2024,4,0,random_forest,0,0.1809310396946652
106,2024,5,0,random_forest,0,0.25202131935066635
106,2024,6,0,random_forest,0,0.19527478640203794
106,2024,7,0,random_forest,0,0.12315840900425044
106,2024,8,0,random_forest,0,0.1247576509405098
106,2024,9,0,random_forest,0,0.2188809654395407
106,2024,11,0,random_forest,0,0.17350032292089732
106,2024,12,0,random_forest,0,0.3508851627625213
107,2023,11,1,random_forest,1,0.956231000776332
107,2023,12,1,random_forest,1,0.852294923108189
107,2024,1,1,random_forest,1,0.8955656898341543
107,2024,2,1,random_forest,1,0.9575440676595159
107,2024,3,1,random_forest,1,0.9769830248885361
107,2024,4,1,random_forest,1,0.9416226799610213
107,2024,5,1,random_forest,1,0.9347694912671415
107,2024,6,1,random_forest,1,0.9721786570168278
107,2024,7,1,random_forest,1,0.9542962018773007
107,2024,8,1,random_forest,1,0.9181819274236068
107,2024,9,1,random_forest,1,0.9119286307634925
107,2024,11,1,random_forest,1,0.9624577981994321
107,2024,12,1,random_forest,1,0.9208744472427225
108,2023,11,0,random_forest,0,0.3550198414034928
108,2023,12,0,random_forest,0,0.4382313130544614
108,2024,1,0,random_forest,0,0.31601323468692255
108,2024,2,0,random_forest,0,0.2858794998175991
108,2024,3,0,random_forest,0,0.308589655964019
108,2024,4,0,random_forest,0,0.2586706128639143
108,2024,5,1,random_forest,0,0.32205633557801394
108,2024,6,0,random_forest,0,0.2321490751824824
108,2024,7,0,random_forest,0,0.17724766769919317
108,2024,8,0,random_forest,0,0.34107565502654685
108,2024,9,1,random_forest,0,0.2903751285527473
108,2024,11,0,random_forest,0,0.24041471550351928
108,2024,12,0,random_forest,0,0.39193084287715363
109,2023,11,0,random_forest,0,0.3603522714440437
109,2023,12,0,random_forest,0,0.29729033133487504
109,2024,1,0,random_forest,0,0.29403189117402156
109,2024,2,0,random_forest,0,0.4163340616035703
109,2024,3,0,random_forest,1,0.5350177351606811
109,2024,4,0,random_forest,0,0.473079386078259
109,2024,5,0,random_forest,1,0.6255995816338481
109,2024,6,0,random_forest,1,0.628248621436466
109,2024,7,0,random_forest,1,0.5963119361891028
109,2024,8,0,random_forest,1,0.6405919933358103
109,2024,9,1,random_forest,1,0.5638593141137184
109,2024,11,0,random_forest,0,0.44095030114310335
109,2024,12,0,random_forest,0,0.3313667180223398
110,2023,11,0,random_forest,0,0.32326915134473977
110,2023,12,0,random_forest,0,0.38943236266685427
110,2024,1,0,random_forest,0,0.2962207197577367
110,2024,2,0,random_forest,0,0.43802850879722494
110,2024,3,0,random_forest,0,0.46012826113956823
110,2024,4,1,random_forest,0,0.42770887184809736
110,2024,5,0,random_forest,1,0.515134857816651
110,2024,6,0,random_forest,0,0.4505693612106684
110,2024,7,0,random_forest,1,0.5073970802255996
110,2024,8,0,random_forest,0,0.47699646457823347
110,2024,9,1,random_forest,1,0.5222153795107879
110,2024,11,1,random_forest,0,0.3612568411449116
110,2024,12,0,random_forest,0,0.3251852020930578
111,2023,11,0,random_forest,0,0.2311016618640364
111,2023,12,0,random_forest,0,0.23833719214981086
111,2024,1,0,random_forest,0,0.20386332019081174
111,2024,2,0,random_forest,0,0.2661514097370633
111,2024,3,0,random_forest,0,0.24831598083609882
111,2024,4,1,random_forest,0,0.1984078776353521
111,2024,5,0,random_forest,0,0.33115133373758115
111,2024,6,1,random_forest,0,0.2571406916851094
111,2024,7,0,random_forest,0,0.18308827555103815
111,2024,8,1,random_forest,0,0.36409815615355484
111,2024,9,0,random_forest,0,0.25695742421960877
111,2024,11,1,random_forest,0,0.2936077556080498
111,2024,12,0,random_forest,0,0.18674416153084183
112,2023,11,0,random_forest,0,0.26373212642580784
112,2023,12,0,random_forest,0,0.41621662945652294
112,2024,1,1,random_forest,0,0.32443475624810686
112,2024,2,0,random_forest,0,0.2640210921299708
112,2024,3,0,random_forest,0,0.20088901603918607
112,2024,4,0,random_forest,0,0.17701817578541526
112,2024,5,0,random_forest,0,0.27189776684646255
112,2024,6,0,random_forest,0,0.18930421613265075
112,2024,7,0,random_forest,0,0.15947888079709557
112,2024,8,1,random_forest,0,0.24070099363857272
112,2024,9,0,random_forest,0,0.25176275048258806
112,2024,11,0,random_forest,0,0.3222649054345372
112,2024,12,0,random_forest,0,0.384023482731145
113,2023,11,0,random_forest,0,0.18575499897436648
113,2023,12,0,random_forest,0,0.1637611502334559
113,2024,1,0,random_forest,0,0.15791747816880702
113,2024,2,0,random_forest,0,0.20846974039746854
113,2024,3,0,random_forest,0,0.1146181127738366
113,2024,4,0,random_forest,0,0.13206958559885568
113,2024,5,0,random_forest,0,0.18556971214737342
113,2024,6,0,random_forest,0,0.13538472378121694
113,2024,7,0,random_forest,0,0.10797860040573949
113,2024,8,0,random_forest,0,0.157934161283821
113,2024,9,0,random_forest,0,0.18567110439271908
113,2024,11,0,random_forest,0,0.19356688310276945
113,2024,12,1,random_forest,0,0.1869831334659836
114,2023,11,0,random_forest,0,0.16653252842925675
114,2023,12,0,random_forest,0,0.14200220553407805
114,2024,1,0,random_forest,0,0.12699019438520406
114,2024,2,0,random_forest,0,0.15488391242444732
114,2024,3,0,random_forest,0,0.06581310365912003
114,2024,4,0,random_forest,0,0.10408437174080287
114,2024,5,0,random_forest,0,0.09409057644374318
114,2024,6,0,random_forest,0,0.15996133487186337
114,2024,7,0,random_forest,0,0.07596785930565866
114,2024,8,0,random_forest,0,0.12251357871947713
114,2024,9,0,random_forest,0,0.125297442556544
114,2024,11,0,random_forest,0,0.1709704678670479
114,2024,12,1,random_forest,0,0.20620918642477115
115,2023,11,0,random_forest,0,0.48644290993124156
115,2023,12,0,random_forest,1,0.5441265916399755
115,2024,1,0,random_forest,1,0.5351642171762074
115,2024,2,1,random_forest,0,0.44578523457001995
115,2024,3,1,random_forest,0,0.3562131936590696
115,2024,4,1,random_forest,0,0.3759821225652051
115,2024,5,0,random_forest,0,0.3931728316545728
115,2024,6,1,random_forest,0,0.3416501311628115
115,2024,7,0,random_forest,0,0.36303847736160505
115,2024,8,1,random_forest,1,0.527910649421771
115,2024,9,0,random_forest,0,0.44676475474582666
115,2024,11,0,random_forest,0,0.44118305978076916
115,2024,12,0,random_forest,1,0.5472287820441288
116,2023,11,0,random_forest,0,0.29131017514209046
116,2023,12,0,random_forest,0,0.37479705582247264
116,2024,1,1,random_forest,0,0.3047493278752449
116,2024,2,1,random_forest,0,0.2903624236450098
116,2024,3,1,random_forest,0,0.2547578506531753
116,2024,4,0,random_forest,0,0.24230172978841572
116,2024,5,1,random_forest,0,0.29083640694010665
116,2024,6,0,random_forest,0,0.1577530377809578
116,2024,7,1,random_forest,0,0.1414017819697813
116,2024,8,0,random_forest,0,0.3085180503189408
116,2024,9,1,random_forest,0,0.30233275341030025
116,2024,11,1,random_forest,0,0.2855859014587889
116,2024,12,0,random_forest,0,0.24926723933945694
117,2023,11,0,random_forest,0,0.3055874279772989
117,2023,12,0,random_forest,0,0.3259307958574066
117,2024,1,1,random_forest,0,0.28471447343815576
117,2024,2,1,random_forest,0,0.3014415455767745
117,2024,3,1,random_forest,0,0.23331428520772235
117,2024,4,0,random_forest,0,0.2503439103700287
117,2024,5,1,random_forest,0,0.2703953118669963
117,2024,6,0,random_forest,0,0.1986131083376346
117,2024,7,1,random_forest,0,0.23664310367199354
117,2024,8,0,random_forest,0,0.3171410061630057
117,2024,9,1,random_forest,0,0.3505718394404615
117,2024,11,1,random_forest,0,0.3050376458295289
117,2024,12,0,random_forest,0,0.2939571102172912
118,2023,11,1,random_forest,1,0.8221107532612638
118,2023,12,0,random_forest,1,0.8087977993292116
118,2024,1,0,random_forest,1,0.7331375160186308
118,2024,2,1,random_forest,1,0.8578352804947339
118,2024,3,0,random_forest,1,0.8225157837222833
118,2024,4,1,random_forest,1,0.7251336929718089
118,2024,5,1,random_forest,1,0.7397109975585721
118,2024,6,1,random_forest,1,0.5488844179463988
118,2024,7,0,random_forest,1,0.5720345205796714
118,2024,8,0,random_forest,1,0.6301707104991039
118,2024,9,0,random_forest,1,0.6627625504180243
118,2024,11,1,random_forest,1,0.7453322339225179
118,2024,12,1,random_forest,1,0.658045077463154
119,2023,11,1,random_forest,0,0.3861101520755033
119,2023,12,0,random_forest,1,0.5659810310867486
119,2024,1,0,random_forest,1,0.5485104597090593
119,2024,2,1,random_forest,0,0.3981614195705717
119,2024,3,0,random_forest,1,0.5790465288527622
119,2024,4,1,random_forest,0,0.42806407831082915
119,2024,5,1,random_forest,1,0.7246885024542018
119,2024,6,1,random_forest,0,0.43955061946939933
119,2024,7,0,random_forest,1,0.7372735561394839
119,2024,8,0,random_forest,1,0.7168278273230091
119,2024,9,0,random_forest,0,0.4219169296849945
119,2024,11,1,random_forest,0,0.48931511910460357
119,2024,12,1,random_forest,0,0.4833522500366569
120,2023,11,0,random_forest,0,0.09924888146793984
120,2023,12,1,random_forest,0,0.2743370499221409
120,2024,1,0,random_forest,0,0.20525291975617108
120,2024,2,0,random_forest,0,0.13750714466836805
120,2024,3,0,random_forest,0,0.09541646667846401
120,2024,4,0,random_forest,0,0.11950159608258445
120,2024,5,1,random_forest,0,0.10234170578556526
120,2024,6,0,random_forest,0,0.13483272112476047
120,2024,7,0,random_forest,0,0.09933112025228934
120,2024,8,1,random_forest,0,0.12942437254419023
120,2024,9,1,random_forest,0,0.14282691392487856
120,2024,11,0,random_forest,0,0.1553557793253216
120,2024,12,1,random_forest,0,0.20510844612235885
121,2023,11,0,random_forest,0,0.27286123896553405
121,2023,12,1,random_forest,0,0.2729538613847025
121,2024,1,0,random_forest,0,0.266269815195573
121,2024,2,0,random_forest,0,0.29344502153174024
121,2024,3,0,random_forest,0,0.14225204624434545
121,2024,4,0,random_forest,0,0.16186044637598546
121,2024,5,1,random_forest,0,0.1631072587789765
121,2024,6,0,random_forest,0,0.17973740224801818
121,2024,7,0,random_forest,0,0.14996928790594463
121,2024,8,1,random_forest,0,0.25841738063799585
121,2024,9,1,random_forest,0,0.2670421429346853
121,2024,11,0,random_forest,0,0.2557538290460472
121,2024,12,1,random_forest,0,0.2177626398064125
122,2023,11,1,random_forest,1,0.9471120387690294
122,2023,12,1,random_forest,1,0.8193877851391957
122,2024,1,1,random_forest,1,0.780901776951561
122,2024,2,1,random_forest,1,0.9418923389068404
122,2024,3,1,random_forest,1,0.9245365664341364
122,2024,4,1,random_forest,1,0.9078874632821048
122,2024,5,1,random_forest,1,0.814254578240332
122,2024,6,1,random_forest,1,0.8090851974455258
122,2024,7,1,random_forest,1,0.727869465477512
122,2024,8,1,random_forest,0,0.34702219271079493
122,2024,9,1,random_forest,0,0.2792894226058143
122,2024,11,1,random_forest,0,0.2825770755571122
122,2024,12,1,random_forest,0,0.3916691851602589
123,2024,11,0,random_forest,0,0.48315032412217873
123,2024,12,0,random_forest,0,0.4692002264314301
124,2023,11,0,random_forest,0,0.22875357686284806
124,2023,12,0,random_forest,0,0.48745619171024496
124,2024,1,0,random_forest,0,0.4676160822399843
124,2024,2,0,random_forest,0,0.3398543428750761
124,2024,3,0,random_forest,0,0.4788183728954631
124,2024,4,1,random_forest,0,0.3647191343724774
124,2024,5,0,random_forest,1,0.5947884005574456
124,2024,6,0,random_forest,0,0.3541761429025423
124,2024,7,0,random_forest,1,0.6182671720530855
124,2024,8,0,random_forest,0,0.3864193124985229
124,2024,11,0,random_forest,0,0.48315032412217873
124,2024,12,0,random_forest,0,0.4665203290370734
125,2023,11,1,random_forest,1,0.7811593198088421
125,2023,12,1,random_forest,1,0.737264210653151
125,2024,1,1,random_forest,1,0.7086725795060292
125,2024,2,1,random_forest,1,0.8502528962507099
125,2024,3,1,random_forest,1,0.8181064430419979
125,2024,4,1,random_forest,1,0.8218215994486923
125,2024,5,1,random_forest,1,0.8042838197542123
125,2024,6,1,random_forest,1,0.8548344875064504
125,2024,7,1,random_forest,1,0.6926748825716147
125,2024,8,1,random_forest,1,0.6510596626604294
125,2024,9,1,random_forest,1,0.8260952748841788
125,2024,11,1,random_forest,1,0.7543679452035938
125,2024,12,1,random_forest,1,0.6553376612984638
126,2023,11,0,random_forest,1,0.5047230260931244
126,2023,12,0,random_forest,0,0.414459092790725
126,2024,1,1,random_forest,0,0.35948802240764416
126,2024,2,1,random_forest,1,0.5051974160668574
126,2024,3,0,random_forest,0,0.3249833698358044
126,2024,4,0,random_forest,0,0.4105085541201097
126,2024,5,1,random_forest,0,0.3594490340693766
126,2024,6,0,random_forest,0,0.28578359290860655
126,2024,7,0,random_forest,0,0.2823433954653433
126,2024,8,0,random_forest,0,0.326032242131501
126,2024,9,0,random_forest,0,0.3801893969954038
126,2024,11,1,random_forest,0,0.47030025481597837
126,2024,12,0,random_forest,0,0.34515443832022447
127,2023,11,0,random_forest,0,0.26103705054379117
127,2023,12,0,random_forest,0,0.4055635440644093
127,2024,1,1,random_forest,0,0.31219004072041673
127,2024,2,0,random_forest,0,0.238718224281639
127,2024,3,0,random_forest,0,0.19438855685226422
127,2024,4,0,random_forest,0,0.1761372508999036
127,2024,5,0,random_forest,0,0.2870659681815858
127,2024,6,0,random_forest,0,0.17062937590744529
127,2024,7,0,random_forest,0,0.16006057390934555
127,2024,8,1,random_forest,0,0.24360369492795944
127,2024,9,0,random_forest,0,0.30197344267264997
127,2024,11,0,random_forest,0,0.29909165607130284
127,2024,12,0,random_forest,0,0.35396064288109574
128,2023,11,0,random_forest,0,0.3020910219001446
128,2023,12,0,random_forest,0,0.31256631700546283
128,2024,1,0,random_forest,0,0.22817211608970012
128,2024,2,0,random_forest,0,0.2765422643268064
128,2024,3,1,random_forest,0,0.23517830023777322
128,2024,4,1,random_forest,0,0.21367371680710315
128,2024,5,0,random_forest,0,0.2856728586014462
128,2024,6,1,random_forest,0,0.258324718996926
128,2024,7,1,random_forest,0,0.1777898191827279
128,2024,8,0,random_forest,0,0.16852101579712203
128,2024,9,1,random_forest,0,0.2885795959835761
128,2024,11,0,random_forest,0,0.2606802835451004
128,2024,12,0,random_forest,0,0.2800397836449867
129,2023,11,0,random_forest,0,0.2775586592111192
129,2023,12,0,random_forest,0,0.2593050743179769
129,2024,1,0,random_forest,0,0.19912929780426003
129,2024,2,0,random_forest,0,0.2602160414611204
129,2024,3,1,random_forest,0,0.21902922251345316
129,2024,4,1,random_forest,0,0.20922466613730611
129,2024,5,0,random_forest,0,0.2747685105280088
129,2024,6,1,random_forest,0,0.30927552122789254
129,2024,7,0,random_forest,0,0.15308136157825428
129,2024,8,0,random_forest,0,0.2600767250430593
129,2024,9,1,random_forest,0,0.3616256975995477
129,2024,11,0,random_forest,0,0.2799027503848559
129,2024,12,0,random_forest,0,0.22173002515653858
131,2023,11,0,random_forest,0,0.20704913965847793
131,2023,12,0,random_forest,0,0.2126454759131088
131,2024,1,0,random_forest,0,0.235837729079338
131,2024,2,0,random_forest,0,0.18348093451624622
131,2024,3,0,random_forest,0,0.15286990749637422
131,2024,4,0,random_forest,0,0.17194657305616437
131,2024,5,1,random_forest,0,0.24401229851139702
131,2024,6,0,random_forest,0,0.2622725793455505
131,2024,7,0,random_forest,0,0.20890925990081596
131,2024,8,0,random_forest,0,0.40416789936207737
131,2024,9,0,random_forest,0,0.21628437648817753
131,2024,11,0,random_forest,0,0.16801104008783715
131,2024,12,0,random_forest,0,0.20521638065263445
132,2023,11,0,random_forest,0,0.1514411693485491
132,2023,12,0,random_forest,0,0.18024962788323837
132,2024,1,0,random_forest,0,0.22286713086638846
132,2024,2,0,random_forest,0,0.14572749350387526
132,2024,3,0,random_forest,0,0.13956369683667727
132,2024,4,0,random_forest,0,0.11038483640466737
132,2024,5,0,random_forest,0,0.1691404323817638
132,2024,6,0,random_forest,0,0.14308141151024378
132,2024,7,0,random_forest,0,0.07545456732453705
132,2024,8,0,random_forest,0,0.1031594536344569
132,2024,9,1,random_forest,0,0.1495933620426225
132,2024,11,0,random_forest,0,0.1496696354282932
132,2024,12,1,random_forest,0,0.24508584863309135
133,2023,11,0,random_forest,0,0.23610259520498672
133,2023,12,0,random_forest,0,0.18251651332486254
133,2024,1,0,random_forest,0,0.17518222360667854
133,2024,2,0,random_forest,0,0.2208678169708164
133,2024,3,0,random_forest,0,0.1546430766022506
133,2024,4,0,random_forest,0,0.19739044615041068
133,2024,5,0,random_forest,0,0.29773166235817283
133,2024,6,0,random_forest,0,0.2904339247712772
133,2024,7,0,random_forest,0,0.16976701914181747
133,2024,8,0,random_forest,0,0.19767434991678245
133,2024,9,1,random_forest,0,0.363652972886883
133,2024,11,0,random_forest,0,0.18082644546190352
133,2024,12,1,random_forest,0,0.24997227315436624
134,2023,11,0,random_forest,0,0.33331770005761785
134,2023,12,0,random_forest,0,0.4098037458988478
134,2024,1,0,random_forest,0,0.2750517046228255
134,2024,2,0,random_forest,0,0.2647732316742388
134,2024,3,0,random_forest,0,0.18051512213571874
134,2024,4,0,random_forest,0,0.22785912731421662
134,2024,5,0,random_forest,0,0.28473472517734605
134,2024,6,0,random_forest,0,0.3665389300663344
134,2024,7,0,random_forest,0,0.14947115423399682
134,2024,8,0,random_forest,0,0.24304523861814378
134,2024,9,0,random_forest,0,0.3363406867703118
134,2024,11,1,random_forest,0,0.35737114994808333
134,2024,12,0,random_forest,0,0.3308134485485039
135,2023,11,0,random_forest,0,0.2762841052145179
135,2023,12,0,random_forest,0,0.2915179386593475
135,2024,1,0,random_forest,0,0.23155335473759994
135,2024,2,0,random_forest,0,0.28584439140679263
135,2024,3,0,random_forest,0,0.23557938268157722
135,2024,4,0,random_forest,0,0.2499616623181458
135,2024,5,0,random_forest,0,0.24555263328590138
135,2024,6,0,random_forest,0,0.2776626982066306
135,2024,7,0,random_forest,0,0.20254403393150439
135,2024,8,0,random_forest,0,0.2560832997218465
135,2024,9,0,random_forest,0,0.42897117345063807
135,2024,11,1,random_forest,0,0.3231348274879535
135,2024,12,0,random_forest,0,0.29515476813912794
136,2023,11,1,random_forest,0,0.27195509082797725
136,2023,12,0,random_forest,0,0.27464037907195893
136,2024,1,1,random_forest,0,0.2648946138451913
136,2024,2,0,random_forest,0,0.28841666573945657
136,2024,3,0,random_forest,0,0.2334949045508653
136,2024,4,0,random_forest,0,0.1956273680193682
136,2024,5,0,random_forest,0,0.2598350000598972
136,2024,6,0,random_forest,0,0.2079117393930126
136,2024,7,1,random_forest,0,0.16267341321245518
136,2024,8,0,random_forest,0,0.2124600099291488
136,2024,9,0,random_forest,0,0.2059270184346188
136,2024,11,0,random_forest,0,0.26508808507278575
136,2024,12,1,random_forest,0,0.24749506869739402
137,2023,11,1,random_forest,1,0.6882870345246533
137,2023,12,1,random_forest,1,0.6633843932638467
137,2024,1,1,random_forest,1,0.6055237678708064
137,2024,2,1,random_forest,1,0.7063718166132646
137,2024,3,1,random_forest,1,0.7055538185657477
137,2024,4,1,random_forest,1,0.6795088251194074
137,2024,5,1,random_forest,1,0.7074462777211113
137,2024,6,1,random_forest,1,0.6669041390704825
137,2024,7,0,random_forest,1,0.684404981447749
137,2024,8,0,random_forest,1,0.5710352509124107
137,2024,9,1,random_forest,1,0.662838260008142
137,2024,11,1,random_forest,1,0.6962787797215866
137,2024,12,0,random_forest,1,0.6539100916130858
138,2023,11,1,random_forest,1,0.6496889577507495
138,2023,12,1,random_forest,1,0.685925751330761
138,2024,1,1,random_forest,1,0.617533120308653
138,2024,2,1,random_forest,1,0.6455885237573072
138,2024,3,1,random_forest,1,0.6824305871705982
138,2024,4,1,random_forest,1,0.6829257783250728
138,2024,5,1,random_forest,1,0.657157849362483
138,2024,6,1,random_forest,1,0.6844213233992479
138,2024,7,0,random_forest,1,0.6969386240900022
138,2024,8,0,random_forest,1,0.522802649690018
138,2024,9,1,random_forest,1,0.5700108880635203
138,2024,11,1,random_forest,1,0.6859867820245726
138,2024,12,0,random_forest,1,0.6729032504111824
139,2023,11,0,random_forest,0,0.3482148182071018
139,2023,12,0,random_forest,0,0.3084752063810363
139,2024,1,1,random_forest,0,0.24762874632224358
139,2024,2,1,random_forest,0,0.3030017108753929
139,2024,3,0,random_forest,0,0.27705511398062016
139,2024,4,1,random_forest,0,0.26477742767049184
139,2024,5,1,random_forest,0,0.2718314023700541
139,2024,6,0,random_forest,0,0.23725612438632604
139,2024,7,1,random_forest,0,0.23453214527265098
139,2024,8,0,random_forest,0,0.4089550834179363
139,2024,9,0,random_forest,0,0.28406182929203677
139,2024,11,0,random_forest,0,0.2805163980895317
139,2024,12,0,random_forest,0,0.32684733776135955
140,2023,11,0,random_forest,1,0.5609818024051576
140,2023,12,0,random_forest,1,0.5711321452575949
140,2024,1,1,random_forest,1,0.5200047234794284
140,2024,2,1,random_forest,1,0.5822402642055284
140,2024,3,1,random_forest,1,0.664704669141019
140,2024,4,1,random_forest,1,0.5867459934395908
140,2024,5,1,random_forest,1,0.666715961001928
140,2024,6,1,random_forest,1,0.6789092891874583
140,2024,7,1,random_forest,1,0.7518946193830708
140,2024,8,0,random_forest,1,0.7777337065986525
140,2024,9,1,random_forest,1,0.7998444712858674
140,2024,11,1,random_forest,1,0.6190776398579008
140,2024,12,0,random_forest,1,0.5505904608350647
142,2023,11,1,random_forest,1,0.520775750007238
143,2023,12,1,random_forest,1,0.9226954331779951
143,2024,1,1,random_forest,1,0.9070116713189238
143,2024,2,1,random_forest,1,0.9147985179533484
143,2024,3,1,random_forest,1,0.9021537085787241
143,2024,4,1,random_forest,1,0.8780594683212901
143,2024,5,1,random_forest,1,0.8752958163431249
143,2024,6,1,random_forest,1,0.9252741399511374
143,2024,7,1,random_forest,1,0.8933659078296078
143,2024,8,1,random_forest,1,0.8842116467948485
143,2024,9,1,random_forest,1,0.8707624458882758
143,2024,11,1,random_forest,1,0.9172502016250578
143,2024,12,1,random_forest,1,0.9149610808444989
144,2024,1,1,random_forest,0,0.44961875402243295
