site_id,year,month,crash_count_2_5km,model,predicted_count
1,2023,11,20.0,poisson_regression,10.333151467117956
1,2023,12,9.0,poisson_regression,9.868605526098245
1,2024,1,6.0,poisson_regression,7.520775727860218
1,2024,2,11.0,poisson_regression,10.697389129692695
1,2024,3,5.0,poisson_regression,10.407343064914132
1,2024,4,11.0,poisson_regression,9.899603205234436
1,2024,5,10.0,poisson_regression,11.769698463010737
1,2024,6,10.0,poisson_regression,11.484854944153389
1,2024,7,7.0,poisson_regression,11.721314414360322
1,2024,8,12.0,poisson_regression,11.678396043995226
1,2024,9,16.0,poisson_regression,11.814521176700756
1,2024,11,6.0,poisson_regression,9.757839345570847
1,2024,12,6.0,poisson_regression,9.46594048530464
2,2023,11,13.0,poisson_regression,12.280602225601879
2,2023,12,7.0,poisson_regression,11.520718780981744
2,2024,1,6.0,poisson_regression,9.656512493112086
2,2024,2,7.0,poisson_regression,12.066037467112357
2,2024,3,8.0,poisson_regression,11.13237193035029
2,2024,4,6.0,poisson_regression,10.653647241904503
2,2024,5,10.0,poisson_regression,12.208838912512606
2,2024,6,13.0,poisson_regression,11.618298886548
2,2024,7,7.0,poisson_regression,11.356266161261157
2,2024,8,11.0,poisson_regression,14.565071798047152
2,2024,9,14.0,poisson_regression,16.402192053206072
2,2024,11,12.0,poisson_regression,14.204178264288924
2,2024,12,7.0,poisson_regression,13.33096044412391
3,2023,11,13.0,poisson_regression,9.054946995386224
3,2023,12,7.0,poisson_regression,8.84273334777402
3,2024,1,6.0,poisson_regression,7.816517816400826
3,2024,2,7.0,poisson_regression,9.109065136039137
3,2024,3,8.0,poisson_regression,8.281347141518527
3,2024,4,6.0,poisson_regression,8.237009397204421
3,2024,5,10.0,poisson_regression,8.88230231999645
3,2024,6,13.0,poisson_regression,8.235609151346797
3,2024,7,6.0,poisson_regression,8.185107636645485
3,2024,8,11.0,poisson_regression,9.014194026903777
3,2024,9,14.0,poisson_regression,9.716855915623006
3,2024,11,12.0,poisson_regression,9.147993688439431
3,2024,12,7.0,poisson_regression,9.123888431464264
4,2023,11,4.0,poisson_regression,5.94354389691334
4,2023,12,2.0,poisson_regression,5.544729435919077
4,2024,1,0.0,poisson_regression,4.50512428630801
4,2024,2,1.0,poisson_regression,5.993682246311284
4,2024,3,1.0,poisson_regression,5.416192184511641
4,2024,4,1.0,poisson_regression,5.192303148414751
4,2024,5,1.0,poisson_regression,5.96610670283987
4,2024,6,3.0,poisson_regression,5.431294824311447
4,2024,7,2.0,poisson_regression,5.5923612589262275
4,2024,8,3.0,poisson_regression,5.880343425640315
4,2024,9,5.0,poisson_regression,5.841328554916228
4,2024,11,3.0,poisson_regression,5.2646692237599915
4,2024,12,1.0,poisson_regression,5.200760118617551
5,2023,11,4.0,poisson_regression,5.953995092287333
5,2023,12,2.0,poisson_regression,5.595727229600871
5,2024,1,0.0,poisson_regression,4.444147277628426
5,2024,2,1.0,poisson_regression,6.040702394268958
5,2024,3,1.0,poisson_regression,5.540002413589794
5,2024,4,1.0,poisson_regression,5.372841564801718
5,2024,5,1.0,poisson_regression,6.101289669574321
5,2024,6,3.0,poisson_regression,5.534834230123465
5,2024,7,2.0,poisson_regression,5.7440298313405815
5,2024,8,3.0,poisson_regression,6.089399033073172
5,2024,9,5.0,poisson_regression,6.084660538014272
5,2024,11,3.0,poisson_regression,5.331355680530642
5,2024,12,1.0,poisson_regression,5.2860923798955355
6,2023,11,7.0,poisson_regression,8.314546574420872
6,2023,12,9.0,poisson_regression,7.826651186462781
6,2024,1,6.0,poisson_regression,7.274782842097088
6,2024,2,10.0,poisson_regression,8.422795393025318
6,2024,3,9.0,poisson_regression,7.954057141230083
6,2024,4,7.0,poisson_regression,7.722385845614128
6,2024,5,6.0,poisson_regression,8.2789872157097
6,2024,6,4.0,poisson_regression,7.683204649381293
6,2024,7,12.0,poisson_regression,7.790794895535825
6,2024,8,10.0,poisson_regression,7.676881289531555
6,2024,9,8.0,poisson_regression,8.379205611069006
6,2024,11,8.0,poisson_regression,7.699990248165268
6,2024,12,7.0,poisson_regression,7.59756566800797
7,2023,11,7.0,poisson_regression,7.077629955893905
7,2023,12,9.0,poisson_regression,6.714993031795469
7,2024,1,6.0,poisson_regression,6.026839368438211
7,2024,2,10.0,poisson_regression,10.858777156959752
7,2024,3,9.0,poisson_regression,6.4989998827937665
7,2024,4,7.0,poisson_regression,6.369158838372091
7,2024,5,6.0,poisson_regression,6.790770137380784
7,2024,6,4.0,poisson_regression,6.302207966187738
7,2024,7,12.0,poisson_regression,6.569137231867098
7,2024,8,10.0,poisson_regression,6.220012554146202
7,2024,9,8.0,poisson_regression,6.861187488216073
7,2024,11,8.0,poisson_regression,6.40143914717893
7,2024,12,7.0,poisson_regression,6.493392143566804
8,2023,11,3.0,poisson_regression,6.4097866993410815
8,2023,12,2.0,poisson_regression,5.92814692943557
8,2024,1,2.0,poisson_regression,4.855793374821894
8,2024,2,3.0,poisson_regression,6.365330032889007
8,2024,3,2.0,poisson_regression,5.764361795468455
8,2024,4,3.0,poisson_regression,5.631992454261642
8,2024,5,4.0,poisson_regression,6.196562697093164
8,2024,6,5.0,poisson_regression,5.971779877732111
8,2024,7,3.0,poisson_regression,5.634732237928018
8,2024,8,5.0,poisson_regression,5.919898658024451
8,2024,9,2.0,poisson_regression,6.461078251640766
8,2024,11,6.0,poisson_regression,6.0714949020883004
8,2024,12,4.0,poisson_regression,5.903084868171779
9,2023,11,4.0,poisson_regression,7.331846819443975
9,2023,12,2.0,poisson_regression,7.020865377354106
9,2024,1,3.0,poisson_regression,5.765985932523137
9,2024,2,3.0,poisson_regression,7.5263362557009055
9,2024,3,2.0,poisson_regression,7.216488511677584
9,2024,4,3.0,poisson_regression,6.901079153103196
9,2024,5,3.0,poisson_regression,7.77297959641476
9,2024,6,6.0,poisson_regression,7.798440522186461
9,2024,7,3.0,poisson_regression,7.472250352037243
9,2024,8,5.0,poisson_regression,7.713863296264013
9,2024,9,2.0,poisson_regression,8.080040631390556
9,2024,11,7.0,poisson_regression,7.20298169817758
9,2024,12,3.0,poisson_regression,6.864385225367265
10,2023,11,16.0,poisson_regression,6.90592522490302
10,2023,12,7.0,poisson_regression,6.597183734740007
10,2024,1,16.0,poisson_regression,5.389390015788635
10,2024,2,11.0,poisson_regression,6.678718431729863
10,2024,3,17.0,poisson_regression,7.182014378107355
10,2024,4,11.0,poisson_regression,6.8724196284344305
10,2024,5,18.0,poisson_regression,7.779831426135543
10,2024,6,14.0,poisson_regression,7.479637931363926
10,2024,7,8.0,poisson_regression,7.616383471698528
10,2024,8,8.0,poisson_regression,8.507170487467555
10,2024,9,19.0,poisson_regression,8.623354441592529
10,2024,11,7.0,poisson_regression,7.445009332627519
10,2024,12,14.0,poisson_regression,7.2602901693857085
11,2023,11,18.0,poisson_regression,7.239923611808932
11,2023,12,7.0,poisson_regression,7.133477567005262
11,2024,1,16.0,poisson_regression,5.605963837980936
11,2024,2,10.0,poisson_regression,6.954793352654769
11,2024,3,18.0,poisson_regression,7.301631456314011
11,2024,4,12.0,poisson_regression,7.234425574561619
11,2024,5,19.0,poisson_regression,8.27231314160001
11,2024,6,14.0,poisson_regression,8.416049664694711
11,2024,7,9.0,poisson_regression,8.223964408407744
11,2024,8,8.0,poisson_regression,8.72097261975568
11,2024,9,19.0,poisson_regression,9.007935877457289
11,2024,11,7.0,poisson_regression,7.993609272917911
11,2024,12,14.0,poisson_regression,7.654198102386869
12,2024,8,5.0,poisson_regression,13.708971642202865
12,2024,9,8.0,poisson_regression,14.95303717912929
12,2024,11,5.0,poisson_regression,15.37065713448425
12,2024,12,4.0,poisson_regression,16.286359545956113
13,2023,11,38.0,poisson_regression,12.980321295084213
13,2023,12,18.0,poisson_regression,11.627125867396376
13,2024,1,19.0,poisson_regression,10.122056166499847
13,2024,2,20.0,poisson_regression,12.675017399099161
13,2024,3,25.0,poisson_regression,12.862395082748591
13,2024,4,20.0,poisson_regression,12.550741049301807
13,2024,5,21.0,poisson_regression,12.452721164489509
13,2024,6,18.0,poisson_regression,12.324365867680495
13,2024,7,22.0,poisson_regression,12.535661701990369
13,2024,8,12.0,poisson_regression,12.809053959326715
13,2024,9,25.0,poisson_regression,13.461370433680976
13,2024,11,29.0,poisson_regression,13.416809941265987
13,2024,12,28.0,poisson_regression,11.102557268206159
14,2023,11,7.0,poisson_regression,7.077137994808074
14,2023,12,10.0,poisson_regression,6.463987907857164
14,2024,1,4.0,poisson_regression,4.559792431154658
14,2024,2,5.0,poisson_regression,7.125895057038924
14,2024,3,12.0,poisson_regression,6.820275175185779
14,2024,4,9.0,poisson_regression,6.438283490790968
14,2024,5,24.0,poisson_regression,7.766160172453143
14,2024,6,17.0,poisson_regression,7.133193700157554
14,2024,7,12.0,poisson_regression,7.207413677337285
14,2024,8,18.0,poisson_regression,7.640315179303829
14,2024,9,12.0,poisson_regression,7.423893579949248
14,2024,11,5.0,poisson_regression,6.582133781472943
14,2024,12,8.0,poisson_regression,5.774871530571416
15,2023,11,11.0,poisson_regression,8.663785913000591
15,2023,12,14.0,poisson_regression,8.465163831933124
15,2024,1,17.0,poisson_regression,7.197334026551567
15,2024,2,22.0,poisson_regression,8.455587359208751
15,2024,3,15.0,poisson_regression,7.908220483454531
15,2024,4,12.0,poisson_regression,7.604452884985691
15,2024,5,12.0,poisson_regression,8.581057257866554
15,2024,6,24.0,poisson_regression,8.379613938418409
15,2024,7,16.0,poisson_regression,9.011878173458213
15,2024,8,13.0,poisson_regression,9.346941390624211
15,2024,9,26.0,poisson_regression,9.182900003619837
15,2024,11,12.0,poisson_regression,8.247337180426966
15,2024,12,14.0,poisson_regression,8.35188367182332
16,2023,11,29.0,poisson_regression,10.690118219664134
16,2023,12,21.0,poisson_regression,9.841440131227253
16,2024,1,12.0,poisson_regression,8.253160868520718
16,2024,2,20.0,poisson_regression,10.361880523112571
16,2024,3,20.0,poisson_regression,9.491583688578023
16,2024,4,25.0,poisson_regression,9.244587701880027
16,2024,5,18.0,poisson_regression,9.509988970355641
16,2024,6,22.0,poisson_regression,8.888795389374058
16,2024,7,9.0,poisson_regression,8.970255723030883
16,2024,8,22.0,poisson_regression,8.836162423405298
16,2024,9,22.0,poisson_regression,9.874971978303634
16,2024,11,26.0,poisson_regression,10.000756999847853
16,2024,12,15.0,poisson_regression,10.308836517996586
17,2023,11,29.0,poisson_regression,13.635620062605932
17,2023,12,21.0,poisson_regression,12.730562571471552
17,2024,1,12.0,poisson_regression,10.374512221091075
17,2024,2,20.0,poisson_regression,12.945994488231193
17,2024,3,20.0,poisson_regression,12.958984185970678
17,2024,4,25.0,poisson_regression,12.519392786155002
17,2024,5,18.0,poisson_regression,13.190552043220297
17,2024,6,22.0,poisson_regression,12.40109294190519
17,2024,7,9.0,poisson_regression,12.586094141142913
17,2024,8,22.0,poisson_regression,12.432492707132015
17,2024,9,22.0,poisson_regression,13.58085157924101
17,2024,11,26.0,poisson_regression,12.727101921053679
17,2024,12,15.0,poisson_regression,13.357718516435334
18,2023,11,12.0,poisson_regression,8.59820972636688
18,2023,12,14.0,poisson_regression,8.215410522091192
18,2024,1,17.0,poisson_regression,7.064468683281876
18,2024,2,22.0,poisson_regression,8.172856078590833
18,2024,3,15.0,poisson_regression,7.798371576365562
18,2024,4,12.0,poisson_regression,7.458386677264492
18,2024,5,12.0,poisson_regression,8.465808593402054
18,2024,6,23.0,poisson_regression,8.21777140220255
18,2024,7,16.0,poisson_regression,8.76870194911829
18,2024,8,13.0,poisson_regression,9.330321372347841
18,2024,9,26.0,poisson_regression,8.829462453987059
18,2024,11,12.0,poisson_regression,7.916423484238345
18,2024,12,14.0,poisson_regression,7.989625009621999
19,2023,11,17.0,poisson_regression,8.146927460751456
19,2023,12,6.0,poisson_regression,7.76484632271287
19,2024,1,16.0,poisson_regression,6.323940984761521
19,2024,2,9.0,poisson_regression,8.19573969218135
19,2024,3,17.0,poisson_regression,8.514925056044442
19,2024,4,12.0,poisson_regression,8.134475817691802
19,2024,5,18.0,poisson_regression,9.247463235318191
19,2024,6,13.0,poisson_regression,9.0840954471561
19,2024,7,7.0,poisson_regression,9.25423679239428
19,2024,8,8.0,poisson_regression,9.992625461993127
19,2024,9,19.0,poisson_regression,10.181222206910547
19,2024,11,7.0,poisson_regression,9.041067918396337
19,2024,12,14.0,poisson_regression,8.769969769452231
20,2023,11,8.0,poisson_regression,11.477514204571406
20,2023,12,10.0,poisson_regression,11.49950424738992
20,2024,1,4.0,poisson_regression,9.30823044208146
20,2024,2,5.0,poisson_regression,11.461119964768345
20,2024,3,7.0,poisson_regression,11.624563032936857
20,2024,4,9.0,poisson_regression,10.83643887896709
20,2024,5,4.0,poisson_regression,14.32718431513659
20,2024,6,8.0,poisson_regression,0.3304427179742206
20,2024,7,10.0,poisson_regression,12.778243125328402
20,2024,8,7.0,poisson_regression,13.007790982029901
20,2024,9,10.0,poisson_regression,12.954301981276835
20,2024,11,8.0,poisson_regression,11.89585336593077
20,2024,12,5.0,poisson_regression,11.68770479184765
21,2023,11,2.0,poisson_regression,8.007481164802702
21,2023,12,6.0,poisson_regression,7.884123618680041
21,2024,1,5.0,poisson_regression,5.644213255300562
21,2024,2,5.0,poisson_regression,8.348530576027674
21,2024,3,4.0,poisson_regression,8.312730476997238
21,2024,4,2.0,poisson_regression,8.38105673407073
21,2024,5,4.0,poisson_regression,9.425390941207064
21,2024,6,4.0,poisson_regression,8.978007603285752
21,2024,7,5.0,poisson_regression,9.195924778620945
21,2024,8,3.0,poisson_regression,9.52030853659684
21,2024,9,4.0,poisson_regression,9.119984118109725
21,2024,11,6.0,poisson_regression,7.979426132873727
21,2024,12,0.0,poisson_regression,7.131876910591131
22,2023,11,6.0,poisson_regression,10.209720416893465
22,2023,12,3.0,poisson_regression,9.44436079183759
22,2024,1,10.0,poisson_regression,6.886159033005455
22,2024,2,5.0,poisson_regression,9.775484868032379
22,2024,3,2.0,poisson_regression,9.59211095055154
22,2024,4,3.0,poisson_regression,9.192356654666337
22,2024,5,8.0,poisson_regression,9.957705314708791
22,2024,6,5.0,poisson_regression,10.21557523428977
22,2024,7,3.0,poisson_regression,10.949428810554123
22,2024,8,6.0,poisson_regression,11.049687921992827
22,2024,9,3.0,poisson_regression,10.729490933179
22,2024,11,7.0,poisson_regression,9.288283291616363
22,2024,12,2.0,poisson_regression,8.51427027023928
23,2023,11,6.0,poisson_regression,12.513368325436591
23,2023,12,3.0,poisson_regression,11.590042951173483
23,2024,1,10.0,poisson_regression,8.807252842161692
23,2024,2,5.0,poisson_regression,12.10039275938418
23,2024,3,2.0,poisson_regression,11.790115407978693
23,2024,4,3.0,poisson_regression,11.264797264989495
23,2024,5,8.0,poisson_regression,12.729752664310825
23,2024,6,5.0,poisson_regression,12.060297104928171
23,2024,7,3.0,poisson_regression,12.158666703659643
23,2024,8,6.0,poisson_regression,12.61275204475411
23,2024,9,3.0,poisson_regression,12.890079730671719
23,2024,11,7.0,poisson_regression,11.369777371610411
23,2024,12,2.0,poisson_regression,10.824849296723738
24,2023,11,6.0,poisson_regression,9.860039852635076
24,2023,12,3.0,poisson_regression,8.949082023277322
24,2024,1,10.0,poisson_regression,6.728806660563711
24,2024,2,5.0,poisson_regression,9.5663353531289
24,2024,3,2.0,poisson_regression,9.098308350573614
24,2024,4,3.0,poisson_regression,8.541504524243166
24,2024,5,8.0,poisson_regression,9.412463462817591
24,2024,6,5.0,poisson_regression,9.252440445159507
24,2024,7,3.0,poisson_regression,9.373722837336711
24,2024,8,6.0,poisson_regression,9.495797854142847
24,2024,9,3.0,poisson_regression,9.977621156566778
24,2024,11,7.0,poisson_regression,8.780760135140827
24,2024,12,2.0,poisson_regression,8.260576200513858
25,2023,11,9.0,poisson_regression,7.915401603636031
25,2023,12,3.0,poisson_regression,7.262152753045692
25,2024,1,5.0,poisson_regression,5.404687418901534
25,2024,2,3.0,poisson_regression,7.9772842269747235
25,2024,3,0.0,poisson_regression,8.031312713708157
25,2024,4,7.0,poisson_regression,7.522668058763701
25,2024,5,5.0,poisson_regression,9.297173721776543
25,2024,6,6.0,poisson_regression,8.898754645452845
25,2024,7,6.0,poisson_regression,9.391077294777443
25,2024,8,8.0,poisson_regression,9.68109443078586
25,2024,9,6.0,poisson_regression,9.213941801752677
25,2024,11,5.0,poisson_regression,7.21013579389934
25,2024,12,3.0,poisson_regression,6.711227449550012
26,2023,11,10.0,poisson_regression,9.59349389158811
26,2023,12,8.0,poisson_regression,8.486795656046056
26,2024,1,12.0,poisson_regression,6.331591002376056
26,2024,2,13.0,poisson_regression,9.797507051301274
26,2024,3,12.0,poisson_regression,9.541368485524313
26,2024,4,14.0,poisson_regression,8.945658101934926
26,2024,5,18.0,poisson_regression,10.585167009518079
26,2024,6,15.0,poisson_regression,10.462541403229386
26,2024,7,8.0,poisson_regression,10.516024013809902
26,2024,8,10.0,poisson_regression,10.41431172595482
26,2024,9,13.0,poisson_regression,11.130534328323792
26,2024,11,17.0,poisson_regression,9.772473702126058
26,2024,12,11.0,poisson_regression,8.653584746150202
27,2023,11,8.0,poisson_regression,6.526391858044013
27,2023,12,8.0,poisson_regression,6.041250344337652
27,2024,1,9.0,poisson_regression,4.793765389810754
27,2024,2,8.0,poisson_regression,6.708744446287204
27,2024,3,11.0,poisson_regression,6.908016857642083
27,2024,4,12.0,poisson_regression,6.087206085366718
27,2024,5,15.0,poisson_regression,7.1925579201912795
27,2024,6,20.0,poisson_regression,7.193371618215947
27,2024,7,11.0,poisson_regression,6.686403330921518
27,2024,8,4.0,poisson_regression,6.999772564609678
27,2024,9,16.0,poisson_regression,7.47823178585088
27,2024,11,17.0,poisson_regression,6.363209248025106
27,2024,12,6.0,poisson_regression,5.878374195844198
28,2023,11,0.0,poisson_regression,4.44914093875533
28,2023,12,0.0,poisson_regression,4.207522607803538
28,2024,1,0.0,poisson_regression,3.159854825232132
28,2024,2,0.0,poisson_regression,4.561926713255582
28,2024,3,1.0,poisson_regression,4.111343183821061
28,2024,4,0.0,poisson_regression,4.1596595925304785
28,2024,5,2.0,poisson_regression,4.592441378042897
28,2024,6,0.0,poisson_regression,4.259967824090667
28,2024,7,0.0,poisson_regression,4.323361201017781
28,2024,8,1.0,poisson_regression,4.534465639899957
28,2024,9,0.0,poisson_regression,4.5730889798853935
28,2024,11,1.0,poisson_regression,4.178350205752052
28,2024,12,1.0,poisson_regression,3.493799904397964
29,2023,11,0.0,poisson_regression,5.6904661942206936
29,2023,12,2.0,poisson_regression,5.62045364135929
29,2024,1,4.0,poisson_regression,4.16531902118289
29,2024,2,1.0,poisson_regression,6.194146177725803
29,2024,3,2.0,poisson_regression,5.876838744192078
29,2024,4,3.0,poisson_regression,5.36122473925516
29,2024,5,1.0,poisson_regression,6.498421330205731
29,2024,6,1.0,poisson_regression,6.059366422694723
29,2024,7,2.0,poisson_regression,6.424554528993671
29,2024,8,0.0,poisson_regression,6.825785897516387
29,2024,9,2.0,poisson_regression,6.647355113080137
29,2024,11,2.0,poisson_regression,5.654969811337736
29,2024,12,1.0,poisson_regression,10.63892752371585
30,2023,11,1.0,poisson_regression,6.104488825847385
30,2023,12,1.0,poisson_regression,5.688198232671377
30,2024,1,0.0,poisson_regression,4.500324837101052
30,2024,2,0.0,poisson_regression,6.272691666268226
30,2024,3,1.0,poisson_regression,6.4495971385025435
30,2024,4,1.0,poisson_regression,5.998465601933143
30,2024,5,2.0,poisson_regression,7.219192026616297
30,2024,6,1.0,poisson_regression,6.915318020528853
30,2024,7,0.0,poisson_regression,7.430020829553146
30,2024,8,2.0,poisson_regression,7.815461887111917
30,2024,9,2.0,poisson_regression,7.2495216206845186
30,2024,11,3.0,poisson_regression,6.155768211953837
30,2024,12,0.0,poisson_regression,5.940116132836692
31,2023,11,1.0,poisson_regression,5.586334523695291
31,2023,12,1.0,poisson_regression,5.208561373392437
31,2024,1,0.0,poisson_regression,4.070988511090635
31,2024,2,0.0,poisson_regression,5.7734843178759006
31,2024,3,1.0,poisson_regression,5.669578383662799
31,2024,4,1.0,poisson_regression,5.3680229315206756
31,2024,5,2.0,poisson_regression,5.989293795750872
31,2024,6,1.0,poisson_regression,5.762034256326583
31,2024,7,0.0,poisson_regression,5.83373461539013
31,2024,8,2.0,poisson_regression,5.959096886933183
31,2024,9,2.0,poisson_regression,5.9819034798116935
31,2024,11,3.0,poisson_regression,5.51893780604979
31,2024,12,0.0,poisson_regression,5.532495638703676
32,2023,11,0.0,poisson_regression,4.954525798823634
32,2023,12,1.0,poisson_regression,4.66290013735968
32,2024,1,3.0,poisson_regression,3.556014941743792
32,2024,2,3.0,poisson_regression,5.239260554918666
32,2024,3,2.0,poisson_regression,4.978799999827885
32,2024,4,0.0,poisson_regression,4.7517279992888835
32,2024,5,1.0,poisson_regression,5.280630105000409
32,2024,6,1.0,poisson_regression,5.038709156030737
32,2024,7,0.0,poisson_regression,5.0028832845424125
32,2024,8,3.0,poisson_regression,5.255302308414604
32,2024,9,1.0,poisson_regression,5.435351528851176
32,2024,11,2.0,poisson_regression,4.969109306529696
32,2024,12,0.0,poisson_regression,4.721090116489552
33,2023,11,0.0,poisson_regression,4.829655404321631
33,2023,12,1.0,poisson_regression,4.547986265492052
33,2024,1,3.0,poisson_regression,3.3992547149945493
33,2024,2,3.0,poisson_regression,4.91613577331727
33,2024,3,2.0,poisson_regression,4.535489055117651
33,2024,4,0.0,poisson_regression,4.358194520997421
33,2024,5,1.0,poisson_regression,4.771620709387634
33,2024,6,1.0,poisson_regression,4.538024279157556
33,2024,7,0.0,poisson_regression,4.605628682579524
33,2024,8,3.0,poisson_regression,4.531517250771109
33,2024,9,1.0,poisson_regression,4.842601469791627
33,2024,11,2.0,poisson_regression,4.682688760185842
33,2024,12,0.0,poisson_regression,4.516415249607956
34,2023,11,0.0,poisson_regression,4.432800104362191
34,2023,12,0.0,poisson_regression,4.190263162707958
34,2024,1,0.0,poisson_regression,3.1398499280335765
34,2024,2,0.0,poisson_regression,4.54008505115836
34,2024,3,1.0,poisson_regression,4.201489858807875
34,2024,4,0.0,poisson_regression,4.399571243053471
34,2024,5,2.0,poisson_regression,4.65490321130834
34,2024,6,0.0,poisson_regression,4.388394328517199
34,2024,7,0.0,poisson_regression,4.555259643672062
34,2024,8,1.0,poisson_regression,4.796262182011942
34,2024,9,0.0,poisson_regression,4.909786385826414
34,2024,11,1.0,poisson_regression,4.125294678877323
34,2024,12,1.0,poisson_regression,3.5576607727797978
35,2023,11,0.0,poisson_regression,5.768692313178433
35,2023,12,0.0,poisson_regression,5.9678445137053435
35,2024,1,0.0,poisson_regression,4.26638539339969
35,2024,2,1.0,poisson_regression,6.593889689808591
35,2024,3,3.0,poisson_regression,6.655487362804058
35,2024,4,1.0,poisson_regression,6.249295352377304
35,2024,5,2.0,poisson_regression,7.387832632528818
35,2024,6,3.0,poisson_regression,8.484706662285847
35,2024,7,2.0,poisson_regression,8.014238553133946
35,2024,8,1.0,poisson_regression,8.209233441614542
35,2024,9,1.0,poisson_regression,7.987959667150661
35,2024,11,3.0,poisson_regression,6.130907681814705
35,2024,12,0.0,poisson_regression,5.681229793190949
36,2023,11,0.0,poisson_regression,5.149651383476666
36,2023,12,0.0,poisson_regression,5.4086185351184906
36,2024,1,0.0,poisson_regression,3.9092730881931783
36,2024,2,1.0,poisson_regression,6.169229262813037
36,2024,3,3.0,poisson_regression,6.036771459689752
36,2024,4,1.0,poisson_regression,5.444270194725489
36,2024,5,2.0,poisson_regression,6.626174250827825
36,2024,6,3.0,poisson_regression,4.137636317642855
36,2024,7,2.0,poisson_regression,5.064900034295616
36,2024,8,1.0,poisson_regression,6.13635988433193
36,2024,9,1.0,poisson_regression,6.595625718749859
36,2024,11,3.0,poisson_regression,5.379307578685088
36,2024,12,0.0,poisson_regression,6.006387734586631
37,2023,11,6.0,poisson_regression,6.037686533008266
37,2023,12,7.0,poisson_regression,5.873038274193965
37,2024,1,7.0,poisson_regression,4.646612525647808
37,2024,2,3.0,poisson_regression,6.460387001091076
37,2024,3,4.0,poisson_regression,5.668079292258255
37,2024,4,5.0,poisson_regression,5.643055472481875
37,2024,5,9.0,poisson_regression,6.385872068285958
37,2024,6,2.0,poisson_regression,5.915615820998421
37,2024,7,6.0,poisson_regression,6.172694975374165
37,2024,8,3.0,poisson_regression,6.16205119707381
37,2024,9,6.0,poisson_regression,6.410519671446661
37,2024,11,4.0,poisson_regression,5.791288149897827
37,2024,12,5.0,poisson_regression,5.953036334793306
38,2023,11,5.0,poisson_regression,6.494145075043832
38,2023,12,7.0,poisson_regression,6.232558516750377
38,2024,1,7.0,poisson_regression,4.930275846469292
38,2024,2,3.0,poisson_regression,6.5688223961137515
38,2024,3,4.0,poisson_regression,6.244105300772674
38,2024,4,5.0,poisson_regression,6.085655504451736
38,2024,5,9.0,poisson_regression,6.910378645523581
38,2024,6,2.0,poisson_regression,6.647415908215902
38,2024,7,6.0,poisson_regression,6.6600753364846605
38,2024,8,3.0,poisson_regression,6.886553278084962
38,2024,9,6.0,poisson_regression,7.107498518999156
38,2024,11,4.0,poisson_regression,6.183041636729673
38,2024,12,4.0,poisson_regression,6.244606407848412
39,2023,11,1.0,poisson_regression,4.59085685393819
39,2023,12,2.0,poisson_regression,4.588681654388233
39,2024,1,2.0,poisson_regression,3.476215699228731
39,2024,2,3.0,poisson_regression,5.065205646893473
39,2024,3,1.0,poisson_regression,4.598302934655638
39,2024,4,0.0,poisson_regression,4.4890979951667
39,2024,5,2.0,poisson_regression,5.3343341525780925
39,2024,6,1.0,poisson_regression,5.041103739707678
39,2024,7,0.0,poisson_regression,5.330482849167428
39,2024,8,1.0,poisson_regression,5.576421522716429
39,2024,9,3.0,poisson_regression,5.717361059795873
39,2024,11,6.0,poisson_regression,4.701555573926243
39,2024,12,1.0,poisson_regression,4.1737569130194645
40,2023,11,1.0,poisson_regression,4.686952047755966
40,2023,12,2.0,poisson_regression,4.6736559838094776
40,2024,1,1.0,poisson_regression,3.65851538931199
40,2024,2,3.0,poisson_regression,5.5391231604383
40,2024,3,1.0,poisson_regression,4.933680255428238
40,2024,4,0.0,poisson_regression,4.997028260005528
40,2024,5,2.0,poisson_regression,5.7745409033075585
40,2024,6,1.0,poisson_regression,5.679307211025429
40,2024,7,0.0,poisson_regression,6.115368116988704
40,2024,8,1.0,poisson_regression,6.251778054434112
40,2024,9,3.0,poisson_regression,6.397418793479474
40,2024,11,6.0,poisson_regression,5.00702764214396
40,2024,12,1.0,poisson_regression,4.486569223796603
41,2023,11,9.0,poisson_regression,6.102840446732462
41,2023,12,5.0,poisson_regression,6.870867964720742
41,2024,1,4.0,poisson_regression,6.080615714735687
41,2024,2,9.0,poisson_regression,6.076488442201189
41,2024,3,18.0,poisson_regression,5.716803074434792
41,2024,4,11.0,poisson_regression,5.582104594045683
41,2024,5,9.0,poisson_regression,6.4079357059756665
41,2024,6,7.0,poisson_regression,5.902514020935648
41,2024,7,8.0,poisson_regression,6.089725885065365
41,2024,8,5.0,poisson_regression,6.043085696672827
41,2024,9,2.0,poisson_regression,6.470534743018145
41,2024,11,9.0,poisson_regression,5.984814574256722
41,2024,12,6.0,poisson_regression,5.686220609367991
42,2023,11,9.0,poisson_regression,5.827358680984646
42,2023,12,5.0,poisson_regression,5.552640239912448
42,2024,1,4.0,poisson_regression,4.322160075231833
42,2024,2,9.0,poisson_regression,6.035446331497583
42,2024,3,18.0,poisson_regression,5.629934442941752
42,2024,4,11.0,poisson_regression,5.300898734101964
42,2024,5,8.0,poisson_regression,6.123722568026933
42,2024,6,7.0,poisson_regression,5.893681048875864
42,2024,7,8.0,poisson_regression,5.888441880851764
42,2024,8,5.0,poisson_regression,5.975439179466248
42,2024,9,2.0,poisson_regression,6.427615800560599
42,2024,11,9.0,poisson_regression,6.0298085019221705
42,2024,12,6.0,poisson_regression,5.486891400387789
43,2023,11,2.0,poisson_regression,4.881593515890417
43,2023,12,1.0,poisson_regression,4.655007353519716
43,2024,1,3.0,poisson_regression,3.432769607409778
43,2024,2,3.0,poisson_regression,4.970062595277163
43,2024,3,2.0,poisson_regression,4.914315901358624
43,2024,4,3.0,poisson_regression,4.959474041276037
43,2024,5,1.0,poisson_regression,6.110666320835758
43,2024,6,0.0,poisson_regression,5.706650314748291
43,2024,7,2.0,poisson_regression,6.100731813517291
43,2024,8,0.0,poisson_regression,6.57856569203696
43,2024,9,1.0,poisson_regression,6.005105040570981
43,2024,11,4.0,poisson_regression,4.079363114473602
43,2024,12,1.0,poisson_regression,4.458943307674481
44,2023,11,2.0,poisson_regression,4.549683981129171
44,2023,12,1.0,poisson_regression,4.496009808341406
44,2024,1,3.0,poisson_regression,3.304778460510465
44,2024,2,3.0,poisson_regression,4.7179077525588795
44,2024,3,2.0,poisson_regression,4.568226889836002
44,2024,4,3.0,poisson_regression,4.560343823697052
44,2024,5,1.0,poisson_regression,5.198848798388142
44,2024,6,0.0,poisson_regression,4.8799428248579675
44,2024,7,2.0,poisson_regression,4.761190705809233
44,2024,8,0.0,poisson_regression,4.971746071269427
44,2024,9,1.0,poisson_regression,5.076110090215526
44,2024,11,4.0,poisson_regression,3.9378807959274957
44,2024,12,1.0,poisson_regression,4.33277973233551
45,2023,11,1.0,poisson_regression,5.5944327006024395
45,2023,12,6.0,poisson_regression,5.3409934325169175
45,2024,1,6.0,poisson_regression,4.258300648087853
45,2024,2,3.0,poisson_regression,5.748336804395619
45,2024,3,4.0,poisson_regression,5.280398649906366
45,2024,4,4.0,poisson_regression,5.055049161591217
45,2024,5,5.0,poisson_regression,5.704097848032667
45,2024,6,1.0,poisson_regression,5.315282917302671
45,2024,7,2.0,poisson_regression,5.346821476507281
45,2024,8,2.0,poisson_regression,5.3444110902281405
45,2024,9,5.0,poisson_regression,5.847877751572358
45,2024,11,2.0,poisson_regression,5.357197100705122
45,2024,12,4.0,poisson_regression,5.258805368706397
46,2023,11,1.0,poisson_regression,5.913579355391134
46,2023,12,6.0,poisson_regression,5.665603102564438
46,2024,1,6.0,poisson_regression,4.549355122022811
46,2024,2,3.0,poisson_regression,6.170055082209528
46,2024,3,4.0,poisson_regression,5.6623544192875785
46,2024,4,4.0,poisson_regression,5.324104539170675
46,2024,5,5.0,poisson_regression,6.149928368466362
46,2024,6,1.0,poisson_regression,5.683935804307695
46,2024,7,2.0,poisson_regression,5.586166883436468
46,2024,8,2.0,poisson_regression,5.628072941942649
46,2024,9,5.0,poisson_regression,6.132140243577229
46,2024,11,2.0,poisson_regression,5.603209740041357
46,2024,12,4.0,poisson_regression,5.483476459114645
47,2023,11,18.0,poisson_regression,11.980899073346459
47,2023,12,7.0,poisson_regression,11.177015399023539
47,2024,1,6.0,poisson_regression,9.004813126560563
47,2024,2,15.0,poisson_regression,12.614809516673745
47,2024,3,9.0,poisson_regression,12.405596338241114
47,2024,4,11.0,poisson_regression,11.904546749267038
47,2024,5,11.0,poisson_regression,13.366103899531796
47,2024,6,19.0,poisson_regression,12.066399183413688
47,2024,7,8.0,poisson_regression,11.064349937111572
47,2024,8,12.0,poisson_regression,10.686815364041868
47,2024,9,18.0,poisson_regression,11.369298212822159
47,2024,11,12.0,poisson_regression,9.057615179298955
47,2024,12,10.0,poisson_regression,8.219397058054156
48,2023,11,1.0,poisson_regression,5.692706555854317
48,2023,12,1.0,poisson_regression,5.298350351100996
48,2024,1,1.0,poisson_regression,3.869698977838877
48,2024,2,0.0,poisson_regression,6.225707193128026
48,2024,3,0.0,poisson_regression,6.434115572472171
48,2024,4,3.0,poisson_regression,6.111186255190973
48,2024,5,1.0,poisson_regression,7.604002205668428
48,2024,6,3.0,poisson_regression,7.29103211839782
48,2024,7,0.0,poisson_regression,8.08350011021464
48,2024,8,2.0,poisson_regression,8.98119701373845
48,2024,9,5.0,poisson_regression,8.36723006949229
48,2024,11,1.0,poisson_regression,5.827076463430935
48,2024,12,1.0,poisson_regression,4.902749012571088
49,2023,11,1.0,poisson_regression,8.565036590140833
49,2023,12,1.0,poisson_regression,7.600339643838363
49,2024,1,0.0,poisson_regression,5.613535950108427
49,2024,2,2.0,poisson_regression,8.35898519939814
49,2024,3,2.0,poisson_regression,8.403229130630706
49,2024,4,1.0,poisson_regression,7.849829435190752
49,2024,5,2.0,poisson_regression,9.513563597877642
49,2024,6,5.0,poisson_regression,8.841253955592254
49,2024,7,3.0,poisson_regression,8.958346020405656
49,2024,8,1.0,poisson_regression,9.907358391748089
49,2024,9,3.0,poisson_regression,9.327869066536744
49,2024,11,3.0,poisson_regression,8.711164545587225
49,2024,12,0.0,poisson_regression,7.050882583049336
50,2023,11,1.0,poisson_regression,7.151337731794317
50,2023,12,7.0,poisson_regression,6.813863114292092
50,2024,1,3.0,poisson_regression,5.777493059971425
50,2024,2,1.0,poisson_regression,6.995919649196791
50,2024,3,1.0,poisson_regression,6.502317080719788
50,2024,4,4.0,poisson_regression,6.255300921827796
50,2024,5,5.0,poisson_regression,6.71809327151385
50,2024,6,6.0,poisson_regression,5.7781929833648435
50,2024,7,5.0,poisson_regression,6.004149689047305
50,2024,8,2.0,poisson_regression,5.75169292297598
50,2024,9,8.0,poisson_regression,5.355368345437287
50,2024,11,4.0,poisson_regression,6.831493097775777
50,2024,12,4.0,poisson_regression,6.750023145100386
51,2023,11,1.0,poisson_regression,8.463758388621349
51,2023,12,7.0,poisson_regression,8.035178851891652
51,2024,1,3.0,poisson_regression,6.885280485261091
51,2024,2,1.0,poisson_regression,8.721229218724346
51,2024,3,1.0,poisson_regression,8.521368527406267
51,2024,4,4.0,poisson_regression,8.041339887805277
51,2024,5,5.0,poisson_regression,8.571536205634157
51,2024,6,6.0,poisson_regression,8.43948214631306
51,2024,7,5.0,poisson_regression,8.98241779073026
51,2024,8,2.0,poisson_regression,9.392876183597973
51,2024,9,8.0,poisson_regression,9.50497822424685
51,2024,11,4.0,poisson_regression,8.681801072920763
51,2024,12,4.0,poisson_regression,8.242793621521264
52,2023,11,19.0,poisson_regression,14.44301815069579
52,2023,12,10.0,poisson_regression,10.234430502754474
52,2024,1,14.0,poisson_regression,8.78140801491717
52,2024,2,9.0,poisson_regression,10.227498718695339
52,2024,3,17.0,poisson_regression,10.369402336338883
52,2024,4,5.0,poisson_regression,9.897902486213818
52,2024,5,16.0,poisson_regression,11.158921247553344
52,2024,6,15.0,poisson_regression,8.24899385224493
52,2024,7,14.0,poisson_regression,8.446423079947984
52,2024,8,10.0,poisson_regression,7.727094380005093
52,2024,9,11.0,poisson_regression,8.879006520526026
52,2024,11,13.0,poisson_regression,7.915309341643255
52,2024,12,8.0,poisson_regression,7.628824681128591
53,2023,11,19.0,poisson_regression,5.415136531361942
53,2023,12,8.0,poisson_regression,5.293610560074497
53,2024,1,14.0,poisson_regression,4.352757560279543
53,2024,2,9.0,poisson_regression,5.245859252969325
53,2024,3,17.0,poisson_regression,4.769230989916416
53,2024,4,6.0,poisson_regression,4.554255434435725
53,2024,5,16.0,poisson_regression,5.046916684588119
53,2024,6,15.0,poisson_regression,4.616807697623508
53,2024,7,12.0,poisson_regression,4.844664609892319
53,2024,8,9.0,poisson_regression,4.848395578380824
53,2024,9,12.0,poisson_regression,5.551329769213419
53,2024,11,14.0,poisson_regression,4.9759295970745505
53,2024,12,10.0,poisson_regression,4.859718835919282
54,2023,11,19.0,poisson_regression,6.070199139591181
54,2023,12,8.0,poisson_regression,5.721896521469965
54,2024,1,14.0,poisson_regression,4.92243149266568
54,2024,2,9.0,poisson_regression,5.907591474835238
54,2024,3,17.0,poisson_regression,5.532902449436533
54,2024,4,6.0,poisson_regression,5.4030202502251115
54,2024,5,16.0,poisson_regression,6.055974438644302
54,2024,6,15.0,poisson_regression,5.620779058036088
54,2024,7,12.0,poisson_regression,5.853160497516203
54,2024,8,9.0,poisson_regression,5.989878569571106
54,2024,9,12.0,poisson_regression,6.0517979914260565
54,2024,11,14.0,poisson_regression,5.725568272577786
54,2024,12,10.0,poisson_regression,5.63329549185682
55,2023,11,4.0,poisson_regression,4.376547655923316
55,2023,12,0.0,poisson_regression,4.112688834162815
55,2024,1,2.0,poisson_regression,3.594407408614223
55,2024,2,5.0,poisson_regression,4.338991176111149
55,2024,3,5.0,poisson_regression,4.06120927108312
55,2024,4,2.0,poisson_regression,3.956713165766782
55,2024,5,4.0,poisson_regression,4.18919506653969
55,2024,6,3.0,poisson_regression,3.9407604389754205
55,2024,7,3.0,poisson_regression,4.000372942377968
55,2024,8,4.0,poisson_regression,3.975489872638345
55,2024,9,5.0,poisson_regression,4.367062563335972
55,2024,11,2.0,poisson_regression,4.163421590479271
55,2024,12,3.0,poisson_regression,4.05990759562766
56,2023,11,4.0,poisson_regression,4.585788592165144
56,2023,12,0.0,poisson_regression,4.321452127913966
56,2024,1,2.0,poisson_regression,3.708237871559035
56,2024,2,5.0,poisson_regression,4.482125840351333
56,2024,3,5.0,poisson_regression,4.21390005299431
56,2024,4,2.0,poisson_regression,4.209367932630699
56,2024,5,5.0,poisson_regression,4.5280277612328
56,2024,6,3.0,poisson_regression,4.2237668782913
56,2024,7,3.0,poisson_regression,4.49530967832215
56,2024,8,4.0,poisson_regression,4.429744349496348
56,2024,9,5.0,poisson_regression,4.837588883213762
56,2024,11,2.0,poisson_regression,4.543552235451958
56,2024,12,3.0,poisson_regression,4.413393818090861
57,2023,11,2.0,poisson_regression,4.860312584520133
57,2023,12,1.0,poisson_regression,4.384135470675494
57,2024,1,1.0,poisson_regression,3.756335429953839
57,2024,2,1.0,poisson_regression,4.828244318584557
57,2024,3,0.0,poisson_regression,4.5148820614147445
57,2024,4,3.0,poisson_regression,4.509402447132449
57,2024,5,2.0,poisson_regression,4.708735256844627
57,2024,6,2.0,poisson_regression,4.56904439492187
57,2024,7,2.0,poisson_regression,4.766564467416379
57,2024,8,0.0,poisson_regression,4.710433604873614
57,2024,9,0.0,poisson_regression,5.120594913698005
57,2024,11,3.0,poisson_regression,4.774383167608043
57,2024,12,1.0,poisson_regression,4.482500468059923
58,2023,11,2.0,poisson_regression,4.524984620413458
58,2023,12,1.0,poisson_regression,4.027689513138197
58,2024,1,1.0,poisson_regression,3.499282961348702
58,2024,2,1.0,poisson_regression,4.4725941190544445
58,2024,3,0.0,poisson_regression,4.044756559708024
58,2024,4,3.0,poisson_regression,3.85328211818147
58,2024,5,2.0,poisson_regression,4.193435353559336
58,2024,6,2.0,poisson_regression,4.15440158249831
58,2024,7,2.0,poisson_regression,4.236072129801844
58,2024,8,0.0,poisson_regression,4.140434072597332
58,2024,9,0.0,poisson_regression,4.589847975221469
58,2024,11,3.0,poisson_regression,4.385022686578987
58,2024,12,1.0,poisson_regression,4.144225571250535
59,2023,11,5.0,poisson_regression,5.587477870373131
59,2023,12,2.0,poisson_regression,4.979339181044475
59,2024,1,1.0,poisson_regression,4.3561453825117376
59,2024,2,2.0,poisson_regression,5.948455803656389
59,2024,3,3.0,poisson_regression,5.492310014613819
59,2024,4,4.0,poisson_regression,4.037229637702342
59,2024,5,1.0,poisson_regression,3.71171222219873
59,2024,6,3.0,poisson_regression,5.187032032101872
59,2024,7,1.0,poisson_regression,5.2674808751316
59,2024,8,1.0,poisson_regression,5.378964652829935
59,2024,9,2.0,poisson_regression,5.843940871095474
59,2024,11,2.0,poisson_regression,5.720502249015019
59,2024,12,0.0,poisson_regression,5.561136593068622
60,2023,11,5.0,poisson_regression,5.205030887768085
60,2023,12,2.0,poisson_regression,4.644242475480588
60,2024,1,1.0,poisson_regression,4.02452785528087
60,2024,2,2.0,poisson_regression,4.255414827629083
60,2024,3,3.0,poisson_regression,3.0894255499733805
60,2024,4,4.0,poisson_regression,4.174628522212019
60,2024,5,1.0,poisson_regression,4.963024600726915
60,2024,6,3.0,poisson_regression,4.892992638144729
60,2024,7,1.0,poisson_regression,4.972620820632968
60,2024,8,1.0,poisson_regression,4.916146459563161
60,2024,9,2.0,poisson_regression,5.499840524015017
60,2024,11,2.0,poisson_regression,5.475654836921961
60,2024,12,0.0,poisson_regression,5.12658895808185
61,2023,11,2.0,poisson_regression,5.820737903409994
61,2023,12,3.0,poisson_regression,5.315722822118096
61,2024,1,2.0,poisson_regression,4.3294714667132235
61,2024,2,3.0,poisson_regression,5.711840570790942
61,2024,3,4.0,poisson_regression,5.178764576672342
61,2024,4,0.0,poisson_regression,5.136534146794453
61,2024,5,5.0,poisson_regression,5.2058934418102565
61,2024,6,7.0,poisson_regression,5.00732122655572
61,2024,7,6.0,poisson_regression,5.078944129785367
61,2024,8,5.0,poisson_regression,5.095917097615126
61,2024,9,3.0,poisson_regression,5.537828449453659
61,2024,11,6.0,poisson_regression,5.5575860305949645
61,2024,12,2.0,poisson_regression,5.227362452011065
62,2023,11,2.0,poisson_regression,5.883529846907353
62,2023,12,3.0,poisson_regression,5.332219138388067
62,2024,1,2.0,poisson_regression,4.351193271712606
62,2024,2,3.0,poisson_regression,5.775007107278842
62,2024,3,4.0,poisson_regression,5.1832752195173715
62,2024,4,0.0,poisson_regression,5.151158810711613
62,2024,5,5.0,poisson_regression,5.215282498291799
62,2024,6,6.0,poisson_regression,5.015163194393213
62,2024,7,6.0,poisson_regression,5.103550201831739
62,2024,8,5.0,poisson_regression,5.1251325126213185
62,2024,9,3.0,poisson_regression,5.58592028972745
62,2024,11,6.0,poisson_regression,5.518982485368858
62,2024,12,2.0,poisson_regression,5.16798957839813
63,2023,11,1.0,poisson_regression,6.708535793839055
63,2023,12,1.0,poisson_regression,6.586721899902704
63,2024,1,0.0,poisson_regression,5.230153198724938
63,2024,2,3.0,poisson_regression,6.395884579200645
63,2024,3,3.0,poisson_regression,6.295212001449773
63,2024,4,6.0,poisson_regression,6.528008282083983
63,2024,5,3.0,poisson_regression,7.410271341311667
63,2024,6,3.0,poisson_regression,6.811149655033608
63,2024,7,3.0,poisson_regression,8.869410188935989
63,2024,8,4.0,poisson_regression,9.566257460254253
63,2024,9,2.0,poisson_regression,7.790417661457813
63,2024,11,0.0,poisson_regression,6.519312322260219
63,2024,12,2.0,poisson_regression,6.165962519418123
64,2023,11,1.0,poisson_regression,4.572409147689894
64,2023,12,1.0,poisson_regression,7.847757044116236
64,2024,1,0.0,poisson_regression,6.784412999904158
64,2024,2,3.0,poisson_regression,8.470019036525096
64,2024,3,3.0,poisson_regression,9.260142903880809
64,2024,4,6.0,poisson_regression,10.123364421447153
64,2024,5,4.0,poisson_regression,13.119804408658418
64,2024,6,2.0,poisson_regression,13.150474831155018
64,2024,7,4.0,poisson_regression,22.642183152100095
64,2024,8,4.0,poisson_regression,27.992057851300828
64,2024,9,3.0,poisson_regression,13.153547565815114
64,2024,11,0.0,poisson_regression,9.052973198316733
64,2024,12,2.0,poisson_regression,7.9795425467460905
65,2023,11,1.0,poisson_regression,8.242282322924977
65,2023,12,1.0,poisson_regression,6.115934745544414
65,2024,1,0.0,poisson_regression,5.2513013231408445
65,2024,2,4.0,poisson_regression,6.299980805012136
65,2024,3,3.0,poisson_regression,6.3459780646345285
65,2024,4,6.0,poisson_regression,6.3452400557317
65,2024,5,4.0,poisson_regression,7.255990144649185
65,2024,6,2.0,poisson_regression,6.938743208187948
65,2024,7,4.0,poisson_regression,8.321801270485427
65,2024,8,4.0,poisson_regression,8.761229047781505
65,2024,9,3.0,poisson_regression,7.65313543278981
65,2024,11,0.0,poisson_regression,6.648389167242108
65,2024,12,2.0,poisson_regression,6.042329748823295
66,2023,11,1.0,poisson_regression,6.148536170441774
66,2023,12,1.0,poisson_regression,5.752494498400088
66,2024,1,0.0,poisson_regression,4.80868517880608
66,2024,2,3.0,poisson_regression,5.939679958862459
66,2024,3,3.0,poisson_regression,6.173409053399997
66,2024,4,6.0,poisson_regression,6.177855376454704
66,2024,5,3.0,poisson_regression,8.291991976948097
66,2024,6,3.0,poisson_regression,7.706665357189657
66,2024,7,3.0,poisson_regression,10.307236462756814
66,2024,8,4.0,poisson_regression,12.496570336836403
66,2024,9,3.0,poisson_regression,8.401110030677685
66,2024,11,0.0,poisson_regression,6.06609889709317
66,2024,12,2.0,poisson_regression,5.674539336954663
67,2023,11,5.0,poisson_regression,4.881491722504151
67,2023,12,3.0,poisson_regression,4.397181092210689
67,2024,1,5.0,poisson_regression,3.763812641899437
67,2024,2,5.0,poisson_regression,4.690008417773582
67,2024,3,5.0,poisson_regression,4.372940874613485
67,2024,4,6.0,poisson_regression,4.293576914864542
67,2024,5,6.0,poisson_regression,4.415608609556858
67,2024,6,3.0,poisson_regression,4.223723891022258
67,2024,7,3.0,poisson_regression,4.406438504693388
67,2024,8,2.0,poisson_regression,4.432327649330465
67,2024,9,2.0,poisson_regression,4.58464262756408
67,2024,11,3.0,poisson_regression,4.6780548335705845
67,2024,12,5.0,poisson_regression,4.540715687493948
68,2023,11,5.0,poisson_regression,5.488815962867804
68,2023,12,3.0,poisson_regression,4.921986202042977
68,2024,1,6.0,poisson_regression,4.184611249622757
68,2024,2,5.0,poisson_regression,5.395496168613159
68,2024,3,5.0,poisson_regression,5.105714919680563
68,2024,4,6.0,poisson_regression,5.043944727587356
68,2024,5,6.0,poisson_regression,5.144079132133243
68,2024,6,3.0,poisson_regression,5.201588644531884
68,2024,7,3.0,poisson_regression,5.289997434541945
68,2024,8,2.0,poisson_regression,5.334876844545525
68,2024,9,2.0,poisson_regression,5.1430838267659125
68,2024,11,3.0,poisson_regression,5.3676347420870405
68,2024,12,5.0,poisson_regression,5.140412072508294
69,2023,11,18.0,poisson_regression,20.140779093879523
69,2023,12,27.0,poisson_regression,17.866080824685213
69,2024,1,15.0,poisson_regression,13.14911541435951
69,2024,2,13.0,poisson_regression,18.85511623726948
69,2024,3,23.0,poisson_regression,18.934175945116717
69,2024,4,22.0,poisson_regression,16.24425236243452
69,2024,5,27.0,poisson_regression,17.895610270007047
69,2024,6,28.0,poisson_regression,16.14923750681365
69,2024,7,15.0,poisson_regression,16.572519398316583
69,2024,8,14.0,poisson_regression,16.03706972104904
69,2024,9,19.0,poisson_regression,19.011371039714344
69,2024,11,23.0,poisson_regression,17.214314107729745
69,2024,12,16.0,poisson_regression,16.567799385230913
70,2023,11,4.0,poisson_regression,6.205650028095982
70,2023,12,2.0,poisson_regression,5.825578239567704
70,2024,1,3.0,poisson_regression,4.410917161509454
70,2024,2,4.0,poisson_regression,6.2900951681658945
70,2024,3,2.0,poisson_regression,5.699004738986852
70,2024,4,0.0,poisson_regression,5.30569102481251
70,2024,5,1.0,poisson_regression,6.027414051641013
70,2024,6,5.0,poisson_regression,5.842864706287082
70,2024,7,6.0,poisson_regression,5.9827308635528205
70,2024,8,3.0,poisson_regression,6.232201894518421
70,2024,9,1.0,poisson_regression,6.323204042373307
70,2024,11,2.0,poisson_regression,6.04597058857304
70,2024,12,1.0,poisson_regression,5.295190331614584
71,2023,11,4.0,poisson_regression,6.419723421568873
71,2023,12,2.0,poisson_regression,6.04236809250275
71,2024,1,3.0,poisson_regression,4.64550550662957
71,2024,2,4.0,poisson_regression,6.320782908115012
71,2024,3,2.0,poisson_regression,5.792254919428899
71,2024,4,0.0,poisson_regression,5.355236097449387
71,2024,5,1.0,poisson_regression,6.227914114156993
71,2024,6,5.0,poisson_regression,6.102910445330029
71,2024,7,6.0,poisson_regression,6.299943102238151
71,2024,8,2.0,poisson_regression,6.482374209697345
71,2024,9,1.0,poisson_regression,6.704264945239992
71,2024,11,2.0,poisson_regression,5.772432186521884
71,2024,12,1.0,poisson_regression,5.578468018370192
72,2023,11,4.0,poisson_regression,6.264541376376427
72,2023,12,4.0,poisson_regression,5.834460444481167
72,2024,1,5.0,poisson_regression,4.114212945442352
72,2024,2,4.0,poisson_regression,6.003343470771659
72,2024,3,4.0,poisson_regression,5.7202800379526915
72,2024,4,5.0,poisson_regression,5.2089957267091584
72,2024,5,8.0,poisson_regression,5.8258126332314255
72,2024,6,2.0,poisson_regression,5.627230449738043
72,2024,7,1.0,poisson_regression,5.461984129266299
72,2024,8,3.0,poisson_regression,5.6144367062621985
72,2024,9,2.0,poisson_regression,6.1086966968424665
72,2024,11,0.0,poisson_regression,5.363228138722651
72,2024,12,0.0,poisson_regression,5.405751937461334
73,2023,11,4.0,poisson_regression,9.089206854171996
73,2023,12,4.0,poisson_regression,8.098064502275191
73,2024,1,5.0,poisson_regression,9.538895236624576
73,2024,2,4.0,poisson_regression,11.013433069188741
73,2024,3,4.0,poisson_regression,9.137441916240343
73,2024,4,5.0,poisson_regression,8.53438888279643
73,2024,5,8.0,poisson_regression,9.649082523192524
73,2024,6,2.0,poisson_regression,9.437434465632567
73,2024,7,1.0,poisson_regression,9.548100947215895
73,2024,8,3.0,poisson_regression,9.731983208673482
73,2024,9,2.0,poisson_regression,10.072289735319846
73,2024,11,0.0,poisson_regression,8.208342566704903
73,2024,12,0.0,poisson_regression,7.81041133337165
74,2023,11,33.0,poisson_regression,6.49762285704494
74,2023,12,21.0,poisson_regression,5.895017771572002
74,2024,1,15.0,poisson_regression,4.97389429026757
74,2024,2,18.0,poisson_regression,6.596393506843506
74,2024,3,19.0,poisson_regression,6.0999465248217115
74,2024,4,22.0,poisson_regression,5.822104523746041
74,2024,5,15.0,poisson_regression,6.051534794759491
74,2024,6,21.0,poisson_regression,5.852045149017699
74,2024,7,9.0,poisson_regression,5.642632854344745
74,2024,8,16.0,poisson_regression,5.672547241609996
74,2024,9,21.0,poisson_regression,6.5080019869887815
74,2024,11,27.0,poisson_regression,6.424894906900466
74,2024,12,14.0,poisson_regression,6.377581489848833
75,2023,11,33.0,poisson_regression,7.823626992805678
75,2023,12,21.0,poisson_regression,6.724810877429005
75,2024,1,15.0,poisson_regression,5.7646407015157175
75,2024,2,17.0,poisson_regression,7.620170427646717
75,2024,3,19.0,poisson_regression,7.30295438658674
75,2024,4,22.0,poisson_regression,6.84880544954947
75,2024,5,15.0,poisson_regression,7.330787271520577
75,2024,6,21.0,poisson_regression,6.832486675621538
75,2024,7,9.0,poisson_regression,6.21325511844873
75,2024,8,16.0,poisson_regression,6.395485364169313
75,2024,9,21.0,poisson_regression,7.588703413192878
75,2024,11,26.0,poisson_regression,7.409119409833248
75,2024,12,14.0,poisson_regression,7.10576376185602
76,2023,11,3.0,poisson_regression,5.741489654926133
76,2023,12,4.0,poisson_regression,5.356580817139315
76,2024,1,7.0,poisson_regression,3.9817773302007757
76,2024,2,4.0,poisson_regression,5.67123144856877
76,2024,3,6.0,poisson_regression,5.260087986014932
76,2024,4,5.0,poisson_regression,4.902046365908474
76,2024,5,7.0,poisson_regression,5.330690057828347
76,2024,6,8.0,poisson_regression,5.041261532349506
76,2024,7,4.0,poisson_regression,4.944044933644708
76,2024,8,4.0,poisson_regression,4.164887774873514
76,2024,9,2.0,poisson_regression,5.544069961395665
76,2024,11,4.0,poisson_regression,4.960747946782283
76,2024,12,3.0,poisson_regression,4.95850728906331
77,2023,11,18.0,poisson_regression,12.55809176299884
77,2023,12,29.0,poisson_regression,11.550196873261417
77,2024,1,16.0,poisson_regression,8.565539902103561
77,2024,2,13.0,poisson_regression,11.714654242418257
77,2024,3,20.0,poisson_regression,11.269596716659144
77,2024,4,21.0,poisson_regression,10.153107510403782
77,2024,5,25.0,poisson_regression,11.505869555959157
77,2024,6,32.0,poisson_regression,10.668864440486349
77,2024,7,17.0,poisson_regression,10.750222008360337
77,2024,8,17.0,poisson_regression,10.42096493900866
77,2024,9,21.0,poisson_regression,11.470260656204713
77,2024,11,20.0,poisson_regression,10.648589912929683
77,2024,12,17.0,poisson_regression,9.334816924843633
78,2023,11,2.0,poisson_regression,3.7850678778146847
78,2023,12,0.0,poisson_regression,3.589460099547968
78,2024,1,1.0,poisson_regression,2.7354095828007825
78,2024,2,1.0,poisson_regression,3.8479740995726948
78,2024,3,0.0,poisson_regression,3.521018791681918
78,2024,4,0.0,poisson_regression,3.3541397515565166
78,2024,5,0.0,poisson_regression,3.6647256454020076
78,2024,6,0.0,poisson_regression,3.668486887205619
78,2024,7,0.0,poisson_regression,3.645138583514137
78,2024,8,0.0,poisson_regression,3.7014768009342602
78,2024,9,2.0,poisson_regression,3.8607588112176128
78,2024,11,0.0,poisson_regression,3.5735642446979488
78,2024,12,1.0,poisson_regression,3.3931246495715595
79,2023,11,2.0,poisson_regression,5.405586441554308
79,2023,12,0.0,poisson_regression,4.862062097836027
79,2024,1,1.0,poisson_regression,3.830825546426734
79,2024,2,1.0,poisson_regression,5.348415856762036
79,2024,3,0.0,poisson_regression,5.248897626522173
79,2024,4,0.0,poisson_regression,4.985787834171809
79,2024,5,0.0,poisson_regression,5.379452921143699
79,2024,6,0.0,poisson_regression,5.492110355662381
79,2024,7,0.0,poisson_regression,5.376705361982109
79,2024,8,0.0,poisson_regression,5.516839116246505
79,2024,9,2.0,poisson_regression,5.685462111102762
79,2024,11,0.0,poisson_regression,4.998914156126826
79,2024,12,1.0,poisson_regression,4.578281636133499
80,2023,11,7.0,poisson_regression,4.104532878164567
80,2023,12,7.0,poisson_regression,3.9239347625520904
80,2024,1,4.0,poisson_regression,3.115863276261201
80,2024,2,2.0,poisson_regression,4.237955721477151
80,2024,3,6.0,poisson_regression,3.8959219118798627
80,2024,4,4.0,poisson_regression,2.9910593514710446
80,2024,5,2.0,poisson_regression,8.134138162528089
80,2024,12,4.0,poisson_regression,12.214969553291319
81,2023,11,7.0,poisson_regression,4.078569347741405
81,2023,12,7.0,poisson_regression,3.780787437938479
81,2024,1,3.0,poisson_regression,3.096062158021049
81,2024,2,2.0,poisson_regression,4.237540117623716
81,2024,3,6.0,poisson_regression,4.053720876115942
81,2024,4,3.0,poisson_regression,4.969434376936448
81,2024,5,2.0,poisson_regression,3.925221757023729
81,2024,6,4.0,poisson_regression,3.9931159393845315
81,2024,7,3.0,poisson_regression,3.5810919359475655
81,2024,8,2.0,poisson_regression,3.5080242165924136
81,2024,9,2.0,poisson_regression,4.265638840244669
81,2024,11,3.0,poisson_regression,3.9060930482047
81,2024,12,4.0,poisson_regression,3.7507201165384987
82,2023,11,1.0,poisson_regression,4.129406492064508
82,2023,12,2.0,poisson_regression,3.7773157829088233
82,2024,1,1.0,poisson_regression,2.749775463468652
82,2024,2,1.0,poisson_regression,4.061705743513336
82,2024,3,1.0,poisson_regression,5.352830262589351
82,2024,4,0.0,poisson_regression,3.570626550014962
82,2024,5,1.0,poisson_regression,3.891868260502289
82,2024,6,1.0,poisson_regression,4.024660833450824
82,2024,7,1.0,poisson_regression,3.7232044925345114
82,2024,8,1.0,poisson_regression,3.8262029791463092
82,2024,9,0.0,poisson_regression,4.189367074662312
82,2024,11,1.0,poisson_regression,3.7984439681312794
82,2024,12,1.0,poisson_regression,3.6621339316008226
83,2023,11,1.0,poisson_regression,3.9572571085184483
83,2023,12,2.0,poisson_regression,3.6232381660404402
83,2024,1,1.0,poisson_regression,2.6566680376467606
83,2024,2,1.0,poisson_regression,3.8775409316824647
83,2024,3,1.0,poisson_regression,5.907552571844184
83,2024,4,0.0,poisson_regression,5.313846158405157
83,2024,5,1.0,poisson_regression,3.5136367483240663
83,2024,6,1.0,poisson_regression,3.6927431040892666
83,2024,7,1.0,poisson_regression,3.5702319023628335
83,2024,8,1.0,poisson_regression,3.639075140479092
83,2024,9,0.0,poisson_regression,4.022348254593799
83,2024,11,1.0,poisson_regression,3.740039126263822
83,2024,12,1.0,poisson_regression,3.551657516404285
84,2023,11,5.0,poisson_regression,7.372717524281297
84,2023,12,1.0,poisson_regression,6.582588843002726
84,2024,1,6.0,poisson_regression,5.759269012279291
84,2024,2,9.0,poisson_regression,7.416844018195977
84,2024,3,4.0,poisson_regression,7.147252535564262
84,2024,4,2.0,poisson_regression,6.791303856039543
84,2024,5,7.0,poisson_regression,7.444021522584186
84,2024,6,6.0,poisson_regression,7.141502147551379
84,2024,7,8.0,poisson_regression,7.488652634128411
84,2024,8,3.0,poisson_regression,7.3858635487823125
84,2024,9,12.0,poisson_regression,8.05816222875737
84,2024,11,7.0,poisson_regression,7.302352826530631
84,2024,12,8.0,poisson_regression,6.829171453145885
85,2023,11,3.0,poisson_regression,4.167816522884918
85,2023,12,2.0,poisson_regression,4.013568422296097
85,2024,1,3.0,poisson_regression,3.125591697652874
85,2024,2,1.0,poisson_regression,4.206511783856729
85,2024,3,5.0,poisson_regression,3.8713215348531054
85,2024,4,3.0,poisson_regression,3.52070319335895
85,2024,5,8.0,poisson_regression,3.821823061085349
85,2024,6,2.0,poisson_regression,3.9374619623138614
85,2024,7,6.0,poisson_regression,2.3189362221269145
85,2024,8,1.0,poisson_regression,3.939610424296841
85,2024,9,3.0,poisson_regression,4.329295473535642
85,2024,11,4.0,poisson_regression,4.153754568293507
85,2024,12,4.0,poisson_regression,3.8547670942953336
86,2023,11,3.0,poisson_regression,4.080379860625608
86,2023,12,1.0,poisson_regression,3.8323895753845982
86,2024,1,1.0,poisson_regression,2.9837957988424177
86,2024,2,3.0,poisson_regression,4.067578736233618
86,2024,3,5.0,poisson_regression,3.695742286109961
86,2024,4,2.0,poisson_regression,3.8158631483173933
86,2024,5,8.0,poisson_regression,3.810094162596536
86,2024,6,3.0,poisson_regression,3.7341490473829557
86,2024,7,6.0,poisson_regression,3.581881802524508
86,2024,8,2.0,poisson_regression,3.704761352095029
86,2024,9,4.0,poisson_regression,3.9838479185511826
86,2024,11,1.0,poisson_regression,3.8830605069406383
86,2024,12,5.0,poisson_regression,3.781293993810641
87,2023,11,6.0,poisson_regression,7.4061495108028215
87,2023,12,2.0,poisson_regression,7.058946850378543
87,2024,1,6.0,poisson_regression,5.5661594832835455
87,2024,2,3.0,poisson_regression,7.554071973831058
87,2024,3,8.0,poisson_regression,7.248116778729972
87,2024,4,4.0,poisson_regression,7.0023457586712805
87,2024,5,7.0,poisson_regression,7.897488697535212
87,2024,6,2.0,poisson_regression,7.453502730279072
87,2024,7,7.0,poisson_regression,8.004325147467522
87,2024,8,5.0,poisson_regression,8.509455031244274
87,2024,9,5.0,poisson_regression,8.21620958256434
87,2024,11,7.0,poisson_regression,7.031437651155511
87,2024,12,10.0,poisson_regression,7.052060781275621
88,2023,11,5.0,poisson_regression,5.125384028579288
88,2023,12,2.0,poisson_regression,4.930918797510657
88,2024,1,0.0,poisson_regression,3.8466768019038327
88,2024,2,0.0,poisson_regression,5.288686931301111
88,2024,3,4.0,poisson_regression,5.0978083301301504
88,2024,4,1.0,poisson_regression,4.852721529928439
88,2024,5,3.0,poisson_regression,5.3940334182568295
88,2024,6,2.0,poisson_regression,5.388936063843393
88,2024,7,3.0,poisson_regression,5.3321725153087565
88,2024,8,4.0,poisson_regression,5.659820441089784
88,2024,9,0.0,poisson_regression,5.63645501137255
88,2024,11,4.0,poisson_regression,4.776037702286938
88,2024,12,1.0,poisson_regression,4.6086367434554045
89,2023,11,5.0,poisson_regression,8.37237459914319
89,2023,12,2.0,poisson_regression,7.838295194479138
89,2024,1,0.0,poisson_regression,6.321967422558092
89,2024,2,0.0,poisson_regression,8.373958582157233
89,2024,3,4.0,poisson_regression,8.299237124294791
89,2024,4,1.0,poisson_regression,7.940308072649837
89,2024,5,3.0,poisson_regression,9.517456585719238
89,2024,6,2.0,poisson_regression,8.853052564032781
89,2024,7,3.0,poisson_regression,9.282929238117966
89,2024,8,5.0,poisson_regression,10.038171981285421
89,2024,9,0.0,poisson_regression,9.398701728305822
89,2024,11,4.0,poisson_regression,7.632046680262652
89,2024,12,1.0,poisson_regression,7.246967188286801
90,2023,11,3.0,poisson_regression,4.737022408423051
90,2023,12,3.0,poisson_regression,4.383652660151605
90,2024,1,0.0,poisson_regression,3.853705064561549
90,2024,2,2.0,poisson_regression,5.134077045345789
90,2024,3,1.0,poisson_regression,4.741159055388859
90,2024,4,1.0,poisson_regression,4.457472727485638
90,2024,5,1.0,poisson_regression,5.2237605318817115
90,2024,6,2.0,poisson_regression,4.89676861107522
90,2024,7,2.0,poisson_regression,4.794041397560029
90,2024,8,0.0,poisson_regression,5.038945369648685
90,2024,9,4.0,poisson_regression,5.25874957167663
90,2024,11,0.0,poisson_regression,4.342157336707192
90,2024,12,1.0,poisson_regression,4.677308701374089
91,2023,11,3.0,poisson_regression,4.673590810716135
91,2023,12,3.0,poisson_regression,4.391869266630348
91,2024,1,0.0,poisson_regression,3.8270493991756545
91,2024,2,2.0,poisson_regression,5.072572817841181
91,2024,3,1.0,poisson_regression,4.631448056799372
91,2024,4,1.0,poisson_regression,4.467931025918103
91,2024,5,1.0,poisson_regression,5.000715639105285
91,2024,6,2.0,poisson_regression,4.764668486771813
91,2024,7,2.0,poisson_regression,4.724933319163283
91,2024,8,0.0,poisson_regression,5.082296872146624
91,2024,9,4.0,poisson_regression,5.165192594230431
91,2024,11,0.0,poisson_regression,4.348053642949362
91,2024,12,1.0,poisson_regression,4.669234622208591
92,2023,11,1.0,poisson_regression,5.0462422260325335
92,2023,12,2.0,poisson_regression,4.707996189893521
92,2024,1,3.0,poisson_regression,3.871404686230006
92,2024,2,1.0,poisson_regression,4.917457488564657
92,2024,3,4.0,poisson_regression,4.68941463734039
92,2024,4,2.0,poisson_regression,4.661188428276209
92,2024,5,2.0,poisson_regression,5.137138105702184
92,2024,6,6.0,poisson_regression,4.899009748458056
92,2024,7,2.0,poisson_regression,4.861932102025287
92,2024,8,1.0,poisson_regression,5.198327906810335
92,2024,9,4.0,poisson_regression,5.395922393676662
92,2024,11,5.0,poisson_regression,4.818566342471608
92,2024,12,2.0,poisson_regression,4.613952016903033
93,2023,11,1.0,poisson_regression,5.122412352293856
93,2023,12,2.0,poisson_regression,4.706974302201348
93,2024,1,3.0,poisson_regression,3.9344597719020626
93,2024,2,1.0,poisson_regression,5.0546200478559635
93,2024,3,4.0,poisson_regression,4.729273375671639
93,2024,4,2.0,poisson_regression,5.066385773710644
93,2024,5,2.0,poisson_regression,5.459342007882607
93,2024,6,6.0,poisson_regression,5.084821547523107
93,2024,7,2.0,poisson_regression,4.900548988679957
93,2024,8,1.0,poisson_regression,5.220882037296726
93,2024,9,4.0,poisson_regression,5.451082629989598
93,2024,11,5.0,poisson_regression,4.8122529325520516
93,2024,12,2.0,poisson_regression,4.501254623424467
94,2023,11,9.0,poisson_regression,4.3628210737426
94,2023,12,8.0,poisson_regression,3.9279370087005328
94,2024,1,4.0,poisson_regression,3.1357108460565346
94,2024,2,8.0,poisson_regression,4.079650001054912
94,2024,3,6.0,poisson_regression,3.6234473010968675
94,2024,4,4.0,poisson_regression,3.4375310042232554
94,2024,5,2.0,poisson_regression,3.9222306914764977
94,2024,6,3.0,poisson_regression,3.771742473647022
94,2024,7,1.0,poisson_regression,4.9532746800347365
94,2024,8,6.0,poisson_regression,5.521345684988547
94,2024,9,5.0,poisson_regression,5.669885025297022
94,2024,11,7.0,poisson_regression,4.680269659182976
94,2024,12,5.0,poisson_regression,5.257399346952077
95,2023,11,3.0,poisson_regression,5.461472252515597
95,2023,12,8.0,poisson_regression,5.005997327559811
95,2024,1,5.0,poisson_regression,4.223073065021118
95,2024,2,5.0,poisson_regression,5.351801525176024
95,2024,3,5.0,poisson_regression,4.782903429794588
95,2024,4,2.0,poisson_regression,4.620229266157678
95,2024,5,7.0,poisson_regression,5.115938550448311
95,2024,6,4.0,poisson_regression,5.553763522079223
95,2024,7,2.0,poisson_regression,6.229677074519513
95,2024,8,7.0,poisson_regression,4.806791630997328
95,2024,9,2.0,poisson_regression,5.414026466911264
95,2024,11,6.0,poisson_regression,5.399478633817029
95,2024,12,4.0,poisson_regression,5.734795604310822
96,2023,11,3.0,poisson_regression,5.114939668928424
96,2023,12,8.0,poisson_regression,4.7991410051670185
96,2024,1,5.0,poisson_regression,4.041486347509104
96,2024,2,5.0,poisson_regression,5.177736822410671
96,2024,3,5.0,poisson_regression,4.546222198259385
96,2024,4,2.0,poisson_regression,4.449885401992471
96,2024,5,7.0,poisson_regression,4.970712446852709
96,2024,6,4.0,poisson_regression,4.772611575555389
96,2024,7,2.0,poisson_regression,4.753159028919671
96,2024,8,7.0,poisson_regression,4.958860029930541
96,2024,9,2.0,poisson_regression,5.198233570415107
96,2024,11,6.0,poisson_regression,4.056193449093871
96,2024,12,4.0,poisson_regression,7.720371202879201
97,2023,11,3.0,poisson_regression,3.9277333149564777
97,2023,12,4.0,poisson_regression,3.774457155502519
97,2024,1,4.0,poisson_regression,3.121415852164327
97,2024,2,4.0,poisson_regression,4.109107998652531
97,2024,3,4.0,poisson_regression,3.641315457728832
97,2024,4,1.0,poisson_regression,3.522062992296333
97,2024,5,11.0,poisson_regression,3.901997034468355
97,2024,6,5.0,poisson_regression,3.602200975265674
97,2024,7,3.0,poisson_regression,3.6363216246381995
97,2024,8,4.0,poisson_regression,3.798826413671499
97,2024,9,2.0,poisson_regression,3.9256788204316293
97,2024,11,5.0,poisson_regression,3.8032966892783655
97,2024,12,3.0,poisson_regression,3.5463205822327986
98,2023,11,3.0,poisson_regression,4.103196885537156
98,2023,12,4.0,poisson_regression,3.9573221733190382
98,2024,1,4.0,poisson_regression,3.1958982515191035
98,2024,2,4.0,poisson_regression,4.186380072009462
98,2024,3,4.0,poisson_regression,3.7893571809254816
98,2024,4,1.0,poisson_regression,3.645979735671631
98,2024,5,11.0,poisson_regression,3.9683421835618895
98,2024,6,5.0,poisson_regression,3.777977495958743
98,2024,7,3.0,poisson_regression,3.785058892796754
98,2024,8,4.0,poisson_regression,3.9319526630157573
98,2024,9,2.0,poisson_regression,4.127360194749493
98,2024,11,5.0,poisson_regression,3.953028630888576
98,2024,12,3.0,poisson_regression,3.691035954750263
99,2023,11,12.0,poisson_regression,4.531145477812498
99,2023,12,9.0,poisson_regression,4.064710110170053
99,2024,1,12.0,poisson_regression,3.3901828787720336
99,2024,2,14.0,poisson_regression,4.2917218388271055
99,2024,3,16.0,poisson_regression,3.7768876733664882
99,2024,4,13.0,poisson_regression,3.7394977918714716
99,2024,5,14.0,poisson_regression,3.979514658608617
99,2024,6,12.0,poisson_regression,3.865215676738435
99,2024,7,13.0,poisson_regression,3.696997973459783
99,2024,8,13.0,poisson_regression,3.726214156786638
99,2024,9,15.0,poisson_regression,4.2378007944580975
99,2024,11,12.0,poisson_regression,3.6149739939358088
99,2024,12,7.0,poisson_regression,3.885696115200033
100,2023,11,12.0,poisson_regression,13.951834270783849
100,2023,12,9.0,poisson_regression,12.78707259811442
100,2024,1,12.0,poisson_regression,10.61406410456474
100,2024,2,14.0,poisson_regression,12.258042807191284
100,2024,3,16.0,poisson_regression,10.649292627777484
100,2024,4,13.0,poisson_regression,11.521942868799483
100,2024,5,14.0,poisson_regression,13.826422594191133
100,2024,6,12.0,poisson_regression,13.317404756832655
100,2024,7,13.0,poisson_regression,11.566905214647448
100,2024,8,13.0,poisson_regression,13.716687639770162
100,2024,9,15.0,poisson_regression,13.995483932149718
100,2024,11,12.0,poisson_regression,12.660671366158025
100,2024,12,7.0,poisson_regression,13.159590205807739
101,2023,11,8.0,poisson_regression,6.33600368471212
101,2023,12,2.0,poisson_regression,6.088874128127112
101,2024,1,4.0,poisson_regression,4.460297229946723
101,2024,2,3.0,poisson_regression,6.3169851112815305
101,2024,3,5.0,poisson_regression,5.983680972401167
101,2024,4,4.0,poisson_regression,6.148958782424421
101,2024,5,6.0,poisson_regression,7.036741021945596
101,2024,6,3.0,poisson_regression,6.835619116893489
101,2024,7,2.0,poisson_regression,6.940891842521593
101,2024,8,8.0,poisson_regression,7.413491379222513
101,2024,9,6.0,poisson_regression,6.992146837476042
101,2024,11,5.0,poisson_regression,6.360855584661351
101,2024,12,8.0,poisson_regression,6.214306924306707
102,2023,11,8.0,poisson_regression,5.490564780125845
102,2023,12,2.0,poisson_regression,5.2516651508304175
102,2024,1,4.0,poisson_regression,3.9331645074795865
102,2024,2,3.0,poisson_regression,5.426383173768995
102,2024,3,5.0,poisson_regression,5.2138731885384555
102,2024,4,4.0,poisson_regression,5.08715779188207
102,2024,5,6.0,poisson_regression,5.785401324565874
102,2024,6,3.0,poisson_regression,6.2312021134713085
102,2024,7,2.0,poisson_regression,5.737623709450711
102,2024,8,8.0,poisson_regression,5.901840990280952
102,2024,9,6.0,poisson_regression,5.878027477184483
102,2024,11,5.0,poisson_regression,5.221661322844391
102,2024,12,8.0,poisson_regression,5.269683221770593
103,2023,11,1.0,poisson_regression,4.392328591424165
103,2023,12,1.0,poisson_regression,4.267410477997346
103,2024,1,2.0,poisson_regression,3.6431091622559038
103,2024,2,3.0,poisson_regression,4.6731141986332805
103,2024,3,0.0,poisson_regression,4.285943673521981
103,2024,4,1.0,poisson_regression,4.178815688045676
103,2024,5,0.0,poisson_regression,4.6515772665284665
103,2024,6,1.0,poisson_regression,4.396262088516571
103,2024,7,1.0,poisson_regression,4.280061894048819
103,2024,8,2.0,poisson_regression,4.673860919283358
103,2024,9,0.0,poisson_regression,4.710226437779618
103,2024,11,2.0,poisson_regression,4.244491268362871
103,2024,12,1.0,poisson_regression,4.487885923911596
104,2023,11,1.0,poisson_regression,4.410328748898534
104,2023,12,1.0,poisson_regression,4.331765692077869
104,2024,1,2.0,poisson_regression,3.746445535516471
104,2024,2,3.0,poisson_regression,5.124502960449169
104,2024,3,0.0,poisson_regression,4.468059264014429
104,2024,4,1.0,poisson_regression,4.291415480742496
104,2024,5,0.0,poisson_regression,4.801363426141232
104,2024,6,1.0,poisson_regression,4.375814058860464
104,2024,7,1.0,poisson_regression,4.383762694478004
104,2024,8,2.0,poisson_regression,4.7079415476787245
104,2024,9,0.0,poisson_regression,4.799822290906173
104,2024,11,2.0,poisson_regression,4.260148650948982
104,2024,12,1.0,poisson_regression,4.4338092201460135
105,2023,11,5.0,poisson_regression,3.268710942454748
105,2023,12,0.0,poisson_regression,3.078016429081548
105,2024,1,2.0,poisson_regression,2.274994813339763
105,2024,2,4.0,poisson_regression,3.212508415480249
105,2024,3,3.0,poisson_regression,2.700829690637152
105,2024,4,1.0,poisson_regression,2.599911603992951
105,2024,5,1.0,poisson_regression,2.6792684001183495
105,2024,6,6.0,poisson_regression,2.7596527229685566
105,2024,7,2.0,poisson_regression,2.5585715710755306
105,2024,8,0.0,poisson_regression,2.480085559418941
105,2024,9,3.0,poisson_regression,2.8532297328687
105,2024,11,3.0,poisson_regression,3.0930564488127903
105,2024,12,0.0,poisson_regression,2.949649771118318
106,2023,11,5.0,poisson_regression,4.155573777507825
106,2023,12,0.0,poisson_regression,3.7398490941514004
106,2024,1,2.0,poisson_regression,2.7908714949068796
106,2024,2,4.0,poisson_regression,4.080263954702753
106,2024,3,3.0,poisson_regression,3.6471004899045205
106,2024,4,1.0,poisson_regression,3.3678907633880457
106,2024,5,1.0,poisson_regression,3.6350223968444624
106,2024,6,6.0,poisson_regression,3.578209558005446
106,2024,7,2.0,poisson_regression,3.497100470321203
106,2024,8,0.0,poisson_regression,3.522204826048137
106,2024,9,3.0,poisson_regression,3.8232512885532635
106,2024,11,3.0,poisson_regression,3.663154124394109
106,2024,12,0.0,poisson_regression,3.4978412028186536
107,2023,11,19.0,poisson_regression,28.124262944025062
107,2023,12,27.0,poisson_regression,23.71571934693754
107,2024,1,16.0,poisson_regression,17.93146876789228
107,2024,2,12.0,poisson_regression,27.282552519917324
107,2024,3,20.0,poisson_regression,32.03486526179691
107,2024,4,21.0,poisson_regression,25.97603648164168
107,2024,5,25.0,poisson_regression,33.16361281631451
107,2024,6,32.0,poisson_regression,32.74245595160104
107,2024,7,17.0,poisson_regression,30.3518478641609
107,2024,8,16.0,poisson_regression,31.638030614296127
107,2024,9,21.0,poisson_regression,35.7442743273246
107,2024,11,20.0,poisson_regression,26.359224968803492
107,2024,12,17.0,poisson_regression,22.71290671970405
108,2023,11,5.0,poisson_regression,7.440447497005462
108,2023,12,4.0,poisson_regression,6.947084236426911
108,2024,1,7.0,poisson_regression,5.164435137244355
108,2024,2,4.0,poisson_regression,7.385594702162189
108,2024,3,7.0,poisson_regression,7.567900977303896
108,2024,4,6.0,poisson_regression,6.5707820148611
108,2024,5,9.0,poisson_regression,7.888985399060638
108,2024,6,8.0,poisson_regression,7.629261061425212
108,2024,7,4.0,poisson_regression,7.618636900280099
108,2024,8,5.0,poisson_regression,7.346200793755013
108,2024,9,2.0,poisson_regression,8.266105738977314
108,2024,11,5.0,poisson_regression,6.778133358274094
108,2024,12,4.0,poisson_regression,6.498483271993182
109,2023,11,1.0,poisson_regression,10.4871733643197
109,2023,12,3.0,poisson_regression,10.029907087298264
109,2024,1,6.0,poisson_regression,7.5235001877523064
109,2024,2,4.0,poisson_regression,10.128206430290081
109,2024,3,2.0,poisson_regression,10.567902329878068
109,2024,4,2.0,poisson_regression,9.588560895600406
109,2024,5,2.0,poisson_regression,11.722417124099639
109,2024,6,2.0,poisson_regression,11.001251959892725
109,2024,7,0.0,poisson_regression,11.112046172083293
109,2024,8,5.0,poisson_regression,11.986966660060308
109,2024,9,8.0,poisson_regression,12.04205627323691
109,2024,11,6.0,poisson_regression,10.119691383542367
109,2024,12,2.0,poisson_regression,9.7081468055556
110,2023,11,7.0,poisson_regression,8.85870687988806
110,2023,12,8.0,poisson_regression,7.9020103032909095
110,2024,1,4.0,poisson_regression,7.4500243580665595
110,2024,2,8.0,poisson_regression,9.711244821564227
110,2024,3,6.0,poisson_regression,9.095594162057004
110,2024,4,4.0,poisson_regression,8.9485831546904
110,2024,5,2.0,poisson_regression,10.059672284290201
110,2024,6,2.0,poisson_regression,9.962000040277092
110,2024,7,1.0,poisson_regression,9.562186215205692
110,2024,8,6.0,poisson_regression,9.762534222242351
110,2024,9,5.0,poisson_regression,9.779253601017553
110,2024,11,7.0,poisson_regression,8.142721062101334
110,2024,12,5.0,poisson_regression,7.370740418666617
111,2023,11,14.0,poisson_regression,5.986809999817851
111,2023,12,7.0,poisson_regression,5.486182693795742
111,2024,1,10.0,poisson_regression,4.2273573871707395
111,2024,2,11.0,poisson_regression,6.2121073291710776
111,2024,3,5.0,poisson_regression,6.233432676119536
111,2024,4,9.0,poisson_regression,5.541698929886542
111,2024,5,17.0,poisson_regression,6.814188528597055
111,2024,6,14.0,poisson_regression,6.652454605050856
111,2024,7,8.0,poisson_regression,6.6264820042380475
111,2024,8,13.0,poisson_regression,6.421873941378456
111,2024,9,13.0,poisson_regression,6.627207663691423
111,2024,11,9.0,poisson_regression,5.909140313332456
111,2024,12,8.0,poisson_regression,5.262509196009176
112,2023,11,1.0,poisson_regression,7.744143816467448
112,2023,12,6.0,poisson_regression,6.872898233564032
112,2024,1,4.0,poisson_regression,5.804728475378825
112,2024,2,5.0,poisson_regression,7.6965788918869045
112,2024,3,1.0,poisson_regression,7.242944646330852
112,2024,4,6.0,poisson_regression,7.052118461248363
112,2024,5,5.0,poisson_regression,7.8271721825679625
112,2024,6,2.0,poisson_regression,7.652907324017981
112,2024,7,2.0,poisson_regression,7.843862967469625
112,2024,8,4.0,poisson_regression,8.388607019554492
112,2024,9,3.0,poisson_regression,8.247945890849842
112,2024,11,2.0,poisson_regression,7.107996761807549
112,2024,12,1.0,poisson_regression,6.24232505300173
113,2023,11,4.0,poisson_regression,4.896090614421036
113,2023,12,1.0,poisson_regression,4.563621154473451
113,2024,1,0.0,poisson_regression,3.617094666256846
113,2024,2,3.0,poisson_regression,4.972049975099382
113,2024,3,4.0,poisson_regression,4.860702834143684
113,2024,4,3.0,poisson_regression,4.7618267256468725
113,2024,5,3.0,poisson_regression,5.088391392449671
113,2024,6,3.0,poisson_regression,4.997137036258659
113,2024,7,2.0,poisson_regression,4.888576196247063
113,2024,8,3.0,poisson_regression,5.261090097659617
113,2024,9,2.0,poisson_regression,5.362884810791801
113,2024,11,5.0,poisson_regression,4.639377426221239
113,2024,12,5.0,poisson_regression,4.3474429557587815
114,2023,11,4.0,poisson_regression,3.3455571367714927
114,2023,12,1.0,poisson_regression,3.032724307366374
114,2024,1,0.0,poisson_regression,2.563765477210398
114,2024,2,3.0,poisson_regression,3.3310202616949964
114,2024,3,4.0,poisson_regression,2.8922901145032345
114,2024,4,3.0,poisson_regression,2.9809653744867717
114,2024,5,3.0,poisson_regression,2.8476877915451286
114,2024,6,3.0,poisson_regression,2.76051807349783
114,2024,7,2.0,poisson_regression,2.8016944568113917
114,2024,8,3.0,poisson_regression,2.7417243209654556
114,2024,9,2.0,poisson_regression,3.1111915147740086
114,2024,11,5.0,poisson_regression,2.924290911976683
114,2024,12,5.0,poisson_regression,2.9098571993654496
115,2023,11,2.0,poisson_regression,8.011680417881484
115,2023,12,3.0,poisson_regression,7.3801712074269625
115,2024,1,2.0,poisson_regression,6.417741795240432
115,2024,2,1.0,poisson_regression,8.125705610504511
115,2024,3,3.0,poisson_regression,7.725562869488599
115,2024,4,5.0,poisson_regression,7.646551375000572
115,2024,5,1.0,poisson_regression,8.381232986079063
115,2024,6,1.0,poisson_regression,8.339563103405663
115,2024,7,2.0,poisson_regression,9.088091725847944
115,2024,8,2.0,poisson_regression,9.0747855745182
115,2024,9,2.0,poisson_regression,9.038592434098659
115,2024,11,1.0,poisson_regression,7.531029356700608
115,2024,12,4.0,poisson_regression,7.34417844126831
116,2023,11,4.0,poisson_regression,4.802452824654185
116,2023,12,3.0,poisson_regression,4.4706518344476684
116,2024,1,5.0,poisson_regression,3.8887173633485146
116,2024,2,7.0,poisson_regression,4.425681268360637
116,2024,3,7.0,poisson_regression,4.538111541527772
116,2024,4,1.0,poisson_regression,4.388615501533998
116,2024,5,5.0,poisson_regression,4.7373268478239
116,2024,6,5.0,poisson_regression,4.436778556112779
116,2024,7,3.0,poisson_regression,4.392276304789401
116,2024,8,4.0,poisson_regression,4.394513211310752
116,2024,9,5.0,poisson_regression,4.7796091911215335
116,2024,11,3.0,poisson_regression,4.1984796711718175
116,2024,12,5.0,poisson_regression,4.020622311301676
117,2023,11,4.0,poisson_regression,4.803813429752457
117,2023,12,3.0,poisson_regression,4.458314304081896
117,2024,1,5.0,poisson_regression,3.9046538007482345
117,2024,2,7.0,poisson_regression,4.481669965406999
117,2024,3,7.0,poisson_regression,4.465596819404247
117,2024,4,1.0,poisson_regression,4.5281226498560825
117,2024,5,5.0,poisson_regression,4.971754071237704
117,2024,6,5.0,poisson_regression,4.969061679680321
117,2024,7,3.0,poisson_regression,5.0354903105706175
117,2024,8,4.0,poisson_regression,5.11051460479272
117,2024,9,5.0,poisson_regression,5.260865320244642
117,2024,11,3.0,poisson_regression,4.388986929117132
117,2024,12,5.0,poisson_regression,4.2382497561972725
118,2023,11,17.0,poisson_regression,10.648397656753652
118,2023,12,16.0,poisson_regression,9.724655477097706
118,2024,1,10.0,poisson_regression,7.803284154565979
118,2024,2,15.0,poisson_regression,9.883101465930057
118,2024,3,11.0,poisson_regression,9.681422987471802
118,2024,4,12.0,poisson_regression,8.956471800361212
118,2024,5,13.0,poisson_regression,9.73876493227697
118,2024,6,26.0,poisson_regression,9.684964890038987
118,2024,7,14.0,poisson_regression,9.453992129690892
118,2024,8,8.0,poisson_regression,9.066540346971586
118,2024,9,15.0,poisson_regression,10.185183023036487
118,2024,11,16.0,poisson_regression,9.839361025632904
118,2024,12,12.0,poisson_regression,8.56240248458554
119,2023,11,17.0,poisson_regression,2.9095715099071673
119,2023,12,16.0,poisson_regression,2.7444554749854007
119,2024,1,10.0,poisson_regression,2.2947172232303528
119,2024,2,15.0,poisson_regression,2.8131959439772847
119,2024,3,10.0,poisson_regression,2.4414211496123426
119,2024,4,11.0,poisson_regression,2.4605448130269814
119,2024,5,13.0,poisson_regression,2.4247044470110564
119,2024,6,26.0,poisson_regression,2.2836620331528845
119,2024,7,14.0,poisson_regression,2.2638883366931135
119,2024,8,8.0,poisson_regression,2.227840259610556
119,2024,9,16.0,poisson_regression,2.513428768541385
119,2024,11,16.0,poisson_regression,10.869202192996026
119,2024,12,12.0,poisson_regression,10.613936761639028
120,2023,11,6.0,poisson_regression,3.4055899028238725
120,2023,12,7.0,poisson_regression,3.2016986964552805
120,2024,1,8.0,poisson_regression,2.774808416842561
120,2024,2,1.0,poisson_regression,3.3864095160355205
120,2024,3,11.0,poisson_regression,3.2507249127104227
120,2024,4,5.0,poisson_regression,3.2006499682438223
120,2024,5,7.0,poisson_regression,3.4464046950387863
120,2024,6,4.0,poisson_regression,3.3175184176663732
120,2024,7,2.0,poisson_regression,3.433640225507386
120,2024,8,7.0,poisson_regression,3.546397656876557
120,2024,9,4.0,poisson_regression,3.627569349219053
120,2024,11,3.0,poisson_regression,3.188649912295113
120,2024,12,3.0,poisson_regression,3.0236089294109147
121,2023,11,5.0,poisson_regression,5.621726665546227
121,2023,12,7.0,poisson_regression,5.009926446572268
121,2024,1,7.0,poisson_regression,4.46397479852295
121,2024,2,1.0,poisson_regression,5.626223204166314
121,2024,3,10.0,poisson_regression,5.682023450980178
121,2024,4,5.0,poisson_regression,5.419996573321834
121,2024,5,7.0,poisson_regression,5.8080530163754
121,2024,6,4.0,poisson_regression,5.636821820553488
121,2024,7,1.0,poisson_regression,5.271031286657128
121,2024,8,6.0,poisson_regression,6.081365070279108
121,2024,9,4.0,poisson_regression,6.316760827741497
121,2024,11,3.0,poisson_regression,5.1096568269604745
121,2024,12,3.0,poisson_regression,4.881670919164732
122,2023,11,9.0,poisson_regression,8.98572675468126
122,2023,12,8.0,poisson_regression,7.805440461248933
122,2024,1,6.0,poisson_regression,7.632509287584798
122,2024,2,5.0,poisson_regression,8.779449412186729
122,2024,3,6.0,poisson_regression,9.59937333879909
122,2024,4,12.0,poisson_regression,8.403432711373005
122,2024,5,10.0,poisson_regression,10.928607609828099
122,2024,6,14.0,poisson_regression,11.128837072882778
122,2024,7,15.0,poisson_regression,11.248703591218744
122,2024,8,6.0,poisson_regression,4.389999204596378
122,2024,9,8.0,poisson_regression,2.668721158929444
122,2024,11,8.0,poisson_regression,2.7001668103730267
122,2024,12,10.0,poisson_regression,2.6415438100973625
123,2024,11,5.0,poisson_regression,7.964236952502493
123,2024,12,1.0,poisson_regression,9.39638863491884
124,2023,11,3.0,poisson_regression,3.144654938965721
124,2023,12,3.0,poisson_regression,2.2955022234053506
124,2024,1,4.0,poisson_regression,1.9203712011025387
124,2024,2,5.0,poisson_regression,2.401893623794069
124,2024,3,3.0,poisson_regression,2.019208742357511
124,2024,4,4.0,poisson_regression,2.0024831229616673
124,2024,5,4.0,poisson_regression,2.082404764549437
124,2024,6,1.0,poisson_regression,1.9379172814694907
124,2024,7,1.0,poisson_regression,1.911997936309667
124,2024,8,2.0,poisson_regression,2.2436695960098096
124,2024,11,5.0,poisson_regression,7.925087006460444
124,2024,12,1.0,poisson_regression,9.350198634515644
125,2023,11,9.0,poisson_regression,7.439779161538074
125,2023,12,8.0,poisson_regression,6.823650458414991
125,2024,1,6.0,poisson_regression,6.138618132726536
125,2024,2,5.0,poisson_regression,7.306285933548684
125,2024,3,6.0,poisson_regression,7.757112622966615
125,2024,4,12.0,poisson_regression,7.065227747356121
125,2024,5,10.0,poisson_regression,8.389301459050479
125,2024,6,15.0,poisson_regression,8.03573381261301
125,2024,7,15.0,poisson_regression,7.970888038422958
125,2024,8,6.0,poisson_regression,11.336311613376727
125,2024,9,8.0,poisson_regression,14.89988381285814
125,2024,11,8.0,poisson_regression,13.02984804334014
125,2024,12,10.0,poisson_regression,11.694415111522984
126,2023,11,4.0,poisson_regression,6.6785863141036526
126,2023,12,7.0,poisson_regression,6.085888594071447
126,2024,1,6.0,poisson_regression,5.397613777574178
126,2024,2,1.0,poisson_regression,6.683459569899241
126,2024,3,6.0,poisson_regression,6.494037635285166
126,2024,4,6.0,poisson_regression,6.5786937784788915
126,2024,5,9.0,poisson_regression,7.314997039751329
126,2024,6,7.0,poisson_regression,7.026183181321684
126,2024,7,3.0,poisson_regression,6.9882189844708815
126,2024,8,2.0,poisson_regression,7.325652639883978
126,2024,9,7.0,poisson_regression,7.619970732858746
126,2024,11,6.0,poisson_regression,4.944173334142263
126,2024,12,2.0,poisson_regression,6.002440640920683
127,2023,11,1.0,poisson_regression,6.017992692518909
127,2023,12,6.0,poisson_regression,4.756976741039043
127,2024,1,4.0,poisson_regression,4.55987820085728
127,2024,2,4.0,poisson_regression,6.140776161628933
127,2024,3,1.0,poisson_regression,5.798091130030492
127,2024,4,6.0,poisson_regression,5.502337066818101
127,2024,5,5.0,poisson_regression,6.157652605796316
127,2024,6,2.0,poisson_regression,6.008853509164589
127,2024,7,1.0,poisson_regression,6.46918397145506
127,2024,8,4.0,poisson_regression,6.532994624242516
127,2024,9,3.0,poisson_regression,6.584120559001531
127,2024,11,2.0,poisson_regression,5.786206580644991
127,2024,12,1.0,poisson_regression,4.904624031681631
128,2023,11,11.0,poisson_regression,4.523402034686353
128,2023,12,6.0,poisson_regression,4.321179226688192
128,2024,1,6.0,poisson_regression,3.7199534292129637
128,2024,2,6.0,poisson_regression,4.469585771458707
128,2024,3,8.0,poisson_regression,4.212742734363617
128,2024,4,10.0,poisson_regression,4.038968297944551
128,2024,5,24.0,poisson_regression,4.368487508455877
128,2024,6,16.0,poisson_regression,4.0840091503372955
128,2024,7,13.0,poisson_regression,3.977703549042336
128,2024,8,10.0,poisson_regression,4.26126232204201
128,2024,9,13.0,poisson_regression,4.4896280856855855
128,2024,11,10.0,poisson_regression,4.268942141920913
128,2024,12,12.0,poisson_regression,4.186589200451826
129,2023,11,11.0,poisson_regression,4.265936781887782
129,2023,12,6.0,poisson_regression,3.9950714511516665
129,2024,1,8.0,poisson_regression,3.470602507084255
129,2024,2,6.0,poisson_regression,4.111161539644593
129,2024,3,8.0,poisson_regression,3.9058343277200267
129,2024,4,12.0,poisson_regression,3.84160956064479
129,2024,5,23.0,poisson_regression,3.9964674916451424
129,2024,6,16.0,poisson_regression,3.7695824783298306
129,2024,7,13.0,poisson_regression,3.828646777159783
129,2024,8,10.0,poisson_regression,3.552100007424472
129,2024,9,13.0,poisson_regression,4.167831185792412
129,2024,11,11.0,poisson_regression,4.071557912592881
129,2024,12,12.0,poisson_regression,3.92892074013709
131,2023,11,2.0,poisson_regression,4.814604627214791
131,2023,12,0.0,poisson_regression,4.413596800441893
131,2024,1,1.0,poisson_regression,3.4945880238217506
131,2024,2,0.0,poisson_regression,4.809305821115739
131,2024,3,2.0,poisson_regression,4.621836169162181
131,2024,4,0.0,poisson_regression,4.768380226804478
131,2024,5,2.0,poisson_regression,5.232821400419171
131,2024,6,1.0,poisson_regression,5.104556863120305
131,2024,7,0.0,poisson_regression,5.326501699432027
131,2024,8,0.0,poisson_regression,5.597580049916085
131,2024,9,0.0,poisson_regression,5.40630358515632
131,2024,11,3.0,poisson_regression,4.431777584897372
131,2024,12,0.0,poisson_regression,4.070809556268121
132,2023,11,1.0,poisson_regression,3.7500575383736257
132,2023,12,1.0,poisson_regression,3.575477645612888
132,2024,1,1.0,poisson_regression,2.992123292343435
132,2024,2,2.0,poisson_regression,3.863891589001994
132,2024,3,2.0,poisson_regression,3.5809044412410502
132,2024,4,2.0,poisson_regression,3.4564282775404718
132,2024,5,3.0,poisson_regression,3.8940194494647122
132,2024,6,0.0,poisson_regression,3.795482861679916
132,2024,7,4.0,poisson_regression,3.6998030136667084
132,2024,8,0.0,poisson_regression,3.832349665295179
132,2024,9,2.0,poisson_regression,4.038948237224978
132,2024,11,1.0,poisson_regression,3.399905767348633
132,2024,12,1.0,poisson_regression,3.3985314492796523
133,2023,11,1.0,poisson_regression,3.4407379327036463
133,2023,12,1.0,poisson_regression,3.250371380118386
133,2024,1,1.0,poisson_regression,2.7680168958457627
133,2024,2,2.0,poisson_regression,3.5305949281421305
133,2024,3,2.0,poisson_regression,3.184443635218554
133,2024,4,2.0,poisson_regression,3.106959737709684
133,2024,5,3.0,poisson_regression,3.455203907146905
133,2024,6,0.0,poisson_regression,3.3310445727975413
133,2024,7,4.0,poisson_regression,3.320493491410363
133,2024,8,0.0,poisson_regression,3.402278856354341
133,2024,9,2.0,poisson_regression,3.7015142842099285
133,2024,11,1.0,poisson_regression,3.2391719566781934
133,2024,12,1.0,poisson_regression,3.035781891011581
134,2023,11,4.0,poisson_regression,5.140228969989562
134,2023,12,2.0,poisson_regression,5.056415883003658
134,2024,1,2.0,poisson_regression,4.261105431652022
134,2024,2,2.0,poisson_regression,5.379535396817488
134,2024,3,2.0,poisson_regression,4.847341051480231
134,2024,4,1.0,poisson_regression,5.052744251875371
134,2024,5,1.0,poisson_regression,5.514497003851924
134,2024,6,1.0,poisson_regression,5.333231498148021
134,2024,7,1.0,poisson_regression,5.170509889914641
134,2024,8,5.0,poisson_regression,5.320263652021612
134,2024,9,2.0,poisson_regression,5.613045947886068
134,2024,11,6.0,poisson_regression,4.92617665757702
134,2024,12,3.0,poisson_regression,4.865380326883648
135,2023,11,4.0,poisson_regression,4.6206881436660785
135,2023,12,2.0,poisson_regression,4.498744658784565
135,2024,1,2.0,poisson_regression,3.700592680478467
135,2024,2,2.0,poisson_regression,4.654891958851846
135,2024,3,2.0,poisson_regression,3.9640996290362667
135,2024,4,1.0,poisson_regression,4.18089627104178
135,2024,5,1.0,poisson_regression,4.600315268241598
135,2024,6,1.0,poisson_regression,4.3562374191178534
135,2024,7,1.0,poisson_regression,4.296177380873853
135,2024,8,5.0,poisson_regression,4.30334831685834
135,2024,9,2.0,poisson_regression,4.634872720965881
135,2024,11,6.0,poisson_regression,4.2786823324158325
135,2024,12,3.0,poisson_regression,4.282077937884138
136,2023,11,10.0,poisson_regression,4.912989640291549
136,2023,12,9.0,poisson_regression,4.257145654981219
136,2024,1,8.0,poisson_regression,3.947722641763241
136,2024,2,7.0,poisson_regression,5.065982940164533
136,2024,3,11.0,poisson_regression,4.5923165959310825
136,2024,4,3.0,poisson_regression,4.061286910953668
136,2024,5,5.0,poisson_regression,4.4411759734018545
136,2024,6,3.0,poisson_regression,4.412361294783514
136,2024,7,8.0,poisson_regression,4.054510708939228
136,2024,8,9.0,poisson_regression,4.090387547061045
136,2024,9,12.0,poisson_regression,5.220202071525824
136,2024,11,8.0,poisson_regression,4.440965387215104
136,2024,12,8.0,poisson_regression,3.7526872339154536
137,2023,11,11.0,poisson_regression,11.414498367601782
137,2023,12,9.0,poisson_regression,10.95830498166513
137,2024,1,7.0,poisson_regression,7.5959279063366365
137,2024,2,9.0,poisson_regression,11.024259801447498
137,2024,3,11.0,poisson_regression,12.782298640114831
137,2024,4,13.0,poisson_regression,10.924177343179373
137,2024,5,14.0,poisson_regression,13.790447513123135
137,2024,6,16.0,poisson_regression,13.368323784118655
137,2024,7,10.0,poisson_regression,14.197227806733318
137,2024,8,6.0,poisson_regression,16.87672650773791
137,2024,9,26.0,poisson_regression,15.413698262264726
137,2024,11,19.0,poisson_regression,11.823066158449546
137,2024,12,8.0,poisson_regression,11.262333693557922
138,2023,11,11.0,poisson_regression,9.16987767883783
138,2023,12,9.0,poisson_regression,8.915323465955513
138,2024,1,7.0,poisson_regression,6.499139257791593
138,2024,2,9.0,poisson_regression,8.788710976564467
138,2024,3,11.0,poisson_regression,8.756417390008712
138,2024,4,13.0,poisson_regression,8.060252547692818
138,2024,5,15.0,poisson_regression,9.347109091578623
138,2024,6,16.0,poisson_regression,8.819077663433715
138,2024,7,10.0,poisson_regression,9.010909399959122
138,2024,8,6.0,poisson_regression,9.437206607419787
138,2024,9,26.0,poisson_regression,9.402800860002673
138,2024,11,19.0,poisson_regression,8.617689442852285
138,2024,12,9.0,poisson_regression,8.578703174832082
139,2023,11,3.0,poisson_regression,4.2196737498445485
139,2023,12,2.0,poisson_regression,3.9583377496830883
139,2024,1,1.0,poisson_regression,2.570600881290413
139,2024,2,2.0,poisson_regression,3.717360563997604
139,2024,3,4.0,poisson_regression,4.511630351582043
139,2024,4,5.0,poisson_regression,4.309487953934862
139,2024,5,4.0,poisson_regression,5.297531022978986
139,2024,6,0.0,poisson_regression,4.998741696108504
139,2024,7,6.0,poisson_regression,5.01861223363406
139,2024,8,8.0,poisson_regression,5.899199157076463
139,2024,9,3.0,poisson_regression,5.456621248309911
139,2024,11,5.0,poisson_regression,4.283033060674047
139,2024,12,1.0,poisson_regression,3.813180040551728
140,2023,11,12.0,poisson_regression,10.144626206831397
140,2023,12,17.0,poisson_regression,10.250912581497932
140,2024,1,10.0,poisson_regression,6.892903155917203
140,2024,2,8.0,poisson_regression,9.425640284395561
140,2024,3,14.0,poisson_regression,9.879578783190032
140,2024,4,13.0,poisson_regression,8.645799880967845
140,2024,5,15.0,poisson_regression,10.817742164464097
140,2024,6,18.0,poisson_regression,10.114605586336289
140,2024,7,13.0,poisson_regression,4.109433215952663
140,2024,8,5.0,poisson_regression,11.278114364755421
140,2024,9,29.0,poisson_regression,12.323461500830975
140,2024,11,22.0,poisson_regression,10.068320335247389
140,2024,12,13.0,poisson_regression,9.84127382211087
142,2023,11,19.0,poisson_regression,9.948621353668392
143,2023,12,20.0,poisson_regression,19.410224294388378
143,2024,1,12.0,poisson_regression,16.450367062314523
143,2024,2,17.0,poisson_regression,21.593715177716593
143,2024,3,19.0,poisson_regression,23.564167887229033
143,2024,4,26.0,poisson_regression,20.846039093441693
143,2024,5,18.0,poisson_regression,25.841746413291183
143,2024,6,22.0,poisson_regression,24.345780132904412
143,2024,7,8.0,poisson_regression,21.35637017834638
143,2024,8,18.0,poisson_regression,24.595438463079333
143,2024,9,22.0,poisson_regression,28.274834107004953
143,2024,11,25.0,poisson_regression,23.84212443170596
143,2024,12,18.0,poisson_regression,22.868511245730133
144,2024,1,15.0,poisson_regression,6.3891348610469345
1,2023,11,20.0,random_forest_regressor,11.183269841269842
1,2023,12,9.0,random_forest_regressor,9.518333333333333
1,2024,1,6.0,random_forest_regressor,7.653480158730158
1,2024,2,11.0,random_forest_regressor,11.159898148148145
1,2024,3,5.0,random_forest_regressor,11.792917989417981
1,2024,4,11.0,random_forest_regressor,11.561513227513219
1,2024,5,10.0,random_forest_regressor,12.761271164021162
1,2024,6,10.0,random_forest_regressor,12.386318783068779
1,2024,7,7.0,random_forest_regressor,11.048461640211638
1,2024,8,12.0,random_forest_regressor,11.072513227513225
1,2024,9,16.0,random_forest_regressor,12.80883104858105
1,2024,11,6.0,random_forest_regressor,13.149825757575757
1,2024,12,6.0,random_forest_regressor,9.157214285714288
2,2023,11,13.0,random_forest_regressor,11.670309523809527
2,2023,12,7.0,random_forest_regressor,11.188264550264556
2,2024,1,6.0,random_forest_regressor,10.200369047619041
2,2024,2,7.0,random_forest_regressor,11.149615079365082
2,2024,3,8.0,random_forest_regressor,11.23262169312169
2,2024,4,6.0,random_forest_regressor,11.407314814814809
2,2024,5,10.0,random_forest_regressor,14.832906084656091
2,2024,6,13.0,random_forest_regressor,14.374935185185183
2,2024,7,7.0,random_forest_regressor,12.87368783068783
2,2024,8,11.0,random_forest_regressor,12.897085978835975
2,2024,9,14.0,random_forest_regressor,14.501907407407403
2,2024,11,12.0,random_forest_regressor,14.270567460317459
2,2024,12,7.0,random_forest_regressor,12.182829365079364
3,2023,11,13.0,random_forest_regressor,11.410480158730156
3,2023,12,7.0,random_forest_regressor,9.605559523809527
3,2024,1,6.0,random_forest_regressor,9.940514550264544
3,2024,2,7.0,random_forest_regressor,14.420654761904764
3,2024,3,8.0,random_forest_regressor,11.884624338624343
3,2024,4,6.0,random_forest_regressor,11.81731481481482
3,2024,5,10.0,random_forest_regressor,12.73012037037037
3,2024,6,13.0,random_forest_regressor,13.003703703703707
3,2024,7,6.0,random_forest_regressor,11.461980158730157
3,2024,8,11.0,random_forest_regressor,13.93088624338624
3,2024,9,14.0,random_forest_regressor,16.87593290043291
3,2024,11,12.0,random_forest_regressor,15.961591630591633
3,2024,12,7.0,random_forest_regressor,14.966753968253958
4,2023,11,4.0,random_forest_regressor,0.7675234487734487
4,2023,12,2.0,random_forest_regressor,1.4609444444444437
4,2024,1,0.0,random_forest_regressor,1.442058201058201
4,2024,2,1.0,random_forest_regressor,1.6091560846560846
4,2024,3,1.0,random_forest_regressor,1.6704999999999997
4,2024,4,1.0,random_forest_regressor,1.222833333333333
4,2024,5,1.0,random_forest_regressor,1.9118769841269838
4,2024,6,3.0,random_forest_regressor,2.064249999999999
4,2024,7,2.0,random_forest_regressor,2.1826746031746036
4,2024,8,3.0,random_forest_regressor,2.3025079365079373
4,2024,9,5.0,random_forest_regressor,1.6405634920634924
4,2024,11,3.0,random_forest_regressor,1.4285952380952383
4,2024,12,1.0,random_forest_regressor,1.0434603174603174
5,2023,11,4.0,random_forest_regressor,0.7205790043290042
5,2023,12,2.0,random_forest_regressor,1.4458333333333326
5,2024,1,0.0,random_forest_regressor,1.4535582010582013
5,2024,2,1.0,random_forest_regressor,1.598378306878307
5,2024,3,1.0,random_forest_regressor,1.6004999999999998
5,2024,4,1.0,random_forest_regressor,1.390365079365079
5,2024,5,1.0,random_forest_regressor,1.9601309523809516
5,2024,6,3.0,random_forest_regressor,2.2539801587301582
5,2024,7,2.0,random_forest_regressor,2.306230158730158
5,2024,8,3.0,random_forest_regressor,2.660888888888889
5,2024,9,5.0,random_forest_regressor,2.0364576719576726
5,2024,11,3.0,random_forest_regressor,1.5511111111111116
5,2024,12,1.0,random_forest_regressor,1.1197738095238097
6,2023,11,7.0,random_forest_regressor,4.749075396825398
6,2023,12,9.0,random_forest_regressor,5.989900793650792
6,2024,1,6.0,random_forest_regressor,5.176003968253969
6,2024,2,10.0,random_forest_regressor,5.7367539682539705
6,2024,3,9.0,random_forest_regressor,6.810023809523807
6,2024,4,7.0,random_forest_regressor,5.648492063492066
6,2024,5,6.0,random_forest_regressor,6.186869047619046
6,2024,6,4.0,random_forest_regressor,6.569124338624339
6,2024,7,12.0,random_forest_regressor,3.8417182539682546
6,2024,8,10.0,random_forest_regressor,5.114948412698411
6,2024,9,8.0,random_forest_regressor,6.921662698412699
6,2024,11,8.0,random_forest_regressor,6.117646825396825
6,2024,12,7.0,random_forest_regressor,5.425134920634919
7,2023,11,7.0,random_forest_regressor,4.692785714285716
7,2023,12,9.0,random_forest_regressor,5.8303293650793675
7,2024,1,6.0,random_forest_regressor,4.926095238095236
7,2024,2,10.0,random_forest_regressor,7.99550925925926
7,2024,3,9.0,random_forest_regressor,6.461857142857143
7,2024,4,7.0,random_forest_regressor,5.5572460317460335
7,2024,5,6.0,random_forest_regressor,6.05554365079365
7,2024,6,4.0,random_forest_regressor,6.932630952380952
7,2024,7,12.0,random_forest_regressor,4.8675436507936505
7,2024,8,10.0,random_forest_regressor,4.332777777777778
7,2024,9,8.0,random_forest_regressor,6.819633597883601
7,2024,11,8.0,random_forest_regressor,5.72125
7,2024,12,7.0,random_forest_regressor,5.389392857142858
8,2023,11,3.0,random_forest_regressor,4.0328253968253955
8,2023,12,2.0,random_forest_regressor,3.726462962962962
8,2024,1,2.0,random_forest_regressor,2.8781230158730167
8,2024,2,3.0,random_forest_regressor,4.500277777777776
8,2024,3,2.0,random_forest_regressor,5.866904761904762
8,2024,4,3.0,random_forest_regressor,5.018190476190475
8,2024,5,4.0,random_forest_regressor,6.2652777777777775
8,2024,6,5.0,random_forest_regressor,7.506182539682544
8,2024,7,3.0,random_forest_regressor,3.4882857142857158
8,2024,8,5.0,random_forest_regressor,3.5062724867724864
8,2024,9,2.0,random_forest_regressor,7.292492063492068
8,2024,11,6.0,random_forest_regressor,4.501595238095236
8,2024,12,4.0,random_forest_regressor,3.5639523809523794
9,2023,11,4.0,random_forest_regressor,3.629785714285713
9,2023,12,2.0,random_forest_regressor,3.9827500000000002
9,2024,1,3.0,random_forest_regressor,2.5392751322751317
9,2024,2,3.0,random_forest_regressor,4.25043253968254
9,2024,3,2.0,random_forest_regressor,4.729499999999999
9,2024,4,3.0,random_forest_regressor,4.278071428571429
9,2024,5,3.0,random_forest_regressor,4.775079365079367
9,2024,6,6.0,random_forest_regressor,9.833841269841269
9,2024,7,3.0,random_forest_regressor,3.024246031746033
9,2024,8,5.0,random_forest_regressor,3.786599206349205
9,2024,9,2.0,random_forest_regressor,8.976130952380954
9,2024,11,7.0,random_forest_regressor,3.826214285714285
9,2024,12,3.0,random_forest_regressor,3.2014100529100546
10,2023,11,16.0,random_forest_regressor,13.872058201058207
10,2023,12,7.0,random_forest_regressor,15.489261904761909
10,2024,1,16.0,random_forest_regressor,14.344230158730161
10,2024,2,11.0,random_forest_regressor,12.572087301587306
10,2024,3,17.0,random_forest_regressor,10.62167063492063
10,2024,4,11.0,random_forest_regressor,11.102027777777774
10,2024,5,18.0,random_forest_regressor,18.187279100529103
10,2024,6,14.0,random_forest_regressor,15.61976587301587
10,2024,7,8.0,random_forest_regressor,13.309129629629625
10,2024,8,8.0,random_forest_regressor,14.006597883597879
10,2024,9,19.0,random_forest_regressor,14.015043650793647
10,2024,11,7.0,random_forest_regressor,13.006742063492064
10,2024,12,14.0,random_forest_regressor,13.011690476190475
11,2023,11,18.0,random_forest_regressor,14.00807142857143
11,2023,12,7.0,random_forest_regressor,15.26655952380952
11,2024,1,16.0,random_forest_regressor,14.306250000000004
11,2024,2,10.0,random_forest_regressor,12.37814285714286
11,2024,3,18.0,random_forest_regressor,11.428464285714279
11,2024,4,12.0,random_forest_regressor,11.71019047619047
11,2024,5,19.0,random_forest_regressor,19.18831216931217
11,2024,6,14.0,random_forest_regressor,15.49711904761905
11,2024,7,9.0,random_forest_regressor,15.30723677248676
11,2024,8,8.0,random_forest_regressor,16.006563492063485
11,2024,9,19.0,random_forest_regressor,16.68330555555556
11,2024,11,7.0,random_forest_regressor,13.789579365079362
11,2024,12,14.0,random_forest_regressor,13.908206349206354
12,2024,8,5.0,random_forest_regressor,11.108845238095238
12,2024,9,8.0,random_forest_regressor,12.012033068783069
12,2024,11,5.0,random_forest_regressor,12.372497354497357
12,2024,12,4.0,random_forest_regressor,12.128257936507937
13,2023,11,38.0,random_forest_regressor,24.295816137566124
13,2023,12,18.0,random_forest_regressor,18.265533910533907
13,2024,1,19.0,random_forest_regressor,19.496990259740258
13,2024,2,20.0,random_forest_regressor,25.98182804232803
13,2024,3,25.0,random_forest_regressor,25.01461772486772
13,2024,4,20.0,random_forest_regressor,23.172859788359776
13,2024,5,21.0,random_forest_regressor,27.788734848484843
13,2024,6,18.0,random_forest_regressor,24.27528174603174
13,2024,7,22.0,random_forest_regressor,20.627742784992787
13,2024,8,12.0,random_forest_regressor,23.976945165945164
13,2024,9,25.0,random_forest_regressor,25.61003968253967
13,2024,11,29.0,random_forest_regressor,29.491123015873
13,2024,12,28.0,random_forest_regressor,20.8774246031746
14,2023,11,7.0,random_forest_regressor,11.174006613756616
14,2023,12,10.0,random_forest_regressor,10.511375661375661
14,2024,1,4.0,random_forest_regressor,9.02315873015873
14,2024,2,5.0,random_forest_regressor,11.96793386243386
14,2024,3,12.0,random_forest_regressor,12.700105820105824
14,2024,4,9.0,random_forest_regressor,12.35039417989418
14,2024,5,24.0,random_forest_regressor,14.422156084656084
14,2024,6,17.0,random_forest_regressor,13.689517195767197
14,2024,7,12.0,random_forest_regressor,12.364772486772482
14,2024,8,18.0,random_forest_regressor,13.63040873015873
14,2024,9,12.0,random_forest_regressor,14.279869047619053
14,2024,11,5.0,random_forest_regressor,12.00438756613756
14,2024,12,8.0,random_forest_regressor,9.394408730158736
15,2023,11,11.0,random_forest_regressor,13.52751984126984
15,2023,12,14.0,random_forest_regressor,15.595789682539689
15,2024,1,17.0,random_forest_regressor,15.174952380952382
15,2024,2,22.0,random_forest_regressor,12.5550291005291
15,2024,3,15.0,random_forest_regressor,13.496273809523808
15,2024,4,12.0,random_forest_regressor,13.057552910052912
15,2024,5,12.0,random_forest_regressor,14.839194444444438
15,2024,6,24.0,random_forest_regressor,15.756038961038964
15,2024,7,16.0,random_forest_regressor,11.928949735449736
15,2024,8,13.0,random_forest_regressor,13.150077080327081
15,2024,9,26.0,random_forest_regressor,14.786426166426166
15,2024,11,12.0,random_forest_regressor,13.409416666666674
15,2024,12,14.0,random_forest_regressor,15.331218253968261
16,2023,11,29.0,random_forest_regressor,25.31539814814814
16,2023,12,21.0,random_forest_regressor,24.125136243386237
16,2024,1,12.0,random_forest_regressor,21.185511904761903
16,2024,2,20.0,random_forest_regressor,24.103605820105816
16,2024,3,20.0,random_forest_regressor,23.607923280423282
16,2024,4,25.0,random_forest_regressor,20.970011904761904
16,2024,5,18.0,random_forest_regressor,24.62637566137567
16,2024,6,22.0,random_forest_regressor,20.63299206349207
16,2024,7,9.0,random_forest_regressor,18.471982804232812
16,2024,8,22.0,random_forest_regressor,17.086714285714294
16,2024,9,22.0,random_forest_regressor,23.826400793650794
16,2024,11,26.0,random_forest_regressor,24.018379629629628
16,2024,12,15.0,random_forest_regressor,24.497134920634906
17,2023,11,29.0,random_forest_regressor,24.152392857142864
17,2023,12,21.0,random_forest_regressor,19.63146296296297
17,2024,1,12.0,random_forest_regressor,20.158078042328043
17,2024,2,20.0,random_forest_regressor,24.56378571428572
17,2024,3,20.0,random_forest_regressor,22.04092328042327
17,2024,4,25.0,random_forest_regressor,22.881753968253964
17,2024,5,18.0,random_forest_regressor,21.129527777777774
17,2024,6,22.0,random_forest_regressor,19.535861111111107
17,2024,7,9.0,random_forest_regressor,17.01908946608946
17,2024,8,22.0,random_forest_regressor,15.325618085618089
17,2024,9,22.0,random_forest_regressor,24.100173280423277
17,2024,11,26.0,random_forest_regressor,23.361888888888885
17,2024,12,15.0,random_forest_regressor,20.887265873015863
18,2023,11,12.0,random_forest_regressor,14.000043650793653
18,2023,12,14.0,random_forest_regressor,15.066572751322752
18,2024,1,17.0,random_forest_regressor,14.8640753968254
18,2024,2,22.0,random_forest_regressor,12.913624338624343
18,2024,3,15.0,random_forest_regressor,13.019850529100536
18,2024,4,12.0,random_forest_regressor,11.963444444444447
18,2024,5,12.0,random_forest_regressor,15.862492063492057
18,2024,6,23.0,random_forest_regressor,16.480130952380957
18,2024,7,16.0,random_forest_regressor,13.981394179894181
18,2024,8,13.0,random_forest_regressor,13.319514550264552
18,2024,9,26.0,random_forest_regressor,13.94638756613757
18,2024,11,12.0,random_forest_regressor,14.211509259259255
18,2024,12,14.0,random_forest_regressor,14.770038359788366
19,2023,11,17.0,random_forest_regressor,13.384158730158731
19,2023,12,6.0,random_forest_regressor,14.741583333333335
19,2024,1,16.0,random_forest_regressor,13.951955026455034
19,2024,2,9.0,random_forest_regressor,11.416234126984124
19,2024,3,17.0,random_forest_regressor,10.825944444444438
19,2024,4,12.0,random_forest_regressor,11.503773809523803
19,2024,5,18.0,random_forest_regressor,17.965087301587307
19,2024,6,13.0,random_forest_regressor,15.576230158730153
19,2024,7,7.0,random_forest_regressor,13.95208201058201
19,2024,8,8.0,random_forest_regressor,14.566359187109189
19,2024,9,19.0,random_forest_regressor,14.055559523809523
19,2024,11,7.0,random_forest_regressor,13.097025132275123
19,2024,12,14.0,random_forest_regressor,13.810801587301588
20,2023,11,8.0,random_forest_regressor,8.797273809523809
20,2023,12,10.0,random_forest_regressor,7.864420634920634
20,2024,1,4.0,random_forest_regressor,7.955825396825398
20,2024,2,5.0,random_forest_regressor,10.112519841269833
20,2024,3,7.0,random_forest_regressor,9.108842592592584
20,2024,4,9.0,random_forest_regressor,8.215706349206345
20,2024,5,4.0,random_forest_regressor,13.631791005291001
20,2024,6,8.0,random_forest_regressor,17.747658730158722
20,2024,7,10.0,random_forest_regressor,8.006228835978835
20,2024,8,7.0,random_forest_regressor,9.418912698412697
20,2024,9,10.0,random_forest_regressor,9.062662698412698
20,2024,11,8.0,random_forest_regressor,9.938604497354493
20,2024,12,5.0,random_forest_regressor,10.041420634920629
21,2023,11,2.0,random_forest_regressor,4.561301587301586
21,2023,12,6.0,random_forest_regressor,4.3932989417989425
21,2024,1,5.0,random_forest_regressor,3.8638968253968247
21,2024,2,5.0,random_forest_regressor,4.200027777777778
21,2024,3,4.0,random_forest_regressor,4.593092592592592
21,2024,4,2.0,random_forest_regressor,4.424214285714285
21,2024,5,4.0,random_forest_regressor,5.52491666666667
21,2024,6,4.0,random_forest_regressor,4.960972222222221
21,2024,7,5.0,random_forest_regressor,4.226563492063491
21,2024,8,3.0,random_forest_regressor,5.287718253968253
21,2024,9,4.0,random_forest_regressor,5.7747103174603165
21,2024,11,6.0,random_forest_regressor,4.180460317460317
21,2024,12,0.0,random_forest_regressor,4.392219576719575
22,2023,11,6.0,random_forest_regressor,4.452341269841268
22,2023,12,3.0,random_forest_regressor,4.805674603174601
22,2024,1,10.0,random_forest_regressor,4.971452380952381
22,2024,2,5.0,random_forest_regressor,4.649829365079364
22,2024,3,2.0,random_forest_regressor,4.5235978835978825
22,2024,4,3.0,random_forest_regressor,4.986936507936508
22,2024,5,8.0,random_forest_regressor,6.080520562770562
22,2024,6,5.0,random_forest_regressor,5.558158730158729
22,2024,7,3.0,random_forest_regressor,5.429380952380952
22,2024,8,6.0,random_forest_regressor,5.629088624338625
22,2024,9,3.0,random_forest_regressor,5.2399087301587315
22,2024,11,7.0,random_forest_regressor,4.46119708994709
22,2024,12,2.0,random_forest_regressor,4.14328968253968
23,2023,11,6.0,random_forest_regressor,4.542388888888889
23,2023,12,3.0,random_forest_regressor,5.151993386243383
23,2024,1,10.0,random_forest_regressor,5.027044973544974
23,2024,2,5.0,random_forest_regressor,5.205776455026453
23,2024,3,2.0,random_forest_regressor,4.860013227513228
23,2024,4,3.0,random_forest_regressor,5.0716574074074074
23,2024,5,8.0,random_forest_regressor,6.050826719576722
23,2024,6,5.0,random_forest_regressor,5.75460714285714
23,2024,7,3.0,random_forest_regressor,5.295321428571429
23,2024,8,6.0,random_forest_regressor,6.3005462962962975
23,2024,9,3.0,random_forest_regressor,5.499515873015872
23,2024,11,7.0,random_forest_regressor,5.084619047619045
23,2024,12,2.0,random_forest_regressor,5.438777777777777
24,2023,11,6.0,random_forest_regressor,4.831746031746032
24,2023,12,3.0,random_forest_regressor,5.185416666666668
24,2024,1,10.0,random_forest_regressor,4.977638888888888
24,2024,2,5.0,random_forest_regressor,4.973511904761903
24,2024,3,2.0,random_forest_regressor,4.82895238095238
24,2024,4,3.0,random_forest_regressor,5.478369047619046
24,2024,5,8.0,random_forest_regressor,5.867043650793652
24,2024,6,5.0,random_forest_regressor,5.548650793650793
24,2024,7,3.0,random_forest_regressor,5.055892857142856
24,2024,8,6.0,random_forest_regressor,4.999423280423281
24,2024,9,3.0,random_forest_regressor,5.558107142857143
24,2024,11,7.0,random_forest_regressor,4.836432539682541
24,2024,12,2.0,random_forest_regressor,4.9882513227513225
25,2023,11,9.0,random_forest_regressor,4.069281746031748
25,2023,12,3.0,random_forest_regressor,3.705109890109891
25,2024,1,5.0,random_forest_regressor,3.3664987789987797
25,2024,2,3.0,random_forest_regressor,4.1526626984126995
25,2024,3,0.0,random_forest_regressor,4.035654761904763
25,2024,4,7.0,random_forest_regressor,3.93400925925926
25,2024,5,5.0,random_forest_regressor,4.509186507936508
25,2024,6,6.0,random_forest_regressor,4.217035714285712
25,2024,7,6.0,random_forest_regressor,4.653305555555554
25,2024,8,8.0,random_forest_regressor,5.7207896825396825
25,2024,9,6.0,random_forest_regressor,4.382603174603175
25,2024,11,5.0,random_forest_regressor,3.536366402116402
25,2024,12,3.0,random_forest_regressor,3.691480260480261
26,2023,11,10.0,random_forest_regressor,11.560297619047615
26,2023,12,8.0,random_forest_regressor,11.090689255189252
26,2024,1,12.0,random_forest_regressor,7.387588726088728
26,2024,2,13.0,random_forest_regressor,11.204841269841266
26,2024,3,12.0,random_forest_regressor,11.181466931216933
26,2024,4,14.0,random_forest_regressor,11.334771164021168
26,2024,5,18.0,random_forest_regressor,11.601015873015871
26,2024,6,15.0,random_forest_regressor,8.778030423280423
26,2024,7,8.0,random_forest_regressor,9.23569312169312
26,2024,8,10.0,random_forest_regressor,9.564530423280427
26,2024,9,13.0,random_forest_regressor,10.066309523809522
26,2024,11,17.0,random_forest_regressor,10.912755291005288
26,2024,12,11.0,random_forest_regressor,10.86082407407407
27,2023,11,8.0,random_forest_regressor,11.635193121693117
27,2023,12,8.0,random_forest_regressor,8.492115079365078
27,2024,1,9.0,random_forest_regressor,8.730124338624336
27,2024,2,8.0,random_forest_regressor,10.507285714285715
27,2024,3,11.0,random_forest_regressor,11.635265873015872
27,2024,4,12.0,random_forest_regressor,11.325390211640208
27,2024,5,15.0,random_forest_regressor,11.905083333333328
27,2024,6,20.0,random_forest_regressor,10.819480158730158
27,2024,7,11.0,random_forest_regressor,10.727284391534393
27,2024,8,4.0,random_forest_regressor,9.457952380952381
27,2024,9,16.0,random_forest_regressor,12.86818121693122
27,2024,11,17.0,random_forest_regressor,10.701513227513225
27,2024,12,6.0,random_forest_regressor,9.455785714285714
28,2023,11,0.0,random_forest_regressor,1.3076904761904762
28,2023,12,0.0,random_forest_regressor,1.2458571428571428
28,2024,1,0.0,random_forest_regressor,1.5045886243386246
28,2024,2,0.0,random_forest_regressor,2.226186507936509
28,2024,3,1.0,random_forest_regressor,1.2876825396825398
28,2024,4,0.0,random_forest_regressor,3.253097883597883
28,2024,5,2.0,random_forest_regressor,1.7642142857142866
28,2024,6,0.0,random_forest_regressor,0.7938650793650793
28,2024,7,0.0,random_forest_regressor,0.8288492063492062
28,2024,8,1.0,random_forest_regressor,1.2869087301587303
28,2024,9,0.0,random_forest_regressor,0.8469365079365078
28,2024,11,1.0,random_forest_regressor,0.41060317460317464
28,2024,12,1.0,random_forest_regressor,2.0511865079365075
29,2023,11,0.0,random_forest_regressor,2.030039682539683
29,2023,12,2.0,random_forest_regressor,2.6737698412698427
29,2024,1,4.0,random_forest_regressor,3.10365873015873
29,2024,2,1.0,random_forest_regressor,2.3899960317460316
29,2024,3,2.0,random_forest_regressor,1.962436507936507
29,2024,4,3.0,random_forest_regressor,1.975075396825397
29,2024,5,1.0,random_forest_regressor,1.7833214285714296
29,2024,6,1.0,random_forest_regressor,2.7167380952380955
29,2024,7,2.0,random_forest_regressor,1.4229960317460315
29,2024,8,0.0,random_forest_regressor,2.4517658730158733
29,2024,9,2.0,random_forest_regressor,2.07945634920635
29,2024,11,2.0,random_forest_regressor,2.180436507936508
29,2024,12,1.0,random_forest_regressor,4.279428571428574
30,2023,11,1.0,random_forest_regressor,3.7105912698412697
30,2023,12,1.0,random_forest_regressor,2.5243214285714277
30,2024,1,0.0,random_forest_regressor,2.297309523809523
30,2024,2,0.0,random_forest_regressor,2.3043481240981234
30,2024,3,1.0,random_forest_regressor,3.0030584415584416
30,2024,4,1.0,random_forest_regressor,2.325571428571429
30,2024,5,2.0,random_forest_regressor,2.7118756613756614
30,2024,6,1.0,random_forest_regressor,2.9458650793650776
30,2024,7,0.0,random_forest_regressor,3.312829365079364
30,2024,8,2.0,random_forest_regressor,3.2192301587301584
30,2024,9,2.0,random_forest_regressor,3.091460317460316
30,2024,11,3.0,random_forest_regressor,2.0576309523809515
30,2024,12,0.0,random_forest_regressor,2.6452698412698408
31,2023,11,1.0,random_forest_regressor,3.172992063492063
31,2023,12,1.0,random_forest_regressor,2.15040873015873
31,2024,1,0.0,random_forest_regressor,1.5232579365079375
31,2024,2,0.0,random_forest_regressor,2.2209682539682545
31,2024,3,1.0,random_forest_regressor,2.049865079365079
31,2024,4,1.0,random_forest_regressor,2.809190476190476
31,2024,5,2.0,random_forest_regressor,3.195261904761906
31,2024,6,1.0,random_forest_regressor,3.246880952380953
31,2024,7,0.0,random_forest_regressor,3.7363253968253964
31,2024,8,2.0,random_forest_regressor,3.5794537037037033
31,2024,9,2.0,random_forest_regressor,3.604662698412698
31,2024,11,3.0,random_forest_regressor,1.753476190476191
31,2024,12,0.0,random_forest_regressor,2.170801587301587
32,2023,11,0.0,random_forest_regressor,2.6910992063492065
32,2023,12,1.0,random_forest_regressor,2.492007936507937
32,2024,1,3.0,random_forest_regressor,2.3179246031746046
32,2024,2,3.0,random_forest_regressor,2.6765952380952385
32,2024,3,2.0,random_forest_regressor,2.241142857142857
32,2024,4,0.0,random_forest_regressor,2.070095238095238
32,2024,5,1.0,random_forest_regressor,2.299634920634921
32,2024,6,1.0,random_forest_regressor,2.3744351851851864
32,2024,7,0.0,random_forest_regressor,1.8478677248677249
32,2024,8,3.0,random_forest_regressor,1.8951534391534395
32,2024,9,1.0,random_forest_regressor,2.6366230158730164
32,2024,11,2.0,random_forest_regressor,2.6339285714285716
32,2024,12,0.0,random_forest_regressor,2.5870317460317462
33,2023,11,0.0,random_forest_regressor,2.654714285714286
33,2023,12,1.0,random_forest_regressor,3.620595238095238
33,2024,1,3.0,random_forest_regressor,2.367
33,2024,2,3.0,random_forest_regressor,2.805269841269841
33,2024,3,2.0,random_forest_regressor,2.1477764550264546
33,2024,4,0.0,random_forest_regressor,2.3454087301587303
33,2024,5,1.0,random_forest_regressor,2.157722222222223
33,2024,6,1.0,random_forest_regressor,2.578279100529102
33,2024,7,0.0,random_forest_regressor,2.0165462962962963
33,2024,8,3.0,random_forest_regressor,2.573498677248678
33,2024,9,1.0,random_forest_regressor,3.663419312169311
33,2024,11,2.0,random_forest_regressor,2.328896825396825
33,2024,12,0.0,random_forest_regressor,2.2842301587301574
34,2023,11,0.0,random_forest_regressor,1.4864166666666665
34,2023,12,0.0,random_forest_regressor,1.0561746031746027
34,2024,1,0.0,random_forest_regressor,1.0709484126984121
34,2024,2,0.0,random_forest_regressor,1.0214285714285711
34,2024,3,1.0,random_forest_regressor,1.2814973544973545
34,2024,4,0.0,random_forest_regressor,1.942977513227513
34,2024,5,2.0,random_forest_regressor,1.6576746031746032
34,2024,6,0.0,random_forest_regressor,0.9600052910052905
34,2024,7,0.0,random_forest_regressor,0.8594246031746032
34,2024,8,1.0,random_forest_regressor,1.1320436507936507
34,2024,9,0.0,random_forest_regressor,0.8818888888888893
34,2024,11,1.0,random_forest_regressor,0.9680965608465603
34,2024,12,1.0,random_forest_regressor,1.9933055555555557
35,2023,11,0.0,random_forest_regressor,4.2770291005291
35,2023,12,0.0,random_forest_regressor,3.314252747252748
35,2024,1,0.0,random_forest_regressor,2.9119999999999986
35,2024,2,1.0,random_forest_regressor,2.8310158730158728
35,2024,3,3.0,random_forest_regressor,2.494486772486772
35,2024,4,1.0,random_forest_regressor,2.4557367724867722
35,2024,5,2.0,random_forest_regressor,4.576587301587299
35,2024,6,3.0,random_forest_regressor,4.445388888888887
35,2024,7,2.0,random_forest_regressor,4.214809523809522
35,2024,8,1.0,random_forest_regressor,4.597453703703704
35,2024,9,1.0,random_forest_regressor,4.0120746753246745
35,2024,11,3.0,random_forest_regressor,2.6758055555555558
35,2024,12,0.0,random_forest_regressor,3.258480260480261
36,2023,11,0.0,random_forest_regressor,2.485365079365079
36,2023,12,0.0,random_forest_regressor,2.921392857142857
36,2024,1,0.0,random_forest_regressor,2.457772486772488
36,2024,2,1.0,random_forest_regressor,3.1670317460317463
36,2024,3,3.0,random_forest_regressor,1.7080714285714287
36,2024,4,1.0,random_forest_regressor,1.9100952380952383
36,2024,5,2.0,random_forest_regressor,2.4902658730158733
36,2024,6,3.0,random_forest_regressor,2.1753134920634922
36,2024,7,2.0,random_forest_regressor,1.8415793650793648
36,2024,8,1.0,random_forest_regressor,2.5859986772486776
36,2024,9,1.0,random_forest_regressor,2.6596455026455015
36,2024,11,3.0,random_forest_regressor,1.9928809523809525
36,2024,12,0.0,random_forest_regressor,2.866199735449736
37,2023,11,6.0,random_forest_regressor,4.412033068783069
37,2023,12,7.0,random_forest_regressor,3.800047258297258
37,2024,1,7.0,random_forest_regressor,3.6270300625300638
37,2024,2,3.0,random_forest_regressor,4.70225529100529
37,2024,3,4.0,random_forest_regressor,5.235488095238095
37,2024,4,5.0,random_forest_regressor,6.361993386243387
37,2024,5,9.0,random_forest_regressor,6.225373015873017
37,2024,6,2.0,random_forest_regressor,5.304027777777779
37,2024,7,6.0,random_forest_regressor,5.503575396825398
37,2024,8,3.0,random_forest_regressor,8.285743386243391
37,2024,9,6.0,random_forest_regressor,4.833843915343919
37,2024,11,4.0,random_forest_regressor,5.369414021164023
37,2024,12,5.0,random_forest_regressor,4.1029074074074074
38,2023,11,5.0,random_forest_regressor,4.403488095238097
38,2023,12,7.0,random_forest_regressor,4.0273531746031725
38,2024,1,7.0,random_forest_regressor,3.1651230158730144
38,2024,2,3.0,random_forest_regressor,3.7823253968253985
38,2024,3,4.0,random_forest_regressor,4.706896825396824
38,2024,4,5.0,random_forest_regressor,4.744329365079367
38,2024,5,9.0,random_forest_regressor,5.228809523809526
38,2024,6,2.0,random_forest_regressor,4.706531746031747
38,2024,7,6.0,random_forest_regressor,4.7662698412698425
38,2024,8,3.0,random_forest_regressor,3.6723029100529114
38,2024,9,6.0,random_forest_regressor,4.949396825396827
38,2024,11,4.0,random_forest_regressor,4.639976190476191
38,2024,12,4.0,random_forest_regressor,4.126944444444444
39,2023,11,1.0,random_forest_regressor,2.478193121693121
39,2023,12,2.0,random_forest_regressor,2.5749087301587292
39,2024,1,2.0,random_forest_regressor,2.0289153439153442
39,2024,2,3.0,random_forest_regressor,2.2959484126984124
39,2024,3,1.0,random_forest_regressor,1.6485370370370374
39,2024,4,0.0,random_forest_regressor,1.6355
39,2024,5,2.0,random_forest_regressor,1.7457063492063492
39,2024,6,1.0,random_forest_regressor,1.353273809523809
39,2024,7,0.0,random_forest_regressor,1.695456349206349
39,2024,8,1.0,random_forest_regressor,1.8351296296296296
39,2024,9,3.0,random_forest_regressor,2.581277777777778
39,2024,11,6.0,random_forest_regressor,3.0056547619047627
39,2024,12,1.0,random_forest_regressor,3.3349880952380957
40,2023,11,1.0,random_forest_regressor,2.231661375661376
40,2023,12,2.0,random_forest_regressor,2.286880952380952
40,2024,1,1.0,random_forest_regressor,1.826716931216932
40,2024,2,3.0,random_forest_regressor,2.3117103174603177
40,2024,3,1.0,random_forest_regressor,1.5726005291005294
40,2024,4,0.0,random_forest_regressor,1.8850198412698425
40,2024,5,2.0,random_forest_regressor,3.0039841269841268
40,2024,6,1.0,random_forest_regressor,1.572379148629148
40,2024,7,0.0,random_forest_regressor,2.4899285714285706
40,2024,8,1.0,random_forest_regressor,2.2566904761904767
40,2024,9,3.0,random_forest_regressor,2.9178095238095234
40,2024,11,6.0,random_forest_regressor,2.5982830687830702
40,2024,12,1.0,random_forest_regressor,3.4080793650793657
41,2023,11,9.0,random_forest_regressor,6.536714285714286
41,2023,12,5.0,random_forest_regressor,5.788523809523811
41,2024,1,4.0,random_forest_regressor,6.500300264550265
41,2024,2,9.0,random_forest_regressor,5.893529100529102
41,2024,3,18.0,random_forest_regressor,9.254183862433859
41,2024,4,11.0,random_forest_regressor,7.597753968253968
41,2024,5,9.0,random_forest_regressor,7.9591521164021195
41,2024,6,7.0,random_forest_regressor,8.94172619047619
41,2024,7,8.0,random_forest_regressor,9.619007936507934
41,2024,8,5.0,random_forest_regressor,8.014904761904761
41,2024,9,2.0,random_forest_regressor,7.631353174603176
41,2024,11,9.0,random_forest_regressor,8.158634920634915
41,2024,12,6.0,random_forest_regressor,7.59251984126984
42,2023,11,9.0,random_forest_regressor,7.147414021164022
42,2023,12,5.0,random_forest_regressor,4.748285714285716
42,2024,1,4.0,random_forest_regressor,6.083994708994711
42,2024,2,9.0,random_forest_regressor,7.061990740740739
42,2024,3,18.0,random_forest_regressor,8.31100396825397
42,2024,4,11.0,random_forest_regressor,7.9077751322751295
42,2024,5,8.0,random_forest_regressor,8.71180158730159
42,2024,6,7.0,random_forest_regressor,8.821829365079365
42,2024,7,8.0,random_forest_regressor,7.811234126984127
42,2024,8,5.0,random_forest_regressor,8.351259259259258
42,2024,9,2.0,random_forest_regressor,7.931301587301588
42,2024,11,9.0,random_forest_regressor,8.07701984126984
42,2024,12,6.0,random_forest_regressor,7.082170634920637
43,2023,11,2.0,random_forest_regressor,2.673253968253969
43,2023,12,1.0,random_forest_regressor,2.8661626984127
43,2024,1,3.0,random_forest_regressor,2.493595238095239
43,2024,2,3.0,random_forest_regressor,2.174432539682539
43,2024,3,2.0,random_forest_regressor,2.1310000000000007
43,2024,4,3.0,random_forest_regressor,2.0126785714285718
43,2024,5,1.0,random_forest_regressor,3.5710158730158734
43,2024,6,0.0,random_forest_regressor,2.055246031746033
43,2024,7,2.0,random_forest_regressor,2.219301587301587
43,2024,8,0.0,random_forest_regressor,2.4373253968253965
43,2024,9,1.0,random_forest_regressor,2.2676904761904764
43,2024,11,4.0,random_forest_regressor,2.401452380952381
43,2024,12,1.0,random_forest_regressor,2.9431150793650804
44,2023,11,2.0,random_forest_regressor,3.1519880952380954
44,2023,12,1.0,random_forest_regressor,2.657809523809524
44,2024,1,3.0,random_forest_regressor,2.102126984126984
44,2024,2,3.0,random_forest_regressor,2.536468253968255
44,2024,3,2.0,random_forest_regressor,3.2874523809523803
44,2024,4,3.0,random_forest_regressor,2.6603174603174593
44,2024,5,1.0,random_forest_regressor,3.7199523809523822
44,2024,6,0.0,random_forest_regressor,2.6363121693121694
44,2024,7,2.0,random_forest_regressor,3.269753968253968
44,2024,8,0.0,random_forest_regressor,1.8175277777777779
44,2024,9,1.0,random_forest_regressor,3.12188492063492
44,2024,11,4.0,random_forest_regressor,2.9476865079365084
44,2024,12,1.0,random_forest_regressor,2.8687539682539684
45,2023,11,1.0,random_forest_regressor,5.4264431216931195
45,2023,12,6.0,random_forest_regressor,5.407408730158732
45,2024,1,6.0,random_forest_regressor,5.014046296296297
45,2024,2,3.0,random_forest_regressor,5.573701058201056
45,2024,3,4.0,random_forest_regressor,5.260695767195765
45,2024,4,4.0,random_forest_regressor,6.050675925925925
45,2024,5,5.0,random_forest_regressor,6.266134920634923
45,2024,6,1.0,random_forest_regressor,5.569742063492064
45,2024,7,2.0,random_forest_regressor,5.181011904761903
45,2024,8,2.0,random_forest_regressor,4.858388888888889
45,2024,9,5.0,random_forest_regressor,5.627198412698414
45,2024,11,2.0,random_forest_regressor,5.165756613756614
45,2024,12,4.0,random_forest_regressor,5.154369047619047
46,2023,11,1.0,random_forest_regressor,5.2896150793650785
46,2023,12,6.0,random_forest_regressor,5.3353637566137575
46,2024,1,6.0,random_forest_regressor,4.810738095238095
46,2024,2,3.0,random_forest_regressor,5.88785714285714
46,2024,3,4.0,random_forest_regressor,5.632599206349203
46,2024,4,4.0,random_forest_regressor,6.35959656084656
46,2024,5,5.0,random_forest_regressor,6.3315793650793655
46,2024,6,1.0,random_forest_regressor,5.624488095238095
46,2024,7,2.0,random_forest_regressor,4.1873121693121655
46,2024,8,2.0,random_forest_regressor,4.837425925925928
46,2024,9,5.0,random_forest_regressor,5.474936507936512
46,2024,11,2.0,random_forest_regressor,5.258867724867725
46,2024,12,4.0,random_forest_regressor,5.345765873015872
47,2023,11,18.0,random_forest_regressor,15.458623015873012
47,2023,12,7.0,random_forest_regressor,13.414666666666665
47,2024,1,6.0,random_forest_regressor,12.095412698412696
47,2024,2,15.0,random_forest_regressor,14.874345238095238
47,2024,3,9.0,random_forest_regressor,14.406801587301588
47,2024,4,11.0,random_forest_regressor,16.003714285714288
47,2024,5,11.0,random_forest_regressor,13.825633116883118
47,2024,6,19.0,random_forest_regressor,15.662218253968247
47,2024,7,8.0,random_forest_regressor,14.05682142857142
47,2024,8,12.0,random_forest_regressor,13.65320238095238
47,2024,9,18.0,random_forest_regressor,15.15352777777778
47,2024,11,12.0,random_forest_regressor,15.31885846560846
47,2024,12,10.0,random_forest_regressor,13.33470634920635
48,2023,11,1.0,random_forest_regressor,3.5636230158730156
48,2023,12,1.0,random_forest_regressor,3.4177539682539693
48,2024,1,1.0,random_forest_regressor,3.098939153439153
48,2024,2,0.0,random_forest_regressor,3.2361706349206347
48,2024,3,0.0,random_forest_regressor,3.095629629629629
48,2024,4,3.0,random_forest_regressor,3.141703703703703
48,2024,5,1.0,random_forest_regressor,4.759734126984125
48,2024,6,3.0,random_forest_regressor,3.9430357142857124
48,2024,7,0.0,random_forest_regressor,2.9371587301587296
48,2024,8,2.0,random_forest_regressor,3.4194761904761903
48,2024,9,5.0,random_forest_regressor,3.3706111111111103
48,2024,11,1.0,random_forest_regressor,3.0533134920634915
48,2024,12,1.0,random_forest_regressor,4.0998214285714285
49,2023,11,1.0,random_forest_regressor,4.4276825396825386
49,2023,12,1.0,random_forest_regressor,3.380115079365081
49,2024,1,0.0,random_forest_regressor,2.7714126984126994
49,2024,2,2.0,random_forest_regressor,3.2959722222222223
49,2024,3,2.0,random_forest_regressor,2.4977566137566134
49,2024,4,1.0,random_forest_regressor,2.5865
49,2024,5,2.0,random_forest_regressor,4.279988095238096
49,2024,6,5.0,random_forest_regressor,2.8429603174603177
49,2024,7,3.0,random_forest_regressor,2.6929682539682536
49,2024,8,1.0,random_forest_regressor,3.4446574074074077
49,2024,9,3.0,random_forest_regressor,3.4889365079365073
49,2024,11,3.0,random_forest_regressor,3.200579365079366
49,2024,12,0.0,random_forest_regressor,4.068556878306879
50,2023,11,1.0,random_forest_regressor,4.340963684463685
50,2023,12,7.0,random_forest_regressor,4.007846560846561
50,2024,1,3.0,random_forest_regressor,4.006296296296297
50,2024,2,1.0,random_forest_regressor,5.32116871091871
50,2024,3,1.0,random_forest_regressor,5.776595238095238
50,2024,4,4.0,random_forest_regressor,6.595412097162098
50,2024,5,5.0,random_forest_regressor,6.837067460317461
50,2024,6,6.0,random_forest_regressor,5.223617724867724
50,2024,7,5.0,random_forest_regressor,3.9350238095238086
50,2024,8,2.0,random_forest_regressor,4.587835978835979
50,2024,9,8.0,random_forest_regressor,13.529880952380951
50,2024,11,4.0,random_forest_regressor,7.518615079365074
50,2024,12,4.0,random_forest_regressor,4.467037037037036
51,2023,11,1.0,random_forest_regressor,6.564191798941801
51,2023,12,7.0,random_forest_regressor,4.971263227513229
51,2024,1,3.0,random_forest_regressor,4.877187830687832
51,2024,2,1.0,random_forest_regressor,5.394091269841269
51,2024,3,1.0,random_forest_regressor,6.492869047619048
51,2024,4,4.0,random_forest_regressor,5.812015873015871
51,2024,5,5.0,random_forest_regressor,7.238063492063494
51,2024,6,6.0,random_forest_regressor,5.381952380952383
51,2024,7,5.0,random_forest_regressor,4.577591269841271
51,2024,8,2.0,random_forest_regressor,5.4477645502645515
51,2024,9,8.0,random_forest_regressor,5.307472222222221
51,2024,11,4.0,random_forest_regressor,5.719595238095241
51,2024,12,4.0,random_forest_regressor,4.4142857142857155
52,2023,11,19.0,random_forest_regressor,15.266258898508895
52,2023,12,10.0,random_forest_regressor,8.94432142857143
52,2024,1,14.0,random_forest_regressor,7.5837817460317485
52,2024,2,9.0,random_forest_regressor,9.693059523809525
52,2024,3,17.0,random_forest_regressor,9.122486772486774
52,2024,4,5.0,random_forest_regressor,12.174615079365088
52,2024,5,16.0,random_forest_regressor,11.639198412698416
52,2024,6,15.0,random_forest_regressor,7.261088624338628
52,2024,7,14.0,random_forest_regressor,4.155839466089469
52,2024,8,10.0,random_forest_regressor,4.264712962962963
52,2024,9,11.0,random_forest_regressor,6.905219576719577
52,2024,11,13.0,random_forest_regressor,4.481646825396828
52,2024,12,8.0,random_forest_regressor,3.8617733285233284
53,2023,11,19.0,random_forest_regressor,12.021621693121704
53,2023,12,8.0,random_forest_regressor,9.131761904761907
53,2024,1,14.0,random_forest_regressor,8.368736772486772
53,2024,2,9.0,random_forest_regressor,11.146063492063496
53,2024,3,17.0,random_forest_regressor,11.986623015873018
53,2024,4,6.0,random_forest_regressor,13.931802068302071
53,2024,5,16.0,random_forest_regressor,14.04098809523809
53,2024,6,15.0,random_forest_regressor,12.76690933140933
53,2024,7,12.0,random_forest_regressor,14.467453703703699
53,2024,8,9.0,random_forest_regressor,10.945298941798944
53,2024,9,12.0,random_forest_regressor,9.980500000000001
53,2024,11,14.0,random_forest_regressor,12.501924603174611
53,2024,12,10.0,random_forest_regressor,8.991444444444449
54,2023,11,19.0,random_forest_regressor,12.395896825396834
54,2023,12,8.0,random_forest_regressor,9.728834656084661
54,2024,1,14.0,random_forest_regressor,8.465242063492065
54,2024,2,9.0,random_forest_regressor,12.433226190476196
54,2024,3,17.0,random_forest_regressor,13.436198412698415
54,2024,4,6.0,random_forest_regressor,14.39486375661376
54,2024,5,16.0,random_forest_regressor,14.937858465608466
54,2024,6,15.0,random_forest_regressor,14.336265873015872
54,2024,7,12.0,random_forest_regressor,13.653382275132275
54,2024,8,9.0,random_forest_regressor,13.893345238095238
54,2024,9,12.0,random_forest_regressor,15.561406084656083
54,2024,11,14.0,random_forest_regressor,13.334222222222229
54,2024,12,10.0,random_forest_regressor,10.69796031746033
55,2023,11,4.0,random_forest_regressor,4.121555555555554
55,2023,12,0.0,random_forest_regressor,3.6683888888888903
55,2024,1,2.0,random_forest_regressor,3.2685396825396826
55,2024,2,5.0,random_forest_regressor,4.414706349206348
55,2024,3,5.0,random_forest_regressor,3.344928571428572
55,2024,4,2.0,random_forest_regressor,3.5225317460317456
55,2024,5,4.0,random_forest_regressor,2.8866111111111117
55,2024,6,3.0,random_forest_regressor,3.7750357142857136
55,2024,7,3.0,random_forest_regressor,2.85115873015873
55,2024,8,4.0,random_forest_regressor,3.4362341269841266
55,2024,9,5.0,random_forest_regressor,3.348603174603174
55,2024,11,2.0,random_forest_regressor,3.3403492063492077
55,2024,12,3.0,random_forest_regressor,4.079817460317461
56,2023,11,4.0,random_forest_regressor,4.150142857142854
56,2023,12,0.0,random_forest_regressor,3.7103015873015877
56,2024,1,2.0,random_forest_regressor,3.035333333333333
56,2024,2,5.0,random_forest_regressor,4.068261904761902
56,2024,3,5.0,random_forest_regressor,2.6664841269841277
56,2024,4,2.0,random_forest_regressor,2.639169312169312
56,2024,5,5.0,random_forest_regressor,3.025738095238094
56,2024,6,3.0,random_forest_regressor,4.531087301587299
56,2024,7,3.0,random_forest_regressor,3.342869047619048
56,2024,8,4.0,random_forest_regressor,4.269674603174605
56,2024,9,5.0,random_forest_regressor,3.800991341991341
56,2024,11,2.0,random_forest_regressor,3.050285714285715
56,2024,12,3.0,random_forest_regressor,3.7819126984127003
57,2023,11,2.0,random_forest_regressor,2.774908730158731
57,2023,12,1.0,random_forest_regressor,1.1421666666666663
57,2024,1,1.0,random_forest_regressor,0.7261547619047618
57,2024,2,1.0,random_forest_regressor,2.029968253968254
57,2024,3,0.0,random_forest_regressor,1.334724867724868
57,2024,4,3.0,random_forest_regressor,1.2298835978835976
57,2024,5,2.0,random_forest_regressor,1.0687539682539682
57,2024,6,2.0,random_forest_regressor,0.5739894179894182
57,2024,7,2.0,random_forest_regressor,1.0809523809523804
57,2024,8,0.0,random_forest_regressor,0.8738769841269838
57,2024,9,0.0,random_forest_regressor,1.2994417989417986
57,2024,11,3.0,random_forest_regressor,1.045079365079365
57,2024,12,1.0,random_forest_regressor,1.4787023809523803
58,2023,11,2.0,random_forest_regressor,1.2736190476190474
58,2023,12,1.0,random_forest_regressor,0.7380317460317459
58,2024,1,1.0,random_forest_regressor,0.4728214285714286
58,2024,2,1.0,random_forest_regressor,1.4081349206349203
58,2024,3,0.0,random_forest_regressor,0.5469444444444445
58,2024,4,3.0,random_forest_regressor,1.1335899470899469
58,2024,5,2.0,random_forest_regressor,1.0822460317460312
58,2024,6,2.0,random_forest_regressor,0.9898095238095241
58,2024,7,2.0,random_forest_regressor,1.0009920634920635
58,2024,8,0.0,random_forest_regressor,1.0688650793650798
58,2024,9,0.0,random_forest_regressor,1.407994708994709
58,2024,11,3.0,random_forest_regressor,0.7776666666666668
58,2024,12,1.0,random_forest_regressor,1.272674603174603
59,2023,11,5.0,random_forest_regressor,3.562706349206349
59,2023,12,2.0,random_forest_regressor,3.3693002645502643
59,2024,1,1.0,random_forest_regressor,2.840772486772487
59,2024,2,2.0,random_forest_regressor,3.381273809523811
59,2024,3,3.0,random_forest_regressor,2.0121111111111114
59,2024,4,4.0,random_forest_regressor,1.8940621693121693
59,2024,5,1.0,random_forest_regressor,1.7378690476190475
59,2024,6,3.0,random_forest_regressor,2.690702380952381
59,2024,7,1.0,random_forest_regressor,2.4059999999999997
59,2024,8,1.0,random_forest_regressor,2.81777380952381
59,2024,9,2.0,random_forest_regressor,2.652472222222223
59,2024,11,2.0,random_forest_regressor,3.5532658730158726
59,2024,12,0.0,random_forest_regressor,3.6428650793650785
60,2023,11,5.0,random_forest_regressor,3.919230158730161
60,2023,12,2.0,random_forest_regressor,3.386669312169311
60,2024,1,1.0,random_forest_regressor,4.850439153439153
60,2024,2,2.0,random_forest_regressor,2.942357142857144
60,2024,3,3.0,random_forest_regressor,1.5611706349206345
60,2024,4,4.0,random_forest_regressor,2.5216415343915357
60,2024,5,1.0,random_forest_regressor,2.873829365079365
60,2024,6,3.0,random_forest_regressor,2.8440912698412704
60,2024,7,1.0,random_forest_regressor,2.5964880952380955
60,2024,8,1.0,random_forest_regressor,2.496095238095239
60,2024,9,2.0,random_forest_regressor,3.0317023809523818
60,2024,11,2.0,random_forest_regressor,3.4362460317460326
60,2024,12,0.0,random_forest_regressor,3.885272486772485
61,2023,11,2.0,random_forest_regressor,4.925309523809523
61,2023,12,3.0,random_forest_regressor,3.2585238095238096
61,2024,1,2.0,random_forest_regressor,3.465150793650793
61,2024,2,3.0,random_forest_regressor,5.410460317460316
61,2024,3,4.0,random_forest_regressor,4.780043650793649
61,2024,4,0.0,random_forest_regressor,4.863626984126984
61,2024,5,5.0,random_forest_regressor,4.414190476190478
61,2024,6,7.0,random_forest_regressor,4.762562169312169
61,2024,7,6.0,random_forest_regressor,5.047080687830686
61,2024,8,5.0,random_forest_regressor,5.785896825396825
61,2024,9,3.0,random_forest_regressor,4.47247619047619
61,2024,11,6.0,random_forest_regressor,4.597996031746032
61,2024,12,2.0,random_forest_regressor,4.155789682539682
62,2023,11,2.0,random_forest_regressor,5.01236111111111
62,2023,12,3.0,random_forest_regressor,4.331340548340546
62,2024,1,2.0,random_forest_regressor,4.276642135642136
62,2024,2,3.0,random_forest_regressor,5.761228835978836
62,2024,3,4.0,random_forest_regressor,4.880932539682538
62,2024,4,0.0,random_forest_regressor,5.235978835978836
62,2024,5,5.0,random_forest_regressor,4.590603174603174
62,2024,6,6.0,random_forest_regressor,4.976515873015871
62,2024,7,6.0,random_forest_regressor,4.523362433862433
62,2024,8,5.0,random_forest_regressor,4.4712579365079375
62,2024,9,3.0,random_forest_regressor,4.197711399711399
62,2024,11,6.0,random_forest_regressor,4.851563492063491
62,2024,12,2.0,random_forest_regressor,4.756630230880231
63,2023,11,1.0,random_forest_regressor,3.5849325396825398
63,2023,12,1.0,random_forest_regressor,3.32536507936508
63,2024,1,0.0,random_forest_regressor,3.671383597883597
63,2024,2,3.0,random_forest_regressor,3.0723968253968263
63,2024,3,3.0,random_forest_regressor,2.041019841269841
63,2024,4,6.0,random_forest_regressor,2.5835264550264556
63,2024,5,3.0,random_forest_regressor,3.372857142857142
63,2024,6,3.0,random_forest_regressor,4.27339417989418
63,2024,7,3.0,random_forest_regressor,4.227448412698411
63,2024,8,4.0,random_forest_regressor,3.4172420634920644
63,2024,9,2.0,random_forest_regressor,2.5052301587301598
63,2024,11,0.0,random_forest_regressor,2.796527777777779
63,2024,12,2.0,random_forest_regressor,3.531238095238096
64,2023,11,1.0,random_forest_regressor,4.6280079365079345
64,2023,12,1.0,random_forest_regressor,3.4581640211640208
64,2024,1,0.0,random_forest_regressor,2.9379325396825386
64,2024,2,3.0,random_forest_regressor,4.617078042328039
64,2024,3,3.0,random_forest_regressor,4.184119047619048
64,2024,4,6.0,random_forest_regressor,3.5696904761904755
64,2024,5,4.0,random_forest_regressor,4.39486507936508
64,2024,6,2.0,random_forest_regressor,4.894714285714286
64,2024,7,4.0,random_forest_regressor,4.250436868686868
64,2024,8,4.0,random_forest_regressor,5.585514911014911
64,2024,9,3.0,random_forest_regressor,3.6836825396825383
64,2024,11,0.0,random_forest_regressor,3.326841269841269
64,2024,12,2.0,random_forest_regressor,3.915716931216933
65,2023,11,1.0,random_forest_regressor,3.069
65,2023,12,1.0,random_forest_regressor,3.186380952380952
65,2024,1,0.0,random_forest_regressor,2.6318756613756604
65,2024,2,4.0,random_forest_regressor,3.5545119047619065
65,2024,3,3.0,random_forest_regressor,2.1909920634920637
65,2024,4,6.0,random_forest_regressor,2.7074708994708994
65,2024,5,4.0,random_forest_regressor,3.6632579365079376
65,2024,6,2.0,random_forest_regressor,4.3285
65,2024,7,4.0,random_forest_regressor,5.561785714285713
65,2024,8,4.0,random_forest_regressor,8.98865873015873
65,2024,9,3.0,random_forest_regressor,4.0205066137566146
65,2024,11,0.0,random_forest_regressor,2.7475000000000005
65,2024,12,2.0,random_forest_regressor,3.3160158730158753
66,2023,11,1.0,random_forest_regressor,2.854119047619048
66,2023,12,1.0,random_forest_regressor,2.598911477411478
66,2024,1,0.0,random_forest_regressor,3.94770115995116
66,2024,2,3.0,random_forest_regressor,3.356182539682541
66,2024,3,3.0,random_forest_regressor,2.3990780423280427
66,2024,4,6.0,random_forest_regressor,3.075732804232805
66,2024,5,3.0,random_forest_regressor,4.623785714285714
66,2024,6,3.0,random_forest_regressor,4.548749999999998
66,2024,7,3.0,random_forest_regressor,3.307659090909092
66,2024,8,4.0,random_forest_regressor,3.7173650793650808
66,2024,9,3.0,random_forest_regressor,3.6295634920634923
66,2024,11,0.0,random_forest_regressor,2.79038888888889
66,2024,12,2.0,random_forest_regressor,2.8828730158730176
67,2023,11,5.0,random_forest_regressor,6.646460317460318
67,2023,12,3.0,random_forest_regressor,6.473849206349209
67,2024,1,5.0,random_forest_regressor,6.167772486772488
67,2024,2,5.0,random_forest_regressor,6.266920634920637
67,2024,3,5.0,random_forest_regressor,5.498527777777778
67,2024,4,6.0,random_forest_regressor,5.423780423280424
67,2024,5,6.0,random_forest_regressor,7.355246031746035
67,2024,6,3.0,random_forest_regressor,6.846789682539684
67,2024,7,3.0,random_forest_regressor,7.123408730158734
67,2024,8,2.0,random_forest_regressor,7.198212962962964
67,2024,9,2.0,random_forest_regressor,6.5883253968254
67,2024,11,3.0,random_forest_regressor,5.284101851851851
67,2024,12,5.0,random_forest_regressor,6.43564285714286
68,2023,11,5.0,random_forest_regressor,5.332130952380952
68,2023,12,3.0,random_forest_regressor,5.071916666666666
68,2024,1,6.0,random_forest_regressor,5.029202380952381
68,2024,2,5.0,random_forest_regressor,5.055218253968256
68,2024,3,5.0,random_forest_regressor,5.203285714285712
68,2024,4,6.0,random_forest_regressor,4.788095238095239
68,2024,5,6.0,random_forest_regressor,6.674242063492064
68,2024,6,3.0,random_forest_regressor,6.8565291005291
68,2024,7,3.0,random_forest_regressor,6.349593915343914
68,2024,8,2.0,random_forest_regressor,6.999714285714289
68,2024,9,2.0,random_forest_regressor,6.230178571428571
68,2024,11,3.0,random_forest_regressor,5.396388888888888
68,2024,12,5.0,random_forest_regressor,5.227051587301586
69,2023,11,18.0,random_forest_regressor,22.040064509564516
69,2023,12,27.0,random_forest_regressor,16.579154761904768
69,2024,1,15.0,random_forest_regressor,13.312984126984126
69,2024,2,13.0,random_forest_regressor,19.31351587301588
69,2024,3,23.0,random_forest_regressor,20.163489417989414
69,2024,4,22.0,random_forest_regressor,20.049017195767192
69,2024,5,27.0,random_forest_regressor,20.073583333333335
69,2024,6,28.0,random_forest_regressor,20.039314814814816
69,2024,7,15.0,random_forest_regressor,20.501432539682547
69,2024,8,14.0,random_forest_regressor,18.2594761904762
69,2024,9,19.0,random_forest_regressor,25.130883597883596
69,2024,11,23.0,random_forest_regressor,21.783732498982495
69,2024,12,16.0,random_forest_regressor,18.188785714285718
70,2023,11,4.0,random_forest_regressor,3.4922976190476174
70,2023,12,2.0,random_forest_regressor,3.5980714285714286
70,2024,1,3.0,random_forest_regressor,3.439281746031744
70,2024,2,4.0,random_forest_regressor,3.077186507936507
70,2024,3,2.0,random_forest_regressor,2.6023875661375655
70,2024,4,0.0,random_forest_regressor,2.7832129629629625
70,2024,5,1.0,random_forest_regressor,3.9741666666666666
70,2024,6,5.0,random_forest_regressor,1.8079444444444444
70,2024,7,6.0,random_forest_regressor,1.8134722222222228
70,2024,8,3.0,random_forest_regressor,1.7554444444444444
70,2024,9,1.0,random_forest_regressor,2.3638253968253977
70,2024,11,2.0,random_forest_regressor,2.4072698412698403
70,2024,12,1.0,random_forest_regressor,3.3774219576719577
71,2023,11,4.0,random_forest_regressor,3.496898148148147
71,2023,12,2.0,random_forest_regressor,3.5936230158730162
71,2024,1,3.0,random_forest_regressor,3.6731309523809514
71,2024,2,4.0,random_forest_regressor,3.1360436507936496
71,2024,3,2.0,random_forest_regressor,2.445335978835978
71,2024,4,0.0,random_forest_regressor,3.03149074074074
71,2024,5,1.0,random_forest_regressor,3.650777777777777
71,2024,6,5.0,random_forest_regressor,1.8254444444444444
71,2024,7,6.0,random_forest_regressor,2.070279100529101
71,2024,8,2.0,random_forest_regressor,2.5957195767195778
71,2024,9,1.0,random_forest_regressor,2.513321428571429
71,2024,11,2.0,random_forest_regressor,2.8578029100529085
71,2024,12,1.0,random_forest_regressor,3.591623015873015
72,2023,11,4.0,random_forest_regressor,4.226478835978836
72,2023,12,4.0,random_forest_regressor,4.9243333333333315
72,2024,1,5.0,random_forest_regressor,3.438972222222223
72,2024,2,4.0,random_forest_regressor,3.656468253968255
72,2024,3,4.0,random_forest_regressor,3.7593015873015876
72,2024,4,5.0,random_forest_regressor,3.507634920634921
72,2024,5,8.0,random_forest_regressor,3.9025039682539706
72,2024,6,2.0,random_forest_regressor,3.5310158730158734
72,2024,7,1.0,random_forest_regressor,4.0252380952380955
72,2024,8,3.0,random_forest_regressor,3.867432539682541
72,2024,9,2.0,random_forest_regressor,3.9821626984127003
72,2024,11,0.0,random_forest_regressor,4.08170634920635
72,2024,12,0.0,random_forest_regressor,4.595373015873017
73,2023,11,4.0,random_forest_regressor,3.733527777777778
73,2023,12,4.0,random_forest_regressor,4.155392857142857
73,2024,1,5.0,random_forest_regressor,5.916825396825398
73,2024,2,4.0,random_forest_regressor,5.793407407407407
73,2024,3,4.0,random_forest_regressor,4.348232804232807
73,2024,4,5.0,random_forest_regressor,5.113720899470903
73,2024,5,8.0,random_forest_regressor,5.143273809523812
73,2024,6,2.0,random_forest_regressor,4.67319708994709
73,2024,7,1.0,random_forest_regressor,3.8805330687830693
73,2024,8,3.0,random_forest_regressor,4.076648148148151
73,2024,9,2.0,random_forest_regressor,4.2049589947089965
73,2024,11,0.0,random_forest_regressor,5.196353174603176
73,2024,12,0.0,random_forest_regressor,3.6283822751322767
74,2023,11,33.0,random_forest_regressor,19.891156084656078
74,2023,12,21.0,random_forest_regressor,15.954526455026453
74,2024,1,15.0,random_forest_regressor,12.32968650793651
74,2024,2,18.0,random_forest_regressor,19.122949735449733
74,2024,3,19.0,random_forest_regressor,18.27680158730159
74,2024,4,22.0,random_forest_regressor,19.4959761904762
74,2024,5,15.0,random_forest_regressor,19.600007936507943
74,2024,6,21.0,random_forest_regressor,21.944472222222213
74,2024,7,9.0,random_forest_regressor,17.485220899470896
74,2024,8,16.0,random_forest_regressor,15.859746031746033
74,2024,9,21.0,random_forest_regressor,22.51114285714285
74,2024,11,27.0,random_forest_regressor,21.892452380952378
74,2024,12,14.0,random_forest_regressor,17.62205026455026
75,2023,11,33.0,random_forest_regressor,21.863250000000004
75,2023,12,21.0,random_forest_regressor,17.076682539682537
75,2024,1,15.0,random_forest_regressor,13.144838624338625
75,2024,2,17.0,random_forest_regressor,19.668805555555558
75,2024,3,19.0,random_forest_regressor,18.30426587301588
75,2024,4,22.0,random_forest_regressor,15.658460317460321
75,2024,5,15.0,random_forest_regressor,18.267544973544982
75,2024,6,21.0,random_forest_regressor,22.01711507936507
75,2024,7,9.0,random_forest_regressor,17.520753968253963
75,2024,8,16.0,random_forest_regressor,15.597761904761906
75,2024,9,21.0,random_forest_regressor,19.430732804232807
75,2024,11,26.0,random_forest_regressor,18.689537037037045
75,2024,12,14.0,random_forest_regressor,17.97956746031747
76,2023,11,3.0,random_forest_regressor,5.200115079365081
76,2023,12,4.0,random_forest_regressor,4.895992063492063
76,2024,1,7.0,random_forest_regressor,4.148492063492061
76,2024,2,4.0,random_forest_regressor,4.446440476190477
76,2024,3,6.0,random_forest_regressor,4.2095674603174595
76,2024,4,5.0,random_forest_regressor,4.6379246031746035
76,2024,5,7.0,random_forest_regressor,4.933162698412701
76,2024,6,8.0,random_forest_regressor,4.833539682539685
76,2024,7,4.0,random_forest_regressor,3.7795198412698405
76,2024,8,4.0,random_forest_regressor,2.3864404761904767
76,2024,9,2.0,random_forest_regressor,5.7242579365079385
76,2024,11,4.0,random_forest_regressor,4.880892857142859
76,2024,12,3.0,random_forest_regressor,4.938285714285714
77,2023,11,18.0,random_forest_regressor,26.03663095238095
77,2023,12,29.0,random_forest_regressor,25.173863756613756
77,2024,1,16.0,random_forest_regressor,17.948107549857546
77,2024,2,13.0,random_forest_regressor,20.506472222222236
77,2024,3,20.0,random_forest_regressor,21.12463492063492
77,2024,4,21.0,random_forest_regressor,19.779357142857144
77,2024,5,25.0,random_forest_regressor,23.241867724867728
77,2024,6,32.0,random_forest_regressor,22.983777777777778
77,2024,7,17.0,random_forest_regressor,19.901970899470914
77,2024,8,17.0,random_forest_regressor,19.828538359788368
77,2024,9,21.0,random_forest_regressor,26.00489285714286
77,2024,11,20.0,random_forest_regressor,26.93389285714285
77,2024,12,17.0,random_forest_regressor,13.829902116402124
78,2023,11,2.0,random_forest_regressor,2.3322023809523817
78,2023,12,0.0,random_forest_regressor,2.7490000000000006
78,2024,1,1.0,random_forest_regressor,0.558059523809524
78,2024,2,1.0,random_forest_regressor,1.4927936507936503
78,2024,3,0.0,random_forest_regressor,0.5833015873015874
78,2024,4,0.0,random_forest_regressor,0.8210873015873016
78,2024,5,0.0,random_forest_regressor,0.7445873015873016
78,2024,6,0.0,random_forest_regressor,0.27353174603174596
78,2024,7,0.0,random_forest_regressor,0.44572222222222213
78,2024,8,0.0,random_forest_regressor,0.4173730158730159
78,2024,9,2.0,random_forest_regressor,0.802547619047619
78,2024,11,0.0,random_forest_regressor,0.9694444444444446
78,2024,12,1.0,random_forest_regressor,2.3517579365079366
79,2023,11,2.0,random_forest_regressor,1.4921190476190476
79,2023,12,0.0,random_forest_regressor,1.5624563492063488
79,2024,1,1.0,random_forest_regressor,1.082309523809524
79,2024,2,1.0,random_forest_regressor,1.6150180375180374
79,2024,3,0.0,random_forest_regressor,1.4946111111111104
79,2024,4,0.0,random_forest_regressor,1.2467817460317456
79,2024,5,0.0,random_forest_regressor,1.0494444444444448
79,2024,6,0.0,random_forest_regressor,0.9734920634920634
79,2024,7,0.0,random_forest_regressor,0.7219761904761905
79,2024,8,0.0,random_forest_regressor,0.817222222222222
79,2024,9,2.0,random_forest_regressor,1.2123015873015872
79,2024,11,0.0,random_forest_regressor,1.650698412698413
79,2024,12,1.0,random_forest_regressor,2.292373015873016
80,2023,11,7.0,random_forest_regressor,4.144154761904761
80,2023,12,7.0,random_forest_regressor,3.8590158730158737
80,2024,1,4.0,random_forest_regressor,3.432222222222222
80,2024,2,2.0,random_forest_regressor,3.334313492063494
80,2024,3,6.0,random_forest_regressor,4.029821428571428
80,2024,4,4.0,random_forest_regressor,2.733952380952381
80,2024,5,2.0,random_forest_regressor,5.578091269841271
80,2024,12,4.0,random_forest_regressor,11.184269841269838
81,2023,11,7.0,random_forest_regressor,4.543964285714283
81,2023,12,7.0,random_forest_regressor,4.645452380952379
81,2024,1,3.0,random_forest_regressor,4.049936507936508
81,2024,2,2.0,random_forest_regressor,3.630265873015874
81,2024,3,6.0,random_forest_regressor,3.5722261904761914
81,2024,4,3.0,random_forest_regressor,2.0593362193362186
81,2024,5,2.0,random_forest_regressor,1.8787460317460325
81,2024,6,4.0,random_forest_regressor,3.2493399470899464
81,2024,7,3.0,random_forest_regressor,3.1999417989417993
81,2024,8,2.0,random_forest_regressor,3.3068090428090424
81,2024,9,2.0,random_forest_regressor,4.490908730158727
81,2024,11,3.0,random_forest_regressor,4.6339484126984125
81,2024,12,4.0,random_forest_regressor,4.720702380952381
82,2023,11,1.0,random_forest_regressor,2.2659444444444445
82,2023,12,2.0,random_forest_regressor,1.0514550264550264
82,2024,1,1.0,random_forest_regressor,0.652424603174603
82,2024,2,1.0,random_forest_regressor,1.5442380952380947
82,2024,3,1.0,random_forest_regressor,1.1632500000000003
82,2024,4,0.0,random_forest_regressor,0.8380555555555556
82,2024,5,1.0,random_forest_regressor,0.6971984126984129
82,2024,6,1.0,random_forest_regressor,1.0658809523809527
82,2024,7,1.0,random_forest_regressor,0.298962962962963
82,2024,8,1.0,random_forest_regressor,0.9310370370370368
82,2024,9,0.0,random_forest_regressor,1.6220185185185185
82,2024,11,1.0,random_forest_regressor,0.8390185185185187
82,2024,12,1.0,random_forest_regressor,2.451162698412699
83,2023,11,1.0,random_forest_regressor,2.2006666666666668
83,2023,12,2.0,random_forest_regressor,0.9204523809523808
83,2024,1,1.0,random_forest_regressor,0.6796785714285714
83,2024,2,1.0,random_forest_regressor,1.170404761904762
83,2024,3,1.0,random_forest_regressor,3.8040515873015877
83,2024,4,0.0,random_forest_regressor,4.030486772486771
83,2024,5,1.0,random_forest_regressor,0.34508730158730155
83,2024,6,1.0,random_forest_regressor,0.3320873015873016
83,2024,7,1.0,random_forest_regressor,0.2501111111111112
83,2024,8,1.0,random_forest_regressor,0.37881349206349213
83,2024,9,0.0,random_forest_regressor,0.8535092592592591
83,2024,11,1.0,random_forest_regressor,0.7096111111111111
83,2024,12,1.0,random_forest_regressor,2.366634920634921
84,2023,11,5.0,random_forest_regressor,6.778400793650795
84,2023,12,1.0,random_forest_regressor,5.854718253968255
84,2024,1,6.0,random_forest_regressor,5.732785714285716
84,2024,2,9.0,random_forest_regressor,6.67993253968254
84,2024,3,4.0,random_forest_regressor,5.893162698412698
84,2024,4,2.0,random_forest_regressor,6.084230158730159
84,2024,5,7.0,random_forest_regressor,8.06649603174603
84,2024,6,6.0,random_forest_regressor,7.957611111111111
84,2024,7,8.0,random_forest_regressor,8.131775132275129
84,2024,8,3.0,random_forest_regressor,7.66681216931217
84,2024,9,12.0,random_forest_regressor,7.039400793650794
84,2024,11,7.0,random_forest_regressor,5.465968253968256
84,2024,12,8.0,random_forest_regressor,5.489886243386245
85,2023,11,3.0,random_forest_regressor,3.39254365079365
85,2023,12,2.0,random_forest_regressor,3.650373015873015
85,2024,1,3.0,random_forest_regressor,2.953154761904762
85,2024,2,1.0,random_forest_regressor,3.979994708994709
85,2024,3,5.0,random_forest_regressor,2.857440476190477
85,2024,4,3.0,random_forest_regressor,2.7936150793650794
85,2024,5,8.0,random_forest_regressor,2.600452380952383
85,2024,6,2.0,random_forest_regressor,2.600953703703704
85,2024,7,6.0,random_forest_regressor,3.7312243867243864
85,2024,8,1.0,random_forest_regressor,2.8035357142857147
85,2024,9,3.0,random_forest_regressor,3.9232645502645505
85,2024,11,4.0,random_forest_regressor,3.025142857142856
85,2024,12,4.0,random_forest_regressor,3.927947089947087
86,2023,11,3.0,random_forest_regressor,3.4509775132275133
86,2023,12,1.0,random_forest_regressor,3.866115079365079
86,2024,1,1.0,random_forest_regressor,3.8256044973544983
86,2024,2,3.0,random_forest_regressor,3.8775555555555576
86,2024,3,5.0,random_forest_regressor,2.9238743386243393
86,2024,4,2.0,random_forest_regressor,2.7373968253968255
86,2024,5,8.0,random_forest_regressor,2.6640925925925933
86,2024,6,3.0,random_forest_regressor,3.173568783068783
86,2024,7,6.0,random_forest_regressor,3.0297857142857154
86,2024,8,2.0,random_forest_regressor,3.2788531746031757
86,2024,9,4.0,random_forest_regressor,3.2810000000000006
86,2024,11,1.0,random_forest_regressor,3.387203703703704
86,2024,12,5.0,random_forest_regressor,3.9347341269841265
87,2023,11,6.0,random_forest_regressor,6.422981481481483
87,2023,12,2.0,random_forest_regressor,6.423437830687829
87,2024,1,6.0,random_forest_regressor,5.129947089947089
87,2024,2,3.0,random_forest_regressor,5.875567460317461
87,2024,3,8.0,random_forest_regressor,6.614596560846561
87,2024,4,4.0,random_forest_regressor,6.376706349206349
87,2024,5,7.0,random_forest_regressor,8.139392857142854
87,2024,6,2.0,random_forest_regressor,7.355765873015871
87,2024,7,7.0,random_forest_regressor,6.611136243386239
87,2024,8,5.0,random_forest_regressor,7.857955026455029
87,2024,9,5.0,random_forest_regressor,6.952376984126983
87,2024,11,7.0,random_forest_regressor,6.625801587301591
87,2024,12,10.0,random_forest_regressor,7.192425925925925
88,2023,11,5.0,random_forest_regressor,5.34718253968254
88,2023,12,2.0,random_forest_regressor,4.6700515873015895
88,2024,1,0.0,random_forest_regressor,3.358615079365078
88,2024,2,0.0,random_forest_regressor,3.8780198412698397
88,2024,3,4.0,random_forest_regressor,2.8936018518518525
88,2024,4,1.0,random_forest_regressor,3.222343915343914
88,2024,5,3.0,random_forest_regressor,5.214007936507937
88,2024,6,2.0,random_forest_regressor,2.048742063492063
88,2024,7,3.0,random_forest_regressor,2.2592354497354488
88,2024,8,4.0,random_forest_regressor,2.268773809523809
88,2024,9,0.0,random_forest_regressor,2.580388888888888
88,2024,11,4.0,random_forest_regressor,3.332140211640212
88,2024,12,1.0,random_forest_regressor,3.643408730158729
89,2023,11,5.0,random_forest_regressor,5.335873015873016
89,2023,12,2.0,random_forest_regressor,3.5883769841269837
89,2024,1,0.0,random_forest_regressor,2.8215396825396812
89,2024,2,0.0,random_forest_regressor,4.654686507936506
89,2024,3,4.0,random_forest_regressor,3.657043650793652
89,2024,4,1.0,random_forest_regressor,3.4710198412698414
89,2024,5,3.0,random_forest_regressor,5.036674603174603
89,2024,6,2.0,random_forest_regressor,2.475386243386245
89,2024,7,3.0,random_forest_regressor,2.711560846560847
89,2024,8,5.0,random_forest_regressor,3.696190476190477
89,2024,9,0.0,random_forest_regressor,2.932260582010582
89,2024,11,4.0,random_forest_regressor,3.081750000000001
89,2024,12,1.0,random_forest_regressor,3.167011904761906
90,2023,11,3.0,random_forest_regressor,2.6235000000000004
90,2023,12,3.0,random_forest_regressor,2.5352010582010585
90,2024,1,0.0,random_forest_regressor,2.3169788359788366
90,2024,2,2.0,random_forest_regressor,2.429119047619047
90,2024,3,1.0,random_forest_regressor,2.5855529100529098
90,2024,4,1.0,random_forest_regressor,2.3417380952380955
90,2024,5,1.0,random_forest_regressor,1.3453227513227508
90,2024,6,2.0,random_forest_regressor,1.7169444444444442
90,2024,7,2.0,random_forest_regressor,1.6114920634920635
90,2024,8,0.0,random_forest_regressor,1.361515873015873
90,2024,9,4.0,random_forest_regressor,1.5995634920634922
90,2024,11,0.0,random_forest_regressor,2.198124338624338
90,2024,12,1.0,random_forest_regressor,2.9957592592592595
91,2023,11,3.0,random_forest_regressor,2.6742222222222227
91,2023,12,3.0,random_forest_regressor,2.7085026455026453
91,2024,1,0.0,random_forest_regressor,2.315724867724868
91,2024,2,2.0,random_forest_regressor,2.4106428571428564
91,2024,3,1.0,random_forest_regressor,2.550608465608466
91,2024,4,1.0,random_forest_regressor,1.9754920634920643
91,2024,5,1.0,random_forest_regressor,1.7701560846560842
91,2024,6,2.0,random_forest_regressor,1.606611111111111
91,2024,7,2.0,random_forest_regressor,1.4314259259259259
91,2024,8,0.0,random_forest_regressor,1.6951706349206348
91,2024,9,4.0,random_forest_regressor,1.5533227513227512
91,2024,11,0.0,random_forest_regressor,2.2122910052910045
91,2024,12,1.0,random_forest_regressor,3.1137037037037043
92,2023,11,1.0,random_forest_regressor,4.21173015873016
92,2023,12,2.0,random_forest_regressor,3.6537063492063497
92,2024,1,3.0,random_forest_regressor,3.3189126984126993
92,2024,2,1.0,random_forest_regressor,3.4219841269841247
92,2024,3,4.0,random_forest_regressor,3.207502645502645
92,2024,4,2.0,random_forest_regressor,2.750353174603174
92,2024,5,2.0,random_forest_regressor,6.017420634920635
92,2024,6,6.0,random_forest_regressor,4.30052380952381
92,2024,7,2.0,random_forest_regressor,3.719222222222221
92,2024,8,1.0,random_forest_regressor,4.267313492063489
92,2024,9,4.0,random_forest_regressor,4.7949722222222215
92,2024,11,5.0,random_forest_regressor,3.392289682539682
92,2024,12,2.0,random_forest_regressor,3.829587301587303
93,2023,11,1.0,random_forest_regressor,3.809591269841268
93,2023,12,2.0,random_forest_regressor,3.8974166666666665
93,2024,1,3.0,random_forest_regressor,3.6628769841269846
93,2024,2,1.0,random_forest_regressor,3.605198412698411
93,2024,3,4.0,random_forest_regressor,3.5164338624338614
93,2024,4,2.0,random_forest_regressor,2.960523809523808
93,2024,5,2.0,random_forest_regressor,4.844674603174604
93,2024,6,6.0,random_forest_regressor,4.434986772486774
93,2024,7,2.0,random_forest_regressor,4.02638095238095
93,2024,8,1.0,random_forest_regressor,4.925353174603172
93,2024,9,4.0,random_forest_regressor,4.922845238095238
93,2024,11,5.0,random_forest_regressor,3.1556865079365073
93,2024,12,2.0,random_forest_regressor,4.071587301587303
94,2023,11,9.0,random_forest_regressor,4.821083333333333
94,2023,12,8.0,random_forest_regressor,5.008419312169311
94,2024,1,4.0,random_forest_regressor,4.320123015873014
94,2024,2,8.0,random_forest_regressor,4.664972222222221
94,2024,3,6.0,random_forest_regressor,4.516694444444442
94,2024,4,4.0,random_forest_regressor,4.346805555555554
94,2024,5,2.0,random_forest_regressor,4.872833333333331
94,2024,6,3.0,random_forest_regressor,5.421867724867726
94,2024,7,1.0,random_forest_regressor,7.193334656084654
94,2024,8,6.0,random_forest_regressor,6.968318783068781
94,2024,9,5.0,random_forest_regressor,7.473051587301587
94,2024,11,7.0,random_forest_regressor,6.8443227513227525
94,2024,12,5.0,random_forest_regressor,7.464718253968255
95,2023,11,3.0,random_forest_regressor,6.529728835978836
95,2023,12,8.0,random_forest_regressor,7.1665873015873025
95,2024,1,5.0,random_forest_regressor,4.6946746031746045
95,2024,2,5.0,random_forest_regressor,5.566256613756611
95,2024,3,5.0,random_forest_regressor,4.784817460317462
95,2024,4,2.0,random_forest_regressor,5.798498677248679
95,2024,5,7.0,random_forest_regressor,7.369499999999999
95,2024,6,4.0,random_forest_regressor,6.13365343915344
95,2024,7,2.0,random_forest_regressor,8.770022486772483
95,2024,8,7.0,random_forest_regressor,6.030246031746031
95,2024,9,2.0,random_forest_regressor,6.997055555555556
95,2024,11,6.0,random_forest_regressor,5.483432539682537
95,2024,12,4.0,random_forest_regressor,5.764984126984126
96,2023,11,3.0,random_forest_regressor,6.397458994708995
96,2023,12,8.0,random_forest_regressor,5.473615079365079
96,2024,1,5.0,random_forest_regressor,4.78697619047619
96,2024,2,5.0,random_forest_regressor,5.215523809523809
96,2024,3,5.0,random_forest_regressor,4.756
96,2024,4,2.0,random_forest_regressor,5.8341494708994714
96,2024,5,7.0,random_forest_regressor,7.514976190476189
96,2024,6,4.0,random_forest_regressor,6.601563492063492
96,2024,7,2.0,random_forest_regressor,5.896992063492061
96,2024,8,7.0,random_forest_regressor,5.8637341269841246
96,2024,9,2.0,random_forest_regressor,7.188083333333334
96,2024,11,6.0,random_forest_regressor,7.468325396825403
96,2024,12,4.0,random_forest_regressor,11.735043650793646
97,2023,11,3.0,random_forest_regressor,5.375587301587301
97,2023,12,4.0,random_forest_regressor,5.120138888888889
97,2024,1,4.0,random_forest_regressor,4.6733611111111095
97,2024,2,4.0,random_forest_regressor,5.175095238095236
97,2024,3,4.0,random_forest_regressor,5.500896825396826
97,2024,4,1.0,random_forest_regressor,5.741246031746029
97,2024,5,11.0,random_forest_regressor,6.46436904761905
97,2024,6,5.0,random_forest_regressor,6.881960317460316
97,2024,7,3.0,random_forest_regressor,5.441984126984128
97,2024,8,4.0,random_forest_regressor,4.837666666666668
97,2024,9,2.0,random_forest_regressor,7.140579365079366
97,2024,11,5.0,random_forest_regressor,6.139718253968254
97,2024,12,3.0,random_forest_regressor,5.439555555555555
98,2023,11,3.0,random_forest_regressor,5.507388888888889
98,2023,12,4.0,random_forest_regressor,5.082765873015874
98,2024,1,4.0,random_forest_regressor,4.600809523809525
98,2024,2,4.0,random_forest_regressor,5.365670634920633
98,2024,3,4.0,random_forest_regressor,5.373145502645503
98,2024,4,1.0,random_forest_regressor,5.5295582010582
98,2024,5,11.0,random_forest_regressor,6.594694444444446
98,2024,6,5.0,random_forest_regressor,7.517830447330448
98,2024,7,3.0,random_forest_regressor,6.162433621933622
98,2024,8,4.0,random_forest_regressor,7.620817460317462
98,2024,9,2.0,random_forest_regressor,8.39676984126984
98,2024,11,5.0,random_forest_regressor,6.196694444444443
98,2024,12,3.0,random_forest_regressor,5.887801587301586
99,2023,11,12.0,random_forest_regressor,10.624609788359786
99,2023,12,9.0,random_forest_regressor,8.13763095238095
99,2024,1,12.0,random_forest_regressor,9.120298941798936
99,2024,2,14.0,random_forest_regressor,10.236671957671962
99,2024,3,16.0,random_forest_regressor,10.135115079365082
99,2024,4,13.0,random_forest_regressor,9.985181216931217
99,2024,5,14.0,random_forest_regressor,10.667091269841269
99,2024,6,12.0,random_forest_regressor,9.754199735449737
99,2024,7,13.0,random_forest_regressor,9.590789682539683
99,2024,8,13.0,random_forest_regressor,11.233378306878306
99,2024,9,15.0,random_forest_regressor,11.06057275132275
99,2024,11,12.0,random_forest_regressor,9.563555555555554
99,2024,12,7.0,random_forest_regressor,9.108376984126984
100,2023,11,12.0,random_forest_regressor,11.539970899470896
100,2023,12,9.0,random_forest_regressor,10.278637566137569
100,2024,1,12.0,random_forest_regressor,9.6856746031746
100,2024,2,14.0,random_forest_regressor,12.393300264550264
100,2024,3,16.0,random_forest_regressor,12.676104737854741
100,2024,4,13.0,random_forest_regressor,13.47072402597403
100,2024,5,14.0,random_forest_regressor,14.331164021164023
100,2024,6,12.0,random_forest_regressor,13.192458152958155
100,2024,7,13.0,random_forest_regressor,11.555343073593075
100,2024,8,13.0,random_forest_regressor,13.385640211640206
100,2024,9,15.0,random_forest_regressor,13.770289682539675
100,2024,11,12.0,random_forest_regressor,14.326907407407404
100,2024,12,7.0,random_forest_regressor,12.200388888888885
101,2023,11,8.0,random_forest_regressor,5.089029100529101
101,2023,12,2.0,random_forest_regressor,6.336501803751805
101,2024,1,4.0,random_forest_regressor,4.87945238095238
101,2024,2,3.0,random_forest_regressor,5.552727994227995
101,2024,3,5.0,random_forest_regressor,5.043494708994707
101,2024,4,4.0,random_forest_regressor,3.639551587301588
101,2024,5,6.0,random_forest_regressor,5.365111111111114
101,2024,6,3.0,random_forest_regressor,4.889943121693121
101,2024,7,2.0,random_forest_regressor,4.083268518518519
101,2024,8,8.0,random_forest_regressor,4.79018121693122
101,2024,9,6.0,random_forest_regressor,5.469404761904763
101,2024,11,5.0,random_forest_regressor,4.596878306878309
101,2024,12,8.0,random_forest_regressor,5.9800674603174615
102,2023,11,8.0,random_forest_regressor,5.08368783068783
102,2023,12,2.0,random_forest_regressor,6.040847041847043
102,2024,1,4.0,random_forest_regressor,5.0605238095238105
102,2024,2,3.0,random_forest_regressor,5.676384078884079
102,2024,3,5.0,random_forest_regressor,4.233523809523808
102,2024,4,4.0,random_forest_regressor,4.104107142857144
102,2024,5,6.0,random_forest_regressor,6.92395238095238
102,2024,6,3.0,random_forest_regressor,4.310249999999999
102,2024,7,2.0,random_forest_regressor,3.6991984126984114
102,2024,8,8.0,random_forest_regressor,4.766857142857145
102,2024,9,6.0,random_forest_regressor,4.556119047619047
102,2024,11,5.0,random_forest_regressor,4.6149523809523805
102,2024,12,8.0,random_forest_regressor,6.100656084656084
103,2023,11,1.0,random_forest_regressor,3.2117777777777765
103,2023,12,1.0,random_forest_regressor,3.8601671476671475
103,2024,1,2.0,random_forest_regressor,2.9285105820105812
103,2024,2,3.0,random_forest_regressor,4.371537518037518
103,2024,3,0.0,random_forest_regressor,2.231925925925925
103,2024,4,1.0,random_forest_regressor,2.8190000000000004
103,2024,5,0.0,random_forest_regressor,3.57163888888889
103,2024,6,1.0,random_forest_regressor,2.981281746031746
103,2024,7,1.0,random_forest_regressor,2.841888888888888
103,2024,8,2.0,random_forest_regressor,3.2763902116402104
103,2024,9,0.0,random_forest_regressor,3.2020873015873006
103,2024,11,2.0,random_forest_regressor,2.5765767195767197
103,2024,12,1.0,random_forest_regressor,3.8135476190476183
104,2023,11,1.0,random_forest_regressor,3.3703968253968237
104,2023,12,1.0,random_forest_regressor,4.8536269841269855
104,2024,1,2.0,random_forest_regressor,2.8666984126984123
104,2024,2,3.0,random_forest_regressor,5.342963443963447
104,2024,3,0.0,random_forest_regressor,2.7151587301587314
104,2024,4,1.0,random_forest_regressor,3.0640714285714306
104,2024,5,0.0,random_forest_regressor,3.9574285714285726
104,2024,6,1.0,random_forest_regressor,2.8440119047619055
104,2024,7,1.0,random_forest_regressor,2.8668650793650787
104,2024,8,2.0,random_forest_regressor,3.1354735449735447
104,2024,9,0.0,random_forest_regressor,3.226869047619047
104,2024,11,2.0,random_forest_regressor,2.699243386243387
104,2024,12,1.0,random_forest_regressor,4.157153439153441
105,2023,11,5.0,random_forest_regressor,8.041936507936507
105,2023,12,0.0,random_forest_regressor,10.348936507936504
105,2024,1,2.0,random_forest_regressor,10.326158730158728
105,2024,2,4.0,random_forest_regressor,7.95627777777778
105,2024,3,3.0,random_forest_regressor,10.010761904761907
105,2024,4,1.0,random_forest_regressor,8.131992063492067
105,2024,5,1.0,random_forest_regressor,11.319075396825399
105,2024,6,6.0,random_forest_regressor,9.10481349206349
105,2024,7,2.0,random_forest_regressor,11.32986111111111
105,2024,8,0.0,random_forest_regressor,11.380313492063493
105,2024,9,3.0,random_forest_regressor,9.325489417989418
105,2024,11,3.0,random_forest_regressor,8.884900793650791
105,2024,12,0.0,random_forest_regressor,10.940876984126984
106,2023,11,5.0,random_forest_regressor,1.2527857142857144
106,2023,12,0.0,random_forest_regressor,2.2798809523809536
106,2024,1,2.0,random_forest_regressor,1.8041031746031748
106,2024,2,4.0,random_forest_regressor,1.7192222222222227
106,2024,3,3.0,random_forest_regressor,1.4029126984126985
106,2024,4,1.0,random_forest_regressor,1.6836111111111114
106,2024,5,1.0,random_forest_regressor,3.6672235449735444
106,2024,6,6.0,random_forest_regressor,4.2658955026455025
106,2024,7,2.0,random_forest_regressor,1.4755793650793652
106,2024,8,0.0,random_forest_regressor,2.2314007936507947
106,2024,9,3.0,random_forest_regressor,1.58005291005291
106,2024,11,3.0,random_forest_regressor,1.9692460317460325
106,2024,12,0.0,random_forest_regressor,3.3675952380952383
107,2023,11,19.0,random_forest_regressor,23.11881054131054
107,2023,12,27.0,random_forest_regressor,20.22813461538462
107,2024,1,16.0,random_forest_regressor,16.88162169312169
107,2024,2,12.0,random_forest_regressor,19.159412698412694
107,2024,3,20.0,random_forest_regressor,23.353793650793637
107,2024,4,21.0,random_forest_regressor,20.098813492063492
107,2024,5,25.0,random_forest_regressor,24.0350873015873
107,2024,6,32.0,random_forest_regressor,24.619873015873022
107,2024,7,17.0,random_forest_regressor,24.107551587301586
107,2024,8,16.0,random_forest_regressor,24.187277777777776
107,2024,9,21.0,random_forest_regressor,30.374297619047635
107,2024,11,20.0,random_forest_regressor,24.783971916971918
107,2024,12,17.0,random_forest_regressor,27.69167032967033
108,2023,11,5.0,random_forest_regressor,5.086265873015873
108,2023,12,4.0,random_forest_regressor,5.568392857142855
108,2024,1,7.0,random_forest_regressor,4.6507784992784975
108,2024,2,4.0,random_forest_regressor,5.4778843193843185
108,2024,3,7.0,random_forest_regressor,6.787876984126985
108,2024,4,6.0,random_forest_regressor,6.058805555555552
108,2024,5,9.0,random_forest_regressor,6.20907142857143
108,2024,6,8.0,random_forest_regressor,6.001955026455027
108,2024,7,4.0,random_forest_regressor,4.853078042328042
108,2024,8,5.0,random_forest_regressor,5.016488095238094
108,2024,9,2.0,random_forest_regressor,6.361798941798943
108,2024,11,5.0,random_forest_regressor,5.976608465608466
108,2024,12,4.0,random_forest_regressor,5.334801587301585
109,2023,11,1.0,random_forest_regressor,7.353547619047615
109,2023,12,3.0,random_forest_regressor,5.807984126984127
109,2024,1,6.0,random_forest_regressor,4.891123015873015
109,2024,2,4.0,random_forest_regressor,6.95004365079365
109,2024,3,2.0,random_forest_regressor,7.438555555555555
109,2024,4,2.0,random_forest_regressor,9.789419312169308
109,2024,5,2.0,random_forest_regressor,11.246129629629628
109,2024,6,2.0,random_forest_regressor,15.004380952380952
109,2024,7,0.0,random_forest_regressor,12.857376984126988
109,2024,8,5.0,random_forest_regressor,15.286698412698415
109,2024,9,8.0,random_forest_regressor,7.982280423280426
109,2024,11,6.0,random_forest_regressor,9.027936507936507
109,2024,12,2.0,random_forest_regressor,5.5633412698412705
110,2023,11,7.0,random_forest_regressor,8.157399470899469
110,2023,12,8.0,random_forest_regressor,5.423621693121692
110,2024,1,4.0,random_forest_regressor,5.579293650793651
110,2024,2,8.0,random_forest_regressor,7.012666666666666
110,2024,3,6.0,random_forest_regressor,6.5002142857142875
110,2024,4,4.0,random_forest_regressor,6.52445634920635
110,2024,5,2.0,random_forest_regressor,6.9594166666666695
110,2024,6,2.0,random_forest_regressor,6.245578042328043
110,2024,7,1.0,random_forest_regressor,6.007572751322753
110,2024,8,6.0,random_forest_regressor,6.815035714285714
110,2024,9,5.0,random_forest_regressor,6.854107142857142
110,2024,11,7.0,random_forest_regressor,8.930359788359786
110,2024,12,5.0,random_forest_regressor,7.8949431216931165
111,2023,11,14.0,random_forest_regressor,8.385869047619048
111,2023,12,7.0,random_forest_regressor,8.920738095238098
111,2024,1,10.0,random_forest_regressor,6.858879731379728
111,2024,2,11.0,random_forest_regressor,10.209654761904767
111,2024,3,5.0,random_forest_regressor,10.19716534391534
111,2024,4,9.0,random_forest_regressor,9.92503439153439
111,2024,5,17.0,random_forest_regressor,8.57199603174603
111,2024,6,14.0,random_forest_regressor,9.604174603174606
111,2024,7,8.0,random_forest_regressor,8.37003571428571
111,2024,8,13.0,random_forest_regressor,8.759392857142856
111,2024,9,13.0,random_forest_regressor,9.251695767195772
111,2024,11,9.0,random_forest_regressor,10.510932539682534
111,2024,12,8.0,random_forest_regressor,7.742781746031744
112,2023,11,1.0,random_forest_regressor,3.807095238095238
112,2023,12,6.0,random_forest_regressor,4.807158730158731
112,2024,1,4.0,random_forest_regressor,3.3277023809523825
112,2024,2,5.0,random_forest_regressor,4.083646825396827
112,2024,3,1.0,random_forest_regressor,4.162
112,2024,4,6.0,random_forest_regressor,4.3302962962962965
112,2024,5,5.0,random_forest_regressor,5.667999999999998
112,2024,6,2.0,random_forest_regressor,4.7744880952380955
112,2024,7,2.0,random_forest_regressor,4.270748677248674
112,2024,8,4.0,random_forest_regressor,5.478124338624338
112,2024,9,3.0,random_forest_regressor,4.469690476190478
112,2024,11,2.0,random_forest_regressor,3.58397619047619
112,2024,12,1.0,random_forest_regressor,5.3078134920634925
113,2023,11,4.0,random_forest_regressor,6.014908730158733
113,2023,12,1.0,random_forest_regressor,5.367875661375662
113,2024,1,0.0,random_forest_regressor,4.172861111111111
113,2024,2,3.0,random_forest_regressor,5.430915343915344
113,2024,3,4.0,random_forest_regressor,3.1409603174603182
113,2024,4,3.0,random_forest_regressor,3.3030952380952385
113,2024,5,3.0,random_forest_regressor,3.6185489417989425
113,2024,6,3.0,random_forest_regressor,3.70850529100529
113,2024,7,2.0,random_forest_regressor,3.399009259259258
113,2024,8,3.0,random_forest_regressor,3.0574894179894194
113,2024,9,2.0,random_forest_regressor,3.9320727513227514
113,2024,11,5.0,random_forest_regressor,4.303880952380951
113,2024,12,5.0,random_forest_regressor,5.618720899470898
114,2023,11,4.0,random_forest_regressor,4.869956349206348
114,2023,12,1.0,random_forest_regressor,4.852603655603655
114,2024,1,0.0,random_forest_regressor,3.602075396825397
114,2024,2,3.0,random_forest_regressor,5.058603655603654
114,2024,3,4.0,random_forest_regressor,2.7505912698412702
114,2024,4,3.0,random_forest_regressor,3.0578201058201064
114,2024,5,3.0,random_forest_regressor,3.0778095238095236
114,2024,6,3.0,random_forest_regressor,4.247478835978837
114,2024,7,2.0,random_forest_regressor,3.2265820105820104
114,2024,8,3.0,random_forest_regressor,3.263730158730159
114,2024,9,2.0,random_forest_regressor,3.7104365079365067
114,2024,11,5.0,random_forest_regressor,3.569880952380953
114,2024,12,5.0,random_forest_regressor,4.91151455026455
115,2023,11,2.0,random_forest_regressor,6.158125661375664
115,2023,12,3.0,random_forest_regressor,6.87761507936508
115,2024,1,2.0,random_forest_regressor,5.864607142857143
115,2024,2,1.0,random_forest_regressor,6.341603174603176
115,2024,3,3.0,random_forest_regressor,4.773761904761905
115,2024,4,5.0,random_forest_regressor,5.1607962962962945
115,2024,5,1.0,random_forest_regressor,5.5848430735930705
115,2024,6,1.0,random_forest_regressor,4.741369047619049
115,2024,7,2.0,random_forest_regressor,5.823611111111109
115,2024,8,2.0,random_forest_regressor,5.3335820105820115
115,2024,9,2.0,random_forest_regressor,5.210025613275612
115,2024,11,1.0,random_forest_regressor,5.1086402116402105
115,2024,12,4.0,random_forest_regressor,6.9155648148148146
116,2023,11,4.0,random_forest_regressor,4.974555555555557
116,2023,12,3.0,random_forest_regressor,5.607253246753246
116,2024,1,5.0,random_forest_regressor,3.9309855699855696
116,2024,2,7.0,random_forest_regressor,5.234505772005774
116,2024,3,7.0,random_forest_regressor,3.172813492063492
116,2024,4,1.0,random_forest_regressor,3.722654761904762
116,2024,5,5.0,random_forest_regressor,3.651420634920637
116,2024,6,5.0,random_forest_regressor,4.161380952380951
116,2024,7,3.0,random_forest_regressor,3.159531746031746
116,2024,8,4.0,random_forest_regressor,3.536892857142856
116,2024,9,5.0,random_forest_regressor,4.248579365079363
116,2024,11,3.0,random_forest_regressor,4.007031746031743
116,2024,12,5.0,random_forest_regressor,4.713513227513227
117,2023,11,4.0,random_forest_regressor,5.020271164021166
117,2023,12,3.0,random_forest_regressor,6.018999278499277
117,2024,1,5.0,random_forest_regressor,4.279113876863878
117,2024,2,7.0,random_forest_regressor,5.449474025974028
117,2024,3,7.0,random_forest_regressor,3.551341269841269
117,2024,4,1.0,random_forest_regressor,3.6260396825396817
117,2024,5,5.0,random_forest_regressor,3.6393968253968256
117,2024,6,5.0,random_forest_regressor,4.110166666666667
117,2024,7,3.0,random_forest_regressor,3.924756613756615
117,2024,8,4.0,random_forest_regressor,4.297515873015874
117,2024,9,5.0,random_forest_regressor,4.019920634920634
117,2024,11,3.0,random_forest_regressor,3.8420158730158733
117,2024,12,5.0,random_forest_regressor,5.664853174603174
118,2023,11,17.0,random_forest_regressor,20.026564814814808
118,2023,12,16.0,random_forest_regressor,18.397066137566128
118,2024,1,10.0,random_forest_regressor,17.324365079365073
118,2024,2,15.0,random_forest_regressor,19.77987037037035
118,2024,3,11.0,random_forest_regressor,19.1819880952381
118,2024,4,12.0,random_forest_regressor,20.856223544973542
118,2024,5,13.0,random_forest_regressor,18.204280423280423
118,2024,6,26.0,random_forest_regressor,16.36908465608465
118,2024,7,14.0,random_forest_regressor,14.583898148148142
118,2024,8,8.0,random_forest_regressor,13.506087662337661
118,2024,9,15.0,random_forest_regressor,16.73283201058201
118,2024,11,16.0,random_forest_regressor,18.60738888888889
118,2024,12,12.0,random_forest_regressor,18.746335978835965
119,2023,11,17.0,random_forest_regressor,10.61821428571428
119,2023,12,16.0,random_forest_regressor,12.757769841269836
119,2024,1,10.0,random_forest_regressor,12.762547619047615
119,2024,2,15.0,random_forest_regressor,10.559611111111108
119,2024,3,10.0,random_forest_regressor,12.88636111111111
119,2024,4,11.0,random_forest_regressor,10.980150793650791
119,2024,5,13.0,random_forest_regressor,13.96920238095238
119,2024,6,26.0,random_forest_regressor,12.261366402116401
119,2024,7,14.0,random_forest_regressor,13.81628968253968
119,2024,8,8.0,random_forest_regressor,13.841123015873015
119,2024,9,16.0,random_forest_regressor,12.046630952380953
119,2024,11,16.0,random_forest_regressor,10.839507936507935
119,2024,12,12.0,random_forest_regressor,11.412068783068786
120,2023,11,6.0,random_forest_regressor,3.849416666666665
120,2023,12,7.0,random_forest_regressor,4.87307190957191
120,2024,1,8.0,random_forest_regressor,2.8768015873015877
120,2024,2,1.0,random_forest_regressor,4.818186988936989
120,2024,3,11.0,random_forest_regressor,2.7628465608465613
120,2024,4,5.0,random_forest_regressor,3.6426507936507937
120,2024,5,7.0,random_forest_regressor,4.4289126984127
120,2024,6,4.0,random_forest_regressor,3.433285714285715
120,2024,7,2.0,random_forest_regressor,3.1536269841269835
120,2024,8,7.0,random_forest_regressor,3.0697222222222225
120,2024,9,4.0,random_forest_regressor,3.465174603174603
120,2024,11,3.0,random_forest_regressor,3.7333412698412696
120,2024,12,3.0,random_forest_regressor,4.616411375661374
121,2023,11,5.0,random_forest_regressor,4.846583333333335
121,2023,12,7.0,random_forest_regressor,5.498825396825397
121,2024,1,7.0,random_forest_regressor,3.218317460317459
121,2024,2,1.0,random_forest_regressor,4.709388888888892
121,2024,3,10.0,random_forest_regressor,3.511039682539681
121,2024,4,5.0,random_forest_regressor,3.79382142857143
121,2024,5,7.0,random_forest_regressor,4.243186507936508
121,2024,6,4.0,random_forest_regressor,3.86914947089947
121,2024,7,1.0,random_forest_regressor,4.020292328042327
121,2024,8,6.0,random_forest_regressor,4.448734126984126
121,2024,9,4.0,random_forest_regressor,3.8672738095238097
121,2024,11,3.0,random_forest_regressor,3.5982089947089957
121,2024,12,3.0,random_forest_regressor,4.900661375661377
122,2023,11,9.0,random_forest_regressor,9.364333333333336
122,2023,12,8.0,random_forest_regressor,9.529625661375663
122,2024,1,6.0,random_forest_regressor,10.395610750360756
122,2024,2,5.0,random_forest_regressor,11.015265873015867
122,2024,3,6.0,random_forest_regressor,10.62701984126984
122,2024,4,12.0,random_forest_regressor,10.399773809523806
122,2024,5,10.0,random_forest_regressor,10.37654894179894
122,2024,6,14.0,random_forest_regressor,8.959937830687828
122,2024,7,15.0,random_forest_regressor,8.644308201058198
122,2024,8,6.0,random_forest_regressor,5.737214285714287
122,2024,9,8.0,random_forest_regressor,7.064074074074077
122,2024,11,8.0,random_forest_regressor,7.1599880952380985
122,2024,12,10.0,random_forest_regressor,5.958253968253967
123,2024,11,5.0,random_forest_regressor,10.711634920634918
123,2024,12,1.0,random_forest_regressor,10.929391534391533
124,2023,11,3.0,random_forest_regressor,5.7458637566137565
124,2023,12,3.0,random_forest_regressor,8.938772486772486
124,2024,1,4.0,random_forest_regressor,7.3656031746031765
124,2024,2,5.0,random_forest_regressor,7.294367724867726
124,2024,3,3.0,random_forest_regressor,6.826130952380952
124,2024,4,4.0,random_forest_regressor,5.56765873015873
124,2024,5,4.0,random_forest_regressor,8.049869047619046
124,2024,6,1.0,random_forest_regressor,6.1999642857142865
124,2024,7,1.0,random_forest_regressor,7.55354365079365
124,2024,8,2.0,random_forest_regressor,6.34800396825397
124,2024,11,5.0,random_forest_regressor,10.711634920634918
124,2024,12,1.0,random_forest_regressor,10.929391534391533
125,2023,11,9.0,random_forest_regressor,7.659238095238091
125,2023,12,8.0,random_forest_regressor,6.972265873015873
125,2024,1,6.0,random_forest_regressor,7.217308201058202
125,2024,2,5.0,random_forest_regressor,9.993429894179899
125,2024,3,6.0,random_forest_regressor,10.25328703703704
125,2024,4,12.0,random_forest_regressor,10.5956455026455
125,2024,5,10.0,random_forest_regressor,9.273591269841265
125,2024,6,15.0,random_forest_regressor,8.224171957671956
125,2024,7,15.0,random_forest_regressor,8.49774903799904
125,2024,8,6.0,random_forest_regressor,8.2704246031746
125,2024,9,8.0,random_forest_regressor,18.90289814814815
125,2024,11,8.0,random_forest_regressor,18.92995604395604
125,2024,12,10.0,random_forest_regressor,15.750968253968251
126,2023,11,4.0,random_forest_regressor,5.920783068783074
126,2023,12,7.0,random_forest_regressor,7.095940476190478
126,2024,1,6.0,random_forest_regressor,4.953865079365079
126,2024,2,1.0,random_forest_regressor,5.683099206349211
126,2024,3,6.0,random_forest_regressor,6.442183261183263
126,2024,4,6.0,random_forest_regressor,6.992030423280426
126,2024,5,9.0,random_forest_regressor,7.166472222222219
126,2024,6,7.0,random_forest_regressor,6.25600396825397
126,2024,7,3.0,random_forest_regressor,6.976289682539685
126,2024,8,2.0,random_forest_regressor,6.8568333333333324
126,2024,9,7.0,random_forest_regressor,7.11304365079365
126,2024,11,6.0,random_forest_regressor,5.9213478835978846
126,2024,12,2.0,random_forest_regressor,6.335519841269841
127,2023,11,1.0,random_forest_regressor,5.076873015873015
127,2023,12,6.0,random_forest_regressor,5.234560966810966
127,2024,1,4.0,random_forest_regressor,3.697572871572872
127,2024,2,4.0,random_forest_regressor,4.189857142857144
127,2024,3,1.0,random_forest_regressor,4.140595238095237
127,2024,4,6.0,random_forest_regressor,3.149248677248678
127,2024,5,5.0,random_forest_regressor,5.198718253968252
127,2024,6,2.0,random_forest_regressor,5.127320105820106
127,2024,7,1.0,random_forest_regressor,4.3249404761904735
127,2024,8,4.0,random_forest_regressor,4.553634920634921
127,2024,9,3.0,random_forest_regressor,4.974928571428571
127,2024,11,2.0,random_forest_regressor,3.988896825396824
127,2024,12,1.0,random_forest_regressor,5.579734126984127
128,2023,11,11.0,random_forest_regressor,8.772111111111112
128,2023,12,6.0,random_forest_regressor,9.129575396825397
128,2024,1,6.0,random_forest_regressor,8.686134920634919
128,2024,2,6.0,random_forest_regressor,8.150710317460325
128,2024,3,8.0,random_forest_regressor,7.8688373015873045
128,2024,4,10.0,random_forest_regressor,7.664193121693123
128,2024,5,24.0,random_forest_regressor,8.692222222222227
128,2024,6,16.0,random_forest_regressor,9.128988095238096
128,2024,7,13.0,random_forest_regressor,7.133948412698414
128,2024,8,10.0,random_forest_regressor,7.230079365079366
128,2024,9,13.0,random_forest_regressor,8.42881746031746
128,2024,11,10.0,random_forest_regressor,8.22669047619048
128,2024,12,12.0,random_forest_regressor,8.92356746031746
129,2023,11,11.0,random_forest_regressor,8.160984126984127
129,2023,12,6.0,random_forest_regressor,9.388607142857142
129,2024,1,8.0,random_forest_regressor,8.958666666666664
129,2024,2,6.0,random_forest_regressor,8.38219047619048
129,2024,3,8.0,random_forest_regressor,8.252206349206352
129,2024,4,12.0,random_forest_regressor,7.6504206349206365
129,2024,5,23.0,random_forest_regressor,8.676563492063494
129,2024,6,16.0,random_forest_regressor,8.610091269841272
129,2024,7,13.0,random_forest_regressor,7.45380158730159
129,2024,8,10.0,random_forest_regressor,7.320400793650792
129,2024,9,13.0,random_forest_regressor,8.36209126984127
129,2024,11,11.0,random_forest_regressor,7.459047619047621
129,2024,12,12.0,random_forest_regressor,8.30440873015873
131,2023,11,2.0,random_forest_regressor,4.9742500000000005
131,2023,12,0.0,random_forest_regressor,5.938395502645502
131,2024,1,1.0,random_forest_regressor,3.7733690476190462
131,2024,2,0.0,random_forest_regressor,5.361507936507938
131,2024,3,2.0,random_forest_regressor,2.418886243386243
131,2024,4,0.0,random_forest_regressor,3.225876984126984
131,2024,5,2.0,random_forest_regressor,5.107304232804231
131,2024,6,1.0,random_forest_regressor,5.239920634920633
131,2024,7,0.0,random_forest_regressor,5.043580687830687
131,2024,8,0.0,random_forest_regressor,4.6135039682539665
131,2024,9,0.0,random_forest_regressor,4.7280740740740725
131,2024,11,3.0,random_forest_regressor,3.6723915343915343
131,2024,12,0.0,random_forest_regressor,5.944490740740739
132,2023,11,1.0,random_forest_regressor,3.140936507936507
132,2023,12,1.0,random_forest_regressor,4.512845719095717
132,2024,1,1.0,random_forest_regressor,2.948506613756614
132,2024,2,2.0,random_forest_regressor,4.740540163540163
132,2024,3,2.0,random_forest_regressor,3.3786825396825404
132,2024,4,2.0,random_forest_regressor,2.8171230158730163
132,2024,5,3.0,random_forest_regressor,4.348702380952381
132,2024,6,0.0,random_forest_regressor,2.959230158730159
132,2024,7,4.0,random_forest_regressor,2.839183862433862
132,2024,8,0.0,random_forest_regressor,3.189976190476191
132,2024,9,2.0,random_forest_regressor,3.2086481481481477
132,2024,11,1.0,random_forest_regressor,3.22141402116402
132,2024,12,1.0,random_forest_regressor,4.425972222222221
133,2023,11,1.0,random_forest_regressor,4.118832010582012
133,2023,12,1.0,random_forest_regressor,4.881153439153439
133,2024,1,1.0,random_forest_regressor,3.3796534391534383
133,2024,2,2.0,random_forest_regressor,5.462501322751321
133,2024,3,2.0,random_forest_regressor,3.970619047619047
133,2024,4,2.0,random_forest_regressor,4.010744708994711
133,2024,5,3.0,random_forest_regressor,4.9387341269841265
133,2024,6,0.0,random_forest_regressor,4.029284391534393
133,2024,7,4.0,random_forest_regressor,4.417214285714287
133,2024,8,0.0,random_forest_regressor,5.248161375661377
133,2024,9,2.0,random_forest_regressor,5.6070674603174595
133,2024,11,1.0,random_forest_regressor,4.430988095238094
133,2024,12,1.0,random_forest_regressor,5.0358082010582
134,2023,11,4.0,random_forest_regressor,3.2474841269841273
134,2023,12,2.0,random_forest_regressor,3.7468650793650795
134,2024,1,2.0,random_forest_regressor,2.927456349206349
134,2024,2,2.0,random_forest_regressor,3.517238095238095
134,2024,3,2.0,random_forest_regressor,2.827268518518517
134,2024,4,1.0,random_forest_regressor,3.213477513227512
134,2024,5,1.0,random_forest_regressor,3.110724867724868
134,2024,6,1.0,random_forest_regressor,4.720132275132276
134,2024,7,1.0,random_forest_regressor,2.309281746031746
134,2024,8,5.0,random_forest_regressor,3.0394298941798943
134,2024,9,2.0,random_forest_regressor,4.5936283068783075
134,2024,11,6.0,random_forest_regressor,3.2390132275132277
134,2024,12,3.0,random_forest_regressor,3.561592592592593
135,2023,11,4.0,random_forest_regressor,4.641213684463685
135,2023,12,2.0,random_forest_regressor,4.8844378306878315
135,2024,1,2.0,random_forest_regressor,4.940445767195769
135,2024,2,2.0,random_forest_regressor,4.930876382876385
135,2024,3,2.0,random_forest_regressor,3.7582420634920632
135,2024,4,1.0,random_forest_regressor,4.102433261183262
135,2024,5,1.0,random_forest_regressor,4.185522486772486
135,2024,6,1.0,random_forest_regressor,5.691972222222223
135,2024,7,1.0,random_forest_regressor,3.824810846560846
135,2024,8,5.0,random_forest_regressor,5.930285714285717
135,2024,9,2.0,random_forest_regressor,5.369022486772489
135,2024,11,6.0,random_forest_regressor,4.369173280423279
135,2024,12,3.0,random_forest_regressor,4.67201851851852
136,2023,11,10.0,random_forest_regressor,8.924496031746031
136,2023,12,9.0,random_forest_regressor,8.426686507936507
136,2024,1,8.0,random_forest_regressor,6.686178571428573
136,2024,2,7.0,random_forest_regressor,8.527396825396822
136,2024,3,11.0,random_forest_regressor,9.108507936507936
136,2024,4,3.0,random_forest_regressor,6.505230158730158
136,2024,5,5.0,random_forest_regressor,8.076444444444443
136,2024,6,3.0,random_forest_regressor,8.64167857142857
136,2024,7,8.0,random_forest_regressor,5.673354497354499
136,2024,8,9.0,random_forest_regressor,6.188361111111112
136,2024,9,12.0,random_forest_regressor,8.583285714285713
136,2024,11,8.0,random_forest_regressor,8.285302910052904
136,2024,12,8.0,random_forest_regressor,6.483574074074076
137,2023,11,11.0,random_forest_regressor,14.008904761904763
137,2023,12,9.0,random_forest_regressor,13.072701058201055
137,2024,1,7.0,random_forest_regressor,12.444603174603174
137,2024,2,9.0,random_forest_regressor,13.531314814814813
137,2024,3,11.0,random_forest_regressor,13.947807118807125
137,2024,4,13.0,random_forest_regressor,13.983633597883603
137,2024,5,14.0,random_forest_regressor,13.87397751322752
137,2024,6,16.0,random_forest_regressor,12.794174603174602
137,2024,7,10.0,random_forest_regressor,11.251333333333337
137,2024,8,6.0,random_forest_regressor,12.528646825396825
137,2024,9,26.0,random_forest_regressor,13.546194444444449
137,2024,11,19.0,random_forest_regressor,14.232882275132273
137,2024,12,8.0,random_forest_regressor,13.221142857142855
138,2023,11,11.0,random_forest_regressor,17.903793650793645
138,2023,12,9.0,random_forest_regressor,17.790896825396818
138,2024,1,7.0,random_forest_regressor,16.610881673881664
138,2024,2,9.0,random_forest_regressor,15.938749999999997
138,2024,3,11.0,random_forest_regressor,15.394249999999992
138,2024,4,13.0,random_forest_regressor,15.089646825396816
138,2024,5,15.0,random_forest_regressor,14.376076719576716
138,2024,6,16.0,random_forest_regressor,15.15317989417989
138,2024,7,10.0,random_forest_regressor,13.90310846560846
138,2024,8,6.0,random_forest_regressor,10.830949735449733
138,2024,9,26.0,random_forest_regressor,14.618798941798937
138,2024,11,19.0,random_forest_regressor,17.964890211640206
138,2024,12,9.0,random_forest_regressor,17.6275873015873
139,2023,11,3.0,random_forest_regressor,5.335189153439152
139,2023,12,2.0,random_forest_regressor,5.708396825396825
139,2024,1,1.0,random_forest_regressor,3.7532804232804224
139,2024,2,2.0,random_forest_regressor,6.228837301587302
139,2024,3,4.0,random_forest_regressor,7.701273809523808
139,2024,4,5.0,random_forest_regressor,8.078527777777776
139,2024,5,4.0,random_forest_regressor,6.6160357142857125
139,2024,6,0.0,random_forest_regressor,7.454078042328041
139,2024,7,6.0,random_forest_regressor,4.4221600529100495
139,2024,8,8.0,random_forest_regressor,6.806895502645502
139,2024,9,3.0,random_forest_regressor,7.734103896103892
139,2024,11,5.0,random_forest_regressor,5.944351851851852
139,2024,12,1.0,random_forest_regressor,6.040619047619046
140,2023,11,12.0,random_forest_regressor,13.982305555555552
140,2023,12,17.0,random_forest_regressor,14.213710317460318
140,2024,1,10.0,random_forest_regressor,12.199456349206349
140,2024,2,8.0,random_forest_regressor,13.929039682539688
140,2024,3,14.0,random_forest_regressor,15.20050396825397
140,2024,4,13.0,random_forest_regressor,15.16113888888889
140,2024,5,15.0,random_forest_regressor,15.47124206349207
140,2024,6,18.0,random_forest_regressor,16.433928571428574
140,2024,7,13.0,random_forest_regressor,14.625718253968246
140,2024,8,5.0,random_forest_regressor,16.8998835978836
140,2024,9,29.0,random_forest_regressor,19.013738095238086
140,2024,11,22.0,random_forest_regressor,16.399571123321124
140,2024,12,13.0,random_forest_regressor,14.160083333333334
142,2023,11,19.0,random_forest_regressor,13.071042328042328
143,2023,12,20.0,random_forest_regressor,24.627285409035405
143,2024,1,12.0,random_forest_regressor,18.61863888888889
143,2024,2,17.0,random_forest_regressor,21.11907142857142
143,2024,3,19.0,random_forest_regressor,21.551373015873
143,2024,4,26.0,random_forest_regressor,21.089190476190467
143,2024,5,18.0,random_forest_regressor,22.479928571428577
143,2024,6,22.0,random_forest_regressor,23.026325396825406
143,2024,7,8.0,random_forest_regressor,22.05223015873016
143,2024,8,18.0,random_forest_regressor,23.48332142857143
143,2024,9,22.0,random_forest_regressor,27.274761904761903
143,2024,11,25.0,random_forest_regressor,26.64959890109889
143,2024,12,18.0,random_forest_regressor,26.52810683760683
144,2024,1,15.0,random_forest_regressor,6.974896825396828
