site_id,year,month,target_crash_count_next_quarter_500m,model,predicted_count
1,2023,8,2.0,catboost_regressor,1.3306557079316874
1,2023,9,3.0,catboost_regressor,1.116333585720502
1,2023,10,2.0,catboost_regressor,0.936051082854426
1,2023,11,1.0,catboost_regressor,1.4201980275895296
1,2023,12,0.0,catboost_regressor,1.0073079164385854
1,2024,1,1.0,catboost_regressor,0.9505477014855355
1,2024,2,2.0,catboost_regressor,1.8598980666403637
1,2024,3,2.0,catboost_regressor,1.6688568223534377
1,2024,4,1.0,catboost_regressor,1.6405250020674718
1,2024,5,1.0,catboost_regressor,2.1003843808039706
1,2024,6,1.0,catboost_regressor,1.5825528460408558
2,2023,8,4.0,catboost_regressor,3.2762172874135427
2,2023,9,2.0,catboost_regressor,3.0357332222188904
2,2023,10,2.0,catboost_regressor,2.6594064568167832
2,2023,11,0.0,catboost_regressor,3.7853440201067152
2,2023,12,2.0,catboost_regressor,3.009009716603029
2,2024,1,2.0,catboost_regressor,2.845307281719016
2,2024,2,3.0,catboost_regressor,3.204085677495721
2,2024,3,1.0,catboost_regressor,3.183162134493241
2,2024,4,1.0,catboost_regressor,2.9603460651394067
2,2024,5,0.0,catboost_regressor,3.4827657913389416
2,2024,6,0.0,catboost_regressor,2.8379844784323094
3,2023,8,5.0,catboost_regressor,2.3801068354484776
3,2023,9,3.0,catboost_regressor,2.757309467368196
3,2023,10,2.0,catboost_regressor,3.252987687207381
3,2023,11,0.0,catboost_regressor,3.5686095890508005
3,2023,12,2.0,catboost_regressor,2.7394967372465056
3,2024,1,2.0,catboost_regressor,3.070797442264719
3,2024,2,3.0,catboost_regressor,3.200333774373611
3,2024,3,1.0,catboost_regressor,3.3176556518711964
3,2024,4,1.0,catboost_regressor,2.7195066302086826
3,2024,5,0.0,catboost_regressor,3.66035252308292
3,2024,6,0.0,catboost_regressor,3.0886288067556684
4,2023,8,3.0,catboost_regressor,1.2482337343133671
4,2023,9,3.0,catboost_regressor,1.1832452329149068
4,2023,10,2.0,catboost_regressor,0.9355059790684975
4,2023,11,0.0,catboost_regressor,1.2316697431637178
4,2023,12,1.0,catboost_regressor,1.1744513549823474
4,2024,1,1.0,catboost_regressor,1.319748308282383
4,2024,2,1.0,catboost_regressor,1.8383780768050717
4,2024,3,1.0,catboost_regressor,1.8921916355585466
4,2024,4,1.0,catboost_regressor,1.6201048327683119
4,2024,5,1.0,catboost_regressor,1.9045402923182113
4,2024,6,0.0,catboost_regressor,1.6637694146583544
5,2023,8,3.0,catboost_regressor,1.1974657939229598
5,2023,9,3.0,catboost_regressor,0.972636925144806
5,2023,10,2.0,catboost_regressor,0.9597066957701867
5,2023,11,0.0,catboost_regressor,1.1790335041594155
5,2023,12,1.0,catboost_regressor,0.9883125404433677
5,2024,1,1.0,catboost_regressor,1.3693276317589882
5,2024,2,1.0,catboost_regressor,1.6166693659455862
5,2024,3,1.0,catboost_regressor,1.9169030491827432
5,2024,4,1.0,catboost_regressor,1.4485078200648833
5,2024,5,1.0,catboost_regressor,1.7977060681629256
5,2024,6,0.0,catboost_regressor,1.4827337465204478
6,2023,8,0.0,catboost_regressor,2.554872930566212
6,2023,9,1.0,catboost_regressor,2.7330420848660646
6,2023,10,2.0,catboost_regressor,1.438410422276156
6,2023,11,2.0,catboost_regressor,1.3294727622082831
6,2023,12,2.0,catboost_regressor,1.2883657102223842
6,2024,1,1.0,catboost_regressor,1.4422887013106962
6,2024,2,3.0,catboost_regressor,1.6494884280232083
6,2024,3,3.0,catboost_regressor,1.5443863011152068
6,2024,4,6.0,catboost_regressor,1.711963515321611
6,2024,5,4.0,catboost_regressor,2.0809993071864277
6,2024,6,4.0,catboost_regressor,1.633282563305852
7,2023,8,0.0,catboost_regressor,2.305374714559467
7,2023,9,1.0,catboost_regressor,2.0895238400928005
7,2023,10,2.0,catboost_regressor,1.2814040536818414
7,2023,11,2.0,catboost_regressor,1.671775322234509
7,2023,12,2.0,catboost_regressor,1.723785044231885
7,2024,1,1.0,catboost_regressor,1.713007594506548
7,2024,2,3.0,catboost_regressor,1.8787513218673886
7,2024,3,3.0,catboost_regressor,2.1986855366570657
7,2024,4,6.0,catboost_regressor,2.13771891274853
7,2024,5,4.0,catboost_regressor,2.6586271331511204
7,2024,6,4.0,catboost_regressor,1.8847623613362654
8,2023,8,1.0,catboost_regressor,0.7322499761409275
8,2023,9,1.0,catboost_regressor,0.4584743944672317
8,2023,10,1.0,catboost_regressor,0.30531429111544095
8,2023,11,0.0,catboost_regressor,0.7519443759638702
8,2023,12,0.0,catboost_regressor,0.3446230293695982
8,2024,1,1.0,catboost_regressor,0.5295487186558335
8,2024,2,1.0,catboost_regressor,0.8449309612977436
8,2024,3,2.0,catboost_regressor,0.9493853395027487
8,2024,4,1.0,catboost_regressor,0.9266431312038999
8,2024,5,1.0,catboost_regressor,1.2391899550915344
8,2024,6,0.0,catboost_regressor,0.8413142022632472
9,2023,8,1.0,catboost_regressor,1.048144776210382
9,2023,9,0.0,catboost_regressor,1.2622352832817516
9,2023,10,0.0,catboost_regressor,0.3350057346285785
9,2023,11,2.0,catboost_regressor,0.8560212475280689
9,2023,12,2.0,catboost_regressor,0.28276801190788436
9,2024,1,3.0,catboost_regressor,0.3283543525805528
9,2024,2,1.0,catboost_regressor,1.067651100478229
9,2024,3,1.0,catboost_regressor,1.0854706639422105
9,2024,4,0.0,catboost_regressor,1.1574930491199176
9,2024,5,0.0,catboost_regressor,1.5590204400638705
9,2024,6,0.0,catboost_regressor,1.1176571489214842
10,2023,8,2.0,catboost_regressor,1.0502223061459783
10,2023,9,2.0,catboost_regressor,1.2159047233357432
10,2023,10,2.0,catboost_regressor,1.0371594345905562
10,2023,11,1.0,catboost_regressor,1.3507309984915472
10,2023,12,0.0,catboost_regressor,1.0065509955560803
10,2024,1,0.0,catboost_regressor,0.8734834011603747
10,2024,2,0.0,catboost_regressor,1.1565429960502576
10,2024,3,0.0,catboost_regressor,1.155612906406346
10,2024,4,1.0,catboost_regressor,0.9460201931109777
10,2024,5,1.0,catboost_regressor,1.099928451315578
10,2024,6,1.0,catboost_regressor,0.7753605948002533
11,2023,8,2.0,catboost_regressor,0.697476014952762
11,2023,9,2.0,catboost_regressor,0.8387591247950557
11,2023,10,3.0,catboost_regressor,0.7942875018784586
11,2023,11,2.0,catboost_regressor,1.2094109832370172
11,2023,12,2.0,catboost_regressor,0.6685182748600049
11,2024,1,1.0,catboost_regressor,0.6683582150066613
11,2024,2,1.0,catboost_regressor,1.1014157595283105
11,2024,3,0.0,catboost_regressor,1.391206712593154
11,2024,4,1.0,catboost_regressor,1.042619661146925
11,2024,5,1.0,catboost_regressor,1.2454031154618168
11,2024,6,1.0,catboost_regressor,0.9165116885920175
13,2023,8,5.0,catboost_regressor,1.3837268157776017
13,2023,9,5.0,catboost_regressor,1.9755835718458186
13,2023,10,4.0,catboost_regressor,1.3210120048845564
13,2023,11,1.0,catboost_regressor,1.837820565256779
13,2023,12,1.0,catboost_regressor,1.2722421747585413
13,2024,1,2.0,catboost_regressor,1.7228884514766563
13,2024,2,2.0,catboost_regressor,1.9625485265436557
13,2024,3,2.0,catboost_regressor,1.9067172516823054
13,2024,4,1.0,catboost_regressor,1.8567367623906514
13,2024,5,1.0,catboost_regressor,2.0070014620931316
13,2024,6,0.0,catboost_regressor,1.762293923363821
14,2023,8,3.0,catboost_regressor,1.761179767772769
14,2023,9,2.0,catboost_regressor,1.6012008223374212
14,2023,10,1.0,catboost_regressor,1.5565002960293899
14,2023,11,1.0,catboost_regressor,1.0913317589850646
14,2023,12,1.0,catboost_regressor,1.296348135287134
14,2024,1,2.0,catboost_regressor,1.3502856292011953
14,2024,2,3.0,catboost_regressor,1.4164713374347964
14,2024,3,2.0,catboost_regressor,1.5885406046923816
14,2024,4,3.0,catboost_regressor,1.467324121191533
14,2024,5,2.0,catboost_regressor,2.102210435066387
14,2024,6,2.0,catboost_regressor,1.5871646702959628
15,2023,8,4.0,catboost_regressor,4.239849696959686
15,2023,9,1.0,catboost_regressor,3.8770940180523725
15,2023,10,2.0,catboost_regressor,3.069253321268971
15,2023,11,4.0,catboost_regressor,3.365445865057307
15,2023,12,4.0,catboost_regressor,2.778051970211185
15,2024,1,3.0,catboost_regressor,1.9135633798976426
15,2024,2,4.0,catboost_regressor,3.0757869280768673
15,2024,3,4.0,catboost_regressor,3.625084680063568
15,2024,4,4.0,catboost_regressor,3.270336072639153
15,2024,5,4.0,catboost_regressor,3.3279608046427134
15,2024,6,6.0,catboost_regressor,3.9544813307340854
16,2023,8,8.0,catboost_regressor,4.519803429694041
16,2023,9,9.0,catboost_regressor,4.529010563253468
16,2023,10,6.0,catboost_regressor,4.299987367027143
16,2023,11,3.0,catboost_regressor,3.9776701258798517
16,2023,12,4.0,catboost_regressor,3.9405068652902155
16,2024,1,9.0,catboost_regressor,4.298461311859455
16,2024,2,11.0,catboost_regressor,4.628275973846504
16,2024,3,11.0,catboost_regressor,4.777469215747929
16,2024,4,6.0,catboost_regressor,4.649427182447532
16,2024,5,5.0,catboost_regressor,4.976287425414128
16,2024,6,5.0,catboost_regressor,5.046459794144578
17,2023,8,8.0,catboost_regressor,4.244807176702775
17,2023,9,9.0,catboost_regressor,4.201932440632296
17,2023,10,6.0,catboost_regressor,3.8177958887129706
17,2023,11,3.0,catboost_regressor,3.7254900918936973
17,2023,12,4.0,catboost_regressor,3.976934121772313
17,2024,1,9.0,catboost_regressor,4.228269164594735
17,2024,2,11.0,catboost_regressor,4.67466997442158
17,2024,3,11.0,catboost_regressor,4.451140822354304
17,2024,4,6.0,catboost_regressor,4.108844038967629
17,2024,5,5.0,catboost_regressor,4.51672060611172
17,2024,6,5.0,catboost_regressor,4.384458073303493
18,2023,8,4.0,catboost_regressor,4.188623218299195
18,2023,9,1.0,catboost_regressor,3.704633092895192
18,2023,10,2.0,catboost_regressor,3.7402427320813003
18,2023,11,4.0,catboost_regressor,3.7186193178360143
18,2023,12,4.0,catboost_regressor,2.876716128341129
18,2024,1,3.0,catboost_regressor,2.114295367905256
18,2024,2,4.0,catboost_regressor,3.340429362776679
18,2024,3,4.0,catboost_regressor,3.6920972830065772
18,2024,4,4.0,catboost_regressor,3.1461428994790723
18,2024,5,4.0,catboost_regressor,3.208983888724209
18,2024,6,6.0,catboost_regressor,3.8304286397493073
19,2023,8,2.0,catboost_regressor,0.5824123116679608
19,2023,9,2.0,catboost_regressor,0.6878454129099335
19,2023,10,2.0,catboost_regressor,0.6175204427270563
19,2023,11,1.0,catboost_regressor,0.9172055180122949
19,2023,12,1.0,catboost_regressor,0.6120154123380162
19,2024,1,1.0,catboost_regressor,0.39072625730576427
19,2024,2,1.0,catboost_regressor,1.0419036408323783
19,2024,3,0.0,catboost_regressor,1.0261481943903492
19,2024,4,1.0,catboost_regressor,0.8486381607667048
19,2024,5,1.0,catboost_regressor,1.1075733468605837
19,2024,6,1.0,catboost_regressor,0.7179450177280343
20,2023,8,0.0,catboost_regressor,1.3865770300743914
20,2023,9,1.0,catboost_regressor,1.2688298726524474
20,2023,10,1.0,catboost_regressor,0.9304531831421425
20,2023,11,1.0,catboost_regressor,1.3935456053744582
20,2023,12,0.0,catboost_regressor,0.8101987968192006
20,2024,1,0.0,catboost_regressor,0.8539874624740893
20,2024,2,0.0,catboost_regressor,1.0173102466376873
20,2024,3,0.0,catboost_regressor,1.2509474038460051
20,2024,4,0.0,catboost_regressor,1.141353085909849
20,2024,5,0.0,catboost_regressor,1.7564183788728827
20,2024,6,0.0,catboost_regressor,1.2271789771887969
21,2023,8,0.0,catboost_regressor,1.0090472299697977
21,2023,9,0.0,catboost_regressor,1.175454436101609
21,2023,10,0.0,catboost_regressor,0.5175952739655323
21,2023,11,0.0,catboost_regressor,1.1213843877936933
21,2023,12,0.0,catboost_regressor,0.6891283180318643
21,2024,1,0.0,catboost_regressor,1.0070886524644558
21,2024,2,0.0,catboost_regressor,1.1269559567083844
21,2024,3,0.0,catboost_regressor,1.0832008999730178
21,2024,4,0.0,catboost_regressor,0.9108158538080868
21,2024,5,0.0,catboost_regressor,1.5342362114509327
21,2024,6,1.0,catboost_regressor,0.9246194004265977
22,2023,8,2.0,catboost_regressor,1.2131109973376137
22,2023,9,3.0,catboost_regressor,1.3790490496245282
22,2023,10,6.0,catboost_regressor,1.0808103665388107
22,2023,11,5.0,catboost_regressor,1.4748595213412494
22,2023,12,5.0,catboost_regressor,0.9177873354521834
22,2024,1,2.0,catboost_regressor,1.008081136095591
22,2024,2,3.0,catboost_regressor,2.3527099387897215
22,2024,3,3.0,catboost_regressor,2.1589679028204354
22,2024,4,2.0,catboost_regressor,1.9746204683407116
22,2024,5,2.0,catboost_regressor,2.6374891637877655
22,2024,6,1.0,catboost_regressor,2.1464542602813816
23,2023,8,3.0,catboost_regressor,1.6517876682195354
23,2023,9,3.0,catboost_regressor,1.6176029511574916
23,2023,10,4.0,catboost_regressor,1.3622734422646772
23,2023,11,4.0,catboost_regressor,1.6305484347608772
23,2023,12,4.0,catboost_regressor,1.15363690577336
23,2024,1,3.0,catboost_regressor,1.5352868773942403
23,2024,2,3.0,catboost_regressor,2.3706732376236315
23,2024,3,5.0,catboost_regressor,2.680430956189573
23,2024,4,4.0,catboost_regressor,2.436521794413789
23,2024,5,3.0,catboost_regressor,2.9061492850568564
23,2024,6,1.0,catboost_regressor,2.505079064741981
24,2023,8,2.0,catboost_regressor,1.6763946516042139
24,2023,9,3.0,catboost_regressor,1.6714526303676083
24,2023,10,5.0,catboost_regressor,1.3745742881734784
24,2023,11,4.0,catboost_regressor,1.828827965155099
24,2023,12,4.0,catboost_regressor,1.1586228906711555
24,2024,1,2.0,catboost_regressor,1.5638259326370165
24,2024,2,3.0,catboost_regressor,2.1291047317025855
24,2024,3,5.0,catboost_regressor,2.3248365901726706
24,2024,4,4.0,catboost_regressor,2.417503107328578
24,2024,5,3.0,catboost_regressor,2.810055232214612
24,2024,6,1.0,catboost_regressor,2.142956110553615
25,2023,8,4.0,catboost_regressor,2.333987277279502
25,2023,9,3.0,catboost_regressor,2.9435121628707126
25,2023,10,5.0,catboost_regressor,1.987540990403576
25,2023,11,4.0,catboost_regressor,1.732564176632451
25,2023,12,4.0,catboost_regressor,1.390593426335124
25,2024,1,3.0,catboost_regressor,2.338496082329536
25,2024,2,3.0,catboost_regressor,2.739591968876485
25,2024,3,5.0,catboost_regressor,2.7464944281683406
25,2024,4,4.0,catboost_regressor,2.6505514716390532
25,2024,5,3.0,catboost_regressor,3.489771824012724
25,2024,6,4.0,catboost_regressor,3.0667037678380353
26,2023,8,3.0,catboost_regressor,1.1175250830950632
26,2023,9,3.0,catboost_regressor,1.1671918162015742
26,2023,10,2.0,catboost_regressor,0.7365379706691283
26,2023,11,2.0,catboost_regressor,1.2487651677392666
26,2023,12,1.0,catboost_regressor,0.8751141832477478
26,2024,1,0.0,catboost_regressor,1.079219245458481
26,2024,2,0.0,catboost_regressor,1.3776692841616802
26,2024,3,1.0,catboost_regressor,1.44553622844162
26,2024,4,1.0,catboost_regressor,1.2311400304873301
26,2024,5,1.0,catboost_regressor,1.3386556052980996
26,2024,6,1.0,catboost_regressor,1.152387190218701
27,2023,8,2.0,catboost_regressor,1.440793546981044
27,2023,9,3.0,catboost_regressor,1.4319733696751038
27,2023,10,3.0,catboost_regressor,1.2792706442391104
27,2023,11,2.0,catboost_regressor,1.6520917684879435
27,2023,12,1.0,catboost_regressor,1.1247706908557136
27,2024,1,0.0,catboost_regressor,1.4007800751509925
27,2024,2,1.0,catboost_regressor,1.5543123639522065
27,2024,3,1.0,catboost_regressor,1.6970931310586437
27,2024,4,1.0,catboost_regressor,1.2818370749078192
27,2024,5,0.0,catboost_regressor,1.6064885998820164
27,2024,6,2.0,catboost_regressor,1.3054973326903365
28,2023,8,0.0,catboost_regressor,0.34118803325902436
28,2023,9,0.0,catboost_regressor,0.6747997651856991
28,2023,10,0.0,catboost_regressor,0.3723220513174573
28,2023,11,0.0,catboost_regressor,0.6055618725658344
28,2023,12,0.0,catboost_regressor,0.3787276545627505
28,2024,1,0.0,catboost_regressor,0.5095037732551889
28,2024,2,0.0,catboost_regressor,0.5718275140930028
28,2024,3,0.0,catboost_regressor,0.4530151415553837
28,2024,4,0.0,catboost_regressor,0.4813472266614689
28,2024,5,1.0,catboost_regressor,0.9756192498060183
28,2024,6,1.0,catboost_regressor,0.6016082213633286
29,2023,8,0.0,catboost_regressor,0.6646791533630863
29,2023,9,0.0,catboost_regressor,0.9237556301233908
29,2023,10,0.0,catboost_regressor,0.487088783732187
29,2023,11,1.0,catboost_regressor,0.8608143456814046
29,2023,12,1.0,catboost_regressor,0.48450612753127453
29,2024,1,1.0,catboost_regressor,0.6927084455788033
29,2024,2,0.0,catboost_regressor,1.0059566376638847
29,2024,3,0.0,catboost_regressor,0.7447534597541061
29,2024,4,0.0,catboost_regressor,0.4584015555158407
29,2024,5,0.0,catboost_regressor,0.9033495485194475
29,2024,6,0.0,catboost_regressor,0.6439134470764463
30,2023,8,2.0,catboost_regressor,0.5610673081453985
30,2023,9,1.0,catboost_regressor,0.9591533731249375
30,2023,10,0.0,catboost_regressor,0.30721337595155995
30,2023,11,0.0,catboost_regressor,0.632296511511475
30,2023,12,0.0,catboost_regressor,0.21845729089750177
30,2024,1,0.0,catboost_regressor,0.36770343226601643
30,2024,2,0.0,catboost_regressor,0.5688280402919044
30,2024,3,0.0,catboost_regressor,0.5366566079846798
30,2024,4,0.0,catboost_regressor,0.4580037962645759
30,2024,5,0.0,catboost_regressor,0.9905608450296046
30,2024,6,0.0,catboost_regressor,0.4969529266658661
31,2023,8,2.0,catboost_regressor,0.7793671125229402
31,2023,9,1.0,catboost_regressor,0.8871444490505824
31,2023,10,0.0,catboost_regressor,0.3150207303432
31,2023,11,0.0,catboost_regressor,0.7997597699818279
31,2023,12,0.0,catboost_regressor,0.6186273370902555
31,2024,1,0.0,catboost_regressor,0.6978630894669609
31,2024,2,0.0,catboost_regressor,0.8699025869607733
31,2024,3,0.0,catboost_regressor,0.7443028785999155
31,2024,4,0.0,catboost_regressor,0.6040548264012727
31,2024,5,0.0,catboost_regressor,1.148184611675969
31,2024,6,0.0,catboost_regressor,0.6559706410754126
32,2023,8,0.0,catboost_regressor,0.21972095134914404
32,2023,9,0.0,catboost_regressor,0.44221865249504
32,2023,10,0.0,catboost_regressor,0.06688436130567799
32,2023,11,0.0,catboost_regressor,0.4131142263895312
32,2023,12,0.0,catboost_regressor,0.08688654008278074
32,2024,1,0.0,catboost_regressor,0.4936214113745676
32,2024,2,0.0,catboost_regressor,0.11857596520714542
32,2024,3,0.0,catboost_regressor,0.20979519356685006
32,2024,4,0.0,catboost_regressor,0.31224193771999786
32,2024,5,0.0,catboost_regressor,0.5594421979738878
32,2024,6,0.0,catboost_regressor,0.14913283302270663
33,2023,8,0.0,catboost_regressor,0.2491539495447932
33,2023,9,0.0,catboost_regressor,0.41936542385886544
33,2023,10,0.0,catboost_regressor,0.1673993170833481
33,2023,11,0.0,catboost_regressor,0.5045810217785296
33,2023,12,0.0,catboost_regressor,0.09978604468453467
33,2024,1,0.0,catboost_regressor,0.7461517107219268
33,2024,2,0.0,catboost_regressor,0.6464228677555405
33,2024,3,0.0,catboost_regressor,0.411561469776336
33,2024,4,0.0,catboost_regressor,0.617268397455554
33,2024,5,0.0,catboost_regressor,0.8815423445605037
33,2024,6,0.0,catboost_regressor,0.5306611333559254
34,2023,8,0.0,catboost_regressor,0.32389352724528675
34,2023,9,0.0,catboost_regressor,0.6213114778961368
34,2023,10,0.0,catboost_regressor,0.3431654891673187
34,2023,11,0.0,catboost_regressor,0.4427423722866273
34,2023,12,0.0,catboost_regressor,0.1460249950371848
34,2024,1,0.0,catboost_regressor,0.28998503405506604
34,2024,2,0.0,catboost_regressor,0.20682705902372422
34,2024,3,0.0,catboost_regressor,0.2603051238324354
34,2024,4,0.0,catboost_regressor,0.25925647185588097
34,2024,5,1.0,catboost_regressor,0.49903399431097073
34,2024,6,1.0,catboost_regressor,0.29911942655875867
35,2023,8,0.0,catboost_regressor,0.8965278706003192
35,2023,9,0.0,catboost_regressor,0.900297565728522
35,2023,10,0.0,catboost_regressor,0.26693334588504336
35,2023,11,0.0,catboost_regressor,0.9650134072849532
35,2023,12,0.0,catboost_regressor,0.32371336435172615
35,2024,1,0.0,catboost_regressor,0.6260284984691674
35,2024,2,0.0,catboost_regressor,0.8519530853334698
35,2024,3,0.0,catboost_regressor,0.8518116691749462
35,2024,4,0.0,catboost_regressor,0.7346149185265675
35,2024,5,0.0,catboost_regressor,1.353727381759634
35,2024,6,0.0,catboost_regressor,0.6768907157910431
36,2023,8,0.0,catboost_regressor,0.7077981445340307
36,2023,9,0.0,catboost_regressor,0.6468465819801663
36,2023,10,0.0,catboost_regressor,0.16604002013567065
36,2023,11,0.0,catboost_regressor,0.5796924702961309
36,2023,12,0.0,catboost_regressor,0.021684740575792727
36,2024,1,0.0,catboost_regressor,0.41720607538444354
36,2024,2,0.0,catboost_regressor,0.7354261537387672
36,2024,3,0.0,catboost_regressor,0.5386975529130729
36,2024,4,0.0,catboost_regressor,0.34544744770348235
36,2024,5,0.0,catboost_regressor,0.9511988174997812
36,2024,6,0.0,catboost_regressor,0.4009739184657507
37,2023,8,0.0,catboost_regressor,0.7026200150639597
37,2023,9,0.0,catboost_regressor,0.8060503460188023
37,2023,10,0.0,catboost_regressor,0.46221539930349764
37,2023,11,1.0,catboost_regressor,0.8632765614631361
37,2023,12,1.0,catboost_regressor,0.2882969821229866
37,2024,1,1.0,catboost_regressor,0.5605176591100888
37,2024,2,2.0,catboost_regressor,1.0023093268319683
37,2024,3,2.0,catboost_regressor,0.8405682659456513
37,2024,4,2.0,catboost_regressor,0.6556583291257734
37,2024,5,0.0,catboost_regressor,1.1137378497681267
37,2024,6,0.0,catboost_regressor,0.7429916804625832
38,2023,8,0.0,catboost_regressor,0.5406933348020231
38,2023,9,0.0,catboost_regressor,0.699596815478076
38,2023,10,0.0,catboost_regressor,0.35392119261732
38,2023,11,1.0,catboost_regressor,0.6077969784552921
38,2023,12,1.0,catboost_regressor,0.0
38,2024,1,1.0,catboost_regressor,0.13966379860476086
38,2024,2,3.0,catboost_regressor,0.3548368044689021
38,2024,3,3.0,catboost_regressor,0.4697995553103771
38,2024,4,3.0,catboost_regressor,0.03405382460634909
38,2024,5,0.0,catboost_regressor,1.3763614654099217
38,2024,6,0.0,catboost_regressor,0.28182324432060524
39,2023,8,0.0,catboost_regressor,0.6417637166260345
39,2023,9,0.0,catboost_regressor,0.7468573728087373
39,2023,10,0.0,catboost_regressor,0.42886153003134253
39,2023,11,0.0,catboost_regressor,0.5147291092809806
39,2023,12,0.0,catboost_regressor,0.053237065957584706
39,2024,1,0.0,catboost_regressor,0.36940250642440664
39,2024,2,0.0,catboost_regressor,0.4995965833176723
39,2024,3,0.0,catboost_regressor,0.36739750224379086
39,2024,4,0.0,catboost_regressor,0.5082812535320215
39,2024,5,0.0,catboost_regressor,0.8976871940544543
39,2024,6,0.0,catboost_regressor,0.44430780288765825
40,2023,8,0.0,catboost_regressor,0.6150372961921478
40,2023,9,0.0,catboost_regressor,0.7420731268785123
40,2023,10,0.0,catboost_regressor,0.515361073059254
40,2023,11,0.0,catboost_regressor,0.5970542903882656
40,2023,12,0.0,catboost_regressor,0.20806218642614982
40,2024,1,0.0,catboost_regressor,0.5234390504396781
40,2024,2,0.0,catboost_regressor,0.6276017717006867
40,2024,3,0.0,catboost_regressor,0.5618247917833791
40,2024,4,0.0,catboost_regressor,0.5716517525070219
40,2024,5,0.0,catboost_regressor,1.0486133989293382
40,2024,6,0.0,catboost_regressor,0.5155184208589406
41,2023,8,3.0,catboost_regressor,3.027281252609357
41,2023,9,4.0,catboost_regressor,3.019361204590245
41,2023,10,3.0,catboost_regressor,2.415314559459648
41,2023,11,4.0,catboost_regressor,2.3772251929779222
41,2023,12,6.0,catboost_regressor,2.8042243600465824
41,2024,1,7.0,catboost_regressor,2.5346644635782387
41,2024,2,4.0,catboost_regressor,2.9575548959098117
41,2024,3,2.0,catboost_regressor,3.0771584970060544
41,2024,4,1.0,catboost_regressor,3.455097149809224
41,2024,5,1.0,catboost_regressor,3.516229643673254
41,2024,6,0.0,catboost_regressor,3.3442557003279325
42,2023,8,3.0,catboost_regressor,2.937784493524001
42,2023,9,4.0,catboost_regressor,3.0451969668368877
42,2023,10,3.0,catboost_regressor,2.313403031268951
42,2023,11,4.0,catboost_regressor,2.3471285903782144
42,2023,12,6.0,catboost_regressor,2.543687854663169
42,2024,1,7.0,catboost_regressor,2.4596130170171295
42,2024,2,4.0,catboost_regressor,2.7692432182280697
42,2024,3,2.0,catboost_regressor,2.9846664042197673
42,2024,4,1.0,catboost_regressor,3.3331765990346742
42,2024,5,1.0,catboost_regressor,3.580090302903463
42,2024,6,0.0,catboost_regressor,3.2085232803043344
43,2023,8,1.0,catboost_regressor,0.852449058344231
43,2023,9,1.0,catboost_regressor,1.1225282779953867
43,2023,10,1.0,catboost_regressor,0.4299755982753206
43,2023,11,0.0,catboost_regressor,0.34978904564325053
43,2023,12,0.0,catboost_regressor,0.0
43,2024,1,0.0,catboost_regressor,0.21017603633077275
43,2024,2,0.0,catboost_regressor,0.3714679166493783
43,2024,3,0.0,catboost_regressor,0.3466923714374721
43,2024,4,0.0,catboost_regressor,0.38084933287866574
43,2024,5,0.0,catboost_regressor,1.0952256602618644
43,2024,6,1.0,catboost_regressor,0.32139526603652724
44,2023,8,1.0,catboost_regressor,0.6247580915879656
44,2023,9,1.0,catboost_regressor,0.9188004045411804
44,2023,10,1.0,catboost_regressor,0.6078759060687389
44,2023,11,0.0,catboost_regressor,0.5534491820030559
44,2023,12,0.0,catboost_regressor,0.24336617980292963
44,2024,1,0.0,catboost_regressor,0.6501663712788497
44,2024,2,0.0,catboost_regressor,0.9787546898195244
44,2024,3,0.0,catboost_regressor,0.5193158990761559
44,2024,4,0.0,catboost_regressor,0.5587731825043433
44,2024,5,0.0,catboost_regressor,0.9695242188324611
44,2024,6,1.0,catboost_regressor,0.4438268040784824
45,2023,8,1.0,catboost_regressor,1.5377666490679633
45,2023,9,1.0,catboost_regressor,1.6257195334720682
45,2023,10,2.0,catboost_regressor,1.4570423242397237
45,2023,11,2.0,catboost_regressor,1.6304376306514714
45,2023,12,3.0,catboost_regressor,0.8658759499077355
45,2024,1,2.0,catboost_regressor,1.393648319680611
45,2024,2,2.0,catboost_regressor,1.8467236729458214
45,2024,3,2.0,catboost_regressor,1.7845893755945026
45,2024,4,1.0,catboost_regressor,1.4684059482981255
45,2024,5,2.0,catboost_regressor,1.6905634553937667
45,2024,6,1.0,catboost_regressor,1.7274172131335024
46,2023,8,0.0,catboost_regressor,1.5160645165674014
46,2023,9,0.0,catboost_regressor,1.6518449025133113
46,2023,10,1.0,catboost_regressor,1.322266874073453
46,2023,11,1.0,catboost_regressor,1.3645975282617189
46,2023,12,2.0,catboost_regressor,0.7218359577171877
46,2024,1,2.0,catboost_regressor,1.1754377294608978
46,2024,2,2.0,catboost_regressor,1.3439137916666362
46,2024,3,2.0,catboost_regressor,1.3524758974404933
46,2024,4,1.0,catboost_regressor,1.2682256452918583
46,2024,5,2.0,catboost_regressor,1.7935118343369882
46,2024,6,1.0,catboost_regressor,1.5353418685232714
47,2023,8,2.0,catboost_regressor,2.224263520109161
47,2023,9,1.0,catboost_regressor,2.033243162063695
47,2023,10,1.0,catboost_regressor,1.8919221137321172
47,2023,11,0.0,catboost_regressor,2.427821721498356
47,2023,12,0.0,catboost_regressor,1.548181448975717
47,2024,1,1.0,catboost_regressor,1.7927372568250866
47,2024,2,1.0,catboost_regressor,1.927395918937583
47,2024,3,1.0,catboost_regressor,2.068404737909971
47,2024,4,0.0,catboost_regressor,2.0019551672961797
47,2024,5,0.0,catboost_regressor,1.87633393160787
47,2024,6,0.0,catboost_regressor,1.6761051924607404
48,2023,8,0.0,catboost_regressor,1.3477791824323353
48,2023,9,0.0,catboost_regressor,1.1749540969441887
48,2023,10,0.0,catboost_regressor,0.6081457477273635
48,2023,11,0.0,catboost_regressor,0.4266489984060019
48,2023,12,0.0,catboost_regressor,0.0
48,2024,1,1.0,catboost_regressor,0.6641192171868575
48,2024,2,1.0,catboost_regressor,0.734652229062155
48,2024,3,2.0,catboost_regressor,0.8237802413992545
48,2024,4,1.0,catboost_regressor,0.9267988094016468
48,2024,5,1.0,catboost_regressor,1.206252723250233
48,2024,6,3.0,catboost_regressor,1.134617063477885
49,2023,8,2.0,catboost_regressor,1.0350279499032473
49,2023,9,1.0,catboost_regressor,1.2293552920702695
49,2023,10,1.0,catboost_regressor,0.8953081470945908
49,2023,11,1.0,catboost_regressor,1.2025510791781002
49,2023,12,2.0,catboost_regressor,0.8005121795191574
49,2024,1,2.0,catboost_regressor,0.9918261427239371
49,2024,2,2.0,catboost_regressor,1.2992418486436814
49,2024,3,2.0,catboost_regressor,1.2237580401864425
49,2024,4,2.0,catboost_regressor,1.1163966979283606
49,2024,5,1.0,catboost_regressor,1.8601188009934044
49,2024,6,0.0,catboost_regressor,1.4762465049643725
50,2023,8,1.0,catboost_regressor,0.43176300523711064
50,2023,9,2.0,catboost_regressor,0.3976761045006696
50,2023,10,1.0,catboost_regressor,0.5027817243607929
50,2023,11,1.0,catboost_regressor,1.089147374112063
50,2023,12,0.0,catboost_regressor,0.7792792147528915
50,2024,1,0.0,catboost_regressor,0.9995220199377709
50,2024,2,0.0,catboost_regressor,0.911066712585685
50,2024,3,0.0,catboost_regressor,0.7878969283018058
50,2024,4,0.0,catboost_regressor,0.982291795857922
50,2024,5,0.0,catboost_regressor,0.8005166759188435
50,2024,6,0.0,catboost_regressor,0.6837962977503801
51,2023,8,1.0,catboost_regressor,0.780556144337927
51,2023,9,2.0,catboost_regressor,0.8528978947544317
51,2023,10,1.0,catboost_regressor,0.8326327094731178
51,2023,11,1.0,catboost_regressor,1.0886553054533556
51,2023,12,0.0,catboost_regressor,0.7196916448069374
51,2024,1,0.0,catboost_regressor,0.5826799476941015
51,2024,2,0.0,catboost_regressor,0.6457926769808519
51,2024,3,0.0,catboost_regressor,0.6880369694067324
51,2024,4,0.0,catboost_regressor,0.9599134862266221
51,2024,5,0.0,catboost_regressor,1.1822527476558515
51,2024,6,0.0,catboost_regressor,1.0173272287835484
52,2023,8,1.0,catboost_regressor,1.0298588139967566
52,2023,9,1.0,catboost_regressor,0.9793403589046402
52,2023,10,2.0,catboost_regressor,0.9422356560447871
52,2023,11,2.0,catboost_regressor,1.4305140206301692
52,2023,12,2.0,catboost_regressor,0.8077405667364269
52,2024,1,1.0,catboost_regressor,0.7631332554600081
52,2024,2,2.0,catboost_regressor,1.1211190776756594
52,2024,3,2.0,catboost_regressor,1.5185985543249614
52,2024,4,1.0,catboost_regressor,1.7449791721021457
52,2024,5,0.0,catboost_regressor,1.5526022320518846
52,2024,6,1.0,catboost_regressor,1.1745299105312939
53,2023,8,0.0,catboost_regressor,0.6066372547539355
53,2023,9,0.0,catboost_regressor,0.5668630288018831
53,2023,10,0.0,catboost_regressor,0.3768906005106337
53,2023,11,0.0,catboost_regressor,0.7206341518204099
53,2023,12,1.0,catboost_regressor,0.4456987722417898
53,2024,1,1.0,catboost_regressor,0.6675076906357457
53,2024,2,3.0,catboost_regressor,0.8928244706829452
53,2024,3,2.0,catboost_regressor,0.9318963709088917
53,2024,4,3.0,catboost_regressor,0.9351222578541234
53,2024,5,2.0,catboost_regressor,1.1931484700153225
53,2024,6,2.0,catboost_regressor,0.8762471500275864
54,2023,8,0.0,catboost_regressor,0.5692254434024032
54,2023,9,0.0,catboost_regressor,0.587018160613515
54,2023,10,0.0,catboost_regressor,0.35414045402698824
54,2023,11,0.0,catboost_regressor,0.8569440460410196
54,2023,12,1.0,catboost_regressor,0.4085652268824107
54,2024,1,1.0,catboost_regressor,0.5652983588244985
54,2024,2,3.0,catboost_regressor,0.8622865641927304
54,2024,3,2.0,catboost_regressor,1.0901132883905875
54,2024,4,3.0,catboost_regressor,0.9951198057925055
54,2024,5,2.0,catboost_regressor,1.1970836781997165
54,2024,6,2.0,catboost_regressor,0.916362920270207
55,2023,8,0.0,catboost_regressor,0.48485708707326647
55,2023,9,0.0,catboost_regressor,0.633492972101357
55,2023,10,0.0,catboost_regressor,0.5894985961152457
55,2023,11,1.0,catboost_regressor,0.6254538798606734
55,2023,12,1.0,catboost_regressor,0.4903153684165975
55,2024,1,1.0,catboost_regressor,0.5631945884014652
55,2024,2,0.0,catboost_regressor,1.1394969172552274
55,2024,3,0.0,catboost_regressor,0.7684682062809635
55,2024,4,0.0,catboost_regressor,0.8415620180476124
55,2024,5,0.0,catboost_regressor,1.0351649558398452
55,2024,6,1.0,catboost_regressor,0.6890547398288664
56,2023,8,0.0,catboost_regressor,0.6004961141766062
56,2023,9,0.0,catboost_regressor,0.7057876126726096
56,2023,10,0.0,catboost_regressor,0.5842574471694039
56,2023,11,1.0,catboost_regressor,0.6739101695134984
56,2023,12,1.0,catboost_regressor,0.4713843155772034
56,2024,1,1.0,catboost_regressor,0.608238386678345
56,2024,2,0.0,catboost_regressor,1.0076346279269837
56,2024,3,0.0,catboost_regressor,0.8098837541876622
56,2024,4,0.0,catboost_regressor,0.7282033658861319
56,2024,5,0.0,catboost_regressor,0.948748921861235
56,2024,6,1.0,catboost_regressor,0.6186080983715309
57,2023,8,0.0,catboost_regressor,0.45766683027822797
57,2023,9,0.0,catboost_regressor,0.5020824540294329
57,2023,10,0.0,catboost_regressor,0.3141970774059629
57,2023,11,0.0,catboost_regressor,0.5173656213584018
57,2023,12,0.0,catboost_regressor,0.09376212611506429
57,2024,1,0.0,catboost_regressor,0.0
57,2024,2,1.0,catboost_regressor,0.17052057637970996
57,2024,3,1.0,catboost_regressor,0.1607245127960817
57,2024,4,2.0,catboost_regressor,0.0965823592367745
57,2024,5,1.0,catboost_regressor,0.44887044382634755
57,2024,6,1.0,catboost_regressor,0.36776621690370215
58,2023,8,0.0,catboost_regressor,0.449070551766211
58,2023,9,0.0,catboost_regressor,0.7590124760258622
58,2023,10,0.0,catboost_regressor,0.23633361008106513
58,2023,11,0.0,catboost_regressor,0.5927280417148421
58,2023,12,0.0,catboost_regressor,0.15392194679278015
58,2024,1,0.0,catboost_regressor,0.18283867102974938
58,2024,2,1.0,catboost_regressor,0.26455550830361263
58,2024,3,1.0,catboost_regressor,0.10665743192436605
58,2024,4,2.0,catboost_regressor,0.20694878455363352
58,2024,5,1.0,catboost_regressor,0.38938844511928505
58,2024,6,1.0,catboost_regressor,0.3972652879363485
59,2023,8,0.0,catboost_regressor,0.46711148189313256
59,2023,9,0.0,catboost_regressor,0.6905618901035948
59,2023,10,0.0,catboost_regressor,0.30773510356375977
59,2023,11,0.0,catboost_regressor,0.6537061739351637
59,2023,12,0.0,catboost_regressor,0.06881873506799763
59,2024,1,1.0,catboost_regressor,0.07439688604987227
59,2024,2,1.0,catboost_regressor,0.33303841207289664
59,2024,3,1.0,catboost_regressor,0.161151805159792
59,2024,4,0.0,catboost_regressor,0.33192333241524596
59,2024,5,0.0,catboost_regressor,0.33168780734501
59,2024,6,0.0,catboost_regressor,0.3855691120175072
60,2023,8,0.0,catboost_regressor,0.8559898609928931
60,2023,9,0.0,catboost_regressor,1.2040864839267251
60,2023,10,0.0,catboost_regressor,0.6416975088375438
60,2023,11,0.0,catboost_regressor,0.9128162264969282
60,2023,12,0.0,catboost_regressor,0.4252280701676625
60,2024,1,1.0,catboost_regressor,0.5327143511783092
60,2024,2,1.0,catboost_regressor,0.372427426518271
60,2024,3,1.0,catboost_regressor,0.2763852183916766
60,2024,4,0.0,catboost_regressor,0.5245980849991825
60,2024,5,0.0,catboost_regressor,0.5420539311985246
60,2024,6,0.0,catboost_regressor,0.48754017285293305
61,2023,8,0.0,catboost_regressor,0.7175711514376127
61,2023,9,0.0,catboost_regressor,1.184604575345205
61,2023,10,1.0,catboost_regressor,0.7517456659921217
61,2023,11,1.0,catboost_regressor,0.8641768982968189
61,2023,12,1.0,catboost_regressor,0.3905631889245479
61,2024,1,0.0,catboost_regressor,0.9220944891129483
61,2024,2,0.0,catboost_regressor,0.7588696451894582
61,2024,3,0.0,catboost_regressor,0.8060996567848902
61,2024,4,0.0,catboost_regressor,0.5370883559965858
61,2024,5,0.0,catboost_regressor,0.7463406850063468
61,2024,6,0.0,catboost_regressor,0.7044660933589502
62,2023,8,0.0,catboost_regressor,0.6861417453094368
62,2023,9,0.0,catboost_regressor,1.1139838680701213
62,2023,10,1.0,catboost_regressor,0.7530231090832824
62,2023,11,1.0,catboost_regressor,0.832812364470529
62,2023,12,1.0,catboost_regressor,0.4465354041191125
62,2024,1,0.0,catboost_regressor,0.7930856987256382
62,2024,2,0.0,catboost_regressor,0.7987607095893166
62,2024,3,0.0,catboost_regressor,0.8723337544097534
62,2024,4,0.0,catboost_regressor,0.5552659341899592
62,2024,5,0.0,catboost_regressor,0.734257524772924
62,2024,6,0.0,catboost_regressor,0.5995241076340837
63,2023,8,0.0,catboost_regressor,0.7502612243877519
63,2023,9,0.0,catboost_regressor,0.4905650432450327
63,2023,10,0.0,catboost_regressor,0.39423221756911864
63,2023,11,1.0,catboost_regressor,0.7184259010460541
63,2023,12,1.0,catboost_regressor,0.3143525308889149
63,2024,1,1.0,catboost_regressor,0.2825504335661413
63,2024,2,0.0,catboost_regressor,0.9663639958750406
63,2024,3,1.0,catboost_regressor,0.5633340457458461
63,2024,4,2.0,catboost_regressor,0.5189050841994396
63,2024,5,2.0,catboost_regressor,0.7029395300889008
63,2024,6,1.0,catboost_regressor,0.6910005838806157
64,2023,8,2.0,catboost_regressor,3.059359604083126
64,2023,9,1.0,catboost_regressor,3.37241328100878
64,2023,10,0.0,catboost_regressor,3.388856031313405
64,2023,11,0.0,catboost_regressor,2.269083366343723
64,2023,12,0.0,catboost_regressor,1.481450390878985
64,2024,1,1.0,catboost_regressor,1.5017260083555786
64,2024,2,1.0,catboost_regressor,2.0987281733603576
64,2024,3,2.0,catboost_regressor,2.044617462052887
64,2024,4,2.0,catboost_regressor,2.1904744384986357
64,2024,5,4.0,catboost_regressor,2.068912529927852
64,2024,6,3.0,catboost_regressor,2.0998771251750927
65,2023,8,2.0,catboost_regressor,2.3729032015713525
65,2023,9,1.0,catboost_regressor,2.91257522361211
65,2023,10,0.0,catboost_regressor,2.217204928437135
65,2023,11,0.0,catboost_regressor,2.9160568249516343
65,2023,12,0.0,catboost_regressor,1.2919347151682823
65,2024,1,1.0,catboost_regressor,1.22103822237924
65,2024,2,1.0,catboost_regressor,1.7268993043202694
65,2024,3,2.0,catboost_regressor,1.7378941854603727
65,2024,4,2.0,catboost_regressor,1.5181377297678926
65,2024,5,3.0,catboost_regressor,1.7421602093675723
65,2024,6,2.0,catboost_regressor,1.526358316295867
66,2023,8,0.0,catboost_regressor,1.1013627067184757
66,2023,9,0.0,catboost_regressor,0.8850824056970865
66,2023,10,0.0,catboost_regressor,0.6755106412837931
66,2023,11,1.0,catboost_regressor,0.7095412892401606
66,2023,12,1.0,catboost_regressor,0.4687677286644416
66,2024,1,1.0,catboost_regressor,0.26207142915478343
66,2024,2,0.0,catboost_regressor,0.9330667192975726
66,2024,3,1.0,catboost_regressor,0.6798257097550303
66,2024,4,2.0,catboost_regressor,0.7445613441430702
66,2024,5,2.0,catboost_regressor,0.9982120690569725
66,2024,6,1.0,catboost_regressor,0.6652321594743983
67,2023,8,1.0,catboost_regressor,0.8797151519534314
67,2023,9,0.0,catboost_regressor,1.111866098357393
67,2023,10,0.0,catboost_regressor,0.837865424030477
67,2023,11,0.0,catboost_regressor,0.898541585433675
67,2023,12,0.0,catboost_regressor,0.7378388552178667
67,2024,1,1.0,catboost_regressor,0.8532909864940195
67,2024,2,1.0,catboost_regressor,1.1540943076082417
67,2024,3,1.0,catboost_regressor,0.8494334626611675
67,2024,4,0.0,catboost_regressor,0.8011966827202724
67,2024,5,0.0,catboost_regressor,0.9766279301193312
67,2024,6,0.0,catboost_regressor,0.9058922180559881
68,2023,8,1.0,catboost_regressor,0.7486715628238227
68,2023,9,0.0,catboost_regressor,1.2152429662680233
68,2023,10,0.0,catboost_regressor,0.5476002180913747
68,2023,11,0.0,catboost_regressor,0.6710880324575513
68,2023,12,0.0,catboost_regressor,0.19573975800164223
68,2024,1,1.0,catboost_regressor,0.48311414201516767
68,2024,2,1.0,catboost_regressor,0.5827365876564206
68,2024,3,1.0,catboost_regressor,0.5026466296705935
68,2024,4,0.0,catboost_regressor,0.4611547757720077
68,2024,5,0.0,catboost_regressor,0.9795144690957468
68,2024,6,0.0,catboost_regressor,0.6288555665023953
69,2023,8,5.0,catboost_regressor,8.528768666533356
69,2023,9,4.0,catboost_regressor,8.816168980168001
69,2023,10,4.0,catboost_regressor,8.315661139169656
69,2023,11,3.0,catboost_regressor,7.672050544733435
69,2023,12,2.0,catboost_regressor,6.6654444600347915
69,2024,1,5.0,catboost_regressor,7.486172306489694
69,2024,2,9.0,catboost_regressor,7.6289738598528585
69,2024,3,12.0,catboost_regressor,7.618063146326106
69,2024,4,8.0,catboost_regressor,6.623506520781489
69,2024,5,6.0,catboost_regressor,8.12354848239474
69,2024,6,3.0,catboost_regressor,8.352298884591193
70,2023,8,1.0,catboost_regressor,1.826105974529275
70,2023,9,1.0,catboost_regressor,1.9661704995991365
70,2023,10,0.0,catboost_regressor,1.8198044908375852
70,2023,11,0.0,catboost_regressor,2.0576015705566215
70,2023,12,0.0,catboost_regressor,1.5205614341683942
70,2024,1,0.0,catboost_regressor,1.212896908508675
70,2024,2,0.0,catboost_regressor,1.4419242437588586
70,2024,3,1.0,catboost_regressor,1.2072197234719386
70,2024,4,1.0,catboost_regressor,1.0213909924523148
70,2024,5,1.0,catboost_regressor,1.4574158870234812
70,2024,6,0.0,catboost_regressor,1.3072150288259103
71,2023,8,1.0,catboost_regressor,1.8944775579244544
71,2023,9,1.0,catboost_regressor,2.049822113273814
71,2023,10,0.0,catboost_regressor,1.8015910584546082
71,2023,11,0.0,catboost_regressor,1.9518394700751414
71,2023,12,0.0,catboost_regressor,1.6532545706561086
71,2024,1,0.0,catboost_regressor,1.4353579106854735
71,2024,2,0.0,catboost_regressor,1.4040482068891447
71,2024,3,1.0,catboost_regressor,1.3815506437471607
71,2024,4,1.0,catboost_regressor,1.0261664009844056
71,2024,5,1.0,catboost_regressor,1.447860415269568
71,2024,6,0.0,catboost_regressor,1.328090504795788
72,2023,8,1.0,catboost_regressor,0.7153072293489956
72,2023,9,1.0,catboost_regressor,0.8294558669441006
72,2023,10,1.0,catboost_regressor,0.5743062708038909
72,2023,11,0.0,catboost_regressor,0.7782322922365171
72,2023,12,2.0,catboost_regressor,0.421795161780129
72,2024,1,5.0,catboost_regressor,0.3962861901150655
72,2024,2,5.0,catboost_regressor,0.7124528179192621
72,2024,3,4.0,catboost_regressor,0.5653694549999968
72,2024,4,1.0,catboost_regressor,0.5091745845111093
72,2024,5,1.0,catboost_regressor,1.3268925514363696
72,2024,6,0.0,catboost_regressor,0.8580930323888529
73,2023,8,1.0,catboost_regressor,1.0699997604719236
73,2023,9,1.0,catboost_regressor,1.1980380396183967
73,2023,10,1.0,catboost_regressor,0.7555335571204502
73,2023,11,0.0,catboost_regressor,0.7380906133546267
73,2023,12,2.0,catboost_regressor,0.4264838538116106
73,2024,1,5.0,catboost_regressor,0.8464171917750418
73,2024,2,5.0,catboost_regressor,1.332505933947933
73,2024,3,4.0,catboost_regressor,1.1053538740155382
73,2024,4,1.0,catboost_regressor,1.4369766324905835
73,2024,5,1.0,catboost_regressor,1.6562803380323379
73,2024,6,0.0,catboost_regressor,1.8311818927313892
74,2023,8,2.0,catboost_regressor,0.8906592487957483
74,2023,9,4.0,catboost_regressor,0.8218410535730949
74,2023,10,4.0,catboost_regressor,0.6196338274151143
74,2023,11,4.0,catboost_regressor,0.9010070491885384
74,2023,12,3.0,catboost_regressor,0.9703479945552049
74,2024,1,3.0,catboost_regressor,1.1845347529217747
74,2024,2,1.0,catboost_regressor,1.5155313773188706
74,2024,3,0.0,catboost_regressor,1.7469630913191767
74,2024,4,0.0,catboost_regressor,1.6368778240173871
74,2024,5,0.0,catboost_regressor,1.9649020943391529
74,2024,6,1.0,catboost_regressor,1.1784429341269815
75,2023,8,2.0,catboost_regressor,0.9543019238180567
75,2023,9,4.0,catboost_regressor,0.7849532760157233
75,2023,10,4.0,catboost_regressor,0.8332452049031003
75,2023,11,4.0,catboost_regressor,1.1576625856375249
75,2023,12,3.0,catboost_regressor,1.005025034224266
75,2024,1,3.0,catboost_regressor,1.259669974155473
75,2024,2,1.0,catboost_regressor,1.9699046769380049
75,2024,3,0.0,catboost_regressor,2.221167218910507
75,2024,4,0.0,catboost_regressor,2.102879246359701
75,2024,5,0.0,catboost_regressor,2.313283949106822
75,2024,6,1.0,catboost_regressor,1.376313604529503
76,2023,8,0.0,catboost_regressor,0.623108165555657
76,2023,9,0.0,catboost_regressor,0.7897620132999135
76,2023,10,0.0,catboost_regressor,0.6937063186292621
76,2023,11,0.0,catboost_regressor,0.5658711042927002
76,2023,12,0.0,catboost_regressor,0.35235776145498954
76,2024,1,0.0,catboost_regressor,0.2923621983612441
76,2024,2,0.0,catboost_regressor,0.7015561403032093
76,2024,3,0.0,catboost_regressor,0.3141874135054419
76,2024,4,1.0,catboost_regressor,0.23057733034000094
76,2024,5,2.0,catboost_regressor,0.4527794864999932
76,2024,6,3.0,catboost_regressor,0.36876852046414443
77,2023,8,5.0,catboost_regressor,5.183668536126275
77,2023,9,5.0,catboost_regressor,5.883483397999039
77,2023,10,2.0,catboost_regressor,5.619077142705094
77,2023,11,3.0,catboost_regressor,4.987646796688944
77,2023,12,3.0,catboost_regressor,3.982740694600845
77,2024,1,3.0,catboost_regressor,4.30008313506937
77,2024,2,4.0,catboost_regressor,5.661217158683254
77,2024,3,5.0,catboost_regressor,5.662559854951498
77,2024,4,5.0,catboost_regressor,5.0781539682407715
77,2024,5,2.0,catboost_regressor,5.653478407557214
77,2024,6,3.0,catboost_regressor,5.818523657365796
78,2023,8,2.0,catboost_regressor,0.4319411795629672
78,2023,9,2.0,catboost_regressor,0.5119789179035282
78,2023,10,2.0,catboost_regressor,0.5007610133853673
78,2023,11,0.0,catboost_regressor,0.6246973944460418
78,2023,12,0.0,catboost_regressor,0.14472512564994489
78,2024,1,0.0,catboost_regressor,0.2694332978539087
78,2024,2,0.0,catboost_regressor,0.257140070049499
78,2024,3,0.0,catboost_regressor,0.11948930951273162
78,2024,4,0.0,catboost_regressor,0.06703949225505035
78,2024,5,0.0,catboost_regressor,0.19970008016658314
78,2024,6,0.0,catboost_regressor,0.29814872818059546
79,2023,8,2.0,catboost_regressor,0.6459146057417664
79,2023,9,2.0,catboost_regressor,0.6482875110327748
79,2023,10,2.0,catboost_regressor,0.6932381552004266
79,2023,11,0.0,catboost_regressor,1.0901111120856484
79,2023,12,0.0,catboost_regressor,0.39214730755577976
79,2024,1,0.0,catboost_regressor,0.4053563735303689
79,2024,2,0.0,catboost_regressor,0.5732062403439413
79,2024,3,0.0,catboost_regressor,0.3887111447831413
79,2024,4,0.0,catboost_regressor,0.2959318449172226
79,2024,5,0.0,catboost_regressor,0.5398361818397835
79,2024,6,0.0,catboost_regressor,0.5301211153791096
80,2023,8,1.0,catboost_regressor,0.5979410250927027
80,2023,9,0.0,catboost_regressor,0.6679751410358078
80,2023,10,0.0,catboost_regressor,0.4509012263527007
80,2023,11,0.0,catboost_regressor,0.7386328078785276
80,2023,12,1.0,catboost_regressor,0.20935494603405957
80,2024,1,1.0,catboost_regressor,0.3646575069857183
80,2024,2,1.0,catboost_regressor,0.0
81,2023,8,1.0,catboost_regressor,0.621874280319349
81,2023,9,0.0,catboost_regressor,1.0051496779007985
81,2023,10,0.0,catboost_regressor,0.40949206042803576
81,2023,11,0.0,catboost_regressor,0.7953181928831804
81,2023,12,1.0,catboost_regressor,0.18400689431885553
81,2024,1,1.0,catboost_regressor,0.445285678566666
81,2024,2,1.0,catboost_regressor,0.029530529429839136
81,2024,3,0.0,catboost_regressor,0.32527055532369886
81,2024,4,0.0,catboost_regressor,0.15240515894103268
81,2024,5,0.0,catboost_regressor,0.5116445361885732
81,2024,6,0.0,catboost_regressor,0.36314619808140025
82,2023,8,0.0,catboost_regressor,0.5720824646076914
82,2023,9,0.0,catboost_regressor,0.35142711519811765
82,2023,10,1.0,catboost_regressor,0.4711102620063996
82,2023,11,1.0,catboost_regressor,0.40190265061885944
82,2023,12,1.0,catboost_regressor,0.20509869057059138
82,2024,1,0.0,catboost_regressor,0.3909856366545794
82,2024,2,0.0,catboost_regressor,0.19457983759225383
82,2024,3,0.0,catboost_regressor,0.16789251697252072
82,2024,4,0.0,catboost_regressor,0.17732366385565834
82,2024,5,0.0,catboost_regressor,0.262537485720026
82,2024,6,0.0,catboost_regressor,0.3366615273822079
83,2023,8,0.0,catboost_regressor,0.45080905062791565
83,2023,9,0.0,catboost_regressor,0.31478403557912316
83,2023,10,1.0,catboost_regressor,0.37713311119907433
83,2023,11,1.0,catboost_regressor,0.3210149101826526
83,2023,12,1.0,catboost_regressor,0.12247885636877132
83,2024,1,0.0,catboost_regressor,0.25271754089692133
83,2024,2,0.0,catboost_regressor,0.45562026731361127
83,2024,3,0.0,catboost_regressor,0.3384886797858586
83,2024,4,0.0,catboost_regressor,0.4303887589210087
83,2024,5,0.0,catboost_regressor,0.3496153156508849
83,2024,6,0.0,catboost_regressor,0.4215483382763314
84,2023,8,0.0,catboost_regressor,0.5560613658224963
84,2023,9,0.0,catboost_regressor,0.6189250815282978
84,2023,10,0.0,catboost_regressor,0.25085098104008563
84,2023,11,0.0,catboost_regressor,0.8025741476163627
84,2023,12,0.0,catboost_regressor,0.2659824703029847
84,2024,1,0.0,catboost_regressor,0.25031611249000574
84,2024,2,0.0,catboost_regressor,0.5779481686920105
84,2024,3,0.0,catboost_regressor,0.5345008174014766
84,2024,4,1.0,catboost_regressor,0.5470759718273575
84,2024,5,1.0,catboost_regressor,0.7720637039200008
84,2024,6,1.0,catboost_regressor,0.6499090523593852
85,2023,8,0.0,catboost_regressor,0.37957943737306465
85,2023,9,0.0,catboost_regressor,0.4471282427498482
85,2023,10,0.0,catboost_regressor,0.3619275402458346
85,2023,11,0.0,catboost_regressor,0.6935280633013953
85,2023,12,0.0,catboost_regressor,0.15206008102029633
85,2024,1,0.0,catboost_regressor,0.2612907108909499
85,2024,2,1.0,catboost_regressor,0.0812215335264661
85,2024,3,1.0,catboost_regressor,0.032891688335302094
85,2024,4,1.0,catboost_regressor,0.0
85,2024,5,0.0,catboost_regressor,0.34138833197822616
85,2024,6,0.0,catboost_regressor,0.3140036279225552
86,2023,8,1.0,catboost_regressor,0.5784698366843758
86,2023,9,0.0,catboost_regressor,0.701639205823976
86,2023,10,0.0,catboost_regressor,0.5223560989618519
86,2023,11,0.0,catboost_regressor,0.8103519219201863
86,2023,12,0.0,catboost_regressor,0.26795043118395223
86,2024,1,0.0,catboost_regressor,0.3204385818936186
86,2024,2,2.0,catboost_regressor,0.31588516291550106
86,2024,3,2.0,catboost_regressor,0.15069785628820598
86,2024,4,2.0,catboost_regressor,0.35179912350593545
86,2024,5,0.0,catboost_regressor,0.5457584108064193
86,2024,6,0.0,catboost_regressor,0.44700517404791296
87,2023,8,0.0,catboost_regressor,0.3954005806117147
87,2023,9,0.0,catboost_regressor,0.38826697183318315
87,2023,10,0.0,catboost_regressor,0.12694034879362093
87,2023,11,0.0,catboost_regressor,0.4825188885518352
87,2023,12,0.0,catboost_regressor,0.18415884216525535
87,2024,1,0.0,catboost_regressor,0.27742959516448074
87,2024,2,0.0,catboost_regressor,0.7136222408848992
87,2024,3,0.0,catboost_regressor,0.800564814205437
87,2024,4,0.0,catboost_regressor,0.6033509729396918
87,2024,5,1.0,catboost_regressor,0.9710508452498303
87,2024,6,2.0,catboost_regressor,0.643209782505747
88,2023,8,0.0,catboost_regressor,1.1897879647140577
88,2023,9,0.0,catboost_regressor,1.4852935177563134
88,2023,10,0.0,catboost_regressor,0.9560895399169937
88,2023,11,0.0,catboost_regressor,1.141647702092892
88,2023,12,0.0,catboost_regressor,0.7550048784077458
88,2024,1,0.0,catboost_regressor,1.0486878840137726
88,2024,2,2.0,catboost_regressor,0.7287072977419272
88,2024,3,2.0,catboost_regressor,0.6982683339483032
88,2024,4,2.0,catboost_regressor,0.7156781901376207
88,2024,5,1.0,catboost_regressor,1.386894888757561
88,2024,6,1.0,catboost_regressor,0.914693292702452
89,2023,8,0.0,catboost_regressor,1.5242823420399592
89,2023,9,0.0,catboost_regressor,1.7962082704948907
89,2023,10,0.0,catboost_regressor,1.2534536933513487
89,2023,11,0.0,catboost_regressor,1.5522850885736235
89,2023,12,0.0,catboost_regressor,1.0318870199242416
89,2024,1,0.0,catboost_regressor,1.1779753055824485
89,2024,2,2.0,catboost_regressor,1.3091377904863648
89,2024,3,2.0,catboost_regressor,1.4172510770631088
89,2024,4,2.0,catboost_regressor,1.1034876973709515
89,2024,5,1.0,catboost_regressor,1.9487042403598456
89,2024,6,1.0,catboost_regressor,1.3297860821729095
90,2023,8,1.0,catboost_regressor,0.2436190799447404
90,2023,9,1.0,catboost_regressor,0.4051151894633058
90,2023,10,1.0,catboost_regressor,0.3223692408284844
90,2023,11,0.0,catboost_regressor,0.7083097675193031
90,2023,12,0.0,catboost_regressor,0.251179215434546
90,2024,1,0.0,catboost_regressor,0.536397970350338
90,2024,2,0.0,catboost_regressor,0.45344110922464753
90,2024,3,0.0,catboost_regressor,0.0
90,2024,4,0.0,catboost_regressor,0.0029948722255304094
90,2024,5,0.0,catboost_regressor,0.556508715582964
90,2024,6,0.0,catboost_regressor,0.0
91,2023,8,1.0,catboost_regressor,0.2608215523012667
91,2023,9,1.0,catboost_regressor,0.3493057050086916
91,2023,10,1.0,catboost_regressor,0.37406295001696777
91,2023,11,0.0,catboost_regressor,0.7191023587091162
91,2023,12,0.0,catboost_regressor,0.2742317045967906
91,2024,1,0.0,catboost_regressor,0.44910195907083084
91,2024,2,0.0,catboost_regressor,0.4032724622682491
91,2024,3,0.0,catboost_regressor,0.0
91,2024,4,0.0,catboost_regressor,0.06134527467612205
91,2024,5,0.0,catboost_regressor,0.5105500353325755
91,2024,6,0.0,catboost_regressor,0.057592631442861864
92,2023,8,0.0,catboost_regressor,0.5127684770919365
92,2023,9,0.0,catboost_regressor,1.0428647767618373
92,2023,10,0.0,catboost_regressor,0.18656923487553811
92,2023,11,0.0,catboost_regressor,0.5217327962680072
92,2023,12,1.0,catboost_regressor,0.0
92,2024,1,1.0,catboost_regressor,0.15553888341826938
92,2024,2,1.0,catboost_regressor,0.4564145019286425
92,2024,3,0.0,catboost_regressor,0.2808464126676544
92,2024,4,0.0,catboost_regressor,0.3593229022510178
92,2024,5,0.0,catboost_regressor,0.9436886457147386
92,2024,6,0.0,catboost_regressor,0.3544783932994594
93,2023,8,0.0,catboost_regressor,0.5287974319779682
93,2023,9,0.0,catboost_regressor,0.7267500058240706
93,2023,10,0.0,catboost_regressor,0.11785336798897794
93,2023,11,0.0,catboost_regressor,0.32006730461624644
93,2023,12,1.0,catboost_regressor,0.0
93,2024,1,1.0,catboost_regressor,0.1413923670318853
93,2024,2,1.0,catboost_regressor,0.3813008820191335
93,2024,3,0.0,catboost_regressor,0.26303570524566133
93,2024,4,0.0,catboost_regressor,0.448624628587307
93,2024,5,0.0,catboost_regressor,0.6766748740826735
93,2024,6,0.0,catboost_regressor,0.4147674227919964
94,2023,8,1.0,catboost_regressor,1.547096418397408
94,2023,9,1.0,catboost_regressor,1.8706548189153107
94,2023,10,1.0,catboost_regressor,1.3905846734943925
94,2023,11,1.0,catboost_regressor,1.6647542559092536
94,2023,12,1.0,catboost_regressor,1.0586645875366443
94,2024,1,2.0,catboost_regressor,1.196028812379656
94,2024,2,1.0,catboost_regressor,1.2524780798880875
94,2024,3,1.0,catboost_regressor,0.79504991421237
94,2024,4,0.0,catboost_regressor,1.02192304105675
94,2024,5,0.0,catboost_regressor,1.2899745832711074
94,2024,6,1.0,catboost_regressor,0.8761884128149791
95,2023,8,0.0,catboost_regressor,0.7037818238869573
95,2023,9,0.0,catboost_regressor,0.842296815914301
95,2023,10,1.0,catboost_regressor,0.7317954065053751
95,2023,11,1.0,catboost_regressor,0.9132086305834474
95,2023,12,1.0,catboost_regressor,0.732755277517479
95,2024,1,0.0,catboost_regressor,0.866060172421158
95,2024,2,0.0,catboost_regressor,0.9499934069787405
95,2024,3,0.0,catboost_regressor,0.818323220704807
95,2024,4,0.0,catboost_regressor,0.581600968950048
95,2024,5,0.0,catboost_regressor,0.975024237092284
95,2024,6,0.0,catboost_regressor,0.7155798363959117
96,2023,8,0.0,catboost_regressor,0.7228321478905309
96,2023,9,0.0,catboost_regressor,0.8865517237937348
96,2023,10,1.0,catboost_regressor,0.7517037558853372
96,2023,11,1.0,catboost_regressor,0.8665294336818197
96,2023,12,1.0,catboost_regressor,0.7050420609191705
96,2024,1,0.0,catboost_regressor,0.8434604069013746
96,2024,2,0.0,catboost_regressor,1.2120557032520707
96,2024,3,0.0,catboost_regressor,0.7310935127089975
96,2024,4,0.0,catboost_regressor,0.6347606250754778
96,2024,5,1.0,catboost_regressor,0.9944106303515603
96,2024,6,1.0,catboost_regressor,0.7959899732443331
97,2023,8,2.0,catboost_regressor,0.5783221481220712
97,2023,9,1.0,catboost_regressor,0.7163331531160209
97,2023,10,2.0,catboost_regressor,0.4278825731974192
97,2023,11,2.0,catboost_regressor,0.7710227181286734
97,2023,12,2.0,catboost_regressor,0.29828775960873255
97,2024,1,1.0,catboost_regressor,0.8088860961400456
97,2024,2,0.0,catboost_regressor,1.4218446452615314
97,2024,3,0.0,catboost_regressor,1.0129910914228446
97,2024,4,0.0,catboost_regressor,0.9731529465658612
97,2024,5,0.0,catboost_regressor,1.1981054214262994
97,2024,6,0.0,catboost_regressor,0.6564852956721476
98,2023,8,2.0,catboost_regressor,0.5382791307024469
98,2023,9,1.0,catboost_regressor,0.6458445557409056
98,2023,10,2.0,catboost_regressor,0.3632226098159501
98,2023,11,2.0,catboost_regressor,0.7224555553613148
98,2023,12,2.0,catboost_regressor,0.21142051696776765
98,2024,1,1.0,catboost_regressor,0.7090057814114812
98,2024,2,0.0,catboost_regressor,1.2547142344603737
98,2024,3,0.0,catboost_regressor,0.8911760734286421
98,2024,4,0.0,catboost_regressor,0.9211399536609935
98,2024,5,0.0,catboost_regressor,1.0706312615708162
98,2024,6,0.0,catboost_regressor,0.586056306246789
99,2023,8,0.0,catboost_regressor,0.9747668092125232
99,2023,9,1.0,catboost_regressor,1.4304423599801113
99,2023,10,2.0,catboost_regressor,1.2714635227943931
99,2023,11,4.0,catboost_regressor,1.4153075292102966
99,2023,12,3.0,catboost_regressor,0.7182469023791442
99,2024,1,4.0,catboost_regressor,1.292438972815288
99,2024,2,3.0,catboost_regressor,1.4510699998520904
99,2024,3,4.0,catboost_regressor,1.1805930459934622
99,2024,4,3.0,catboost_regressor,1.1140966010241353
99,2024,5,2.0,catboost_regressor,2.08587134225005
99,2024,6,3.0,catboost_regressor,2.0444728279144897
100,2023,8,0.0,catboost_regressor,2.466697434983983
100,2023,9,1.0,catboost_regressor,2.437307315110824
100,2023,10,2.0,catboost_regressor,1.9506663437090905
100,2023,11,4.0,catboost_regressor,1.6355553642075242
100,2023,12,3.0,catboost_regressor,1.3527140628107805
100,2024,1,4.0,catboost_regressor,2.33527619996857
100,2024,2,3.0,catboost_regressor,2.7056806860262776
100,2024,3,4.0,catboost_regressor,2.4078669592568582
100,2024,4,3.0,catboost_regressor,2.9019378253095085
100,2024,5,2.0,catboost_regressor,4.055958680026023
100,2024,6,3.0,catboost_regressor,4.464304537344011
101,2023,8,6.0,catboost_regressor,1.672807011334985
101,2023,9,4.0,catboost_regressor,1.7371968329721232
101,2023,10,3.0,catboost_regressor,1.73347283285406
101,2023,11,3.0,catboost_regressor,2.898200063172353
101,2023,12,4.0,catboost_regressor,2.44391061168497
101,2024,1,3.0,catboost_regressor,1.9096246770275815
101,2024,2,1.0,catboost_regressor,2.4641632161790428
101,2024,3,1.0,catboost_regressor,2.465886162952637
101,2024,4,3.0,catboost_regressor,2.3056925534096724
101,2024,5,5.0,catboost_regressor,2.4194482992318385
101,2024,6,4.0,catboost_regressor,1.629433673133831
102,2023,8,6.0,catboost_regressor,1.7621003479547817
102,2023,9,4.0,catboost_regressor,1.8187881865714282
102,2023,10,3.0,catboost_regressor,1.8158471926040471
102,2023,11,3.0,catboost_regressor,2.8016044761759424
102,2023,12,4.0,catboost_regressor,2.4468883174854086
102,2024,1,3.0,catboost_regressor,1.7943922186764714
102,2024,2,1.0,catboost_regressor,2.2808111249946457
102,2024,3,1.0,catboost_regressor,2.4439783693022727
102,2024,4,3.0,catboost_regressor,2.203629871032907
102,2024,5,5.0,catboost_regressor,2.3784950569709356
102,2024,6,4.0,catboost_regressor,1.361901672687296
103,2023,8,1.0,catboost_regressor,0.39751999297029883
103,2023,9,0.0,catboost_regressor,0.780714827649791
103,2023,10,0.0,catboost_regressor,0.28163393850526197
103,2023,11,0.0,catboost_regressor,0.4675712890051471
103,2023,12,0.0,catboost_regressor,0.30281588696293604
103,2024,1,0.0,catboost_regressor,0.27230797135433393
103,2024,2,0.0,catboost_regressor,0.3113204934252696
103,2024,3,0.0,catboost_regressor,0.0
103,2024,4,0.0,catboost_regressor,0.145163842767414
103,2024,5,0.0,catboost_regressor,0.3766920909538247
103,2024,6,0.0,catboost_regressor,0.06607057160753005
104,2023,8,1.0,catboost_regressor,0.35773378901453157
104,2023,9,0.0,catboost_regressor,0.681817852973012
104,2023,10,0.0,catboost_regressor,0.32645411618845754
104,2023,11,0.0,catboost_regressor,0.5296123569935666
104,2023,12,0.0,catboost_regressor,0.22842052121703715
104,2024,1,0.0,catboost_regressor,0.31039146635017856
104,2024,2,0.0,catboost_regressor,0.4716462862991977
104,2024,3,0.0,catboost_regressor,0.000923857605993117
104,2024,4,0.0,catboost_regressor,0.21622980641258271
104,2024,5,0.0,catboost_regressor,0.40438413584431643
104,2024,6,0.0,catboost_regressor,0.19196251678937282
105,2023,8,1.0,catboost_regressor,0.9174253656871438
105,2023,9,1.0,catboost_regressor,0.7115369226693388
105,2023,10,1.0,catboost_regressor,0.5106382931506569
105,2023,11,1.0,catboost_regressor,0.811086375435563
105,2023,12,1.0,catboost_regressor,0.591004856090199
105,2024,1,1.0,catboost_regressor,0.5590617608901969
105,2024,2,0.0,catboost_regressor,0.7964822755554457
105,2024,3,0.0,catboost_regressor,0.5751879782610149
105,2024,4,0.0,catboost_regressor,0.4812092165088978
105,2024,5,0.0,catboost_regressor,0.5178251188569285
105,2024,6,0.0,catboost_regressor,0.5018613841592027
106,2023,8,1.0,catboost_regressor,0.8588392031788452
106,2023,9,1.0,catboost_regressor,0.6514864153785281
106,2023,10,1.0,catboost_regressor,0.6607448738095621
106,2023,11,1.0,catboost_regressor,0.8598057903429343
106,2023,12,1.0,catboost_regressor,0.42535263119443545
106,2024,1,1.0,catboost_regressor,0.6515811927295162
106,2024,2,0.0,catboost_regressor,0.8410867694425799
106,2024,3,0.0,catboost_regressor,0.36944257589147844
106,2024,4,0.0,catboost_regressor,0.2904341197869704
106,2024,5,0.0,catboost_regressor,0.3948074746778153
106,2024,6,0.0,catboost_regressor,0.3384394784835626
107,2023,8,7.0,catboost_regressor,7.062396951006845
107,2023,9,5.0,catboost_regressor,7.77666789238074
107,2023,10,2.0,catboost_regressor,7.223673190003868
107,2023,11,3.0,catboost_regressor,6.682418771153316
107,2023,12,4.0,catboost_regressor,5.957879446343798
107,2024,1,4.0,catboost_regressor,5.877719211496547
107,2024,2,5.0,catboost_regressor,7.034059441981442
107,2024,3,5.0,catboost_regressor,6.340916321937666
107,2024,4,5.0,catboost_regressor,6.08804477940887
107,2024,5,2.0,catboost_regressor,6.574197448148315
107,2024,6,3.0,catboost_regressor,6.860153962513888
108,2023,8,0.0,catboost_regressor,1.0019634312792451
108,2023,9,0.0,catboost_regressor,1.396755205131351
108,2023,10,0.0,catboost_regressor,0.7122875949494605
108,2023,11,0.0,catboost_regressor,0.6962422887989222
108,2023,12,0.0,catboost_regressor,0.4199701245441384
108,2024,1,0.0,catboost_regressor,0.3344641208307575
108,2024,2,0.0,catboost_regressor,0.5840510393044328
108,2024,3,0.0,catboost_regressor,0.7668364266670029
108,2024,4,1.0,catboost_regressor,0.5193926464950416
108,2024,5,2.0,catboost_regressor,0.8778671656281685
108,2024,6,3.0,catboost_regressor,0.6143305632811891
109,2023,8,0.0,catboost_regressor,1.457367983969112
109,2023,9,0.0,catboost_regressor,1.7335090006783336
109,2023,10,0.0,catboost_regressor,1.3179264887049558
109,2023,11,0.0,catboost_regressor,1.0564087234566455
109,2023,12,0.0,catboost_regressor,0.5264467699081323
109,2024,1,0.0,catboost_regressor,0.8944105080299702
109,2024,2,0.0,catboost_regressor,1.4570862979362746
109,2024,3,0.0,catboost_regressor,1.3566290993018426
109,2024,4,0.0,catboost_regressor,1.1521707362186475
109,2024,5,0.0,catboost_regressor,2.1562741350709773
109,2024,6,2.0,catboost_regressor,1.470046113706891
110,2023,8,1.0,catboost_regressor,1.9266203001215136
110,2023,9,1.0,catboost_regressor,2.174608512658276
110,2023,10,1.0,catboost_regressor,1.2604454058465404
110,2023,11,1.0,catboost_regressor,1.9299520582248197
110,2023,12,1.0,catboost_regressor,0.8806383234011449
110,2024,1,2.0,catboost_regressor,1.5939825483823022
110,2024,2,1.0,catboost_regressor,1.9934905407073635
110,2024,3,1.0,catboost_regressor,1.6551693988119174
110,2024,4,0.0,catboost_regressor,1.4941023438259315
110,2024,5,0.0,catboost_regressor,2.048402744765865
110,2024,6,1.0,catboost_regressor,1.8517896622784442
111,2023,8,6.0,catboost_regressor,2.0963040211642983
111,2023,9,6.0,catboost_regressor,2.4322793761598027
111,2023,10,2.0,catboost_regressor,2.383310530798032
111,2023,11,1.0,catboost_regressor,3.1637239449611583
111,2023,12,1.0,catboost_regressor,2.7037668852021337
111,2024,1,3.0,catboost_regressor,2.285344889936394
111,2024,2,3.0,catboost_regressor,2.4841720889564503
111,2024,3,4.0,catboost_regressor,2.4026595948799745
111,2024,4,3.0,catboost_regressor,2.061830990854836
111,2024,5,3.0,catboost_regressor,1.8825783191541192
111,2024,6,1.0,catboost_regressor,1.8522149797038128
112,2023,8,1.0,catboost_regressor,0.9512570301516351
112,2023,9,1.0,catboost_regressor,1.5567808061782835
112,2023,10,1.0,catboost_regressor,0.9031664751957083
112,2023,11,1.0,catboost_regressor,1.1499171871732328
112,2023,12,0.0,catboost_regressor,0.6221988532496256
112,2024,1,0.0,catboost_regressor,0.5775477799473525
112,2024,2,0.0,catboost_regressor,0.838516439392263
112,2024,3,0.0,catboost_regressor,0.8387489034898092
112,2024,4,0.0,catboost_regressor,0.46581622915243215
112,2024,5,2.0,catboost_regressor,0.9350607505863945
112,2024,6,2.0,catboost_regressor,0.6277626981206488
113,2023,8,2.0,catboost_regressor,0.7483889217854577
113,2023,9,2.0,catboost_regressor,1.018333546285885
113,2023,10,1.0,catboost_regressor,0.9733127246797717
113,2023,11,1.0,catboost_regressor,1.2764737346344406
113,2023,12,0.0,catboost_regressor,0.6943305390673472
113,2024,1,0.0,catboost_regressor,0.7620523625265164
113,2024,2,0.0,catboost_regressor,0.6457429582322054
113,2024,3,0.0,catboost_regressor,0.6615735500243943
113,2024,4,0.0,catboost_regressor,0.5598452477675879
113,2024,5,0.0,catboost_regressor,0.7363374885105886
113,2024,6,0.0,catboost_regressor,0.6960745207839704
114,2023,8,2.0,catboost_regressor,0.8119756066798588
114,2023,9,2.0,catboost_regressor,0.9558371715404027
114,2023,10,1.0,catboost_regressor,0.6690558657519237
114,2023,11,1.0,catboost_regressor,1.1513561558197998
114,2023,12,0.0,catboost_regressor,0.6588399895591104
114,2024,1,0.0,catboost_regressor,0.748767622357974
114,2024,2,0.0,catboost_regressor,0.8048741025357405
114,2024,3,0.0,catboost_regressor,0.629663203362356
114,2024,4,0.0,catboost_regressor,0.6459939326650993
114,2024,5,0.0,catboost_regressor,0.6281871863514066
114,2024,6,0.0,catboost_regressor,0.5931198357901033
115,2023,8,5.0,catboost_regressor,2.198957916599913
115,2023,9,5.0,catboost_regressor,2.0782603502920143
115,2023,10,4.0,catboost_regressor,1.8258831015975465
115,2023,11,4.0,catboost_regressor,2.9611539157232922
115,2023,12,3.0,catboost_regressor,2.3228448603078498
115,2024,1,3.0,catboost_regressor,2.5351147750055514
115,2024,2,3.0,catboost_regressor,3.450440131908409
115,2024,3,2.0,catboost_regressor,3.360122488648416
115,2024,4,3.0,catboost_regressor,2.7213353346338787
115,2024,5,2.0,catboost_regressor,3.2935103503960925
115,2024,6,2.0,catboost_regressor,2.768312732310269
116,2023,8,2.0,catboost_regressor,0.6084446323208184
116,2023,9,2.0,catboost_regressor,0.7326300915722569
116,2023,10,1.0,catboost_regressor,0.4668529429127217
116,2023,11,2.0,catboost_regressor,1.0415355408745874
116,2023,12,2.0,catboost_regressor,0.5984804843165308
116,2024,1,2.0,catboost_regressor,0.3452806089613172
116,2024,2,2.0,catboost_regressor,0.6770115225804055
116,2024,3,2.0,catboost_regressor,0.5263341739841005
116,2024,4,2.0,catboost_regressor,0.314966533753528
116,2024,5,0.0,catboost_regressor,0.9290612287332949
116,2024,6,0.0,catboost_regressor,0.7101873553430211
117,2023,8,2.0,catboost_regressor,0.7623814121895374
117,2023,9,2.0,catboost_regressor,0.8457969360717124
117,2023,10,1.0,catboost_regressor,0.543943986932002
117,2023,11,2.0,catboost_regressor,1.015508131913094
117,2023,12,2.0,catboost_regressor,0.604512636092971
117,2024,1,2.0,catboost_regressor,0.2551266480425973
117,2024,2,2.0,catboost_regressor,0.7873561394391108
117,2024,3,2.0,catboost_regressor,0.6158596541793435
117,2024,4,2.0,catboost_regressor,0.5691704187552747
117,2024,5,0.0,catboost_regressor,0.917408610136691
117,2024,6,0.0,catboost_regressor,0.7789706813143729
118,2023,8,5.0,catboost_regressor,3.457123224062337
118,2023,9,5.0,catboost_regressor,3.2142070760752635
118,2023,10,4.0,catboost_regressor,2.4311616775102856
118,2023,11,2.0,catboost_regressor,3.3558999051285197
118,2023,12,2.0,catboost_regressor,3.5954546803776712
118,2024,1,2.0,catboost_regressor,3.5854606847299757
118,2024,2,3.0,catboost_regressor,4.305688996015938
118,2024,3,5.0,catboost_regressor,3.342944737192032
118,2024,4,5.0,catboost_regressor,3.294702120464359
118,2024,5,3.0,catboost_regressor,2.7652293314682534
118,2024,6,1.0,catboost_regressor,2.582734278244625
119,2023,8,5.0,catboost_regressor,2.394610167141458
119,2023,9,5.0,catboost_regressor,2.03120835308964
119,2023,10,4.0,catboost_regressor,1.192069479596673
119,2023,11,2.0,catboost_regressor,2.250913182789346
119,2023,12,2.0,catboost_regressor,2.302455892572353
119,2024,1,2.0,catboost_regressor,2.000262165797714
119,2024,2,3.0,catboost_regressor,2.171034753076265
119,2024,3,5.0,catboost_regressor,1.7391724496864758
119,2024,4,5.0,catboost_regressor,1.9044659637167207
119,2024,5,3.0,catboost_regressor,1.4171754336974733
119,2024,6,1.0,catboost_regressor,1.2462093711311508
120,2023,8,0.0,catboost_regressor,0.4032032713243169
120,2023,9,2.0,catboost_regressor,0.6204557611064484
120,2023,10,3.0,catboost_regressor,0.2743174060438447
120,2023,11,3.0,catboost_regressor,0.409631443750897
120,2023,12,1.0,catboost_regressor,0.1399738656424856
120,2024,1,0.0,catboost_regressor,0.19625470091209718
120,2024,2,1.0,catboost_regressor,0.36576278374345705
120,2024,3,1.0,catboost_regressor,0.2921836224137335
120,2024,4,1.0,catboost_regressor,0.19705118894707696
120,2024,5,0.0,catboost_regressor,0.8370475314089507
120,2024,6,1.0,catboost_regressor,0.4754692004507767
121,2023,8,0.0,catboost_regressor,0.4204372150966459
121,2023,9,2.0,catboost_regressor,0.5951356716179836
121,2023,10,3.0,catboost_regressor,0.2166910291465871
121,2023,11,3.0,catboost_regressor,0.49864375002054373
121,2023,12,1.0,catboost_regressor,0.4144174846591281
121,2024,1,0.0,catboost_regressor,0.11868956454696589
121,2024,2,1.0,catboost_regressor,0.629631150457592
121,2024,3,1.0,catboost_regressor,0.6133440669871736
121,2024,4,1.0,catboost_regressor,0.4639892787441753
121,2024,5,0.0,catboost_regressor,1.2653112464900753
121,2024,6,1.0,catboost_regressor,0.6028819112006538
122,2023,8,3.0,catboost_regressor,2.2042752204311142
122,2023,9,2.0,catboost_regressor,1.7652094048854918
122,2023,10,3.0,catboost_regressor,2.0660470228147068
122,2023,11,4.0,catboost_regressor,2.382011478124179
122,2023,12,3.0,catboost_regressor,2.424455629856787
122,2024,1,4.0,catboost_regressor,2.3649868958515308
122,2024,2,4.0,catboost_regressor,3.3746429930026043
122,2024,3,4.0,catboost_regressor,3.1758015339044574
122,2024,4,1.0,catboost_regressor,2.5072983439268244
122,2024,5,0.0,catboost_regressor,3.6502118675073416
122,2024,6,0.0,catboost_regressor,3.2885545831273735
124,2023,8,0.0,catboost_regressor,0.908847828860351
124,2023,9,1.0,catboost_regressor,1.2960232708948691
124,2023,10,1.0,catboost_regressor,0.7849024809821673
124,2023,11,1.0,catboost_regressor,0.7257856220239718
124,2023,12,0.0,catboost_regressor,0.3526572482634436
124,2024,1,1.0,catboost_regressor,0.3178414650111321
124,2024,2,1.0,catboost_regressor,0.42560368447912833
124,2024,3,1.0,catboost_regressor,0.4261820998446454
124,2024,4,0.0,catboost_regressor,0.455716534763035
124,2024,5,0.0,catboost_regressor,0.5687900478535871
125,2023,8,4.0,catboost_regressor,2.7529571101876007
125,2023,9,3.0,catboost_regressor,2.1640861846724193
125,2023,10,3.0,catboost_regressor,2.420207212956077
125,2023,11,4.0,catboost_regressor,2.9166798950463675
125,2023,12,3.0,catboost_regressor,2.9469175803468977
125,2024,1,4.0,catboost_regressor,2.495232584378085
125,2024,2,4.0,catboost_regressor,3.354685254132948
125,2024,3,4.0,catboost_regressor,3.1827072031025105
125,2024,4,1.0,catboost_regressor,2.6029193240381794
125,2024,5,0.0,catboost_regressor,3.5419724843851093
125,2024,6,0.0,catboost_regressor,3.185191131185109
126,2023,8,3.0,catboost_regressor,2.279430107629067
126,2023,9,2.0,catboost_regressor,2.0171471904986804
126,2023,10,2.0,catboost_regressor,1.6574146746550644
126,2023,11,3.0,catboost_regressor,1.5936848434440634
126,2023,12,2.0,catboost_regressor,1.4426498114260065
126,2024,1,1.0,catboost_regressor,1.3834585200496445
126,2024,2,0.0,catboost_regressor,1.843683136271752
126,2024,3,0.0,catboost_regressor,2.041872992670493
126,2024,4,1.0,catboost_regressor,1.4388238393052213
126,2024,5,1.0,catboost_regressor,1.8628057286350068
126,2024,6,2.0,catboost_regressor,1.6216992013778837
127,2023,8,2.0,catboost_regressor,0.641341976741249
127,2023,9,2.0,catboost_regressor,1.228323682436002
127,2023,10,2.0,catboost_regressor,0.6718534325541515
127,2023,11,1.0,catboost_regressor,1.229941763230847
127,2023,12,0.0,catboost_regressor,0.5949568965558587
127,2024,1,2.0,catboost_regressor,0.8834218496130308
127,2024,2,2.0,catboost_regressor,0.9747660342345459
127,2024,3,3.0,catboost_regressor,0.7523673817194981
127,2024,4,1.0,catboost_regressor,0.6015868296369247
127,2024,5,3.0,catboost_regressor,1.4589976016386144
127,2024,6,2.0,catboost_regressor,1.0403201978154655
128,2023,8,1.0,catboost_regressor,1.0112603685734682
128,2023,9,0.0,catboost_regressor,1.4755190470687851
128,2023,10,0.0,catboost_regressor,1.3222405026554491
128,2023,11,0.0,catboost_regressor,1.3857323715736167
128,2023,12,0.0,catboost_regressor,1.0287803033531433
128,2024,1,0.0,catboost_regressor,0.9304255950240687
128,2024,2,0.0,catboost_regressor,1.0358992871096286
128,2024,3,1.0,catboost_regressor,0.9271809282405854
128,2024,4,1.0,catboost_regressor,0.6487877834351738
128,2024,5,1.0,catboost_regressor,1.1262520188617862
128,2024,6,0.0,catboost_regressor,0.9307294346021953
129,2023,8,1.0,catboost_regressor,1.007764252318454
129,2023,9,0.0,catboost_regressor,1.4566722313790925
129,2023,10,0.0,catboost_regressor,1.3224016681526225
129,2023,11,0.0,catboost_regressor,1.3448798981276588
129,2023,12,0.0,catboost_regressor,1.0274310140205056
129,2024,1,0.0,catboost_regressor,0.7868190204880651
129,2024,2,0.0,catboost_regressor,1.101917086844635
129,2024,3,1.0,catboost_regressor,0.9280003641622444
129,2024,4,1.0,catboost_regressor,0.5693170687483525
129,2024,5,1.0,catboost_regressor,1.0914267695457516
129,2024,6,0.0,catboost_regressor,1.0089204223756052
131,2023,8,0.0,catboost_regressor,0.5788573329288051
131,2023,9,0.0,catboost_regressor,0.7381398687948374
131,2023,10,0.0,catboost_regressor,0.43193408893714536
131,2023,11,0.0,catboost_regressor,0.7894041933133615
131,2023,12,0.0,catboost_regressor,0.3041452717563452
131,2024,1,0.0,catboost_regressor,0.26549578136983354
131,2024,2,0.0,catboost_regressor,0.5235847294509233
131,2024,3,1.0,catboost_regressor,0.4510719868700013
131,2024,4,1.0,catboost_regressor,0.4977832531395844
131,2024,5,1.0,catboost_regressor,0.7249670368309354
131,2024,6,0.0,catboost_regressor,0.6811283509065916
132,2023,8,0.0,catboost_regressor,0.24732272437807068
132,2023,9,0.0,catboost_regressor,0.7322499568834189
132,2023,10,0.0,catboost_regressor,0.2710301758696174
132,2023,11,0.0,catboost_regressor,0.43154538654813546
132,2023,12,0.0,catboost_regressor,0.0
132,2024,1,0.0,catboost_regressor,0.2118897682633698
132,2024,2,0.0,catboost_regressor,0.24979526370902705
132,2024,3,0.0,catboost_regressor,0.0
132,2024,4,0.0,catboost_regressor,0.023505781608980536
132,2024,5,0.0,catboost_regressor,0.4729786655915621
132,2024,6,0.0,catboost_regressor,0.10334014567038641
133,2023,8,0.0,catboost_regressor,0.5510571547517636
133,2023,9,0.0,catboost_regressor,0.8308551684627585
133,2023,10,0.0,catboost_regressor,0.5718668301902867
133,2023,11,0.0,catboost_regressor,0.8212723940691047
133,2023,12,0.0,catboost_regressor,0.24254077065894797
133,2024,1,0.0,catboost_regressor,0.5831112209821988
133,2024,2,0.0,catboost_regressor,0.591290651788973
133,2024,3,0.0,catboost_regressor,0.3394258937721297
133,2024,4,0.0,catboost_regressor,0.29108570230821695
133,2024,5,0.0,catboost_regressor,0.694646186842714
133,2024,6,0.0,catboost_regressor,0.365687957778734
134,2023,8,0.0,catboost_regressor,0.4191066181212917
134,2023,9,0.0,catboost_regressor,0.5872796974743008
134,2023,10,0.0,catboost_regressor,0.33982121602499693
134,2023,11,0.0,catboost_regressor,0.2728179026402302
134,2023,12,0.0,catboost_regressor,0.10980269431126888
134,2024,1,0.0,catboost_regressor,0.335706288071955
134,2024,2,0.0,catboost_regressor,0.40758358425114993
134,2024,3,0.0,catboost_regressor,0.14957331623431203
134,2024,4,0.0,catboost_regressor,0.0
134,2024,5,0.0,catboost_regressor,0.48084319506892825
134,2024,6,0.0,catboost_regressor,0.23464427809005484
135,2023,8,0.0,catboost_regressor,0.7512621784096403
135,2023,9,0.0,catboost_regressor,0.7586426802258652
135,2023,10,0.0,catboost_regressor,0.7348416020262616
135,2023,11,0.0,catboost_regressor,1.0398928098268105
135,2023,12,0.0,catboost_regressor,0.8324244221829078
135,2024,1,0.0,catboost_regressor,0.9494561615630877
135,2024,2,0.0,catboost_regressor,1.0465025651825866
135,2024,3,0.0,catboost_regressor,0.6960878038404359
135,2024,4,0.0,catboost_regressor,0.5193229150798936
135,2024,5,0.0,catboost_regressor,0.8767506354794538
135,2024,6,0.0,catboost_regressor,0.6752279396511197
136,2023,8,2.0,catboost_regressor,1.1257924183605805
136,2023,9,2.0,catboost_regressor,1.0576944870990326
136,2023,10,1.0,catboost_regressor,0.9282989320750332
136,2023,11,1.0,catboost_regressor,1.9555455184277433
136,2023,12,1.0,catboost_regressor,1.0244090980756515
136,2024,1,1.0,catboost_regressor,0.9675219295570968
136,2024,2,0.0,catboost_regressor,1.3270354094456012
136,2024,3,0.0,catboost_regressor,1.0053410217424779
136,2024,4,0.0,catboost_regressor,1.0001157797012388
136,2024,5,0.0,catboost_regressor,1.340723177600848
136,2024,6,2.0,catboost_regressor,0.8721296055193027
137,2023,8,2.0,catboost_regressor,3.3178517214393457
137,2023,9,3.0,catboost_regressor,3.849427651402549
137,2023,10,3.0,catboost_regressor,2.466204452125449
137,2023,11,4.0,catboost_regressor,2.622820663977289
137,2023,12,2.0,catboost_regressor,2.0761449264805543
137,2024,1,2.0,catboost_regressor,2.743848991171607
137,2024,2,2.0,catboost_regressor,2.2735554115131418
137,2024,3,2.0,catboost_regressor,2.130243202518896
137,2024,4,1.0,catboost_regressor,1.9496008874363315
137,2024,5,0.0,catboost_regressor,2.1545215769991053
137,2024,6,2.0,catboost_regressor,2.3968313004020754
138,2023,8,3.0,catboost_regressor,3.885168456523518
138,2023,9,4.0,catboost_regressor,4.221520654664316
138,2023,10,4.0,catboost_regressor,3.5032745730676047
138,2023,11,4.0,catboost_regressor,3.033264097852018
138,2023,12,3.0,catboost_regressor,2.631316034648159
138,2024,1,3.0,catboost_regressor,3.7998846755609885
138,2024,2,3.0,catboost_regressor,4.633395447062979
138,2024,3,2.0,catboost_regressor,4.1089789658966716
138,2024,4,1.0,catboost_regressor,4.051623534855308
138,2024,5,0.0,catboost_regressor,4.346059182268069
138,2024,6,1.0,catboost_regressor,3.5899009014727112
139,2023,8,2.0,catboost_regressor,1.0502973953130426
139,2023,9,0.0,catboost_regressor,1.6237242206289892
139,2023,10,0.0,catboost_regressor,1.234917790414875
139,2023,11,0.0,catboost_regressor,1.3740785208913755
139,2023,12,0.0,catboost_regressor,0.5937478031029757
139,2024,1,0.0,catboost_regressor,1.1047772313041249
139,2024,2,1.0,catboost_regressor,0.8411409770030644
139,2024,3,1.0,catboost_regressor,0.8910377570002943
139,2024,4,2.0,catboost_regressor,0.7584846968222563
139,2024,5,1.0,catboost_regressor,1.3198525691710836
139,2024,6,1.0,catboost_regressor,1.0360801093743253
140,2023,8,6.0,catboost_regressor,4.220367130813539
140,2023,9,3.0,catboost_regressor,4.782652689021548
140,2023,10,3.0,catboost_regressor,3.806018156170178
140,2023,11,2.0,catboost_regressor,4.249921558688801
140,2023,12,3.0,catboost_regressor,3.5594442790642984
140,2024,1,1.0,catboost_regressor,2.3685969102815125
140,2024,2,4.0,catboost_regressor,3.774156788365191
140,2024,3,3.0,catboost_regressor,4.189621525394495
140,2024,4,6.0,catboost_regressor,2.70794238611189
140,2024,5,3.0,catboost_regressor,4.297497836547894
140,2024,6,7.0,catboost_regressor,3.4545899958827304
143,2023,12,5.0,catboost_regressor,4.10523844336202
143,2024,1,4.0,catboost_regressor,4.352236366350505
143,2024,2,4.0,catboost_regressor,6.817186519711244
143,2024,3,3.0,catboost_regressor,6.51840618729525
143,2024,4,2.0,catboost_regressor,6.682094222695275
143,2024,5,0.0,catboost_regressor,7.385475036913212
143,2024,6,6.0,catboost_regressor,6.450774347542359
1,2023,8,2.0,xgboost_regressor,0.8640241026878357
1,2023,9,3.0,xgboost_regressor,0.7685144543647766
1,2023,10,2.0,xgboost_regressor,0.5807743072509766
1,2023,11,1.0,xgboost_regressor,1.075968623161316
1,2023,12,0.0,xgboost_regressor,1.143151044845581
1,2024,1,1.0,xgboost_regressor,0.9855939745903015
1,2024,2,2.0,xgboost_regressor,2.2756896018981934
1,2024,3,2.0,xgboost_regressor,1.6557345390319824
1,2024,4,1.0,xgboost_regressor,1.4164854288101196
1,2024,5,1.0,xgboost_regressor,1.7097587585449219
1,2024,6,1.0,xgboost_regressor,1.4115229845046997
2,2023,8,4.0,xgboost_regressor,2.4665415287017822
2,2023,9,2.0,xgboost_regressor,2.7604143619537354
2,2023,10,2.0,xgboost_regressor,1.7583136558532715
2,2023,11,0.0,xgboost_regressor,2.3909637928009033
2,2023,12,2.0,xgboost_regressor,2.949307918548584
2,2024,1,2.0,xgboost_regressor,2.8168556690216064
2,2024,2,3.0,xgboost_regressor,3.8768210411071777
2,2024,3,1.0,xgboost_regressor,3.910156011581421
2,2024,4,1.0,xgboost_regressor,3.4470577239990234
2,2024,5,0.0,xgboost_regressor,3.8043832778930664
2,2024,6,0.0,xgboost_regressor,3.5762946605682373
3,2023,8,5.0,xgboost_regressor,2.6695728302001953
3,2023,9,3.0,xgboost_regressor,3.4526286125183105
3,2023,10,2.0,xgboost_regressor,2.265855550765991
3,2023,11,0.0,xgboost_regressor,2.9085469245910645
3,2023,12,2.0,xgboost_regressor,3.302281141281128
3,2024,1,2.0,xgboost_regressor,2.864999294281006
3,2024,2,3.0,xgboost_regressor,3.974294662475586
3,2024,3,1.0,xgboost_regressor,4.121757507324219
3,2024,4,1.0,xgboost_regressor,3.484622001647949
3,2024,5,0.0,xgboost_regressor,3.7941524982452393
3,2024,6,0.0,xgboost_regressor,3.9243242740631104
4,2023,8,3.0,xgboost_regressor,0.9333503246307373
4,2023,9,3.0,xgboost_regressor,1.0253574848175049
4,2023,10,2.0,xgboost_regressor,1.2718833684921265
4,2023,11,0.0,xgboost_regressor,1.229819416999817
4,2023,12,1.0,xgboost_regressor,1.4512518644332886
4,2024,1,1.0,xgboost_regressor,1.372101068496704
4,2024,2,1.0,xgboost_regressor,2.7377243041992188
4,2024,3,1.0,xgboost_regressor,2.3554508686065674
4,2024,4,1.0,xgboost_regressor,1.9304327964782715
4,2024,5,1.0,xgboost_regressor,2.5859954357147217
4,2024,6,0.0,xgboost_regressor,1.805041790008545
5,2023,8,3.0,xgboost_regressor,1.017743706703186
5,2023,9,3.0,xgboost_regressor,1.181228756904602
5,2023,10,2.0,xgboost_regressor,1.2951860427856445
5,2023,11,0.0,xgboost_regressor,1.0366790294647217
5,2023,12,1.0,xgboost_regressor,1.4416733980178833
5,2024,1,1.0,xgboost_regressor,1.5102365016937256
5,2024,2,1.0,xgboost_regressor,2.4236721992492676
5,2024,3,1.0,xgboost_regressor,2.2448558807373047
5,2024,4,1.0,xgboost_regressor,1.5048030614852905
5,2024,5,1.0,xgboost_regressor,2.4819047451019287
5,2024,6,0.0,xgboost_regressor,1.4811097383499146
6,2023,8,0.0,xgboost_regressor,2.8983283042907715
6,2023,9,1.0,xgboost_regressor,2.2363054752349854
6,2023,10,2.0,xgboost_regressor,0.9995259642601013
6,2023,11,2.0,xgboost_regressor,1.722493052482605
6,2023,12,2.0,xgboost_regressor,1.7482513189315796
6,2024,1,1.0,xgboost_regressor,1.5374952554702759
6,2024,2,3.0,xgboost_regressor,2.4823429584503174
6,2024,3,3.0,xgboost_regressor,1.5337592363357544
6,2024,4,6.0,xgboost_regressor,2.068539619445801
6,2024,5,4.0,xgboost_regressor,2.240312337875366
6,2024,6,4.0,xgboost_regressor,1.633039116859436
7,2023,8,0.0,xgboost_regressor,2.1086108684539795
7,2023,9,1.0,xgboost_regressor,2.074432373046875
7,2023,10,2.0,xgboost_regressor,1.1588737964630127
7,2023,11,2.0,xgboost_regressor,2.4022369384765625
7,2023,12,2.0,xgboost_regressor,2.5903494358062744
7,2024,1,1.0,xgboost_regressor,2.0634989738464355
7,2024,2,3.0,xgboost_regressor,2.868584394454956
7,2024,3,3.0,xgboost_regressor,2.4559719562530518
7,2024,4,6.0,xgboost_regressor,2.606926918029785
7,2024,5,4.0,xgboost_regressor,2.874382734298706
7,2024,6,4.0,xgboost_regressor,1.9591621160507202
8,2023,8,1.0,xgboost_regressor,0.3159121870994568
8,2023,9,1.0,xgboost_regressor,0.5166555643081665
8,2023,10,1.0,xgboost_regressor,0.5252656936645508
8,2023,11,0.0,xgboost_regressor,0.8057985305786133
8,2023,12,0.0,xgboost_regressor,1.055101752281189
8,2024,1,1.0,xgboost_regressor,0.8497097492218018
8,2024,2,1.0,xgboost_regressor,1.5793373584747314
8,2024,3,2.0,xgboost_regressor,0.9320577383041382
8,2024,4,1.0,xgboost_regressor,1.062625527381897
8,2024,5,1.0,xgboost_regressor,1.3909215927124023
8,2024,6,0.0,xgboost_regressor,0.9701952338218689
9,2023,8,1.0,xgboost_regressor,0.4982885420322418
9,2023,9,0.0,xgboost_regressor,1.200173020362854
9,2023,10,0.0,xgboost_regressor,0.8308899998664856
9,2023,11,2.0,xgboost_regressor,1.274038553237915
9,2023,12,2.0,xgboost_regressor,0.9072591066360474
9,2024,1,3.0,xgboost_regressor,0.819059431552887
9,2024,2,1.0,xgboost_regressor,1.3327752351760864
9,2024,3,1.0,xgboost_regressor,1.154327154159546
9,2024,4,0.0,xgboost_regressor,1.3598016500473022
9,2024,5,0.0,xgboost_regressor,1.8296420574188232
9,2024,6,0.0,xgboost_regressor,1.2534894943237305
10,2023,8,2.0,xgboost_regressor,0.6572014689445496
10,2023,9,2.0,xgboost_regressor,0.7078152894973755
10,2023,10,2.0,xgboost_regressor,0.780622661113739
10,2023,11,1.0,xgboost_regressor,1.0426836013793945
10,2023,12,0.0,xgboost_regressor,1.3591667413711548
10,2024,1,0.0,xgboost_regressor,1.0699105262756348
10,2024,2,0.0,xgboost_regressor,2.0584499835968018
10,2024,3,0.0,xgboost_regressor,1.5230202674865723
10,2024,4,1.0,xgboost_regressor,1.161095142364502
10,2024,5,1.0,xgboost_regressor,1.3708746433258057
10,2024,6,1.0,xgboost_regressor,0.8817107677459717
11,2023,8,2.0,xgboost_regressor,0.37907010316848755
11,2023,9,2.0,xgboost_regressor,0.6561511158943176
11,2023,10,3.0,xgboost_regressor,0.7457777261734009
11,2023,11,2.0,xgboost_regressor,0.7893020510673523
11,2023,12,2.0,xgboost_regressor,0.6927564144134521
11,2024,1,1.0,xgboost_regressor,0.843137264251709
11,2024,2,1.0,xgboost_regressor,1.6042742729187012
11,2024,3,0.0,xgboost_regressor,1.5943635702133179
11,2024,4,1.0,xgboost_regressor,1.2997626066207886
11,2024,5,1.0,xgboost_regressor,1.590399146080017
11,2024,6,1.0,xgboost_regressor,1.1493016481399536
13,2023,8,5.0,xgboost_regressor,1.4724470376968384
13,2023,9,5.0,xgboost_regressor,1.9405211210250854
13,2023,10,4.0,xgboost_regressor,1.4960007667541504
13,2023,11,1.0,xgboost_regressor,2.4630556106567383
13,2023,12,1.0,xgboost_regressor,1.8092920780181885
13,2024,1,2.0,xgboost_regressor,1.3272910118103027
13,2024,2,2.0,xgboost_regressor,2.463557481765747
13,2024,3,2.0,xgboost_regressor,2.2514612674713135
13,2024,4,1.0,xgboost_regressor,2.116565227508545
13,2024,5,1.0,xgboost_regressor,2.1989355087280273
13,2024,6,0.0,xgboost_regressor,1.7432150840759277
14,2023,8,3.0,xgboost_regressor,1.761116623878479
14,2023,9,2.0,xgboost_regressor,1.7243460416793823
14,2023,10,1.0,xgboost_regressor,1.5153297185897827
14,2023,11,1.0,xgboost_regressor,1.247890830039978
14,2023,12,1.0,xgboost_regressor,1.6419250965118408
14,2024,1,2.0,xgboost_regressor,1.9244656562805176
14,2024,2,3.0,xgboost_regressor,2.2680578231811523
14,2024,3,2.0,xgboost_regressor,2.0748870372772217
14,2024,4,3.0,xgboost_regressor,1.9973571300506592
14,2024,5,2.0,xgboost_regressor,2.83552622795105
14,2024,6,2.0,xgboost_regressor,2.2004830837249756
15,2023,8,4.0,xgboost_regressor,3.8314969539642334
15,2023,9,1.0,xgboost_regressor,4.191571235656738
15,2023,10,2.0,xgboost_regressor,3.9186489582061768
15,2023,11,4.0,xgboost_regressor,3.5340590476989746
15,2023,12,4.0,xgboost_regressor,3.3609628677368164
15,2024,1,3.0,xgboost_regressor,2.1531667709350586
15,2024,2,4.0,xgboost_regressor,4.347084045410156
15,2024,3,4.0,xgboost_regressor,3.856341600418091
15,2024,4,4.0,xgboost_regressor,3.077787399291992
15,2024,5,4.0,xgboost_regressor,4.03427267074585
15,2024,6,6.0,xgboost_regressor,3.6440377235412598
16,2023,8,8.0,xgboost_regressor,4.720095157623291
16,2023,9,9.0,xgboost_regressor,5.0171284675598145
16,2023,10,6.0,xgboost_regressor,3.9229085445404053
16,2023,11,3.0,xgboost_regressor,3.9344284534454346
16,2023,12,4.0,xgboost_regressor,4.192643642425537
16,2024,1,9.0,xgboost_regressor,4.0750837326049805
16,2024,2,11.0,xgboost_regressor,4.859303951263428
16,2024,3,11.0,xgboost_regressor,5.1978535652160645
16,2024,4,6.0,xgboost_regressor,4.830717086791992
16,2024,5,5.0,xgboost_regressor,5.082714080810547
16,2024,6,5.0,xgboost_regressor,4.258674621582031
17,2023,8,8.0,xgboost_regressor,4.205234050750732
17,2023,9,9.0,xgboost_regressor,4.102263450622559
17,2023,10,6.0,xgboost_regressor,3.8513870239257812
17,2023,11,3.0,xgboost_regressor,3.696995258331299
17,2023,12,4.0,xgboost_regressor,3.72347092628479
17,2024,1,9.0,xgboost_regressor,4.1690545082092285
17,2024,2,11.0,xgboost_regressor,4.613654136657715
17,2024,3,11.0,xgboost_regressor,4.893554210662842
17,2024,4,6.0,xgboost_regressor,4.489747047424316
17,2024,5,5.0,xgboost_regressor,3.7205371856689453
17,2024,6,5.0,xgboost_regressor,3.592649459838867
18,2023,8,4.0,xgboost_regressor,3.4123075008392334
18,2023,9,1.0,xgboost_regressor,4.166114330291748
18,2023,10,2.0,xgboost_regressor,4.38551664352417
18,2023,11,4.0,xgboost_regressor,3.97204327583313
18,2023,12,4.0,xgboost_regressor,3.317293167114258
18,2024,1,3.0,xgboost_regressor,2.14278507232666
18,2024,2,4.0,xgboost_regressor,3.8801772594451904
18,2024,3,4.0,xgboost_regressor,3.64495587348938
18,2024,4,4.0,xgboost_regressor,2.925448179244995
18,2024,5,4.0,xgboost_regressor,3.8658597469329834
18,2024,6,6.0,xgboost_regressor,3.593097448348999
19,2023,8,2.0,xgboost_regressor,0.522780179977417
19,2023,9,2.0,xgboost_regressor,0.6707362532615662
19,2023,10,2.0,xgboost_regressor,0.5678365230560303
19,2023,11,1.0,xgboost_regressor,0.6100764274597168
19,2023,12,1.0,xgboost_regressor,0.6175622940063477
19,2024,1,1.0,xgboost_regressor,0.4067858159542084
19,2024,2,1.0,xgboost_regressor,1.2511146068572998
19,2024,3,0.0,xgboost_regressor,0.9436497092247009
19,2024,4,1.0,xgboost_regressor,0.8782439231872559
19,2024,5,1.0,xgboost_regressor,1.3335356712341309
19,2024,6,1.0,xgboost_regressor,0.9715960025787354
20,2023,8,0.0,xgboost_regressor,0.7690255641937256
20,2023,9,1.0,xgboost_regressor,1.0201218128204346
20,2023,10,1.0,xgboost_regressor,0.9834142327308655
20,2023,11,1.0,xgboost_regressor,1.2864290475845337
20,2023,12,0.0,xgboost_regressor,1.0878933668136597
20,2024,1,0.0,xgboost_regressor,1.2209917306900024
20,2024,2,0.0,xgboost_regressor,1.749972939491272
20,2024,3,0.0,xgboost_regressor,1.2428547143936157
20,2024,4,0.0,xgboost_regressor,1.427571177482605
20,2024,5,0.0,xgboost_regressor,1.7320308685302734
20,2024,6,0.0,xgboost_regressor,1.3875049352645874
21,2023,8,0.0,xgboost_regressor,0.5044446587562561
21,2023,9,0.0,xgboost_regressor,1.1691261529922485
21,2023,10,0.0,xgboost_regressor,0.7552834749221802
21,2023,11,0.0,xgboost_regressor,1.221369743347168
21,2023,12,0.0,xgboost_regressor,0.6037353873252869
21,2024,1,0.0,xgboost_regressor,1.1875277757644653
21,2024,2,0.0,xgboost_regressor,1.8096108436584473
21,2024,3,0.0,xgboost_regressor,1.1153720617294312
21,2024,4,0.0,xgboost_regressor,1.065449595451355
21,2024,5,0.0,xgboost_regressor,1.678565263748169
21,2024,6,1.0,xgboost_regressor,1.3565995693206787
22,2023,8,2.0,xgboost_regressor,0.8380112648010254
22,2023,9,3.0,xgboost_regressor,1.3409857749938965
22,2023,10,6.0,xgboost_regressor,1.2306127548217773
22,2023,11,5.0,xgboost_regressor,1.7513370513916016
22,2023,12,5.0,xgboost_regressor,0.9846665263175964
22,2024,1,2.0,xgboost_regressor,1.8235321044921875
22,2024,2,3.0,xgboost_regressor,2.580514907836914
22,2024,3,3.0,xgboost_regressor,2.3137874603271484
22,2024,4,2.0,xgboost_regressor,1.5193403959274292
22,2024,5,2.0,xgboost_regressor,2.2206509113311768
22,2024,6,1.0,xgboost_regressor,1.6080313920974731
23,2023,8,3.0,xgboost_regressor,1.2395135164260864
23,2023,9,3.0,xgboost_regressor,1.4901621341705322
23,2023,10,4.0,xgboost_regressor,1.7085330486297607
23,2023,11,4.0,xgboost_regressor,1.8100109100341797
23,2023,12,4.0,xgboost_regressor,1.6540502309799194
23,2024,1,3.0,xgboost_regressor,2.3139889240264893
23,2024,2,3.0,xgboost_regressor,2.9306185245513916
23,2024,3,5.0,xgboost_regressor,2.976412773132324
23,2024,4,4.0,xgboost_regressor,2.8026602268218994
23,2024,5,3.0,xgboost_regressor,3.133776903152466
23,2024,6,1.0,xgboost_regressor,2.495906114578247
24,2023,8,2.0,xgboost_regressor,1.4006030559539795
24,2023,9,3.0,xgboost_regressor,1.5451387166976929
24,2023,10,5.0,xgboost_regressor,1.3328298330307007
24,2023,11,4.0,xgboost_regressor,1.930071234703064
24,2023,12,4.0,xgboost_regressor,1.7705272436141968
24,2024,1,2.0,xgboost_regressor,2.439394474029541
24,2024,2,3.0,xgboost_regressor,3.087271213531494
24,2024,3,5.0,xgboost_regressor,2.743666410446167
24,2024,4,4.0,xgboost_regressor,2.4130868911743164
24,2024,5,3.0,xgboost_regressor,3.0674376487731934
24,2024,6,1.0,xgboost_regressor,2.5309484004974365
25,2023,8,4.0,xgboost_regressor,2.2990362644195557
25,2023,9,3.0,xgboost_regressor,2.761718988418579
25,2023,10,5.0,xgboost_regressor,2.5538506507873535
25,2023,11,4.0,xgboost_regressor,1.9212757349014282
25,2023,12,4.0,xgboost_regressor,1.7963690757751465
25,2024,1,3.0,xgboost_regressor,2.8055362701416016
25,2024,2,3.0,xgboost_regressor,2.450617790222168
25,2024,3,5.0,xgboost_regressor,2.9947941303253174
25,2024,4,4.0,xgboost_regressor,2.5827407836914062
25,2024,5,3.0,xgboost_regressor,3.9855222702026367
25,2024,6,4.0,xgboost_regressor,3.6294102668762207
26,2023,8,3.0,xgboost_regressor,1.101932406425476
26,2023,9,3.0,xgboost_regressor,1.1343278884887695
26,2023,10,2.0,xgboost_regressor,0.944665253162384
26,2023,11,2.0,xgboost_regressor,1.4762117862701416
26,2023,12,1.0,xgboost_regressor,0.9363479018211365
26,2024,1,0.0,xgboost_regressor,1.5158690214157104
26,2024,2,0.0,xgboost_regressor,1.8360116481781006
26,2024,3,1.0,xgboost_regressor,1.5757910013198853
26,2024,4,1.0,xgboost_regressor,1.484798550605774
26,2024,5,1.0,xgboost_regressor,1.8489038944244385
26,2024,6,1.0,xgboost_regressor,1.2441763877868652
27,2023,8,2.0,xgboost_regressor,1.368639349937439
27,2023,9,3.0,xgboost_regressor,1.4799009561538696
27,2023,10,3.0,xgboost_regressor,1.4808070659637451
27,2023,11,2.0,xgboost_regressor,1.9482415914535522
27,2023,12,1.0,xgboost_regressor,1.3770123720169067
27,2024,1,0.0,xgboost_regressor,1.850016474723816
27,2024,2,1.0,xgboost_regressor,2.1919798851013184
27,2024,3,1.0,xgboost_regressor,1.8442497253417969
27,2024,4,1.0,xgboost_regressor,1.8292546272277832
27,2024,5,0.0,xgboost_regressor,2.096386432647705
27,2024,6,2.0,xgboost_regressor,1.1442731618881226
28,2023,8,0.0,xgboost_regressor,0.0
28,2023,9,0.0,xgboost_regressor,0.11733738332986832
28,2023,10,0.0,xgboost_regressor,0.1306675523519516
28,2023,11,0.0,xgboost_regressor,0.8688163161277771
28,2023,12,0.0,xgboost_regressor,0.586322546005249
28,2024,1,0.0,xgboost_regressor,0.6100267767906189
28,2024,2,0.0,xgboost_regressor,1.0821384191513062
28,2024,3,0.0,xgboost_regressor,0.9221142530441284
28,2024,4,0.0,xgboost_regressor,1.0582013130187988
28,2024,5,1.0,xgboost_regressor,1.1981520652770996
28,2024,6,1.0,xgboost_regressor,0.32641029357910156
29,2023,8,0.0,xgboost_regressor,0.33083322644233704
29,2023,9,0.0,xgboost_regressor,1.3751604557037354
29,2023,10,0.0,xgboost_regressor,0.8212769031524658
29,2023,11,1.0,xgboost_regressor,1.0639115571975708
29,2023,12,1.0,xgboost_regressor,0.4190334677696228
29,2024,1,1.0,xgboost_regressor,0.9902918934822083
29,2024,2,0.0,xgboost_regressor,1.5800554752349854
29,2024,3,0.0,xgboost_regressor,1.144128441810608
29,2024,4,0.0,xgboost_regressor,0.9711517691612244
29,2024,5,0.0,xgboost_regressor,0.9323362112045288
29,2024,6,0.0,xgboost_regressor,0.758518636226654
30,2023,8,2.0,xgboost_regressor,0.24718251824378967
30,2023,9,1.0,xgboost_regressor,0.8463853597640991
30,2023,10,0.0,xgboost_regressor,0.13120907545089722
30,2023,11,0.0,xgboost_regressor,0.7232871651649475
30,2023,12,0.0,xgboost_regressor,0.08980841189622879
30,2024,1,0.0,xgboost_regressor,0.5293740034103394
30,2024,2,0.0,xgboost_regressor,0.9409569501876831
30,2024,3,0.0,xgboost_regressor,0.5802447199821472
30,2024,4,0.0,xgboost_regressor,0.6549867391586304
30,2024,5,0.0,xgboost_regressor,1.2408369779586792
30,2024,6,0.0,xgboost_regressor,0.4001993238925934
31,2023,8,2.0,xgboost_regressor,0.44743308424949646
31,2023,9,1.0,xgboost_regressor,0.7042065858840942
31,2023,10,0.0,xgboost_regressor,0.2542477250099182
31,2023,11,0.0,xgboost_regressor,0.8339188694953918
31,2023,12,0.0,xgboost_regressor,0.5929076075553894
31,2024,1,0.0,xgboost_regressor,0.36036768555641174
31,2024,2,0.0,xgboost_regressor,1.0312175750732422
31,2024,3,0.0,xgboost_regressor,0.857065737247467
31,2024,4,0.0,xgboost_regressor,0.7918466329574585
31,2024,5,0.0,xgboost_regressor,1.5817992687225342
31,2024,6,0.0,xgboost_regressor,0.8739560842514038
32,2023,8,0.0,xgboost_regressor,0.18728797137737274
32,2023,9,0.0,xgboost_regressor,0.526013970375061
32,2023,10,0.0,xgboost_regressor,0.37568679451942444
32,2023,11,0.0,xgboost_regressor,0.6669946312904358
32,2023,12,0.0,xgboost_regressor,0.31176522374153137
32,2024,1,0.0,xgboost_regressor,0.3905969560146332
32,2024,2,0.0,xgboost_regressor,0.7943050265312195
32,2024,3,0.0,xgboost_regressor,0.39804717898368835
32,2024,4,0.0,xgboost_regressor,0.6893512010574341
32,2024,5,0.0,xgboost_regressor,0.8957330584526062
32,2024,6,0.0,xgboost_regressor,0.23479007184505463
33,2023,8,0.0,xgboost_regressor,0.207640141248703
33,2023,9,0.0,xgboost_regressor,0.5675886273384094
33,2023,10,0.0,xgboost_regressor,0.3253645598888397
33,2023,11,0.0,xgboost_regressor,0.6184064149856567
33,2023,12,0.0,xgboost_regressor,0.5582413673400879
33,2024,1,0.0,xgboost_regressor,0.5871192216873169
33,2024,2,0.0,xgboost_regressor,0.7855714559555054
33,2024,3,0.0,xgboost_regressor,0.6795946359634399
33,2024,4,0.0,xgboost_regressor,1.0461211204528809
33,2024,5,0.0,xgboost_regressor,1.11892831325531
33,2024,6,0.0,xgboost_regressor,0.537087619304657
34,2023,8,0.0,xgboost_regressor,0.0
34,2023,9,0.0,xgboost_regressor,0.10123582184314728
34,2023,10,0.0,xgboost_regressor,0.15597303211688995
34,2023,11,0.0,xgboost_regressor,0.7361846566200256
34,2023,12,0.0,xgboost_regressor,0.23589405417442322
34,2024,1,0.0,xgboost_regressor,0.6774671077728271
34,2024,2,0.0,xgboost_regressor,1.1925876140594482
34,2024,3,0.0,xgboost_regressor,0.7319867014884949
34,2024,4,0.0,xgboost_regressor,0.7391158938407898
34,2024,5,1.0,xgboost_regressor,1.2002302408218384
34,2024,6,1.0,xgboost_regressor,0.4325913190841675
35,2023,8,0.0,xgboost_regressor,0.7164269685745239
35,2023,9,0.0,xgboost_regressor,0.8333112597465515
35,2023,10,0.0,xgboost_regressor,0.6897450089454651
35,2023,11,0.0,xgboost_regressor,1.022063136100769
35,2023,12,0.0,xgboost_regressor,0.46250656247138977
35,2024,1,0.0,xgboost_regressor,0.8516229391098022
35,2024,2,0.0,xgboost_regressor,1.3006775379180908
35,2024,3,0.0,xgboost_regressor,1.1224291324615479
35,2024,4,0.0,xgboost_regressor,0.9596060514450073
35,2024,5,0.0,xgboost_regressor,1.6896600723266602
35,2024,6,0.0,xgboost_regressor,1.0061978101730347
36,2023,8,0.0,xgboost_regressor,0.5372313261032104
36,2023,9,0.0,xgboost_regressor,0.7441784143447876
36,2023,10,0.0,xgboost_regressor,0.6867743134498596
36,2023,11,0.0,xgboost_regressor,0.8406121134757996
36,2023,12,0.0,xgboost_regressor,0.009083791635930538
36,2024,1,0.0,xgboost_regressor,0.4630172550678253
36,2024,2,0.0,xgboost_regressor,1.445598840713501
36,2024,3,0.0,xgboost_regressor,0.9371768832206726
36,2024,4,0.0,xgboost_regressor,0.742972195148468
36,2024,5,0.0,xgboost_regressor,1.603727102279663
36,2024,6,0.0,xgboost_regressor,0.9152563810348511
37,2023,8,0.0,xgboost_regressor,0.27072465419769287
37,2023,9,0.0,xgboost_regressor,0.5152571201324463
37,2023,10,0.0,xgboost_regressor,0.329955518245697
37,2023,11,1.0,xgboost_regressor,0.43805861473083496
37,2023,12,1.0,xgboost_regressor,0.4625285863876343
37,2024,1,1.0,xgboost_regressor,0.7768285274505615
37,2024,2,2.0,xgboost_regressor,1.7517539262771606
37,2024,3,2.0,xgboost_regressor,1.1824243068695068
37,2024,4,2.0,xgboost_regressor,0.8307497501373291
37,2024,5,0.0,xgboost_regressor,1.5754958391189575
37,2024,6,0.0,xgboost_regressor,1.2237721681594849
38,2023,8,0.0,xgboost_regressor,0.0024532200768589973
38,2023,9,0.0,xgboost_regressor,0.2823486924171448
38,2023,10,0.0,xgboost_regressor,0.40952345728874207
38,2023,11,1.0,xgboost_regressor,0.4943077266216278
38,2023,12,1.0,xgboost_regressor,0.0
38,2024,1,1.0,xgboost_regressor,0.42504021525382996
38,2024,2,3.0,xgboost_regressor,1.1093225479125977
38,2024,3,3.0,xgboost_regressor,0.7698182463645935
38,2024,4,3.0,xgboost_regressor,0.262010395526886
38,2024,5,0.0,xgboost_regressor,1.9758105278015137
38,2024,6,0.0,xgboost_regressor,0.5832108855247498
39,2023,8,0.0,xgboost_regressor,0.4566820561885834
39,2023,9,0.0,xgboost_regressor,0.887075662612915
39,2023,10,0.0,xgboost_regressor,0.7055555582046509
39,2023,11,0.0,xgboost_regressor,0.6630351543426514
39,2023,12,0.0,xgboost_regressor,0.45771652460098267
39,2024,1,0.0,xgboost_regressor,0.736326277256012
39,2024,2,0.0,xgboost_regressor,1.3997186422348022
39,2024,3,0.0,xgboost_regressor,0.7954550981521606
39,2024,4,0.0,xgboost_regressor,0.5833765864372253
39,2024,5,0.0,xgboost_regressor,1.4163422584533691
39,2024,6,0.0,xgboost_regressor,0.6566488146781921
40,2023,8,0.0,xgboost_regressor,0.5097984671592712
40,2023,9,0.0,xgboost_regressor,0.7024329900741577
40,2023,10,0.0,xgboost_regressor,0.7247567176818848
40,2023,11,0.0,xgboost_regressor,0.6747734546661377
40,2023,12,0.0,xgboost_regressor,0.5704124569892883
40,2024,1,0.0,xgboost_regressor,0.9092674255371094
40,2024,2,0.0,xgboost_regressor,1.403050422668457
40,2024,3,0.0,xgboost_regressor,0.8040786981582642
40,2024,4,0.0,xgboost_regressor,0.5748734474182129
40,2024,5,0.0,xgboost_regressor,1.380221962928772
40,2024,6,0.0,xgboost_regressor,0.8433552980422974
41,2023,8,3.0,xgboost_regressor,2.990652322769165
41,2023,9,4.0,xgboost_regressor,3.297926425933838
41,2023,10,3.0,xgboost_regressor,2.581399917602539
41,2023,11,4.0,xgboost_regressor,2.1479218006134033
41,2023,12,6.0,xgboost_regressor,2.6670258045196533
41,2024,1,7.0,xgboost_regressor,2.4810380935668945
41,2024,2,4.0,xgboost_regressor,2.9977259635925293
41,2024,3,2.0,xgboost_regressor,3.4221689701080322
41,2024,4,1.0,xgboost_regressor,3.2944109439849854
41,2024,5,1.0,xgboost_regressor,3.8277957439422607
41,2024,6,0.0,xgboost_regressor,3.299082040786743
42,2023,8,3.0,xgboost_regressor,2.7790112495422363
42,2023,9,4.0,xgboost_regressor,3.1798315048217773
42,2023,10,3.0,xgboost_regressor,2.4885239601135254
42,2023,11,4.0,xgboost_regressor,2.2035911083221436
42,2023,12,6.0,xgboost_regressor,2.6094517707824707
42,2024,1,7.0,xgboost_regressor,2.7142252922058105
42,2024,2,4.0,xgboost_regressor,2.9298932552337646
42,2024,3,2.0,xgboost_regressor,3.2295923233032227
42,2024,4,1.0,xgboost_regressor,3.075929641723633
42,2024,5,1.0,xgboost_regressor,3.763028144836426
42,2024,6,0.0,xgboost_regressor,3.226191997528076
43,2023,8,1.0,xgboost_regressor,0.5597200989723206
43,2023,9,1.0,xgboost_regressor,0.5361431837081909
43,2023,10,1.0,xgboost_regressor,0.5638037323951721
43,2023,11,0.0,xgboost_regressor,0.6245872378349304
43,2023,12,0.0,xgboost_regressor,0.24401609599590302
43,2024,1,0.0,xgboost_regressor,0.7872344851493835
43,2024,2,0.0,xgboost_regressor,0.9740439057350159
43,2024,3,0.0,xgboost_regressor,0.5619087219238281
43,2024,4,0.0,xgboost_regressor,0.8223962187767029
43,2024,5,0.0,xgboost_regressor,1.6511284112930298
43,2024,6,1.0,xgboost_regressor,0.49811550974845886
44,2023,8,1.0,xgboost_regressor,0.626481294631958
44,2023,9,1.0,xgboost_regressor,0.8761918544769287
44,2023,10,1.0,xgboost_regressor,0.7872495055198669
44,2023,11,0.0,xgboost_regressor,0.7134135961532593
44,2023,12,0.0,xgboost_regressor,0.6539309620857239
44,2024,1,0.0,xgboost_regressor,0.8470410108566284
44,2024,2,0.0,xgboost_regressor,1.3485063314437866
44,2024,3,0.0,xgboost_regressor,0.7982140779495239
44,2024,4,0.0,xgboost_regressor,0.6247211694717407
44,2024,5,0.0,xgboost_regressor,1.712831735610962
44,2024,6,1.0,xgboost_regressor,0.8513019680976868
45,2023,8,1.0,xgboost_regressor,1.8959059715270996
45,2023,9,1.0,xgboost_regressor,1.930952787399292
45,2023,10,2.0,xgboost_regressor,1.9182275533676147
45,2023,11,2.0,xgboost_regressor,2.056349277496338
45,2023,12,3.0,xgboost_regressor,1.6219316720962524
45,2024,1,2.0,xgboost_regressor,1.9558600187301636
45,2024,2,2.0,xgboost_regressor,2.5478909015655518
45,2024,3,2.0,xgboost_regressor,2.4341909885406494
45,2024,4,1.0,xgboost_regressor,1.658018708229065
45,2024,5,2.0,xgboost_regressor,2.3090322017669678
45,2024,6,1.0,xgboost_regressor,1.774385690689087
46,2023,8,0.0,xgboost_regressor,1.778568148612976
46,2023,9,0.0,xgboost_regressor,1.7835566997528076
46,2023,10,1.0,xgboost_regressor,1.7471776008605957
46,2023,11,1.0,xgboost_regressor,1.6927212476730347
46,2023,12,2.0,xgboost_regressor,1.6296075582504272
46,2024,1,2.0,xgboost_regressor,1.8713274002075195
46,2024,2,2.0,xgboost_regressor,2.509990692138672
46,2024,3,2.0,xgboost_regressor,2.3141069412231445
46,2024,4,1.0,xgboost_regressor,1.5686025619506836
46,2024,5,2.0,xgboost_regressor,2.3100171089172363
46,2024,6,1.0,xgboost_regressor,1.7833317518234253
47,2023,8,2.0,xgboost_regressor,1.789955973625183
47,2023,9,1.0,xgboost_regressor,2.186699390411377
47,2023,10,1.0,xgboost_regressor,1.3434251546859741
47,2023,11,0.0,xgboost_regressor,2.3683621883392334
47,2023,12,0.0,xgboost_regressor,1.926901936531067
47,2024,1,1.0,xgboost_regressor,2.44059157371521
47,2024,2,1.0,xgboost_regressor,2.9115958213806152
47,2024,3,1.0,xgboost_regressor,2.6013362407684326
47,2024,4,0.0,xgboost_regressor,2.8720459938049316
47,2024,5,0.0,xgboost_regressor,2.4719510078430176
47,2024,6,0.0,xgboost_regressor,2.0631797313690186
48,2023,8,0.0,xgboost_regressor,1.0656676292419434
48,2023,9,0.0,xgboost_regressor,1.385068416595459
48,2023,10,0.0,xgboost_regressor,0.5768623948097229
48,2023,11,0.0,xgboost_regressor,0.34807294607162476
48,2023,12,0.0,xgboost_regressor,0.30711793899536133
48,2024,1,1.0,xgboost_regressor,0.5417001247406006
48,2024,2,1.0,xgboost_regressor,1.1866990327835083
48,2024,3,2.0,xgboost_regressor,0.9010369181632996
48,2024,4,1.0,xgboost_regressor,0.7571053504943848
48,2024,5,1.0,xgboost_regressor,1.5860247611999512
48,2024,6,3.0,xgboost_regressor,1.3897534608840942
49,2023,8,2.0,xgboost_regressor,1.0332539081573486
49,2023,9,1.0,xgboost_regressor,1.1413307189941406
49,2023,10,1.0,xgboost_regressor,0.6453455090522766
49,2023,11,1.0,xgboost_regressor,1.1502137184143066
49,2023,12,2.0,xgboost_regressor,0.36609065532684326
49,2024,1,2.0,xgboost_regressor,1.0161041021347046
49,2024,2,2.0,xgboost_regressor,1.7623233795166016
49,2024,3,2.0,xgboost_regressor,1.1457542181015015
49,2024,4,2.0,xgboost_regressor,0.9615783095359802
49,2024,5,1.0,xgboost_regressor,1.6133044958114624
49,2024,6,0.0,xgboost_regressor,1.2155547142028809
50,2023,8,1.0,xgboost_regressor,0.4012700319290161
50,2023,9,2.0,xgboost_regressor,0.2918214797973633
50,2023,10,1.0,xgboost_regressor,0.25706008076667786
50,2023,11,1.0,xgboost_regressor,0.8332532644271851
50,2023,12,0.0,xgboost_regressor,1.1217843294143677
50,2024,1,0.0,xgboost_regressor,1.219841718673706
50,2024,2,0.0,xgboost_regressor,1.556631088256836
50,2024,3,0.0,xgboost_regressor,0.5323843955993652
50,2024,4,0.0,xgboost_regressor,1.0211620330810547
50,2024,5,0.0,xgboost_regressor,0.7655239105224609
50,2024,6,0.0,xgboost_regressor,0.5605587959289551
51,2023,8,1.0,xgboost_regressor,0.48712530732154846
51,2023,9,2.0,xgboost_regressor,1.4532442092895508
51,2023,10,1.0,xgboost_regressor,0.8369101881980896
51,2023,11,1.0,xgboost_regressor,0.7241818308830261
51,2023,12,0.0,xgboost_regressor,0.7922980785369873
51,2024,1,0.0,xgboost_regressor,0.7433603405952454
51,2024,2,0.0,xgboost_regressor,1.2144640684127808
51,2024,3,0.0,xgboost_regressor,1.1409568786621094
51,2024,4,0.0,xgboost_regressor,1.1445564031600952
51,2024,5,0.0,xgboost_regressor,1.3201494216918945
51,2024,6,0.0,xgboost_regressor,0.9180088639259338
52,2023,8,1.0,xgboost_regressor,1.0114130973815918
52,2023,9,1.0,xgboost_regressor,1.0639106035232544
52,2023,10,2.0,xgboost_regressor,0.6833309531211853
52,2023,11,2.0,xgboost_regressor,1.5923311710357666
52,2023,12,2.0,xgboost_regressor,1.4718595743179321
52,2024,1,1.0,xgboost_regressor,1.248745322227478
52,2024,2,2.0,xgboost_regressor,1.8679319620132446
52,2024,3,2.0,xgboost_regressor,2.002561330795288
52,2024,4,1.0,xgboost_regressor,2.274519920349121
52,2024,5,0.0,xgboost_regressor,1.4361045360565186
52,2024,6,1.0,xgboost_regressor,1.04164719581604
53,2023,8,0.0,xgboost_regressor,0.4986051321029663
53,2023,9,0.0,xgboost_regressor,0.5966659784317017
53,2023,10,0.0,xgboost_regressor,0.5503880977630615
53,2023,11,0.0,xgboost_regressor,0.8405512571334839
53,2023,12,1.0,xgboost_regressor,1.130398154258728
53,2024,1,1.0,xgboost_regressor,1.066458821296692
53,2024,2,3.0,xgboost_regressor,1.6542116403579712
53,2024,3,2.0,xgboost_regressor,1.0992695093154907
53,2024,4,3.0,xgboost_regressor,1.3981399536132812
53,2024,5,2.0,xgboost_regressor,1.6146647930145264
53,2024,6,2.0,xgboost_regressor,0.8857311606407166
54,2023,8,0.0,xgboost_regressor,0.43563032150268555
54,2023,9,0.0,xgboost_regressor,0.40991437435150146
54,2023,10,0.0,xgboost_regressor,0.3996693789958954
54,2023,11,0.0,xgboost_regressor,0.730802059173584
54,2023,12,1.0,xgboost_regressor,1.1583912372589111
54,2024,1,1.0,xgboost_regressor,0.9524009227752686
54,2024,2,3.0,xgboost_regressor,1.7358380556106567
54,2024,3,2.0,xgboost_regressor,1.0498369932174683
54,2024,4,3.0,xgboost_regressor,1.3534457683563232
54,2024,5,2.0,xgboost_regressor,1.4107621908187866
54,2024,6,2.0,xgboost_regressor,1.0122835636138916
55,2023,8,0.0,xgboost_regressor,0.40441787242889404
55,2023,9,0.0,xgboost_regressor,0.6346590518951416
55,2023,10,0.0,xgboost_regressor,0.6762811541557312
55,2023,11,1.0,xgboost_regressor,0.7563729286193848
55,2023,12,1.0,xgboost_regressor,0.8851972818374634
55,2024,1,1.0,xgboost_regressor,1.0859975814819336
55,2024,2,0.0,xgboost_regressor,2.139115333557129
55,2024,3,0.0,xgboost_regressor,1.1966789960861206
55,2024,4,0.0,xgboost_regressor,1.180817723274231
55,2024,5,0.0,xgboost_regressor,2.1061697006225586
55,2024,6,1.0,xgboost_regressor,0.8467084169387817
56,2023,8,0.0,xgboost_regressor,0.6204015016555786
56,2023,9,0.0,xgboost_regressor,0.7370787858963013
56,2023,10,0.0,xgboost_regressor,0.6206383109092712
56,2023,11,1.0,xgboost_regressor,0.7918787598609924
56,2023,12,1.0,xgboost_regressor,0.9161871671676636
56,2024,1,1.0,xgboost_regressor,0.9375700950622559
56,2024,2,0.0,xgboost_regressor,2.029839277267456
56,2024,3,0.0,xgboost_regressor,1.3129119873046875
56,2024,4,0.0,xgboost_regressor,1.2956633567810059
56,2024,5,0.0,xgboost_regressor,1.8706860542297363
56,2024,6,1.0,xgboost_regressor,0.9232394695281982
57,2023,8,0.0,xgboost_regressor,0.33039411902427673
57,2023,9,0.0,xgboost_regressor,0.42257896065711975
57,2023,10,0.0,xgboost_regressor,0.4910717010498047
57,2023,11,0.0,xgboost_regressor,0.7135900855064392
57,2023,12,0.0,xgboost_regressor,0.7012509107589722
57,2024,1,0.0,xgboost_regressor,0.35209232568740845
57,2024,2,1.0,xgboost_regressor,0.5811602473258972
57,2024,3,1.0,xgboost_regressor,0.43153131008148193
57,2024,4,2.0,xgboost_regressor,0.32807400822639465
57,2024,5,1.0,xgboost_regressor,0.6732186079025269
57,2024,6,1.0,xgboost_regressor,0.1617092341184616
58,2023,8,0.0,xgboost_regressor,0.2569462060928345
58,2023,9,0.0,xgboost_regressor,0.6240760087966919
58,2023,10,0.0,xgboost_regressor,0.55790114402771
58,2023,11,0.0,xgboost_regressor,0.9326751828193665
58,2023,12,0.0,xgboost_regressor,0.6679325103759766
58,2024,1,0.0,xgboost_regressor,0.6405272483825684
58,2024,2,1.0,xgboost_regressor,1.066939115524292
58,2024,3,1.0,xgboost_regressor,0.5096708536148071
58,2024,4,2.0,xgboost_regressor,0.5200769901275635
58,2024,5,1.0,xgboost_regressor,0.7518201470375061
58,2024,6,1.0,xgboost_regressor,0.2640710175037384
59,2023,8,0.0,xgboost_regressor,0.15144167840480804
59,2023,9,0.0,xgboost_regressor,0.22427962720394135
59,2023,10,0.0,xgboost_regressor,0.15260227024555206
59,2023,11,0.0,xgboost_regressor,0.6658939123153687
59,2023,12,0.0,xgboost_regressor,0.4859803318977356
59,2024,1,1.0,xgboost_regressor,0.417617529630661
59,2024,2,1.0,xgboost_regressor,1.2002848386764526
59,2024,3,1.0,xgboost_regressor,0.645952045917511
59,2024,4,0.0,xgboost_regressor,0.47441795468330383
59,2024,5,0.0,xgboost_regressor,0.9120425581932068
59,2024,6,0.0,xgboost_regressor,0.4939272403717041
60,2023,8,0.0,xgboost_regressor,0.5169764757156372
60,2023,9,0.0,xgboost_regressor,0.9433908462524414
60,2023,10,0.0,xgboost_regressor,0.505639910697937
60,2023,11,0.0,xgboost_regressor,0.686621367931366
60,2023,12,0.0,xgboost_regressor,0.9117473363876343
60,2024,1,1.0,xgboost_regressor,1.0074410438537598
60,2024,2,1.0,xgboost_regressor,1.4620901346206665
60,2024,3,1.0,xgboost_regressor,0.7234731912612915
60,2024,4,0.0,xgboost_regressor,0.9672178626060486
60,2024,5,0.0,xgboost_regressor,1.0809454917907715
60,2024,6,0.0,xgboost_regressor,0.5165255665779114
61,2023,8,0.0,xgboost_regressor,0.696349561214447
61,2023,9,0.0,xgboost_regressor,0.6175810098648071
61,2023,10,1.0,xgboost_regressor,0.3614318370819092
61,2023,11,1.0,xgboost_regressor,0.9954829812049866
61,2023,12,1.0,xgboost_regressor,0.8547582030296326
61,2024,1,0.0,xgboost_regressor,1.059497594833374
61,2024,2,0.0,xgboost_regressor,1.5003763437271118
61,2024,3,0.0,xgboost_regressor,1.110856533050537
61,2024,4,0.0,xgboost_regressor,0.9868970513343811
61,2024,5,0.0,xgboost_regressor,1.0174223184585571
61,2024,6,0.0,xgboost_regressor,0.6015310883522034
62,2023,8,0.0,xgboost_regressor,0.7015947103500366
62,2023,9,0.0,xgboost_regressor,0.493627667427063
62,2023,10,1.0,xgboost_regressor,0.2496214658021927
62,2023,11,1.0,xgboost_regressor,1.33849036693573
62,2023,12,1.0,xgboost_regressor,0.9365838766098022
62,2024,1,0.0,xgboost_regressor,1.069485068321228
62,2024,2,0.0,xgboost_regressor,1.5249794721603394
62,2024,3,0.0,xgboost_regressor,1.1265623569488525
62,2024,4,0.0,xgboost_regressor,0.8682384490966797
62,2024,5,0.0,xgboost_regressor,0.8884077072143555
62,2024,6,0.0,xgboost_regressor,0.5627006888389587
63,2023,8,0.0,xgboost_regressor,0.70970618724823
63,2023,9,0.0,xgboost_regressor,0.2889956533908844
63,2023,10,0.0,xgboost_regressor,0.7546299695968628
63,2023,11,1.0,xgboost_regressor,1.2228786945343018
63,2023,12,1.0,xgboost_regressor,0.7416359186172485
63,2024,1,1.0,xgboost_regressor,0.6841840147972107
63,2024,2,0.0,xgboost_regressor,1.797037959098816
63,2024,3,1.0,xgboost_regressor,0.5210909247398376
63,2024,4,2.0,xgboost_regressor,0.6646305918693542
63,2024,5,2.0,xgboost_regressor,1.1979905366897583
63,2024,6,1.0,xgboost_regressor,0.8706374764442444
64,2023,8,2.0,xgboost_regressor,2.2580814361572266
64,2023,9,1.0,xgboost_regressor,3.113863945007324
64,2023,10,0.0,xgboost_regressor,3.345187187194824
64,2023,11,0.0,xgboost_regressor,2.839000940322876
64,2023,12,0.0,xgboost_regressor,2.1868181228637695
64,2024,1,1.0,xgboost_regressor,2.0363829135894775
64,2024,2,1.0,xgboost_regressor,2.601126194000244
64,2024,3,2.0,xgboost_regressor,2.4577107429504395
64,2024,4,2.0,xgboost_regressor,3.006488561630249
64,2024,5,4.0,xgboost_regressor,3.1193015575408936
64,2024,6,3.0,xgboost_regressor,2.8179943561553955
65,2023,8,2.0,xgboost_regressor,2.437008857727051
65,2023,9,1.0,xgboost_regressor,2.872396230697632
65,2023,10,0.0,xgboost_regressor,3.5119402408599854
65,2023,11,0.0,xgboost_regressor,2.776648759841919
65,2023,12,0.0,xgboost_regressor,2.1826298236846924
65,2024,1,1.0,xgboost_regressor,2.1721057891845703
65,2024,2,1.0,xgboost_regressor,2.626652240753174
65,2024,3,2.0,xgboost_regressor,2.3985676765441895
65,2024,4,2.0,xgboost_regressor,2.2418835163116455
65,2024,5,3.0,xgboost_regressor,2.746485710144043
65,2024,6,2.0,xgboost_regressor,2.1721291542053223
66,2023,8,0.0,xgboost_regressor,0.9390061497688293
66,2023,9,0.0,xgboost_regressor,0.7588831782341003
66,2023,10,0.0,xgboost_regressor,1.4420905113220215
66,2023,11,1.0,xgboost_regressor,1.4233431816101074
66,2023,12,1.0,xgboost_regressor,1.4454630613327026
66,2024,1,1.0,xgboost_regressor,0.8616389632225037
66,2024,2,0.0,xgboost_regressor,1.925752878189087
66,2024,3,1.0,xgboost_regressor,0.36618807911872864
66,2024,4,2.0,xgboost_regressor,0.5477601289749146
66,2024,5,2.0,xgboost_regressor,1.572271466255188
66,2024,6,1.0,xgboost_regressor,1.0880845785140991
67,2023,8,1.0,xgboost_regressor,0.890265703201294
67,2023,9,0.0,xgboost_regressor,0.7167187929153442
67,2023,10,0.0,xgboost_regressor,0.5494424104690552
67,2023,11,0.0,xgboost_regressor,0.6268094778060913
67,2023,12,0.0,xgboost_regressor,0.77525794506073
67,2024,1,1.0,xgboost_regressor,0.965793788433075
67,2024,2,1.0,xgboost_regressor,1.6134086847305298
67,2024,3,1.0,xgboost_regressor,1.3073766231536865
67,2024,4,0.0,xgboost_regressor,1.5595884323120117
67,2024,5,0.0,xgboost_regressor,1.6755892038345337
67,2024,6,0.0,xgboost_regressor,1.108938455581665
68,2023,8,1.0,xgboost_regressor,0.38489168882369995
68,2023,9,0.0,xgboost_regressor,1.0305848121643066
68,2023,10,0.0,xgboost_regressor,0.8286722302436829
68,2023,11,0.0,xgboost_regressor,0.5363380908966064
68,2023,12,0.0,xgboost_regressor,0.5396350622177124
68,2024,1,1.0,xgboost_regressor,0.5871386528015137
68,2024,2,1.0,xgboost_regressor,1.4798951148986816
68,2024,3,1.0,xgboost_regressor,1.0700255632400513
68,2024,4,0.0,xgboost_regressor,1.046703815460205
68,2024,5,0.0,xgboost_regressor,1.5501487255096436
68,2024,6,0.0,xgboost_regressor,0.5717144012451172
69,2023,8,5.0,xgboost_regressor,7.5705108642578125
69,2023,9,4.0,xgboost_regressor,8.931315422058105
69,2023,10,4.0,xgboost_regressor,7.439359188079834
69,2023,11,3.0,xgboost_regressor,7.553134441375732
69,2023,12,2.0,xgboost_regressor,7.242522716522217
69,2024,1,5.0,xgboost_regressor,8.625944137573242
69,2024,2,9.0,xgboost_regressor,8.216647148132324
69,2024,3,12.0,xgboost_regressor,8.520118713378906
69,2024,4,8.0,xgboost_regressor,7.091835975646973
69,2024,5,6.0,xgboost_regressor,8.102072715759277
69,2024,6,3.0,xgboost_regressor,8.69052791595459
70,2023,8,1.0,xgboost_regressor,1.6481655836105347
70,2023,9,1.0,xgboost_regressor,1.6449267864227295
70,2023,10,0.0,xgboost_regressor,1.8257315158843994
70,2023,11,0.0,xgboost_regressor,1.8482050895690918
70,2023,12,0.0,xgboost_regressor,2.1291141510009766
70,2024,1,0.0,xgboost_regressor,1.8864316940307617
70,2024,2,0.0,xgboost_regressor,2.5926034450531006
70,2024,3,1.0,xgboost_regressor,1.585870623588562
70,2024,4,1.0,xgboost_regressor,1.7259299755096436
70,2024,5,1.0,xgboost_regressor,1.8767391443252563
70,2024,6,0.0,xgboost_regressor,1.7347365617752075
71,2023,8,1.0,xgboost_regressor,1.8045330047607422
71,2023,9,1.0,xgboost_regressor,1.6619001626968384
71,2023,10,0.0,xgboost_regressor,1.6531903743743896
71,2023,11,0.0,xgboost_regressor,1.7848076820373535
71,2023,12,0.0,xgboost_regressor,2.180206298828125
71,2024,1,0.0,xgboost_regressor,2.0708510875701904
71,2024,2,0.0,xgboost_regressor,2.465764284133911
71,2024,3,1.0,xgboost_regressor,1.631203532218933
71,2024,4,1.0,xgboost_regressor,1.6652079820632935
71,2024,5,1.0,xgboost_regressor,2.0187888145446777
71,2024,6,0.0,xgboost_regressor,1.8429667949676514
72,2023,8,1.0,xgboost_regressor,0.6748889684677124
72,2023,9,1.0,xgboost_regressor,0.585721492767334
72,2023,10,1.0,xgboost_regressor,0.6707390546798706
72,2023,11,0.0,xgboost_regressor,0.6904299259185791
72,2023,12,2.0,xgboost_regressor,0.303913950920105
72,2024,1,5.0,xgboost_regressor,0.622070848941803
72,2024,2,5.0,xgboost_regressor,1.000478744506836
72,2024,3,4.0,xgboost_regressor,0.4612295925617218
72,2024,4,1.0,xgboost_regressor,2.2304844856262207
72,2024,5,1.0,xgboost_regressor,1.3628736734390259
72,2024,6,0.0,xgboost_regressor,0.7029473185539246
73,2023,8,1.0,xgboost_regressor,1.0106158256530762
73,2023,9,1.0,xgboost_regressor,1.1281917095184326
73,2023,10,1.0,xgboost_regressor,0.6671343445777893
73,2023,11,0.0,xgboost_regressor,0.7375522255897522
73,2023,12,2.0,xgboost_regressor,0.3684828281402588
73,2024,1,5.0,xgboost_regressor,1.128449559211731
73,2024,2,5.0,xgboost_regressor,1.8406184911727905
73,2024,3,4.0,xgboost_regressor,1.5678825378417969
73,2024,4,1.0,xgboost_regressor,2.6902432441711426
73,2024,5,1.0,xgboost_regressor,1.5611556768417358
73,2024,6,0.0,xgboost_regressor,1.674066424369812
74,2023,8,2.0,xgboost_regressor,1.2052353620529175
74,2023,9,4.0,xgboost_regressor,1.2963799238204956
74,2023,10,4.0,xgboost_regressor,1.6237419843673706
74,2023,11,4.0,xgboost_regressor,1.2245653867721558
74,2023,12,3.0,xgboost_regressor,1.4330471754074097
74,2024,1,3.0,xgboost_regressor,1.2100332975387573
74,2024,2,1.0,xgboost_regressor,1.8402427434921265
74,2024,3,0.0,xgboost_regressor,1.3975708484649658
74,2024,4,0.0,xgboost_regressor,1.9599484205245972
74,2024,5,0.0,xgboost_regressor,1.9070155620574951
74,2024,6,1.0,xgboost_regressor,0.7704966068267822
75,2023,8,2.0,xgboost_regressor,1.1604595184326172
75,2023,9,4.0,xgboost_regressor,1.1631463766098022
75,2023,10,4.0,xgboost_regressor,1.5836104154586792
75,2023,11,4.0,xgboost_regressor,1.1286334991455078
75,2023,12,3.0,xgboost_regressor,1.2786048650741577
75,2024,1,3.0,xgboost_regressor,1.0540540218353271
75,2024,2,1.0,xgboost_regressor,1.79386305809021
75,2024,3,0.0,xgboost_regressor,1.5522805452346802
75,2024,4,0.0,xgboost_regressor,2.3008623123168945
75,2024,5,0.0,xgboost_regressor,2.2393407821655273
75,2024,6,1.0,xgboost_regressor,0.9444695711135864
76,2023,8,0.0,xgboost_regressor,0.5370715856552124
76,2023,9,0.0,xgboost_regressor,0.6430715918540955
76,2023,10,0.0,xgboost_regressor,0.795932948589325
76,2023,11,0.0,xgboost_regressor,0.41768357157707214
76,2023,12,0.0,xgboost_regressor,0.292786568403244
76,2024,1,0.0,xgboost_regressor,0.543132483959198
76,2024,2,0.0,xgboost_regressor,1.2104120254516602
76,2024,3,0.0,xgboost_regressor,0.6416236162185669
76,2024,4,1.0,xgboost_regressor,0.6289134621620178
76,2024,5,2.0,xgboost_regressor,0.8969340920448303
76,2024,6,3.0,xgboost_regressor,0.34196391701698303
77,2023,8,5.0,xgboost_regressor,5.069274425506592
77,2023,9,5.0,xgboost_regressor,5.44583797454834
77,2023,10,2.0,xgboost_regressor,5.7804765701293945
77,2023,11,3.0,xgboost_regressor,4.091511249542236
77,2023,12,3.0,xgboost_regressor,3.9967472553253174
77,2024,1,3.0,xgboost_regressor,3.767683744430542
77,2024,2,4.0,xgboost_regressor,4.9815287590026855
77,2024,3,5.0,xgboost_regressor,5.043585777282715
77,2024,4,5.0,xgboost_regressor,4.664501667022705
77,2024,5,2.0,xgboost_regressor,6.24068021774292
77,2024,6,3.0,xgboost_regressor,5.53162145614624
78,2023,8,2.0,xgboost_regressor,0.28301000595092773
78,2023,9,2.0,xgboost_regressor,0.4731425344944
78,2023,10,2.0,xgboost_regressor,0.41186633706092834
78,2023,11,0.0,xgboost_regressor,0.932748556137085
78,2023,12,0.0,xgboost_regressor,0.2832496762275696
78,2024,1,0.0,xgboost_regressor,0.486890971660614
78,2024,2,0.0,xgboost_regressor,0.9102334380149841
78,2024,3,0.0,xgboost_regressor,0.46885377168655396
78,2024,4,0.0,xgboost_regressor,0.4215896725654602
78,2024,5,0.0,xgboost_regressor,0.6722690463066101
78,2024,6,0.0,xgboost_regressor,0.08502376824617386
79,2023,8,2.0,xgboost_regressor,0.3506518602371216
79,2023,9,2.0,xgboost_regressor,0.5951201319694519
79,2023,10,2.0,xgboost_regressor,0.6365905404090881
79,2023,11,0.0,xgboost_regressor,1.0830203294754028
79,2023,12,0.0,xgboost_regressor,0.267976850271225
79,2024,1,0.0,xgboost_regressor,0.5945597290992737
79,2024,2,0.0,xgboost_regressor,1.231801152229309
79,2024,3,0.0,xgboost_regressor,0.4859316945075989
79,2024,4,0.0,xgboost_regressor,0.5714255571365356
79,2024,5,0.0,xgboost_regressor,0.9179549217224121
79,2024,6,0.0,xgboost_regressor,0.32913732528686523
80,2023,8,1.0,xgboost_regressor,0.5245513916015625
80,2023,9,0.0,xgboost_regressor,0.5858734250068665
80,2023,10,0.0,xgboost_regressor,0.4648209512233734
80,2023,11,0.0,xgboost_regressor,1.1780906915664673
80,2023,12,1.0,xgboost_regressor,0.5967272520065308
80,2024,1,1.0,xgboost_regressor,0.6842952966690063
80,2024,2,1.0,xgboost_regressor,0.8075695633888245
81,2023,8,1.0,xgboost_regressor,0.6628602147102356
81,2023,9,0.0,xgboost_regressor,0.7471045851707458
81,2023,10,0.0,xgboost_regressor,0.5066214799880981
81,2023,11,0.0,xgboost_regressor,1.0436277389526367
81,2023,12,1.0,xgboost_regressor,0.6172981858253479
81,2024,1,1.0,xgboost_regressor,0.5955800414085388
81,2024,2,1.0,xgboost_regressor,0.9677392840385437
81,2024,3,0.0,xgboost_regressor,0.3958604037761688
81,2024,4,0.0,xgboost_regressor,0.5764511823654175
81,2024,5,0.0,xgboost_regressor,1.2954075336456299
81,2024,6,0.0,xgboost_regressor,0.5954126715660095
82,2023,8,0.0,xgboost_regressor,0.28895238041877747
82,2023,9,0.0,xgboost_regressor,0.28429728746414185
82,2023,10,1.0,xgboost_regressor,0.24173511564731598
82,2023,11,1.0,xgboost_regressor,0.49310633540153503
82,2023,12,1.0,xgboost_regressor,0.33219167590141296
82,2024,1,0.0,xgboost_regressor,1.041331171989441
82,2024,2,0.0,xgboost_regressor,0.5882492065429688
82,2024,3,0.0,xgboost_regressor,0.6316697597503662
82,2024,4,0.0,xgboost_regressor,0.750840425491333
82,2024,5,0.0,xgboost_regressor,0.7907457947731018
82,2024,6,0.0,xgboost_regressor,0.28305378556251526
83,2023,8,0.0,xgboost_regressor,0.23501266539096832
83,2023,9,0.0,xgboost_regressor,0.3416869640350342
83,2023,10,1.0,xgboost_regressor,0.16555210947990417
83,2023,11,1.0,xgboost_regressor,0.4724263548851013
83,2023,12,1.0,xgboost_regressor,0.33166056871414185
83,2024,1,0.0,xgboost_regressor,0.6376124620437622
83,2024,2,0.0,xgboost_regressor,0.49234282970428467
83,2024,3,0.0,xgboost_regressor,0.7703996300697327
83,2024,4,0.0,xgboost_regressor,0.7334385514259338
83,2024,5,0.0,xgboost_regressor,1.353902816772461
83,2024,6,0.0,xgboost_regressor,0.6265004277229309
84,2023,8,0.0,xgboost_regressor,0.058050837367773056
84,2023,9,0.0,xgboost_regressor,0.3246621787548065
84,2023,10,0.0,xgboost_regressor,0.12749376893043518
84,2023,11,0.0,xgboost_regressor,0.6117656230926514
84,2023,12,0.0,xgboost_regressor,0.5367165207862854
84,2024,1,0.0,xgboost_regressor,0.6733108758926392
84,2024,2,0.0,xgboost_regressor,0.8314396142959595
84,2024,3,0.0,xgboost_regressor,0.4464453160762787
84,2024,4,1.0,xgboost_regressor,0.6104111075401306
84,2024,5,1.0,xgboost_regressor,0.9963400959968567
84,2024,6,1.0,xgboost_regressor,0.46527618169784546
85,2023,8,0.0,xgboost_regressor,0.26663464307785034
85,2023,9,0.0,xgboost_regressor,0.5316760540008545
85,2023,10,0.0,xgboost_regressor,0.2800421714782715
85,2023,11,0.0,xgboost_regressor,0.5831307768821716
85,2023,12,0.0,xgboost_regressor,0.23678594827651978
85,2024,1,0.0,xgboost_regressor,0.7207479476928711
85,2024,2,1.0,xgboost_regressor,0.5484535694122314
85,2024,3,1.0,xgboost_regressor,0.37246495485305786
85,2024,4,1.0,xgboost_regressor,0.3276382386684418
85,2024,5,0.0,xgboost_regressor,0.7108354568481445
85,2024,6,0.0,xgboost_regressor,0.0
86,2023,8,1.0,xgboost_regressor,0.6072413921356201
86,2023,9,0.0,xgboost_regressor,0.8379544615745544
86,2023,10,0.0,xgboost_regressor,0.511803388595581
86,2023,11,0.0,xgboost_regressor,0.5219886302947998
86,2023,12,0.0,xgboost_regressor,0.2763093113899231
86,2024,1,0.0,xgboost_regressor,0.9191113114356995
86,2024,2,2.0,xgboost_regressor,0.8271376490592957
86,2024,3,2.0,xgboost_regressor,0.47849079966545105
86,2024,4,2.0,xgboost_regressor,0.7223635911941528
86,2024,5,0.0,xgboost_regressor,1.291661262512207
86,2024,6,0.0,xgboost_regressor,0.5723154544830322
87,2023,8,0.0,xgboost_regressor,0.04343516752123833
87,2023,9,0.0,xgboost_regressor,0.6243361830711365
87,2023,10,0.0,xgboost_regressor,0.28112947940826416
87,2023,11,0.0,xgboost_regressor,0.9800097346305847
87,2023,12,0.0,xgboost_regressor,0.5372117757797241
87,2024,1,0.0,xgboost_regressor,0.7041649222373962
87,2024,2,0.0,xgboost_regressor,1.1560324430465698
87,2024,3,0.0,xgboost_regressor,1.1268221139907837
87,2024,4,0.0,xgboost_regressor,0.6122279763221741
87,2024,5,1.0,xgboost_regressor,1.2344337701797485
87,2024,6,2.0,xgboost_regressor,0.5444344878196716
88,2023,8,0.0,xgboost_regressor,1.0118392705917358
88,2023,9,0.0,xgboost_regressor,1.3279647827148438
88,2023,10,0.0,xgboost_regressor,0.9477119445800781
88,2023,11,0.0,xgboost_regressor,0.9713678359985352
88,2023,12,0.0,xgboost_regressor,0.924743115901947
88,2024,1,0.0,xgboost_regressor,1.3584457635879517
88,2024,2,2.0,xgboost_regressor,1.460526466369629
88,2024,3,2.0,xgboost_regressor,1.2296615839004517
88,2024,4,2.0,xgboost_regressor,1.144134521484375
88,2024,5,1.0,xgboost_regressor,1.5283437967300415
88,2024,6,1.0,xgboost_regressor,1.4895356893539429
89,2023,8,0.0,xgboost_regressor,1.007118821144104
89,2023,9,0.0,xgboost_regressor,1.8896379470825195
89,2023,10,0.0,xgboost_regressor,1.1945899724960327
89,2023,11,0.0,xgboost_regressor,1.5885072946548462
89,2023,12,0.0,xgboost_regressor,1.0761619806289673
89,2024,1,0.0,xgboost_regressor,1.4035640954971313
89,2024,2,2.0,xgboost_regressor,1.5269759893417358
89,2024,3,2.0,xgboost_regressor,1.6570549011230469
89,2024,4,2.0,xgboost_regressor,1.3919495344161987
89,2024,5,1.0,xgboost_regressor,2.112226963043213
89,2024,6,1.0,xgboost_regressor,2.011476993560791
90,2023,8,1.0,xgboost_regressor,0.1660858541727066
90,2023,9,1.0,xgboost_regressor,0.4551328122615814
90,2023,10,1.0,xgboost_regressor,0.43398869037628174
90,2023,11,0.0,xgboost_regressor,0.17908915877342224
90,2023,12,0.0,xgboost_regressor,0.2987258732318878
90,2024,1,0.0,xgboost_regressor,0.38785675168037415
90,2024,2,0.0,xgboost_regressor,1.0680570602416992
90,2024,3,0.0,xgboost_regressor,0.2688896358013153
90,2024,4,0.0,xgboost_regressor,0.20745952427387238
90,2024,5,0.0,xgboost_regressor,0.9456892609596252
90,2024,6,0.0,xgboost_regressor,0.25324389338493347
91,2023,8,1.0,xgboost_regressor,0.18208815157413483
91,2023,9,1.0,xgboost_regressor,0.44305309653282166
91,2023,10,1.0,xgboost_regressor,0.458052396774292
91,2023,11,0.0,xgboost_regressor,0.24896112084388733
91,2023,12,0.0,xgboost_regressor,0.3734600245952606
91,2024,1,0.0,xgboost_regressor,0.3676404058933258
91,2024,2,0.0,xgboost_regressor,1.0307574272155762
91,2024,3,0.0,xgboost_regressor,0.32183218002319336
91,2024,4,0.0,xgboost_regressor,0.20365728437900543
91,2024,5,0.0,xgboost_regressor,1.1011557579040527
91,2024,6,0.0,xgboost_regressor,0.5167239904403687
92,2023,8,0.0,xgboost_regressor,0.22556093335151672
92,2023,9,0.0,xgboost_regressor,0.6724438071250916
92,2023,10,0.0,xgboost_regressor,0.2023565024137497
92,2023,11,0.0,xgboost_regressor,0.25317323207855225
92,2023,12,1.0,xgboost_regressor,0.06999857723712921
92,2024,1,1.0,xgboost_regressor,0.4470488131046295
92,2024,2,1.0,xgboost_regressor,0.572872519493103
92,2024,3,0.0,xgboost_regressor,0.4344181716442108
92,2024,4,0.0,xgboost_regressor,0.5921311974525452
92,2024,5,0.0,xgboost_regressor,1.0921440124511719
92,2024,6,0.0,xgboost_regressor,0.49795010685920715
93,2023,8,0.0,xgboost_regressor,0.24609670042991638
93,2023,9,0.0,xgboost_regressor,0.44922730326652527
93,2023,10,0.0,xgboost_regressor,0.30503034591674805
93,2023,11,0.0,xgboost_regressor,0.25655147433280945
93,2023,12,1.0,xgboost_regressor,0.048689309507608414
93,2024,1,1.0,xgboost_regressor,0.5574098825454712
93,2024,2,1.0,xgboost_regressor,0.5142278075218201
93,2024,3,0.0,xgboost_regressor,0.41378551721572876
93,2024,4,0.0,xgboost_regressor,0.6975012421607971
93,2024,5,0.0,xgboost_regressor,1.1815080642700195
93,2024,6,0.0,xgboost_regressor,0.6291376948356628
94,2023,8,1.0,xgboost_regressor,1.371453881263733
94,2023,9,1.0,xgboost_regressor,1.69785737991333
94,2023,10,1.0,xgboost_regressor,1.2733608484268188
94,2023,11,1.0,xgboost_regressor,1.1744086742401123
94,2023,12,1.0,xgboost_regressor,1.1876635551452637
94,2024,1,2.0,xgboost_regressor,1.2848141193389893
94,2024,2,1.0,xgboost_regressor,1.4985122680664062
94,2024,3,1.0,xgboost_regressor,0.7327565550804138
94,2024,4,0.0,xgboost_regressor,1.266541838645935
94,2024,5,0.0,xgboost_regressor,1.6986775398254395
94,2024,6,1.0,xgboost_regressor,1.0791571140289307
95,2023,8,0.0,xgboost_regressor,0.44371557235717773
95,2023,9,0.0,xgboost_regressor,0.5072359442710876
95,2023,10,1.0,xgboost_regressor,0.4551186263561249
95,2023,11,1.0,xgboost_regressor,0.9831845760345459
95,2023,12,1.0,xgboost_regressor,0.7291117906570435
95,2024,1,0.0,xgboost_regressor,1.3221362829208374
95,2024,2,0.0,xgboost_regressor,1.4655719995498657
95,2024,3,0.0,xgboost_regressor,0.9434459209442139
95,2024,4,0.0,xgboost_regressor,0.6694818139076233
95,2024,5,0.0,xgboost_regressor,1.1869635581970215
95,2024,6,0.0,xgboost_regressor,0.9537816643714905
96,2023,8,0.0,xgboost_regressor,0.4794158935546875
96,2023,9,0.0,xgboost_regressor,0.6479982733726501
96,2023,10,1.0,xgboost_regressor,0.37465208768844604
96,2023,11,1.0,xgboost_regressor,0.7644881010055542
96,2023,12,1.0,xgboost_regressor,0.6324992775917053
96,2024,1,0.0,xgboost_regressor,1.1330718994140625
96,2024,2,0.0,xgboost_regressor,1.5103248357772827
96,2024,3,0.0,xgboost_regressor,0.9069824814796448
96,2024,4,0.0,xgboost_regressor,0.7360728979110718
96,2024,5,1.0,xgboost_regressor,1.220425009727478
96,2024,6,1.0,xgboost_regressor,1.0638295412063599
97,2023,8,2.0,xgboost_regressor,0.5147056579589844
97,2023,9,1.0,xgboost_regressor,0.4709690511226654
97,2023,10,2.0,xgboost_regressor,0.2773246765136719
97,2023,11,2.0,xgboost_regressor,0.7078319787979126
97,2023,12,2.0,xgboost_regressor,0.5800560712814331
97,2024,1,1.0,xgboost_regressor,1.256595492362976
97,2024,2,0.0,xgboost_regressor,1.6941111087799072
97,2024,3,0.0,xgboost_regressor,0.8989957571029663
97,2024,4,0.0,xgboost_regressor,1.5819870233535767
97,2024,5,0.0,xgboost_regressor,2.0273375511169434
97,2024,6,0.0,xgboost_regressor,0.8854414224624634
98,2023,8,2.0,xgboost_regressor,0.4325638711452484
98,2023,9,1.0,xgboost_regressor,0.5396203994750977
98,2023,10,2.0,xgboost_regressor,0.23823632299900055
98,2023,11,2.0,xgboost_regressor,0.5048903226852417
98,2023,12,2.0,xgboost_regressor,0.7543185353279114
98,2024,1,1.0,xgboost_regressor,1.116559386253357
98,2024,2,0.0,xgboost_regressor,1.846777319908142
98,2024,3,0.0,xgboost_regressor,1.0879722833633423
98,2024,4,0.0,xgboost_regressor,1.6087498664855957
98,2024,5,0.0,xgboost_regressor,2.1385648250579834
98,2024,6,0.0,xgboost_regressor,0.992588222026825
99,2023,8,0.0,xgboost_regressor,1.06147038936615
99,2023,9,1.0,xgboost_regressor,1.5598722696304321
99,2023,10,2.0,xgboost_regressor,1.3366073369979858
99,2023,11,4.0,xgboost_regressor,1.617380976676941
99,2023,12,3.0,xgboost_regressor,0.8374117612838745
99,2024,1,4.0,xgboost_regressor,1.3162633180618286
99,2024,2,3.0,xgboost_regressor,1.9995874166488647
99,2024,3,4.0,xgboost_regressor,1.3141130208969116
99,2024,4,3.0,xgboost_regressor,1.2960469722747803
99,2024,5,2.0,xgboost_regressor,1.9392280578613281
99,2024,6,3.0,xgboost_regressor,2.1554038524627686
100,2023,8,0.0,xgboost_regressor,1.9846460819244385
100,2023,9,1.0,xgboost_regressor,2.7048182487487793
100,2023,10,2.0,xgboost_regressor,1.9498151540756226
100,2023,11,4.0,xgboost_regressor,2.05880069732666
100,2023,12,3.0,xgboost_regressor,1.7078475952148438
100,2024,1,4.0,xgboost_regressor,2.4995923042297363
100,2024,2,3.0,xgboost_regressor,3.01623797416687
100,2024,3,4.0,xgboost_regressor,2.8257298469543457
100,2024,4,3.0,xgboost_regressor,2.7622368335723877
100,2024,5,2.0,xgboost_regressor,2.9666197299957275
100,2024,6,3.0,xgboost_regressor,3.8736815452575684
101,2023,8,6.0,xgboost_regressor,1.719255805015564
101,2023,9,4.0,xgboost_regressor,2.1133244037628174
101,2023,10,3.0,xgboost_regressor,1.8849438428878784
101,2023,11,3.0,xgboost_regressor,2.493973970413208
101,2023,12,4.0,xgboost_regressor,2.3959574699401855
101,2024,1,3.0,xgboost_regressor,1.7375140190124512
101,2024,2,1.0,xgboost_regressor,3.2688724994659424
101,2024,3,1.0,xgboost_regressor,2.9608304500579834
101,2024,4,3.0,xgboost_regressor,2.8503048419952393
101,2024,5,5.0,xgboost_regressor,2.7336156368255615
101,2024,6,4.0,xgboost_regressor,2.0267956256866455
102,2023,8,6.0,xgboost_regressor,1.8318179845809937
102,2023,9,4.0,xgboost_regressor,2.1777851581573486
102,2023,10,3.0,xgboost_regressor,1.8651270866394043
102,2023,11,3.0,xgboost_regressor,2.4812276363372803
102,2023,12,4.0,xgboost_regressor,2.4802067279815674
102,2024,1,3.0,xgboost_regressor,1.719753384590149
102,2024,2,1.0,xgboost_regressor,3.056023359298706
102,2024,3,1.0,xgboost_regressor,2.8720335960388184
102,2024,4,3.0,xgboost_regressor,2.8099212646484375
102,2024,5,5.0,xgboost_regressor,2.8126416206359863
102,2024,6,4.0,xgboost_regressor,2.0494556427001953
103,2023,8,1.0,xgboost_regressor,0.13083414733409882
103,2023,9,0.0,xgboost_regressor,0.5050051212310791
103,2023,10,0.0,xgboost_regressor,0.2057710886001587
103,2023,11,0.0,xgboost_regressor,0.5044980645179749
103,2023,12,0.0,xgboost_regressor,0.31756091117858887
103,2024,1,0.0,xgboost_regressor,0.4216814339160919
103,2024,2,0.0,xgboost_regressor,0.959891676902771
103,2024,3,0.0,xgboost_regressor,0.37949296832084656
103,2024,4,0.0,xgboost_regressor,0.17308853566646576
103,2024,5,0.0,xgboost_regressor,0.8026455044746399
103,2024,6,0.0,xgboost_regressor,0.44169676303863525
104,2023,8,1.0,xgboost_regressor,0.19764374196529388
104,2023,9,0.0,xgboost_regressor,0.5543176531791687
104,2023,10,0.0,xgboost_regressor,0.146391823887825
104,2023,11,0.0,xgboost_regressor,0.40678858757019043
104,2023,12,0.0,xgboost_regressor,0.3947455883026123
104,2024,1,0.0,xgboost_regressor,0.38014960289001465
104,2024,2,0.0,xgboost_regressor,1.0180062055587769
104,2024,3,0.0,xgboost_regressor,0.4744143486022949
104,2024,4,0.0,xgboost_regressor,0.2778763175010681
104,2024,5,0.0,xgboost_regressor,0.9188469052314758
104,2024,6,0.0,xgboost_regressor,0.7025890350341797
105,2023,8,1.0,xgboost_regressor,0.957689642906189
105,2023,9,1.0,xgboost_regressor,1.3600351810455322
105,2023,10,1.0,xgboost_regressor,1.4099631309509277
105,2023,11,1.0,xgboost_regressor,1.231872797012329
105,2023,12,1.0,xgboost_regressor,1.4387893676757812
105,2024,1,1.0,xgboost_regressor,1.486891508102417
105,2024,2,0.0,xgboost_regressor,1.6252870559692383
105,2024,3,0.0,xgboost_regressor,0.9601902961730957
105,2024,4,0.0,xgboost_regressor,1.377174973487854
105,2024,5,0.0,xgboost_regressor,1.7039680480957031
105,2024,6,0.0,xgboost_regressor,1.583813190460205
106,2023,8,1.0,xgboost_regressor,1.0632526874542236
106,2023,9,1.0,xgboost_regressor,1.2275171279907227
106,2023,10,1.0,xgboost_regressor,1.599230170249939
106,2023,11,1.0,xgboost_regressor,1.3228884935379028
106,2023,12,1.0,xgboost_regressor,1.1608422994613647
106,2024,1,1.0,xgboost_regressor,1.692670226097107
106,2024,2,0.0,xgboost_regressor,1.862787127494812
106,2024,3,0.0,xgboost_regressor,0.7894294261932373
106,2024,4,0.0,xgboost_regressor,0.9138064384460449
106,2024,5,0.0,xgboost_regressor,1.6421613693237305
106,2024,6,0.0,xgboost_regressor,1.1473718881607056
107,2023,8,7.0,xgboost_regressor,6.741336822509766
107,2023,9,5.0,xgboost_regressor,7.344666481018066
107,2023,10,2.0,xgboost_regressor,6.061160087585449
107,2023,11,3.0,xgboost_regressor,6.0494890213012695
107,2023,12,4.0,xgboost_regressor,5.8478546142578125
107,2024,1,4.0,xgboost_regressor,5.797752380371094
107,2024,2,5.0,xgboost_regressor,7.5577392578125
107,2024,3,5.0,xgboost_regressor,7.581754207611084
107,2024,4,5.0,xgboost_regressor,6.606700897216797
107,2024,5,2.0,xgboost_regressor,5.890137195587158
107,2024,6,3.0,xgboost_regressor,6.902181625366211
108,2023,8,0.0,xgboost_regressor,0.684784471988678
108,2023,9,0.0,xgboost_regressor,1.2007066011428833
108,2023,10,0.0,xgboost_regressor,0.6694461107254028
108,2023,11,0.0,xgboost_regressor,0.4741845726966858
108,2023,12,0.0,xgboost_regressor,0.4925296902656555
108,2024,1,0.0,xgboost_regressor,0.7159403562545776
108,2024,2,0.0,xgboost_regressor,0.886889636516571
108,2024,3,0.0,xgboost_regressor,1.1985822916030884
108,2024,4,1.0,xgboost_regressor,0.7135379910469055
108,2024,5,2.0,xgboost_regressor,1.5656334161758423
108,2024,6,3.0,xgboost_regressor,1.104261040687561
109,2023,8,0.0,xgboost_regressor,1.1590791940689087
109,2023,9,0.0,xgboost_regressor,1.8688411712646484
109,2023,10,0.0,xgboost_regressor,1.2475340366363525
109,2023,11,0.0,xgboost_regressor,0.991138756275177
109,2023,12,0.0,xgboost_regressor,0.864612340927124
109,2024,1,0.0,xgboost_regressor,1.7019972801208496
109,2024,2,0.0,xgboost_regressor,1.2969090938568115
109,2024,3,0.0,xgboost_regressor,2.1358578205108643
109,2024,4,0.0,xgboost_regressor,1.605086326599121
109,2024,5,0.0,xgboost_regressor,2.4187331199645996
109,2024,6,2.0,xgboost_regressor,2.175196409225464
110,2023,8,1.0,xgboost_regressor,1.456889033317566
110,2023,9,1.0,xgboost_regressor,1.663922667503357
110,2023,10,1.0,xgboost_regressor,0.9189079403877258
110,2023,11,1.0,xgboost_regressor,1.8289557695388794
110,2023,12,1.0,xgboost_regressor,1.2913761138916016
110,2024,1,2.0,xgboost_regressor,2.4777116775512695
110,2024,2,1.0,xgboost_regressor,3.166945695877075
110,2024,3,1.0,xgboost_regressor,2.1479103565216064
110,2024,4,0.0,xgboost_regressor,1.7409955263137817
110,2024,5,0.0,xgboost_regressor,2.037630319595337
110,2024,6,1.0,xgboost_regressor,2.2264299392700195
111,2023,8,6.0,xgboost_regressor,2.2427117824554443
111,2023,9,6.0,xgboost_regressor,2.133021354675293
111,2023,10,2.0,xgboost_regressor,2.8311429023742676
111,2023,11,1.0,xgboost_regressor,2.5497806072235107
111,2023,12,1.0,xgboost_regressor,2.01120662689209
111,2024,1,3.0,xgboost_regressor,2.6053552627563477
111,2024,2,3.0,xgboost_regressor,3.3368797302246094
111,2024,3,4.0,xgboost_regressor,2.6307411193847656
111,2024,4,3.0,xgboost_regressor,2.312382459640503
111,2024,5,3.0,xgboost_regressor,2.3982863426208496
111,2024,6,1.0,xgboost_regressor,2.1308984756469727
112,2023,8,1.0,xgboost_regressor,1.059454321861267
112,2023,9,1.0,xgboost_regressor,1.8050355911254883
112,2023,10,1.0,xgboost_regressor,1.7629845142364502
112,2023,11,1.0,xgboost_regressor,1.676529884338379
112,2023,12,0.0,xgboost_regressor,1.2015355825424194
112,2024,1,0.0,xgboost_regressor,1.075735330581665
112,2024,2,0.0,xgboost_regressor,1.6902697086334229
112,2024,3,0.0,xgboost_regressor,1.2442491054534912
112,2024,4,0.0,xgboost_regressor,0.9924945831298828
112,2024,5,2.0,xgboost_regressor,1.446553111076355
112,2024,6,2.0,xgboost_regressor,1.3972872495651245
113,2023,8,2.0,xgboost_regressor,0.6276931166648865
113,2023,9,2.0,xgboost_regressor,1.040379285812378
113,2023,10,1.0,xgboost_regressor,0.7921665906906128
113,2023,11,1.0,xgboost_regressor,1.2585104703903198
113,2023,12,0.0,xgboost_regressor,0.893964946269989
113,2024,1,0.0,xgboost_regressor,0.7195785045623779
113,2024,2,0.0,xgboost_regressor,1.3214704990386963
113,2024,3,0.0,xgboost_regressor,1.279837727546692
113,2024,4,0.0,xgboost_regressor,0.9165217280387878
113,2024,5,0.0,xgboost_regressor,1.3611680269241333
113,2024,6,0.0,xgboost_regressor,0.7572864294052124
114,2023,8,2.0,xgboost_regressor,1.033132553100586
114,2023,9,2.0,xgboost_regressor,1.284265160560608
114,2023,10,1.0,xgboost_regressor,0.8919103145599365
114,2023,11,1.0,xgboost_regressor,1.2695904970169067
114,2023,12,0.0,xgboost_regressor,0.9164636135101318
114,2024,1,0.0,xgboost_regressor,0.8351014256477356
114,2024,2,0.0,xgboost_regressor,1.4278531074523926
114,2024,3,0.0,xgboost_regressor,0.9850195646286011
114,2024,4,0.0,xgboost_regressor,1.3371052742004395
114,2024,5,0.0,xgboost_regressor,1.7145699262619019
114,2024,6,0.0,xgboost_regressor,1.0457971096038818
115,2023,8,5.0,xgboost_regressor,2.422191858291626
115,2023,9,5.0,xgboost_regressor,2.3591675758361816
115,2023,10,4.0,xgboost_regressor,1.7696537971496582
115,2023,11,4.0,xgboost_regressor,2.940120220184326
115,2023,12,3.0,xgboost_regressor,2.057636260986328
115,2024,1,3.0,xgboost_regressor,2.5364675521850586
115,2024,2,3.0,xgboost_regressor,3.7843856811523438
115,2024,3,2.0,xgboost_regressor,3.384359836578369
115,2024,4,3.0,xgboost_regressor,3.2161970138549805
115,2024,5,2.0,xgboost_regressor,3.6462738513946533
115,2024,6,2.0,xgboost_regressor,3.427053213119507
116,2023,8,2.0,xgboost_regressor,0.4511638879776001
116,2023,9,2.0,xgboost_regressor,0.6247512102127075
116,2023,10,1.0,xgboost_regressor,0.5744985938072205
116,2023,11,2.0,xgboost_regressor,0.7518700957298279
116,2023,12,2.0,xgboost_regressor,0.3609769344329834
116,2024,1,2.0,xgboost_regressor,0.3729522228240967
116,2024,2,2.0,xgboost_regressor,1.4735742807388306
116,2024,3,2.0,xgboost_regressor,1.1511632204055786
116,2024,4,2.0,xgboost_regressor,0.8896353244781494
116,2024,5,0.0,xgboost_regressor,1.5122404098510742
116,2024,6,0.0,xgboost_regressor,0.4913829267024994
117,2023,8,2.0,xgboost_regressor,0.5611583590507507
117,2023,9,2.0,xgboost_regressor,1.0653854608535767
117,2023,10,1.0,xgboost_regressor,0.7616191506385803
117,2023,11,2.0,xgboost_regressor,0.9365761280059814
117,2023,12,2.0,xgboost_regressor,0.38422930240631104
117,2024,1,2.0,xgboost_regressor,0.7265911102294922
117,2024,2,2.0,xgboost_regressor,1.700055718421936
117,2024,3,2.0,xgboost_regressor,1.0339117050170898
117,2024,4,2.0,xgboost_regressor,1.0856616497039795
117,2024,5,0.0,xgboost_regressor,1.638350486755371
117,2024,6,0.0,xgboost_regressor,0.6982282400131226
118,2023,8,5.0,xgboost_regressor,3.50095796585083
118,2023,9,5.0,xgboost_regressor,3.174283504486084
118,2023,10,4.0,xgboost_regressor,2.398071765899658
118,2023,11,2.0,xgboost_regressor,3.094653367996216
118,2023,12,2.0,xgboost_regressor,4.348647594451904
118,2024,1,2.0,xgboost_regressor,3.6752212047576904
118,2024,2,3.0,xgboost_regressor,4.9797282218933105
118,2024,3,5.0,xgboost_regressor,4.628960132598877
118,2024,4,5.0,xgboost_regressor,4.282808303833008
118,2024,5,3.0,xgboost_regressor,3.714540719985962
118,2024,6,1.0,xgboost_regressor,2.9625232219696045
119,2023,8,5.0,xgboost_regressor,1.9994337558746338
119,2023,9,5.0,xgboost_regressor,2.5353097915649414
119,2023,10,4.0,xgboost_regressor,1.6859432458877563
119,2023,11,2.0,xgboost_regressor,2.2004191875457764
119,2023,12,2.0,xgboost_regressor,2.632309675216675
119,2024,1,2.0,xgboost_regressor,1.594992756843567
119,2024,2,3.0,xgboost_regressor,2.6158511638641357
119,2024,3,5.0,xgboost_regressor,2.574206590652466
119,2024,4,5.0,xgboost_regressor,2.3706912994384766
119,2024,5,3.0,xgboost_regressor,2.0823235511779785
119,2024,6,1.0,xgboost_regressor,1.2864830493927002
120,2023,8,0.0,xgboost_regressor,0.24564877152442932
120,2023,9,2.0,xgboost_regressor,0.5771791338920593
120,2023,10,3.0,xgboost_regressor,0.39289364218711853
120,2023,11,3.0,xgboost_regressor,0.6411386728286743
120,2023,12,1.0,xgboost_regressor,0.3217914402484894
120,2024,1,0.0,xgboost_regressor,0.2898158133029938
120,2024,2,1.0,xgboost_regressor,1.1394225358963013
120,2024,3,1.0,xgboost_regressor,0.7773508429527283
120,2024,4,1.0,xgboost_regressor,0.5977882742881775
120,2024,5,0.0,xgboost_regressor,1.4151623249053955
120,2024,6,1.0,xgboost_regressor,0.39031192660331726
121,2023,8,0.0,xgboost_regressor,0.23418782651424408
121,2023,9,2.0,xgboost_regressor,0.4595215320587158
121,2023,10,3.0,xgboost_regressor,0.5004587769508362
121,2023,11,3.0,xgboost_regressor,0.3297523856163025
121,2023,12,1.0,xgboost_regressor,0.3266678750514984
121,2024,1,0.0,xgboost_regressor,0.500504732131958
121,2024,2,1.0,xgboost_regressor,1.2860276699066162
121,2024,3,1.0,xgboost_regressor,1.016189694404602
121,2024,4,1.0,xgboost_regressor,0.4026845693588257
121,2024,5,0.0,xgboost_regressor,1.675112009048462
121,2024,6,1.0,xgboost_regressor,0.48967456817626953
122,2023,8,3.0,xgboost_regressor,2.001868724822998
122,2023,9,2.0,xgboost_regressor,2.07417893409729
122,2023,10,3.0,xgboost_regressor,1.5766948461532593
122,2023,11,4.0,xgboost_regressor,2.3175370693206787
122,2023,12,3.0,xgboost_regressor,2.532832145690918
122,2024,1,4.0,xgboost_regressor,2.6786580085754395
122,2024,2,4.0,xgboost_regressor,3.250636339187622
122,2024,3,4.0,xgboost_regressor,3.3553900718688965
122,2024,4,1.0,xgboost_regressor,2.483795166015625
122,2024,5,0.0,xgboost_regressor,3.5901575088500977
122,2024,6,0.0,xgboost_regressor,2.8999528884887695
124,2023,8,0.0,xgboost_regressor,0.6604889035224915
124,2023,9,1.0,xgboost_regressor,1.3916804790496826
124,2023,10,1.0,xgboost_regressor,0.8605153560638428
124,2023,11,1.0,xgboost_regressor,0.5481149554252625
124,2023,12,0.0,xgboost_regressor,0.8675907254219055
124,2024,1,1.0,xgboost_regressor,1.1471885442733765
124,2024,2,1.0,xgboost_regressor,1.1130481958389282
124,2024,3,1.0,xgboost_regressor,0.8263497948646545
124,2024,4,0.0,xgboost_regressor,0.9377142786979675
124,2024,5,0.0,xgboost_regressor,1.4556962251663208
125,2023,8,4.0,xgboost_regressor,2.3030378818511963
125,2023,9,3.0,xgboost_regressor,2.2186625003814697
125,2023,10,3.0,xgboost_regressor,2.0103702545166016
125,2023,11,4.0,xgboost_regressor,2.313405752182007
125,2023,12,3.0,xgboost_regressor,3.2442667484283447
125,2024,1,4.0,xgboost_regressor,3.495994806289673
125,2024,2,4.0,xgboost_regressor,4.054747581481934
125,2024,3,4.0,xgboost_regressor,3.692842960357666
125,2024,4,1.0,xgboost_regressor,2.725670337677002
125,2024,5,0.0,xgboost_regressor,3.389803409576416
125,2024,6,0.0,xgboost_regressor,2.779322385787964
126,2023,8,3.0,xgboost_regressor,2.693232297897339
126,2023,9,2.0,xgboost_regressor,2.1045610904693604
126,2023,10,2.0,xgboost_regressor,1.6548960208892822
126,2023,11,3.0,xgboost_regressor,1.6468310356140137
126,2023,12,2.0,xgboost_regressor,1.055098533630371
126,2024,1,1.0,xgboost_regressor,1.8527841567993164
126,2024,2,0.0,xgboost_regressor,2.2659127712249756
126,2024,3,0.0,xgboost_regressor,1.8554482460021973
126,2024,4,1.0,xgboost_regressor,1.9115527868270874
126,2024,5,1.0,xgboost_regressor,2.3952107429504395
126,2024,6,2.0,xgboost_regressor,1.738433837890625
127,2023,8,2.0,xgboost_regressor,0.663038969039917
127,2023,9,2.0,xgboost_regressor,1.4006072282791138
127,2023,10,2.0,xgboost_regressor,1.3254446983337402
127,2023,11,1.0,xgboost_regressor,1.295814871788025
127,2023,12,0.0,xgboost_regressor,0.9455820918083191
127,2024,1,2.0,xgboost_regressor,1.135637640953064
127,2024,2,2.0,xgboost_regressor,1.7757620811462402
127,2024,3,3.0,xgboost_regressor,1.1662979125976562
127,2024,4,1.0,xgboost_regressor,0.9909111261367798
127,2024,5,3.0,xgboost_regressor,1.7524101734161377
127,2024,6,2.0,xgboost_regressor,1.3615634441375732
128,2023,8,1.0,xgboost_regressor,0.9522505402565002
128,2023,9,0.0,xgboost_regressor,1.5171294212341309
128,2023,10,0.0,xgboost_regressor,1.6716303825378418
128,2023,11,0.0,xgboost_regressor,1.2580087184906006
128,2023,12,0.0,xgboost_regressor,1.0747319459915161
128,2024,1,0.0,xgboost_regressor,1.597998023033142
128,2024,2,0.0,xgboost_regressor,1.7402946949005127
128,2024,3,1.0,xgboost_regressor,1.5069489479064941
128,2024,4,1.0,xgboost_regressor,1.3330225944519043
128,2024,5,1.0,xgboost_regressor,2.0042834281921387
128,2024,6,0.0,xgboost_regressor,1.190364122390747
129,2023,8,1.0,xgboost_regressor,1.0304858684539795
129,2023,9,0.0,xgboost_regressor,1.5953524112701416
129,2023,10,0.0,xgboost_regressor,1.7856321334838867
129,2023,11,0.0,xgboost_regressor,1.4636608362197876
129,2023,12,0.0,xgboost_regressor,1.1992279291152954
129,2024,1,0.0,xgboost_regressor,1.2921652793884277
129,2024,2,0.0,xgboost_regressor,1.9495024681091309
129,2024,3,1.0,xgboost_regressor,1.5908231735229492
129,2024,4,1.0,xgboost_regressor,1.1612720489501953
129,2024,5,1.0,xgboost_regressor,1.914275050163269
129,2024,6,0.0,xgboost_regressor,1.2692500352859497
131,2023,8,0.0,xgboost_regressor,0.6209110021591187
131,2023,9,0.0,xgboost_regressor,0.7423744797706604
131,2023,10,0.0,xgboost_regressor,0.6605148315429688
131,2023,11,0.0,xgboost_regressor,0.6950362324714661
131,2023,12,0.0,xgboost_regressor,0.7596928477287292
131,2024,1,0.0,xgboost_regressor,0.6559242010116577
131,2024,2,0.0,xgboost_regressor,1.3561394214630127
131,2024,3,1.0,xgboost_regressor,0.8033128380775452
131,2024,4,1.0,xgboost_regressor,0.6968743205070496
131,2024,5,1.0,xgboost_regressor,1.3687317371368408
131,2024,6,0.0,xgboost_regressor,0.3505244255065918
132,2023,8,0.0,xgboost_regressor,0.5525233745574951
132,2023,9,0.0,xgboost_regressor,0.6300044059753418
132,2023,10,0.0,xgboost_regressor,0.6169456839561462
132,2023,11,0.0,xgboost_regressor,0.5511702299118042
132,2023,12,0.0,xgboost_regressor,0.30155378580093384
132,2024,1,0.0,xgboost_regressor,0.22889015078544617
132,2024,2,0.0,xgboost_regressor,0.8771227598190308
132,2024,3,0.0,xgboost_regressor,0.3517419993877411
132,2024,4,0.0,xgboost_regressor,0.3578816056251526
132,2024,5,0.0,xgboost_regressor,1.0518627166748047
132,2024,6,0.0,xgboost_regressor,0.25778165459632874
133,2023,8,0.0,xgboost_regressor,0.7573370933532715
133,2023,9,0.0,xgboost_regressor,1.061056137084961
133,2023,10,0.0,xgboost_regressor,1.0650731325149536
133,2023,11,0.0,xgboost_regressor,0.7741988897323608
133,2023,12,0.0,xgboost_regressor,0.6949914693832397
133,2024,1,0.0,xgboost_regressor,1.215943694114685
133,2024,2,0.0,xgboost_regressor,1.227745771408081
133,2024,3,0.0,xgboost_regressor,0.6815096735954285
133,2024,4,0.0,xgboost_regressor,0.8281969428062439
133,2024,5,0.0,xgboost_regressor,1.5987173318862915
133,2024,6,0.0,xgboost_regressor,0.7329307794570923
134,2023,8,0.0,xgboost_regressor,0.261898934841156
134,2023,9,0.0,xgboost_regressor,0.8186707496643066
134,2023,10,0.0,xgboost_regressor,0.830767810344696
134,2023,11,0.0,xgboost_regressor,0.34696024656295776
134,2023,12,0.0,xgboost_regressor,0.19300004839897156
134,2024,1,0.0,xgboost_regressor,0.3016109764575958
134,2024,2,0.0,xgboost_regressor,0.7399847507476807
134,2024,3,0.0,xgboost_regressor,0.46353453397750854
134,2024,4,0.0,xgboost_regressor,0.24062879383563995
134,2024,5,0.0,xgboost_regressor,1.0346063375473022
134,2024,6,0.0,xgboost_regressor,0.5171794891357422
135,2023,8,0.0,xgboost_regressor,0.5128767490386963
135,2023,9,0.0,xgboost_regressor,0.582628607749939
135,2023,10,0.0,xgboost_regressor,0.7933807373046875
135,2023,11,0.0,xgboost_regressor,0.7304986119270325
135,2023,12,0.0,xgboost_regressor,1.0085780620574951
135,2024,1,0.0,xgboost_regressor,1.6125643253326416
135,2024,2,0.0,xgboost_regressor,1.3135732412338257
135,2024,3,0.0,xgboost_regressor,0.7138938903808594
135,2024,4,0.0,xgboost_regressor,1.0236045122146606
135,2024,5,0.0,xgboost_regressor,1.6241340637207031
135,2024,6,0.0,xgboost_regressor,0.903870701789856
136,2023,8,2.0,xgboost_regressor,0.9519171118736267
136,2023,9,2.0,xgboost_regressor,1.1160811185836792
136,2023,10,1.0,xgboost_regressor,1.0086342096328735
136,2023,11,1.0,xgboost_regressor,1.9889740943908691
136,2023,12,1.0,xgboost_regressor,1.208078384399414
136,2024,1,1.0,xgboost_regressor,1.1256712675094604
136,2024,2,0.0,xgboost_regressor,1.864614486694336
136,2024,3,0.0,xgboost_regressor,1.5277042388916016
136,2024,4,0.0,xgboost_regressor,1.3344162702560425
136,2024,5,0.0,xgboost_regressor,1.8579425811767578
136,2024,6,2.0,xgboost_regressor,1.0404666662216187
137,2023,8,2.0,xgboost_regressor,3.2967255115509033
137,2023,9,3.0,xgboost_regressor,3.3303773403167725
137,2023,10,3.0,xgboost_regressor,2.0623295307159424
137,2023,11,4.0,xgboost_regressor,2.6868908405303955
137,2023,12,2.0,xgboost_regressor,2.2262890338897705
137,2024,1,2.0,xgboost_regressor,2.327012538909912
137,2024,2,2.0,xgboost_regressor,2.992074728012085
137,2024,3,2.0,xgboost_regressor,2.7060964107513428
137,2024,4,1.0,xgboost_regressor,2.6090800762176514
137,2024,5,0.0,xgboost_regressor,2.5518174171447754
137,2024,6,2.0,xgboost_regressor,2.7453560829162598
138,2023,8,3.0,xgboost_regressor,3.1682305335998535
138,2023,9,4.0,xgboost_regressor,4.329737186431885
138,2023,10,4.0,xgboost_regressor,3.4650182723999023
138,2023,11,4.0,xgboost_regressor,2.608177661895752
138,2023,12,3.0,xgboost_regressor,2.3170814514160156
138,2024,1,3.0,xgboost_regressor,3.872147798538208
138,2024,2,3.0,xgboost_regressor,4.860942363739014
138,2024,3,2.0,xgboost_regressor,4.861780166625977
138,2024,4,1.0,xgboost_regressor,4.428038120269775
138,2024,5,0.0,xgboost_regressor,5.401525497436523
138,2024,6,1.0,xgboost_regressor,4.700793743133545
139,2023,8,2.0,xgboost_regressor,1.4311130046844482
139,2023,9,0.0,xgboost_regressor,1.5420451164245605
139,2023,10,0.0,xgboost_regressor,1.4917417764663696
139,2023,11,0.0,xgboost_regressor,1.397814154624939
139,2023,12,0.0,xgboost_regressor,0.7760143280029297
139,2024,1,0.0,xgboost_regressor,1.5442354679107666
139,2024,2,1.0,xgboost_regressor,1.6509674787521362
139,2024,3,1.0,xgboost_regressor,1.4827570915222168
139,2024,4,2.0,xgboost_regressor,1.1671969890594482
139,2024,5,1.0,xgboost_regressor,2.2412972450256348
139,2024,6,1.0,xgboost_regressor,1.2862913608551025
140,2023,8,6.0,xgboost_regressor,4.193961143493652
140,2023,9,3.0,xgboost_regressor,4.537226676940918
140,2023,10,3.0,xgboost_regressor,3.6697463989257812
140,2023,11,2.0,xgboost_regressor,4.182074546813965
140,2023,12,3.0,xgboost_regressor,3.512733221054077
140,2024,1,1.0,xgboost_regressor,2.510190010070801
140,2024,2,4.0,xgboost_regressor,3.218419313430786
140,2024,3,3.0,xgboost_regressor,3.4123737812042236
140,2024,4,6.0,xgboost_regressor,3.329714059829712
140,2024,5,3.0,xgboost_regressor,4.347897052764893
140,2024,6,7.0,xgboost_regressor,3.7090792655944824
143,2023,12,5.0,xgboost_regressor,4.282198429107666
143,2024,1,4.0,xgboost_regressor,4.8365559577941895
143,2024,2,4.0,xgboost_regressor,5.871849060058594
143,2024,3,3.0,xgboost_regressor,6.132801055908203
143,2024,4,2.0,xgboost_regressor,5.781519412994385
143,2024,5,0.0,xgboost_regressor,6.132722854614258
143,2024,6,6.0,xgboost_regressor,5.209924221038818
1,2023,8,2.0,hist_gradient_boosting_regressor,0.8708648991351498
1,2023,9,3.0,hist_gradient_boosting_regressor,0.6948517200013791
1,2023,10,2.0,hist_gradient_boosting_regressor,0.9560558198072961
1,2023,11,1.0,hist_gradient_boosting_regressor,1.1653250701425688
1,2023,12,0.0,hist_gradient_boosting_regressor,0.5451958340804567
1,2024,1,1.0,hist_gradient_boosting_regressor,0.600892211592444
1,2024,2,2.0,hist_gradient_boosting_regressor,1.8627284319388164
1,2024,3,2.0,hist_gradient_boosting_regressor,1.35530624993713
1,2024,4,1.0,hist_gradient_boosting_regressor,1.5666628812866354
1,2024,5,1.0,hist_gradient_boosting_regressor,1.7377688425968296
1,2024,6,1.0,hist_gradient_boosting_regressor,1.5694818258134395
2,2023,8,4.0,hist_gradient_boosting_regressor,2.55391149259689
2,2023,9,2.0,hist_gradient_boosting_regressor,2.9206005291290986
2,2023,10,2.0,hist_gradient_boosting_regressor,3.1089931665601127
2,2023,11,0.0,hist_gradient_boosting_regressor,3.4022771349246588
2,2023,12,2.0,hist_gradient_boosting_regressor,3.887375410669624
2,2024,1,2.0,hist_gradient_boosting_regressor,2.0890337478566656
2,2024,2,3.0,hist_gradient_boosting_regressor,2.9813785987252754
2,2024,3,1.0,hist_gradient_boosting_regressor,3.4068428622903313
2,2024,4,1.0,hist_gradient_boosting_regressor,2.296386738205706
2,2024,5,0.0,hist_gradient_boosting_regressor,3.45874975762514
2,2024,6,0.0,hist_gradient_boosting_regressor,3.2882541677702215
3,2023,8,5.0,hist_gradient_boosting_regressor,2.0653539377091015
3,2023,9,3.0,hist_gradient_boosting_regressor,4.02649599635561
3,2023,10,2.0,hist_gradient_boosting_regressor,3.359878912349567
3,2023,11,0.0,hist_gradient_boosting_regressor,3.5470022876935428
3,2023,12,2.0,hist_gradient_boosting_regressor,3.259404087613616
3,2024,1,2.0,hist_gradient_boosting_regressor,2.8907632155571785
3,2024,2,3.0,hist_gradient_boosting_regressor,3.5463751548498377
3,2024,3,1.0,hist_gradient_boosting_regressor,3.0505355316403535
3,2024,4,1.0,hist_gradient_boosting_regressor,2.866774016365823
3,2024,5,0.0,hist_gradient_boosting_regressor,3.641291335573705
3,2024,6,0.0,hist_gradient_boosting_regressor,4.168921560026411
4,2023,8,3.0,hist_gradient_boosting_regressor,1.1363432673880707
4,2023,9,3.0,hist_gradient_boosting_regressor,0.756659686744008
4,2023,10,2.0,hist_gradient_boosting_regressor,0.9522648163931483
4,2023,11,0.0,hist_gradient_boosting_regressor,1.012849931229
4,2023,12,1.0,hist_gradient_boosting_regressor,0.44274015954612717
4,2024,1,1.0,hist_gradient_boosting_regressor,1.2650085905043353
4,2024,2,1.0,hist_gradient_boosting_regressor,2.1747134307917753
4,2024,3,1.0,hist_gradient_boosting_regressor,2.5401989873354673
4,2024,4,1.0,hist_gradient_boosting_regressor,1.99225198765063
4,2024,5,1.0,hist_gradient_boosting_regressor,2.5496765363621643
4,2024,6,0.0,hist_gradient_boosting_regressor,2.0073958718148175
5,2023,8,3.0,hist_gradient_boosting_regressor,1.282148029330949
5,2023,9,3.0,hist_gradient_boosting_regressor,0.8660449262109055
5,2023,10,2.0,hist_gradient_boosting_regressor,0.8977815543854725
5,2023,11,0.0,hist_gradient_boosting_regressor,0.9446487920876748
5,2023,12,1.0,hist_gradient_boosting_regressor,0.698701611388398
5,2024,1,1.0,hist_gradient_boosting_regressor,1.4845822568763718
5,2024,2,1.0,hist_gradient_boosting_regressor,1.96091182714448
5,2024,3,1.0,hist_gradient_boosting_regressor,2.483376462759731
5,2024,4,1.0,hist_gradient_boosting_regressor,1.8681396288104783
5,2024,5,1.0,hist_gradient_boosting_regressor,2.496215398816587
5,2024,6,0.0,hist_gradient_boosting_regressor,1.9020837357285079
6,2023,8,0.0,hist_gradient_boosting_regressor,3.0991857172381203
6,2023,9,1.0,hist_gradient_boosting_regressor,2.210747515705376
6,2023,10,2.0,hist_gradient_boosting_regressor,0.9904070262294732
6,2023,11,2.0,hist_gradient_boosting_regressor,2.0957268526056003
6,2023,12,2.0,hist_gradient_boosting_regressor,1.7182223302930804
6,2024,1,1.0,hist_gradient_boosting_regressor,1.2596739526605747
6,2024,2,3.0,hist_gradient_boosting_regressor,2.021808343914124
6,2024,3,3.0,hist_gradient_boosting_regressor,1.6879127090119488
6,2024,4,6.0,hist_gradient_boosting_regressor,2.211003948998925
6,2024,5,4.0,hist_gradient_boosting_regressor,2.749953195008493
6,2024,6,4.0,hist_gradient_boosting_regressor,2.171044714727404
7,2023,8,0.0,hist_gradient_boosting_regressor,1.976785655166664
7,2023,9,1.0,hist_gradient_boosting_regressor,1.790267513209389
7,2023,10,2.0,hist_gradient_boosting_regressor,0.8654781076018646
7,2023,11,2.0,hist_gradient_boosting_regressor,2.1262285535193226
7,2023,12,2.0,hist_gradient_boosting_regressor,2.081157667124863
7,2024,1,1.0,hist_gradient_boosting_regressor,1.9402745011720854
7,2024,2,3.0,hist_gradient_boosting_regressor,2.560510700100859
7,2024,3,3.0,hist_gradient_boosting_regressor,2.522288228768716
7,2024,4,6.0,hist_gradient_boosting_regressor,2.8417004103970553
7,2024,5,4.0,hist_gradient_boosting_regressor,2.884369097721229
7,2024,6,4.0,hist_gradient_boosting_regressor,2.6375707307624388
8,2023,8,1.0,hist_gradient_boosting_regressor,0.4640458218080277
8,2023,9,1.0,hist_gradient_boosting_regressor,0.12420104979049008
8,2023,10,1.0,hist_gradient_boosting_regressor,0.33711876445442845
8,2023,11,0.0,hist_gradient_boosting_regressor,0.516966470856808
8,2023,12,0.0,hist_gradient_boosting_regressor,0.1546785354469953
8,2024,1,1.0,hist_gradient_boosting_regressor,0.9515363043137784
8,2024,2,1.0,hist_gradient_boosting_regressor,1.005276014635231
8,2024,3,2.0,hist_gradient_boosting_regressor,1.3982774322553022
8,2024,4,1.0,hist_gradient_boosting_regressor,0.8679533434320255
8,2024,5,1.0,hist_gradient_boosting_regressor,1.7259502536455182
8,2024,6,0.0,hist_gradient_boosting_regressor,0.9251905828650213
9,2023,8,1.0,hist_gradient_boosting_regressor,0.6207382256898109
9,2023,9,0.0,hist_gradient_boosting_regressor,0.64827705135009
9,2023,10,0.0,hist_gradient_boosting_regressor,0.9278055815806415
9,2023,11,2.0,hist_gradient_boosting_regressor,1.0387354140006804
9,2023,12,2.0,hist_gradient_boosting_regressor,0.7511383513369064
9,2024,1,3.0,hist_gradient_boosting_regressor,0.701552020864737
9,2024,2,1.0,hist_gradient_boosting_regressor,1.010438847369333
9,2024,3,1.0,hist_gradient_boosting_regressor,1.1672081138978736
9,2024,4,0.0,hist_gradient_boosting_regressor,1.2926066012303967
9,2024,5,0.0,hist_gradient_boosting_regressor,2.0908117346688755
9,2024,6,0.0,hist_gradient_boosting_regressor,1.6574838871716164
10,2023,8,2.0,hist_gradient_boosting_regressor,0.5142943922665109
10,2023,9,2.0,hist_gradient_boosting_regressor,0.7123541342341052
10,2023,10,2.0,hist_gradient_boosting_regressor,0.7581805106885238
10,2023,11,1.0,hist_gradient_boosting_regressor,0.7953167430834239
10,2023,12,0.0,hist_gradient_boosting_regressor,1.043732543771385
10,2024,1,0.0,hist_gradient_boosting_regressor,0.7316483278386302
10,2024,2,0.0,hist_gradient_boosting_regressor,1.699471178354907
10,2024,3,0.0,hist_gradient_boosting_regressor,1.2392265354806793
10,2024,4,1.0,hist_gradient_boosting_regressor,1.2318509708561798
10,2024,5,1.0,hist_gradient_boosting_regressor,1.2071495353308686
10,2024,6,1.0,hist_gradient_boosting_regressor,1.188783805935924
11,2023,8,2.0,hist_gradient_boosting_regressor,0.25468123868717807
11,2023,9,2.0,hist_gradient_boosting_regressor,0.3170471089273355
11,2023,10,3.0,hist_gradient_boosting_regressor,0.7849267469962568
11,2023,11,2.0,hist_gradient_boosting_regressor,0.7532568846371784
11,2023,12,2.0,hist_gradient_boosting_regressor,0.6257677523432682
11,2024,1,1.0,hist_gradient_boosting_regressor,0.6479205080634233
11,2024,2,1.0,hist_gradient_boosting_regressor,1.436571165563693
11,2024,3,0.0,hist_gradient_boosting_regressor,1.1965291395286004
11,2024,4,1.0,hist_gradient_boosting_regressor,1.286677094059612
11,2024,5,1.0,hist_gradient_boosting_regressor,1.504825065145809
11,2024,6,1.0,hist_gradient_boosting_regressor,1.4899023325509873
13,2023,8,5.0,hist_gradient_boosting_regressor,1.5347543189495523
13,2023,9,5.0,hist_gradient_boosting_regressor,1.6127969459454532
13,2023,10,4.0,hist_gradient_boosting_regressor,1.279085833030537
13,2023,11,1.0,hist_gradient_boosting_regressor,1.8793859868419907
13,2023,12,1.0,hist_gradient_boosting_regressor,2.016902246160829
13,2024,1,2.0,hist_gradient_boosting_regressor,1.7122488854983502
13,2024,2,2.0,hist_gradient_boosting_regressor,2.3848955882724323
13,2024,3,2.0,hist_gradient_boosting_regressor,1.8259782866490872
13,2024,4,1.0,hist_gradient_boosting_regressor,2.069115668655193
13,2024,5,1.0,hist_gradient_boosting_regressor,2.0404826917386356
13,2024,6,0.0,hist_gradient_boosting_regressor,2.2352481131477453
14,2023,8,3.0,hist_gradient_boosting_regressor,1.8222635653594887
14,2023,9,2.0,hist_gradient_boosting_regressor,1.450430527269272
14,2023,10,1.0,hist_gradient_boosting_regressor,1.4258585163508992
14,2023,11,1.0,hist_gradient_boosting_regressor,1.4647039416440109
14,2023,12,1.0,hist_gradient_boosting_regressor,1.6126151247671223
14,2024,1,2.0,hist_gradient_boosting_regressor,1.4100607583085187
14,2024,2,3.0,hist_gradient_boosting_regressor,1.6703668177087252
14,2024,3,2.0,hist_gradient_boosting_regressor,1.6089634033170164
14,2024,4,3.0,hist_gradient_boosting_regressor,1.7440631092552452
14,2024,5,2.0,hist_gradient_boosting_regressor,2.4651725714713986
14,2024,6,2.0,hist_gradient_boosting_regressor,2.0037895837766246
15,2023,8,4.0,hist_gradient_boosting_regressor,4.344089637881133
15,2023,9,1.0,hist_gradient_boosting_regressor,3.619074524403227
15,2023,10,2.0,hist_gradient_boosting_regressor,3.7452959904734127
15,2023,11,4.0,hist_gradient_boosting_regressor,3.984202898879869
15,2023,12,4.0,hist_gradient_boosting_regressor,4.071720363192662
15,2024,1,3.0,hist_gradient_boosting_regressor,1.8686087439776462
15,2024,2,4.0,hist_gradient_boosting_regressor,4.074113586149867
15,2024,3,4.0,hist_gradient_boosting_regressor,3.7185961261471028
15,2024,4,4.0,hist_gradient_boosting_regressor,2.4752328882095873
15,2024,5,4.0,hist_gradient_boosting_regressor,3.4024076349236636
15,2024,6,6.0,hist_gradient_boosting_regressor,4.1725684003614045
16,2023,8,8.0,hist_gradient_boosting_regressor,4.751128198472242
16,2023,9,9.0,hist_gradient_boosting_regressor,5.246482995298297
16,2023,10,6.0,hist_gradient_boosting_regressor,3.0805819120814752
16,2023,11,3.0,hist_gradient_boosting_regressor,4.117054293008809
16,2023,12,4.0,hist_gradient_boosting_regressor,4.5054277540672825
16,2024,1,9.0,hist_gradient_boosting_regressor,4.294837349347859
16,2024,2,11.0,hist_gradient_boosting_regressor,5.1902858836980315
16,2024,3,11.0,hist_gradient_boosting_regressor,5.372464341797552
16,2024,4,6.0,hist_gradient_boosting_regressor,4.81028340080986
16,2024,5,5.0,hist_gradient_boosting_regressor,5.363737631530682
16,2024,6,5.0,hist_gradient_boosting_regressor,5.8553258878840015
17,2023,8,8.0,hist_gradient_boosting_regressor,5.012951153097827
17,2023,9,9.0,hist_gradient_boosting_regressor,4.857281033441849
17,2023,10,6.0,hist_gradient_boosting_regressor,3.97291833956748
17,2023,11,3.0,hist_gradient_boosting_regressor,4.10180057021196
17,2023,12,4.0,hist_gradient_boosting_regressor,4.858164871821973
17,2024,1,9.0,hist_gradient_boosting_regressor,4.249789810169555
17,2024,2,11.0,hist_gradient_boosting_regressor,4.362298523664123
17,2024,3,11.0,hist_gradient_boosting_regressor,4.829800734052799
17,2024,4,6.0,hist_gradient_boosting_regressor,4.294633156949412
17,2024,5,5.0,hist_gradient_boosting_regressor,5.372745079413502
17,2024,6,5.0,hist_gradient_boosting_regressor,4.605212184283605
18,2023,8,4.0,hist_gradient_boosting_regressor,4.22263736703738
18,2023,9,1.0,hist_gradient_boosting_regressor,3.6413124101243377
18,2023,10,2.0,hist_gradient_boosting_regressor,3.446046874234673
18,2023,11,4.0,hist_gradient_boosting_regressor,4.465069717718167
18,2023,12,4.0,hist_gradient_boosting_regressor,3.9091677035836514
18,2024,1,3.0,hist_gradient_boosting_regressor,1.8991351848658
18,2024,2,4.0,hist_gradient_boosting_regressor,4.338041012565282
18,2024,3,4.0,hist_gradient_boosting_regressor,3.657571675756051
18,2024,4,4.0,hist_gradient_boosting_regressor,2.5409381549285226
18,2024,5,4.0,hist_gradient_boosting_regressor,3.089573592885867
18,2024,6,6.0,hist_gradient_boosting_regressor,3.9316952525984825
19,2023,8,2.0,hist_gradient_boosting_regressor,0.3845038146812141
19,2023,9,2.0,hist_gradient_boosting_regressor,0.15601948075440236
19,2023,10,2.0,hist_gradient_boosting_regressor,0.618199974812943
19,2023,11,1.0,hist_gradient_boosting_regressor,0.484983526801256
19,2023,12,1.0,hist_gradient_boosting_regressor,0.7346419273187769
19,2024,1,1.0,hist_gradient_boosting_regressor,0.35131103087024
19,2024,2,1.0,hist_gradient_boosting_regressor,0.9651597955628225
19,2024,3,0.0,hist_gradient_boosting_regressor,0.7616150438200484
19,2024,4,1.0,hist_gradient_boosting_regressor,1.0015479724523413
19,2024,5,1.0,hist_gradient_boosting_regressor,1.4028984760378345
19,2024,6,1.0,hist_gradient_boosting_regressor,1.277261799412944
20,2023,8,0.0,hist_gradient_boosting_regressor,0.9434615772207792
20,2023,9,1.0,hist_gradient_boosting_regressor,0.8963142485175183
20,2023,10,1.0,hist_gradient_boosting_regressor,0.35685567595484524
20,2023,11,1.0,hist_gradient_boosting_regressor,1.2368001262537467
20,2023,12,0.0,hist_gradient_boosting_regressor,0.8303414135811144
20,2024,1,0.0,hist_gradient_boosting_regressor,1.1075085530002369
20,2024,2,0.0,hist_gradient_boosting_regressor,1.2025379754984666
20,2024,3,0.0,hist_gradient_boosting_regressor,1.4562242358248845
20,2024,4,0.0,hist_gradient_boosting_regressor,1.1484460410489687
20,2024,5,0.0,hist_gradient_boosting_regressor,1.661614765054277
20,2024,6,0.0,hist_gradient_boosting_regressor,1.2679208438577279
21,2023,8,0.0,hist_gradient_boosting_regressor,0.7037176568074495
21,2023,9,0.0,hist_gradient_boosting_regressor,0.9877983086989076
21,2023,10,0.0,hist_gradient_boosting_regressor,0.8610214656805464
21,2023,11,0.0,hist_gradient_boosting_regressor,1.0685649482084907
21,2023,12,0.0,hist_gradient_boosting_regressor,0.5980226654589502
21,2024,1,0.0,hist_gradient_boosting_regressor,1.0184055613879566
21,2024,2,0.0,hist_gradient_boosting_regressor,1.3069143143287236
21,2024,3,0.0,hist_gradient_boosting_regressor,1.192253832763414
21,2024,4,0.0,hist_gradient_boosting_regressor,1.2027774569143337
21,2024,5,0.0,hist_gradient_boosting_regressor,1.500137676381333
21,2024,6,1.0,hist_gradient_boosting_regressor,1.3459326220427998
22,2023,8,2.0,hist_gradient_boosting_regressor,1.0598750836417818
22,2023,9,3.0,hist_gradient_boosting_regressor,1.0800697073932986
22,2023,10,6.0,hist_gradient_boosting_regressor,1.1724044902076929
22,2023,11,5.0,hist_gradient_boosting_regressor,2.2225782259808597
22,2023,12,5.0,hist_gradient_boosting_regressor,1.0082494736385577
22,2024,1,2.0,hist_gradient_boosting_regressor,0.8511544072691585
22,2024,2,3.0,hist_gradient_boosting_regressor,3.408762500296446
22,2024,3,3.0,hist_gradient_boosting_regressor,2.85613531149675
22,2024,4,2.0,hist_gradient_boosting_regressor,2.7740784106681207
22,2024,5,2.0,hist_gradient_boosting_regressor,2.968195844122014
22,2024,6,1.0,hist_gradient_boosting_regressor,2.990693062314316
23,2023,8,3.0,hist_gradient_boosting_regressor,1.3081392217390597
23,2023,9,3.0,hist_gradient_boosting_regressor,1.5470444061134205
23,2023,10,4.0,hist_gradient_boosting_regressor,1.332553937011893
23,2023,11,4.0,hist_gradient_boosting_regressor,1.8185946118788672
23,2023,12,4.0,hist_gradient_boosting_regressor,1.453742818510092
23,2024,1,3.0,hist_gradient_boosting_regressor,2.0695219788210784
23,2024,2,3.0,hist_gradient_boosting_regressor,2.8570371077097683
23,2024,3,5.0,hist_gradient_boosting_regressor,2.747690531802642
23,2024,4,4.0,hist_gradient_boosting_regressor,3.3533946249502584
23,2024,5,3.0,hist_gradient_boosting_regressor,2.609937239303701
23,2024,6,1.0,hist_gradient_boosting_regressor,2.4912702027106963
24,2023,8,2.0,hist_gradient_boosting_regressor,1.5868411606701596
24,2023,9,3.0,hist_gradient_boosting_regressor,1.4966427936382307
24,2023,10,5.0,hist_gradient_boosting_regressor,1.604712251292084
24,2023,11,4.0,hist_gradient_boosting_regressor,2.0813882976438056
24,2023,12,4.0,hist_gradient_boosting_regressor,1.491742331319834
24,2024,1,2.0,hist_gradient_boosting_regressor,1.5400909924141168
24,2024,2,3.0,hist_gradient_boosting_regressor,3.011255007017401
24,2024,3,5.0,hist_gradient_boosting_regressor,2.350414878376774
24,2024,4,4.0,hist_gradient_boosting_regressor,3.320167155600929
24,2024,5,3.0,hist_gradient_boosting_regressor,3.32032389349558
24,2024,6,1.0,hist_gradient_boosting_regressor,2.739814900730152
25,2023,8,4.0,hist_gradient_boosting_regressor,1.8863255534927952
25,2023,9,3.0,hist_gradient_boosting_regressor,2.7847040976687705
25,2023,10,5.0,hist_gradient_boosting_regressor,2.1855798733550102
25,2023,11,4.0,hist_gradient_boosting_regressor,1.7080609385659844
25,2023,12,4.0,hist_gradient_boosting_regressor,1.5238654035093329
25,2024,1,3.0,hist_gradient_boosting_regressor,2.6551975729147648
25,2024,2,3.0,hist_gradient_boosting_regressor,2.7090970221310204
25,2024,3,5.0,hist_gradient_boosting_regressor,3.262549320513212
25,2024,4,4.0,hist_gradient_boosting_regressor,3.2930235187761676
25,2024,5,3.0,hist_gradient_boosting_regressor,3.960785788635084
25,2024,6,4.0,hist_gradient_boosting_regressor,4.374138787747478
26,2023,8,3.0,hist_gradient_boosting_regressor,1.1614832207424686
26,2023,9,3.0,hist_gradient_boosting_regressor,1.129485557511468
26,2023,10,2.0,hist_gradient_boosting_regressor,1.3046338370245083
26,2023,11,2.0,hist_gradient_boosting_regressor,1.6391766612345822
26,2023,12,1.0,hist_gradient_boosting_regressor,1.0733910410389533
26,2024,1,0.0,hist_gradient_boosting_regressor,1.4147551430662761
26,2024,2,0.0,hist_gradient_boosting_regressor,1.459961721737087
26,2024,3,1.0,hist_gradient_boosting_regressor,1.5632315331646625
26,2024,4,1.0,hist_gradient_boosting_regressor,1.4630598264238224
26,2024,5,1.0,hist_gradient_boosting_regressor,1.9346024535326058
26,2024,6,1.0,hist_gradient_boosting_regressor,1.8438542169317447
27,2023,8,2.0,hist_gradient_boosting_regressor,1.3321407488224974
27,2023,9,3.0,hist_gradient_boosting_regressor,1.283999969432273
27,2023,10,3.0,hist_gradient_boosting_regressor,1.413151799073773
27,2023,11,2.0,hist_gradient_boosting_regressor,1.6954351215905965
27,2023,12,1.0,hist_gradient_boosting_regressor,1.8193363051431355
27,2024,1,0.0,hist_gradient_boosting_regressor,1.3671324594030256
27,2024,2,1.0,hist_gradient_boosting_regressor,1.5098278034258115
27,2024,3,1.0,hist_gradient_boosting_regressor,1.71084527979564
27,2024,4,1.0,hist_gradient_boosting_regressor,1.6875822945296484
27,2024,5,0.0,hist_gradient_boosting_regressor,1.699115108075497
27,2024,6,2.0,hist_gradient_boosting_regressor,1.6424818557652872
28,2023,8,0.0,hist_gradient_boosting_regressor,0.08688589585309903
28,2023,9,0.0,hist_gradient_boosting_regressor,0.3936242528826493
28,2023,10,0.0,hist_gradient_boosting_regressor,0.4660443080135187
28,2023,11,0.0,hist_gradient_boosting_regressor,0.5466298437443551
28,2023,12,0.0,hist_gradient_boosting_regressor,0.0
28,2024,1,0.0,hist_gradient_boosting_regressor,0.389978634808984
28,2024,2,0.0,hist_gradient_boosting_regressor,0.61491601685586
28,2024,3,0.0,hist_gradient_boosting_regressor,0.8199060151870402
28,2024,4,0.0,hist_gradient_boosting_regressor,0.6841052731530902
28,2024,5,1.0,hist_gradient_boosting_regressor,0.7675319741786291
28,2024,6,1.0,hist_gradient_boosting_regressor,0.4363814273822562
29,2023,8,0.0,hist_gradient_boosting_regressor,0.3709773873889245
29,2023,9,0.0,hist_gradient_boosting_regressor,0.6529752161708321
29,2023,10,0.0,hist_gradient_boosting_regressor,0.778147650586984
29,2023,11,1.0,hist_gradient_boosting_regressor,1.0865205480837858
29,2023,12,1.0,hist_gradient_boosting_regressor,0.34999795326044686
29,2024,1,1.0,hist_gradient_boosting_regressor,0.4816636258468355
29,2024,2,0.0,hist_gradient_boosting_regressor,0.9209760246558361
29,2024,3,0.0,hist_gradient_boosting_regressor,0.5209871203239625
29,2024,4,0.0,hist_gradient_boosting_regressor,0.4457306180751637
29,2024,5,0.0,hist_gradient_boosting_regressor,0.7401592741057917
29,2024,6,0.0,hist_gradient_boosting_regressor,0.5531991989654387
30,2023,8,2.0,hist_gradient_boosting_regressor,0.22790252100812322
30,2023,9,1.0,hist_gradient_boosting_regressor,0.5633036203023678
30,2023,10,0.0,hist_gradient_boosting_regressor,0.12910019512581192
30,2023,11,0.0,hist_gradient_boosting_regressor,0.6150097936057474
30,2023,12,0.0,hist_gradient_boosting_regressor,0.08861183274117458
30,2024,1,0.0,hist_gradient_boosting_regressor,0.4626783757969063
30,2024,2,0.0,hist_gradient_boosting_regressor,0.3236702167091385
30,2024,3,0.0,hist_gradient_boosting_regressor,0.590862936420583
30,2024,4,0.0,hist_gradient_boosting_regressor,0.4363919269949421
30,2024,5,0.0,hist_gradient_boosting_regressor,1.11610784041612
30,2024,6,0.0,hist_gradient_boosting_regressor,0.4462771394958869
31,2023,8,2.0,hist_gradient_boosting_regressor,0.4013093529892509
31,2023,9,1.0,hist_gradient_boosting_regressor,0.6494292101876867
31,2023,10,0.0,hist_gradient_boosting_regressor,0.10495794221286345
31,2023,11,0.0,hist_gradient_boosting_regressor,0.6589521260677522
31,2023,12,0.0,hist_gradient_boosting_regressor,0.3988479924068067
31,2024,1,0.0,hist_gradient_boosting_regressor,0.6715832043113368
31,2024,2,0.0,hist_gradient_boosting_regressor,0.6171612617795321
31,2024,3,0.0,hist_gradient_boosting_regressor,1.1324022739250816
31,2024,4,0.0,hist_gradient_boosting_regressor,0.8714930151228016
31,2024,5,0.0,hist_gradient_boosting_regressor,1.5803124391007695
31,2024,6,0.0,hist_gradient_boosting_regressor,0.9464957325725074
32,2023,8,0.0,hist_gradient_boosting_regressor,0.015686493939872287
32,2023,9,0.0,hist_gradient_boosting_regressor,0.6560054205966589
32,2023,10,0.0,hist_gradient_boosting_regressor,0.14530234728550157
32,2023,11,0.0,hist_gradient_boosting_regressor,0.656930983804512
32,2023,12,0.0,hist_gradient_boosting_regressor,0.0
32,2024,1,0.0,hist_gradient_boosting_regressor,0.11974153041431813
32,2024,2,0.0,hist_gradient_boosting_regressor,0.2545362556943286
32,2024,3,0.0,hist_gradient_boosting_regressor,0.0
32,2024,4,0.0,hist_gradient_boosting_regressor,0.1643219542003501
32,2024,5,0.0,hist_gradient_boosting_regressor,0.3199970217844071
32,2024,6,0.0,hist_gradient_boosting_regressor,0.5076919963400414
33,2023,8,0.0,hist_gradient_boosting_regressor,0.05886040267888163
33,2023,9,0.0,hist_gradient_boosting_regressor,0.3966534897930671
33,2023,10,0.0,hist_gradient_boosting_regressor,0.23168258704332825
33,2023,11,0.0,hist_gradient_boosting_regressor,0.47273285477090354
33,2023,12,0.0,hist_gradient_boosting_regressor,0.107612435443591
33,2024,1,0.0,hist_gradient_boosting_regressor,0.1788346885089593
33,2024,2,0.0,hist_gradient_boosting_regressor,0.6752172561311354
33,2024,3,0.0,hist_gradient_boosting_regressor,0.6492943763146085
33,2024,4,0.0,hist_gradient_boosting_regressor,0.5584848997133697
33,2024,5,0.0,hist_gradient_boosting_regressor,0.8945212899191969
33,2024,6,0.0,hist_gradient_boosting_regressor,0.26508063409518395
34,2023,8,0.0,hist_gradient_boosting_regressor,0.19859780101229524
34,2023,9,0.0,hist_gradient_boosting_regressor,0.5107236610071885
34,2023,10,0.0,hist_gradient_boosting_regressor,0.42613260371310147
34,2023,11,0.0,hist_gradient_boosting_regressor,0.746681481371985
34,2023,12,0.0,hist_gradient_boosting_regressor,0.1415640434846818
34,2024,1,0.0,hist_gradient_boosting_regressor,0.3808547034206459
34,2024,2,0.0,hist_gradient_boosting_regressor,0.692920215088439
34,2024,3,0.0,hist_gradient_boosting_regressor,0.4058464509385768
34,2024,4,0.0,hist_gradient_boosting_regressor,0.26594330270101724
34,2024,5,1.0,hist_gradient_boosting_regressor,0.3893467478303872
34,2024,6,1.0,hist_gradient_boosting_regressor,0.4592721092709419
35,2023,8,0.0,hist_gradient_boosting_regressor,0.6354555761603106
35,2023,9,0.0,hist_gradient_boosting_regressor,1.0731588575125341
35,2023,10,0.0,hist_gradient_boosting_regressor,0.9168645704784127
35,2023,11,0.0,hist_gradient_boosting_regressor,0.9048018178870135
35,2023,12,0.0,hist_gradient_boosting_regressor,0.31372240608111274
35,2024,1,0.0,hist_gradient_boosting_regressor,0.6592966431976491
35,2024,2,0.0,hist_gradient_boosting_regressor,0.9616817692686848
35,2024,3,0.0,hist_gradient_boosting_regressor,1.4206926139288014
35,2024,4,0.0,hist_gradient_boosting_regressor,1.011787268379537
35,2024,5,0.0,hist_gradient_boosting_regressor,1.6768549011705536
35,2024,6,0.0,hist_gradient_boosting_regressor,1.170200855222192
36,2023,8,0.0,hist_gradient_boosting_regressor,0.6860691790731868
36,2023,9,0.0,hist_gradient_boosting_regressor,0.5189271947490018
36,2023,10,0.0,hist_gradient_boosting_regressor,0.47379584430421273
36,2023,11,0.0,hist_gradient_boosting_regressor,0.5837463400245309
36,2023,12,0.0,hist_gradient_boosting_regressor,0.24311043985005693
36,2024,1,0.0,hist_gradient_boosting_regressor,0.27115980353860336
36,2024,2,0.0,hist_gradient_boosting_regressor,0.781214304358533
36,2024,3,0.0,hist_gradient_boosting_regressor,0.8408250413995392
36,2024,4,0.0,hist_gradient_boosting_regressor,0.4971040509525418
36,2024,5,0.0,hist_gradient_boosting_regressor,1.2301951627746124
36,2024,6,0.0,hist_gradient_boosting_regressor,0.6084883197326512
37,2023,8,0.0,hist_gradient_boosting_regressor,0.46170898796710735
37,2023,9,0.0,hist_gradient_boosting_regressor,0.4400567373201586
37,2023,10,0.0,hist_gradient_boosting_regressor,0.388743887594712
37,2023,11,1.0,hist_gradient_boosting_regressor,0.3487010505268862
37,2023,12,1.0,hist_gradient_boosting_regressor,0.16033076937532123
37,2024,1,1.0,hist_gradient_boosting_regressor,0.4565591243946226
37,2024,2,2.0,hist_gradient_boosting_regressor,1.1208570903469082
37,2024,3,2.0,hist_gradient_boosting_regressor,0.9619344764992055
37,2024,4,2.0,hist_gradient_boosting_regressor,1.04269067434113
37,2024,5,0.0,hist_gradient_boosting_regressor,1.4115968959722716
37,2024,6,0.0,hist_gradient_boosting_regressor,1.1720674732859273
38,2023,8,0.0,hist_gradient_boosting_regressor,0.29102128986201353
38,2023,9,0.0,hist_gradient_boosting_regressor,0.1612007695884424
38,2023,10,0.0,hist_gradient_boosting_regressor,0.3653233228713065
38,2023,11,1.0,hist_gradient_boosting_regressor,0.3524526029601399
38,2023,12,1.0,hist_gradient_boosting_regressor,0.0
38,2024,1,1.0,hist_gradient_boosting_regressor,0.0
38,2024,2,3.0,hist_gradient_boosting_regressor,0.8188149418215616
38,2024,3,3.0,hist_gradient_boosting_regressor,0.48983301467857043
38,2024,4,3.0,hist_gradient_boosting_regressor,0.212376734311023
38,2024,5,0.0,hist_gradient_boosting_regressor,0.6928223353856067
38,2024,6,0.0,hist_gradient_boosting_regressor,0.14886664184091095
39,2023,8,0.0,hist_gradient_boosting_regressor,0.5205511254590172
39,2023,9,0.0,hist_gradient_boosting_regressor,0.6359332877432927
39,2023,10,0.0,hist_gradient_boosting_regressor,0.49755080882361447
39,2023,11,0.0,hist_gradient_boosting_regressor,0.614795964665559
39,2023,12,0.0,hist_gradient_boosting_regressor,0.3613373363543451
39,2024,1,0.0,hist_gradient_boosting_regressor,0.5097397305304726
39,2024,2,0.0,hist_gradient_boosting_regressor,0.7250282353051092
39,2024,3,0.0,hist_gradient_boosting_regressor,0.4773164731940348
39,2024,4,0.0,hist_gradient_boosting_regressor,0.48525763549903755
39,2024,5,0.0,hist_gradient_boosting_regressor,1.1707420394439747
39,2024,6,0.0,hist_gradient_boosting_regressor,0.6056160269980846
40,2023,8,0.0,hist_gradient_boosting_regressor,0.4915110366713584
40,2023,9,0.0,hist_gradient_boosting_regressor,0.4522154005555784
40,2023,10,0.0,hist_gradient_boosting_regressor,0.6480981517911385
40,2023,11,0.0,hist_gradient_boosting_regressor,0.5003151035800973
40,2023,12,0.0,hist_gradient_boosting_regressor,0.41367439868671063
40,2024,1,0.0,hist_gradient_boosting_regressor,0.5811381093679658
40,2024,2,0.0,hist_gradient_boosting_regressor,0.8871692855278392
40,2024,3,0.0,hist_gradient_boosting_regressor,0.4605748658755982
40,2024,4,0.0,hist_gradient_boosting_regressor,0.37215443067366855
40,2024,5,0.0,hist_gradient_boosting_regressor,0.8253158140630836
40,2024,6,0.0,hist_gradient_boosting_regressor,0.6522492887798184
41,2023,8,3.0,hist_gradient_boosting_regressor,3.1041921396951175
41,2023,9,4.0,hist_gradient_boosting_regressor,3.3909242232560133
41,2023,10,3.0,hist_gradient_boosting_regressor,2.074347015821203
41,2023,11,4.0,hist_gradient_boosting_regressor,2.285207939100259
41,2023,12,6.0,hist_gradient_boosting_regressor,2.4621325790865045
41,2024,1,7.0,hist_gradient_boosting_regressor,2.3591327429902162
41,2024,2,4.0,hist_gradient_boosting_regressor,2.7843094899419376
41,2024,3,2.0,hist_gradient_boosting_regressor,3.3420703897434083
41,2024,4,1.0,hist_gradient_boosting_regressor,3.5689853953340815
41,2024,5,1.0,hist_gradient_boosting_regressor,3.897895369811784
41,2024,6,0.0,hist_gradient_boosting_regressor,3.6348524281754786
42,2023,8,3.0,hist_gradient_boosting_regressor,2.60412513516889
42,2023,9,4.0,hist_gradient_boosting_regressor,2.906060710100835
42,2023,10,3.0,hist_gradient_boosting_regressor,2.011031621517809
42,2023,11,4.0,hist_gradient_boosting_regressor,2.377208604419944
42,2023,12,6.0,hist_gradient_boosting_regressor,2.6318518350719446
42,2024,1,7.0,hist_gradient_boosting_regressor,2.3303009653484446
42,2024,2,4.0,hist_gradient_boosting_regressor,2.86688072784651
42,2024,3,2.0,hist_gradient_boosting_regressor,3.045376538051457
42,2024,4,1.0,hist_gradient_boosting_regressor,3.278111772505128
42,2024,5,1.0,hist_gradient_boosting_regressor,3.74287476062369
42,2024,6,0.0,hist_gradient_boosting_regressor,3.5381055971940385
43,2023,8,1.0,hist_gradient_boosting_regressor,0.7295219465983199
43,2023,9,1.0,hist_gradient_boosting_regressor,0.5914158081620816
43,2023,10,1.0,hist_gradient_boosting_regressor,0.4283621614406942
43,2023,11,0.0,hist_gradient_boosting_regressor,0.03041537806801653
43,2023,12,0.0,hist_gradient_boosting_regressor,0.0770313451523301
43,2024,1,0.0,hist_gradient_boosting_regressor,0.5171290845359118
43,2024,2,0.0,hist_gradient_boosting_regressor,0.6512691234317359
43,2024,3,0.0,hist_gradient_boosting_regressor,0.8460605068969861
43,2024,4,0.0,hist_gradient_boosting_regressor,0.6226810676527391
43,2024,5,0.0,hist_gradient_boosting_regressor,1.422022378561226
43,2024,6,1.0,hist_gradient_boosting_regressor,0.7881043525388255
44,2023,8,1.0,hist_gradient_boosting_regressor,0.7125199298533806
44,2023,9,1.0,hist_gradient_boosting_regressor,0.9694034327821555
44,2023,10,1.0,hist_gradient_boosting_regressor,1.0033283474961157
44,2023,11,0.0,hist_gradient_boosting_regressor,0.7366589558073777
44,2023,12,0.0,hist_gradient_boosting_regressor,0.4406113908015004
44,2024,1,0.0,hist_gradient_boosting_regressor,0.8766404027946938
44,2024,2,0.0,hist_gradient_boosting_regressor,1.0591801659242592
44,2024,3,0.0,hist_gradient_boosting_regressor,1.0922890164168277
44,2024,4,0.0,hist_gradient_boosting_regressor,0.8415194909992816
44,2024,5,0.0,hist_gradient_boosting_regressor,1.3439284599360708
44,2024,6,1.0,hist_gradient_boosting_regressor,0.8922515903089084
45,2023,8,1.0,hist_gradient_boosting_regressor,1.4677397784112438
45,2023,9,1.0,hist_gradient_boosting_regressor,1.5899622777859497
45,2023,10,2.0,hist_gradient_boosting_regressor,1.4595200502904084
45,2023,11,2.0,hist_gradient_boosting_regressor,1.9105755664922042
45,2023,12,3.0,hist_gradient_boosting_regressor,0.6536271461791009
45,2024,1,2.0,hist_gradient_boosting_regressor,1.097140712952285
45,2024,2,2.0,hist_gradient_boosting_regressor,2.548885271076571
45,2024,3,2.0,hist_gradient_boosting_regressor,2.586161427027838
45,2024,4,1.0,hist_gradient_boosting_regressor,1.1945994116957055
45,2024,5,2.0,hist_gradient_boosting_regressor,1.8467581567939355
45,2024,6,1.0,hist_gradient_boosting_regressor,1.363807159126567
46,2023,8,0.0,hist_gradient_boosting_regressor,1.4728848512774946
46,2023,9,0.0,hist_gradient_boosting_regressor,1.4292653314598214
46,2023,10,1.0,hist_gradient_boosting_regressor,1.5664775233381485
46,2023,11,1.0,hist_gradient_boosting_regressor,1.6351183414040227
46,2023,12,2.0,hist_gradient_boosting_regressor,0.8187652239187829
46,2024,1,2.0,hist_gradient_boosting_regressor,0.9262782256496505
46,2024,2,2.0,hist_gradient_boosting_regressor,2.3513327448844317
46,2024,3,2.0,hist_gradient_boosting_regressor,2.467417550590348
46,2024,4,1.0,hist_gradient_boosting_regressor,1.0997854039500816
46,2024,5,2.0,hist_gradient_boosting_regressor,1.7725107495007855
46,2024,6,1.0,hist_gradient_boosting_regressor,1.5163251091631904
47,2023,8,2.0,hist_gradient_boosting_regressor,1.930041993249217
47,2023,9,1.0,hist_gradient_boosting_regressor,1.7555459997502296
47,2023,10,1.0,hist_gradient_boosting_regressor,1.6578063468629722
47,2023,11,0.0,hist_gradient_boosting_regressor,2.1293340536540546
47,2023,12,0.0,hist_gradient_boosting_regressor,1.5823688393322481
47,2024,1,1.0,hist_gradient_boosting_regressor,2.224645398792304
47,2024,2,1.0,hist_gradient_boosting_regressor,2.4393486123778705
47,2024,3,1.0,hist_gradient_boosting_regressor,3.296277156240059
47,2024,4,0.0,hist_gradient_boosting_regressor,2.8022867669899942
47,2024,5,0.0,hist_gradient_boosting_regressor,2.8880523418698996
47,2024,6,0.0,hist_gradient_boosting_regressor,2.5660724001010835
48,2023,8,0.0,hist_gradient_boosting_regressor,0.7579752341709161
48,2023,9,0.0,hist_gradient_boosting_regressor,1.395148879359394
48,2023,10,0.0,hist_gradient_boosting_regressor,0.41698501630615525
48,2023,11,0.0,hist_gradient_boosting_regressor,0.6615555812314773
48,2023,12,0.0,hist_gradient_boosting_regressor,0.14406532866690835
48,2024,1,1.0,hist_gradient_boosting_regressor,0.49621024417961873
48,2024,2,1.0,hist_gradient_boosting_regressor,0.593823793687116
48,2024,3,2.0,hist_gradient_boosting_regressor,0.6406268387557357
48,2024,4,1.0,hist_gradient_boosting_regressor,0.3822546150829368
48,2024,5,1.0,hist_gradient_boosting_regressor,1.2846005427911442
48,2024,6,3.0,hist_gradient_boosting_regressor,1.6267960113998836
49,2023,8,2.0,hist_gradient_boosting_regressor,1.0618967052394956
49,2023,9,1.0,hist_gradient_boosting_regressor,0.9962543376059536
49,2023,10,1.0,hist_gradient_boosting_regressor,0.6234124363346677
49,2023,11,1.0,hist_gradient_boosting_regressor,0.9211421896619476
49,2023,12,2.0,hist_gradient_boosting_regressor,0.48379261740731205
49,2024,1,2.0,hist_gradient_boosting_regressor,0.91386914270109
49,2024,2,2.0,hist_gradient_boosting_regressor,1.1562303669462548
49,2024,3,2.0,hist_gradient_boosting_regressor,0.976360856945031
49,2024,4,2.0,hist_gradient_boosting_regressor,0.8164832600793027
49,2024,5,1.0,hist_gradient_boosting_regressor,1.6445571743189833
49,2024,6,0.0,hist_gradient_boosting_regressor,1.184601049449464
50,2023,8,1.0,hist_gradient_boosting_regressor,0.2904604155140265
50,2023,9,2.0,hist_gradient_boosting_regressor,0.4801279619182602
50,2023,10,1.0,hist_gradient_boosting_regressor,0.05681541146725938
50,2023,11,1.0,hist_gradient_boosting_regressor,0.7177400561278608
50,2023,12,0.0,hist_gradient_boosting_regressor,0.6276858674206601
50,2024,1,0.0,hist_gradient_boosting_regressor,0.6166892480119982
50,2024,2,0.0,hist_gradient_boosting_regressor,0.719400059595056
50,2024,3,0.0,hist_gradient_boosting_regressor,0.9568467025112528
50,2024,4,0.0,hist_gradient_boosting_regressor,0.6817455091897658
50,2024,5,0.0,hist_gradient_boosting_regressor,0.8845002515522389
50,2024,6,0.0,hist_gradient_boosting_regressor,0.49824327190994977
51,2023,8,1.0,hist_gradient_boosting_regressor,0.965368961690717
51,2023,9,2.0,hist_gradient_boosting_regressor,0.632036208343006
51,2023,10,1.0,hist_gradient_boosting_regressor,0.647610637667985
51,2023,11,1.0,hist_gradient_boosting_regressor,0.7183098714920615
51,2023,12,0.0,hist_gradient_boosting_regressor,0.5735723990689534
51,2024,1,0.0,hist_gradient_boosting_regressor,0.35100630158541285
51,2024,2,0.0,hist_gradient_boosting_regressor,0.9141420569262285
51,2024,3,0.0,hist_gradient_boosting_regressor,0.9256227397499416
51,2024,4,0.0,hist_gradient_boosting_regressor,0.8536271891782569
51,2024,5,0.0,hist_gradient_boosting_regressor,0.9138778287152473
51,2024,6,0.0,hist_gradient_boosting_regressor,1.1301783634718394
52,2023,8,1.0,hist_gradient_boosting_regressor,0.8793695002260281
52,2023,9,1.0,hist_gradient_boosting_regressor,1.0322308347767915
52,2023,10,2.0,hist_gradient_boosting_regressor,0.08009536947702893
52,2023,11,2.0,hist_gradient_boosting_regressor,1.3525631559485798
52,2023,12,2.0,hist_gradient_boosting_regressor,0.7155361036685691
52,2024,1,1.0,hist_gradient_boosting_regressor,1.1982185025070702
52,2024,2,2.0,hist_gradient_boosting_regressor,1.4218206925855006
52,2024,3,2.0,hist_gradient_boosting_regressor,1.274440815949451
52,2024,4,1.0,hist_gradient_boosting_regressor,1.548925545048559
52,2024,5,0.0,hist_gradient_boosting_regressor,1.4730429549263413
52,2024,6,1.0,hist_gradient_boosting_regressor,1.0288978319041215
53,2023,8,0.0,hist_gradient_boosting_regressor,0.38167533344527793
53,2023,9,0.0,hist_gradient_boosting_regressor,0.6359287970563566
53,2023,10,0.0,hist_gradient_boosting_regressor,0.7299026476216114
53,2023,11,0.0,hist_gradient_boosting_regressor,1.0784626618565982
53,2023,12,1.0,hist_gradient_boosting_regressor,0.8218009329114873
53,2024,1,1.0,hist_gradient_boosting_regressor,0.8033598446752304
53,2024,2,3.0,hist_gradient_boosting_regressor,1.1341137064253974
53,2024,3,2.0,hist_gradient_boosting_regressor,1.2716560680437936
53,2024,4,3.0,hist_gradient_boosting_regressor,0.8035547608265653
53,2024,5,2.0,hist_gradient_boosting_regressor,0.9524703394247827
53,2024,6,2.0,hist_gradient_boosting_regressor,0.7092297502805058
54,2023,8,0.0,hist_gradient_boosting_regressor,0.49874413669052065
54,2023,9,0.0,hist_gradient_boosting_regressor,0.4550801682686825
54,2023,10,0.0,hist_gradient_boosting_regressor,0.3612609483396156
54,2023,11,0.0,hist_gradient_boosting_regressor,0.7327445337700592
54,2023,12,1.0,hist_gradient_boosting_regressor,0.6486544520427114
54,2024,1,1.0,hist_gradient_boosting_regressor,0.8305995601778262
54,2024,2,3.0,hist_gradient_boosting_regressor,1.3643645291204471
54,2024,3,2.0,hist_gradient_boosting_regressor,1.2297285456882898
54,2024,4,3.0,hist_gradient_boosting_regressor,0.7681317531298996
54,2024,5,2.0,hist_gradient_boosting_regressor,1.0934979625695216
54,2024,6,2.0,hist_gradient_boosting_regressor,1.0981064853824374
55,2023,8,0.0,hist_gradient_boosting_regressor,0.5310632164963093
55,2023,9,0.0,hist_gradient_boosting_regressor,0.704308639697249
55,2023,10,0.0,hist_gradient_boosting_regressor,0.18031566165196827
55,2023,11,1.0,hist_gradient_boosting_regressor,0.5731662344185121
55,2023,12,1.0,hist_gradient_boosting_regressor,0.6246358185358186
55,2024,1,1.0,hist_gradient_boosting_regressor,1.0155785511278972
55,2024,2,0.0,hist_gradient_boosting_regressor,1.3436728956058954
55,2024,3,0.0,hist_gradient_boosting_regressor,1.2865666090112227
55,2024,4,0.0,hist_gradient_boosting_regressor,1.3615983655082078
55,2024,5,0.0,hist_gradient_boosting_regressor,1.534082885574339
55,2024,6,1.0,hist_gradient_boosting_regressor,1.1685324129681889
56,2023,8,0.0,hist_gradient_boosting_regressor,0.668841704376451
56,2023,9,0.0,hist_gradient_boosting_regressor,0.7296948847600918
56,2023,10,0.0,hist_gradient_boosting_regressor,0.42458557194591495
56,2023,11,1.0,hist_gradient_boosting_regressor,0.6940823909320291
56,2023,12,1.0,hist_gradient_boosting_regressor,0.7656693198400872
56,2024,1,1.0,hist_gradient_boosting_regressor,0.756094143214341
56,2024,2,0.0,hist_gradient_boosting_regressor,1.290524315283608
56,2024,3,0.0,hist_gradient_boosting_regressor,1.079359002457738
56,2024,4,0.0,hist_gradient_boosting_regressor,1.133054578183445
56,2024,5,0.0,hist_gradient_boosting_regressor,1.3321946281351469
56,2024,6,1.0,hist_gradient_boosting_regressor,0.9822602502494863
57,2023,8,0.0,hist_gradient_boosting_regressor,0.5485593086207491
57,2023,9,0.0,hist_gradient_boosting_regressor,0.4948036953879341
57,2023,10,0.0,hist_gradient_boosting_regressor,0.5637559647484636
57,2023,11,0.0,hist_gradient_boosting_regressor,0.7194188994156537
57,2023,12,0.0,hist_gradient_boosting_regressor,0.6525730020976015
57,2024,1,0.0,hist_gradient_boosting_regressor,0.0966425068465403
57,2024,2,1.0,hist_gradient_boosting_regressor,0.26938056190644427
57,2024,3,1.0,hist_gradient_boosting_regressor,0.42071299201168
57,2024,4,2.0,hist_gradient_boosting_regressor,0.2432726421693128
57,2024,5,1.0,hist_gradient_boosting_regressor,0.45675521361516075
57,2024,6,1.0,hist_gradient_boosting_regressor,0.5091574463826277
58,2023,8,0.0,hist_gradient_boosting_regressor,0.5437556343015969
58,2023,9,0.0,hist_gradient_boosting_regressor,0.6993777269596909
58,2023,10,0.0,hist_gradient_boosting_regressor,0.39322160936676653
58,2023,11,0.0,hist_gradient_boosting_regressor,0.8962866113671822
58,2023,12,0.0,hist_gradient_boosting_regressor,0.656756634847363
58,2024,1,0.0,hist_gradient_boosting_regressor,0.4317290333426045
58,2024,2,1.0,hist_gradient_boosting_regressor,0.6937966115939364
58,2024,3,1.0,hist_gradient_boosting_regressor,0.2055424880610656
58,2024,4,2.0,hist_gradient_boosting_regressor,0.35707725932693746
58,2024,5,1.0,hist_gradient_boosting_regressor,0.4703582531190126
58,2024,6,1.0,hist_gradient_boosting_regressor,0.8456205566348142
59,2023,8,0.0,hist_gradient_boosting_regressor,0.3539956276326795
59,2023,9,0.0,hist_gradient_boosting_regressor,0.45658882903319803
59,2023,10,0.0,hist_gradient_boosting_regressor,0.19333421553890484
59,2023,11,0.0,hist_gradient_boosting_regressor,0.5477325459555838
59,2023,12,0.0,hist_gradient_boosting_regressor,0.3611159634542706
59,2024,1,1.0,hist_gradient_boosting_regressor,0.2237297804613146
59,2024,2,1.0,hist_gradient_boosting_regressor,1.0295987017856327
59,2024,3,1.0,hist_gradient_boosting_regressor,0.5827851518809507
59,2024,4,0.0,hist_gradient_boosting_regressor,0.267602131534784
59,2024,5,0.0,hist_gradient_boosting_regressor,0.4231010531845619
59,2024,6,0.0,hist_gradient_boosting_regressor,0.015022030196167824
60,2023,8,0.0,hist_gradient_boosting_regressor,0.6862894828278402
60,2023,9,0.0,hist_gradient_boosting_regressor,0.6742285825259238
60,2023,10,0.0,hist_gradient_boosting_regressor,0.5627953831017415
60,2023,11,0.0,hist_gradient_boosting_regressor,0.8351701368903914
60,2023,12,0.0,hist_gradient_boosting_regressor,0.7291056393741002
60,2024,1,1.0,hist_gradient_boosting_regressor,0.7121818212543252
60,2024,2,1.0,hist_gradient_boosting_regressor,1.099721453342698
60,2024,3,1.0,hist_gradient_boosting_regressor,0.44499855247522097
60,2024,4,0.0,hist_gradient_boosting_regressor,0.30265806581732674
60,2024,5,0.0,hist_gradient_boosting_regressor,0.39372980461517176
60,2024,6,0.0,hist_gradient_boosting_regressor,0.31545157264117674
61,2023,8,0.0,hist_gradient_boosting_regressor,0.6895170248814482
61,2023,9,0.0,hist_gradient_boosting_regressor,1.0051941713279813
61,2023,10,1.0,hist_gradient_boosting_regressor,0.3278536629911682
61,2023,11,1.0,hist_gradient_boosting_regressor,1.2619927582361297
61,2023,12,1.0,hist_gradient_boosting_regressor,0.9457472182860768
61,2024,1,0.0,hist_gradient_boosting_regressor,0.7712942856619225
61,2024,2,0.0,hist_gradient_boosting_regressor,0.8928929025907052
61,2024,3,0.0,hist_gradient_boosting_regressor,1.192196326576975
61,2024,4,0.0,hist_gradient_boosting_regressor,1.1476921295691085
61,2024,5,0.0,hist_gradient_boosting_regressor,1.0855009382628853
61,2024,6,0.0,hist_gradient_boosting_regressor,1.0790250732118873
62,2023,8,0.0,hist_gradient_boosting_regressor,0.6482570180431998
62,2023,9,0.0,hist_gradient_boosting_regressor,0.8366010736797291
62,2023,10,1.0,hist_gradient_boosting_regressor,0.43304446540811703
62,2023,11,1.0,hist_gradient_boosting_regressor,1.4934416547309306
62,2023,12,1.0,hist_gradient_boosting_regressor,0.9681481492047173
62,2024,1,0.0,hist_gradient_boosting_regressor,0.6954487498756312
62,2024,2,0.0,hist_gradient_boosting_regressor,0.86238127105514
62,2024,3,0.0,hist_gradient_boosting_regressor,1.1772579452319707
62,2024,4,0.0,hist_gradient_boosting_regressor,0.971753943004654
62,2024,5,0.0,hist_gradient_boosting_regressor,0.9114091644777959
62,2024,6,0.0,hist_gradient_boosting_regressor,1.0102955378875682
63,2023,8,0.0,hist_gradient_boosting_regressor,0.20294673964831644
63,2023,9,0.0,hist_gradient_boosting_regressor,0.3661210738313904
63,2023,10,0.0,hist_gradient_boosting_regressor,0.7562359295002825
63,2023,11,1.0,hist_gradient_boosting_regressor,1.485974192662428
63,2023,12,1.0,hist_gradient_boosting_regressor,0.7015771992185554
63,2024,1,1.0,hist_gradient_boosting_regressor,0.8507704020055108
63,2024,2,0.0,hist_gradient_boosting_regressor,1.0737186414490296
63,2024,3,1.0,hist_gradient_boosting_regressor,0.3851719883859761
63,2024,4,2.0,hist_gradient_boosting_regressor,0.5062949926051876
63,2024,5,2.0,hist_gradient_boosting_regressor,0.824685418802121
63,2024,6,1.0,hist_gradient_boosting_regressor,1.1252874368415597
64,2023,8,2.0,hist_gradient_boosting_regressor,2.25853324313642
64,2023,9,1.0,hist_gradient_boosting_regressor,3.9102264610652266
64,2023,10,0.0,hist_gradient_boosting_regressor,3.935734671599085
64,2023,11,0.0,hist_gradient_boosting_regressor,3.45699414077238
64,2023,12,0.0,hist_gradient_boosting_regressor,2.3332067048182985
64,2024,1,1.0,hist_gradient_boosting_regressor,2.2042372653392768
64,2024,2,1.0,hist_gradient_boosting_regressor,2.702794135146595
64,2024,3,2.0,hist_gradient_boosting_regressor,3.0123242154284715
64,2024,4,2.0,hist_gradient_boosting_regressor,2.639710656735034
64,2024,5,4.0,hist_gradient_boosting_regressor,2.3603216694462597
64,2024,6,3.0,hist_gradient_boosting_regressor,2.02254260708942
65,2023,8,2.0,hist_gradient_boosting_regressor,2.0433211612726505
65,2023,9,1.0,hist_gradient_boosting_regressor,3.279902368015777
65,2023,10,0.0,hist_gradient_boosting_regressor,3.6869553787933547
65,2023,11,0.0,hist_gradient_boosting_regressor,3.6603787038608155
65,2023,12,0.0,hist_gradient_boosting_regressor,2.281182200911829
65,2024,1,1.0,hist_gradient_boosting_regressor,2.041583934796655
65,2024,2,1.0,hist_gradient_boosting_regressor,2.3842605426352
65,2024,3,2.0,hist_gradient_boosting_regressor,2.477467266555943
65,2024,4,2.0,hist_gradient_boosting_regressor,1.7629977599299629
65,2024,5,3.0,hist_gradient_boosting_regressor,2.3259822113120836
65,2024,6,2.0,hist_gradient_boosting_regressor,1.9204744180078537
66,2023,8,0.0,hist_gradient_boosting_regressor,0.6507132910001908
66,2023,9,0.0,hist_gradient_boosting_regressor,0.6069268551061382
66,2023,10,0.0,hist_gradient_boosting_regressor,1.032541644356254
66,2023,11,1.0,hist_gradient_boosting_regressor,1.4467074475723687
66,2023,12,1.0,hist_gradient_boosting_regressor,1.2168745113315549
66,2024,1,1.0,hist_gradient_boosting_regressor,1.3234297448868944
66,2024,2,0.0,hist_gradient_boosting_regressor,1.141424191809069
66,2024,3,1.0,hist_gradient_boosting_regressor,0.31495924122959684
66,2024,4,2.0,hist_gradient_boosting_regressor,0.6531910852230776
66,2024,5,2.0,hist_gradient_boosting_regressor,1.2574940473013663
66,2024,6,1.0,hist_gradient_boosting_regressor,0.6370817727341613
67,2023,8,1.0,hist_gradient_boosting_regressor,0.4516946061293175
67,2023,9,0.0,hist_gradient_boosting_regressor,0.575305031546691
67,2023,10,0.0,hist_gradient_boosting_regressor,0.22974707691641238
67,2023,11,0.0,hist_gradient_boosting_regressor,0.569863438480175
67,2023,12,0.0,hist_gradient_boosting_regressor,0.2658018492964813
67,2024,1,1.0,hist_gradient_boosting_regressor,0.5317964696597983
67,2024,2,1.0,hist_gradient_boosting_regressor,0.9504411409553157
67,2024,3,1.0,hist_gradient_boosting_regressor,1.5634566174513733
67,2024,4,0.0,hist_gradient_boosting_regressor,1.2599536696050977
67,2024,5,0.0,hist_gradient_boosting_regressor,1.4939274906545505
67,2024,6,0.0,hist_gradient_boosting_regressor,1.4948006216277516
68,2023,8,1.0,hist_gradient_boosting_regressor,0.5954327120492845
68,2023,9,0.0,hist_gradient_boosting_regressor,1.0182072122753525
68,2023,10,0.0,hist_gradient_boosting_regressor,0.4785492911940455
68,2023,11,0.0,hist_gradient_boosting_regressor,0.8667698729717518
68,2023,12,0.0,hist_gradient_boosting_regressor,0.6916957968434262
68,2024,1,1.0,hist_gradient_boosting_regressor,0.3050371975166328
68,2024,2,1.0,hist_gradient_boosting_regressor,0.7992080569542529
68,2024,3,1.0,hist_gradient_boosting_regressor,1.0492275209568447
68,2024,4,0.0,hist_gradient_boosting_regressor,0.38180663010362464
68,2024,5,0.0,hist_gradient_boosting_regressor,1.4364067033124501
68,2024,6,0.0,hist_gradient_boosting_regressor,1.6112226559870948
69,2023,8,5.0,hist_gradient_boosting_regressor,7.993245326428212
69,2023,9,4.0,hist_gradient_boosting_regressor,9.798964533190905
69,2023,10,4.0,hist_gradient_boosting_regressor,8.213784757294988
69,2023,11,3.0,hist_gradient_boosting_regressor,7.6624506831873305
69,2023,12,2.0,hist_gradient_boosting_regressor,7.654981394929659
69,2024,1,5.0,hist_gradient_boosting_regressor,7.262646366854178
69,2024,2,9.0,hist_gradient_boosting_regressor,8.547705970452887
69,2024,3,12.0,hist_gradient_boosting_regressor,7.740412462057779
69,2024,4,8.0,hist_gradient_boosting_regressor,7.41653029336854
69,2024,5,6.0,hist_gradient_boosting_regressor,8.998286295301902
69,2024,6,3.0,hist_gradient_boosting_regressor,9.356352535645438
70,2023,8,1.0,hist_gradient_boosting_regressor,1.5250361473040983
70,2023,9,1.0,hist_gradient_boosting_regressor,1.5861807008577309
70,2023,10,0.0,hist_gradient_boosting_regressor,1.662685698892642
70,2023,11,0.0,hist_gradient_boosting_regressor,1.8463258059642966
70,2023,12,0.0,hist_gradient_boosting_regressor,1.3300586958926002
70,2024,1,0.0,hist_gradient_boosting_regressor,1.6853868827364251
70,2024,2,0.0,hist_gradient_boosting_regressor,1.8861115456859483
70,2024,3,1.0,hist_gradient_boosting_regressor,1.7041534825785485
70,2024,4,1.0,hist_gradient_boosting_regressor,1.3236156509170198
70,2024,5,1.0,hist_gradient_boosting_regressor,1.8388097462213255
70,2024,6,0.0,hist_gradient_boosting_regressor,1.4458387333951848
71,2023,8,1.0,hist_gradient_boosting_regressor,1.5972214324679468
71,2023,9,1.0,hist_gradient_boosting_regressor,1.5595649663712132
71,2023,10,0.0,hist_gradient_boosting_regressor,1.866993774171263
71,2023,11,0.0,hist_gradient_boosting_regressor,1.9300026618851982
71,2023,12,0.0,hist_gradient_boosting_regressor,1.432543896683902
71,2024,1,0.0,hist_gradient_boosting_regressor,2.0476738672770782
71,2024,2,0.0,hist_gradient_boosting_regressor,1.815200999909665
71,2024,3,1.0,hist_gradient_boosting_regressor,1.8722457981558482
71,2024,4,1.0,hist_gradient_boosting_regressor,1.6781434162546782
71,2024,5,1.0,hist_gradient_boosting_regressor,1.8658121179611398
71,2024,6,0.0,hist_gradient_boosting_regressor,1.572791108465563
72,2023,8,1.0,hist_gradient_boosting_regressor,0.7620168968299876
72,2023,9,1.0,hist_gradient_boosting_regressor,0.5256942481189653
72,2023,10,1.0,hist_gradient_boosting_regressor,0.7068842167380367
72,2023,11,0.0,hist_gradient_boosting_regressor,0.8184177912516284
72,2023,12,2.0,hist_gradient_boosting_regressor,0.013978924793512426
72,2024,1,5.0,hist_gradient_boosting_regressor,0.41371489653877486
72,2024,2,5.0,hist_gradient_boosting_regressor,0.7667454724497573
72,2024,3,4.0,hist_gradient_boosting_regressor,0.45741595791153344
72,2024,4,1.0,hist_gradient_boosting_regressor,0.7725597845311002
72,2024,5,1.0,hist_gradient_boosting_regressor,0.9095949824239052
72,2024,6,0.0,hist_gradient_boosting_regressor,0.7431311664239543
73,2023,8,1.0,hist_gradient_boosting_regressor,0.9647547269734448
73,2023,9,1.0,hist_gradient_boosting_regressor,0.7061708119136856
73,2023,10,1.0,hist_gradient_boosting_regressor,0.4395911387806405
73,2023,11,0.0,hist_gradient_boosting_regressor,0.8436081694014691
73,2023,12,2.0,hist_gradient_boosting_regressor,0.06418017240723346
73,2024,1,5.0,hist_gradient_boosting_regressor,0.7675188213246783
73,2024,2,5.0,hist_gradient_boosting_regressor,1.1636543373091246
73,2024,3,4.0,hist_gradient_boosting_regressor,1.0510470435155403
73,2024,4,1.0,hist_gradient_boosting_regressor,1.3314173738456074
73,2024,5,1.0,hist_gradient_boosting_regressor,1.1883098645311339
73,2024,6,0.0,hist_gradient_boosting_regressor,1.5218912428616105
74,2023,8,2.0,hist_gradient_boosting_regressor,0.7688886480181797
74,2023,9,4.0,hist_gradient_boosting_regressor,0.7085602490784734
74,2023,10,4.0,hist_gradient_boosting_regressor,0.9130686385745735
74,2023,11,4.0,hist_gradient_boosting_regressor,1.0797145042382206
74,2023,12,3.0,hist_gradient_boosting_regressor,1.1325669077401161
74,2024,1,3.0,hist_gradient_boosting_regressor,0.6301339310690818
74,2024,2,1.0,hist_gradient_boosting_regressor,1.26458163598374
74,2024,3,0.0,hist_gradient_boosting_regressor,0.9040784267981035
74,2024,4,0.0,hist_gradient_boosting_regressor,2.308415345364695
74,2024,5,0.0,hist_gradient_boosting_regressor,1.9326262208224438
74,2024,6,1.0,hist_gradient_boosting_regressor,1.0929395545607752
75,2023,8,2.0,hist_gradient_boosting_regressor,0.9070929835899852
75,2023,9,4.0,hist_gradient_boosting_regressor,0.8496613631735226
75,2023,10,4.0,hist_gradient_boosting_regressor,1.267571743848001
75,2023,11,4.0,hist_gradient_boosting_regressor,1.1330159850840125
75,2023,12,3.0,hist_gradient_boosting_regressor,0.975764375821448
75,2024,1,3.0,hist_gradient_boosting_regressor,0.835747628119354
75,2024,2,1.0,hist_gradient_boosting_regressor,1.5882423964639643
75,2024,3,0.0,hist_gradient_boosting_regressor,1.255515475635142
75,2024,4,0.0,hist_gradient_boosting_regressor,2.323083751968237
75,2024,5,0.0,hist_gradient_boosting_regressor,2.3315397319356106
75,2024,6,1.0,hist_gradient_boosting_regressor,1.3032480442487977
76,2023,8,0.0,hist_gradient_boosting_regressor,0.693288057789711
76,2023,9,0.0,hist_gradient_boosting_regressor,0.5680129883604805
76,2023,10,0.0,hist_gradient_boosting_regressor,0.4513341402246988
76,2023,11,0.0,hist_gradient_boosting_regressor,0.6856143610291807
76,2023,12,0.0,hist_gradient_boosting_regressor,0.11969416254312214
76,2024,1,0.0,hist_gradient_boosting_regressor,0.472821235622167
76,2024,2,0.0,hist_gradient_boosting_regressor,1.2098632145087374
76,2024,3,0.0,hist_gradient_boosting_regressor,0.6532130586830935
76,2024,4,1.0,hist_gradient_boosting_regressor,0.40874828466450686
76,2024,5,2.0,hist_gradient_boosting_regressor,0.6850012249654268
76,2024,6,3.0,hist_gradient_boosting_regressor,0.5536427304239834
77,2023,8,5.0,hist_gradient_boosting_regressor,3.7579019212914226
77,2023,9,5.0,hist_gradient_boosting_regressor,5.152750821642591
77,2023,10,2.0,hist_gradient_boosting_regressor,4.81073051860044
77,2023,11,3.0,hist_gradient_boosting_regressor,4.503008982396922
77,2023,12,3.0,hist_gradient_boosting_regressor,4.730723986435475
77,2024,1,3.0,hist_gradient_boosting_regressor,3.829847247134455
77,2024,2,4.0,hist_gradient_boosting_regressor,5.638317622192395
77,2024,3,5.0,hist_gradient_boosting_regressor,5.026292944494354
77,2024,4,5.0,hist_gradient_boosting_regressor,4.7673938508137965
77,2024,5,2.0,hist_gradient_boosting_regressor,6.476179880994589
77,2024,6,3.0,hist_gradient_boosting_regressor,5.849422842247399
78,2023,8,2.0,hist_gradient_boosting_regressor,0.423872724286684
78,2023,9,2.0,hist_gradient_boosting_regressor,0.3859456018612221
78,2023,10,2.0,hist_gradient_boosting_regressor,0.3707909049698897
78,2023,11,0.0,hist_gradient_boosting_regressor,0.3768291882857926
78,2023,12,0.0,hist_gradient_boosting_regressor,0.0
78,2024,1,0.0,hist_gradient_boosting_regressor,0.42037312358905377
78,2024,2,0.0,hist_gradient_boosting_regressor,0.6508412098889271
78,2024,3,0.0,hist_gradient_boosting_regressor,0.30178302148099767
78,2024,4,0.0,hist_gradient_boosting_regressor,0.3437600500407677
78,2024,5,0.0,hist_gradient_boosting_regressor,0.32048381701090956
78,2024,6,0.0,hist_gradient_boosting_regressor,0.354375677807316
79,2023,8,2.0,hist_gradient_boosting_regressor,0.4763550765940846
79,2023,9,2.0,hist_gradient_boosting_regressor,0.38363872739009125
79,2023,10,2.0,hist_gradient_boosting_regressor,0.5824980768363027
79,2023,11,0.0,hist_gradient_boosting_regressor,0.8567109070855822
79,2023,12,0.0,hist_gradient_boosting_regressor,0.0
79,2024,1,0.0,hist_gradient_boosting_regressor,0.5626468351735487
79,2024,2,0.0,hist_gradient_boosting_regressor,0.9297723001293158
79,2024,3,0.0,hist_gradient_boosting_regressor,0.45626555441888805
79,2024,4,0.0,hist_gradient_boosting_regressor,0.4831614132421897
79,2024,5,0.0,hist_gradient_boosting_regressor,0.6511545341156135
79,2024,6,0.0,hist_gradient_boosting_regressor,0.4037804678338908
80,2023,8,1.0,hist_gradient_boosting_regressor,0.6351305600946681
80,2023,9,0.0,hist_gradient_boosting_regressor,0.5609284063322882
80,2023,10,0.0,hist_gradient_boosting_regressor,0.313885067675539
80,2023,11,0.0,hist_gradient_boosting_regressor,0.9622277274393765
80,2023,12,1.0,hist_gradient_boosting_regressor,0.3647362611305335
80,2024,1,1.0,hist_gradient_boosting_regressor,0.3465787603114066
80,2024,2,1.0,hist_gradient_boosting_regressor,0.340805395631225
81,2023,8,1.0,hist_gradient_boosting_regressor,0.9986940574130265
81,2023,9,0.0,hist_gradient_boosting_regressor,0.916590981707726
81,2023,10,0.0,hist_gradient_boosting_regressor,0.6624039338453808
81,2023,11,0.0,hist_gradient_boosting_regressor,1.2330887756267148
81,2023,12,1.0,hist_gradient_boosting_regressor,0.47597109299084317
81,2024,1,1.0,hist_gradient_boosting_regressor,0.9394381146293325
81,2024,2,1.0,hist_gradient_boosting_regressor,0.48269215666880405
81,2024,3,0.0,hist_gradient_boosting_regressor,0.7082024929001639
81,2024,4,0.0,hist_gradient_boosting_regressor,0.7548191174419714
81,2024,5,0.0,hist_gradient_boosting_regressor,0.9919139174341509
81,2024,6,0.0,hist_gradient_boosting_regressor,0.7564811593882148
82,2023,8,0.0,hist_gradient_boosting_regressor,0.4826063559644048
82,2023,9,0.0,hist_gradient_boosting_regressor,0.27799005168989926
82,2023,10,1.0,hist_gradient_boosting_regressor,0.5017745741452833
82,2023,11,1.0,hist_gradient_boosting_regressor,0.43060611427416495
82,2023,12,1.0,hist_gradient_boosting_regressor,0.0792115785357352
82,2024,1,0.0,hist_gradient_boosting_regressor,0.6243815086605433
82,2024,2,0.0,hist_gradient_boosting_regressor,0.5395907553241779
82,2024,3,0.0,hist_gradient_boosting_regressor,0.1698931060822012
82,2024,4,0.0,hist_gradient_boosting_regressor,0.6283442654571465
82,2024,5,0.0,hist_gradient_boosting_regressor,0.6112427068188583
82,2024,6,0.0,hist_gradient_boosting_regressor,0.5565321358678632
83,2023,8,0.0,hist_gradient_boosting_regressor,0.4139808961460001
83,2023,9,0.0,hist_gradient_boosting_regressor,0.16757134327336148
83,2023,10,1.0,hist_gradient_boosting_regressor,0.21865086455855784
83,2023,11,1.0,hist_gradient_boosting_regressor,0.48872157770723074
83,2023,12,1.0,hist_gradient_boosting_regressor,0.0
83,2024,1,0.0,hist_gradient_boosting_regressor,0.46779099536474766
83,2024,2,0.0,hist_gradient_boosting_regressor,0.7852826852681662
83,2024,3,0.0,hist_gradient_boosting_regressor,0.5568884116283843
83,2024,4,0.0,hist_gradient_boosting_regressor,0.6535632400863659
83,2024,5,0.0,hist_gradient_boosting_regressor,0.6175558062725689
83,2024,6,0.0,hist_gradient_boosting_regressor,0.5854000064833688
84,2023,8,0.0,hist_gradient_boosting_regressor,0.06344045002347597
84,2023,9,0.0,hist_gradient_boosting_regressor,0.27324981558404454
84,2023,10,0.0,hist_gradient_boosting_regressor,0.0
84,2023,11,0.0,hist_gradient_boosting_regressor,0.5874715644563469
84,2023,12,0.0,hist_gradient_boosting_regressor,0.49332836436087263
84,2024,1,0.0,hist_gradient_boosting_regressor,0.16303355150059817
84,2024,2,0.0,hist_gradient_boosting_regressor,0.47139588293918366
84,2024,3,0.0,hist_gradient_boosting_regressor,0.6629343884483215
84,2024,4,1.0,hist_gradient_boosting_regressor,0.6183895442223016
84,2024,5,1.0,hist_gradient_boosting_regressor,0.7275623132895483
84,2024,6,1.0,hist_gradient_boosting_regressor,0.5889881579220961
85,2023,8,0.0,hist_gradient_boosting_regressor,0.5028991159448064
85,2023,9,0.0,hist_gradient_boosting_regressor,0.4974180826564815
85,2023,10,0.0,hist_gradient_boosting_regressor,0.3724150873015442
85,2023,11,0.0,hist_gradient_boosting_regressor,0.466572460314827
85,2023,12,0.0,hist_gradient_boosting_regressor,0.03344435709219317
85,2024,1,0.0,hist_gradient_boosting_regressor,0.1750168470442794
85,2024,2,1.0,hist_gradient_boosting_regressor,0.5485818523691887
85,2024,3,1.0,hist_gradient_boosting_regressor,0.1288694830050401
85,2024,4,1.0,hist_gradient_boosting_regressor,0.0751409244577643
85,2024,5,0.0,hist_gradient_boosting_regressor,0.40548813814839785
85,2024,6,0.0,hist_gradient_boosting_regressor,0.3000793821486308
86,2023,8,1.0,hist_gradient_boosting_regressor,0.6520582947627326
86,2023,9,0.0,hist_gradient_boosting_regressor,0.5164388716591922
86,2023,10,0.0,hist_gradient_boosting_regressor,0.8313940661614878
86,2023,11,0.0,hist_gradient_boosting_regressor,0.9331110724773949
86,2023,12,0.0,hist_gradient_boosting_regressor,0.0
86,2024,1,0.0,hist_gradient_boosting_regressor,0.646787744925384
86,2024,2,2.0,hist_gradient_boosting_regressor,0.7821909409141486
86,2024,3,2.0,hist_gradient_boosting_regressor,0.40683158880431725
86,2024,4,2.0,hist_gradient_boosting_regressor,0.6532037590225392
86,2024,5,0.0,hist_gradient_boosting_regressor,0.8822909454307408
86,2024,6,0.0,hist_gradient_boosting_regressor,0.8986870574273748
87,2023,8,0.0,hist_gradient_boosting_regressor,0.11492742018362048
87,2023,9,0.0,hist_gradient_boosting_regressor,0.22586246928119097
87,2023,10,0.0,hist_gradient_boosting_regressor,0.21781598705352218
87,2023,11,0.0,hist_gradient_boosting_regressor,0.5666456947410932
87,2023,12,0.0,hist_gradient_boosting_regressor,0.20015373050939028
87,2024,1,0.0,hist_gradient_boosting_regressor,0.5252668771536213
87,2024,2,0.0,hist_gradient_boosting_regressor,0.9407176739455257
87,2024,3,0.0,hist_gradient_boosting_regressor,0.9310937549091902
87,2024,4,0.0,hist_gradient_boosting_regressor,0.500141809603459
87,2024,5,1.0,hist_gradient_boosting_regressor,0.9116495247744705
87,2024,6,2.0,hist_gradient_boosting_regressor,0.570787598228554
88,2023,8,0.0,hist_gradient_boosting_regressor,1.2196653529317474
88,2023,9,0.0,hist_gradient_boosting_regressor,0.9273943310969476
88,2023,10,0.0,hist_gradient_boosting_regressor,1.0492876696764053
88,2023,11,0.0,hist_gradient_boosting_regressor,1.549323486927925
88,2023,12,0.0,hist_gradient_boosting_regressor,0.3826901381082475
88,2024,1,0.0,hist_gradient_boosting_regressor,1.2118931980098189
88,2024,2,2.0,hist_gradient_boosting_regressor,1.2281101983856604
88,2024,3,2.0,hist_gradient_boosting_regressor,1.422858839975233
88,2024,4,2.0,hist_gradient_boosting_regressor,1.175806924500061
88,2024,5,1.0,hist_gradient_boosting_regressor,1.7346697980058525
88,2024,6,1.0,hist_gradient_boosting_regressor,1.2440252389392885
89,2023,8,0.0,hist_gradient_boosting_regressor,1.0771936529933237
89,2023,9,0.0,hist_gradient_boosting_regressor,1.4911479458181274
89,2023,10,0.0,hist_gradient_boosting_regressor,0.9947331883643824
89,2023,11,0.0,hist_gradient_boosting_regressor,1.9016795514832314
89,2023,12,0.0,hist_gradient_boosting_regressor,1.0698627853336162
89,2024,1,0.0,hist_gradient_boosting_regressor,1.5882343800655712
89,2024,2,2.0,hist_gradient_boosting_regressor,1.5342640925153102
89,2024,3,2.0,hist_gradient_boosting_regressor,1.3179810769288711
89,2024,4,2.0,hist_gradient_boosting_regressor,1.1913027718703755
89,2024,5,1.0,hist_gradient_boosting_regressor,1.4981008209109357
89,2024,6,1.0,hist_gradient_boosting_regressor,1.5605851893075864
90,2023,8,1.0,hist_gradient_boosting_regressor,0.0
90,2023,9,1.0,hist_gradient_boosting_regressor,0.12472992274713857
90,2023,10,1.0,hist_gradient_boosting_regressor,0.05249016357762673
90,2023,11,0.0,hist_gradient_boosting_regressor,0.22025040438094495
90,2023,12,0.0,hist_gradient_boosting_regressor,0.16637957613927487
90,2024,1,0.0,hist_gradient_boosting_regressor,0.37890814619855234
90,2024,2,0.0,hist_gradient_boosting_regressor,0.7710813842136469
90,2024,3,0.0,hist_gradient_boosting_regressor,0.186509190824218
90,2024,4,0.0,hist_gradient_boosting_regressor,0.03571385976781586
90,2024,5,0.0,hist_gradient_boosting_regressor,0.4560996146219914
90,2024,6,0.0,hist_gradient_boosting_regressor,0.185271331719478
91,2023,8,1.0,hist_gradient_boosting_regressor,0.06814722311724043
91,2023,9,1.0,hist_gradient_boosting_regressor,0.0971304098320466
91,2023,10,1.0,hist_gradient_boosting_regressor,0.0
91,2023,11,0.0,hist_gradient_boosting_regressor,0.26733834961768405
91,2023,12,0.0,hist_gradient_boosting_regressor,0.12439682101411532
91,2024,1,0.0,hist_gradient_boosting_regressor,0.12455802707168041
91,2024,2,0.0,hist_gradient_boosting_regressor,0.7084540437710892
91,2024,3,0.0,hist_gradient_boosting_regressor,0.18594908818713698
91,2024,4,0.0,hist_gradient_boosting_regressor,0.0
91,2024,5,0.0,hist_gradient_boosting_regressor,0.5251104460071085
91,2024,6,0.0,hist_gradient_boosting_regressor,0.22239338058955926
92,2023,8,0.0,hist_gradient_boosting_regressor,0.4865309635270076
92,2023,9,0.0,hist_gradient_boosting_regressor,0.46378639708602537
92,2023,10,0.0,hist_gradient_boosting_regressor,0.12030578335766486
92,2023,11,0.0,hist_gradient_boosting_regressor,0.511083074963073
92,2023,12,1.0,hist_gradient_boosting_regressor,0.040428833246003104
92,2024,1,1.0,hist_gradient_boosting_regressor,0.24400182969312773
92,2024,2,1.0,hist_gradient_boosting_regressor,0.7320769006982258
92,2024,3,0.0,hist_gradient_boosting_regressor,0.5632993379128965
92,2024,4,0.0,hist_gradient_boosting_regressor,0.21259944394769315
92,2024,5,0.0,hist_gradient_boosting_regressor,0.8395309780117177
92,2024,6,0.0,hist_gradient_boosting_regressor,0.6255969900559128
93,2023,8,0.0,hist_gradient_boosting_regressor,0.022215448483402678
93,2023,9,0.0,hist_gradient_boosting_regressor,0.02563970249708443
93,2023,10,0.0,hist_gradient_boosting_regressor,0.0
93,2023,11,0.0,hist_gradient_boosting_regressor,0.0848727556475404
93,2023,12,1.0,hist_gradient_boosting_regressor,0.0
93,2024,1,1.0,hist_gradient_boosting_regressor,0.2850328987147468
93,2024,2,1.0,hist_gradient_boosting_regressor,0.4418656245471826
93,2024,3,0.0,hist_gradient_boosting_regressor,0.5262690545122654
93,2024,4,0.0,hist_gradient_boosting_regressor,0.48425018709951967
93,2024,5,0.0,hist_gradient_boosting_regressor,0.5838412655928847
93,2024,6,0.0,hist_gradient_boosting_regressor,0.285921631161755
94,2023,8,1.0,hist_gradient_boosting_regressor,1.6115426929375918
94,2023,9,1.0,hist_gradient_boosting_regressor,1.634140625443864
94,2023,10,1.0,hist_gradient_boosting_regressor,1.7773961953483386
94,2023,11,1.0,hist_gradient_boosting_regressor,1.3387494957610593
94,2023,12,1.0,hist_gradient_boosting_regressor,1.0194729278286385
94,2024,1,2.0,hist_gradient_boosting_regressor,1.3154185304338983
94,2024,2,1.0,hist_gradient_boosting_regressor,1.2613177411979548
94,2024,3,1.0,hist_gradient_boosting_regressor,1.0879765236216103
94,2024,4,0.0,hist_gradient_boosting_regressor,1.7909622645327057
94,2024,5,0.0,hist_gradient_boosting_regressor,1.767171686936733
94,2024,6,1.0,hist_gradient_boosting_regressor,1.215268187994385
95,2023,8,0.0,hist_gradient_boosting_regressor,0.0
95,2023,9,0.0,hist_gradient_boosting_regressor,0.43244560195492265
95,2023,10,1.0,hist_gradient_boosting_regressor,0.3631325527251944
95,2023,11,1.0,hist_gradient_boosting_regressor,0.8401413843819603
95,2023,12,1.0,hist_gradient_boosting_regressor,0.21752164124247675
95,2024,1,0.0,hist_gradient_boosting_regressor,0.8023985813339535
95,2024,2,0.0,hist_gradient_boosting_regressor,0.8192854539841816
95,2024,3,0.0,hist_gradient_boosting_regressor,1.1415786087161648
95,2024,4,0.0,hist_gradient_boosting_regressor,0.7669436441310037
95,2024,5,0.0,hist_gradient_boosting_regressor,1.140518879727061
95,2024,6,0.0,hist_gradient_boosting_regressor,0.9093516615434498
96,2023,8,0.0,hist_gradient_boosting_regressor,0.0
96,2023,9,0.0,hist_gradient_boosting_regressor,0.472107969237654
96,2023,10,1.0,hist_gradient_boosting_regressor,0.26661700370088265
96,2023,11,1.0,hist_gradient_boosting_regressor,0.6986702004305845
96,2023,12,1.0,hist_gradient_boosting_regressor,0.1533709071395673
96,2024,1,0.0,hist_gradient_boosting_regressor,0.7535838027093007
96,2024,2,0.0,hist_gradient_boosting_regressor,0.9156902291793433
96,2024,3,0.0,hist_gradient_boosting_regressor,1.0096343613911924
96,2024,4,0.0,hist_gradient_boosting_regressor,0.7386531029980296
96,2024,5,1.0,hist_gradient_boosting_regressor,1.1434509433229123
96,2024,6,1.0,hist_gradient_boosting_regressor,1.0731403213232136
97,2023,8,2.0,hist_gradient_boosting_regressor,0.5299272269798273
97,2023,9,1.0,hist_gradient_boosting_regressor,0.6721142966653261
97,2023,10,2.0,hist_gradient_boosting_regressor,0.30464907916376555
97,2023,11,2.0,hist_gradient_boosting_regressor,0.6826923588686167
97,2023,12,2.0,hist_gradient_boosting_regressor,0.34841604472791765
97,2024,1,1.0,hist_gradient_boosting_regressor,1.0618924269674783
97,2024,2,0.0,hist_gradient_boosting_regressor,1.6485004797543013
97,2024,3,0.0,hist_gradient_boosting_regressor,0.8878864374313389
97,2024,4,0.0,hist_gradient_boosting_regressor,1.1231109091742042
97,2024,5,0.0,hist_gradient_boosting_regressor,1.6913789689048147
97,2024,6,0.0,hist_gradient_boosting_regressor,1.0343474548506149
98,2023,8,2.0,hist_gradient_boosting_regressor,0.540717749896544
98,2023,9,1.0,hist_gradient_boosting_regressor,0.5868398093175807
98,2023,10,2.0,hist_gradient_boosting_regressor,0.14613988628702831
98,2023,11,2.0,hist_gradient_boosting_regressor,0.4256588013853176
98,2023,12,2.0,hist_gradient_boosting_regressor,0.09256606338573994
98,2024,1,1.0,hist_gradient_boosting_regressor,0.7470839651500957
98,2024,2,0.0,hist_gradient_boosting_regressor,1.607812389940954
98,2024,3,0.0,hist_gradient_boosting_regressor,0.9875166088321903
98,2024,4,0.0,hist_gradient_boosting_regressor,1.2256014914548687
98,2024,5,0.0,hist_gradient_boosting_regressor,1.5829729565740838
98,2024,6,0.0,hist_gradient_boosting_regressor,0.9528306002911722
99,2023,8,0.0,hist_gradient_boosting_regressor,1.2900645976325325
99,2023,9,1.0,hist_gradient_boosting_regressor,1.2279473911989967
99,2023,10,2.0,hist_gradient_boosting_regressor,1.3237010000498546
99,2023,11,4.0,hist_gradient_boosting_regressor,1.5193723516269442
99,2023,12,3.0,hist_gradient_boosting_regressor,1.078558136848818
99,2024,1,4.0,hist_gradient_boosting_regressor,1.2014814968144962
99,2024,2,3.0,hist_gradient_boosting_regressor,1.625146946239328
99,2024,3,4.0,hist_gradient_boosting_regressor,1.4014794778718664
99,2024,4,3.0,hist_gradient_boosting_regressor,1.4046676247657433
99,2024,5,2.0,hist_gradient_boosting_regressor,1.7816551421318514
99,2024,6,3.0,hist_gradient_boosting_regressor,2.516429790780904
100,2023,8,0.0,hist_gradient_boosting_regressor,2.1028298772419065
100,2023,9,1.0,hist_gradient_boosting_regressor,2.849979149985135
100,2023,10,2.0,hist_gradient_boosting_regressor,1.4216527112382826
100,2023,11,4.0,hist_gradient_boosting_regressor,1.3277325666466175
100,2023,12,3.0,hist_gradient_boosting_regressor,1.6165472118878452
100,2024,1,4.0,hist_gradient_boosting_regressor,2.3786284220648626
100,2024,2,3.0,hist_gradient_boosting_regressor,1.7251429141744328
100,2024,3,4.0,hist_gradient_boosting_regressor,2.4012239494086978
100,2024,4,3.0,hist_gradient_boosting_regressor,2.557452118473736
100,2024,5,2.0,hist_gradient_boosting_regressor,3.405874825198944
100,2024,6,3.0,hist_gradient_boosting_regressor,4.050303911000448
101,2023,8,6.0,hist_gradient_boosting_regressor,1.8493083411305942
101,2023,9,4.0,hist_gradient_boosting_regressor,2.1684595514862934
101,2023,10,3.0,hist_gradient_boosting_regressor,2.3136939750404473
101,2023,11,3.0,hist_gradient_boosting_regressor,3.409861842880418
101,2023,12,4.0,hist_gradient_boosting_regressor,2.1920397591533196
101,2024,1,3.0,hist_gradient_boosting_regressor,1.3525596885095796
101,2024,2,1.0,hist_gradient_boosting_regressor,3.8295853706604945
101,2024,3,1.0,hist_gradient_boosting_regressor,3.395975134617772
101,2024,4,3.0,hist_gradient_boosting_regressor,2.9044935015665523
101,2024,5,5.0,hist_gradient_boosting_regressor,2.5794266440642057
101,2024,6,4.0,hist_gradient_boosting_regressor,2.1924739734642187
102,2023,8,6.0,hist_gradient_boosting_regressor,1.8114656838354026
102,2023,9,4.0,hist_gradient_boosting_regressor,2.1549441564260303
102,2023,10,3.0,hist_gradient_boosting_regressor,1.9839109442870138
102,2023,11,3.0,hist_gradient_boosting_regressor,3.316250683531549
102,2023,12,4.0,hist_gradient_boosting_regressor,2.4545632651077933
102,2024,1,3.0,hist_gradient_boosting_regressor,1.384334856659364
102,2024,2,1.0,hist_gradient_boosting_regressor,3.810559520976222
102,2024,3,1.0,hist_gradient_boosting_regressor,3.3748086941860653
102,2024,4,3.0,hist_gradient_boosting_regressor,2.848391090517437
102,2024,5,5.0,hist_gradient_boosting_regressor,2.886899061064436
102,2024,6,4.0,hist_gradient_boosting_regressor,2.7651916229045126
103,2023,8,1.0,hist_gradient_boosting_regressor,0.2763897806104941
103,2023,9,0.0,hist_gradient_boosting_regressor,0.3524561243118332
103,2023,10,0.0,hist_gradient_boosting_regressor,0.1668444499047425
103,2023,11,0.0,hist_gradient_boosting_regressor,0.2768985659390341
103,2023,12,0.0,hist_gradient_boosting_regressor,0.0
103,2024,1,0.0,hist_gradient_boosting_regressor,0.23593165083156098
103,2024,2,0.0,hist_gradient_boosting_regressor,0.884328773677415
103,2024,3,0.0,hist_gradient_boosting_regressor,0.18114802543204545
103,2024,4,0.0,hist_gradient_boosting_regressor,0.05361880097290703
103,2024,5,0.0,hist_gradient_boosting_regressor,0.6003762628225382
103,2024,6,0.0,hist_gradient_boosting_regressor,0.4654839945043048
104,2023,8,1.0,hist_gradient_boosting_regressor,0.3248772881375682
104,2023,9,0.0,hist_gradient_boosting_regressor,0.38374283815942195
104,2023,10,0.0,hist_gradient_boosting_regressor,0.12985197349251265
104,2023,11,0.0,hist_gradient_boosting_regressor,0.343643680093862
104,2023,12,0.0,hist_gradient_boosting_regressor,0.0
104,2024,1,0.0,hist_gradient_boosting_regressor,0.113423238395762
104,2024,2,0.0,hist_gradient_boosting_regressor,0.770404909587891
104,2024,3,0.0,hist_gradient_boosting_regressor,0.31302652401242476
104,2024,4,0.0,hist_gradient_boosting_regressor,0.11622592191058932
104,2024,5,0.0,hist_gradient_boosting_regressor,0.6544929349030344
104,2024,6,0.0,hist_gradient_boosting_regressor,0.5701447918797629
105,2023,8,1.0,hist_gradient_boosting_regressor,0.96965008676169
105,2023,9,1.0,hist_gradient_boosting_regressor,0.9196485638677574
105,2023,10,1.0,hist_gradient_boosting_regressor,0.8903917615588335
105,2023,11,1.0,hist_gradient_boosting_regressor,0.8367149097719813
105,2023,12,1.0,hist_gradient_boosting_regressor,0.6189292979875305
105,2024,1,1.0,hist_gradient_boosting_regressor,1.3013816302211836
105,2024,2,0.0,hist_gradient_boosting_regressor,1.6417617762887007
105,2024,3,0.0,hist_gradient_boosting_regressor,1.200391263311823
105,2024,4,0.0,hist_gradient_boosting_regressor,1.3342027125578877
105,2024,5,0.0,hist_gradient_boosting_regressor,1.486863684470205
105,2024,6,0.0,hist_gradient_boosting_regressor,1.201057417663397
106,2023,8,1.0,hist_gradient_boosting_regressor,0.9643465781352308
106,2023,9,1.0,hist_gradient_boosting_regressor,0.7401082163613972
106,2023,10,1.0,hist_gradient_boosting_regressor,0.9306314959490805
106,2023,11,1.0,hist_gradient_boosting_regressor,1.04695249094332
106,2023,12,1.0,hist_gradient_boosting_regressor,0.48580842878509845
106,2024,1,1.0,hist_gradient_boosting_regressor,1.2134319445602268
106,2024,2,0.0,hist_gradient_boosting_regressor,1.4784193695144203
106,2024,3,0.0,hist_gradient_boosting_regressor,0.6264490363694214
106,2024,4,0.0,hist_gradient_boosting_regressor,0.8357744441240306
106,2024,5,0.0,hist_gradient_boosting_regressor,1.1314194373970525
106,2024,6,0.0,hist_gradient_boosting_regressor,0.72465858777835
107,2023,8,7.0,hist_gradient_boosting_regressor,6.055452410880987
107,2023,9,5.0,hist_gradient_boosting_regressor,6.963282166888612
107,2023,10,2.0,hist_gradient_boosting_regressor,6.471374191169587
107,2023,11,3.0,hist_gradient_boosting_regressor,6.139317339507139
107,2023,12,4.0,hist_gradient_boosting_regressor,5.736178286651946
107,2024,1,4.0,hist_gradient_boosting_regressor,5.955175575349585
107,2024,2,5.0,hist_gradient_boosting_regressor,7.120546049512831
107,2024,3,5.0,hist_gradient_boosting_regressor,6.6696504848558185
107,2024,4,5.0,hist_gradient_boosting_regressor,6.684102537928731
107,2024,5,2.0,hist_gradient_boosting_regressor,7.056221602525575
107,2024,6,3.0,hist_gradient_boosting_regressor,7.457430349419298
108,2023,8,0.0,hist_gradient_boosting_regressor,0.5015637607575878
108,2023,9,0.0,hist_gradient_boosting_regressor,0.9413681307020102
108,2023,10,0.0,hist_gradient_boosting_regressor,0.43531061625923667
108,2023,11,0.0,hist_gradient_boosting_regressor,0.5372995315370082
108,2023,12,0.0,hist_gradient_boosting_regressor,0.2260086870457166
108,2024,1,0.0,hist_gradient_boosting_regressor,0.767040530995516
108,2024,2,0.0,hist_gradient_boosting_regressor,0.7941599260543477
108,2024,3,0.0,hist_gradient_boosting_regressor,1.0665335308156212
108,2024,4,1.0,hist_gradient_boosting_regressor,0.9622295979990786
108,2024,5,2.0,hist_gradient_boosting_regressor,1.3374953297783116
108,2024,6,3.0,hist_gradient_boosting_regressor,0.7626320144094307
109,2023,8,0.0,hist_gradient_boosting_regressor,1.6226388293523082
109,2023,9,0.0,hist_gradient_boosting_regressor,1.8179478668393805
109,2023,10,0.0,hist_gradient_boosting_regressor,1.3854411308419212
109,2023,11,0.0,hist_gradient_boosting_regressor,0.47575725772579047
109,2023,12,0.0,hist_gradient_boosting_regressor,0.7815177175812381
109,2024,1,0.0,hist_gradient_boosting_regressor,1.3933494535443378
109,2024,2,0.0,hist_gradient_boosting_regressor,1.6640189630065678
109,2024,3,0.0,hist_gradient_boosting_regressor,2.0418024289814185
109,2024,4,0.0,hist_gradient_boosting_regressor,1.3105194556331956
109,2024,5,0.0,hist_gradient_boosting_regressor,2.141911626376033
109,2024,6,2.0,hist_gradient_boosting_regressor,2.3226987230038207
110,2023,8,1.0,hist_gradient_boosting_regressor,1.213989669643603
110,2023,9,1.0,hist_gradient_boosting_regressor,1.805608181106007
110,2023,10,1.0,hist_gradient_boosting_regressor,0.9506687617310274
110,2023,11,1.0,hist_gradient_boosting_regressor,1.621990441424104
110,2023,12,1.0,hist_gradient_boosting_regressor,1.6711257921165674
110,2024,1,2.0,hist_gradient_boosting_regressor,1.931573947731367
110,2024,2,1.0,hist_gradient_boosting_regressor,2.4916141450067104
110,2024,3,1.0,hist_gradient_boosting_regressor,1.801448413647809
110,2024,4,0.0,hist_gradient_boosting_regressor,1.6297019411604483
110,2024,5,0.0,hist_gradient_boosting_regressor,2.1647697970184
110,2024,6,1.0,hist_gradient_boosting_regressor,1.8322273370110587
111,2023,8,6.0,hist_gradient_boosting_regressor,1.8172623856844377
111,2023,9,6.0,hist_gradient_boosting_regressor,1.73740922237313
111,2023,10,2.0,hist_gradient_boosting_regressor,2.1808408189874395
111,2023,11,1.0,hist_gradient_boosting_regressor,2.8431478756121122
111,2023,12,1.0,hist_gradient_boosting_regressor,2.2034276979279492
111,2024,1,3.0,hist_gradient_boosting_regressor,2.116241348160389
111,2024,2,3.0,hist_gradient_boosting_regressor,3.6259217032930775
111,2024,3,4.0,hist_gradient_boosting_regressor,2.866229193095567
111,2024,4,3.0,hist_gradient_boosting_regressor,2.744306792971708
111,2024,5,3.0,hist_gradient_boosting_regressor,2.2729655801964954
111,2024,6,1.0,hist_gradient_boosting_regressor,2.6895871429135876
112,2023,8,1.0,hist_gradient_boosting_regressor,0.9824750327037703
112,2023,9,1.0,hist_gradient_boosting_regressor,1.547166780671535
112,2023,10,1.0,hist_gradient_boosting_regressor,1.6654120969824375
112,2023,11,1.0,hist_gradient_boosting_regressor,1.7350712425940338
112,2023,12,0.0,hist_gradient_boosting_regressor,0.9405200569441273
112,2024,1,0.0,hist_gradient_boosting_regressor,0.5952297022673224
112,2024,2,0.0,hist_gradient_boosting_regressor,1.5550986200310395
112,2024,3,0.0,hist_gradient_boosting_regressor,1.453418967758534
112,2024,4,0.0,hist_gradient_boosting_regressor,0.8677872791640033
112,2024,5,2.0,hist_gradient_boosting_regressor,1.3654968087092305
112,2024,6,2.0,hist_gradient_boosting_regressor,1.5940255229407958
113,2023,8,2.0,hist_gradient_boosting_regressor,0.7935178992763433
113,2023,9,2.0,hist_gradient_boosting_regressor,0.8830717996602157
113,2023,10,1.0,hist_gradient_boosting_regressor,0.8061180332310236
113,2023,11,1.0,hist_gradient_boosting_regressor,1.2503026696376978
113,2023,12,0.0,hist_gradient_boosting_regressor,1.0360680497543524
113,2024,1,0.0,hist_gradient_boosting_regressor,0.5036209364045439
113,2024,2,0.0,hist_gradient_boosting_regressor,0.9474742801523581
113,2024,3,0.0,hist_gradient_boosting_regressor,0.9321197241757846
113,2024,4,0.0,hist_gradient_boosting_regressor,0.8278528103264162
113,2024,5,0.0,hist_gradient_boosting_regressor,0.9175313286577497
113,2024,6,0.0,hist_gradient_boosting_regressor,0.7927881853067964
114,2023,8,2.0,hist_gradient_boosting_regressor,1.1829758659410623
114,2023,9,2.0,hist_gradient_boosting_regressor,0.9897241761261258
114,2023,10,1.0,hist_gradient_boosting_regressor,0.7436565937104769
114,2023,11,1.0,hist_gradient_boosting_regressor,1.1622578944279593
114,2023,12,0.0,hist_gradient_boosting_regressor,1.1152579739442408
114,2024,1,0.0,hist_gradient_boosting_regressor,0.7525493981924819
114,2024,2,0.0,hist_gradient_boosting_regressor,1.1479271048626853
114,2024,3,0.0,hist_gradient_boosting_regressor,1.0067015639885302
114,2024,4,0.0,hist_gradient_boosting_regressor,1.359497688341715
114,2024,5,0.0,hist_gradient_boosting_regressor,1.3603834590809945
114,2024,6,0.0,hist_gradient_boosting_regressor,0.9703002393394743
115,2023,8,5.0,hist_gradient_boosting_regressor,1.9036007605273984
115,2023,9,5.0,hist_gradient_boosting_regressor,2.2387809308668154
115,2023,10,4.0,hist_gradient_boosting_regressor,1.231949017780906
115,2023,11,4.0,hist_gradient_boosting_regressor,2.7212218290029595
115,2023,12,3.0,hist_gradient_boosting_regressor,2.2373982178811023
115,2024,1,3.0,hist_gradient_boosting_regressor,1.5768322999445332
115,2024,2,3.0,hist_gradient_boosting_regressor,3.6353068503398136
115,2024,3,2.0,hist_gradient_boosting_regressor,3.231373256685163
115,2024,4,3.0,hist_gradient_boosting_regressor,3.544007215151617
115,2024,5,2.0,hist_gradient_boosting_regressor,3.164521434880841
115,2024,6,2.0,hist_gradient_boosting_regressor,3.1397887272216414
116,2023,8,2.0,hist_gradient_boosting_regressor,0.49578308486825606
116,2023,9,2.0,hist_gradient_boosting_regressor,0.4294848002046441
116,2023,10,1.0,hist_gradient_boosting_regressor,0.35688507503962713
116,2023,11,2.0,hist_gradient_boosting_regressor,0.6645516810133038
116,2023,12,2.0,hist_gradient_boosting_regressor,0.1530720363326191
116,2024,1,2.0,hist_gradient_boosting_regressor,0.2736012341454573
116,2024,2,2.0,hist_gradient_boosting_regressor,0.8738985966571966
116,2024,3,2.0,hist_gradient_boosting_regressor,0.4606058810134297
116,2024,4,2.0,hist_gradient_boosting_regressor,0.4737454829504112
116,2024,5,0.0,hist_gradient_boosting_regressor,1.118321981934763
116,2024,6,0.0,hist_gradient_boosting_regressor,0.5263193926264726
117,2023,8,2.0,hist_gradient_boosting_regressor,0.7283095828132939
117,2023,9,2.0,hist_gradient_boosting_regressor,0.7053963828765226
117,2023,10,1.0,hist_gradient_boosting_regressor,0.47250391438977885
117,2023,11,2.0,hist_gradient_boosting_regressor,0.8531503349179799
117,2023,12,2.0,hist_gradient_boosting_regressor,0.35654043473544206
117,2024,1,2.0,hist_gradient_boosting_regressor,0.46631334138290814
117,2024,2,2.0,hist_gradient_boosting_regressor,1.1210428731921376
117,2024,3,2.0,hist_gradient_boosting_regressor,0.6608404523636917
117,2024,4,2.0,hist_gradient_boosting_regressor,0.6990947985638223
117,2024,5,0.0,hist_gradient_boosting_regressor,1.1650808085151736
117,2024,6,0.0,hist_gradient_boosting_regressor,0.7672163785485703
118,2023,8,5.0,hist_gradient_boosting_regressor,3.563959808035855
118,2023,9,5.0,hist_gradient_boosting_regressor,2.4864096312260644
118,2023,10,4.0,hist_gradient_boosting_regressor,2.3649519736148226
118,2023,11,2.0,hist_gradient_boosting_regressor,3.3218065356136903
118,2023,12,2.0,hist_gradient_boosting_regressor,3.7167112382698884
118,2024,1,2.0,hist_gradient_boosting_regressor,2.977786160451441
118,2024,2,3.0,hist_gradient_boosting_regressor,4.623325062713147
118,2024,3,5.0,hist_gradient_boosting_regressor,3.669427453613578
118,2024,4,5.0,hist_gradient_boosting_regressor,3.448951712980856
118,2024,5,3.0,hist_gradient_boosting_regressor,4.011479090362418
118,2024,6,1.0,hist_gradient_boosting_regressor,3.0340715142384873
119,2023,8,5.0,hist_gradient_boosting_regressor,1.6899459752564359
119,2023,9,5.0,hist_gradient_boosting_regressor,1.602489323938855
119,2023,10,4.0,hist_gradient_boosting_regressor,1.384491409330341
119,2023,11,2.0,hist_gradient_boosting_regressor,2.2827766265619363
119,2023,12,2.0,hist_gradient_boosting_regressor,2.5885861322847
119,2024,1,2.0,hist_gradient_boosting_regressor,1.8096798449505311
119,2024,2,3.0,hist_gradient_boosting_regressor,3.23325428625976
119,2024,3,5.0,hist_gradient_boosting_regressor,2.824378629539483
119,2024,4,5.0,hist_gradient_boosting_regressor,3.0613863978647626
119,2024,5,3.0,hist_gradient_boosting_regressor,1.8772421702454751
119,2024,6,1.0,hist_gradient_boosting_regressor,1.3027516086194684
120,2023,8,0.0,hist_gradient_boosting_regressor,0.22393529808647963
120,2023,9,2.0,hist_gradient_boosting_regressor,0.1610918770223761
120,2023,10,3.0,hist_gradient_boosting_regressor,0.2308295143883923
120,2023,11,3.0,hist_gradient_boosting_regressor,0.3467570670845976
120,2023,12,1.0,hist_gradient_boosting_regressor,0.028898037301290837
120,2024,1,0.0,hist_gradient_boosting_regressor,0.11613241168215709
120,2024,2,1.0,hist_gradient_boosting_regressor,0.4291756190390489
120,2024,3,1.0,hist_gradient_boosting_regressor,0.03687768181138014
120,2024,4,1.0,hist_gradient_boosting_regressor,0.24103260994047565
120,2024,5,0.0,hist_gradient_boosting_regressor,0.7551348399084872
120,2024,6,1.0,hist_gradient_boosting_regressor,0.7975293639856234
121,2023,8,0.0,hist_gradient_boosting_regressor,0.13246635327417078
121,2023,9,2.0,hist_gradient_boosting_regressor,0.22875030632722732
121,2023,10,3.0,hist_gradient_boosting_regressor,0.3487633661691
121,2023,11,3.0,hist_gradient_boosting_regressor,0.26375042739854326
121,2023,12,1.0,hist_gradient_boosting_regressor,0.4016303788783146
121,2024,1,0.0,hist_gradient_boosting_regressor,0.2478695016301699
121,2024,2,1.0,hist_gradient_boosting_regressor,0.5415698201643568
121,2024,3,1.0,hist_gradient_boosting_regressor,0.3558751750370967
121,2024,4,1.0,hist_gradient_boosting_regressor,0.20801227690985735
121,2024,5,0.0,hist_gradient_boosting_regressor,0.7395377223532767
121,2024,6,1.0,hist_gradient_boosting_regressor,0.5303196069071008
122,2023,8,3.0,hist_gradient_boosting_regressor,1.5255076266756333
122,2023,9,2.0,hist_gradient_boosting_regressor,1.3624452349886331
122,2023,10,3.0,hist_gradient_boosting_regressor,1.527968166436694
122,2023,11,4.0,hist_gradient_boosting_regressor,1.521330613001644
122,2023,12,3.0,hist_gradient_boosting_regressor,1.651416847104872
122,2024,1,4.0,hist_gradient_boosting_regressor,1.8792944035780175
122,2024,2,4.0,hist_gradient_boosting_regressor,2.235065880134109
122,2024,3,4.0,hist_gradient_boosting_regressor,2.884329744222448
122,2024,4,1.0,hist_gradient_boosting_regressor,2.4877616829676374
122,2024,5,0.0,hist_gradient_boosting_regressor,2.9449715688656175
122,2024,6,0.0,hist_gradient_boosting_regressor,3.0918696594044057
124,2023,8,0.0,hist_gradient_boosting_regressor,0.7469989745840809
124,2023,9,1.0,hist_gradient_boosting_regressor,0.9033257161558568
124,2023,10,1.0,hist_gradient_boosting_regressor,0.716953468938799
124,2023,11,1.0,hist_gradient_boosting_regressor,1.0879842284570507
124,2023,12,0.0,hist_gradient_boosting_regressor,0.6206173708390871
124,2024,1,1.0,hist_gradient_boosting_regressor,0.5002415325306162
124,2024,2,1.0,hist_gradient_boosting_regressor,1.1077585569981727
124,2024,3,1.0,hist_gradient_boosting_regressor,1.3058862239166853
124,2024,4,0.0,hist_gradient_boosting_regressor,1.2216544038108954
124,2024,5,0.0,hist_gradient_boosting_regressor,1.4048014008136651
125,2023,8,4.0,hist_gradient_boosting_regressor,2.39720481536982
125,2023,9,3.0,hist_gradient_boosting_regressor,1.349942857938921
125,2023,10,3.0,hist_gradient_boosting_regressor,1.6434407198141534
125,2023,11,4.0,hist_gradient_boosting_regressor,1.5335959585521648
125,2023,12,3.0,hist_gradient_boosting_regressor,2.335225862496272
125,2024,1,4.0,hist_gradient_boosting_regressor,2.806334938618556
125,2024,2,4.0,hist_gradient_boosting_regressor,3.816404056880215
125,2024,3,4.0,hist_gradient_boosting_regressor,3.7030783221089427
125,2024,4,1.0,hist_gradient_boosting_regressor,2.38784389705421
125,2024,5,0.0,hist_gradient_boosting_regressor,2.997129660345294
125,2024,6,0.0,hist_gradient_boosting_regressor,2.9706773839317857
126,2023,8,3.0,hist_gradient_boosting_regressor,2.016991096921092
126,2023,9,2.0,hist_gradient_boosting_regressor,1.7763030613942066
126,2023,10,2.0,hist_gradient_boosting_regressor,1.6640687649327865
126,2023,11,3.0,hist_gradient_boosting_regressor,1.976078498184273
126,2023,12,2.0,hist_gradient_boosting_regressor,1.645636912425816
126,2024,1,1.0,hist_gradient_boosting_regressor,0.901199868279637
126,2024,2,0.0,hist_gradient_boosting_regressor,2.200882901984021
126,2024,3,0.0,hist_gradient_boosting_regressor,1.7930474735280564
126,2024,4,1.0,hist_gradient_boosting_regressor,1.7894065264743744
126,2024,5,1.0,hist_gradient_boosting_regressor,2.4504178091554207
126,2024,6,2.0,hist_gradient_boosting_regressor,2.331776785026309
127,2023,8,2.0,hist_gradient_boosting_regressor,0.553657021720498
127,2023,9,2.0,hist_gradient_boosting_regressor,1.148024934521552
127,2023,10,2.0,hist_gradient_boosting_regressor,0.8018589291913021
127,2023,11,1.0,hist_gradient_boosting_regressor,1.3600475906396376
127,2023,12,0.0,hist_gradient_boosting_regressor,0.6360680224451714
127,2024,1,2.0,hist_gradient_boosting_regressor,0.3705930889234062
127,2024,2,2.0,hist_gradient_boosting_regressor,1.2986225803906881
127,2024,3,3.0,hist_gradient_boosting_regressor,0.9843619998484314
127,2024,4,1.0,hist_gradient_boosting_regressor,0.6974203449096674
127,2024,5,3.0,hist_gradient_boosting_regressor,1.419394718703044
127,2024,6,2.0,hist_gradient_boosting_regressor,0.8589521754087724
128,2023,8,1.0,hist_gradient_boosting_regressor,0.7033546105774705
128,2023,9,0.0,hist_gradient_boosting_regressor,1.12646525580084
128,2023,10,0.0,hist_gradient_boosting_regressor,1.4549568713118437
128,2023,11,0.0,hist_gradient_boosting_regressor,1.671801560684208
128,2023,12,0.0,hist_gradient_boosting_regressor,0.7542939361464973
128,2024,1,0.0,hist_gradient_boosting_regressor,1.389573297213686
128,2024,2,0.0,hist_gradient_boosting_regressor,2.0302383560463633
128,2024,3,1.0,hist_gradient_boosting_regressor,1.664581700574073
128,2024,4,1.0,hist_gradient_boosting_regressor,1.108873904808912
128,2024,5,1.0,hist_gradient_boosting_regressor,1.2063835534048608
128,2024,6,0.0,hist_gradient_boosting_regressor,1.1003249807473203
129,2023,8,1.0,hist_gradient_boosting_regressor,0.8124476592386819
129,2023,9,0.0,hist_gradient_boosting_regressor,1.0612808171432586
129,2023,10,0.0,hist_gradient_boosting_regressor,1.5715613607006707
129,2023,11,0.0,hist_gradient_boosting_regressor,1.6620408112858933
129,2023,12,0.0,hist_gradient_boosting_regressor,0.8251807893384766
129,2024,1,0.0,hist_gradient_boosting_regressor,1.1670547204093789
129,2024,2,0.0,hist_gradient_boosting_regressor,1.9452970957845264
129,2024,3,1.0,hist_gradient_boosting_regressor,1.911032132026761
129,2024,4,1.0,hist_gradient_boosting_regressor,1.2094738672384302
129,2024,5,1.0,hist_gradient_boosting_regressor,1.3045042544607244
129,2024,6,0.0,hist_gradient_boosting_regressor,1.3328695104431245
131,2023,8,0.0,hist_gradient_boosting_regressor,0.6405341450574719
131,2023,9,0.0,hist_gradient_boosting_regressor,0.7361962919264811
131,2023,10,0.0,hist_gradient_boosting_regressor,0.5934736677672695
131,2023,11,0.0,hist_gradient_boosting_regressor,0.6874630405994279
131,2023,12,0.0,hist_gradient_boosting_regressor,0.6303529608103307
131,2024,1,0.0,hist_gradient_boosting_regressor,0.4811235024015056
131,2024,2,0.0,hist_gradient_boosting_regressor,0.8849467516575286
131,2024,3,1.0,hist_gradient_boosting_regressor,0.8325723628071022
131,2024,4,1.0,hist_gradient_boosting_regressor,0.5532437386758687
131,2024,5,1.0,hist_gradient_boosting_regressor,1.0587620516556255
131,2024,6,0.0,hist_gradient_boosting_regressor,0.6664162351036967
132,2023,8,0.0,hist_gradient_boosting_regressor,0.2791873326315842
132,2023,9,0.0,hist_gradient_boosting_regressor,0.3040460219481048
132,2023,10,0.0,hist_gradient_boosting_regressor,0.23238172995006365
132,2023,11,0.0,hist_gradient_boosting_regressor,0.4700184029118714
132,2023,12,0.0,hist_gradient_boosting_regressor,0.0
132,2024,1,0.0,hist_gradient_boosting_regressor,0.2500564246591625
132,2024,2,0.0,hist_gradient_boosting_regressor,0.6308134583894557
132,2024,3,0.0,hist_gradient_boosting_regressor,0.14718064705477185
132,2024,4,0.0,hist_gradient_boosting_regressor,0.08190463494225615
132,2024,5,0.0,hist_gradient_boosting_regressor,0.6200447055722834
132,2024,6,0.0,hist_gradient_boosting_regressor,0.3691431158463445
133,2023,8,0.0,hist_gradient_boosting_regressor,0.4179304003153219
133,2023,9,0.0,hist_gradient_boosting_regressor,0.7429598099155191
133,2023,10,0.0,hist_gradient_boosting_regressor,0.5699168091719223
133,2023,11,0.0,hist_gradient_boosting_regressor,0.7218794605847535
133,2023,12,0.0,hist_gradient_boosting_regressor,0.3112263656801924
133,2024,1,0.0,hist_gradient_boosting_regressor,1.0012561168773604
133,2024,2,0.0,hist_gradient_boosting_regressor,0.9096602203629577
133,2024,3,0.0,hist_gradient_boosting_regressor,0.8579499398630567
133,2024,4,0.0,hist_gradient_boosting_regressor,0.3881704519508552
133,2024,5,0.0,hist_gradient_boosting_regressor,0.7320171411252735
133,2024,6,0.0,hist_gradient_boosting_regressor,0.7901367197395178
134,2023,8,0.0,hist_gradient_boosting_regressor,0.3576737285454474
134,2023,9,0.0,hist_gradient_boosting_regressor,0.47594821880630417
134,2023,10,0.0,hist_gradient_boosting_regressor,0.3076487113071014
134,2023,11,0.0,hist_gradient_boosting_regressor,0.1876521702105403
134,2023,12,0.0,hist_gradient_boosting_regressor,0.16929875146265067
134,2024,1,0.0,hist_gradient_boosting_regressor,0.34018604899945204
134,2024,2,0.0,hist_gradient_boosting_regressor,0.5652869092067857
134,2024,3,0.0,hist_gradient_boosting_regressor,0.5135760647704364
134,2024,4,0.0,hist_gradient_boosting_regressor,0.0
134,2024,5,0.0,hist_gradient_boosting_regressor,0.5735871375158913
134,2024,6,0.0,hist_gradient_boosting_regressor,0.11603251961470085
135,2023,8,0.0,hist_gradient_boosting_regressor,0.171027761598336
135,2023,9,0.0,hist_gradient_boosting_regressor,0.7277430360324816
135,2023,10,0.0,hist_gradient_boosting_regressor,0.38502743861552935
135,2023,11,0.0,hist_gradient_boosting_regressor,1.0559646729478736
135,2023,12,0.0,hist_gradient_boosting_regressor,0.8969776165613291
135,2024,1,0.0,hist_gradient_boosting_regressor,1.5261068500936412
135,2024,2,0.0,hist_gradient_boosting_regressor,1.4441890837174607
135,2024,3,0.0,hist_gradient_boosting_regressor,1.3549725844873999
135,2024,4,0.0,hist_gradient_boosting_regressor,0.8654850946666286
135,2024,5,0.0,hist_gradient_boosting_regressor,1.2083299536357957
135,2024,6,0.0,hist_gradient_boosting_regressor,0.8746811392285923
136,2023,8,2.0,hist_gradient_boosting_regressor,1.2413066536221846
136,2023,9,2.0,hist_gradient_boosting_regressor,1.1882790876938132
136,2023,10,1.0,hist_gradient_boosting_regressor,0.9818593895320272
136,2023,11,1.0,hist_gradient_boosting_regressor,1.8467146589096017
136,2023,12,1.0,hist_gradient_boosting_regressor,0.8604179495180692
136,2024,1,1.0,hist_gradient_boosting_regressor,0.8580025245361664
136,2024,2,0.0,hist_gradient_boosting_regressor,1.5028272298431677
136,2024,3,0.0,hist_gradient_boosting_regressor,1.1275575369164268
136,2024,4,0.0,hist_gradient_boosting_regressor,1.2465296080230586
136,2024,5,0.0,hist_gradient_boosting_regressor,1.79832696218756
136,2024,6,2.0,hist_gradient_boosting_regressor,0.9324691273564089
137,2023,8,2.0,hist_gradient_boosting_regressor,2.0918225473928085
137,2023,9,3.0,hist_gradient_boosting_regressor,3.336270446613752
137,2023,10,3.0,hist_gradient_boosting_regressor,1.3283762770959844
137,2023,11,4.0,hist_gradient_boosting_regressor,2.210042087735286
137,2023,12,2.0,hist_gradient_boosting_regressor,1.8467367524409986
137,2024,1,2.0,hist_gradient_boosting_regressor,1.8962375713796467
137,2024,2,2.0,hist_gradient_boosting_regressor,2.22882661404226
137,2024,3,2.0,hist_gradient_boosting_regressor,1.574569280246317
137,2024,4,1.0,hist_gradient_boosting_regressor,1.6958187378952614
137,2024,5,0.0,hist_gradient_boosting_regressor,2.6147810324157414
137,2024,6,2.0,hist_gradient_boosting_regressor,1.921256199137787
138,2023,8,3.0,hist_gradient_boosting_regressor,4.834899668855794
138,2023,9,4.0,hist_gradient_boosting_regressor,5.496023363019215
138,2023,10,4.0,hist_gradient_boosting_regressor,4.642459504770725
138,2023,11,4.0,hist_gradient_boosting_regressor,3.728326746427185
138,2023,12,3.0,hist_gradient_boosting_regressor,3.1441790065324113
138,2024,1,3.0,hist_gradient_boosting_regressor,4.943220471284826
138,2024,2,3.0,hist_gradient_boosting_regressor,5.279546156620608
138,2024,3,2.0,hist_gradient_boosting_regressor,5.669295802727425
138,2024,4,1.0,hist_gradient_boosting_regressor,5.263587694825665
138,2024,5,0.0,hist_gradient_boosting_regressor,6.471939231075661
138,2024,6,1.0,hist_gradient_boosting_regressor,6.391602729451635
139,2023,8,2.0,hist_gradient_boosting_regressor,1.5485814745866657
139,2023,9,0.0,hist_gradient_boosting_regressor,1.4464388992544646
139,2023,10,0.0,hist_gradient_boosting_regressor,0.8145285673546844
139,2023,11,0.0,hist_gradient_boosting_regressor,1.4924186703732543
139,2023,12,0.0,hist_gradient_boosting_regressor,0.7182996089197391
139,2024,1,0.0,hist_gradient_boosting_regressor,1.1762683908612896
139,2024,2,1.0,hist_gradient_boosting_regressor,1.3557492148467591
139,2024,3,1.0,hist_gradient_boosting_regressor,1.667399457493137
139,2024,4,2.0,hist_gradient_boosting_regressor,1.3383602580049294
139,2024,5,1.0,hist_gradient_boosting_regressor,1.6554768711256755
139,2024,6,1.0,hist_gradient_boosting_regressor,1.6453663672897691
140,2023,8,6.0,hist_gradient_boosting_regressor,3.845365177280229
140,2023,9,3.0,hist_gradient_boosting_regressor,4.568582855481049
140,2023,10,3.0,hist_gradient_boosting_regressor,4.46735358907595
140,2023,11,2.0,hist_gradient_boosting_regressor,4.519154463826388
140,2023,12,3.0,hist_gradient_boosting_regressor,4.0204098519935485
140,2024,1,1.0,hist_gradient_boosting_regressor,2.0108386737787884
140,2024,2,4.0,hist_gradient_boosting_regressor,3.0829968281257587
140,2024,3,3.0,hist_gradient_boosting_regressor,3.6722014098550746
140,2024,4,6.0,hist_gradient_boosting_regressor,2.7281908909038997
140,2024,5,3.0,hist_gradient_boosting_regressor,4.084137636794273
140,2024,6,7.0,hist_gradient_boosting_regressor,3.9732525241838084
143,2023,12,5.0,hist_gradient_boosting_regressor,4.228059900732458
143,2024,1,4.0,hist_gradient_boosting_regressor,4.362443663804686
143,2024,2,4.0,hist_gradient_boosting_regressor,5.790716831023269
143,2024,3,3.0,hist_gradient_boosting_regressor,5.59106435684409
143,2024,4,2.0,hist_gradient_boosting_regressor,5.246590403292942
143,2024,5,0.0,hist_gradient_boosting_regressor,6.371099396956548
143,2024,6,6.0,hist_gradient_boosting_regressor,5.608016833245228
