site_id,year,month,target_crash_happened_next_quarter_500m,model,predicted_label,predicted_probability
1,2023,8,1,catboost_classifier,1,0.5386810684348803
1,2023,9,1,catboost_classifier,0,0.4535922064136254
1,2023,10,1,catboost_classifier,1,0.6355256487417722
1,2023,11,1,catboost_classifier,0,0.47997245314473186
1,2023,12,0,catboost_classifier,0,0.4965638800989525
1,2024,1,1,catboost_classifier,0,0.42981325483105526
1,2024,2,1,catboost_classifier,1,0.5287423891324895
1,2024,3,1,catboost_classifier,1,0.5984300851434923
1,2024,4,1,catboost_classifier,1,0.7438794313532
1,2024,5,1,catboost_classifier,1,0.800965061224964
1,2024,6,1,catboost_classifier,1,0.8334056228830078
2,2023,8,1,catboost_classifier,1,0.8082765407954492
2,2023,9,1,catboost_classifier,1,0.883562172285253
2,2023,10,1,catboost_classifier,1,0.7588768208235007
2,2023,11,0,catboost_classifier,1,0.924140842514367
2,2023,12,1,catboost_classifier,1,0.9219249343987141
2,2024,1,1,catboost_classifier,1,0.7709588326168099
2,2024,2,1,catboost_classifier,1,0.6788299329905251
2,2024,3,1,catboost_classifier,1,0.915430321036508
2,2024,4,1,catboost_classifier,1,0.7066907064553497
2,2024,5,0,catboost_classifier,1,0.9180373405816222
2,2024,6,0,catboost_classifier,1,0.7182541867557677
3,2023,8,1,catboost_classifier,1,0.9294854919372395
3,2023,9,1,catboost_classifier,1,0.9805489106150584
3,2023,10,1,catboost_classifier,1,0.9643768382756416
3,2023,11,0,catboost_classifier,1,0.972335429255913
3,2023,12,1,catboost_classifier,1,0.887112695129525
3,2024,1,1,catboost_classifier,1,0.8803492247002459
3,2024,2,1,catboost_classifier,1,0.7955243417044328
3,2024,3,1,catboost_classifier,1,0.9149624710788756
3,2024,4,1,catboost_classifier,1,0.8088122803055239
3,2024,5,0,catboost_classifier,1,0.9587816251244715
3,2024,6,0,catboost_classifier,1,0.954133718510006
4,2023,8,1,catboost_classifier,0,0.48521567024075074
4,2023,9,1,catboost_classifier,1,0.5039112343457357
4,2023,10,1,catboost_classifier,1,0.7780583803168222
4,2023,11,0,catboost_classifier,1,0.6579034148743861
4,2023,12,1,catboost_classifier,0,0.4898269352576493
4,2024,1,1,catboost_classifier,1,0.8004363546611567
4,2024,2,1,catboost_classifier,1,0.6812495691825712
4,2024,3,1,catboost_classifier,1,0.9130344347733709
4,2024,4,1,catboost_classifier,1,0.7987993949290025
4,2024,5,1,catboost_classifier,1,0.7736142877034884
4,2024,6,0,catboost_classifier,1,0.8168353179490228
5,2023,8,1,catboost_classifier,1,0.5207621152606879
5,2023,9,1,catboost_classifier,1,0.5836227726703179
5,2023,10,1,catboost_classifier,1,0.7439269113581747
5,2023,11,0,catboost_classifier,1,0.6217663059389912
5,2023,12,1,catboost_classifier,0,0.4858575648842913
5,2024,1,1,catboost_classifier,1,0.8016113733703223
5,2024,2,1,catboost_classifier,1,0.7039250145756231
5,2024,3,1,catboost_classifier,1,0.9050149673524253
5,2024,4,1,catboost_classifier,1,0.7889163492958355
5,2024,5,1,catboost_classifier,1,0.8034686892575545
5,2024,6,0,catboost_classifier,1,0.8356461530989511
6,2023,8,0,catboost_classifier,1,0.6878738192415134
6,2023,9,1,catboost_classifier,1,0.7658779829839104
6,2023,10,1,catboost_classifier,1,0.6284517944776437
6,2023,11,1,catboost_classifier,1,0.725733224060479
6,2023,12,1,catboost_classifier,1,0.9216819687699296
6,2024,1,1,catboost_classifier,1,0.7288839228277263
6,2024,2,1,catboost_classifier,1,0.6986933046094777
6,2024,3,1,catboost_classifier,1,0.7669601709109424
6,2024,4,1,catboost_classifier,1,0.6938483080056003
6,2024,5,1,catboost_classifier,1,0.832821362415007
6,2024,6,1,catboost_classifier,1,0.8297655170906122
7,2023,8,0,catboost_classifier,1,0.5792689223804864
7,2023,9,1,catboost_classifier,1,0.7189513583979942
7,2023,10,1,catboost_classifier,1,0.7586790168505727
7,2023,11,1,catboost_classifier,1,0.6535223328251046
7,2023,12,1,catboost_classifier,1,0.8936641027583758
7,2024,1,1,catboost_classifier,1,0.8220669374260667
7,2024,2,1,catboost_classifier,1,0.7358683890194544
7,2024,3,1,catboost_classifier,1,0.8836006588341447
7,2024,4,1,catboost_classifier,1,0.712946114384406
7,2024,5,1,catboost_classifier,1,0.9458122606958019
7,2024,6,1,catboost_classifier,1,0.8987922915534752
8,2023,8,1,catboost_classifier,0,0.2295017943363025
8,2023,9,1,catboost_classifier,0,0.26658601925191333
8,2023,10,1,catboost_classifier,0,0.19541886586170665
8,2023,11,0,catboost_classifier,0,0.3163921153803633
8,2023,12,0,catboost_classifier,1,0.5507422311348287
8,2024,1,1,catboost_classifier,0,0.4592424968984681
8,2024,2,1,catboost_classifier,0,0.4236969844112346
8,2024,3,1,catboost_classifier,1,0.6000662146180231
8,2024,4,1,catboost_classifier,1,0.6455612654812393
8,2024,5,1,catboost_classifier,1,0.7231968450801869
8,2024,6,0,catboost_classifier,1,0.7442091534246297
9,2023,8,1,catboost_classifier,1,0.6359638945993408
9,2023,9,0,catboost_classifier,1,0.7058160604767929
9,2023,10,0,catboost_classifier,1,0.7401435088255818
9,2023,11,1,catboost_classifier,1,0.6422575755955504
9,2023,12,1,catboost_classifier,1,0.7698958963627168
9,2024,1,1,catboost_classifier,1,0.6552170097557305
9,2024,2,1,catboost_classifier,1,0.7293961819272246
9,2024,3,1,catboost_classifier,1,0.76345798823655
9,2024,4,0,catboost_classifier,1,0.7869715558605799
9,2024,5,0,catboost_classifier,1,0.7705796848238526
9,2024,6,0,catboost_classifier,1,0.800817799053548
10,2023,8,1,catboost_classifier,1,0.5757004342868036
10,2023,9,1,catboost_classifier,1,0.5074883755901805
10,2023,10,1,catboost_classifier,1,0.60597048023087
10,2023,11,1,catboost_classifier,1,0.7989252405938143
10,2023,12,0,catboost_classifier,1,0.77793768140348
10,2024,1,0,catboost_classifier,1,0.6609319648660935
10,2024,2,0,catboost_classifier,1,0.7343992552132436
10,2024,3,0,catboost_classifier,1,0.6304868311692996
10,2024,4,1,catboost_classifier,1,0.6873321051402668
10,2024,5,1,catboost_classifier,1,0.6865446064322325
10,2024,6,1,catboost_classifier,1,0.7892624335840563
11,2023,8,1,catboost_classifier,0,0.2724217384480859
11,2023,9,1,catboost_classifier,0,0.41804556663925946
11,2023,10,1,catboost_classifier,1,0.5724445195523679
11,2023,11,1,catboost_classifier,1,0.7313791812150756
11,2023,12,1,catboost_classifier,1,0.74063938104557
11,2024,1,1,catboost_classifier,1,0.6475453763130494
11,2024,2,1,catboost_classifier,1,0.6733497290408601
11,2024,3,0,catboost_classifier,1,0.7860849480721729
11,2024,4,1,catboost_classifier,1,0.7301466652294949
11,2024,5,1,catboost_classifier,1,0.7552205672006771
11,2024,6,1,catboost_classifier,1,0.8576568802675465
13,2023,8,1,catboost_classifier,1,0.8228913327315935
13,2023,9,1,catboost_classifier,1,0.8485815134084145
13,2023,10,1,catboost_classifier,1,0.7914595432206404
13,2023,11,1,catboost_classifier,1,0.9094406146985855
13,2023,12,1,catboost_classifier,1,0.8424063894356901
13,2024,1,1,catboost_classifier,1,0.8802911676589221
13,2024,2,1,catboost_classifier,1,0.8499410884242328
13,2024,3,1,catboost_classifier,1,0.9047126403389848
13,2024,4,1,catboost_classifier,1,0.8927849122803315
13,2024,5,1,catboost_classifier,1,0.9201091612633641
13,2024,6,0,catboost_classifier,1,0.9062174722780579
14,2023,8,1,catboost_classifier,1,0.8768643823426646
14,2023,9,1,catboost_classifier,1,0.8242841814210802
14,2023,10,1,catboost_classifier,1,0.8216437648709334
14,2023,11,1,catboost_classifier,1,0.776516939323793
14,2023,12,1,catboost_classifier,1,0.8995205301925782
14,2024,1,1,catboost_classifier,1,0.7522359588667564
14,2024,2,1,catboost_classifier,1,0.5306499390008924
14,2024,3,1,catboost_classifier,1,0.8796244068335157
14,2024,4,1,catboost_classifier,1,0.8443729007710874
14,2024,5,1,catboost_classifier,1,0.8533118504471501
14,2024,6,1,catboost_classifier,1,0.8652202426865174
15,2023,8,1,catboost_classifier,1,0.9921648770139563
15,2023,9,1,catboost_classifier,1,0.9798460739001027
15,2023,10,1,catboost_classifier,1,0.9816643567874306
15,2023,11,1,catboost_classifier,1,0.9604603729159583
15,2023,12,1,catboost_classifier,1,0.982609963083306
15,2024,1,1,catboost_classifier,1,0.946367252999647
15,2024,2,1,catboost_classifier,1,0.9763770891356242
15,2024,3,1,catboost_classifier,1,0.9575307257910672
15,2024,4,1,catboost_classifier,1,0.9757172838599852
15,2024,5,1,catboost_classifier,1,0.9795709922434951
15,2024,6,1,catboost_classifier,1,0.9811057456028699
16,2023,8,1,catboost_classifier,1,0.9923665936156032
16,2023,9,1,catboost_classifier,1,0.989765246934518
16,2023,10,1,catboost_classifier,1,0.9921179381543598
16,2023,11,1,catboost_classifier,1,0.9818319589770698
16,2023,12,1,catboost_classifier,1,0.9849535243493839
16,2024,1,1,catboost_classifier,1,0.9887012658636162
16,2024,2,1,catboost_classifier,1,0.9654974468510591
16,2024,3,1,catboost_classifier,1,0.9919018922113421
16,2024,4,1,catboost_classifier,1,0.9835212249394963
16,2024,5,1,catboost_classifier,1,0.9933102049835666
16,2024,6,1,catboost_classifier,1,0.9910465178969912
17,2023,8,1,catboost_classifier,1,0.9872779338893869
17,2023,9,1,catboost_classifier,1,0.9686172406554858
17,2023,10,1,catboost_classifier,1,0.9909963158203632
17,2023,11,1,catboost_classifier,1,0.995718442208701
17,2023,12,1,catboost_classifier,1,0.9927160162638173
17,2024,1,1,catboost_classifier,1,0.9850840194332813
17,2024,2,1,catboost_classifier,1,0.9798015524920314
17,2024,3,1,catboost_classifier,1,0.9803041913091449
17,2024,4,1,catboost_classifier,1,0.9828520848774863
17,2024,5,1,catboost_classifier,1,0.9826987839676303
17,2024,6,1,catboost_classifier,1,0.9801691724907224
18,2023,8,1,catboost_classifier,1,0.9927972580677602
18,2023,9,1,catboost_classifier,1,0.9824924810595745
18,2023,10,1,catboost_classifier,1,0.9888648519624493
18,2023,11,1,catboost_classifier,1,0.957853367478634
18,2023,12,1,catboost_classifier,1,0.9843984058230407
18,2024,1,1,catboost_classifier,1,0.9444323341553817
18,2024,2,1,catboost_classifier,1,0.9825586428234384
18,2024,3,1,catboost_classifier,1,0.9601075748455363
18,2024,4,1,catboost_classifier,1,0.9742220221716996
18,2024,5,1,catboost_classifier,1,0.9838931200132456
18,2024,6,1,catboost_classifier,1,0.9771451456386481
19,2023,8,1,catboost_classifier,0,0.4179115424905378
19,2023,9,1,catboost_classifier,0,0.3997175831793312
19,2023,10,1,catboost_classifier,1,0.513828672287719
19,2023,11,1,catboost_classifier,1,0.5998969862485538
19,2023,12,1,catboost_classifier,1,0.7979633517037198
19,2024,1,1,catboost_classifier,0,0.3750581148937502
19,2024,2,1,catboost_classifier,1,0.5099555403705369
19,2024,3,0,catboost_classifier,0,0.4697848620608042
19,2024,4,1,catboost_classifier,1,0.5711223656258242
19,2024,5,1,catboost_classifier,1,0.6831839248706963
19,2024,6,1,catboost_classifier,1,0.8281219858645836
20,2023,8,0,catboost_classifier,1,0.7200961467949957
20,2023,9,1,catboost_classifier,1,0.60396951091532
20,2023,10,1,catboost_classifier,1,0.5026207799629104
20,2023,11,1,catboost_classifier,1,0.632361344931077
20,2023,12,0,catboost_classifier,1,0.8061172894904352
20,2024,1,0,catboost_classifier,1,0.7456619467573942
20,2024,2,0,catboost_classifier,1,0.7303242810587941
20,2024,3,0,catboost_classifier,1,0.7158550630379463
20,2024,4,0,catboost_classifier,1,0.5654912165353245
20,2024,5,0,catboost_classifier,1,0.757312396519793
20,2024,6,0,catboost_classifier,1,0.8293273820211196
21,2023,8,0,catboost_classifier,1,0.6460486040675036
21,2023,9,0,catboost_classifier,1,0.7034437667000164
21,2023,10,0,catboost_classifier,1,0.6962048881314665
21,2023,11,0,catboost_classifier,1,0.5404836313829123
21,2023,12,0,catboost_classifier,0,0.43579901123453707
21,2024,1,0,catboost_classifier,0,0.3812607502752271
21,2024,2,0,catboost_classifier,0,0.4056009193549117
21,2024,3,0,catboost_classifier,1,0.5920732630785321
21,2024,4,0,catboost_classifier,1,0.7349863963500687
21,2024,5,0,catboost_classifier,1,0.6635107741871248
21,2024,6,1,catboost_classifier,1,0.7593910260205745
22,2023,8,1,catboost_classifier,1,0.7943567993127172
22,2023,9,1,catboost_classifier,1,0.7508023872658888
22,2023,10,1,catboost_classifier,1,0.7721534675353313
22,2023,11,1,catboost_classifier,1,0.8989253879295607
22,2023,12,1,catboost_classifier,1,0.8878762791747769
22,2024,1,1,catboost_classifier,1,0.8402867822349332
22,2024,2,1,catboost_classifier,1,0.870788976377433
22,2024,3,1,catboost_classifier,1,0.9001745495673023
22,2024,4,1,catboost_classifier,1,0.9038751795460376
22,2024,5,1,catboost_classifier,1,0.9119008927236971
22,2024,6,1,catboost_classifier,1,0.9048707675720039
23,2023,8,1,catboost_classifier,1,0.8567700912047421
23,2023,9,1,catboost_classifier,1,0.7923115427613081
23,2023,10,1,catboost_classifier,1,0.8478265970262607
23,2023,11,1,catboost_classifier,1,0.9227211703459027
23,2023,12,1,catboost_classifier,1,0.9616414502252337
23,2024,1,1,catboost_classifier,1,0.9315550412259889
23,2024,2,1,catboost_classifier,1,0.9291583254986604
23,2024,3,1,catboost_classifier,1,0.9555034218798077
23,2024,4,1,catboost_classifier,1,0.9279702479513393
23,2024,5,1,catboost_classifier,1,0.9621889392489578
23,2024,6,1,catboost_classifier,1,0.9256711125206235
24,2023,8,1,catboost_classifier,1,0.8132822856828743
24,2023,9,1,catboost_classifier,1,0.7925485707850138
24,2023,10,1,catboost_classifier,1,0.8527444236171577
24,2023,11,1,catboost_classifier,1,0.9363805142096058
24,2023,12,1,catboost_classifier,1,0.9253599235199831
24,2024,1,1,catboost_classifier,1,0.8999079201642195
24,2024,2,1,catboost_classifier,1,0.8671855114027007
24,2024,3,1,catboost_classifier,1,0.8940317551130386
24,2024,4,1,catboost_classifier,1,0.8830524034031692
24,2024,5,1,catboost_classifier,1,0.9246437863441875
24,2024,6,1,catboost_classifier,1,0.8415814263244041
25,2023,8,1,catboost_classifier,1,0.8945538443030198
25,2023,9,1,catboost_classifier,1,0.9580327871455183
25,2023,10,1,catboost_classifier,1,0.7884137028337265
25,2023,11,1,catboost_classifier,1,0.9285815431088416
25,2023,12,1,catboost_classifier,1,0.8090407844094641
25,2024,1,1,catboost_classifier,1,0.9264448359436614
25,2024,2,1,catboost_classifier,1,0.8915224398348511
25,2024,3,1,catboost_classifier,1,0.8797519777570637
25,2024,4,1,catboost_classifier,1,0.9098096002993048
25,2024,5,1,catboost_classifier,1,0.9705022552826443
25,2024,6,1,catboost_classifier,1,0.9372577327219436
26,2023,8,1,catboost_classifier,1,0.7283971066441006
26,2023,9,1,catboost_classifier,1,0.7308045687345396
26,2023,10,1,catboost_classifier,1,0.7933419155936539
26,2023,11,1,catboost_classifier,1,0.7878641000746582
26,2023,12,1,catboost_classifier,1,0.8767496692328107
26,2024,1,0,catboost_classifier,1,0.7530052512726418
26,2024,2,0,catboost_classifier,1,0.6786823680867886
26,2024,3,1,catboost_classifier,1,0.6680234495505454
26,2024,4,1,catboost_classifier,1,0.7437406991398303
26,2024,5,1,catboost_classifier,1,0.8145963568653695
26,2024,6,1,catboost_classifier,1,0.8524183085598539
27,2023,8,1,catboost_classifier,1,0.718629623528772
27,2023,9,1,catboost_classifier,1,0.6519029661525132
27,2023,10,1,catboost_classifier,1,0.8896110025724581
27,2023,11,1,catboost_classifier,1,0.90076981325238
27,2023,12,1,catboost_classifier,1,0.7527650982340254
27,2024,1,0,catboost_classifier,1,0.750303742054436
27,2024,2,1,catboost_classifier,1,0.7842671239414206
27,2024,3,1,catboost_classifier,1,0.7715531616826186
27,2024,4,1,catboost_classifier,1,0.7886414657920777
27,2024,5,0,catboost_classifier,1,0.8279078442273035
27,2024,6,1,catboost_classifier,1,0.7358192611035518
28,2023,8,0,catboost_classifier,0,0.22248221496837062
28,2023,9,0,catboost_classifier,0,0.3184858695481291
28,2023,10,0,catboost_classifier,0,0.19355696405742712
28,2023,11,0,catboost_classifier,0,0.1862839472155613
28,2023,12,0,catboost_classifier,0,0.28854425494463504
28,2024,1,0,catboost_classifier,0,0.282750732088201
28,2024,2,0,catboost_classifier,0,0.09039877699681013
28,2024,3,0,catboost_classifier,0,0.33540517704533274
28,2024,4,0,catboost_classifier,0,0.4701770064297106
28,2024,5,1,catboost_classifier,0,0.35532990131469583
28,2024,6,1,catboost_classifier,0,0.4340812292421076
29,2023,8,0,catboost_classifier,1,0.5607575108732452
29,2023,9,0,catboost_classifier,1,0.606740642904465
29,2023,10,0,catboost_classifier,0,0.4075795130930948
29,2023,11,1,catboost_classifier,0,0.35383393715153133
29,2023,12,1,catboost_classifier,0,0.44485409710760404
29,2024,1,1,catboost_classifier,0,0.4991599350091194
29,2024,2,0,catboost_classifier,0,0.3863564188178125
29,2024,3,0,catboost_classifier,0,0.419870888303494
29,2024,4,0,catboost_classifier,0,0.4160823251514279
29,2024,5,0,catboost_classifier,0,0.2910704965596269
29,2024,6,0,catboost_classifier,0,0.39118120900937603
30,2023,8,1,catboost_classifier,0,0.40829876899066175
30,2023,9,1,catboost_classifier,1,0.6446430914555041
30,2023,10,0,catboost_classifier,1,0.7116036936480635
30,2023,11,0,catboost_classifier,0,0.4640561463321147
30,2023,12,0,catboost_classifier,1,0.5159613423747416
30,2024,1,0,catboost_classifier,1,0.5018100780601709
30,2024,2,0,catboost_classifier,1,0.5386236052449592
30,2024,3,0,catboost_classifier,1,0.6264170999048684
30,2024,4,0,catboost_classifier,1,0.6403661737354183
30,2024,5,0,catboost_classifier,1,0.5386583379942769
30,2024,6,0,catboost_classifier,1,0.714781194890448
31,2023,8,1,catboost_classifier,0,0.37106006095658334
31,2023,9,1,catboost_classifier,1,0.7000682007079609
31,2023,10,0,catboost_classifier,1,0.739233883828299
31,2023,11,0,catboost_classifier,0,0.29452306026643993
31,2023,12,0,catboost_classifier,0,0.49639253155266144
31,2024,1,0,catboost_classifier,0,0.4935695173245362
31,2024,2,0,catboost_classifier,1,0.5877399845843768
31,2024,3,0,catboost_classifier,1,0.7220281352357978
31,2024,4,0,catboost_classifier,1,0.6933858243071185
31,2024,5,0,catboost_classifier,1,0.728264785753577
31,2024,6,0,catboost_classifier,1,0.8090476321522031
32,2023,8,0,catboost_classifier,0,0.15160010595744133
32,2023,9,0,catboost_classifier,0,0.1521738333280068
32,2023,10,0,catboost_classifier,0,0.1567391363508401
32,2023,11,0,catboost_classifier,0,0.18162362598246656
32,2023,12,0,catboost_classifier,0,0.2047127996376725
32,2024,1,0,catboost_classifier,0,0.10443151050377804
32,2024,2,0,catboost_classifier,0,0.0608693875738951
32,2024,3,0,catboost_classifier,0,0.09655877774152437
32,2024,4,0,catboost_classifier,0,0.1816475387953618
32,2024,5,0,catboost_classifier,0,0.11027675744377494
32,2024,6,0,catboost_classifier,0,0.16212233184394942
33,2023,8,0,catboost_classifier,0,0.11229691139351486
33,2023,9,0,catboost_classifier,0,0.1110404203818479
33,2023,10,0,catboost_classifier,0,0.14623291167703778
33,2023,11,0,catboost_classifier,0,0.15567161596161022
33,2023,12,0,catboost_classifier,0,0.17631694361800468
33,2024,1,0,catboost_classifier,0,0.11344541495369365
33,2024,2,0,catboost_classifier,0,0.04126781521176791
33,2024,3,0,catboost_classifier,0,0.22881022561173214
33,2024,4,0,catboost_classifier,0,0.21901459984216679
33,2024,5,0,catboost_classifier,0,0.18447466452333477
33,2024,6,0,catboost_classifier,0,0.2616714099467563
34,2023,8,0,catboost_classifier,0,0.25179657018708657
34,2023,9,0,catboost_classifier,0,0.19093410475136477
34,2023,10,0,catboost_classifier,0,0.14888704748528173
34,2023,11,0,catboost_classifier,0,0.1384273116314602
34,2023,12,0,catboost_classifier,0,0.27851358348520394
34,2024,1,0,catboost_classifier,0,0.14833925200758888
34,2024,2,0,catboost_classifier,0,0.154419369385668
34,2024,3,0,catboost_classifier,0,0.13919087243830944
34,2024,4,0,catboost_classifier,0,0.2621026433095809
34,2024,5,1,catboost_classifier,0,0.12711393310439587
34,2024,6,1,catboost_classifier,0,0.28890551511317963
35,2023,8,0,catboost_classifier,0,0.29947105098062515
35,2023,9,0,catboost_classifier,1,0.6398245814393032
35,2023,10,0,catboost_classifier,0,0.3794067127820176
35,2023,11,0,catboost_classifier,0,0.18323214583635536
35,2023,12,0,catboost_classifier,1,0.5575579559760404
35,2024,1,0,catboost_classifier,0,0.42669839425408695
35,2024,2,0,catboost_classifier,1,0.5484060899817527
35,2024,3,0,catboost_classifier,1,0.6350627183072421
35,2024,4,0,catboost_classifier,1,0.6950497544618606
35,2024,5,0,catboost_classifier,1,0.6505733755203192
35,2024,6,0,catboost_classifier,1,0.6967006621704578
36,2023,8,0,catboost_classifier,0,0.3109520303394371
36,2023,9,0,catboost_classifier,1,0.5125849896261337
36,2023,10,0,catboost_classifier,0,0.32121662225366576
36,2023,11,0,catboost_classifier,0,0.11646825202720212
36,2023,12,0,catboost_classifier,0,0.28890043063577875
36,2024,1,0,catboost_classifier,0,0.3613814945709621
36,2024,2,0,catboost_classifier,0,0.337443939829886
36,2024,3,0,catboost_classifier,1,0.5233954212077141
36,2024,4,0,catboost_classifier,0,0.4854832370107204
36,2024,5,0,catboost_classifier,0,0.4750202059607629
36,2024,6,0,catboost_classifier,0,0.40098512089757765
37,2023,8,0,catboost_classifier,0,0.22501554324308795
37,2023,9,0,catboost_classifier,0,0.37590512851557634
37,2023,10,0,catboost_classifier,0,0.20602905318819337
37,2023,11,1,catboost_classifier,0,0.23425309436127506
37,2023,12,1,catboost_classifier,0,0.49199111538117907
37,2024,1,1,catboost_classifier,0,0.3282228730743292
37,2024,2,1,catboost_classifier,0,0.37067028352275255
37,2024,3,1,catboost_classifier,0,0.3421864010129272
37,2024,4,1,catboost_classifier,0,0.319332885580453
37,2024,5,0,catboost_classifier,1,0.5574810364946882
37,2024,6,0,catboost_classifier,1,0.5200010921598202
38,2023,8,0,catboost_classifier,0,0.2096159965945438
38,2023,9,0,catboost_classifier,0,0.17780051321582235
38,2023,10,0,catboost_classifier,0,0.13686810536684035
38,2023,11,1,catboost_classifier,0,0.13288488053742176
38,2023,12,1,catboost_classifier,0,0.19529457243536613
38,2024,1,1,catboost_classifier,0,0.1055036898500658
38,2024,2,1,catboost_classifier,0,0.11049169512308815
38,2024,3,1,catboost_classifier,0,0.13349192926059672
38,2024,4,1,catboost_classifier,0,0.21691508047242505
38,2024,5,0,catboost_classifier,0,0.1949047968810058
38,2024,6,0,catboost_classifier,0,0.3148118359075017
39,2023,8,0,catboost_classifier,0,0.40614970284692253
39,2023,9,0,catboost_classifier,1,0.540294455943695
39,2023,10,0,catboost_classifier,1,0.5718988706376615
39,2023,11,0,catboost_classifier,0,0.18421060790750546
39,2023,12,0,catboost_classifier,0,0.3043188822269759
39,2024,1,0,catboost_classifier,0,0.42724057746823074
39,2024,2,0,catboost_classifier,0,0.23088615401194817
39,2024,3,0,catboost_classifier,0,0.2879403371239583
39,2024,4,0,catboost_classifier,0,0.4965745936241415
39,2024,5,0,catboost_classifier,0,0.33521810035442107
39,2024,6,0,catboost_classifier,0,0.35530431772297294
40,2023,8,0,catboost_classifier,0,0.41513896216453133
40,2023,9,0,catboost_classifier,0,0.36122406776909377
40,2023,10,0,catboost_classifier,1,0.522370327820854
40,2023,11,0,catboost_classifier,0,0.2650279263383606
40,2023,12,0,catboost_classifier,0,0.31782504393946737
40,2024,1,0,catboost_classifier,1,0.5215530085779538
40,2024,2,0,catboost_classifier,0,0.30472508844950824
40,2024,3,0,catboost_classifier,0,0.38231123231876235
40,2024,4,0,catboost_classifier,1,0.5036468017078328
40,2024,5,0,catboost_classifier,0,0.34602303315442173
40,2024,6,0,catboost_classifier,0,0.36026753113841553
41,2023,8,1,catboost_classifier,1,0.9565367101493543
41,2023,9,1,catboost_classifier,1,0.9324109088789607
41,2023,10,1,catboost_classifier,1,0.9585575279208595
41,2023,11,1,catboost_classifier,1,0.9030395337670861
41,2023,12,1,catboost_classifier,1,0.8190762667882938
41,2024,1,1,catboost_classifier,1,0.8672476778200704
41,2024,2,1,catboost_classifier,1,0.8916163293066086
41,2024,3,1,catboost_classifier,1,0.913472151750722
41,2024,4,1,catboost_classifier,1,0.9354359841795677
41,2024,5,1,catboost_classifier,1,0.9200863900638202
41,2024,6,0,catboost_classifier,1,0.9296440965176673
42,2023,8,1,catboost_classifier,1,0.9112477135794151
42,2023,9,1,catboost_classifier,1,0.8898632877446829
42,2023,10,1,catboost_classifier,1,0.9480070635848169
42,2023,11,1,catboost_classifier,1,0.8703733263645225
42,2023,12,1,catboost_classifier,1,0.7932635811766369
42,2024,1,1,catboost_classifier,1,0.8954484138616658
42,2024,2,1,catboost_classifier,1,0.8930506052836746
42,2024,3,1,catboost_classifier,1,0.9276320449353529
42,2024,4,1,catboost_classifier,1,0.9356327446867102
42,2024,5,1,catboost_classifier,1,0.903615008184918
42,2024,6,0,catboost_classifier,1,0.9305293915286009
43,2023,8,1,catboost_classifier,1,0.5187011193991073
43,2023,9,1,catboost_classifier,0,0.4319657208626494
43,2023,10,1,catboost_classifier,0,0.2915230780840178
43,2023,11,0,catboost_classifier,0,0.22561349905463846
43,2023,12,0,catboost_classifier,0,0.3629267057510787
43,2024,1,0,catboost_classifier,0,0.42848831347859506
43,2024,2,0,catboost_classifier,0,0.20413084179307997
43,2024,3,0,catboost_classifier,0,0.4930973462928127
43,2024,4,0,catboost_classifier,0,0.4312297528462759
43,2024,5,0,catboost_classifier,0,0.4204919780631655
43,2024,6,1,catboost_classifier,1,0.5253004356210403
44,2023,8,1,catboost_classifier,0,0.3765674385699128
44,2023,9,1,catboost_classifier,0,0.39321984085763195
44,2023,10,1,catboost_classifier,0,0.21596584774519528
44,2023,11,0,catboost_classifier,0,0.10177475913086902
44,2023,12,0,catboost_classifier,0,0.24497625509604526
44,2024,1,0,catboost_classifier,1,0.5125158654879917
44,2024,2,0,catboost_classifier,0,0.3775522043273101
44,2024,3,0,catboost_classifier,1,0.5569093682539601
44,2024,4,0,catboost_classifier,0,0.4443347492627931
44,2024,5,0,catboost_classifier,1,0.5603143196908691
44,2024,6,1,catboost_classifier,1,0.5160843289801711
45,2023,8,1,catboost_classifier,1,0.7010763017148175
45,2023,9,1,catboost_classifier,1,0.697455567053101
45,2023,10,1,catboost_classifier,1,0.771532069707902
45,2023,11,1,catboost_classifier,1,0.5906492677984264
45,2023,12,1,catboost_classifier,1,0.5219581736611677
45,2024,1,1,catboost_classifier,1,0.5093546203950103
45,2024,2,1,catboost_classifier,0,0.42910452690940803
45,2024,3,1,catboost_classifier,1,0.8656971833301393
45,2024,4,1,catboost_classifier,1,0.8161298620093866
45,2024,5,1,catboost_classifier,1,0.7529463129285066
45,2024,6,1,catboost_classifier,1,0.8197459790521663
46,2023,8,0,catboost_classifier,1,0.6465774272916802
46,2023,9,0,catboost_classifier,1,0.6834049419535928
46,2023,10,1,catboost_classifier,1,0.5795427672613827
46,2023,11,1,catboost_classifier,1,0.5772295097104986
46,2023,12,1,catboost_classifier,0,0.399910145663504
46,2024,1,1,catboost_classifier,1,0.6836518712342008
46,2024,2,1,catboost_classifier,1,0.5339236951999613
46,2024,3,1,catboost_classifier,1,0.7866296226294824
46,2024,4,1,catboost_classifier,1,0.6498680685931127
46,2024,5,1,catboost_classifier,1,0.7712973754789477
46,2024,6,1,catboost_classifier,1,0.7102995401987232
47,2023,8,1,catboost_classifier,1,0.8759157327632279
47,2023,9,1,catboost_classifier,1,0.91341603449215
47,2023,10,1,catboost_classifier,1,0.9458942060751864
47,2023,11,0,catboost_classifier,1,0.976151265039488
47,2023,12,0,catboost_classifier,1,0.8689297056012949
47,2024,1,1,catboost_classifier,1,0.8383371791183086
47,2024,2,1,catboost_classifier,1,0.7427016234130179
47,2024,3,1,catboost_classifier,1,0.8559875604146105
47,2024,4,0,catboost_classifier,1,0.9234634233944083
47,2024,5,0,catboost_classifier,1,0.8894718409283751
47,2024,6,0,catboost_classifier,1,0.9310621235628334
48,2023,8,0,catboost_classifier,1,0.6889781156300857
48,2023,9,0,catboost_classifier,1,0.7313536924185138
48,2023,10,0,catboost_classifier,1,0.5285888943929022
48,2023,11,0,catboost_classifier,0,0.32066399661928635
48,2023,12,0,catboost_classifier,0,0.34582571926949623
48,2024,1,1,catboost_classifier,1,0.5144564837470958
48,2024,2,1,catboost_classifier,1,0.651451811913166
48,2024,3,1,catboost_classifier,1,0.6771389910756058
48,2024,4,1,catboost_classifier,1,0.7768298066353984
48,2024,5,1,catboost_classifier,1,0.7898771094626074
48,2024,6,1,catboost_classifier,1,0.7655509475922775
49,2023,8,1,catboost_classifier,1,0.6290990657937627
49,2023,9,1,catboost_classifier,1,0.6831033277234599
49,2023,10,1,catboost_classifier,1,0.7625303656611201
49,2023,11,1,catboost_classifier,1,0.6367060531835232
49,2023,12,1,catboost_classifier,1,0.5188817950562218
49,2024,1,1,catboost_classifier,0,0.494114993737449
49,2024,2,1,catboost_classifier,0,0.4731318651297224
49,2024,3,1,catboost_classifier,1,0.6719273724959764
49,2024,4,1,catboost_classifier,1,0.6994989348697712
49,2024,5,1,catboost_classifier,1,0.7922441782431942
49,2024,6,0,catboost_classifier,1,0.7578795658310302
50,2023,8,1,catboost_classifier,0,0.2774054935822609
50,2023,9,1,catboost_classifier,0,0.23914129959501698
50,2023,10,1,catboost_classifier,0,0.20916806600739463
50,2023,11,1,catboost_classifier,0,0.4085917827155095
50,2023,12,0,catboost_classifier,0,0.4718169385919901
50,2024,1,0,catboost_classifier,0,0.34581799192646406
50,2024,2,0,catboost_classifier,0,0.3030255495525291
50,2024,3,0,catboost_classifier,0,0.1844094879428866
50,2024,4,0,catboost_classifier,0,0.14454014746943644
50,2024,5,0,catboost_classifier,0,0.42004969598709646
50,2024,6,0,catboost_classifier,0,0.36577656712377454
51,2023,8,1,catboost_classifier,0,0.35233481644587455
51,2023,9,1,catboost_classifier,0,0.35166151643241694
51,2023,10,1,catboost_classifier,0,0.4586612064869465
51,2023,11,1,catboost_classifier,0,0.4123354755092311
51,2023,12,0,catboost_classifier,1,0.5640824030466047
51,2024,1,0,catboost_classifier,0,0.22695382009789763
51,2024,2,0,catboost_classifier,0,0.21229649689671462
51,2024,3,0,catboost_classifier,0,0.32995134531926495
51,2024,4,0,catboost_classifier,0,0.1883916275043026
51,2024,5,0,catboost_classifier,0,0.3114255074522521
51,2024,6,0,catboost_classifier,0,0.45153900590509255
52,2023,8,1,catboost_classifier,1,0.6727305773404778
52,2023,9,1,catboost_classifier,1,0.7155676989967842
52,2023,10,1,catboost_classifier,1,0.6169712434572681
52,2023,11,1,catboost_classifier,0,0.42872221209227024
52,2023,12,1,catboost_classifier,1,0.6223696729424807
52,2024,1,1,catboost_classifier,1,0.8047162859065387
52,2024,2,1,catboost_classifier,1,0.731522496384114
52,2024,3,1,catboost_classifier,1,0.8749102368565648
52,2024,4,1,catboost_classifier,1,0.854161117504591
52,2024,5,0,catboost_classifier,1,0.9012443563406555
52,2024,6,1,catboost_classifier,1,0.8697417256012276
53,2023,8,0,catboost_classifier,0,0.2166624399283092
53,2023,9,0,catboost_classifier,0,0.43239947965613584
53,2023,10,0,catboost_classifier,0,0.34867387563035007
53,2023,11,0,catboost_classifier,0,0.28791545108815714
53,2023,12,1,catboost_classifier,1,0.6264605580456165
53,2024,1,1,catboost_classifier,0,0.4528315926569762
53,2024,2,1,catboost_classifier,0,0.4848173399583428
53,2024,3,1,catboost_classifier,1,0.6708686550492132
53,2024,4,1,catboost_classifier,0,0.39400980720783085
53,2024,5,1,catboost_classifier,1,0.6374126369047536
53,2024,6,1,catboost_classifier,1,0.5183343870682791
54,2023,8,0,catboost_classifier,0,0.3880787817102299
54,2023,9,0,catboost_classifier,0,0.46294613025113013
54,2023,10,0,catboost_classifier,0,0.2457402244686707
54,2023,11,0,catboost_classifier,0,0.24939858455307473
54,2023,12,1,catboost_classifier,1,0.5268109333717482
54,2024,1,1,catboost_classifier,1,0.5107757583305985
54,2024,2,1,catboost_classifier,1,0.5688970934282387
54,2024,3,1,catboost_classifier,1,0.6002284822080447
54,2024,4,1,catboost_classifier,0,0.38494162460881465
54,2024,5,1,catboost_classifier,1,0.5569128835475007
54,2024,6,1,catboost_classifier,1,0.6049352551484306
55,2023,8,0,catboost_classifier,0,0.3673943934088765
55,2023,9,0,catboost_classifier,0,0.4627602519812942
55,2023,10,0,catboost_classifier,0,0.4132098957289284
55,2023,11,1,catboost_classifier,0,0.2873578998276119
55,2023,12,1,catboost_classifier,0,0.4109823350464153
55,2024,1,1,catboost_classifier,0,0.4704233071888524
55,2024,2,0,catboost_classifier,0,0.31971674414087237
55,2024,3,0,catboost_classifier,0,0.49813793590762634
55,2024,4,0,catboost_classifier,1,0.6186734476317701
55,2024,5,0,catboost_classifier,1,0.5996315083236049
55,2024,6,1,catboost_classifier,0,0.44984614213508267
56,2023,8,0,catboost_classifier,0,0.41474300476135406
56,2023,9,0,catboost_classifier,0,0.4997108390349418
56,2023,10,0,catboost_classifier,1,0.6410032601550107
56,2023,11,1,catboost_classifier,0,0.2880190914139783
56,2023,12,1,catboost_classifier,1,0.5250356409692466
56,2024,1,1,catboost_classifier,1,0.5040540687131166
56,2024,2,0,catboost_classifier,0,0.3834369936418168
56,2024,3,0,catboost_classifier,1,0.5904208792329636
56,2024,4,0,catboost_classifier,1,0.6144786502004539
56,2024,5,0,catboost_classifier,1,0.6738433613219688
56,2024,6,1,catboost_classifier,1,0.5647124013127012
57,2023,8,0,catboost_classifier,0,0.2521868583847226
57,2023,9,0,catboost_classifier,0,0.29325636224344986
57,2023,10,0,catboost_classifier,0,0.3331720919277335
57,2023,11,0,catboost_classifier,0,0.19322369383065707
57,2023,12,0,catboost_classifier,0,0.26154048106463357
57,2024,1,0,catboost_classifier,0,0.15105706959197104
57,2024,2,1,catboost_classifier,0,0.07151364667990248
57,2024,3,1,catboost_classifier,0,0.21587847230538718
57,2024,4,1,catboost_classifier,0,0.15808337071495768
57,2024,5,1,catboost_classifier,0,0.23704907489250568
57,2024,6,1,catboost_classifier,0,0.22084996853226316
58,2023,8,0,catboost_classifier,0,0.21069653711760522
58,2023,9,0,catboost_classifier,0,0.245214801123926
58,2023,10,0,catboost_classifier,0,0.2723260305862877
58,2023,11,0,catboost_classifier,0,0.1698513238719067
58,2023,12,0,catboost_classifier,0,0.22093497872299936
58,2024,1,0,catboost_classifier,0,0.08824386897654254
58,2024,2,1,catboost_classifier,0,0.050033061492503764
58,2024,3,1,catboost_classifier,0,0.10547977120771132
58,2024,4,1,catboost_classifier,0,0.09302179402845374
58,2024,5,1,catboost_classifier,0,0.16297009162435436
58,2024,6,1,catboost_classifier,0,0.19931144431570222
59,2023,8,0,catboost_classifier,0,0.14428638197960422
59,2023,9,0,catboost_classifier,0,0.24004635540926544
59,2023,10,0,catboost_classifier,0,0.2432845464929871
59,2023,11,0,catboost_classifier,0,0.14425455116370767
59,2023,12,0,catboost_classifier,0,0.17375011223685147
59,2024,1,1,catboost_classifier,0,0.1898393997164822
59,2024,2,1,catboost_classifier,0,0.1496973902877658
59,2024,3,1,catboost_classifier,0,0.260772953783558
59,2024,4,0,catboost_classifier,0,0.1932254032030181
59,2024,5,0,catboost_classifier,0,0.1391358786454875
59,2024,6,0,catboost_classifier,0,0.19766079917134696
60,2023,8,0,catboost_classifier,1,0.5625613418603174
60,2023,9,0,catboost_classifier,1,0.667043949142424
60,2023,10,0,catboost_classifier,0,0.28492204138430877
60,2023,11,0,catboost_classifier,0,0.3784394140950798
60,2023,12,0,catboost_classifier,1,0.5714274449031994
60,2024,1,1,catboost_classifier,1,0.717353475213932
60,2024,2,1,catboost_classifier,0,0.2827993038428854
60,2024,3,1,catboost_classifier,0,0.28177727682762305
60,2024,4,0,catboost_classifier,1,0.5158112463895148
60,2024,5,0,catboost_classifier,0,0.4416869943280617
60,2024,6,0,catboost_classifier,0,0.1191025584738547
61,2023,8,0,catboost_classifier,0,0.436731052301762
61,2023,9,0,catboost_classifier,1,0.5644025143540073
61,2023,10,1,catboost_classifier,0,0.2833015379953043
61,2023,11,1,catboost_classifier,0,0.49460221092838247
61,2023,12,1,catboost_classifier,1,0.7419031454781342
61,2024,1,0,catboost_classifier,1,0.5202348843395612
61,2024,2,0,catboost_classifier,0,0.3394157636599022
61,2024,3,0,catboost_classifier,1,0.6679246342514779
61,2024,4,0,catboost_classifier,1,0.5031349610938479
61,2024,5,0,catboost_classifier,1,0.509195833796899
61,2024,6,0,catboost_classifier,0,0.4991812166506372
62,2023,8,0,catboost_classifier,1,0.5532139000285958
62,2023,9,0,catboost_classifier,0,0.41572485465854964
62,2023,10,1,catboost_classifier,0,0.14360466872005428
62,2023,11,1,catboost_classifier,0,0.38159906391519016
62,2023,12,1,catboost_classifier,1,0.7330182624700748
62,2024,1,0,catboost_classifier,0,0.4611187555852067
62,2024,2,0,catboost_classifier,0,0.3624578534563178
62,2024,3,0,catboost_classifier,1,0.5390238033116895
62,2024,4,0,catboost_classifier,1,0.5349982526617182
62,2024,5,0,catboost_classifier,0,0.42939483942837897
62,2024,6,0,catboost_classifier,0,0.47846138883375244
63,2023,8,0,catboost_classifier,1,0.7619551266110589
63,2023,9,0,catboost_classifier,1,0.748247850845963
63,2023,10,0,catboost_classifier,1,0.6090651369420881
63,2023,11,1,catboost_classifier,1,0.740386300364569
63,2023,12,1,catboost_classifier,1,0.8049581664347868
63,2024,1,1,catboost_classifier,0,0.38362155212623894
63,2024,2,0,catboost_classifier,0,0.39246467270705665
63,2024,3,1,catboost_classifier,0,0.25450761228116475
63,2024,4,1,catboost_classifier,0,0.46322042619325227
63,2024,5,1,catboost_classifier,1,0.8381778128534455
63,2024,6,1,catboost_classifier,1,0.7455401645302054
64,2023,8,1,catboost_classifier,1,0.9771233589509003
64,2023,9,1,catboost_classifier,1,0.9753891197534892
64,2023,10,0,catboost_classifier,1,0.967983777874192
64,2023,11,0,catboost_classifier,1,0.9106808222462187
64,2023,12,0,catboost_classifier,1,0.9497198077900355
64,2024,1,1,catboost_classifier,1,0.8747330704766008
64,2024,2,1,catboost_classifier,1,0.8807911353466705
64,2024,3,1,catboost_classifier,1,0.8409763447123655
64,2024,4,1,catboost_classifier,1,0.9629888487460215
64,2024,5,1,catboost_classifier,1,0.9788450517227227
64,2024,6,1,catboost_classifier,1,0.9728857111375387
65,2023,8,1,catboost_classifier,1,0.9467288274545534
65,2023,9,1,catboost_classifier,1,0.9203340963378113
65,2023,10,0,catboost_classifier,1,0.8939630837058375
65,2023,11,0,catboost_classifier,1,0.8644603307746623
65,2023,12,0,catboost_classifier,1,0.8085927931592495
65,2024,1,1,catboost_classifier,1,0.7188372362166885
65,2024,2,1,catboost_classifier,1,0.6914347147216567
65,2024,3,1,catboost_classifier,1,0.6792716952676986
65,2024,4,1,catboost_classifier,1,0.8647868337936014
65,2024,5,1,catboost_classifier,1,0.9141353890579937
65,2024,6,1,catboost_classifier,1,0.9409228283658116
66,2023,8,0,catboost_classifier,1,0.8240259112320312
66,2023,9,0,catboost_classifier,1,0.8201156888349695
66,2023,10,0,catboost_classifier,1,0.7730207814137088
66,2023,11,1,catboost_classifier,1,0.8575556318585354
66,2023,12,1,catboost_classifier,1,0.7960861144184973
66,2024,1,1,catboost_classifier,1,0.6309781800251865
66,2024,2,0,catboost_classifier,1,0.5935405770207398
66,2024,3,1,catboost_classifier,0,0.2675066370488054
66,2024,4,1,catboost_classifier,1,0.6275078423172996
66,2024,5,1,catboost_classifier,1,0.896613963536131
66,2024,6,1,catboost_classifier,1,0.8874967502405173
67,2023,8,1,catboost_classifier,1,0.5421859766309656
67,2023,9,0,catboost_classifier,1,0.6844489217619018
67,2023,10,0,catboost_classifier,1,0.5451642160627411
67,2023,11,0,catboost_classifier,0,0.3395522970899589
67,2023,12,0,catboost_classifier,1,0.7077733439723303
67,2024,1,1,catboost_classifier,1,0.7023971028478632
67,2024,2,1,catboost_classifier,1,0.5857276691491563
67,2024,3,1,catboost_classifier,1,0.6303318027304591
67,2024,4,0,catboost_classifier,1,0.6931696223820831
67,2024,5,0,catboost_classifier,1,0.6824010437116589
67,2024,6,0,catboost_classifier,1,0.7676987336127531
68,2023,8,1,catboost_classifier,0,0.4964966225710195
68,2023,9,0,catboost_classifier,1,0.639684836087603
68,2023,10,0,catboost_classifier,0,0.3384035701925048
68,2023,11,0,catboost_classifier,0,0.26233366371849176
68,2023,12,0,catboost_classifier,0,0.4104796464814781
68,2024,1,1,catboost_classifier,0,0.38829283674843706
68,2024,2,1,catboost_classifier,0,0.2989256725729619
68,2024,3,1,catboost_classifier,0,0.45629269781213366
68,2024,4,0,catboost_classifier,0,0.489451635289011
68,2024,5,0,catboost_classifier,0,0.4901094941525848
68,2024,6,0,catboost_classifier,0,0.4494775401381458
69,2023,8,1,catboost_classifier,1,0.9937241260559844
69,2023,9,1,catboost_classifier,1,0.9892220192663469
69,2023,10,1,catboost_classifier,1,0.9937065179368333
69,2023,11,1,catboost_classifier,1,0.9927384053224751
69,2023,12,1,catboost_classifier,1,0.9903355471871453
69,2024,1,1,catboost_classifier,1,0.9973668507775394
69,2024,2,1,catboost_classifier,1,0.9913119704685968
69,2024,3,1,catboost_classifier,1,0.9920691085109966
69,2024,4,1,catboost_classifier,1,0.9950306497742926
69,2024,5,1,catboost_classifier,1,0.9973672744098016
69,2024,6,1,catboost_classifier,1,0.9967096372048633
70,2023,8,1,catboost_classifier,1,0.9201310777527784
70,2023,9,1,catboost_classifier,1,0.8962172445698875
70,2023,10,0,catboost_classifier,1,0.9630383171642565
70,2023,11,0,catboost_classifier,1,0.840576042211698
70,2023,12,0,catboost_classifier,1,0.8130318072016662
70,2024,1,0,catboost_classifier,1,0.7020028485348635
70,2024,2,0,catboost_classifier,1,0.6154923005003414
70,2024,3,1,catboost_classifier,1,0.7043754928093695
70,2024,4,1,catboost_classifier,1,0.7014111625501366
70,2024,5,1,catboost_classifier,1,0.7806634927223057
70,2024,6,0,catboost_classifier,1,0.887486226965958
71,2023,8,1,catboost_classifier,1,0.9170233113952913
71,2023,9,1,catboost_classifier,1,0.835160706180028
71,2023,10,0,catboost_classifier,1,0.9645099823273504
71,2023,11,0,catboost_classifier,1,0.8564993208632308
71,2023,12,0,catboost_classifier,1,0.8757260411113031
71,2024,1,0,catboost_classifier,1,0.8128154191685192
71,2024,2,0,catboost_classifier,1,0.6041010635514599
71,2024,3,1,catboost_classifier,1,0.8272657965275514
71,2024,4,1,catboost_classifier,1,0.7408196853267182
71,2024,5,1,catboost_classifier,1,0.7877305710497468
71,2024,6,0,catboost_classifier,1,0.8783166721995975
72,2023,8,1,catboost_classifier,0,0.4656394033381253
72,2023,9,1,catboost_classifier,0,0.42912751003296706
72,2023,10,1,catboost_classifier,0,0.4603028589542635
72,2023,11,0,catboost_classifier,0,0.3766348933268844
72,2023,12,1,catboost_classifier,1,0.5466706999733983
72,2024,1,1,catboost_classifier,0,0.46357352927644063
72,2024,2,1,catboost_classifier,0,0.22524414596217032
72,2024,3,1,catboost_classifier,0,0.37529757198719527
72,2024,4,1,catboost_classifier,0,0.4289493219075574
72,2024,5,1,catboost_classifier,1,0.6096430702293777
72,2024,6,0,catboost_classifier,1,0.8042692636101954
73,2023,8,1,catboost_classifier,1,0.593831478488011
73,2023,9,1,catboost_classifier,1,0.6132929816819694
73,2023,10,1,catboost_classifier,1,0.6512763739342349
73,2023,11,0,catboost_classifier,0,0.49266013585143215
73,2023,12,1,catboost_classifier,1,0.697209321958857
73,2024,1,1,catboost_classifier,1,0.7695080442106179
73,2024,2,1,catboost_classifier,1,0.5284142402187442
73,2024,3,1,catboost_classifier,1,0.5988417192331478
73,2024,4,1,catboost_classifier,1,0.7772592168450801
73,2024,5,1,catboost_classifier,1,0.805472232572181
73,2024,6,0,catboost_classifier,1,0.9246737106965172
74,2023,8,1,catboost_classifier,1,0.5593512303582695
74,2023,9,1,catboost_classifier,1,0.5988803718925947
74,2023,10,1,catboost_classifier,1,0.7421111479552709
74,2023,11,1,catboost_classifier,1,0.565109624977452
74,2023,12,1,catboost_classifier,1,0.7756242506259808
74,2024,1,1,catboost_classifier,1,0.8291508092193133
74,2024,2,1,catboost_classifier,1,0.7793026309231758
74,2024,3,0,catboost_classifier,1,0.8363431770133812
74,2024,4,0,catboost_classifier,1,0.6627034783791345
74,2024,5,0,catboost_classifier,1,0.8121985710159485
74,2024,6,1,catboost_classifier,1,0.6610177343674758
75,2023,8,1,catboost_classifier,1,0.6398672083505155
75,2023,9,1,catboost_classifier,1,0.7118911665577234
75,2023,10,1,catboost_classifier,1,0.8339472936850769
75,2023,11,1,catboost_classifier,1,0.7171422139296716
75,2023,12,1,catboost_classifier,1,0.7852197295611125
75,2024,1,1,catboost_classifier,1,0.8622574397159403
75,2024,2,1,catboost_classifier,1,0.8074564456222157
75,2024,3,0,catboost_classifier,1,0.8828413448788158
75,2024,4,0,catboost_classifier,1,0.7750567481190277
75,2024,5,0,catboost_classifier,1,0.8843300917814237
75,2024,6,1,catboost_classifier,1,0.7308824567090395
76,2023,8,0,catboost_classifier,0,0.4020963757382668
76,2023,9,0,catboost_classifier,0,0.3490841110930134
76,2023,10,0,catboost_classifier,0,0.40988473266217873
76,2023,11,0,catboost_classifier,0,0.2768748597934792
76,2023,12,0,catboost_classifier,0,0.37086721156790126
76,2024,1,0,catboost_classifier,0,0.2678936689628609
76,2024,2,0,catboost_classifier,0,0.18541631311921294
76,2024,3,0,catboost_classifier,0,0.2505847105668464
76,2024,4,1,catboost_classifier,0,0.20894741296262825
76,2024,5,1,catboost_classifier,0,0.16375065477335501
76,2024,6,1,catboost_classifier,0,0.19633440607520083
77,2023,8,1,catboost_classifier,1,0.9892707487263793
77,2023,9,1,catboost_classifier,1,0.9822578582868708
77,2023,10,1,catboost_classifier,1,0.9884234260688964
77,2023,11,1,catboost_classifier,1,0.9856652151515468
77,2023,12,1,catboost_classifier,1,0.9811930857991333
77,2024,1,1,catboost_classifier,1,0.988410066008554
77,2024,2,1,catboost_classifier,1,0.9882358125141544
77,2024,3,1,catboost_classifier,1,0.9897110826043414
77,2024,4,1,catboost_classifier,1,0.9801360047879941
77,2024,5,1,catboost_classifier,1,0.9894367945997149
77,2024,6,1,catboost_classifier,1,0.9905006410898258
78,2023,8,1,catboost_classifier,0,0.31067253389605504
78,2023,9,1,catboost_classifier,0,0.3536384756278762
78,2023,10,1,catboost_classifier,0,0.3127405325927876
78,2023,11,0,catboost_classifier,0,0.391334271812409
78,2023,12,0,catboost_classifier,0,0.2712072432219939
78,2024,1,0,catboost_classifier,0,0.2343249717246057
78,2024,2,0,catboost_classifier,0,0.1523523647613825
78,2024,3,0,catboost_classifier,0,0.11684254244868988
78,2024,4,0,catboost_classifier,0,0.08887350112442903
78,2024,5,0,catboost_classifier,0,0.11082098741678198
78,2024,6,0,catboost_classifier,0,0.1887176218261906
79,2023,8,1,catboost_classifier,0,0.3169319196554879
79,2023,9,1,catboost_classifier,0,0.4360255246588359
79,2023,10,1,catboost_classifier,0,0.39471563262498105
79,2023,11,0,catboost_classifier,0,0.41187741955548135
79,2023,12,0,catboost_classifier,0,0.34127351259537325
79,2024,1,0,catboost_classifier,0,0.4726346943032247
79,2024,2,0,catboost_classifier,0,0.3333243979707654
79,2024,3,0,catboost_classifier,0,0.33358793057200303
79,2024,4,0,catboost_classifier,0,0.22534256756191795
79,2024,5,0,catboost_classifier,0,0.31553105973469814
79,2024,6,0,catboost_classifier,0,0.34551427923616207
80,2023,8,1,catboost_classifier,1,0.5174206599977562
80,2023,9,0,catboost_classifier,1,0.5647651652991182
80,2023,10,0,catboost_classifier,0,0.49100220806913036
80,2023,11,0,catboost_classifier,0,0.4952680484682564
80,2023,12,1,catboost_classifier,0,0.39781194716676394
80,2024,1,1,catboost_classifier,0,0.21893165313845056
80,2024,2,1,catboost_classifier,0,0.05277806383621792
81,2023,8,1,catboost_classifier,1,0.5593807521349555
81,2023,9,0,catboost_classifier,1,0.6023815287960907
81,2023,10,0,catboost_classifier,0,0.48121303324207076
81,2023,11,0,catboost_classifier,0,0.3778928643347303
81,2023,12,1,catboost_classifier,0,0.37136458903037606
81,2024,1,1,catboost_classifier,0,0.16424016783707038
81,2024,2,1,catboost_classifier,0,0.04331433431980012
81,2024,3,0,catboost_classifier,0,0.24816581518648914
81,2024,4,0,catboost_classifier,0,0.31227743620729814
81,2024,5,0,catboost_classifier,0,0.31769912819227536
81,2024,6,0,catboost_classifier,1,0.5189496253907883
82,2023,8,0,catboost_classifier,0,0.3054794649440468
82,2023,9,0,catboost_classifier,0,0.3292774114925795
82,2023,10,1,catboost_classifier,0,0.27430237838618
82,2023,11,1,catboost_classifier,0,0.37502029572321927
82,2023,12,1,catboost_classifier,0,0.33205586222446487
82,2024,1,0,catboost_classifier,0,0.36736470794753023
82,2024,2,0,catboost_classifier,0,0.3357178307699474
82,2024,3,0,catboost_classifier,0,0.2408739430361449
82,2024,4,0,catboost_classifier,0,0.16705814034961863
82,2024,5,0,catboost_classifier,0,0.1826868585127557
82,2024,6,0,catboost_classifier,0,0.21114189053141594
83,2023,8,0,catboost_classifier,0,0.2592855354793951
83,2023,9,0,catboost_classifier,0,0.22265822638008084
83,2023,10,1,catboost_classifier,0,0.2657285790699398
83,2023,11,1,catboost_classifier,0,0.3384818948801212
83,2023,12,1,catboost_classifier,0,0.30055212269019155
83,2024,1,0,catboost_classifier,0,0.31235039617456484
83,2024,2,0,catboost_classifier,0,0.3632745666523981
83,2024,3,0,catboost_classifier,0,0.35943914028655677
83,2024,4,0,catboost_classifier,0,0.3413316292269012
83,2024,5,0,catboost_classifier,0,0.24895328003453296
83,2024,6,0,catboost_classifier,0,0.21980863276039042
84,2023,8,0,catboost_classifier,0,0.1651593885166616
84,2023,9,0,catboost_classifier,0,0.27533993849152105
84,2023,10,0,catboost_classifier,0,0.27506358612979964
84,2023,11,0,catboost_classifier,0,0.1865862282762891
84,2023,12,0,catboost_classifier,0,0.3681248342678633
84,2024,1,0,catboost_classifier,0,0.202359615879591
84,2024,2,0,catboost_classifier,0,0.17673567273034757
84,2024,3,0,catboost_classifier,0,0.16581232224788028
84,2024,4,1,catboost_classifier,0,0.3661581704032738
84,2024,5,1,catboost_classifier,0,0.3169121693305101
84,2024,6,1,catboost_classifier,0,0.37905752412933696
85,2023,8,0,catboost_classifier,0,0.23805853787470052
85,2023,9,0,catboost_classifier,0,0.30481174384145615
85,2023,10,0,catboost_classifier,0,0.2207842086529199
85,2023,11,0,catboost_classifier,0,0.09098786462495757
85,2023,12,0,catboost_classifier,0,0.2964308090193005
85,2024,1,0,catboost_classifier,0,0.21723397228609492
85,2024,2,1,catboost_classifier,0,0.06851751819176376
85,2024,3,1,catboost_classifier,0,0.16540512643821048
85,2024,4,1,catboost_classifier,0,0.12460192737528111
85,2024,5,0,catboost_classifier,0,0.13833098870277188
85,2024,6,0,catboost_classifier,0,0.15478120510661167
86,2023,8,1,catboost_classifier,0,0.4061702287191183
86,2023,9,0,catboost_classifier,1,0.5626040486804845
86,2023,10,0,catboost_classifier,0,0.4733164021943833
86,2023,11,0,catboost_classifier,0,0.16483180154570035
86,2023,12,0,catboost_classifier,0,0.29732588963797096
86,2024,1,0,catboost_classifier,0,0.15715667062106656
86,2024,2,1,catboost_classifier,0,0.05774436783184264
86,2024,3,1,catboost_classifier,0,0.19002445204551116
86,2024,4,1,catboost_classifier,0,0.2558750507001892
86,2024,5,0,catboost_classifier,0,0.2547197642246691
86,2024,6,0,catboost_classifier,0,0.30502851098579625
87,2023,8,0,catboost_classifier,0,0.22251303325259658
87,2023,9,0,catboost_classifier,0,0.3489994447938095
87,2023,10,0,catboost_classifier,0,0.3095950042715287
87,2023,11,0,catboost_classifier,0,0.3907523213699749
87,2023,12,0,catboost_classifier,0,0.4518964355442029
87,2024,1,0,catboost_classifier,0,0.46450723487494244
87,2024,2,0,catboost_classifier,1,0.5082419367825883
87,2024,3,0,catboost_classifier,1,0.5157699578308592
87,2024,4,0,catboost_classifier,1,0.5957924186531152
87,2024,5,1,catboost_classifier,1,0.6666055729406909
87,2024,6,1,catboost_classifier,1,0.5420049527842231
88,2023,8,0,catboost_classifier,1,0.7425361513344071
88,2023,9,0,catboost_classifier,1,0.7843990300084784
88,2023,10,0,catboost_classifier,1,0.7247222076268123
88,2023,11,0,catboost_classifier,1,0.6794667882544569
88,2023,12,0,catboost_classifier,1,0.6478790131865015
88,2024,1,0,catboost_classifier,1,0.5298035114374636
88,2024,2,1,catboost_classifier,0,0.4532622755967729
88,2024,3,1,catboost_classifier,1,0.5794228559039704
88,2024,4,1,catboost_classifier,1,0.5462897791967026
88,2024,5,1,catboost_classifier,1,0.7856588041273115
88,2024,6,1,catboost_classifier,1,0.6920550452043015
89,2023,8,0,catboost_classifier,1,0.7540146311827415
89,2023,9,0,catboost_classifier,1,0.8801433750456976
89,2023,10,0,catboost_classifier,1,0.7865287525080727
89,2023,11,0,catboost_classifier,1,0.8233151434364536
89,2023,12,0,catboost_classifier,1,0.8194999443571548
89,2024,1,0,catboost_classifier,1,0.8599046354837417
89,2024,2,1,catboost_classifier,1,0.7345675343764515
89,2024,3,1,catboost_classifier,1,0.7447826582470218
89,2024,4,1,catboost_classifier,1,0.6834191808407801
89,2024,5,1,catboost_classifier,1,0.8938000699860603
89,2024,6,1,catboost_classifier,1,0.8923234177362157
90,2023,8,1,catboost_classifier,0,0.10279127574487681
90,2023,9,1,catboost_classifier,0,0.11874914601049846
90,2023,10,1,catboost_classifier,0,0.1060136216329591
90,2023,11,0,catboost_classifier,0,0.11439857322772208
90,2023,12,0,catboost_classifier,0,0.33862826808104896
90,2024,1,0,catboost_classifier,0,0.10171114444989836
90,2024,2,0,catboost_classifier,0,0.08214267832259536
90,2024,3,0,catboost_classifier,0,0.03809790325983012
90,2024,4,0,catboost_classifier,0,0.031949765525228185
90,2024,5,0,catboost_classifier,0,0.09170948503213373
90,2024,6,0,catboost_classifier,0,0.06003697439074404
91,2023,8,1,catboost_classifier,0,0.1323404115706352
91,2023,9,1,catboost_classifier,0,0.15376459052517327
91,2023,10,1,catboost_classifier,0,0.14591228695001945
91,2023,11,0,catboost_classifier,0,0.17322744748699376
91,2023,12,0,catboost_classifier,0,0.37893318303158646
91,2024,1,0,catboost_classifier,0,0.11271647943769306
91,2024,2,0,catboost_classifier,0,0.08522814798558367
91,2024,3,0,catboost_classifier,0,0.04381529991929422
91,2024,4,0,catboost_classifier,0,0.049060659943393356
91,2024,5,0,catboost_classifier,0,0.12129788394746926
91,2024,6,0,catboost_classifier,0,0.1370910510387308
92,2023,8,0,catboost_classifier,0,0.10045376631030302
92,2023,9,0,catboost_classifier,0,0.14345578977729492
92,2023,10,0,catboost_classifier,0,0.11973472262972136
92,2023,11,0,catboost_classifier,0,0.07087745058109562
92,2023,12,1,catboost_classifier,0,0.16689840194133038
92,2024,1,1,catboost_classifier,0,0.11078895734984041
92,2024,2,1,catboost_classifier,0,0.08999260424066081
92,2024,3,0,catboost_classifier,0,0.1340692277297301
92,2024,4,0,catboost_classifier,0,0.05793962071922573
92,2024,5,0,catboost_classifier,0,0.2430006239482634
92,2024,6,0,catboost_classifier,0,0.18243897434303513
93,2023,8,0,catboost_classifier,0,0.11950769640792523
93,2023,9,0,catboost_classifier,0,0.1416103774438307
93,2023,10,0,catboost_classifier,0,0.16748985544152845
93,2023,11,0,catboost_classifier,0,0.06580639849823224
93,2023,12,1,catboost_classifier,0,0.16016640562204057
93,2024,1,1,catboost_classifier,0,0.08209977453406994
93,2024,2,1,catboost_classifier,0,0.08181724375192817
93,2024,3,0,catboost_classifier,0,0.13115606297727916
93,2024,4,0,catboost_classifier,0,0.09257277805315228
93,2024,5,0,catboost_classifier,0,0.3083457136836745
93,2024,6,0,catboost_classifier,0,0.27131877281263544
94,2023,8,1,catboost_classifier,1,0.8061055792901897
94,2023,9,1,catboost_classifier,1,0.7096277035268966
94,2023,10,1,catboost_classifier,1,0.7787083355971746
94,2023,11,1,catboost_classifier,1,0.7166893331825464
94,2023,12,1,catboost_classifier,1,0.7260823846062316
94,2024,1,1,catboost_classifier,1,0.7320193568464838
94,2024,2,1,catboost_classifier,0,0.4510248144637156
94,2024,3,1,catboost_classifier,1,0.5621387656238043
94,2024,4,0,catboost_classifier,1,0.6483517971236898
94,2024,5,0,catboost_classifier,1,0.588945649328883
94,2024,6,1,catboost_classifier,1,0.6102911786942963
95,2023,8,0,catboost_classifier,0,0.39111697893488967
95,2023,9,0,catboost_classifier,0,0.4782087292119293
95,2023,10,1,catboost_classifier,1,0.527689866151605
95,2023,11,1,catboost_classifier,1,0.6296691381512269
95,2023,12,1,catboost_classifier,1,0.6579160287293744
95,2024,1,0,catboost_classifier,0,0.3729309273736244
95,2024,2,0,catboost_classifier,0,0.3130435409811828
95,2024,3,0,catboost_classifier,1,0.5589074698911247
95,2024,4,0,catboost_classifier,0,0.3916903809357144
95,2024,5,0,catboost_classifier,1,0.5713465537618481
95,2024,6,0,catboost_classifier,1,0.5860489485559696
96,2023,8,0,catboost_classifier,0,0.31227346318749266
96,2023,9,0,catboost_classifier,0,0.45694984955894113
96,2023,10,1,catboost_classifier,0,0.38809170091707834
96,2023,11,1,catboost_classifier,1,0.5181413717243208
96,2023,12,1,catboost_classifier,1,0.5146048003040559
96,2024,1,0,catboost_classifier,0,0.3607451097377016
96,2024,2,0,catboost_classifier,0,0.41725622529590245
96,2024,3,0,catboost_classifier,1,0.5088188422735619
96,2024,4,0,catboost_classifier,0,0.3665728603268278
96,2024,5,1,catboost_classifier,0,0.40267418034400365
96,2024,6,1,catboost_classifier,0,0.49423512246482143
97,2023,8,1,catboost_classifier,1,0.5224258650112855
97,2023,9,1,catboost_classifier,0,0.4343092174972589
97,2023,10,1,catboost_classifier,0,0.4389972807634392
97,2023,11,1,catboost_classifier,0,0.4415123170086065
97,2023,12,1,catboost_classifier,1,0.6915413409791923
97,2024,1,1,catboost_classifier,1,0.8274726238451053
97,2024,2,0,catboost_classifier,1,0.8140700299099869
97,2024,3,0,catboost_classifier,1,0.54071921966795
97,2024,4,0,catboost_classifier,1,0.7444906373685065
97,2024,5,0,catboost_classifier,1,0.6008085127679152
97,2024,6,0,catboost_classifier,1,0.6398053886858079
98,2023,8,1,catboost_classifier,0,0.28624722785303275
98,2023,9,1,catboost_classifier,0,0.21897056025325215
98,2023,10,1,catboost_classifier,0,0.404011241103005
98,2023,11,1,catboost_classifier,0,0.31193904157632363
98,2023,12,1,catboost_classifier,1,0.5118013010851763
98,2024,1,1,catboost_classifier,1,0.7416652102431315
98,2024,2,0,catboost_classifier,1,0.6545857816432926
98,2024,3,0,catboost_classifier,1,0.6002028994414057
98,2024,4,0,catboost_classifier,1,0.6415362574306631
98,2024,5,0,catboost_classifier,1,0.5880854573054081
98,2024,6,0,catboost_classifier,1,0.5685888246065852
99,2023,8,0,catboost_classifier,1,0.7683568760467584
99,2023,9,1,catboost_classifier,1,0.6877078850419021
99,2023,10,1,catboost_classifier,1,0.7183792764735486
99,2023,11,1,catboost_classifier,1,0.5596861927512008
99,2023,12,1,catboost_classifier,1,0.6325961421517173
99,2024,1,1,catboost_classifier,1,0.7289542239403768
99,2024,2,1,catboost_classifier,1,0.7804449437291542
99,2024,3,1,catboost_classifier,0,0.44617380586275474
99,2024,4,1,catboost_classifier,1,0.5097244921477805
99,2024,5,1,catboost_classifier,1,0.6825797834791014
99,2024,6,1,catboost_classifier,1,0.7381097819522654
100,2023,8,0,catboost_classifier,1,0.9476293755036422
100,2023,9,1,catboost_classifier,1,0.9356367317630638
100,2023,10,1,catboost_classifier,1,0.9362061904242318
100,2023,11,1,catboost_classifier,1,0.8012691276421274
100,2023,12,1,catboost_classifier,1,0.9200003606779051
100,2024,1,1,catboost_classifier,1,0.9787091787473261
100,2024,2,1,catboost_classifier,1,0.9018393856689535
100,2024,3,1,catboost_classifier,1,0.9392862412169662
100,2024,4,1,catboost_classifier,1,0.9473894632532264
100,2024,5,1,catboost_classifier,1,0.9920307063035444
100,2024,6,1,catboost_classifier,1,0.9943496263440476
101,2023,8,1,catboost_classifier,1,0.7983737791667745
101,2023,9,1,catboost_classifier,1,0.8640951899040542
101,2023,10,1,catboost_classifier,1,0.9485985061231336
101,2023,11,1,catboost_classifier,1,0.9694851075069802
101,2023,12,1,catboost_classifier,1,0.8291522035683161
101,2024,1,1,catboost_classifier,1,0.7901331338471127
101,2024,2,1,catboost_classifier,1,0.8809183208882791
101,2024,3,1,catboost_classifier,1,0.8235286218645116
101,2024,4,1,catboost_classifier,1,0.8232107515562589
101,2024,5,1,catboost_classifier,1,0.8382419905731782
101,2024,6,1,catboost_classifier,1,0.852364722907025
102,2023,8,1,catboost_classifier,1,0.7751616439763864
102,2023,9,1,catboost_classifier,1,0.8727494772103654
102,2023,10,1,catboost_classifier,1,0.9429016702477105
102,2023,11,1,catboost_classifier,1,0.966413613976178
102,2023,12,1,catboost_classifier,1,0.7654700843512455
102,2024,1,1,catboost_classifier,1,0.8092197585440337
102,2024,2,1,catboost_classifier,1,0.8594424697177218
102,2024,3,1,catboost_classifier,1,0.8463345836546227
102,2024,4,1,catboost_classifier,1,0.8435044666722699
102,2024,5,1,catboost_classifier,1,0.789290125234108
102,2024,6,1,catboost_classifier,1,0.7618040722731556
103,2023,8,1,catboost_classifier,0,0.1122449709106382
103,2023,9,0,catboost_classifier,0,0.2260245130852458
103,2023,10,0,catboost_classifier,0,0.13828751013747265
103,2023,11,0,catboost_classifier,0,0.09802144546267949
103,2023,12,0,catboost_classifier,0,0.1838101885413081
103,2024,1,0,catboost_classifier,0,0.10556440676071596
103,2024,2,0,catboost_classifier,0,0.18819437050761353
103,2024,3,0,catboost_classifier,0,0.08816031706165084
103,2024,4,0,catboost_classifier,0,0.08625007208343363
103,2024,5,0,catboost_classifier,0,0.11037929100124151
103,2024,6,0,catboost_classifier,0,0.11021524721008875
104,2023,8,1,catboost_classifier,0,0.18427070470947485
104,2023,9,0,catboost_classifier,0,0.29427111868992567
104,2023,10,0,catboost_classifier,0,0.173080123567117
104,2023,11,0,catboost_classifier,0,0.159006339646296
104,2023,12,0,catboost_classifier,0,0.21297592047026737
104,2024,1,0,catboost_classifier,0,0.14886704821865213
104,2024,2,0,catboost_classifier,0,0.2017642165315231
104,2024,3,0,catboost_classifier,0,0.12798973561713478
104,2024,4,0,catboost_classifier,0,0.1658519875902937
104,2024,5,0,catboost_classifier,0,0.2642304698367253
104,2024,6,0,catboost_classifier,0,0.24773960802308698
105,2023,8,1,catboost_classifier,1,0.6124475151567188
105,2023,9,1,catboost_classifier,1,0.5532753808837468
105,2023,10,1,catboost_classifier,1,0.5048787380347624
105,2023,11,1,catboost_classifier,0,0.31147610869254505
105,2023,12,1,catboost_classifier,0,0.20559857028549425
105,2024,1,1,catboost_classifier,0,0.34462153785566046
105,2024,2,0,catboost_classifier,0,0.2605669681676211
105,2024,3,0,catboost_classifier,0,0.19586154627316826
105,2024,4,0,catboost_classifier,0,0.28032831879044295
105,2024,5,0,catboost_classifier,0,0.318934994491005
105,2024,6,0,catboost_classifier,0,0.2928785797463816
106,2023,8,1,catboost_classifier,0,0.4775772217981543
106,2023,9,1,catboost_classifier,0,0.4701047312883205
106,2023,10,1,catboost_classifier,1,0.630985179040745
106,2023,11,1,catboost_classifier,1,0.5679382712003147
106,2023,12,1,catboost_classifier,0,0.20603444389589154
106,2024,1,1,catboost_classifier,0,0.4792425980487187
106,2024,2,0,catboost_classifier,0,0.4396977230322105
106,2024,3,0,catboost_classifier,0,0.16186100872447218
106,2024,4,0,catboost_classifier,0,0.23327683422606593
106,2024,5,0,catboost_classifier,0,0.310293913426448
106,2024,6,0,catboost_classifier,0,0.2884099662666884
107,2023,8,1,catboost_classifier,1,0.994602610069886
107,2023,9,1,catboost_classifier,1,0.9924876290228034
107,2023,10,1,catboost_classifier,1,0.9958992367395675
107,2023,11,1,catboost_classifier,1,0.9951268651299903
107,2023,12,1,catboost_classifier,1,0.9916059344607508
107,2024,1,1,catboost_classifier,1,0.9948585211169919
107,2024,2,1,catboost_classifier,1,0.9953587739516757
107,2024,3,1,catboost_classifier,1,0.9948814935019031
107,2024,4,1,catboost_classifier,1,0.9937402534625012
107,2024,5,1,catboost_classifier,1,0.99533938401645
107,2024,6,1,catboost_classifier,1,0.996771702052003
108,2023,8,0,catboost_classifier,1,0.5047913819684475
108,2023,9,0,catboost_classifier,1,0.5519642594919297
108,2023,10,0,catboost_classifier,1,0.5695330280293897
108,2023,11,0,catboost_classifier,0,0.41784083650527837
108,2023,12,0,catboost_classifier,1,0.5494675407804281
108,2024,1,0,catboost_classifier,1,0.5515278956279264
108,2024,2,0,catboost_classifier,0,0.32910573731357357
108,2024,3,0,catboost_classifier,0,0.27401417969360736
108,2024,4,1,catboost_classifier,0,0.42288050976029823
108,2024,5,1,catboost_classifier,0,0.4461953178210847
108,2024,6,1,catboost_classifier,1,0.5783869681524523
109,2023,8,0,catboost_classifier,1,0.9359949074498014
109,2023,9,0,catboost_classifier,1,0.8927312298330328
109,2023,10,0,catboost_classifier,1,0.8999140653545018
109,2023,11,0,catboost_classifier,1,0.8152585125288155
109,2023,12,0,catboost_classifier,1,0.7827037993098639
109,2024,1,0,catboost_classifier,1,0.8930721950844958
109,2024,2,0,catboost_classifier,1,0.8103192594884367
109,2024,3,0,catboost_classifier,1,0.8396419183056824
109,2024,4,0,catboost_classifier,1,0.8914682543347519
109,2024,5,0,catboost_classifier,1,0.889905672851982
109,2024,6,1,catboost_classifier,1,0.9295760118070533
110,2023,8,1,catboost_classifier,1,0.889352274020919
110,2023,9,1,catboost_classifier,1,0.8891776912721447
110,2023,10,1,catboost_classifier,1,0.8481617627499307
110,2023,11,1,catboost_classifier,1,0.8181702994939084
110,2023,12,1,catboost_classifier,1,0.8629644667842765
110,2024,1,1,catboost_classifier,1,0.8989941020741948
110,2024,2,1,catboost_classifier,1,0.8836902168748206
110,2024,3,1,catboost_classifier,1,0.7600898895718631
110,2024,4,0,catboost_classifier,1,0.9074161476787688
110,2024,5,0,catboost_classifier,1,0.9233967778799521
110,2024,6,1,catboost_classifier,1,0.9050814601567073
111,2023,8,1,catboost_classifier,1,0.8425505583751142
111,2023,9,1,catboost_classifier,1,0.7377003189628737
111,2023,10,1,catboost_classifier,1,0.866770737028792
111,2023,11,1,catboost_classifier,1,0.9730721840485121
111,2023,12,1,catboost_classifier,1,0.9182446282091291
111,2024,1,1,catboost_classifier,1,0.8024099460351994
111,2024,2,1,catboost_classifier,1,0.8662032235483204
111,2024,3,1,catboost_classifier,1,0.8455254653370694
111,2024,4,1,catboost_classifier,1,0.8143630023865124
111,2024,5,1,catboost_classifier,1,0.7103111428770733
111,2024,6,1,catboost_classifier,1,0.8480808935242455
112,2023,8,1,catboost_classifier,1,0.6640041570292596
112,2023,9,1,catboost_classifier,1,0.854828029448959
112,2023,10,1,catboost_classifier,1,0.785793294036929
112,2023,11,1,catboost_classifier,1,0.7197329794650582
112,2023,12,0,catboost_classifier,1,0.7692624990139326
112,2024,1,0,catboost_classifier,1,0.6177974395841953
112,2024,2,0,catboost_classifier,1,0.5501496697653696
112,2024,3,0,catboost_classifier,0,0.44596813141196184
112,2024,4,0,catboost_classifier,0,0.44182428219047504
112,2024,5,1,catboost_classifier,1,0.6214646714950789
112,2024,6,1,catboost_classifier,1,0.5601326063526029
113,2023,8,1,catboost_classifier,0,0.3621641108589139
113,2023,9,1,catboost_classifier,1,0.5015828868720729
113,2023,10,1,catboost_classifier,1,0.665642675756197
113,2023,11,1,catboost_classifier,1,0.7476632676440514
113,2023,12,0,catboost_classifier,0,0.39453404540887843
113,2024,1,0,catboost_classifier,0,0.3756469801193863
113,2024,2,0,catboost_classifier,0,0.4445504691650563
113,2024,3,0,catboost_classifier,1,0.504953239131505
113,2024,4,0,catboost_classifier,0,0.42011761974432604
113,2024,5,0,catboost_classifier,0,0.3872452558149781
113,2024,6,0,catboost_classifier,0,0.4108426259382912
114,2023,8,1,catboost_classifier,1,0.7064486674175909
114,2023,9,1,catboost_classifier,1,0.500550911338686
114,2023,10,1,catboost_classifier,1,0.7060840210490824
114,2023,11,1,catboost_classifier,1,0.7629046193432109
114,2023,12,0,catboost_classifier,1,0.5247528126850665
114,2024,1,0,catboost_classifier,0,0.4726297152586128
114,2024,2,0,catboost_classifier,0,0.44371537015579704
114,2024,3,0,catboost_classifier,0,0.436805890936183
114,2024,4,0,catboost_classifier,0,0.4741321362652918
114,2024,5,0,catboost_classifier,1,0.5173223176569457
114,2024,6,0,catboost_classifier,1,0.6379083382941259
115,2023,8,1,catboost_classifier,1,0.9116825806750547
115,2023,9,1,catboost_classifier,1,0.856474355561203
115,2023,10,1,catboost_classifier,1,0.9104585070422169
115,2023,11,1,catboost_classifier,1,0.9737028462306618
115,2023,12,1,catboost_classifier,1,0.9513058608909071
115,2024,1,1,catboost_classifier,1,0.9580106189440275
115,2024,2,1,catboost_classifier,1,0.8994020336773138
115,2024,3,1,catboost_classifier,1,0.9545990576323465
115,2024,4,1,catboost_classifier,1,0.9440485822401169
115,2024,5,1,catboost_classifier,1,0.9750697906751243
115,2024,6,1,catboost_classifier,1,0.9092776016068721
116,2023,8,1,catboost_classifier,1,0.5318917005319096
116,2023,9,1,catboost_classifier,0,0.488945555299195
116,2023,10,1,catboost_classifier,0,0.4159383431879624
116,2023,11,1,catboost_classifier,0,0.4569127709713371
116,2023,12,1,catboost_classifier,1,0.5427152433744065
116,2024,1,1,catboost_classifier,0,0.27532519630882685
116,2024,2,1,catboost_classifier,0,0.4053871549815949
116,2024,3,1,catboost_classifier,0,0.47463947183176
116,2024,4,1,catboost_classifier,1,0.5061789109895277
116,2024,5,0,catboost_classifier,1,0.7665973527408122
116,2024,6,0,catboost_classifier,1,0.5223669290485021
117,2023,8,1,catboost_classifier,1,0.6439275742827538
117,2023,9,1,catboost_classifier,1,0.611544426503654
117,2023,10,1,catboost_classifier,1,0.7027262657484744
117,2023,11,1,catboost_classifier,1,0.6297360662941052
117,2023,12,1,catboost_classifier,1,0.631128480212351
117,2024,1,1,catboost_classifier,0,0.2956019774012206
117,2024,2,1,catboost_classifier,0,0.46665529338779865
117,2024,3,1,catboost_classifier,1,0.5178128606671196
117,2024,4,1,catboost_classifier,1,0.6209476928586327
117,2024,5,0,catboost_classifier,1,0.8182004350234106
117,2024,6,0,catboost_classifier,1,0.6556124092928671
118,2023,8,1,catboost_classifier,1,0.9768550977207381
118,2023,9,1,catboost_classifier,1,0.9564498801815527
118,2023,10,1,catboost_classifier,1,0.9705965376440475
118,2023,11,1,catboost_classifier,1,0.9907458926628928
118,2023,12,1,catboost_classifier,1,0.9689379175025511
118,2024,1,1,catboost_classifier,1,0.975377734082009
118,2024,2,1,catboost_classifier,1,0.9536034557295785
118,2024,3,1,catboost_classifier,1,0.9530297261292932
118,2024,4,1,catboost_classifier,1,0.9653566306807952
118,2024,5,1,catboost_classifier,1,0.9735724414170124
118,2024,6,1,catboost_classifier,1,0.9724480066379372
119,2023,8,1,catboost_classifier,1,0.744766073201634
119,2023,9,1,catboost_classifier,1,0.744431470234681
119,2023,10,1,catboost_classifier,1,0.6361307177225431
119,2023,11,1,catboost_classifier,1,0.8288605197424898
119,2023,12,1,catboost_classifier,1,0.6834060870665244
119,2024,1,1,catboost_classifier,1,0.8384669565130248
119,2024,2,1,catboost_classifier,1,0.7042115596372197
119,2024,3,1,catboost_classifier,1,0.617293401550106
119,2024,4,1,catboost_classifier,1,0.6436577843539398
119,2024,5,1,catboost_classifier,1,0.7595491833759196
119,2024,6,1,catboost_classifier,1,0.7701077992163152
120,2023,8,0,catboost_classifier,0,0.1023832726801102
120,2023,9,1,catboost_classifier,0,0.1671510351419243
120,2023,10,1,catboost_classifier,0,0.13310253312902232
120,2023,11,1,catboost_classifier,0,0.08034573987450884
120,2023,12,1,catboost_classifier,0,0.2351626695193839
120,2024,1,0,catboost_classifier,0,0.26399738600760153
120,2024,2,1,catboost_classifier,0,0.23832024042576377
120,2024,3,1,catboost_classifier,0,0.24836707298215144
120,2024,4,1,catboost_classifier,0,0.12117617717986896
120,2024,5,0,catboost_classifier,0,0.20568915300686208
120,2024,6,1,catboost_classifier,0,0.16197957000619034
121,2023,8,0,catboost_classifier,0,0.11565038888302333
121,2023,9,1,catboost_classifier,0,0.1325262305013879
121,2023,10,1,catboost_classifier,0,0.21337060290974988
121,2023,11,1,catboost_classifier,0,0.1660958794635685
121,2023,12,1,catboost_classifier,0,0.3611083368401783
121,2024,1,0,catboost_classifier,0,0.4389020171429389
121,2024,2,1,catboost_classifier,0,0.35775537514401456
121,2024,3,1,catboost_classifier,0,0.32919387078997436
121,2024,4,1,catboost_classifier,0,0.24458572221901123
121,2024,5,0,catboost_classifier,0,0.35246097026539125
121,2024,6,1,catboost_classifier,0,0.2628911406255969
122,2023,8,1,catboost_classifier,1,0.9090152347148861
122,2023,9,1,catboost_classifier,1,0.9557562556909717
122,2023,10,1,catboost_classifier,1,0.9615290147798109
122,2023,11,1,catboost_classifier,1,0.9471868012770797
122,2023,12,1,catboost_classifier,1,0.9486240609036135
122,2024,1,1,catboost_classifier,1,0.9467999629394132
122,2024,2,1,catboost_classifier,1,0.9652883696362464
122,2024,3,1,catboost_classifier,1,0.9701045090824475
122,2024,4,1,catboost_classifier,1,0.97336775943973
122,2024,5,0,catboost_classifier,1,0.9915700584773594
122,2024,6,0,catboost_classifier,1,0.9831000363876178
124,2023,8,0,catboost_classifier,1,0.763752995240008
124,2023,9,1,catboost_classifier,1,0.6962963757792526
124,2023,10,1,catboost_classifier,1,0.7473862917743711
124,2023,11,1,catboost_classifier,0,0.4114572049992101
124,2023,12,0,catboost_classifier,0,0.4879863333924515
124,2024,1,1,catboost_classifier,0,0.2737581256061006
124,2024,2,1,catboost_classifier,0,0.15311435480480537
124,2024,3,1,catboost_classifier,0,0.4349686281420952
124,2024,4,0,catboost_classifier,0,0.4956474014545044
124,2024,5,0,catboost_classifier,0,0.21858769600229497
125,2023,8,1,catboost_classifier,1,0.942929882718755
125,2023,9,1,catboost_classifier,1,0.9474170076812239
125,2023,10,1,catboost_classifier,1,0.9521944724714301
125,2023,11,1,catboost_classifier,1,0.9335217842326572
125,2023,12,1,catboost_classifier,1,0.9522117263940804
125,2024,1,1,catboost_classifier,1,0.9317091031728219
125,2024,2,1,catboost_classifier,1,0.891327903531816
125,2024,3,1,catboost_classifier,1,0.9393247513919157
125,2024,4,1,catboost_classifier,1,0.9563366758348464
125,2024,5,0,catboost_classifier,1,0.982939751137181
125,2024,6,0,catboost_classifier,1,0.9805915439740022
126,2023,8,1,catboost_classifier,1,0.9280768670899633
126,2023,9,1,catboost_classifier,1,0.8479852014379452
126,2023,10,1,catboost_classifier,1,0.9572496767638022
126,2023,11,1,catboost_classifier,1,0.8134552373090141
126,2023,12,1,catboost_classifier,1,0.8851552117265215
126,2024,1,1,catboost_classifier,1,0.8261586088165611
126,2024,2,0,catboost_classifier,1,0.8045941236179337
126,2024,3,0,catboost_classifier,1,0.7552073194316581
126,2024,4,1,catboost_classifier,1,0.7642994058352255
126,2024,5,1,catboost_classifier,1,0.8065859543141415
126,2024,6,1,catboost_classifier,1,0.8675604988750613
127,2023,8,1,catboost_classifier,1,0.5674283011354754
127,2023,9,1,catboost_classifier,1,0.8045740520923494
127,2023,10,1,catboost_classifier,1,0.6914804348227415
127,2023,11,1,catboost_classifier,1,0.7270678600438414
127,2023,12,0,catboost_classifier,1,0.7286340444306101
127,2024,1,1,catboost_classifier,1,0.6781790365635999
127,2024,2,1,catboost_classifier,1,0.5904913621485408
127,2024,3,1,catboost_classifier,1,0.5397676079257039
127,2024,4,1,catboost_classifier,1,0.6140855192428556
127,2024,5,1,catboost_classifier,1,0.7490051475192087
127,2024,6,1,catboost_classifier,1,0.7943444403488663
128,2023,8,1,catboost_classifier,1,0.5603089621123466
128,2023,9,0,catboost_classifier,1,0.6565151948411394
128,2023,10,0,catboost_classifier,1,0.6991006689289935
128,2023,11,0,catboost_classifier,1,0.5922838043919728
128,2023,12,0,catboost_classifier,1,0.639358164351236
128,2024,1,0,catboost_classifier,1,0.667919846561347
128,2024,2,0,catboost_classifier,1,0.6002590204910059
128,2024,3,1,catboost_classifier,1,0.5270512778128245
128,2024,4,1,catboost_classifier,1,0.5381454319287968
128,2024,5,1,catboost_classifier,0,0.49374995771916647
128,2024,6,0,catboost_classifier,1,0.6079942283968641
129,2023,8,1,catboost_classifier,1,0.7060740434635723
129,2023,9,0,catboost_classifier,1,0.7729612051251804
129,2023,10,0,catboost_classifier,1,0.7940095076343966
129,2023,11,0,catboost_classifier,1,0.6317838530588926
129,2023,12,0,catboost_classifier,1,0.6139759878870704
129,2024,1,0,catboost_classifier,1,0.5892130472935884
129,2024,2,0,catboost_classifier,1,0.5322456838952503
129,2024,3,1,catboost_classifier,1,0.6686736000207539
129,2024,4,1,catboost_classifier,1,0.6065040710334059
129,2024,5,1,catboost_classifier,1,0.5533077714092138
129,2024,6,0,catboost_classifier,1,0.6334474923185266
131,2023,8,0,catboost_classifier,0,0.35765558551284077
131,2023,9,0,catboost_classifier,0,0.3182253133662468
131,2023,10,0,catboost_classifier,0,0.3814684557280586
131,2023,11,0,catboost_classifier,0,0.30345501035573397
131,2023,12,0,catboost_classifier,0,0.40784841917464887
131,2024,1,0,catboost_classifier,0,0.3521833521297756
131,2024,2,0,catboost_classifier,0,0.22644380986347018
131,2024,3,1,catboost_classifier,0,0.23312522232060479
131,2024,4,1,catboost_classifier,0,0.3666125044759071
131,2024,5,1,catboost_classifier,0,0.3455151146361973
131,2024,6,0,catboost_classifier,0,0.3593246235382532
132,2023,8,0,catboost_classifier,0,0.2692176411978239
132,2023,9,0,catboost_classifier,0,0.34056577215142403
132,2023,10,0,catboost_classifier,0,0.36970637788908345
132,2023,11,0,catboost_classifier,0,0.16845262952901824
132,2023,12,0,catboost_classifier,0,0.20024842123498252
132,2024,1,0,catboost_classifier,0,0.11855529984897596
132,2024,2,0,catboost_classifier,0,0.14579140732991278
132,2024,3,0,catboost_classifier,0,0.08694228341717308
132,2024,4,0,catboost_classifier,0,0.10567755833720516
132,2024,5,0,catboost_classifier,0,0.20605165784468127
132,2024,6,0,catboost_classifier,0,0.13165844200924276
133,2023,8,0,catboost_classifier,0,0.27864243531790217
133,2023,9,0,catboost_classifier,0,0.3866325094476928
133,2023,10,0,catboost_classifier,0,0.4966074443573395
133,2023,11,0,catboost_classifier,0,0.2888114545882301
133,2023,12,0,catboost_classifier,0,0.39341568961710066
133,2024,1,0,catboost_classifier,0,0.3190207635493225
133,2024,2,0,catboost_classifier,0,0.3890494778799859
133,2024,3,0,catboost_classifier,0,0.22927193281880132
133,2024,4,0,catboost_classifier,0,0.3325148851874682
133,2024,5,0,catboost_classifier,0,0.47395278397732576
133,2024,6,0,catboost_classifier,0,0.2754906192279787
134,2023,8,0,catboost_classifier,0,0.2244964129107061
134,2023,9,0,catboost_classifier,0,0.28917170457479735
134,2023,10,0,catboost_classifier,0,0.3463509211470346
134,2023,11,0,catboost_classifier,0,0.22880279358586586
134,2023,12,0,catboost_classifier,0,0.19790306704907257
134,2024,1,0,catboost_classifier,0,0.055682779785923404
134,2024,2,0,catboost_classifier,0,0.11487227631057727
134,2024,3,0,catboost_classifier,0,0.08457870231150519
134,2024,4,0,catboost_classifier,0,0.07843145200207949
134,2024,5,0,catboost_classifier,0,0.1941222042382627
134,2024,6,0,catboost_classifier,0,0.2467940475198908
135,2023,8,0,catboost_classifier,0,0.33584889751359204
135,2023,9,0,catboost_classifier,0,0.47305833164959815
135,2023,10,0,catboost_classifier,0,0.3740422771521872
135,2023,11,0,catboost_classifier,0,0.43049662847525255
135,2023,12,0,catboost_classifier,0,0.46694607158739865
135,2024,1,0,catboost_classifier,0,0.47082695724856477
135,2024,2,0,catboost_classifier,0,0.46914706145220586
135,2024,3,0,catboost_classifier,0,0.4186172941855617
135,2024,4,0,catboost_classifier,0,0.39119961337097076
135,2024,5,0,catboost_classifier,1,0.6394521986566447
135,2024,6,0,catboost_classifier,0,0.4658927233129769
136,2023,8,1,catboost_classifier,1,0.6261691702548144
136,2023,9,1,catboost_classifier,1,0.7556182109904765
136,2023,10,1,catboost_classifier,1,0.7323883428413195
136,2023,11,1,catboost_classifier,1,0.9336606228239323
136,2023,12,1,catboost_classifier,1,0.8858471868174085
136,2024,1,1,catboost_classifier,1,0.7644281731889621
136,2024,2,0,catboost_classifier,1,0.7722473938886701
136,2024,3,0,catboost_classifier,1,0.7136199125534693
136,2024,4,0,catboost_classifier,1,0.7759645293849119
136,2024,5,0,catboost_classifier,1,0.8285432485625038
136,2024,6,1,catboost_classifier,1,0.8018647003126282
137,2023,8,1,catboost_classifier,1,0.9638013769659625
137,2023,9,1,catboost_classifier,1,0.8941288073562239
137,2023,10,1,catboost_classifier,1,0.9367404736515612
137,2023,11,1,catboost_classifier,1,0.8244930614228587
137,2023,12,1,catboost_classifier,1,0.9311289966918421
137,2024,1,1,catboost_classifier,1,0.9771134189247473
137,2024,2,1,catboost_classifier,1,0.9435139060561918
137,2024,3,1,catboost_classifier,1,0.9647111651088746
137,2024,4,1,catboost_classifier,1,0.9359230381790854
137,2024,5,0,catboost_classifier,1,0.9339407360380476
137,2024,6,1,catboost_classifier,1,0.8952949778919156
138,2023,8,1,catboost_classifier,1,0.9781893616241415
138,2023,9,1,catboost_classifier,1,0.9500554632495978
138,2023,10,1,catboost_classifier,1,0.9660094365681922
138,2023,11,1,catboost_classifier,1,0.9186574715658029
138,2023,12,1,catboost_classifier,1,0.9347098321059535
138,2024,1,1,catboost_classifier,1,0.9878103415991945
138,2024,2,1,catboost_classifier,1,0.9671050792848357
138,2024,3,1,catboost_classifier,1,0.9764802153526667
138,2024,4,1,catboost_classifier,1,0.9675248883420143
138,2024,5,0,catboost_classifier,1,0.9845547106808481
138,2024,6,1,catboost_classifier,1,0.9692860791735652
139,2023,8,1,catboost_classifier,1,0.7702596209224567
139,2023,9,0,catboost_classifier,1,0.7716437934905979
139,2023,10,0,catboost_classifier,1,0.8346758097179765
139,2023,11,0,catboost_classifier,1,0.7543460662288287
139,2023,12,0,catboost_classifier,1,0.5986432449708862
139,2024,1,0,catboost_classifier,1,0.7037763268423416
139,2024,2,1,catboost_classifier,1,0.6624102107584122
139,2024,3,1,catboost_classifier,1,0.7104982333047959
139,2024,4,1,catboost_classifier,1,0.7291531324308288
139,2024,5,1,catboost_classifier,1,0.7556186266335689
139,2024,6,1,catboost_classifier,1,0.8245795746926777
140,2023,8,1,catboost_classifier,1,0.9603386179635732
140,2023,9,1,catboost_classifier,1,0.9717873162403105
140,2023,10,1,catboost_classifier,1,0.9907369011116616
140,2023,11,1,catboost_classifier,1,0.9780982057631233
140,2023,12,1,catboost_classifier,1,0.952663230480965
140,2024,1,1,catboost_classifier,1,0.9884613164894736
140,2024,2,1,catboost_classifier,1,0.9589755842372959
140,2024,3,1,catboost_classifier,1,0.9763259063017685
140,2024,4,1,catboost_classifier,1,0.980689120199839
140,2024,5,1,catboost_classifier,1,0.9860970996249551
140,2024,6,1,catboost_classifier,1,0.9795371307786058
143,2023,12,1,catboost_classifier,1,0.9713999371974613
143,2024,1,1,catboost_classifier,1,0.9916068197501139
143,2024,2,1,catboost_classifier,1,0.9966501744354292
143,2024,3,1,catboost_classifier,1,0.9957724316991523
143,2024,4,1,catboost_classifier,1,0.99849589027192
143,2024,5,0,catboost_classifier,1,0.997293159702194
143,2024,6,1,catboost_classifier,1,0.9971414478460284
1,2023,8,1,xgboost_classifier,1,0.6448148488998413
1,2023,9,1,xgboost_classifier,0,0.26846832036972046
1,2023,10,1,xgboost_classifier,1,0.6886793375015259
1,2023,11,1,xgboost_classifier,1,0.6812037825584412
1,2023,12,0,xgboost_classifier,0,0.39580175280570984
1,2024,1,1,xgboost_classifier,0,0.35167962312698364
1,2024,2,1,xgboost_classifier,1,0.715701699256897
1,2024,3,1,xgboost_classifier,1,0.8439835906028748
1,2024,4,1,xgboost_classifier,1,0.8230701684951782
1,2024,5,1,xgboost_classifier,1,0.9133593440055847
1,2024,6,1,xgboost_classifier,1,0.9393391013145447
2,2023,8,1,xgboost_classifier,1,0.9161719679832458
2,2023,9,1,xgboost_classifier,1,0.9592517018318176
2,2023,10,1,xgboost_classifier,1,0.8470994234085083
2,2023,11,0,xgboost_classifier,1,0.8940168023109436
2,2023,12,1,xgboost_classifier,1,0.8338443636894226
2,2024,1,1,xgboost_classifier,1,0.5928813219070435
2,2024,2,1,xgboost_classifier,1,0.7437640428543091
2,2024,3,1,xgboost_classifier,1,0.8117360472679138
2,2024,4,1,xgboost_classifier,1,0.8635684251785278
2,2024,5,0,xgboost_classifier,1,0.9196671843528748
2,2024,6,0,xgboost_classifier,1,0.7601490616798401
3,2023,8,1,xgboost_classifier,1,0.9799081683158875
3,2023,9,1,xgboost_classifier,1,0.9910673499107361
3,2023,10,1,xgboost_classifier,1,0.9895562529563904
3,2023,11,0,xgboost_classifier,1,0.921509325504303
3,2023,12,1,xgboost_classifier,1,0.7466214299201965
3,2024,1,1,xgboost_classifier,1,0.891484797000885
3,2024,2,1,xgboost_classifier,1,0.8937104940414429
3,2024,3,1,xgboost_classifier,1,0.9654878973960876
3,2024,4,1,xgboost_classifier,1,0.8707990050315857
3,2024,5,0,xgboost_classifier,1,0.9954041242599487
3,2024,6,0,xgboost_classifier,1,0.9900797605514526
4,2023,8,1,xgboost_classifier,0,0.40366697311401367
4,2023,9,1,xgboost_classifier,0,0.437405526638031
4,2023,10,1,xgboost_classifier,1,0.6869865655899048
4,2023,11,0,xgboost_classifier,0,0.4208652079105377
4,2023,12,1,xgboost_classifier,1,0.578063428401947
4,2024,1,1,xgboost_classifier,0,0.49892503023147583
4,2024,2,1,xgboost_classifier,1,0.9393666386604309
4,2024,3,1,xgboost_classifier,1,0.9573593735694885
4,2024,4,1,xgboost_classifier,1,0.769034206867218
4,2024,5,1,xgboost_classifier,1,0.8237128853797913
4,2024,6,0,xgboost_classifier,1,0.8442404866218567
5,2023,8,1,xgboost_classifier,0,0.45571228861808777
5,2023,9,1,xgboost_classifier,0,0.48181748390197754
5,2023,10,1,xgboost_classifier,1,0.7020286917686462
5,2023,11,0,xgboost_classifier,0,0.3752134442329407
5,2023,12,1,xgboost_classifier,1,0.5358976721763611
5,2024,1,1,xgboost_classifier,1,0.5509527325630188
5,2024,2,1,xgboost_classifier,1,0.9328478574752808
5,2024,3,1,xgboost_classifier,1,0.9581647515296936
5,2024,4,1,xgboost_classifier,1,0.8318408727645874
5,2024,5,1,xgboost_classifier,1,0.9104962944984436
5,2024,6,0,xgboost_classifier,1,0.7633035778999329
6,2023,8,0,xgboost_classifier,1,0.6652820706367493
6,2023,9,1,xgboost_classifier,1,0.8829476237297058
6,2023,10,1,xgboost_classifier,1,0.5284366607666016
6,2023,11,1,xgboost_classifier,1,0.8587750792503357
6,2023,12,1,xgboost_classifier,1,0.7629358768463135
6,2024,1,1,xgboost_classifier,1,0.7984750270843506
6,2024,2,1,xgboost_classifier,1,0.7716333270072937
6,2024,3,1,xgboost_classifier,1,0.8848323822021484
6,2024,4,1,xgboost_classifier,1,0.8572275042533875
6,2024,5,1,xgboost_classifier,1,0.9308654069900513
6,2024,6,1,xgboost_classifier,1,0.7687172293663025
7,2023,8,0,xgboost_classifier,1,0.7964732050895691
7,2023,9,1,xgboost_classifier,1,0.7475284934043884
7,2023,10,1,xgboost_classifier,1,0.8488697409629822
7,2023,11,1,xgboost_classifier,1,0.7798764109611511
7,2023,12,1,xgboost_classifier,1,0.8769201040267944
7,2024,1,1,xgboost_classifier,1,0.9151307940483093
7,2024,2,1,xgboost_classifier,1,0.9327778220176697
7,2024,3,1,xgboost_classifier,1,0.9054566025733948
7,2024,4,1,xgboost_classifier,1,0.922632098197937
7,2024,5,1,xgboost_classifier,1,0.9855754375457764
7,2024,6,1,xgboost_classifier,1,0.885829508304596
8,2023,8,1,xgboost_classifier,0,0.20852214097976685
8,2023,9,1,xgboost_classifier,0,0.10097645223140717
8,2023,10,1,xgboost_classifier,0,0.32453593611717224
8,2023,11,0,xgboost_classifier,0,0.19644097983837128
8,2023,12,0,xgboost_classifier,0,0.3830869793891907
8,2024,1,1,xgboost_classifier,0,0.3914135694503784
8,2024,2,1,xgboost_classifier,1,0.8794246315956116
8,2024,3,1,xgboost_classifier,1,0.9049308896064758
8,2024,4,1,xgboost_classifier,1,0.8088212013244629
8,2024,5,1,xgboost_classifier,1,0.8914105296134949
8,2024,6,0,xgboost_classifier,1,0.6079273223876953
9,2023,8,1,xgboost_classifier,1,0.8377506136894226
9,2023,9,0,xgboost_classifier,1,0.7711589932441711
9,2023,10,0,xgboost_classifier,1,0.8912122845649719
9,2023,11,1,xgboost_classifier,1,0.9203431010246277
9,2023,12,1,xgboost_classifier,1,0.8637769818305969
9,2024,1,1,xgboost_classifier,1,0.7842949032783508
9,2024,2,1,xgboost_classifier,1,0.7824377417564392
9,2024,3,1,xgboost_classifier,1,0.8658357262611389
9,2024,4,0,xgboost_classifier,1,0.9452095627784729
9,2024,5,0,xgboost_classifier,1,0.9011834263801575
9,2024,6,0,xgboost_classifier,1,0.7738299369812012
10,2023,8,1,xgboost_classifier,1,0.6964285969734192
10,2023,9,1,xgboost_classifier,1,0.5770236849784851
10,2023,10,1,xgboost_classifier,1,0.8563656806945801
10,2023,11,1,xgboost_classifier,1,0.8289011120796204
10,2023,12,0,xgboost_classifier,1,0.6688330173492432
10,2024,1,0,xgboost_classifier,1,0.78080815076828
10,2024,2,0,xgboost_classifier,1,0.8752042055130005
10,2024,3,0,xgboost_classifier,1,0.9161149263381958
10,2024,4,1,xgboost_classifier,1,0.9318453669548035
10,2024,5,1,xgboost_classifier,1,0.8695681095123291
10,2024,6,1,xgboost_classifier,1,0.722589373588562
11,2023,8,1,xgboost_classifier,0,0.17260293662548065
11,2023,9,1,xgboost_classifier,0,0.19218367338180542
11,2023,10,1,xgboost_classifier,1,0.6177036762237549
11,2023,11,1,xgboost_classifier,1,0.6533414721488953
11,2023,12,1,xgboost_classifier,0,0.3724250793457031
11,2024,1,1,xgboost_classifier,1,0.6148284673690796
11,2024,2,1,xgboost_classifier,1,0.818047285079956
11,2024,3,0,xgboost_classifier,1,0.8878923654556274
11,2024,4,1,xgboost_classifier,1,0.886590301990509
11,2024,5,1,xgboost_classifier,1,0.8540138006210327
11,2024,6,1,xgboost_classifier,1,0.7961267828941345
13,2023,8,1,xgboost_classifier,1,0.9066580533981323
13,2023,9,1,xgboost_classifier,1,0.8795231580734253
13,2023,10,1,xgboost_classifier,1,0.8937215209007263
13,2023,11,1,xgboost_classifier,1,0.8167821168899536
13,2023,12,1,xgboost_classifier,1,0.7733351588249207
13,2024,1,1,xgboost_classifier,1,0.9634473323822021
13,2024,2,1,xgboost_classifier,1,0.9695999026298523
13,2024,3,1,xgboost_classifier,1,0.9659907817840576
13,2024,4,1,xgboost_classifier,1,0.9848874807357788
13,2024,5,1,xgboost_classifier,1,0.9720783829689026
13,2024,6,0,xgboost_classifier,1,0.9648717045783997
14,2023,8,1,xgboost_classifier,1,0.8854643702507019
14,2023,9,1,xgboost_classifier,1,0.8621280789375305
14,2023,10,1,xgboost_classifier,1,0.8400428295135498
14,2023,11,1,xgboost_classifier,1,0.7149959206581116
14,2023,12,1,xgboost_classifier,1,0.8727420568466187
14,2024,1,1,xgboost_classifier,1,0.8320205211639404
14,2024,2,1,xgboost_classifier,1,0.8670560717582703
14,2024,3,1,xgboost_classifier,1,0.9323927760124207
14,2024,4,1,xgboost_classifier,1,0.8397015333175659
14,2024,5,1,xgboost_classifier,1,0.9597122669219971
14,2024,6,1,xgboost_classifier,1,0.8885362148284912
15,2023,8,1,xgboost_classifier,1,0.9967310428619385
15,2023,9,1,xgboost_classifier,1,0.9912399649620056
15,2023,10,1,xgboost_classifier,1,0.9815146327018738
15,2023,11,1,xgboost_classifier,1,0.9935340881347656
15,2023,12,1,xgboost_classifier,1,0.9952642917633057
15,2024,1,1,xgboost_classifier,1,0.98456871509552
15,2024,2,1,xgboost_classifier,1,0.9930754899978638
15,2024,3,1,xgboost_classifier,1,0.9932241439819336
15,2024,4,1,xgboost_classifier,1,0.9923801422119141
15,2024,5,1,xgboost_classifier,1,0.9923902153968811
15,2024,6,1,xgboost_classifier,1,0.9963772892951965
16,2023,8,1,xgboost_classifier,1,0.9992133378982544
16,2023,9,1,xgboost_classifier,1,0.9987820982933044
16,2023,10,1,xgboost_classifier,1,0.9991095662117004
16,2023,11,1,xgboost_classifier,1,0.9977890253067017
16,2023,12,1,xgboost_classifier,1,0.98411625623703
16,2024,1,1,xgboost_classifier,1,0.9964434504508972
16,2024,2,1,xgboost_classifier,1,0.9979721903800964
16,2024,3,1,xgboost_classifier,1,0.9970988035202026
16,2024,4,1,xgboost_classifier,1,0.9982366561889648
16,2024,5,1,xgboost_classifier,1,0.9980092644691467
16,2024,6,1,xgboost_classifier,1,0.9988862872123718
17,2023,8,1,xgboost_classifier,1,0.9971287846565247
17,2023,9,1,xgboost_classifier,1,0.994961142539978
17,2023,10,1,xgboost_classifier,1,0.9954257607460022
17,2023,11,1,xgboost_classifier,1,0.9977548718452454
17,2023,12,1,xgboost_classifier,1,0.9937413334846497
17,2024,1,1,xgboost_classifier,1,0.9968422651290894
17,2024,2,1,xgboost_classifier,1,0.996557891368866
17,2024,3,1,xgboost_classifier,1,0.9951254725456238
17,2024,4,1,xgboost_classifier,1,0.9977512955665588
17,2024,5,1,xgboost_classifier,1,0.9915124773979187
17,2024,6,1,xgboost_classifier,1,0.993447482585907
18,2023,8,1,xgboost_classifier,1,0.9983035326004028
18,2023,9,1,xgboost_classifier,1,0.9954903721809387
18,2023,10,1,xgboost_classifier,1,0.9925998449325562
18,2023,11,1,xgboost_classifier,1,0.9957192540168762
18,2023,12,1,xgboost_classifier,1,0.9951215386390686
18,2024,1,1,xgboost_classifier,1,0.9910451769828796
18,2024,2,1,xgboost_classifier,1,0.992313802242279
18,2024,3,1,xgboost_classifier,1,0.9925756454467773
18,2024,4,1,xgboost_classifier,1,0.9932833909988403
18,2024,5,1,xgboost_classifier,1,0.9932504892349243
18,2024,6,1,xgboost_classifier,1,0.9970192909240723
19,2023,8,1,xgboost_classifier,0,0.24003948271274567
19,2023,9,1,xgboost_classifier,0,0.3751777410507202
19,2023,10,1,xgboost_classifier,1,0.6412475109100342
19,2023,11,1,xgboost_classifier,0,0.47074151039123535
19,2023,12,1,xgboost_classifier,0,0.46434080600738525
19,2024,1,1,xgboost_classifier,0,0.3380172848701477
19,2024,2,1,xgboost_classifier,1,0.5918983817100525
19,2024,3,0,xgboost_classifier,1,0.642004668712616
19,2024,4,1,xgboost_classifier,1,0.5704596638679504
19,2024,5,1,xgboost_classifier,1,0.7972053289413452
19,2024,6,1,xgboost_classifier,1,0.8937183022499084
20,2023,8,0,xgboost_classifier,0,0.4997914731502533
20,2023,9,1,xgboost_classifier,1,0.639589250087738
20,2023,10,1,xgboost_classifier,1,0.5815704464912415
20,2023,11,1,xgboost_classifier,1,0.6365469098091125
20,2023,12,0,xgboost_classifier,1,0.7059985995292664
20,2024,1,0,xgboost_classifier,1,0.6532806754112244
20,2024,2,0,xgboost_classifier,1,0.8650583028793335
20,2024,3,0,xgboost_classifier,1,0.9009402990341187
20,2024,4,0,xgboost_classifier,1,0.9081397652626038
20,2024,5,0,xgboost_classifier,1,0.8798593282699585
20,2024,6,0,xgboost_classifier,1,0.9471621513366699
21,2023,8,0,xgboost_classifier,1,0.6491974592208862
21,2023,9,0,xgboost_classifier,1,0.7432857155799866
21,2023,10,0,xgboost_classifier,1,0.8332010507583618
21,2023,11,0,xgboost_classifier,1,0.5949010252952576
21,2023,12,0,xgboost_classifier,0,0.3812815845012665
21,2024,1,0,xgboost_classifier,0,0.4227917194366455
21,2024,2,0,xgboost_classifier,1,0.7897773385047913
21,2024,3,0,xgboost_classifier,1,0.8134957551956177
21,2024,4,0,xgboost_classifier,1,0.7810287475585938
21,2024,5,0,xgboost_classifier,1,0.8622336983680725
21,2024,6,1,xgboost_classifier,1,0.7882798910140991
22,2023,8,1,xgboost_classifier,1,0.7219722867012024
22,2023,9,1,xgboost_classifier,1,0.7326381206512451
22,2023,10,1,xgboost_classifier,1,0.8509036302566528
22,2023,11,1,xgboost_classifier,1,0.9512296319007874
22,2023,12,1,xgboost_classifier,1,0.7449401617050171
22,2024,1,1,xgboost_classifier,1,0.6916610598564148
22,2024,2,1,xgboost_classifier,1,0.9567729234695435
22,2024,3,1,xgboost_classifier,1,0.9742165803909302
22,2024,4,1,xgboost_classifier,1,0.9648492932319641
22,2024,5,1,xgboost_classifier,1,0.9696125984191895
22,2024,6,1,xgboost_classifier,1,0.9651902914047241
23,2023,8,1,xgboost_classifier,1,0.7653841972351074
23,2023,9,1,xgboost_classifier,1,0.7427853345870972
23,2023,10,1,xgboost_classifier,1,0.7763293981552124
23,2023,11,1,xgboost_classifier,1,0.8502394556999207
23,2023,12,1,xgboost_classifier,1,0.8513029217720032
23,2024,1,1,xgboost_classifier,1,0.9463696479797363
23,2024,2,1,xgboost_classifier,1,0.9657847285270691
23,2024,3,1,xgboost_classifier,1,0.9954987168312073
23,2024,4,1,xgboost_classifier,1,0.9845118522644043
23,2024,5,1,xgboost_classifier,1,0.9902734160423279
23,2024,6,1,xgboost_classifier,1,0.9745746850967407
24,2023,8,1,xgboost_classifier,1,0.8535432815551758
24,2023,9,1,xgboost_classifier,1,0.7859286069869995
24,2023,10,1,xgboost_classifier,1,0.91374671459198
24,2023,11,1,xgboost_classifier,1,0.9372725486755371
24,2023,12,1,xgboost_classifier,1,0.9432761669158936
24,2024,1,1,xgboost_classifier,1,0.9528285264968872
24,2024,2,1,xgboost_classifier,1,0.9685547351837158
24,2024,3,1,xgboost_classifier,1,0.9783556461334229
24,2024,4,1,xgboost_classifier,1,0.9701389074325562
24,2024,5,1,xgboost_classifier,1,0.9710021615028381
24,2024,6,1,xgboost_classifier,1,0.9123691916465759
25,2023,8,1,xgboost_classifier,1,0.9028375744819641
25,2023,9,1,xgboost_classifier,1,0.9662171006202698
25,2023,10,1,xgboost_classifier,1,0.9019216299057007
25,2023,11,1,xgboost_classifier,1,0.8891100883483887
25,2023,12,1,xgboost_classifier,1,0.848892331123352
25,2024,1,1,xgboost_classifier,1,0.9735268354415894
25,2024,2,1,xgboost_classifier,1,0.9758362174034119
25,2024,3,1,xgboost_classifier,1,0.9677352905273438
25,2024,4,1,xgboost_classifier,1,0.9779562950134277
25,2024,5,1,xgboost_classifier,1,0.9909951090812683
25,2024,6,1,xgboost_classifier,1,0.9732782244682312
26,2023,8,1,xgboost_classifier,1,0.6065952181816101
26,2023,9,1,xgboost_classifier,1,0.6917805075645447
26,2023,10,1,xgboost_classifier,1,0.7783707976341248
26,2023,11,1,xgboost_classifier,1,0.7830624580383301
26,2023,12,1,xgboost_classifier,1,0.6933797597885132
26,2024,1,0,xgboost_classifier,1,0.7908850312232971
26,2024,2,0,xgboost_classifier,1,0.8317038416862488
26,2024,3,1,xgboost_classifier,1,0.8904560208320618
26,2024,4,1,xgboost_classifier,1,0.9257804751396179
26,2024,5,1,xgboost_classifier,1,0.9596354365348816
26,2024,6,1,xgboost_classifier,1,0.9229186773300171
27,2023,8,1,xgboost_classifier,1,0.7537511587142944
27,2023,9,1,xgboost_classifier,1,0.6163108348846436
27,2023,10,1,xgboost_classifier,1,0.9389153718948364
27,2023,11,1,xgboost_classifier,1,0.9593112468719482
27,2023,12,1,xgboost_classifier,1,0.9041469097137451
27,2024,1,0,xgboost_classifier,1,0.9134902954101562
27,2024,2,1,xgboost_classifier,1,0.8956511616706848
27,2024,3,1,xgboost_classifier,1,0.9558373093605042
27,2024,4,1,xgboost_classifier,1,0.9645792245864868
27,2024,5,0,xgboost_classifier,1,0.8438629508018494
27,2024,6,1,xgboost_classifier,1,0.7965232133865356
28,2023,8,0,xgboost_classifier,0,0.06729381531476974
28,2023,9,0,xgboost_classifier,0,0.05834829434752464
28,2023,10,0,xgboost_classifier,0,0.06036057323217392
28,2023,11,0,xgboost_classifier,0,0.11363139748573303
28,2023,12,0,xgboost_classifier,0,0.12907235324382782
28,2024,1,0,xgboost_classifier,0,0.13519826531410217
28,2024,2,0,xgboost_classifier,0,0.33931490778923035
28,2024,3,0,xgboost_classifier,1,0.5332753658294678
28,2024,4,0,xgboost_classifier,1,0.5422050356864929
28,2024,5,1,xgboost_classifier,0,0.48287233710289
28,2024,6,1,xgboost_classifier,0,0.3569464385509491
29,2023,8,0,xgboost_classifier,0,0.41919440031051636
29,2023,9,0,xgboost_classifier,0,0.31345608830451965
29,2023,10,0,xgboost_classifier,0,0.25893262028694153
29,2023,11,1,xgboost_classifier,0,0.2985022962093353
29,2023,12,1,xgboost_classifier,0,0.3407461643218994
29,2024,1,1,xgboost_classifier,1,0.5666466951370239
29,2024,2,0,xgboost_classifier,1,0.8170858025550842
29,2024,3,0,xgboost_classifier,1,0.7428904175758362
29,2024,4,0,xgboost_classifier,1,0.5957744717597961
29,2024,5,0,xgboost_classifier,0,0.3548405170440674
29,2024,6,0,xgboost_classifier,0,0.3102124333381653
30,2023,8,1,xgboost_classifier,0,0.28391286730766296
30,2023,9,1,xgboost_classifier,1,0.5058079957962036
30,2023,10,0,xgboost_classifier,1,0.55717533826828
30,2023,11,0,xgboost_classifier,0,0.2380991131067276
30,2023,12,0,xgboost_classifier,0,0.35347822308540344
30,2024,1,0,xgboost_classifier,0,0.302659273147583
30,2024,2,0,xgboost_classifier,1,0.7362642884254456
30,2024,3,0,xgboost_classifier,1,0.6479313373565674
30,2024,4,0,xgboost_classifier,1,0.793084442615509
30,2024,5,0,xgboost_classifier,0,0.32829633355140686
30,2024,6,0,xgboost_classifier,1,0.5236221551895142
31,2023,8,1,xgboost_classifier,0,0.2345753312110901
31,2023,9,1,xgboost_classifier,0,0.38207048177719116
31,2023,10,0,xgboost_classifier,0,0.3199637234210968
31,2023,11,0,xgboost_classifier,0,0.06904851645231247
31,2023,12,0,xgboost_classifier,0,0.3389221429824829
31,2024,1,0,xgboost_classifier,0,0.20510967075824738
31,2024,2,0,xgboost_classifier,1,0.8200879096984863
31,2024,3,0,xgboost_classifier,1,0.8114212155342102
31,2024,4,0,xgboost_classifier,1,0.8247084617614746
31,2024,5,0,xgboost_classifier,1,0.8434891104698181
31,2024,6,0,xgboost_classifier,1,0.6529014110565186
32,2023,8,0,xgboost_classifier,0,0.08925791829824448
32,2023,9,0,xgboost_classifier,0,0.17845626175403595
32,2023,10,0,xgboost_classifier,0,0.133432537317276
32,2023,11,0,xgboost_classifier,0,0.21130557358264923
32,2023,12,0,xgboost_classifier,0,0.13293446600437164
32,2024,1,0,xgboost_classifier,0,0.12312082946300507
32,2024,2,0,xgboost_classifier,0,0.1577131152153015
32,2024,3,0,xgboost_classifier,0,0.16429048776626587
32,2024,4,0,xgboost_classifier,0,0.19361385703086853
32,2024,5,0,xgboost_classifier,0,0.14908862113952637
32,2024,6,0,xgboost_classifier,0,0.13964176177978516
33,2023,8,0,xgboost_classifier,0,0.04211868345737457
33,2023,9,0,xgboost_classifier,0,0.15576104819774628
33,2023,10,0,xgboost_classifier,0,0.2320738434791565
33,2023,11,0,xgboost_classifier,0,0.06886645406484604
33,2023,12,0,xgboost_classifier,0,0.10358688235282898
33,2024,1,0,xgboost_classifier,0,0.0952841266989708
33,2024,2,0,xgboost_classifier,0,0.1333102583885193
33,2024,3,0,xgboost_classifier,0,0.19145894050598145
33,2024,4,0,xgboost_classifier,0,0.19156141579151154
33,2024,5,0,xgboost_classifier,0,0.1430838257074356
33,2024,6,0,xgboost_classifier,0,0.08572187274694443
34,2023,8,0,xgboost_classifier,0,0.09753277897834778
34,2023,9,0,xgboost_classifier,0,0.10626522451639175
34,2023,10,0,xgboost_classifier,0,0.043130062520504
34,2023,11,0,xgboost_classifier,0,0.1935211420059204
34,2023,12,0,xgboost_classifier,0,0.22687746584415436
34,2024,1,0,xgboost_classifier,0,0.12281407415866852
34,2024,2,0,xgboost_classifier,0,0.3368152678012848
34,2024,3,0,xgboost_classifier,0,0.3422931134700775
34,2024,4,0,xgboost_classifier,0,0.25356337428092957
34,2024,5,1,xgboost_classifier,0,0.34940844774246216
34,2024,6,1,xgboost_classifier,0,0.41863954067230225
35,2023,8,0,xgboost_classifier,0,0.13980816304683685
35,2023,9,0,xgboost_classifier,0,0.13865700364112854
35,2023,10,0,xgboost_classifier,0,0.20725901424884796
35,2023,11,0,xgboost_classifier,0,0.12436340004205704
35,2023,12,0,xgboost_classifier,0,0.40172046422958374
35,2024,1,0,xgboost_classifier,0,0.2548307776451111
35,2024,2,0,xgboost_classifier,1,0.8517159223556519
35,2024,3,0,xgboost_classifier,1,0.8677142262458801
35,2024,4,0,xgboost_classifier,1,0.6176125407218933
35,2024,5,0,xgboost_classifier,1,0.7682493329048157
35,2024,6,0,xgboost_classifier,0,0.43605443835258484
36,2023,8,0,xgboost_classifier,0,0.20955485105514526
36,2023,9,0,xgboost_classifier,0,0.12739422917366028
36,2023,10,0,xgboost_classifier,0,0.17843468487262726
36,2023,11,0,xgboost_classifier,0,0.11807496100664139
36,2023,12,0,xgboost_classifier,0,0.29822224378585815
36,2024,1,0,xgboost_classifier,0,0.282728374004364
36,2024,2,0,xgboost_classifier,1,0.6241684556007385
36,2024,3,0,xgboost_classifier,1,0.7375960350036621
36,2024,4,0,xgboost_classifier,0,0.44751816987991333
36,2024,5,0,xgboost_classifier,0,0.42522454261779785
36,2024,6,0,xgboost_classifier,1,0.513116717338562
37,2023,8,0,xgboost_classifier,0,0.04549678787589073
37,2023,9,0,xgboost_classifier,0,0.3152015805244446
37,2023,10,0,xgboost_classifier,0,0.19156691431999207
37,2023,11,1,xgboost_classifier,0,0.08103939890861511
37,2023,12,1,xgboost_classifier,0,0.17893828451633453
37,2024,1,1,xgboost_classifier,0,0.26126980781555176
37,2024,2,1,xgboost_classifier,1,0.754134476184845
37,2024,3,1,xgboost_classifier,1,0.6712895035743713
37,2024,4,1,xgboost_classifier,0,0.3923631012439728
37,2024,5,0,xgboost_classifier,1,0.8104963302612305
37,2024,6,0,xgboost_classifier,1,0.639801025390625
38,2023,8,0,xgboost_classifier,0,0.03275344893336296
38,2023,9,0,xgboost_classifier,0,0.04651762545108795
38,2023,10,0,xgboost_classifier,0,0.1421847939491272
38,2023,11,1,xgboost_classifier,0,0.11129087954759598
38,2023,12,1,xgboost_classifier,0,0.04424228146672249
38,2024,1,1,xgboost_classifier,0,0.08231616765260696
38,2024,2,1,xgboost_classifier,0,0.24219979345798492
38,2024,3,1,xgboost_classifier,0,0.3675396740436554
38,2024,4,1,xgboost_classifier,0,0.23120325803756714
38,2024,5,0,xgboost_classifier,0,0.3253537714481354
38,2024,6,0,xgboost_classifier,0,0.26442068815231323
39,2023,8,0,xgboost_classifier,0,0.21773982048034668
39,2023,9,0,xgboost_classifier,0,0.30616495013237
39,2023,10,0,xgboost_classifier,1,0.5638688802719116
39,2023,11,0,xgboost_classifier,0,0.2871963679790497
39,2023,12,0,xgboost_classifier,0,0.37175899744033813
39,2024,1,0,xgboost_classifier,0,0.3856395184993744
39,2024,2,0,xgboost_classifier,1,0.624603271484375
39,2024,3,0,xgboost_classifier,1,0.742021918296814
39,2024,4,0,xgboost_classifier,1,0.5864985585212708
39,2024,5,0,xgboost_classifier,0,0.4664468467235565
39,2024,6,0,xgboost_classifier,0,0.30804404616355896
40,2023,8,0,xgboost_classifier,0,0.2482908070087433
40,2023,9,0,xgboost_classifier,0,0.25208982825279236
40,2023,10,0,xgboost_classifier,1,0.524124026298523
40,2023,11,0,xgboost_classifier,0,0.2044258415699005
40,2023,12,0,xgboost_classifier,0,0.43001997470855713
40,2024,1,0,xgboost_classifier,1,0.5190959572792053
40,2024,2,0,xgboost_classifier,1,0.5703248381614685
40,2024,3,0,xgboost_classifier,1,0.6729703545570374
40,2024,4,0,xgboost_classifier,1,0.5119538903236389
40,2024,5,0,xgboost_classifier,0,0.4426603317260742
40,2024,6,0,xgboost_classifier,0,0.2983675003051758
41,2023,8,1,xgboost_classifier,1,0.9793703556060791
41,2023,9,1,xgboost_classifier,1,0.9643776416778564
41,2023,10,1,xgboost_classifier,1,0.9946803450584412
41,2023,11,1,xgboost_classifier,1,0.9301437139511108
41,2023,12,1,xgboost_classifier,1,0.9481971263885498
41,2024,1,1,xgboost_classifier,1,0.923569917678833
41,2024,2,1,xgboost_classifier,1,0.9654239416122437
41,2024,3,1,xgboost_classifier,1,0.986257791519165
41,2024,4,1,xgboost_classifier,1,0.925147533416748
41,2024,5,1,xgboost_classifier,1,0.96718430519104
41,2024,6,0,xgboost_classifier,1,0.947984516620636
42,2023,8,1,xgboost_classifier,1,0.9591240286827087
42,2023,9,1,xgboost_classifier,1,0.9624685049057007
42,2023,10,1,xgboost_classifier,1,0.9937925934791565
42,2023,11,1,xgboost_classifier,1,0.964535653591156
42,2023,12,1,xgboost_classifier,1,0.9707424640655518
42,2024,1,1,xgboost_classifier,1,0.9375494122505188
42,2024,2,1,xgboost_classifier,1,0.9627224802970886
42,2024,3,1,xgboost_classifier,1,0.9894533157348633
42,2024,4,1,xgboost_classifier,1,0.9442041516304016
42,2024,5,1,xgboost_classifier,1,0.9628140330314636
42,2024,6,0,xgboost_classifier,1,0.9513726830482483
43,2023,8,1,xgboost_classifier,0,0.17619077861309052
43,2023,9,1,xgboost_classifier,0,0.19044211506843567
43,2023,10,1,xgboost_classifier,0,0.26354503631591797
43,2023,11,0,xgboost_classifier,0,0.24330219626426697
43,2023,12,0,xgboost_classifier,0,0.3905249834060669
43,2024,1,0,xgboost_classifier,0,0.38241347670555115
43,2024,2,0,xgboost_classifier,1,0.5943856239318848
43,2024,3,0,xgboost_classifier,1,0.7311565279960632
43,2024,4,0,xgboost_classifier,1,0.6334956884384155
43,2024,5,0,xgboost_classifier,0,0.4005966782569885
43,2024,6,1,xgboost_classifier,0,0.3359171748161316
44,2023,8,1,xgboost_classifier,0,0.2670828104019165
44,2023,9,1,xgboost_classifier,1,0.5061800479888916
44,2023,10,1,xgboost_classifier,0,0.42232269048690796
44,2023,11,0,xgboost_classifier,0,0.11606201529502869
44,2023,12,0,xgboost_classifier,0,0.4604712426662445
44,2024,1,0,xgboost_classifier,0,0.3582015633583069
44,2024,2,0,xgboost_classifier,1,0.8616764545440674
44,2024,3,0,xgboost_classifier,1,0.7781761884689331
44,2024,4,0,xgboost_classifier,1,0.6722536087036133
44,2024,5,0,xgboost_classifier,1,0.6635175347328186
44,2024,6,1,xgboost_classifier,0,0.48790720105171204
45,2023,8,1,xgboost_classifier,0,0.3881511688232422
45,2023,9,1,xgboost_classifier,0,0.3999377489089966
45,2023,10,1,xgboost_classifier,1,0.8262627720832825
45,2023,11,1,xgboost_classifier,1,0.6596640944480896
45,2023,12,1,xgboost_classifier,1,0.6100370287895203
45,2024,1,1,xgboost_classifier,1,0.7844637036323547
45,2024,2,1,xgboost_classifier,1,0.9039782285690308
45,2024,3,1,xgboost_classifier,1,0.9580497741699219
45,2024,4,1,xgboost_classifier,1,0.9362886548042297
45,2024,5,1,xgboost_classifier,1,0.8647444844245911
45,2024,6,1,xgboost_classifier,1,0.7794707417488098
46,2023,8,0,xgboost_classifier,0,0.35978010296821594
46,2023,9,0,xgboost_classifier,0,0.4393952786922455
46,2023,10,1,xgboost_classifier,1,0.5829563736915588
46,2023,11,1,xgboost_classifier,1,0.5179511904716492
46,2023,12,1,xgboost_classifier,0,0.44570687413215637
46,2024,1,1,xgboost_classifier,1,0.6282335519790649
46,2024,2,1,xgboost_classifier,1,0.7853144407272339
46,2024,3,1,xgboost_classifier,1,0.9003236293792725
46,2024,4,1,xgboost_classifier,1,0.8700888156890869
46,2024,5,1,xgboost_classifier,1,0.8402174711227417
46,2024,6,1,xgboost_classifier,1,0.5794805288314819
47,2023,8,1,xgboost_classifier,1,0.9592771530151367
47,2023,9,1,xgboost_classifier,1,0.9548523426055908
47,2023,10,1,xgboost_classifier,1,0.9737583994865417
47,2023,11,0,xgboost_classifier,1,0.9774192571640015
47,2023,12,0,xgboost_classifier,1,0.9160665273666382
47,2024,1,1,xgboost_classifier,1,0.9401335716247559
47,2024,2,1,xgboost_classifier,1,0.8554946780204773
47,2024,3,1,xgboost_classifier,1,0.9270965456962585
47,2024,4,0,xgboost_classifier,1,0.9541603922843933
47,2024,5,0,xgboost_classifier,1,0.9576156735420227
47,2024,6,0,xgboost_classifier,1,0.922906756401062
48,2023,8,0,xgboost_classifier,1,0.5885728001594543
48,2023,9,0,xgboost_classifier,1,0.7271480560302734
48,2023,10,0,xgboost_classifier,0,0.2570612132549286
48,2023,11,0,xgboost_classifier,0,0.14351852238178253
48,2023,12,0,xgboost_classifier,0,0.33268460631370544
48,2024,1,1,xgboost_classifier,0,0.3349249064922333
48,2024,2,1,xgboost_classifier,1,0.6147878170013428
48,2024,3,1,xgboost_classifier,1,0.8361696004867554
48,2024,4,1,xgboost_classifier,1,0.7227431535720825
48,2024,5,1,xgboost_classifier,1,0.7964825630187988
48,2024,6,1,xgboost_classifier,1,0.6607134342193604
49,2023,8,1,xgboost_classifier,1,0.6234923601150513
49,2023,9,1,xgboost_classifier,0,0.4522395730018616
49,2023,10,1,xgboost_classifier,1,0.8250722885131836
49,2023,11,1,xgboost_classifier,1,0.5441544651985168
49,2023,12,1,xgboost_classifier,1,0.5216829776763916
49,2024,1,1,xgboost_classifier,1,0.754635751247406
49,2024,2,1,xgboost_classifier,1,0.6467994451522827
49,2024,3,1,xgboost_classifier,1,0.8198297619819641
49,2024,4,1,xgboost_classifier,1,0.8477499485015869
49,2024,5,1,xgboost_classifier,1,0.8422024846076965
49,2024,6,0,xgboost_classifier,1,0.8175839781761169
50,2023,8,1,xgboost_classifier,0,0.19427691400051117
50,2023,9,1,xgboost_classifier,0,0.05333394184708595
50,2023,10,1,xgboost_classifier,0,0.13820993900299072
50,2023,11,1,xgboost_classifier,0,0.3809483051300049
50,2023,12,0,xgboost_classifier,0,0.2856137156486511
50,2024,1,0,xgboost_classifier,0,0.22094285488128662
50,2024,2,0,xgboost_classifier,0,0.36511531472206116
50,2024,3,0,xgboost_classifier,0,0.23559053242206573
50,2024,4,0,xgboost_classifier,0,0.4383368194103241
50,2024,5,0,xgboost_classifier,1,0.5249671936035156
50,2024,6,0,xgboost_classifier,0,0.22808662056922913
51,2023,8,1,xgboost_classifier,0,0.2317672073841095
51,2023,9,1,xgboost_classifier,0,0.22274422645568848
51,2023,10,1,xgboost_classifier,0,0.4410247206687927
51,2023,11,1,xgboost_classifier,0,0.36381757259368896
51,2023,12,0,xgboost_classifier,0,0.26948443055152893
51,2024,1,0,xgboost_classifier,0,0.18873250484466553
51,2024,2,0,xgboost_classifier,0,0.16834135353565216
51,2024,3,0,xgboost_classifier,0,0.35584986209869385
51,2024,4,0,xgboost_classifier,0,0.478773295879364
51,2024,5,0,xgboost_classifier,1,0.7271924018859863
51,2024,6,0,xgboost_classifier,0,0.4494391977787018
52,2023,8,1,xgboost_classifier,1,0.6860173940658569
52,2023,9,1,xgboost_classifier,1,0.7335021495819092
52,2023,10,1,xgboost_classifier,0,0.3731546700000763
52,2023,11,1,xgboost_classifier,1,0.644953191280365
52,2023,12,1,xgboost_classifier,1,0.6595636606216431
52,2024,1,1,xgboost_classifier,1,0.6777356266975403
52,2024,2,1,xgboost_classifier,1,0.7707027196884155
52,2024,3,1,xgboost_classifier,1,0.9061836004257202
52,2024,4,1,xgboost_classifier,1,0.9259722828865051
52,2024,5,0,xgboost_classifier,1,0.9444281458854675
52,2024,6,1,xgboost_classifier,1,0.61966472864151
53,2023,8,0,xgboost_classifier,0,0.19178986549377441
53,2023,9,0,xgboost_classifier,0,0.0915922150015831
53,2023,10,0,xgboost_classifier,0,0.4268229603767395
53,2023,11,0,xgboost_classifier,0,0.19398640096187592
53,2023,12,1,xgboost_classifier,0,0.4548947215080261
53,2024,1,1,xgboost_classifier,0,0.4350261688232422
53,2024,2,1,xgboost_classifier,1,0.6898429989814758
53,2024,3,1,xgboost_classifier,1,0.9113472700119019
53,2024,4,1,xgboost_classifier,1,0.6956275105476379
53,2024,5,1,xgboost_classifier,1,0.8037890791893005
53,2024,6,1,xgboost_classifier,0,0.4808512032032013
54,2023,8,0,xgboost_classifier,0,0.19863229990005493
54,2023,9,0,xgboost_classifier,0,0.12287739664316177
54,2023,10,0,xgboost_classifier,0,0.13951818645000458
54,2023,11,0,xgboost_classifier,0,0.11991564929485321
54,2023,12,1,xgboost_classifier,0,0.46356338262557983
54,2024,1,1,xgboost_classifier,0,0.4483865201473236
54,2024,2,1,xgboost_classifier,1,0.8005897998809814
54,2024,3,1,xgboost_classifier,1,0.9161100387573242
54,2024,4,1,xgboost_classifier,1,0.7271871566772461
54,2024,5,1,xgboost_classifier,1,0.6991962194442749
54,2024,6,1,xgboost_classifier,0,0.47695574164390564
55,2023,8,0,xgboost_classifier,0,0.2530736029148102
55,2023,9,0,xgboost_classifier,0,0.4079535901546478
55,2023,10,0,xgboost_classifier,1,0.5240156650543213
55,2023,11,1,xgboost_classifier,0,0.2554314136505127
55,2023,12,1,xgboost_classifier,0,0.3703863322734833
55,2024,1,1,xgboost_classifier,1,0.6062410473823547
55,2024,2,0,xgboost_classifier,1,0.8799883127212524
55,2024,3,0,xgboost_classifier,1,0.8172602653503418
55,2024,4,0,xgboost_classifier,1,0.829318106174469
55,2024,5,0,xgboost_classifier,1,0.8745701909065247
55,2024,6,1,xgboost_classifier,1,0.8224314451217651
56,2023,8,0,xgboost_classifier,0,0.4368906617164612
56,2023,9,0,xgboost_classifier,0,0.41559603810310364
56,2023,10,0,xgboost_classifier,1,0.721470057964325
56,2023,11,1,xgboost_classifier,0,0.3168136179447174
56,2023,12,1,xgboost_classifier,0,0.3748059868812561
56,2024,1,1,xgboost_classifier,1,0.6551703810691833
56,2024,2,0,xgboost_classifier,1,0.8760378360748291
56,2024,3,0,xgboost_classifier,1,0.828840970993042
56,2024,4,0,xgboost_classifier,1,0.7935947179794312
56,2024,5,0,xgboost_classifier,1,0.9063724279403687
56,2024,6,1,xgboost_classifier,1,0.8555300235748291
57,2023,8,0,xgboost_classifier,0,0.16710035502910614
57,2023,9,0,xgboost_classifier,0,0.09570790827274323
57,2023,10,0,xgboost_classifier,0,0.2828740179538727
57,2023,11,0,xgboost_classifier,0,0.1976299285888672
57,2023,12,0,xgboost_classifier,0,0.3502625823020935
57,2024,1,0,xgboost_classifier,0,0.07142941653728485
57,2024,2,1,xgboost_classifier,0,0.10532272607088089
57,2024,3,1,xgboost_classifier,0,0.2520853579044342
57,2024,4,1,xgboost_classifier,0,0.19012443721294403
57,2024,5,1,xgboost_classifier,0,0.30732157826423645
57,2024,6,1,xgboost_classifier,0,0.164163276553154
58,2023,8,0,xgboost_classifier,0,0.11468859016895294
58,2023,9,0,xgboost_classifier,0,0.1513671725988388
58,2023,10,0,xgboost_classifier,0,0.1468808352947235
58,2023,11,0,xgboost_classifier,0,0.25427958369255066
58,2023,12,0,xgboost_classifier,0,0.19662095606327057
58,2024,1,0,xgboost_classifier,0,0.18109548091888428
58,2024,2,1,xgboost_classifier,0,0.2802550494670868
58,2024,3,1,xgboost_classifier,0,0.20065055787563324
58,2024,4,1,xgboost_classifier,0,0.179556205868721
58,2024,5,1,xgboost_classifier,0,0.26659396290779114
58,2024,6,1,xgboost_classifier,0,0.15222345292568207
59,2023,8,0,xgboost_classifier,0,0.08603942394256592
59,2023,9,0,xgboost_classifier,0,0.17704209685325623
59,2023,10,0,xgboost_classifier,0,0.2114291787147522
59,2023,11,0,xgboost_classifier,0,0.2652795612812042
59,2023,12,0,xgboost_classifier,0,0.2523336708545685
59,2024,1,1,xgboost_classifier,0,0.251499205827713
59,2024,2,1,xgboost_classifier,0,0.4410523772239685
59,2024,3,1,xgboost_classifier,0,0.4192725718021393
59,2024,4,0,xgboost_classifier,0,0.305207759141922
59,2024,5,0,xgboost_classifier,0,0.2607807219028473
59,2024,6,0,xgboost_classifier,0,0.33905693888664246
60,2023,8,0,xgboost_classifier,1,0.6375628113746643
60,2023,9,0,xgboost_classifier,0,0.49232664704322815
60,2023,10,0,xgboost_classifier,1,0.6392619609832764
60,2023,11,0,xgboost_classifier,1,0.5602543950080872
60,2023,12,0,xgboost_classifier,1,0.7317806482315063
60,2024,1,1,xgboost_classifier,1,0.7190097570419312
60,2024,2,1,xgboost_classifier,1,0.6709475517272949
60,2024,3,1,xgboost_classifier,0,0.2955862879753113
60,2024,4,0,xgboost_classifier,1,0.5742545127868652
60,2024,5,0,xgboost_classifier,1,0.549832820892334
60,2024,6,0,xgboost_classifier,0,0.2794072926044464
61,2023,8,0,xgboost_classifier,0,0.3335631191730499
61,2023,9,0,xgboost_classifier,0,0.4648782014846802
61,2023,10,1,xgboost_classifier,0,0.4850180447101593
61,2023,11,1,xgboost_classifier,0,0.3086092174053192
61,2023,12,1,xgboost_classifier,1,0.6215314269065857
61,2024,1,0,xgboost_classifier,1,0.7114972472190857
61,2024,2,0,xgboost_classifier,1,0.834317684173584
61,2024,3,0,xgboost_classifier,1,0.882396936416626
61,2024,4,0,xgboost_classifier,1,0.7583020925521851
61,2024,5,0,xgboost_classifier,1,0.5644634962081909
61,2024,6,0,xgboost_classifier,1,0.5959308743476868
62,2023,8,0,xgboost_classifier,0,0.34698304533958435
62,2023,9,0,xgboost_classifier,0,0.39914512634277344
62,2023,10,1,xgboost_classifier,0,0.25905585289001465
62,2023,11,1,xgboost_classifier,0,0.19009160995483398
62,2023,12,1,xgboost_classifier,1,0.5535670518875122
62,2024,1,0,xgboost_classifier,1,0.6979214549064636
62,2024,2,0,xgboost_classifier,1,0.8446069955825806
62,2024,3,0,xgboost_classifier,1,0.7700007557868958
62,2024,4,0,xgboost_classifier,1,0.7846363186836243
62,2024,5,0,xgboost_classifier,1,0.5133605003356934
62,2024,6,0,xgboost_classifier,1,0.5673853158950806
63,2023,8,0,xgboost_classifier,1,0.8866574764251709
63,2023,9,0,xgboost_classifier,1,0.7185378074645996
63,2023,10,0,xgboost_classifier,1,0.6555606126785278
63,2023,11,1,xgboost_classifier,1,0.7828372716903687
63,2023,12,1,xgboost_classifier,1,0.707977294921875
63,2024,1,1,xgboost_classifier,1,0.5528365969657898
63,2024,2,0,xgboost_classifier,1,0.7165627479553223
63,2024,3,1,xgboost_classifier,0,0.2673972547054291
63,2024,4,1,xgboost_classifier,0,0.40451982617378235
63,2024,5,1,xgboost_classifier,1,0.7377626299858093
63,2024,6,1,xgboost_classifier,1,0.8799870610237122
64,2023,8,1,xgboost_classifier,1,0.9961510896682739
64,2023,9,1,xgboost_classifier,1,0.986586332321167
64,2023,10,0,xgboost_classifier,1,0.9881689548492432
64,2023,11,0,xgboost_classifier,1,0.9687519073486328
64,2023,12,0,xgboost_classifier,1,0.9506869912147522
64,2024,1,1,xgboost_classifier,1,0.9643235206604004
64,2024,2,1,xgboost_classifier,1,0.975505530834198
64,2024,3,1,xgboost_classifier,1,0.9652634859085083
64,2024,4,1,xgboost_classifier,1,0.977242112159729
64,2024,5,1,xgboost_classifier,1,0.9893709421157837
64,2024,6,1,xgboost_classifier,1,0.9945788383483887
65,2023,8,1,xgboost_classifier,1,0.9935500621795654
65,2023,9,1,xgboost_classifier,1,0.9803522825241089
65,2023,10,0,xgboost_classifier,1,0.9856491684913635
65,2023,11,0,xgboost_classifier,1,0.9754382371902466
65,2023,12,0,xgboost_classifier,1,0.9372575879096985
65,2024,1,1,xgboost_classifier,1,0.9737789630889893
65,2024,2,1,xgboost_classifier,1,0.9764921069145203
65,2024,3,1,xgboost_classifier,1,0.8835455179214478
65,2024,4,1,xgboost_classifier,1,0.8679407238960266
65,2024,5,1,xgboost_classifier,1,0.939727246761322
65,2024,6,1,xgboost_classifier,1,0.9752005934715271
66,2023,8,0,xgboost_classifier,1,0.9264420866966248
66,2023,9,0,xgboost_classifier,1,0.8267086744308472
66,2023,10,0,xgboost_classifier,1,0.7127186059951782
66,2023,11,1,xgboost_classifier,1,0.8023180961608887
66,2023,12,1,xgboost_classifier,1,0.7467420697212219
66,2024,1,1,xgboost_classifier,1,0.7362120151519775
66,2024,2,0,xgboost_classifier,1,0.8445366024971008
66,2024,3,1,xgboost_classifier,0,0.32702314853668213
66,2024,4,1,xgboost_classifier,1,0.6078364849090576
66,2024,5,1,xgboost_classifier,1,0.9118824005126953
66,2024,6,1,xgboost_classifier,1,0.9011212587356567
67,2023,8,1,xgboost_classifier,1,0.5078957676887512
67,2023,9,0,xgboost_classifier,1,0.5935998558998108
67,2023,10,0,xgboost_classifier,1,0.6192969679832458
67,2023,11,0,xgboost_classifier,0,0.22631612420082092
67,2023,12,0,xgboost_classifier,0,0.3588864803314209
67,2024,1,1,xgboost_classifier,0,0.3185131251811981
67,2024,2,1,xgboost_classifier,1,0.7634286880493164
67,2024,3,1,xgboost_classifier,1,0.7987397313117981
67,2024,4,0,xgboost_classifier,1,0.6785763502120972
67,2024,5,0,xgboost_classifier,1,0.8079037070274353
67,2024,6,0,xgboost_classifier,1,0.8806093335151672
68,2023,8,1,xgboost_classifier,0,0.33464372158050537
68,2023,9,0,xgboost_classifier,1,0.6948739886283875
68,2023,10,0,xgboost_classifier,0,0.3611251413822174
68,2023,11,0,xgboost_classifier,0,0.17031577229499817
68,2023,12,0,xgboost_classifier,0,0.10531706362962723
68,2024,1,1,xgboost_classifier,0,0.24841491878032684
68,2024,2,1,xgboost_classifier,0,0.3551761507987976
68,2024,3,1,xgboost_classifier,1,0.6138508319854736
68,2024,4,0,xgboost_classifier,1,0.6963778138160706
68,2024,5,0,xgboost_classifier,1,0.8063137531280518
68,2024,6,0,xgboost_classifier,1,0.6538923978805542
69,2023,8,1,xgboost_classifier,1,0.9986591339111328
69,2023,9,1,xgboost_classifier,1,0.9977511763572693
69,2023,10,1,xgboost_classifier,1,0.996589183807373
69,2023,11,1,xgboost_classifier,1,0.9960483908653259
69,2023,12,1,xgboost_classifier,1,0.9942541718482971
69,2024,1,1,xgboost_classifier,1,0.9987174272537231
69,2024,2,1,xgboost_classifier,1,0.99830162525177
69,2024,3,1,xgboost_classifier,1,0.9980493783950806
69,2024,4,1,xgboost_classifier,1,0.9965873956680298
69,2024,5,1,xgboost_classifier,1,0.998103141784668
69,2024,6,1,xgboost_classifier,1,0.9981997013092041
70,2023,8,1,xgboost_classifier,1,0.9558711647987366
70,2023,9,1,xgboost_classifier,1,0.9507059454917908
70,2023,10,0,xgboost_classifier,1,0.9840965270996094
70,2023,11,0,xgboost_classifier,1,0.9194473028182983
70,2023,12,0,xgboost_classifier,1,0.8534623384475708
70,2024,1,0,xgboost_classifier,1,0.8422614336013794
70,2024,2,0,xgboost_classifier,1,0.9388374090194702
70,2024,3,1,xgboost_classifier,1,0.9195193648338318
70,2024,4,1,xgboost_classifier,1,0.9259188175201416
70,2024,5,1,xgboost_classifier,1,0.9731157422065735
70,2024,6,0,xgboost_classifier,1,0.9676085710525513
71,2023,8,1,xgboost_classifier,1,0.9202312231063843
71,2023,9,1,xgboost_classifier,1,0.9120556116104126
71,2023,10,0,xgboost_classifier,1,0.986024022102356
71,2023,11,0,xgboost_classifier,1,0.9450897574424744
71,2023,12,0,xgboost_classifier,1,0.9129341840744019
71,2024,1,0,xgboost_classifier,1,0.9377260804176331
71,2024,2,0,xgboost_classifier,1,0.9319772720336914
71,2024,3,1,xgboost_classifier,1,0.942477822303772
71,2024,4,1,xgboost_classifier,1,0.9473803639411926
71,2024,5,1,xgboost_classifier,1,0.9748250246047974
71,2024,6,0,xgboost_classifier,1,0.964910626411438
72,2023,8,1,xgboost_classifier,0,0.4713582992553711
72,2023,9,1,xgboost_classifier,1,0.6033198833465576
72,2023,10,1,xgboost_classifier,1,0.7594911456108093
72,2023,11,0,xgboost_classifier,1,0.6277144551277161
72,2023,12,1,xgboost_classifier,0,0.31965339183807373
72,2024,1,1,xgboost_classifier,0,0.4634280800819397
72,2024,2,1,xgboost_classifier,1,0.5342484712600708
72,2024,3,1,xgboost_classifier,0,0.4922490417957306
72,2024,4,1,xgboost_classifier,1,0.6516792178153992
72,2024,5,1,xgboost_classifier,1,0.8900825381278992
72,2024,6,0,xgboost_classifier,1,0.8056293725967407
73,2023,8,1,xgboost_classifier,1,0.7416462898254395
73,2023,9,1,xgboost_classifier,1,0.8844225406646729
73,2023,10,1,xgboost_classifier,1,0.7006925344467163
73,2023,11,0,xgboost_classifier,1,0.5571833848953247
73,2023,12,1,xgboost_classifier,1,0.6117586493492126
73,2024,1,1,xgboost_classifier,1,0.9148821234703064
73,2024,2,1,xgboost_classifier,1,0.8086709976196289
73,2024,3,1,xgboost_classifier,1,0.8993348479270935
73,2024,4,1,xgboost_classifier,1,0.9050641655921936
73,2024,5,1,xgboost_classifier,1,0.9516894817352295
73,2024,6,0,xgboost_classifier,1,0.963869571685791
74,2023,8,1,xgboost_classifier,0,0.2846979796886444
74,2023,9,1,xgboost_classifier,1,0.5260501503944397
74,2023,10,1,xgboost_classifier,1,0.8318137526512146
74,2023,11,1,xgboost_classifier,1,0.7617942094802856
74,2023,12,1,xgboost_classifier,1,0.6400964260101318
74,2024,1,1,xgboost_classifier,1,0.7564035058021545
74,2024,2,1,xgboost_classifier,1,0.8269221782684326
74,2024,3,0,xgboost_classifier,1,0.849656879901886
74,2024,4,0,xgboost_classifier,1,0.8108438849449158
74,2024,5,0,xgboost_classifier,1,0.9312000870704651
74,2024,6,1,xgboost_classifier,1,0.6208008527755737
75,2023,8,1,xgboost_classifier,1,0.5773639678955078
75,2023,9,1,xgboost_classifier,1,0.716320812702179
75,2023,10,1,xgboost_classifier,1,0.9127548933029175
75,2023,11,1,xgboost_classifier,1,0.7841069102287292
75,2023,12,1,xgboost_classifier,1,0.6429202556610107
75,2024,1,1,xgboost_classifier,1,0.8467299938201904
75,2024,2,1,xgboost_classifier,1,0.9162885546684265
75,2024,3,0,xgboost_classifier,1,0.853402853012085
75,2024,4,0,xgboost_classifier,1,0.8951689600944519
75,2024,5,0,xgboost_classifier,1,0.8810773491859436
75,2024,6,1,xgboost_classifier,1,0.6574448347091675
76,2023,8,0,xgboost_classifier,0,0.2130448818206787
76,2023,9,0,xgboost_classifier,0,0.28004390001296997
76,2023,10,0,xgboost_classifier,1,0.6490752100944519
76,2023,11,0,xgboost_classifier,0,0.33677223324775696
76,2023,12,0,xgboost_classifier,0,0.1546262949705124
76,2024,1,0,xgboost_classifier,0,0.30800706148147583
76,2024,2,0,xgboost_classifier,0,0.2762191593647003
76,2024,3,0,xgboost_classifier,0,0.3302271068096161
76,2024,4,1,xgboost_classifier,0,0.3444846570491791
76,2024,5,1,xgboost_classifier,0,0.2533925473690033
76,2024,6,1,xgboost_classifier,0,0.20525285601615906
77,2023,8,1,xgboost_classifier,1,0.9969819188117981
77,2023,9,1,xgboost_classifier,1,0.9947822690010071
77,2023,10,1,xgboost_classifier,1,0.997062623500824
77,2023,11,1,xgboost_classifier,1,0.9967933297157288
77,2023,12,1,xgboost_classifier,1,0.9873292446136475
77,2024,1,1,xgboost_classifier,1,0.9969762563705444
77,2024,2,1,xgboost_classifier,1,0.9974357485771179
77,2024,3,1,xgboost_classifier,1,0.9977176189422607
77,2024,4,1,xgboost_classifier,1,0.9944215416908264
77,2024,5,1,xgboost_classifier,1,0.9960467219352722
77,2024,6,1,xgboost_classifier,1,0.9971621632575989
78,2023,8,1,xgboost_classifier,0,0.1400451362133026
78,2023,9,1,xgboost_classifier,0,0.16245746612548828
78,2023,10,1,xgboost_classifier,0,0.16232731938362122
78,2023,11,0,xgboost_classifier,0,0.2805677354335785
78,2023,12,0,xgboost_classifier,0,0.1518203318119049
78,2024,1,0,xgboost_classifier,0,0.3100081980228424
78,2024,2,0,xgboost_classifier,0,0.37936070561408997
78,2024,3,0,xgboost_classifier,0,0.21277394890785217
78,2024,4,0,xgboost_classifier,0,0.16713206470012665
78,2024,5,0,xgboost_classifier,0,0.12638796865940094
78,2024,6,0,xgboost_classifier,0,0.07277819514274597
79,2023,8,1,xgboost_classifier,0,0.24110513925552368
79,2023,9,1,xgboost_classifier,0,0.17673057317733765
79,2023,10,1,xgboost_classifier,0,0.2774311602115631
79,2023,11,0,xgboost_classifier,0,0.28853774070739746
79,2023,12,0,xgboost_classifier,0,0.10622407495975494
79,2024,1,0,xgboost_classifier,0,0.3852742612361908
79,2024,2,0,xgboost_classifier,1,0.5004145503044128
79,2024,3,0,xgboost_classifier,0,0.31297212839126587
79,2024,4,0,xgboost_classifier,0,0.25344744324684143
79,2024,5,0,xgboost_classifier,0,0.30998051166534424
79,2024,6,0,xgboost_classifier,0,0.15385103225708008
80,2023,8,1,xgboost_classifier,0,0.4644624888896942
80,2023,9,0,xgboost_classifier,0,0.4705367088317871
80,2023,10,0,xgboost_classifier,1,0.508984386920929
80,2023,11,0,xgboost_classifier,1,0.6545026302337646
80,2023,12,1,xgboost_classifier,0,0.2780912220478058
80,2024,1,1,xgboost_classifier,0,0.13434045016765594
80,2024,2,1,xgboost_classifier,0,0.14311271905899048
81,2023,8,1,xgboost_classifier,0,0.4304125905036926
81,2023,9,0,xgboost_classifier,1,0.5251299142837524
81,2023,10,0,xgboost_classifier,1,0.5795982480049133
81,2023,11,0,xgboost_classifier,1,0.6517847776412964
81,2023,12,1,xgboost_classifier,0,0.32346779108047485
81,2024,1,1,xgboost_classifier,0,0.11735722422599792
81,2024,2,1,xgboost_classifier,0,0.11426683515310287
81,2024,3,0,xgboost_classifier,0,0.3401913344860077
81,2024,4,0,xgboost_classifier,0,0.4919479489326477
81,2024,5,0,xgboost_classifier,0,0.26746630668640137
81,2024,6,0,xgboost_classifier,0,0.2365243285894394
82,2023,8,0,xgboost_classifier,0,0.08550719171762466
82,2023,9,0,xgboost_classifier,0,0.12740010023117065
82,2023,10,1,xgboost_classifier,0,0.18287989497184753
82,2023,11,1,xgboost_classifier,0,0.27662602066993713
82,2023,12,1,xgboost_classifier,0,0.26943668723106384
82,2024,1,0,xgboost_classifier,1,0.663497269153595
82,2024,2,0,xgboost_classifier,0,0.4634421169757843
82,2024,3,0,xgboost_classifier,1,0.6730159521102905
82,2024,4,0,xgboost_classifier,0,0.22626562416553497
82,2024,5,0,xgboost_classifier,0,0.23177537322044373
82,2024,6,0,xgboost_classifier,0,0.229649618268013
83,2023,8,0,xgboost_classifier,0,0.12264905869960785
83,2023,9,0,xgboost_classifier,0,0.05416925996541977
83,2023,10,1,xgboost_classifier,0,0.1403246521949768
83,2023,11,1,xgboost_classifier,0,0.26791512966156006
83,2023,12,1,xgboost_classifier,0,0.21966296434402466
83,2024,1,0,xgboost_classifier,1,0.5848312973976135
83,2024,2,0,xgboost_classifier,0,0.324103981256485
83,2024,3,0,xgboost_classifier,1,0.7044507265090942
83,2024,4,0,xgboost_classifier,0,0.44025078415870667
83,2024,5,0,xgboost_classifier,0,0.3736511170864105
83,2024,6,0,xgboost_classifier,0,0.22410503029823303
84,2023,8,0,xgboost_classifier,0,0.027435487136244774
84,2023,9,0,xgboost_classifier,0,0.06041689217090607
84,2023,10,0,xgboost_classifier,0,0.22139261662960052
84,2023,11,0,xgboost_classifier,0,0.2204434722661972
84,2023,12,0,xgboost_classifier,0,0.22566060721874237
84,2024,1,0,xgboost_classifier,0,0.07610774785280228
84,2024,2,0,xgboost_classifier,0,0.17350071668624878
84,2024,3,0,xgboost_classifier,0,0.14977863430976868
84,2024,4,1,xgboost_classifier,0,0.27726563811302185
84,2024,5,1,xgboost_classifier,0,0.26757314801216125
84,2024,6,1,xgboost_classifier,0,0.19557513296604156
85,2023,8,0,xgboost_classifier,0,0.13099049031734467
85,2023,9,0,xgboost_classifier,0,0.15480861067771912
85,2023,10,0,xgboost_classifier,0,0.1647600531578064
85,2023,11,0,xgboost_classifier,0,0.1248823031783104
85,2023,12,0,xgboost_classifier,0,0.09582455456256866
85,2024,1,0,xgboost_classifier,0,0.16248804330825806
85,2024,2,1,xgboost_classifier,0,0.07161019742488861
85,2024,3,1,xgboost_classifier,0,0.2033897340297699
85,2024,4,1,xgboost_classifier,0,0.11258609592914581
85,2024,5,0,xgboost_classifier,0,0.30615732073783875
85,2024,6,0,xgboost_classifier,0,0.19305279850959778
86,2023,8,1,xgboost_classifier,0,0.3164312243461609
86,2023,9,0,xgboost_classifier,0,0.44353005290031433
86,2023,10,0,xgboost_classifier,1,0.7578969597816467
86,2023,11,0,xgboost_classifier,0,0.3335685133934021
86,2023,12,0,xgboost_classifier,0,0.14216136932373047
86,2024,1,0,xgboost_classifier,0,0.10197804868221283
86,2024,2,1,xgboost_classifier,0,0.10382123291492462
86,2024,3,1,xgboost_classifier,0,0.1869153380393982
86,2024,4,1,xgboost_classifier,0,0.268567830324173
86,2024,5,0,xgboost_classifier,0,0.3053629398345947
86,2024,6,0,xgboost_classifier,1,0.5371778011322021
87,2023,8,0,xgboost_classifier,0,0.11046834290027618
87,2023,9,0,xgboost_classifier,0,0.1905631124973297
87,2023,10,0,xgboost_classifier,0,0.34724801778793335
87,2023,11,0,xgboost_classifier,0,0.1618497371673584
87,2023,12,0,xgboost_classifier,0,0.39425650238990784
87,2024,1,0,xgboost_classifier,0,0.42395398020744324
87,2024,2,0,xgboost_classifier,1,0.6361052989959717
87,2024,3,0,xgboost_classifier,1,0.7815379500389099
87,2024,4,0,xgboost_classifier,1,0.5437571406364441
87,2024,5,1,xgboost_classifier,1,0.6669219732284546
87,2024,6,1,xgboost_classifier,0,0.29355835914611816
88,2023,8,0,xgboost_classifier,1,0.6763446927070618
88,2023,9,0,xgboost_classifier,1,0.8556762933731079
88,2023,10,0,xgboost_classifier,1,0.8624588847160339
88,2023,11,0,xgboost_classifier,1,0.7912297248840332
88,2023,12,0,xgboost_classifier,1,0.6359275579452515
88,2024,1,0,xgboost_classifier,1,0.6750649809837341
88,2024,2,1,xgboost_classifier,1,0.887953519821167
88,2024,3,1,xgboost_classifier,1,0.7882443070411682
88,2024,4,1,xgboost_classifier,1,0.8916993141174316
88,2024,5,1,xgboost_classifier,1,0.9568825960159302
88,2024,6,1,xgboost_classifier,1,0.8791430592536926
89,2023,8,0,xgboost_classifier,1,0.8186208605766296
89,2023,9,0,xgboost_classifier,1,0.9473059177398682
89,2023,10,0,xgboost_classifier,1,0.939589262008667
89,2023,11,0,xgboost_classifier,1,0.9247915744781494
89,2023,12,0,xgboost_classifier,1,0.853755533695221
89,2024,1,0,xgboost_classifier,1,0.9629393815994263
89,2024,2,1,xgboost_classifier,1,0.9210392236709595
89,2024,3,1,xgboost_classifier,1,0.861841082572937
89,2024,4,1,xgboost_classifier,1,0.9388117790222168
89,2024,5,1,xgboost_classifier,1,0.9586411714553833
89,2024,6,1,xgboost_classifier,1,0.9552243947982788
90,2023,8,1,xgboost_classifier,0,0.05044028162956238
90,2023,9,1,xgboost_classifier,0,0.09968950599431992
90,2023,10,1,xgboost_classifier,0,0.14980396628379822
90,2023,11,0,xgboost_classifier,0,0.2006956934928894
90,2023,12,0,xgboost_classifier,0,0.056785110384225845
90,2024,1,0,xgboost_classifier,0,0.09921734035015106
90,2024,2,0,xgboost_classifier,0,0.27088621258735657
90,2024,3,0,xgboost_classifier,0,0.08134879916906357
90,2024,4,0,xgboost_classifier,0,0.09791722148656845
90,2024,5,0,xgboost_classifier,0,0.28882771730422974
90,2024,6,0,xgboost_classifier,0,0.08627360314130783
91,2023,8,1,xgboost_classifier,0,0.07766316086053848
91,2023,9,1,xgboost_classifier,0,0.1551559418439865
91,2023,10,1,xgboost_classifier,0,0.199546679854393
91,2023,11,0,xgboost_classifier,0,0.21678364276885986
91,2023,12,0,xgboost_classifier,0,0.07923707365989685
91,2024,1,0,xgboost_classifier,0,0.07920726388692856
91,2024,2,0,xgboost_classifier,0,0.25257471203804016
91,2024,3,0,xgboost_classifier,0,0.09533321857452393
91,2024,4,0,xgboost_classifier,0,0.10038205236196518
91,2024,5,0,xgboost_classifier,0,0.3975781500339508
91,2024,6,0,xgboost_classifier,0,0.21518737077713013
92,2023,8,0,xgboost_classifier,0,0.018674364313483238
92,2023,9,0,xgboost_classifier,0,0.09335795044898987
92,2023,10,0,xgboost_classifier,0,0.10306054353713989
92,2023,11,0,xgboost_classifier,0,0.06417665630578995
92,2023,12,1,xgboost_classifier,0,0.05662178993225098
92,2024,1,1,xgboost_classifier,0,0.03469782695174217
92,2024,2,1,xgboost_classifier,0,0.06306447088718414
92,2024,3,0,xgboost_classifier,0,0.11828835308551788
92,2024,4,0,xgboost_classifier,0,0.2024800181388855
92,2024,5,0,xgboost_classifier,0,0.3680904805660248
92,2024,6,0,xgboost_classifier,0,0.0949571430683136
93,2023,8,0,xgboost_classifier,0,0.021030385047197342
93,2023,9,0,xgboost_classifier,0,0.09427748620510101
93,2023,10,0,xgboost_classifier,0,0.0891544371843338
93,2023,11,0,xgboost_classifier,0,0.05643488094210625
93,2023,12,1,xgboost_classifier,0,0.03392476215958595
93,2024,1,1,xgboost_classifier,0,0.04168498516082764
93,2024,2,1,xgboost_classifier,0,0.07125388085842133
93,2024,3,0,xgboost_classifier,0,0.09484868496656418
93,2024,4,0,xgboost_classifier,0,0.24164490401744843
93,2024,5,0,xgboost_classifier,0,0.3131730258464813
93,2024,6,0,xgboost_classifier,0,0.12754999101161957
94,2023,8,1,xgboost_classifier,1,0.949251651763916
94,2023,9,1,xgboost_classifier,1,0.7880382537841797
94,2023,10,1,xgboost_classifier,1,0.9039337038993835
94,2023,11,1,xgboost_classifier,1,0.8012371063232422
94,2023,12,1,xgboost_classifier,1,0.8440507650375366
94,2024,1,1,xgboost_classifier,1,0.7983777523040771
94,2024,2,1,xgboost_classifier,1,0.6641425490379333
94,2024,3,1,xgboost_classifier,1,0.6627719402313232
94,2024,4,0,xgboost_classifier,1,0.7916253805160522
94,2024,5,0,xgboost_classifier,1,0.7420669198036194
94,2024,6,1,xgboost_classifier,1,0.6370164752006531
95,2023,8,0,xgboost_classifier,0,0.19808022677898407
95,2023,9,0,xgboost_classifier,0,0.1969369351863861
95,2023,10,1,xgboost_classifier,1,0.6185017228126526
95,2023,11,1,xgboost_classifier,0,0.27787330746650696
95,2023,12,1,xgboost_classifier,0,0.14122480154037476
95,2024,1,0,xgboost_classifier,0,0.469355970621109
95,2024,2,0,xgboost_classifier,1,0.6406477093696594
95,2024,3,0,xgboost_classifier,1,0.8051595091819763
95,2024,4,0,xgboost_classifier,1,0.7347210049629211
95,2024,5,0,xgboost_classifier,1,0.9321309328079224
95,2024,6,0,xgboost_classifier,1,0.7884396314620972
96,2023,8,0,xgboost_classifier,0,0.11384306102991104
96,2023,9,0,xgboost_classifier,0,0.30673280358314514
96,2023,10,1,xgboost_classifier,1,0.5395452380180359
96,2023,11,1,xgboost_classifier,0,0.25996291637420654
96,2023,12,1,xgboost_classifier,0,0.12532858550548553
96,2024,1,0,xgboost_classifier,0,0.3319707214832306
96,2024,2,0,xgboost_classifier,1,0.769959032535553
96,2024,3,0,xgboost_classifier,1,0.7515597939491272
96,2024,4,0,xgboost_classifier,1,0.7191113829612732
96,2024,5,1,xgboost_classifier,1,0.8700742125511169
96,2024,6,1,xgboost_classifier,1,0.7977043390274048
97,2023,8,1,xgboost_classifier,0,0.3173083961009979
97,2023,9,1,xgboost_classifier,0,0.35991063714027405
97,2023,10,1,xgboost_classifier,1,0.6354546546936035
97,2023,11,1,xgboost_classifier,0,0.312730073928833
97,2023,12,1,xgboost_classifier,1,0.568851113319397
97,2024,1,1,xgboost_classifier,1,0.8383020162582397
97,2024,2,0,xgboost_classifier,1,0.9460350275039673
97,2024,3,0,xgboost_classifier,1,0.8800384402275085
97,2024,4,0,xgboost_classifier,1,0.9176924228668213
97,2024,5,0,xgboost_classifier,1,0.8492311835289001
97,2024,6,0,xgboost_classifier,0,0.46032053232192993
98,2023,8,1,xgboost_classifier,0,0.21879568696022034
98,2023,9,1,xgboost_classifier,0,0.1842469573020935
98,2023,10,1,xgboost_classifier,1,0.7316474318504333
98,2023,11,1,xgboost_classifier,0,0.2563019394874573
98,2023,12,1,xgboost_classifier,0,0.24440951645374298
98,2024,1,1,xgboost_classifier,1,0.810342013835907
98,2024,2,0,xgboost_classifier,1,0.9445846676826477
98,2024,3,0,xgboost_classifier,1,0.8732900619506836
98,2024,4,0,xgboost_classifier,1,0.8520920872688293
98,2024,5,0,xgboost_classifier,1,0.8369861841201782
98,2024,6,0,xgboost_classifier,0,0.4167141616344452
99,2023,8,0,xgboost_classifier,1,0.7955313920974731
99,2023,9,1,xgboost_classifier,1,0.7854512333869934
99,2023,10,1,xgboost_classifier,1,0.891830325126648
99,2023,11,1,xgboost_classifier,1,0.9107632637023926
99,2023,12,1,xgboost_classifier,1,0.7289301753044128
99,2024,1,1,xgboost_classifier,1,0.8223474025726318
99,2024,2,1,xgboost_classifier,1,0.8858294486999512
99,2024,3,1,xgboost_classifier,1,0.6343256831169128
99,2024,4,1,xgboost_classifier,1,0.7088026404380798
99,2024,5,1,xgboost_classifier,1,0.9167858362197876
99,2024,6,1,xgboost_classifier,1,0.9398916363716125
100,2023,8,0,xgboost_classifier,1,0.9794312119483948
100,2023,9,1,xgboost_classifier,1,0.9846110939979553
100,2023,10,1,xgboost_classifier,1,0.9775913953781128
100,2023,11,1,xgboost_classifier,1,0.9571118950843811
100,2023,12,1,xgboost_classifier,1,0.9185408353805542
100,2024,1,1,xgboost_classifier,1,0.9850856065750122
100,2024,2,1,xgboost_classifier,1,0.9236423969268799
100,2024,3,1,xgboost_classifier,1,0.9654875993728638
100,2024,4,1,xgboost_classifier,1,0.9815667867660522
100,2024,5,1,xgboost_classifier,1,0.9948705434799194
100,2024,6,1,xgboost_classifier,1,0.9945563077926636
101,2023,8,1,xgboost_classifier,1,0.8021945953369141
101,2023,9,1,xgboost_classifier,1,0.7475118637084961
101,2023,10,1,xgboost_classifier,1,0.9683862328529358
101,2023,11,1,xgboost_classifier,1,0.9664406180381775
101,2023,12,1,xgboost_classifier,1,0.9443588256835938
101,2024,1,1,xgboost_classifier,1,0.9037196636199951
101,2024,2,1,xgboost_classifier,1,0.9775770306587219
101,2024,3,1,xgboost_classifier,1,0.9483065605163574
101,2024,4,1,xgboost_classifier,1,0.9695713520050049
101,2024,5,1,xgboost_classifier,1,0.95017409324646
101,2024,6,1,xgboost_classifier,1,0.8874943256378174
102,2023,8,1,xgboost_classifier,1,0.8732720017433167
102,2023,9,1,xgboost_classifier,1,0.856530487537384
102,2023,10,1,xgboost_classifier,1,0.9789193868637085
102,2023,11,1,xgboost_classifier,1,0.9751729965209961
102,2023,12,1,xgboost_classifier,1,0.949944257736206
102,2024,1,1,xgboost_classifier,1,0.9381437301635742
102,2024,2,1,xgboost_classifier,1,0.9856715798377991
102,2024,3,1,xgboost_classifier,1,0.958659291267395
102,2024,4,1,xgboost_classifier,1,0.9778633117675781
102,2024,5,1,xgboost_classifier,1,0.8800742626190186
102,2024,6,1,xgboost_classifier,1,0.8005876541137695
103,2023,8,1,xgboost_classifier,0,0.10123972594738007
103,2023,9,0,xgboost_classifier,0,0.1765480637550354
103,2023,10,0,xgboost_classifier,0,0.2701873779296875
103,2023,11,0,xgboost_classifier,0,0.16397613286972046
103,2023,12,0,xgboost_classifier,0,0.0814649686217308
103,2024,1,0,xgboost_classifier,0,0.07108179479837418
103,2024,2,0,xgboost_classifier,0,0.27400830388069153
103,2024,3,0,xgboost_classifier,0,0.12762966752052307
103,2024,4,0,xgboost_classifier,0,0.11655911058187485
103,2024,5,0,xgboost_classifier,0,0.24708136916160583
103,2024,6,0,xgboost_classifier,0,0.2735334038734436
104,2023,8,1,xgboost_classifier,0,0.08555086702108383
104,2023,9,0,xgboost_classifier,0,0.2689933180809021
104,2023,10,0,xgboost_classifier,0,0.27344977855682373
104,2023,11,0,xgboost_classifier,0,0.1932065188884735
104,2023,12,0,xgboost_classifier,0,0.0885566994547844
104,2024,1,0,xgboost_classifier,0,0.114127017557621
104,2024,2,0,xgboost_classifier,0,0.2720121741294861
104,2024,3,0,xgboost_classifier,0,0.1716419756412506
104,2024,4,0,xgboost_classifier,0,0.1481226533651352
104,2024,5,0,xgboost_classifier,0,0.30559271574020386
104,2024,6,0,xgboost_classifier,0,0.26862165331840515
105,2023,8,1,xgboost_classifier,1,0.7150752544403076
105,2023,9,1,xgboost_classifier,1,0.7035999298095703
105,2023,10,1,xgboost_classifier,0,0.44496598839759827
105,2023,11,1,xgboost_classifier,0,0.2783434987068176
105,2023,12,1,xgboost_classifier,0,0.18844522535800934
105,2024,1,1,xgboost_classifier,0,0.20779529213905334
105,2024,2,0,xgboost_classifier,0,0.2696177363395691
105,2024,3,0,xgboost_classifier,0,0.3109678030014038
105,2024,4,0,xgboost_classifier,0,0.28833338618278503
105,2024,5,0,xgboost_classifier,0,0.21191856265068054
105,2024,6,0,xgboost_classifier,0,0.20283479988574982
106,2023,8,1,xgboost_classifier,1,0.5188121199607849
106,2023,9,1,xgboost_classifier,0,0.39698585867881775
106,2023,10,1,xgboost_classifier,1,0.8693062663078308
106,2023,11,1,xgboost_classifier,1,0.6994008421897888
106,2023,12,1,xgboost_classifier,0,0.45531079173088074
106,2024,1,1,xgboost_classifier,1,0.6174612045288086
106,2024,2,0,xgboost_classifier,1,0.6943488717079163
106,2024,3,0,xgboost_classifier,0,0.3759274184703827
106,2024,4,0,xgboost_classifier,0,0.3088945746421814
106,2024,5,0,xgboost_classifier,0,0.4814456105232239
106,2024,6,0,xgboost_classifier,0,0.22731788456439972
107,2023,8,1,xgboost_classifier,1,0.9984157085418701
107,2023,9,1,xgboost_classifier,1,0.9969802498817444
107,2023,10,1,xgboost_classifier,1,0.9944344162940979
107,2023,11,1,xgboost_classifier,1,0.9940990209579468
107,2023,12,1,xgboost_classifier,1,0.9924430251121521
107,2024,1,1,xgboost_classifier,1,0.9981789588928223
107,2024,2,1,xgboost_classifier,1,0.9977216124534607
107,2024,3,1,xgboost_classifier,1,0.997397780418396
107,2024,4,1,xgboost_classifier,1,0.9953136444091797
107,2024,5,1,xgboost_classifier,1,0.9960468411445618
107,2024,6,1,xgboost_classifier,1,0.9973973035812378
108,2023,8,0,xgboost_classifier,1,0.5174762010574341
108,2023,9,0,xgboost_classifier,1,0.6505394577980042
108,2023,10,0,xgboost_classifier,1,0.7776133418083191
108,2023,11,0,xgboost_classifier,1,0.5616498589515686
108,2023,12,0,xgboost_classifier,1,0.516563892364502
108,2024,1,0,xgboost_classifier,1,0.6051284670829773
108,2024,2,0,xgboost_classifier,0,0.39165449142456055
108,2024,3,0,xgboost_classifier,1,0.5093205571174622
108,2024,4,1,xgboost_classifier,1,0.632158100605011
108,2024,5,1,xgboost_classifier,1,0.8704841136932373
108,2024,6,1,xgboost_classifier,1,0.7256067991256714
109,2023,8,0,xgboost_classifier,1,0.9835253953933716
109,2023,9,0,xgboost_classifier,1,0.9792320728302002
109,2023,10,0,xgboost_classifier,1,0.9692338109016418
109,2023,11,0,xgboost_classifier,1,0.9218328595161438
109,2023,12,0,xgboost_classifier,1,0.866845965385437
109,2024,1,0,xgboost_classifier,1,0.9615605473518372
109,2024,2,0,xgboost_classifier,1,0.8909898400306702
109,2024,3,0,xgboost_classifier,1,0.9150610566139221
109,2024,4,0,xgboost_classifier,1,0.9819268584251404
109,2024,5,0,xgboost_classifier,1,0.9886680245399475
109,2024,6,1,xgboost_classifier,1,0.9688960313796997
110,2023,8,1,xgboost_classifier,1,0.9623910188674927
110,2023,9,1,xgboost_classifier,1,0.9674682021141052
110,2023,10,1,xgboost_classifier,1,0.891022801399231
110,2023,11,1,xgboost_classifier,1,0.8589913249015808
110,2023,12,1,xgboost_classifier,1,0.8304447531700134
110,2024,1,1,xgboost_classifier,1,0.9628890156745911
110,2024,2,1,xgboost_classifier,1,0.9763392210006714
110,2024,3,1,xgboost_classifier,1,0.8941770792007446
110,2024,4,0,xgboost_classifier,1,0.9538140892982483
110,2024,5,0,xgboost_classifier,1,0.948160707950592
110,2024,6,1,xgboost_classifier,1,0.9712145328521729
111,2023,8,1,xgboost_classifier,1,0.8147593140602112
111,2023,9,1,xgboost_classifier,1,0.7363399267196655
111,2023,10,1,xgboost_classifier,1,0.8871976137161255
111,2023,11,1,xgboost_classifier,1,0.9652129411697388
111,2023,12,1,xgboost_classifier,1,0.8713054060935974
111,2024,1,1,xgboost_classifier,1,0.9557559490203857
111,2024,2,1,xgboost_classifier,1,0.9841700792312622
111,2024,3,1,xgboost_classifier,1,0.9720058441162109
111,2024,4,1,xgboost_classifier,1,0.9424567818641663
111,2024,5,1,xgboost_classifier,1,0.8922126293182373
111,2024,6,1,xgboost_classifier,1,0.932631254196167
112,2023,8,1,xgboost_classifier,1,0.6036392450332642
112,2023,9,1,xgboost_classifier,1,0.7177106142044067
112,2023,10,1,xgboost_classifier,1,0.8445315957069397
112,2023,11,1,xgboost_classifier,1,0.8597984313964844
112,2023,12,0,xgboost_classifier,1,0.7164674401283264
112,2024,1,0,xgboost_classifier,1,0.7337563633918762
112,2024,2,0,xgboost_classifier,1,0.7498481273651123
112,2024,3,0,xgboost_classifier,1,0.5864173173904419
112,2024,4,0,xgboost_classifier,1,0.6272755265235901
112,2024,5,1,xgboost_classifier,1,0.6576606035232544
112,2024,6,1,xgboost_classifier,0,0.4857507348060608
113,2023,8,1,xgboost_classifier,1,0.5716627836227417
113,2023,9,1,xgboost_classifier,1,0.5045198798179626
113,2023,10,1,xgboost_classifier,1,0.7132884860038757
113,2023,11,1,xgboost_classifier,1,0.8479912281036377
113,2023,12,0,xgboost_classifier,1,0.6490042209625244
113,2024,1,0,xgboost_classifier,0,0.4986547827720642
113,2024,2,0,xgboost_classifier,1,0.7051452398300171
113,2024,3,0,xgboost_classifier,1,0.8045448064804077
113,2024,4,0,xgboost_classifier,1,0.5450196862220764
113,2024,5,0,xgboost_classifier,1,0.5644675493240356
113,2024,6,0,xgboost_classifier,0,0.35834217071533203
114,2023,8,1,xgboost_classifier,1,0.6433774828910828
114,2023,9,1,xgboost_classifier,1,0.5246695280075073
114,2023,10,1,xgboost_classifier,1,0.8551223278045654
114,2023,11,1,xgboost_classifier,1,0.9094998240470886
114,2023,12,0,xgboost_classifier,1,0.762755274772644
114,2024,1,0,xgboost_classifier,1,0.5047243237495422
114,2024,2,0,xgboost_classifier,1,0.6118283271789551
114,2024,3,0,xgboost_classifier,1,0.5822984576225281
114,2024,4,0,xgboost_classifier,1,0.7276964783668518
114,2024,5,0,xgboost_classifier,1,0.5709473490715027
114,2024,6,0,xgboost_classifier,1,0.6291811466217041
115,2023,8,1,xgboost_classifier,1,0.8951760530471802
115,2023,9,1,xgboost_classifier,1,0.8872116208076477
115,2023,10,1,xgboost_classifier,1,0.9111815690994263
115,2023,11,1,xgboost_classifier,1,0.9594469666481018
115,2023,12,1,xgboost_classifier,1,0.9282801747322083
115,2024,1,1,xgboost_classifier,1,0.9703444242477417
115,2024,2,1,xgboost_classifier,1,0.9865173101425171
115,2024,3,1,xgboost_classifier,1,0.9893226027488708
115,2024,4,1,xgboost_classifier,1,0.9851110577583313
115,2024,5,1,xgboost_classifier,1,0.9923198819160461
115,2024,6,1,xgboost_classifier,1,0.9879597425460815
116,2023,8,1,xgboost_classifier,0,0.3682924807071686
116,2023,9,1,xgboost_classifier,0,0.3528285622596741
116,2023,10,1,xgboost_classifier,0,0.28083813190460205
116,2023,11,1,xgboost_classifier,0,0.4466194212436676
116,2023,12,1,xgboost_classifier,0,0.3667512834072113
116,2024,1,1,xgboost_classifier,0,0.3349458873271942
116,2024,2,1,xgboost_classifier,0,0.3092520236968994
116,2024,3,1,xgboost_classifier,1,0.7414547801017761
116,2024,4,1,xgboost_classifier,1,0.7718814015388489
116,2024,5,0,xgboost_classifier,1,0.855131208896637
116,2024,6,0,xgboost_classifier,1,0.6153320670127869
117,2023,8,1,xgboost_classifier,0,0.41972553730010986
117,2023,9,1,xgboost_classifier,1,0.5609728693962097
117,2023,10,1,xgboost_classifier,1,0.6211575865745544
117,2023,11,1,xgboost_classifier,1,0.7324537038803101
117,2023,12,1,xgboost_classifier,1,0.5283159017562866
117,2024,1,1,xgboost_classifier,0,0.408638060092926
117,2024,2,1,xgboost_classifier,0,0.47756239771842957
117,2024,3,1,xgboost_classifier,1,0.8105655908584595
117,2024,4,1,xgboost_classifier,1,0.8173168301582336
117,2024,5,0,xgboost_classifier,1,0.8469707369804382
117,2024,6,0,xgboost_classifier,1,0.648424506187439
118,2023,8,1,xgboost_classifier,1,0.9863970875740051
118,2023,9,1,xgboost_classifier,1,0.9807353615760803
118,2023,10,1,xgboost_classifier,1,0.9932283759117126
118,2023,11,1,xgboost_classifier,1,0.9964286684989929
118,2023,12,1,xgboost_classifier,1,0.9962648749351501
118,2024,1,1,xgboost_classifier,1,0.9890342950820923
118,2024,2,1,xgboost_classifier,1,0.9876198768615723
118,2024,3,1,xgboost_classifier,1,0.9819558262825012
118,2024,4,1,xgboost_classifier,1,0.9894174933433533
118,2024,5,1,xgboost_classifier,1,0.9425396919250488
118,2024,6,1,xgboost_classifier,1,0.9654089212417603
119,2023,8,1,xgboost_classifier,1,0.730790913105011
119,2023,9,1,xgboost_classifier,1,0.6621017456054688
119,2023,10,1,xgboost_classifier,1,0.8809590339660645
119,2023,11,1,xgboost_classifier,1,0.8088161945343018
119,2023,12,1,xgboost_classifier,1,0.908805251121521
119,2024,1,1,xgboost_classifier,1,0.7306482195854187
119,2024,2,1,xgboost_classifier,1,0.864779531955719
119,2024,3,1,xgboost_classifier,1,0.7291701436042786
119,2024,4,1,xgboost_classifier,1,0.7291688919067383
119,2024,5,1,xgboost_classifier,0,0.48523157835006714
119,2024,6,1,xgboost_classifier,1,0.6352900862693787
120,2023,8,0,xgboost_classifier,0,0.04805862158536911
120,2023,9,1,xgboost_classifier,0,0.0818348154425621
120,2023,10,1,xgboost_classifier,0,0.15983396768569946
120,2023,11,1,xgboost_classifier,0,0.19354884326457977
120,2023,12,1,xgboost_classifier,0,0.22900834679603577
120,2024,1,0,xgboost_classifier,0,0.0687369555234909
120,2024,2,1,xgboost_classifier,0,0.176809623837471
120,2024,3,1,xgboost_classifier,0,0.14269720017910004
120,2024,4,1,xgboost_classifier,0,0.2089165300130844
120,2024,5,0,xgboost_classifier,0,0.26686760783195496
120,2024,6,1,xgboost_classifier,0,0.1845809519290924
121,2023,8,0,xgboost_classifier,0,0.04312459006905556
121,2023,9,1,xgboost_classifier,0,0.03556428849697113
121,2023,10,1,xgboost_classifier,0,0.11177445203065872
121,2023,11,1,xgboost_classifier,0,0.1952621340751648
121,2023,12,1,xgboost_classifier,0,0.24526174366474152
121,2024,1,0,xgboost_classifier,0,0.15413737297058105
121,2024,2,1,xgboost_classifier,0,0.1675567775964737
121,2024,3,1,xgboost_classifier,0,0.23051685094833374
121,2024,4,1,xgboost_classifier,0,0.19123129546642303
121,2024,5,0,xgboost_classifier,0,0.2613924741744995
121,2024,6,1,xgboost_classifier,0,0.1527985781431198
122,2023,8,1,xgboost_classifier,1,0.964975118637085
122,2023,9,1,xgboost_classifier,1,0.9668573141098022
122,2023,10,1,xgboost_classifier,1,0.9812038540840149
122,2023,11,1,xgboost_classifier,1,0.9668974876403809
122,2023,12,1,xgboost_classifier,1,0.9471792578697205
122,2024,1,1,xgboost_classifier,1,0.9697234034538269
122,2024,2,1,xgboost_classifier,1,0.9427569508552551
122,2024,3,1,xgboost_classifier,1,0.9681063890457153
122,2024,4,1,xgboost_classifier,1,0.9656716585159302
122,2024,5,0,xgboost_classifier,1,0.98236083984375
122,2024,6,0,xgboost_classifier,1,0.9705060720443726
124,2023,8,0,xgboost_classifier,1,0.5704889297485352
124,2023,9,1,xgboost_classifier,1,0.7495781183242798
124,2023,10,1,xgboost_classifier,1,0.7438675761222839
124,2023,11,1,xgboost_classifier,1,0.7078400254249573
124,2023,12,0,xgboost_classifier,0,0.3090831935405731
124,2024,1,1,xgboost_classifier,0,0.242431640625
124,2024,2,1,xgboost_classifier,0,0.12843579053878784
124,2024,3,1,xgboost_classifier,0,0.38980889320373535
124,2024,4,0,xgboost_classifier,0,0.3731374144554138
124,2024,5,0,xgboost_classifier,0,0.22605162858963013
125,2023,8,1,xgboost_classifier,1,0.9827569723129272
125,2023,9,1,xgboost_classifier,1,0.9689821004867554
125,2023,10,1,xgboost_classifier,1,0.9769644141197205
125,2023,11,1,xgboost_classifier,1,0.9701152443885803
125,2023,12,1,xgboost_classifier,1,0.9354603886604309
125,2024,1,1,xgboost_classifier,1,0.9380060434341431
125,2024,2,1,xgboost_classifier,1,0.9249815940856934
125,2024,3,1,xgboost_classifier,1,0.9711207151412964
125,2024,4,1,xgboost_classifier,1,0.9456173181533813
125,2024,5,0,xgboost_classifier,1,0.9767862558364868
125,2024,6,0,xgboost_classifier,1,0.9841199517250061
126,2023,8,1,xgboost_classifier,1,0.9315344095230103
126,2023,9,1,xgboost_classifier,1,0.799279510974884
126,2023,10,1,xgboost_classifier,1,0.8594995141029358
126,2023,11,1,xgboost_classifier,1,0.7802513837814331
126,2023,12,1,xgboost_classifier,1,0.8288421034812927
126,2024,1,1,xgboost_classifier,1,0.780475378036499
126,2024,2,0,xgboost_classifier,1,0.9264500737190247
126,2024,3,0,xgboost_classifier,1,0.8856216073036194
126,2024,4,1,xgboost_classifier,1,0.9309881329536438
126,2024,5,1,xgboost_classifier,1,0.9350749850273132
126,2024,6,1,xgboost_classifier,1,0.8505972623825073
127,2023,8,1,xgboost_classifier,1,0.5180659890174866
127,2023,9,1,xgboost_classifier,1,0.6417696475982666
127,2023,10,1,xgboost_classifier,1,0.7055754661560059
127,2023,11,1,xgboost_classifier,1,0.7683132886886597
127,2023,12,0,xgboost_classifier,1,0.7069684863090515
127,2024,1,1,xgboost_classifier,1,0.5718594789505005
127,2024,2,1,xgboost_classifier,1,0.6341938972473145
127,2024,3,1,xgboost_classifier,0,0.3499400019645691
127,2024,4,1,xgboost_classifier,1,0.574319064617157
127,2024,5,1,xgboost_classifier,1,0.7264378666877747
127,2024,6,1,xgboost_classifier,0,0.48291394114494324
128,2023,8,1,xgboost_classifier,1,0.547838568687439
128,2023,9,0,xgboost_classifier,1,0.6159377694129944
128,2023,10,0,xgboost_classifier,1,0.7246432304382324
128,2023,11,0,xgboost_classifier,0,0.4662782549858093
128,2023,12,0,xgboost_classifier,0,0.40805670619010925
128,2024,1,0,xgboost_classifier,1,0.5043699145317078
128,2024,2,0,xgboost_classifier,1,0.7266693115234375
128,2024,3,1,xgboost_classifier,1,0.9298474788665771
128,2024,4,1,xgboost_classifier,1,0.8566523790359497
128,2024,5,1,xgboost_classifier,1,0.8927792906761169
128,2024,6,0,xgboost_classifier,1,0.8257965445518494
129,2023,8,1,xgboost_classifier,1,0.6256333589553833
129,2023,9,0,xgboost_classifier,1,0.7095099091529846
129,2023,10,0,xgboost_classifier,1,0.8197044730186462
129,2023,11,0,xgboost_classifier,1,0.540336549282074
129,2023,12,0,xgboost_classifier,0,0.4980754256248474
129,2024,1,0,xgboost_classifier,1,0.5023346543312073
129,2024,2,0,xgboost_classifier,1,0.758794367313385
129,2024,3,1,xgboost_classifier,1,0.9541076421737671
129,2024,4,1,xgboost_classifier,1,0.831684947013855
129,2024,5,1,xgboost_classifier,1,0.9260244965553284
129,2024,6,0,xgboost_classifier,1,0.8306964039802551
131,2023,8,0,xgboost_classifier,0,0.2138957530260086
131,2023,9,0,xgboost_classifier,0,0.1773233264684677
131,2023,10,0,xgboost_classifier,1,0.5053333044052124
131,2023,11,0,xgboost_classifier,0,0.3837323486804962
131,2023,12,0,xgboost_classifier,0,0.43875226378440857
131,2024,1,0,xgboost_classifier,0,0.3325393497943878
131,2024,2,0,xgboost_classifier,1,0.5258188843727112
131,2024,3,1,xgboost_classifier,0,0.430921345949173
131,2024,4,1,xgboost_classifier,0,0.42892104387283325
131,2024,5,1,xgboost_classifier,0,0.42813095450401306
131,2024,6,0,xgboost_classifier,0,0.3847830593585968
132,2023,8,0,xgboost_classifier,0,0.06500905007123947
132,2023,9,0,xgboost_classifier,0,0.11695286631584167
132,2023,10,0,xgboost_classifier,0,0.30790698528289795
132,2023,11,0,xgboost_classifier,0,0.15310843288898468
132,2023,12,0,xgboost_classifier,0,0.11465241014957428
132,2024,1,0,xgboost_classifier,0,0.10324257612228394
132,2024,2,0,xgboost_classifier,0,0.32975900173187256
132,2024,3,0,xgboost_classifier,0,0.059095174074172974
132,2024,4,0,xgboost_classifier,0,0.07388139516115189
132,2024,5,0,xgboost_classifier,0,0.3039771020412445
132,2024,6,0,xgboost_classifier,0,0.041488166898489
133,2023,8,0,xgboost_classifier,0,0.09192519634962082
133,2023,9,0,xgboost_classifier,0,0.4869868755340576
133,2023,10,0,xgboost_classifier,1,0.5583204030990601
133,2023,11,0,xgboost_classifier,0,0.16620290279388428
133,2023,12,0,xgboost_classifier,0,0.2187398076057434
133,2024,1,0,xgboost_classifier,0,0.2397173047065735
133,2024,2,0,xgboost_classifier,1,0.7324797511100769
133,2024,3,0,xgboost_classifier,0,0.35423585772514343
133,2024,4,0,xgboost_classifier,0,0.29782935976982117
133,2024,5,0,xgboost_classifier,1,0.6152864098548889
133,2024,6,0,xgboost_classifier,0,0.47669902443885803
134,2023,8,0,xgboost_classifier,0,0.06980790197849274
134,2023,9,0,xgboost_classifier,0,0.1414230316877365
134,2023,10,0,xgboost_classifier,0,0.11185644567012787
134,2023,11,0,xgboost_classifier,0,0.13835948705673218
134,2023,12,0,xgboost_classifier,0,0.05546543374657631
134,2024,1,0,xgboost_classifier,0,0.0668669119477272
134,2024,2,0,xgboost_classifier,0,0.10703706741333008
134,2024,3,0,xgboost_classifier,0,0.26297634840011597
134,2024,4,0,xgboost_classifier,0,0.1785140186548233
134,2024,5,0,xgboost_classifier,0,0.15548335015773773
134,2024,6,0,xgboost_classifier,0,0.07493957877159119
135,2023,8,0,xgboost_classifier,0,0.14848652482032776
135,2023,9,0,xgboost_classifier,0,0.17762033641338348
135,2023,10,0,xgboost_classifier,0,0.35047513246536255
135,2023,11,0,xgboost_classifier,0,0.18012839555740356
135,2023,12,0,xgboost_classifier,0,0.31902581453323364
135,2024,1,0,xgboost_classifier,1,0.6362219452857971
135,2024,2,0,xgboost_classifier,1,0.7602625489234924
135,2024,3,0,xgboost_classifier,1,0.675287663936615
135,2024,4,0,xgboost_classifier,0,0.4849484860897064
135,2024,5,0,xgboost_classifier,1,0.6933269500732422
135,2024,6,0,xgboost_classifier,0,0.3646766245365143
136,2023,8,1,xgboost_classifier,1,0.8173823356628418
136,2023,9,1,xgboost_classifier,1,0.8828253149986267
136,2023,10,1,xgboost_classifier,1,0.7949662804603577
136,2023,11,1,xgboost_classifier,1,0.9444455504417419
136,2023,12,1,xgboost_classifier,1,0.8989048600196838
136,2024,1,1,xgboost_classifier,1,0.8702453970909119
136,2024,2,0,xgboost_classifier,1,0.8465688824653625
136,2024,3,0,xgboost_classifier,1,0.8597439527511597
136,2024,4,0,xgboost_classifier,1,0.8862243294715881
136,2024,5,0,xgboost_classifier,1,0.9639175534248352
136,2024,6,1,xgboost_classifier,1,0.8005511164665222
137,2023,8,1,xgboost_classifier,1,0.9373366236686707
137,2023,9,1,xgboost_classifier,1,0.9457360506057739
137,2023,10,1,xgboost_classifier,1,0.8473196029663086
137,2023,11,1,xgboost_classifier,1,0.7975589036941528
137,2023,12,1,xgboost_classifier,1,0.8848241567611694
137,2024,1,1,xgboost_classifier,1,0.9900867342948914
137,2024,2,1,xgboost_classifier,1,0.9841732978820801
137,2024,3,1,xgboost_classifier,1,0.9493082761764526
137,2024,4,1,xgboost_classifier,1,0.9703537225723267
137,2024,5,0,xgboost_classifier,1,0.9401010274887085
137,2024,6,1,xgboost_classifier,1,0.9211474657058716
138,2023,8,1,xgboost_classifier,1,0.9819151163101196
138,2023,9,1,xgboost_classifier,1,0.9880384802818298
138,2023,10,1,xgboost_classifier,1,0.9808563590049744
138,2023,11,1,xgboost_classifier,1,0.9663737416267395
138,2023,12,1,xgboost_classifier,1,0.9724125266075134
138,2024,1,1,xgboost_classifier,1,0.9978971481323242
138,2024,2,1,xgboost_classifier,1,0.9976649284362793
138,2024,3,1,xgboost_classifier,1,0.9969379901885986
138,2024,4,1,xgboost_classifier,1,0.9963405728340149
138,2024,5,0,xgboost_classifier,1,0.9971697926521301
138,2024,6,1,xgboost_classifier,1,0.9939103126525879
139,2023,8,1,xgboost_classifier,1,0.7648905515670776
139,2023,9,0,xgboost_classifier,1,0.9303554892539978
139,2023,10,0,xgboost_classifier,1,0.8161612153053284
139,2023,11,0,xgboost_classifier,1,0.7014052867889404
139,2023,12,0,xgboost_classifier,1,0.7126169800758362
139,2024,1,0,xgboost_classifier,1,0.677277684211731
139,2024,2,1,xgboost_classifier,1,0.8526743054389954
139,2024,3,1,xgboost_classifier,1,0.8537524342536926
139,2024,4,1,xgboost_classifier,1,0.8612446188926697
139,2024,5,1,xgboost_classifier,1,0.9107357859611511
139,2024,6,1,xgboost_classifier,1,0.769922137260437
140,2023,8,1,xgboost_classifier,1,0.9940563440322876
140,2023,9,1,xgboost_classifier,1,0.9917489290237427
140,2023,10,1,xgboost_classifier,1,0.9915914535522461
140,2023,11,1,xgboost_classifier,1,0.9876924157142639
140,2023,12,1,xgboost_classifier,1,0.9881294965744019
140,2024,1,1,xgboost_classifier,1,0.9921323657035828
140,2024,2,1,xgboost_classifier,1,0.9930851459503174
140,2024,3,1,xgboost_classifier,1,0.9951207041740417
140,2024,4,1,xgboost_classifier,1,0.9936636686325073
140,2024,5,1,xgboost_classifier,1,0.993800699710846
140,2024,6,1,xgboost_classifier,1,0.9905894994735718
143,2023,12,1,xgboost_classifier,1,0.9869201183319092
143,2024,1,1,xgboost_classifier,1,0.991692841053009
143,2024,2,1,xgboost_classifier,1,0.9867191910743713
143,2024,3,1,xgboost_classifier,1,0.9943185448646545
143,2024,4,1,xgboost_classifier,1,0.9968104958534241
143,2024,5,0,xgboost_classifier,1,0.9973465204238892
143,2024,6,1,xgboost_classifier,1,0.9967907071113586
1,2023,8,1,hist_gradient_boosting_classifier,1,0.7206413905914112
1,2023,9,1,hist_gradient_boosting_classifier,0,0.2743744533747074
1,2023,10,1,hist_gradient_boosting_classifier,1,0.7539789364790904
1,2023,11,1,hist_gradient_boosting_classifier,1,0.8751216347157639
1,2023,12,0,hist_gradient_boosting_classifier,1,0.6029824684967293
1,2024,1,1,hist_gradient_boosting_classifier,0,0.426187754858954
1,2024,2,1,hist_gradient_boosting_classifier,1,0.7312368702233661
1,2024,3,1,hist_gradient_boosting_classifier,1,0.7953147314832889
1,2024,4,1,hist_gradient_boosting_classifier,1,0.7554325358347406
1,2024,5,1,hist_gradient_boosting_classifier,1,0.7567598700486172
1,2024,6,1,hist_gradient_boosting_classifier,1,0.9160966882703185
2,2023,8,1,hist_gradient_boosting_classifier,1,0.8114900041274965
2,2023,9,1,hist_gradient_boosting_classifier,1,0.9258179796917593
2,2023,10,1,hist_gradient_boosting_classifier,1,0.8919712373072599
2,2023,11,0,hist_gradient_boosting_classifier,1,0.9156032355860438
2,2023,12,1,hist_gradient_boosting_classifier,1,0.9379251168598948
2,2024,1,1,hist_gradient_boosting_classifier,1,0.8094307512530176
2,2024,2,1,hist_gradient_boosting_classifier,1,0.884069846004393
2,2024,3,1,hist_gradient_boosting_classifier,1,0.9362903110225439
2,2024,4,1,hist_gradient_boosting_classifier,1,0.7068955208119349
2,2024,5,0,hist_gradient_boosting_classifier,1,0.8390444661794999
2,2024,6,0,hist_gradient_boosting_classifier,1,0.6522743282674811
3,2023,8,1,hist_gradient_boosting_classifier,1,0.9470421271387701
3,2023,9,1,hist_gradient_boosting_classifier,1,0.9912742481062431
3,2023,10,1,hist_gradient_boosting_classifier,1,0.9923260753887845
3,2023,11,0,hist_gradient_boosting_classifier,1,0.9651496771162238
3,2023,12,1,hist_gradient_boosting_classifier,1,0.8741620514473607
3,2024,1,1,hist_gradient_boosting_classifier,1,0.9475868156794365
3,2024,2,1,hist_gradient_boosting_classifier,1,0.9198405879516177
3,2024,3,1,hist_gradient_boosting_classifier,1,0.9821133808682594
3,2024,4,1,hist_gradient_boosting_classifier,1,0.8232367959656962
3,2024,5,0,hist_gradient_boosting_classifier,1,0.9927049681718564
3,2024,6,0,hist_gradient_boosting_classifier,1,0.9889250160960945
4,2023,8,1,hist_gradient_boosting_classifier,1,0.5137319563182092
4,2023,9,1,hist_gradient_boosting_classifier,0,0.44239294317446143
4,2023,10,1,hist_gradient_boosting_classifier,1,0.8063484079397572
4,2023,11,0,hist_gradient_boosting_classifier,1,0.7278357311076251
4,2023,12,1,hist_gradient_boosting_classifier,1,0.5410200134587757
4,2024,1,1,hist_gradient_boosting_classifier,0,0.4921877829199935
4,2024,2,1,hist_gradient_boosting_classifier,1,0.8370478620432348
4,2024,3,1,hist_gradient_boosting_classifier,1,0.924584768681175
4,2024,4,1,hist_gradient_boosting_classifier,1,0.7263263368101078
4,2024,5,1,hist_gradient_boosting_classifier,1,0.8026807091706653
4,2024,6,0,hist_gradient_boosting_classifier,1,0.955585458956164
5,2023,8,1,hist_gradient_boosting_classifier,1,0.6630488615717728
5,2023,9,1,hist_gradient_boosting_classifier,1,0.5207191881598431
5,2023,10,1,hist_gradient_boosting_classifier,1,0.8552326602086372
5,2023,11,0,hist_gradient_boosting_classifier,1,0.7229796861569078
5,2023,12,1,hist_gradient_boosting_classifier,0,0.4946774375138591
5,2024,1,1,hist_gradient_boosting_classifier,1,0.6511404419092144
5,2024,2,1,hist_gradient_boosting_classifier,1,0.8273002450256257
5,2024,3,1,hist_gradient_boosting_classifier,1,0.895127043728469
5,2024,4,1,hist_gradient_boosting_classifier,1,0.7159476228473433
5,2024,5,1,hist_gradient_boosting_classifier,1,0.841396243719941
5,2024,6,0,hist_gradient_boosting_classifier,1,0.9210382944130635
6,2023,8,0,hist_gradient_boosting_classifier,1,0.8693147094197167
6,2023,9,1,hist_gradient_boosting_classifier,1,0.9482162732905453
6,2023,10,1,hist_gradient_boosting_classifier,1,0.5501225557951804
6,2023,11,1,hist_gradient_boosting_classifier,1,0.9070102773067478
6,2023,12,1,hist_gradient_boosting_classifier,1,0.8877553498119588
6,2024,1,1,hist_gradient_boosting_classifier,1,0.9402930547660016
6,2024,2,1,hist_gradient_boosting_classifier,1,0.8400646367440342
6,2024,3,1,hist_gradient_boosting_classifier,1,0.8585849141699623
6,2024,4,1,hist_gradient_boosting_classifier,1,0.7629664512866535
6,2024,5,1,hist_gradient_boosting_classifier,1,0.924132301668755
6,2024,6,1,hist_gradient_boosting_classifier,1,0.8418643883832444
7,2023,8,0,hist_gradient_boosting_classifier,1,0.7793413851514096
7,2023,9,1,hist_gradient_boosting_classifier,0,0.4551615346312616
7,2023,10,1,hist_gradient_boosting_classifier,1,0.513312439350629
7,2023,11,1,hist_gradient_boosting_classifier,1,0.806817692464826
7,2023,12,1,hist_gradient_boosting_classifier,1,0.9461924377908143
7,2024,1,1,hist_gradient_boosting_classifier,1,0.9491384803037715
7,2024,2,1,hist_gradient_boosting_classifier,1,0.8617735610845376
7,2024,3,1,hist_gradient_boosting_classifier,1,0.9612804265940351
7,2024,4,1,hist_gradient_boosting_classifier,1,0.9308862333429226
7,2024,5,1,hist_gradient_boosting_classifier,1,0.980170769820011
7,2024,6,1,hist_gradient_boosting_classifier,1,0.9005701339111587
8,2023,8,1,hist_gradient_boosting_classifier,0,0.2101203799706422
8,2023,9,1,hist_gradient_boosting_classifier,0,0.058746217769104235
8,2023,10,1,hist_gradient_boosting_classifier,0,0.2105063557965762
8,2023,11,0,hist_gradient_boosting_classifier,0,0.21222552808473039
8,2023,12,0,hist_gradient_boosting_classifier,0,0.26985753150753156
8,2024,1,1,hist_gradient_boosting_classifier,0,0.20151712593106683
8,2024,2,1,hist_gradient_boosting_classifier,1,0.6196193969457614
8,2024,3,1,hist_gradient_boosting_classifier,1,0.7631754064678219
8,2024,4,1,hist_gradient_boosting_classifier,1,0.709412971336361
8,2024,5,1,hist_gradient_boosting_classifier,1,0.8528468170972313
8,2024,6,0,hist_gradient_boosting_classifier,1,0.5214973780723036
9,2023,8,1,hist_gradient_boosting_classifier,1,0.8095927511463479
9,2023,9,0,hist_gradient_boosting_classifier,1,0.6696990215425109
9,2023,10,0,hist_gradient_boosting_classifier,1,0.7447463221827855
9,2023,11,1,hist_gradient_boosting_classifier,1,0.7368012789802926
9,2023,12,1,hist_gradient_boosting_classifier,1,0.5256747610104421
9,2024,1,1,hist_gradient_boosting_classifier,1,0.6949575295299878
9,2024,2,1,hist_gradient_boosting_classifier,1,0.8184102547756817
9,2024,3,1,hist_gradient_boosting_classifier,1,0.7002142547773764
9,2024,4,0,hist_gradient_boosting_classifier,1,0.8940924515839556
9,2024,5,0,hist_gradient_boosting_classifier,1,0.8781491315219315
9,2024,6,0,hist_gradient_boosting_classifier,1,0.7014335897537995
10,2023,8,1,hist_gradient_boosting_classifier,1,0.5451626382110107
10,2023,9,1,hist_gradient_boosting_classifier,1,0.5329267270742055
10,2023,10,1,hist_gradient_boosting_classifier,1,0.8450060947056397
10,2023,11,1,hist_gradient_boosting_classifier,1,0.8937637340938026
10,2023,12,0,hist_gradient_boosting_classifier,1,0.685979255805763
10,2024,1,0,hist_gradient_boosting_classifier,0,0.35403352761618734
10,2024,2,0,hist_gradient_boosting_classifier,1,0.8364201109260885
10,2024,3,0,hist_gradient_boosting_classifier,1,0.7802773923206126
10,2024,4,1,hist_gradient_boosting_classifier,1,0.9006351258615265
10,2024,5,1,hist_gradient_boosting_classifier,1,0.9124645888355927
10,2024,6,1,hist_gradient_boosting_classifier,1,0.7420657478690407
11,2023,8,1,hist_gradient_boosting_classifier,0,0.25304464417986494
11,2023,9,1,hist_gradient_boosting_classifier,0,0.24449660079572286
11,2023,10,1,hist_gradient_boosting_classifier,1,0.8136261895683065
11,2023,11,1,hist_gradient_boosting_classifier,1,0.7166765643232798
11,2023,12,1,hist_gradient_boosting_classifier,0,0.4486766856802784
11,2024,1,1,hist_gradient_boosting_classifier,0,0.254671065203488
11,2024,2,1,hist_gradient_boosting_classifier,1,0.707027507949625
11,2024,3,0,hist_gradient_boosting_classifier,1,0.6896410011211365
11,2024,4,1,hist_gradient_boosting_classifier,1,0.8179306376793165
11,2024,5,1,hist_gradient_boosting_classifier,1,0.8583710682054746
11,2024,6,1,hist_gradient_boosting_classifier,1,0.7572154952044811
13,2023,8,1,hist_gradient_boosting_classifier,1,0.8936287464262507
13,2023,9,1,hist_gradient_boosting_classifier,1,0.8817060174424989
13,2023,10,1,hist_gradient_boosting_classifier,1,0.7645195979732882
13,2023,11,1,hist_gradient_boosting_classifier,1,0.8557450957248283
13,2023,12,1,hist_gradient_boosting_classifier,1,0.895972675555842
13,2024,1,1,hist_gradient_boosting_classifier,1,0.9082956470427791
13,2024,2,1,hist_gradient_boosting_classifier,1,0.8718781549419089
13,2024,3,1,hist_gradient_boosting_classifier,1,0.9579867775371903
13,2024,4,1,hist_gradient_boosting_classifier,1,0.9363686210810885
13,2024,5,1,hist_gradient_boosting_classifier,1,0.8938941264973099
13,2024,6,0,hist_gradient_boosting_classifier,1,0.8220116382215675
14,2023,8,1,hist_gradient_boosting_classifier,1,0.7927146542386353
14,2023,9,1,hist_gradient_boosting_classifier,1,0.878572541565774
14,2023,10,1,hist_gradient_boosting_classifier,1,0.7317357018667164
14,2023,11,1,hist_gradient_boosting_classifier,1,0.6172279718187756
14,2023,12,1,hist_gradient_boosting_classifier,1,0.6610844297066226
14,2024,1,1,hist_gradient_boosting_classifier,1,0.6368863013982908
14,2024,2,1,hist_gradient_boosting_classifier,1,0.822202459106979
14,2024,3,1,hist_gradient_boosting_classifier,1,0.8685332885739561
14,2024,4,1,hist_gradient_boosting_classifier,1,0.8735490339487111
14,2024,5,1,hist_gradient_boosting_classifier,1,0.9361372407997196
14,2024,6,1,hist_gradient_boosting_classifier,1,0.9580313430303057
15,2023,8,1,hist_gradient_boosting_classifier,1,0.9951773148282028
15,2023,9,1,hist_gradient_boosting_classifier,1,0.9933666693865105
15,2023,10,1,hist_gradient_boosting_classifier,1,0.992870156124596
15,2023,11,1,hist_gradient_boosting_classifier,1,0.9941867855253966
15,2023,12,1,hist_gradient_boosting_classifier,1,0.9870711726159955
15,2024,1,1,hist_gradient_boosting_classifier,1,0.9852813225331578
15,2024,2,1,hist_gradient_boosting_classifier,1,0.9929277382600421
15,2024,3,1,hist_gradient_boosting_classifier,1,0.9937446909229577
15,2024,4,1,hist_gradient_boosting_classifier,1,0.9884679371321701
15,2024,5,1,hist_gradient_boosting_classifier,1,0.9945793054506629
15,2024,6,1,hist_gradient_boosting_classifier,1,0.9892513951541164
16,2023,8,1,hist_gradient_boosting_classifier,1,0.9990897458211562
16,2023,9,1,hist_gradient_boosting_classifier,1,0.9985911025311691
16,2023,10,1,hist_gradient_boosting_classifier,1,0.9994483340179856
16,2023,11,1,hist_gradient_boosting_classifier,1,0.9987389164792292
16,2023,12,1,hist_gradient_boosting_classifier,1,0.9936630217483007
16,2024,1,1,hist_gradient_boosting_classifier,1,0.9966586792140311
16,2024,2,1,hist_gradient_boosting_classifier,1,0.9983363401688864
16,2024,3,1,hist_gradient_boosting_classifier,1,0.9973745686665749
16,2024,4,1,hist_gradient_boosting_classifier,1,0.9986880845721616
16,2024,5,1,hist_gradient_boosting_classifier,1,0.9982843331554102
16,2024,6,1,hist_gradient_boosting_classifier,1,0.9995025457790314
17,2023,8,1,hist_gradient_boosting_classifier,1,0.9965932251280265
17,2023,9,1,hist_gradient_boosting_classifier,1,0.9927162561258863
17,2023,10,1,hist_gradient_boosting_classifier,1,0.998467422273647
17,2023,11,1,hist_gradient_boosting_classifier,1,0.9976725626969833
17,2023,12,1,hist_gradient_boosting_classifier,1,0.9949970818296493
17,2024,1,1,hist_gradient_boosting_classifier,1,0.9984239842216832
17,2024,2,1,hist_gradient_boosting_classifier,1,0.9976016992701604
17,2024,3,1,hist_gradient_boosting_classifier,1,0.9923618467217119
17,2024,4,1,hist_gradient_boosting_classifier,1,0.9922173499922743
17,2024,5,1,hist_gradient_boosting_classifier,1,0.9883905088213809
17,2024,6,1,hist_gradient_boosting_classifier,1,0.9848469469384479
18,2023,8,1,hist_gradient_boosting_classifier,1,0.9982504945259543
18,2023,9,1,hist_gradient_boosting_classifier,1,0.9948748090812582
18,2023,10,1,hist_gradient_boosting_classifier,1,0.9942594876710491
18,2023,11,1,hist_gradient_boosting_classifier,1,0.9951718775042071
18,2023,12,1,hist_gradient_boosting_classifier,1,0.9833867645662494
18,2024,1,1,hist_gradient_boosting_classifier,1,0.9956984824819329
18,2024,2,1,hist_gradient_boosting_classifier,1,0.9924764234388282
18,2024,3,1,hist_gradient_boosting_classifier,1,0.9945187736826007
18,2024,4,1,hist_gradient_boosting_classifier,1,0.9884974574623391
18,2024,5,1,hist_gradient_boosting_classifier,1,0.9964405445436885
18,2024,6,1,hist_gradient_boosting_classifier,1,0.9921505116534088
19,2023,8,1,hist_gradient_boosting_classifier,1,0.6148694889823847
19,2023,9,1,hist_gradient_boosting_classifier,1,0.6122871501829786
19,2023,10,1,hist_gradient_boosting_classifier,1,0.7779173165017415
19,2023,11,1,hist_gradient_boosting_classifier,1,0.6341025194778428
19,2023,12,1,hist_gradient_boosting_classifier,1,0.6757281231532267
19,2024,1,1,hist_gradient_boosting_classifier,0,0.1968184474859288
19,2024,2,1,hist_gradient_boosting_classifier,1,0.6026941515649977
19,2024,3,0,hist_gradient_boosting_classifier,1,0.5488927958257985
19,2024,4,1,hist_gradient_boosting_classifier,0,0.40549131159822543
19,2024,5,1,hist_gradient_boosting_classifier,1,0.7190929675356537
19,2024,6,1,hist_gradient_boosting_classifier,1,0.8570376143073277
20,2023,8,0,hist_gradient_boosting_classifier,1,0.8029524828135083
20,2023,9,1,hist_gradient_boosting_classifier,1,0.7185629370098917
20,2023,10,1,hist_gradient_boosting_classifier,1,0.6609646036902282
20,2023,11,1,hist_gradient_boosting_classifier,1,0.9393883707209475
20,2023,12,0,hist_gradient_boosting_classifier,1,0.8196789632100803
20,2024,1,0,hist_gradient_boosting_classifier,1,0.5699872429286665
20,2024,2,0,hist_gradient_boosting_classifier,1,0.7446683717511926
20,2024,3,0,hist_gradient_boosting_classifier,1,0.8390544188942195
20,2024,4,0,hist_gradient_boosting_classifier,1,0.8595311154328253
20,2024,5,0,hist_gradient_boosting_classifier,1,0.8922486719125229
20,2024,6,0,hist_gradient_boosting_classifier,1,0.8592070539346942
21,2023,8,0,hist_gradient_boosting_classifier,1,0.7170804322585094
21,2023,9,0,hist_gradient_boosting_classifier,1,0.8195753069212618
21,2023,10,0,hist_gradient_boosting_classifier,1,0.7839220648925096
21,2023,11,0,hist_gradient_boosting_classifier,1,0.6716741177737919
21,2023,12,0,hist_gradient_boosting_classifier,0,0.3046032664136209
21,2024,1,0,hist_gradient_boosting_classifier,0,0.19885496594619267
21,2024,2,0,hist_gradient_boosting_classifier,1,0.7349888197665861
21,2024,3,0,hist_gradient_boosting_classifier,1,0.7353247635889686
21,2024,4,0,hist_gradient_boosting_classifier,0,0.48811817334469804
21,2024,5,0,hist_gradient_boosting_classifier,1,0.6206583786467605
21,2024,6,1,hist_gradient_boosting_classifier,1,0.8097084371645844
22,2023,8,1,hist_gradient_boosting_classifier,1,0.7378034949329473
22,2023,9,1,hist_gradient_boosting_classifier,1,0.7044781207581787
22,2023,10,1,hist_gradient_boosting_classifier,1,0.7824381606584351
22,2023,11,1,hist_gradient_boosting_classifier,1,0.9397439717220752
22,2023,12,1,hist_gradient_boosting_classifier,1,0.7860339384385173
22,2024,1,1,hist_gradient_boosting_classifier,1,0.6195114041318063
22,2024,2,1,hist_gradient_boosting_classifier,1,0.9452381906573574
22,2024,3,1,hist_gradient_boosting_classifier,1,0.964947222899058
22,2024,4,1,hist_gradient_boosting_classifier,1,0.9283573942926618
22,2024,5,1,hist_gradient_boosting_classifier,1,0.9889947308332384
22,2024,6,1,hist_gradient_boosting_classifier,1,0.9210182658416021
23,2023,8,1,hist_gradient_boosting_classifier,1,0.7280359390331532
23,2023,9,1,hist_gradient_boosting_classifier,1,0.7380720053782582
23,2023,10,1,hist_gradient_boosting_classifier,1,0.8385682090720951
23,2023,11,1,hist_gradient_boosting_classifier,1,0.9137272274310672
23,2023,12,1,hist_gradient_boosting_classifier,1,0.79793416808129
23,2024,1,1,hist_gradient_boosting_classifier,1,0.86319066594664
23,2024,2,1,hist_gradient_boosting_classifier,1,0.9627277377557364
23,2024,3,1,hist_gradient_boosting_classifier,1,0.9806243014595224
23,2024,4,1,hist_gradient_boosting_classifier,1,0.9454453242333307
23,2024,5,1,hist_gradient_boosting_classifier,1,0.9918944440487453
23,2024,6,1,hist_gradient_boosting_classifier,1,0.915923170573893
24,2023,8,1,hist_gradient_boosting_classifier,1,0.8714372804231111
24,2023,9,1,hist_gradient_boosting_classifier,1,0.868557380057629
24,2023,10,1,hist_gradient_boosting_classifier,1,0.8730711643344715
24,2023,11,1,hist_gradient_boosting_classifier,1,0.9515488021193725
24,2023,12,1,hist_gradient_boosting_classifier,1,0.919728835296253
24,2024,1,1,hist_gradient_boosting_classifier,1,0.8053377770740097
24,2024,2,1,hist_gradient_boosting_classifier,1,0.9576302938704061
24,2024,3,1,hist_gradient_boosting_classifier,1,0.9404971393503699
24,2024,4,1,hist_gradient_boosting_classifier,1,0.9696805519050464
24,2024,5,1,hist_gradient_boosting_classifier,1,0.9881009050230314
24,2024,6,1,hist_gradient_boosting_classifier,1,0.9380796287038203
25,2023,8,1,hist_gradient_boosting_classifier,1,0.8990931396758489
25,2023,9,1,hist_gradient_boosting_classifier,1,0.9832854724001518
25,2023,10,1,hist_gradient_boosting_classifier,1,0.8185655809367616
25,2023,11,1,hist_gradient_boosting_classifier,1,0.885562161875127
25,2023,12,1,hist_gradient_boosting_classifier,1,0.878510289810691
25,2024,1,1,hist_gradient_boosting_classifier,1,0.9768135458781556
25,2024,2,1,hist_gradient_boosting_classifier,1,0.9429278602667072
25,2024,3,1,hist_gradient_boosting_classifier,1,0.9538696243609888
25,2024,4,1,hist_gradient_boosting_classifier,1,0.9714598488734987
25,2024,5,1,hist_gradient_boosting_classifier,1,0.9860827034099857
25,2024,6,1,hist_gradient_boosting_classifier,1,0.9742068313043681
26,2023,8,1,hist_gradient_boosting_classifier,1,0.6889824607734675
26,2023,9,1,hist_gradient_boosting_classifier,1,0.8172003297678968
26,2023,10,1,hist_gradient_boosting_classifier,1,0.791364956054928
26,2023,11,1,hist_gradient_boosting_classifier,1,0.9145586252386351
26,2023,12,1,hist_gradient_boosting_classifier,1,0.5102307768972102
26,2024,1,0,hist_gradient_boosting_classifier,1,0.7036625614831221
26,2024,2,0,hist_gradient_boosting_classifier,1,0.8209083360908173
26,2024,3,1,hist_gradient_boosting_classifier,1,0.660398140246236
26,2024,4,1,hist_gradient_boosting_classifier,1,0.7282170937335267
26,2024,5,1,hist_gradient_boosting_classifier,1,0.8659296430025022
26,2024,6,1,hist_gradient_boosting_classifier,1,0.8109944771861796
27,2023,8,1,hist_gradient_boosting_classifier,1,0.7715353240549183
27,2023,9,1,hist_gradient_boosting_classifier,1,0.6454959759034548
27,2023,10,1,hist_gradient_boosting_classifier,1,0.950009201394234
27,2023,11,1,hist_gradient_boosting_classifier,1,0.9774912404547909
27,2023,12,1,hist_gradient_boosting_classifier,1,0.9285532813285415
27,2024,1,0,hist_gradient_boosting_classifier,1,0.7900054191867706
27,2024,2,1,hist_gradient_boosting_classifier,1,0.6679435395971726
27,2024,3,1,hist_gradient_boosting_classifier,1,0.7945553667581431
27,2024,4,1,hist_gradient_boosting_classifier,1,0.9255388162242961
27,2024,5,0,hist_gradient_boosting_classifier,1,0.9331031337175503
27,2024,6,1,hist_gradient_boosting_classifier,1,0.8435995324989369
28,2023,8,0,hist_gradient_boosting_classifier,0,0.13933550550881493
28,2023,9,0,hist_gradient_boosting_classifier,0,0.15962184607164703
28,2023,10,0,hist_gradient_boosting_classifier,0,0.08144050345494577
28,2023,11,0,hist_gradient_boosting_classifier,0,0.08704217942785836
28,2023,12,0,hist_gradient_boosting_classifier,0,0.26244192173078396
28,2024,1,0,hist_gradient_boosting_classifier,0,0.08599246408094222
28,2024,2,0,hist_gradient_boosting_classifier,0,0.15913141170965953
28,2024,3,0,hist_gradient_boosting_classifier,0,0.37210540568619227
28,2024,4,0,hist_gradient_boosting_classifier,0,0.4055194560450388
28,2024,5,1,hist_gradient_boosting_classifier,0,0.23200681930538894
28,2024,6,1,hist_gradient_boosting_classifier,0,0.2957240012924027
29,2023,8,0,hist_gradient_boosting_classifier,1,0.5314051445607271
29,2023,9,0,hist_gradient_boosting_classifier,0,0.27252806748491953
29,2023,10,0,hist_gradient_boosting_classifier,0,0.1993220560773748
29,2023,11,1,hist_gradient_boosting_classifier,0,0.19388964513672716
29,2023,12,1,hist_gradient_boosting_classifier,0,0.4824197500477858
29,2024,1,1,hist_gradient_boosting_classifier,0,0.4461460510545352
29,2024,2,0,hist_gradient_boosting_classifier,1,0.6847002551506423
29,2024,3,0,hist_gradient_boosting_classifier,0,0.38345623069607265
29,2024,4,0,hist_gradient_boosting_classifier,0,0.4117576667041272
29,2024,5,0,hist_gradient_boosting_classifier,0,0.17893064648156673
29,2024,6,0,hist_gradient_boosting_classifier,0,0.1554445530152646
30,2023,8,1,hist_gradient_boosting_classifier,0,0.4718972203175292
30,2023,9,1,hist_gradient_boosting_classifier,1,0.7403525685024038
30,2023,10,0,hist_gradient_boosting_classifier,1,0.6022119001535434
30,2023,11,0,hist_gradient_boosting_classifier,0,0.1876383986738778
30,2023,12,0,hist_gradient_boosting_classifier,0,0.17123457242432036
30,2024,1,0,hist_gradient_boosting_classifier,0,0.17390826282786734
30,2024,2,0,hist_gradient_boosting_classifier,1,0.6742911322762153
30,2024,3,0,hist_gradient_boosting_classifier,0,0.4814201195275444
30,2024,4,0,hist_gradient_boosting_classifier,0,0.31685205722868987
30,2024,5,0,hist_gradient_boosting_classifier,0,0.36199798201405103
30,2024,6,0,hist_gradient_boosting_classifier,0,0.49965928087878175
31,2023,8,1,hist_gradient_boosting_classifier,1,0.5079457817313795
31,2023,9,1,hist_gradient_boosting_classifier,1,0.6276299506044816
31,2023,10,0,hist_gradient_boosting_classifier,0,0.36700085662787735
31,2023,11,0,hist_gradient_boosting_classifier,0,0.07031037886104748
31,2023,12,0,hist_gradient_boosting_classifier,0,0.2636780060829142
31,2024,1,0,hist_gradient_boosting_classifier,0,0.14099587382537093
31,2024,2,0,hist_gradient_boosting_classifier,1,0.7997869561304388
31,2024,3,0,hist_gradient_boosting_classifier,1,0.660906032679217
31,2024,4,0,hist_gradient_boosting_classifier,1,0.6113645729991566
31,2024,5,0,hist_gradient_boosting_classifier,1,0.6793825358823511
31,2024,6,0,hist_gradient_boosting_classifier,1,0.646590217909147
32,2023,8,0,hist_gradient_boosting_classifier,0,0.06541792232364813
32,2023,9,0,hist_gradient_boosting_classifier,0,0.10467344001611542
32,2023,10,0,hist_gradient_boosting_classifier,0,0.07772311841740784
32,2023,11,0,hist_gradient_boosting_classifier,0,0.02983516839890003
32,2023,12,0,hist_gradient_boosting_classifier,0,0.007568891975040523
32,2024,1,0,hist_gradient_boosting_classifier,0,0.017441529957425
32,2024,2,0,hist_gradient_boosting_classifier,0,0.11939134755671618
32,2024,3,0,hist_gradient_boosting_classifier,0,0.02924664659937956
32,2024,4,0,hist_gradient_boosting_classifier,0,0.05504647472536894
32,2024,5,0,hist_gradient_boosting_classifier,0,0.03481300531105608
32,2024,6,0,hist_gradient_boosting_classifier,0,0.034161824413976104
33,2023,8,0,hist_gradient_boosting_classifier,0,0.03524635567879666
33,2023,9,0,hist_gradient_boosting_classifier,0,0.07977031077388475
33,2023,10,0,hist_gradient_boosting_classifier,0,0.10213528570393336
33,2023,11,0,hist_gradient_boosting_classifier,0,0.025085723555755488
33,2023,12,0,hist_gradient_boosting_classifier,0,0.03010192969420728
33,2024,1,0,hist_gradient_boosting_classifier,0,0.02553907187249978
33,2024,2,0,hist_gradient_boosting_classifier,0,0.0451304268018189
33,2024,3,0,hist_gradient_boosting_classifier,0,0.04189176417410429
33,2024,4,0,hist_gradient_boosting_classifier,0,0.027267927022710834
33,2024,5,0,hist_gradient_boosting_classifier,0,0.021548413554624675
33,2024,6,0,hist_gradient_boosting_classifier,0,0.026788451750217178
34,2023,8,0,hist_gradient_boosting_classifier,0,0.07272250223010941
34,2023,9,0,hist_gradient_boosting_classifier,0,0.08860119749132514
34,2023,10,0,hist_gradient_boosting_classifier,0,0.031791959009656486
34,2023,11,0,hist_gradient_boosting_classifier,0,0.03245623498079249
34,2023,12,0,hist_gradient_boosting_classifier,0,0.11480218570350625
34,2024,1,0,hist_gradient_boosting_classifier,0,0.04777155981300593
34,2024,2,0,hist_gradient_boosting_classifier,0,0.16615474422480364
34,2024,3,0,hist_gradient_boosting_classifier,0,0.29255619302312863
34,2024,4,0,hist_gradient_boosting_classifier,0,0.20872753876481176
34,2024,5,1,hist_gradient_boosting_classifier,0,0.0699486401759791
34,2024,6,1,hist_gradient_boosting_classifier,0,0.26014177194724164
35,2023,8,0,hist_gradient_boosting_classifier,0,0.3455624762177834
35,2023,9,0,hist_gradient_boosting_classifier,0,0.16814850953855334
35,2023,10,0,hist_gradient_boosting_classifier,0,0.13754384542678574
35,2023,11,0,hist_gradient_boosting_classifier,0,0.17784223286567033
35,2023,12,0,hist_gradient_boosting_classifier,1,0.5135338270529713
35,2024,1,0,hist_gradient_boosting_classifier,0,0.1887981935429052
35,2024,2,0,hist_gradient_boosting_classifier,1,0.89396450512858
35,2024,3,0,hist_gradient_boosting_classifier,1,0.8318634532910908
35,2024,4,0,hist_gradient_boosting_classifier,0,0.4769917331379329
35,2024,5,0,hist_gradient_boosting_classifier,1,0.6527598390945399
35,2024,6,0,hist_gradient_boosting_classifier,1,0.6094146057885943
36,2023,8,0,hist_gradient_boosting_classifier,0,0.2502701127059028
36,2023,9,0,hist_gradient_boosting_classifier,0,0.0650191713340875
36,2023,10,0,hist_gradient_boosting_classifier,0,0.2885823755798756
36,2023,11,0,hist_gradient_boosting_classifier,0,0.10585584499112116
36,2023,12,0,hist_gradient_boosting_classifier,0,0.13293237876987513
36,2024,1,0,hist_gradient_boosting_classifier,0,0.19661556566104435
36,2024,2,0,hist_gradient_boosting_classifier,1,0.5603987333914905
36,2024,3,0,hist_gradient_boosting_classifier,1,0.5506465905561821
36,2024,4,0,hist_gradient_boosting_classifier,0,0.2756428203854661
36,2024,5,0,hist_gradient_boosting_classifier,1,0.5042371662854722
36,2024,6,0,hist_gradient_boosting_classifier,0,0.35645506946817807
37,2023,8,0,hist_gradient_boosting_classifier,0,0.035520143264595544
37,2023,9,0,hist_gradient_boosting_classifier,0,0.15657880271648011
37,2023,10,0,hist_gradient_boosting_classifier,0,0.14387006536261904
37,2023,11,1,hist_gradient_boosting_classifier,0,0.07059114516207071
37,2023,12,1,hist_gradient_boosting_classifier,0,0.10011174304655339
37,2024,1,1,hist_gradient_boosting_classifier,0,0.1381171488219584
37,2024,2,1,hist_gradient_boosting_classifier,1,0.7675912779892557
37,2024,3,1,hist_gradient_boosting_classifier,0,0.41077863428465883
37,2024,4,1,hist_gradient_boosting_classifier,0,0.46517991578930445
37,2024,5,0,hist_gradient_boosting_classifier,1,0.7412808368427679
37,2024,6,0,hist_gradient_boosting_classifier,1,0.7031790466548677
38,2023,8,0,hist_gradient_boosting_classifier,0,0.04804796327466262
38,2023,9,0,hist_gradient_boosting_classifier,0,0.05075325162588668
38,2023,10,0,hist_gradient_boosting_classifier,0,0.1497879006747273
38,2023,11,1,hist_gradient_boosting_classifier,0,0.08354348113179742
38,2023,12,1,hist_gradient_boosting_classifier,0,0.01913463510067292
38,2024,1,1,hist_gradient_boosting_classifier,0,0.027142820605284612
38,2024,2,1,hist_gradient_boosting_classifier,0,0.24808869510288992
38,2024,3,1,hist_gradient_boosting_classifier,0,0.27437919511999287
38,2024,4,1,hist_gradient_boosting_classifier,0,0.22664697840116171
38,2024,5,0,hist_gradient_boosting_classifier,0,0.25833465044048454
38,2024,6,0,hist_gradient_boosting_classifier,0,0.07234493311802935
39,2023,8,0,hist_gradient_boosting_classifier,0,0.3312812852442081
39,2023,9,0,hist_gradient_boosting_classifier,0,0.23560567019588288
39,2023,10,0,hist_gradient_boosting_classifier,1,0.5238305745551001
39,2023,11,0,hist_gradient_boosting_classifier,0,0.4847843766720525
39,2023,12,0,hist_gradient_boosting_classifier,0,0.1567810852082134
39,2024,1,0,hist_gradient_boosting_classifier,0,0.1929070058293972
39,2024,2,0,hist_gradient_boosting_classifier,1,0.5924833418122641
39,2024,3,0,hist_gradient_boosting_classifier,0,0.266808401197202
39,2024,4,0,hist_gradient_boosting_classifier,0,0.3262063673785589
39,2024,5,0,hist_gradient_boosting_classifier,1,0.5536472750304727
39,2024,6,0,hist_gradient_boosting_classifier,0,0.37637896279513555
40,2023,8,0,hist_gradient_boosting_classifier,0,0.3239509201711282
40,2023,9,0,hist_gradient_boosting_classifier,0,0.2209168139076365
40,2023,10,0,hist_gradient_boosting_classifier,0,0.493950346692857
40,2023,11,0,hist_gradient_boosting_classifier,0,0.21968390981404226
40,2023,12,0,hist_gradient_boosting_classifier,0,0.32116052053884814
40,2024,1,0,hist_gradient_boosting_classifier,0,0.3886076434646315
40,2024,2,0,hist_gradient_boosting_classifier,1,0.6776232527375126
40,2024,3,0,hist_gradient_boosting_classifier,0,0.17502862567485186
40,2024,4,0,hist_gradient_boosting_classifier,0,0.3294130807038565
40,2024,5,0,hist_gradient_boosting_classifier,1,0.5144948464888633
40,2024,6,0,hist_gradient_boosting_classifier,0,0.3344585507160745
41,2023,8,1,hist_gradient_boosting_classifier,1,0.9814918662891485
41,2023,9,1,hist_gradient_boosting_classifier,1,0.9649392063381953
41,2023,10,1,hist_gradient_boosting_classifier,1,0.9860185803758135
41,2023,11,1,hist_gradient_boosting_classifier,1,0.952788265873615
41,2023,12,1,hist_gradient_boosting_classifier,1,0.9627094546559751
41,2024,1,1,hist_gradient_boosting_classifier,1,0.8817226282873563
41,2024,2,1,hist_gradient_boosting_classifier,1,0.9628604173699024
41,2024,3,1,hist_gradient_boosting_classifier,1,0.9244458727832434
41,2024,4,1,hist_gradient_boosting_classifier,1,0.9670540425638794
41,2024,5,1,hist_gradient_boosting_classifier,1,0.9255844161569587
41,2024,6,0,hist_gradient_boosting_classifier,1,0.9679704770310058
42,2023,8,1,hist_gradient_boosting_classifier,1,0.9712740946467197
42,2023,9,1,hist_gradient_boosting_classifier,1,0.9450593559745635
42,2023,10,1,hist_gradient_boosting_classifier,1,0.9813475080092944
42,2023,11,1,hist_gradient_boosting_classifier,1,0.9659091448111041
42,2023,12,1,hist_gradient_boosting_classifier,1,0.9642882880721473
42,2024,1,1,hist_gradient_boosting_classifier,1,0.8283184677199298
42,2024,2,1,hist_gradient_boosting_classifier,1,0.9627669536468624
42,2024,3,1,hist_gradient_boosting_classifier,1,0.9214084981296397
42,2024,4,1,hist_gradient_boosting_classifier,1,0.965565652529275
42,2024,5,1,hist_gradient_boosting_classifier,1,0.8942073662427263
42,2024,6,0,hist_gradient_boosting_classifier,1,0.9328514062662815
43,2023,8,1,hist_gradient_boosting_classifier,0,0.36000607413795116
43,2023,9,1,hist_gradient_boosting_classifier,0,0.15224612088079034
43,2023,10,1,hist_gradient_boosting_classifier,0,0.47614414579509157
43,2023,11,0,hist_gradient_boosting_classifier,0,0.16729463893555385
43,2023,12,0,hist_gradient_boosting_classifier,0,0.14898841805533047
43,2024,1,0,hist_gradient_boosting_classifier,0,0.147356889486469
43,2024,2,0,hist_gradient_boosting_classifier,0,0.4977770006953381
43,2024,3,0,hist_gradient_boosting_classifier,0,0.32135441817206845
43,2024,4,0,hist_gradient_boosting_classifier,0,0.3284151718137952
43,2024,5,0,hist_gradient_boosting_classifier,0,0.25540393551530505
43,2024,6,1,hist_gradient_boosting_classifier,0,0.43475649124396065
44,2023,8,1,hist_gradient_boosting_classifier,0,0.30766561515186175
44,2023,9,1,hist_gradient_boosting_classifier,1,0.5312881467727287
44,2023,10,1,hist_gradient_boosting_classifier,0,0.45545588197202247
44,2023,11,0,hist_gradient_boosting_classifier,0,0.13560993025785817
44,2023,12,0,hist_gradient_boosting_classifier,0,0.2977418619361955
44,2024,1,0,hist_gradient_boosting_classifier,0,0.11231693461058165
44,2024,2,0,hist_gradient_boosting_classifier,1,0.8836950592501609
44,2024,3,0,hist_gradient_boosting_classifier,1,0.6221084479907038
44,2024,4,0,hist_gradient_boosting_classifier,0,0.47389594206156754
44,2024,5,0,hist_gradient_boosting_classifier,1,0.5120321693230757
44,2024,6,1,hist_gradient_boosting_classifier,0,0.49511542504565687
45,2023,8,1,hist_gradient_boosting_classifier,0,0.3823005598289433
45,2023,9,1,hist_gradient_boosting_classifier,1,0.624656961495496
45,2023,10,1,hist_gradient_boosting_classifier,1,0.9036176369787836
45,2023,11,1,hist_gradient_boosting_classifier,1,0.6480859942849401
45,2023,12,1,hist_gradient_boosting_classifier,1,0.6324761759397449
45,2024,1,1,hist_gradient_boosting_classifier,1,0.5421461277090432
45,2024,2,1,hist_gradient_boosting_classifier,1,0.9195310071994433
45,2024,3,1,hist_gradient_boosting_classifier,1,0.8071646406935241
45,2024,4,1,hist_gradient_boosting_classifier,1,0.716874933147859
45,2024,5,1,hist_gradient_boosting_classifier,1,0.7631437614196285
45,2024,6,1,hist_gradient_boosting_classifier,1,0.8518155677999008
46,2023,8,0,hist_gradient_boosting_classifier,1,0.615036000432685
46,2023,9,0,hist_gradient_boosting_classifier,1,0.5683996705657992
46,2023,10,1,hist_gradient_boosting_classifier,1,0.824111097406172
46,2023,11,1,hist_gradient_boosting_classifier,1,0.7138406419047316
46,2023,12,1,hist_gradient_boosting_classifier,0,0.41587296171505556
46,2024,1,1,hist_gradient_boosting_classifier,0,0.38052031964987915
46,2024,2,1,hist_gradient_boosting_classifier,1,0.8410297566023526
46,2024,3,1,hist_gradient_boosting_classifier,1,0.694674793026424
46,2024,4,1,hist_gradient_boosting_classifier,1,0.8228689661197501
46,2024,5,1,hist_gradient_boosting_classifier,1,0.7469171445880584
46,2024,6,1,hist_gradient_boosting_classifier,1,0.7038303232610614
47,2023,8,1,hist_gradient_boosting_classifier,1,0.9898261808870307
47,2023,9,1,hist_gradient_boosting_classifier,1,0.9709153236807623
47,2023,10,1,hist_gradient_boosting_classifier,1,0.9844052649394
47,2023,11,0,hist_gradient_boosting_classifier,1,0.9946202048582016
47,2023,12,0,hist_gradient_boosting_classifier,1,0.9831219657505205
47,2024,1,1,hist_gradient_boosting_classifier,1,0.9287262829236386
47,2024,2,1,hist_gradient_boosting_classifier,1,0.8502565730251679
47,2024,3,1,hist_gradient_boosting_classifier,1,0.8829201385071931
47,2024,4,0,hist_gradient_boosting_classifier,1,0.9258681289242746
47,2024,5,0,hist_gradient_boosting_classifier,1,0.9518493139115243
47,2024,6,0,hist_gradient_boosting_classifier,1,0.9132911774891187
48,2023,8,0,hist_gradient_boosting_classifier,1,0.6627097462557661
48,2023,9,0,hist_gradient_boosting_classifier,1,0.6685555717618019
48,2023,10,0,hist_gradient_boosting_classifier,1,0.5225398331094067
48,2023,11,0,hist_gradient_boosting_classifier,0,0.13411244221786228
48,2023,12,0,hist_gradient_boosting_classifier,0,0.29811533393263956
48,2024,1,1,hist_gradient_boosting_classifier,0,0.23983150304375447
48,2024,2,1,hist_gradient_boosting_classifier,1,0.8217910557131866
48,2024,3,1,hist_gradient_boosting_classifier,1,0.6826155102151388
48,2024,4,1,hist_gradient_boosting_classifier,1,0.6386512145226373
48,2024,5,1,hist_gradient_boosting_classifier,1,0.7534363914563881
48,2024,6,1,hist_gradient_boosting_classifier,1,0.8831996914094609
49,2023,8,1,hist_gradient_boosting_classifier,1,0.6751499261049602
49,2023,9,1,hist_gradient_boosting_classifier,0,0.44073539441778636
49,2023,10,1,hist_gradient_boosting_classifier,1,0.7328015965470716
49,2023,11,1,hist_gradient_boosting_classifier,0,0.4507424786961185
49,2023,12,1,hist_gradient_boosting_classifier,0,0.3485794066961707
49,2024,1,1,hist_gradient_boosting_classifier,0,0.45346085260486063
49,2024,2,1,hist_gradient_boosting_classifier,1,0.7489428325257375
49,2024,3,1,hist_gradient_boosting_classifier,1,0.6571779239275738
49,2024,4,1,hist_gradient_boosting_classifier,1,0.7414977922022576
49,2024,5,1,hist_gradient_boosting_classifier,1,0.7635376349104928
49,2024,6,0,hist_gradient_boosting_classifier,1,0.8649450135190747
50,2023,8,1,hist_gradient_boosting_classifier,0,0.3225532460063165
50,2023,9,1,hist_gradient_boosting_classifier,0,0.052276412649580654
50,2023,10,1,hist_gradient_boosting_classifier,0,0.18437354250019905
50,2023,11,1,hist_gradient_boosting_classifier,0,0.461243632821845
50,2023,12,0,hist_gradient_boosting_classifier,1,0.5596281537988462
50,2024,1,0,hist_gradient_boosting_classifier,0,0.17790424850351694
50,2024,2,0,hist_gradient_boosting_classifier,0,0.189742298956733
50,2024,3,0,hist_gradient_boosting_classifier,0,0.06554871934264916
50,2024,4,0,hist_gradient_boosting_classifier,0,0.21850812982143858
50,2024,5,0,hist_gradient_boosting_classifier,1,0.5803457598089476
50,2024,6,0,hist_gradient_boosting_classifier,0,0.10884859938154572
51,2023,8,1,hist_gradient_boosting_classifier,0,0.3889742375579128
51,2023,9,1,hist_gradient_boosting_classifier,0,0.2896981209028634
51,2023,10,1,hist_gradient_boosting_classifier,0,0.3564133637003638
51,2023,11,1,hist_gradient_boosting_classifier,0,0.2438829282441168
51,2023,12,0,hist_gradient_boosting_classifier,0,0.2379375758309975
51,2024,1,0,hist_gradient_boosting_classifier,0,0.13675998654230212
51,2024,2,0,hist_gradient_boosting_classifier,0,0.13972922587835693
51,2024,3,0,hist_gradient_boosting_classifier,0,0.16222288780178384
51,2024,4,0,hist_gradient_boosting_classifier,0,0.3125771034106527
51,2024,5,0,hist_gradient_boosting_classifier,1,0.7874817215813266
51,2024,6,0,hist_gradient_boosting_classifier,0,0.2530997754357652
52,2023,8,1,hist_gradient_boosting_classifier,1,0.7250896452154668
52,2023,9,1,hist_gradient_boosting_classifier,1,0.7026485207817642
52,2023,10,1,hist_gradient_boosting_classifier,0,0.14140718094364854
52,2023,11,1,hist_gradient_boosting_classifier,1,0.6100638618813855
52,2023,12,1,hist_gradient_boosting_classifier,1,0.6914840533741472
52,2024,1,1,hist_gradient_boosting_classifier,1,0.8184862247301026
52,2024,2,1,hist_gradient_boosting_classifier,1,0.6892877789496237
52,2024,3,1,hist_gradient_boosting_classifier,1,0.9028242200953125
52,2024,4,1,hist_gradient_boosting_classifier,1,0.7782114418164048
52,2024,5,0,hist_gradient_boosting_classifier,1,0.9363899970614019
52,2024,6,1,hist_gradient_boosting_classifier,0,0.4602487259480308
53,2023,8,0,hist_gradient_boosting_classifier,0,0.27817496873599046
53,2023,9,0,hist_gradient_boosting_classifier,0,0.09418397358165222
53,2023,10,0,hist_gradient_boosting_classifier,0,0.4090270665811247
53,2023,11,0,hist_gradient_boosting_classifier,0,0.42340976064336683
53,2023,12,1,hist_gradient_boosting_classifier,1,0.7844861503303154
53,2024,1,1,hist_gradient_boosting_classifier,0,0.33569631040289766
53,2024,2,1,hist_gradient_boosting_classifier,0,0.4765707269194371
53,2024,3,1,hist_gradient_boosting_classifier,1,0.6524472425650772
53,2024,4,1,hist_gradient_boosting_classifier,0,0.28827578120566716
53,2024,5,1,hist_gradient_boosting_classifier,1,0.7407284785934328
53,2024,6,1,hist_gradient_boosting_classifier,0,0.41727853264891607
54,2023,8,0,hist_gradient_boosting_classifier,0,0.14653715350968577
54,2023,9,0,hist_gradient_boosting_classifier,0,0.11258283257784625
54,2023,10,0,hist_gradient_boosting_classifier,0,0.1311011879007816
54,2023,11,0,hist_gradient_boosting_classifier,0,0.2094411171751181
54,2023,12,1,hist_gradient_boosting_classifier,1,0.5358887159515469
54,2024,1,1,hist_gradient_boosting_classifier,0,0.4599458209777538
54,2024,2,1,hist_gradient_boosting_classifier,1,0.6925222009365823
54,2024,3,1,hist_gradient_boosting_classifier,1,0.6990862503206828
54,2024,4,1,hist_gradient_boosting_classifier,1,0.5359779632592322
54,2024,5,1,hist_gradient_boosting_classifier,1,0.7211189071523596
54,2024,6,1,hist_gradient_boosting_classifier,0,0.42036251942785896
55,2023,8,0,hist_gradient_boosting_classifier,0,0.37029416629649436
55,2023,9,0,hist_gradient_boosting_classifier,1,0.5612480413389583
55,2023,10,0,hist_gradient_boosting_classifier,1,0.604938188467563
55,2023,11,1,hist_gradient_boosting_classifier,0,0.417300239690901
55,2023,12,1,hist_gradient_boosting_classifier,0,0.3883516835766539
55,2024,1,1,hist_gradient_boosting_classifier,1,0.6165647060559704
55,2024,2,0,hist_gradient_boosting_classifier,1,0.5898309867583647
55,2024,3,0,hist_gradient_boosting_classifier,0,0.4611124366641402
55,2024,4,0,hist_gradient_boosting_classifier,1,0.6489914464503538
55,2024,5,0,hist_gradient_boosting_classifier,1,0.9311387882179583
55,2024,6,1,hist_gradient_boosting_classifier,1,0.6614292950317869
56,2023,8,0,hist_gradient_boosting_classifier,0,0.44487637540821334
56,2023,9,0,hist_gradient_boosting_classifier,0,0.38301463997070617
56,2023,10,0,hist_gradient_boosting_classifier,1,0.7557320993179024
56,2023,11,1,hist_gradient_boosting_classifier,0,0.3159330445703054
56,2023,12,1,hist_gradient_boosting_classifier,0,0.45193243140112077
56,2024,1,1,hist_gradient_boosting_classifier,1,0.58265720275196
56,2024,2,0,hist_gradient_boosting_classifier,1,0.6944020283490667
56,2024,3,0,hist_gradient_boosting_classifier,1,0.539438173220026
56,2024,4,0,hist_gradient_boosting_classifier,1,0.5221797370921019
56,2024,5,0,hist_gradient_boosting_classifier,1,0.9548879676242609
56,2024,6,1,hist_gradient_boosting_classifier,1,0.7951134319292245
57,2023,8,0,hist_gradient_boosting_classifier,0,0.30351232255824984
57,2023,9,0,hist_gradient_boosting_classifier,0,0.34259188973205945
57,2023,10,0,hist_gradient_boosting_classifier,0,0.3741877361609843
57,2023,11,0,hist_gradient_boosting_classifier,0,0.24839085509857378
57,2023,12,0,hist_gradient_boosting_classifier,0,0.11734606714905757
57,2024,1,0,hist_gradient_boosting_classifier,0,0.060734168570263626
57,2024,2,1,hist_gradient_boosting_classifier,0,0.14436036715996725
57,2024,3,1,hist_gradient_boosting_classifier,0,0.16440261684148186
57,2024,4,1,hist_gradient_boosting_classifier,0,0.08698948653639868
57,2024,5,1,hist_gradient_boosting_classifier,0,0.12890080540314938
57,2024,6,1,hist_gradient_boosting_classifier,0,0.16846234724340853
58,2023,8,0,hist_gradient_boosting_classifier,0,0.2428259191624844
58,2023,9,0,hist_gradient_boosting_classifier,0,0.32997799785350074
58,2023,10,0,hist_gradient_boosting_classifier,0,0.13282498950777297
58,2023,11,0,hist_gradient_boosting_classifier,0,0.12552323513712801
58,2023,12,0,hist_gradient_boosting_classifier,0,0.05212546792700795
58,2024,1,0,hist_gradient_boosting_classifier,0,0.08577198699309044
58,2024,2,1,hist_gradient_boosting_classifier,0,0.1578298383696518
58,2024,3,1,hist_gradient_boosting_classifier,0,0.07407126105250394
58,2024,4,1,hist_gradient_boosting_classifier,0,0.14538818413221208
58,2024,5,1,hist_gradient_boosting_classifier,0,0.14445145583979382
58,2024,6,1,hist_gradient_boosting_classifier,0,0.14604579308483157
59,2023,8,0,hist_gradient_boosting_classifier,0,0.15258096041595698
59,2023,9,0,hist_gradient_boosting_classifier,0,0.3403223832866544
59,2023,10,0,hist_gradient_boosting_classifier,0,0.23611550302559006
59,2023,11,0,hist_gradient_boosting_classifier,0,0.1725615379273005
59,2023,12,0,hist_gradient_boosting_classifier,0,0.10288203422245142
59,2024,1,1,hist_gradient_boosting_classifier,0,0.35516126939415094
59,2024,2,1,hist_gradient_boosting_classifier,1,0.5986325746018751
59,2024,3,1,hist_gradient_boosting_classifier,0,0.20121176266314428
59,2024,4,0,hist_gradient_boosting_classifier,0,0.18434654925464403
59,2024,5,0,hist_gradient_boosting_classifier,0,0.14923822489918973
59,2024,6,0,hist_gradient_boosting_classifier,0,0.1199000634529518
60,2023,8,0,hist_gradient_boosting_classifier,1,0.548036731589171
60,2023,9,0,hist_gradient_boosting_classifier,1,0.6322896112675955
60,2023,10,0,hist_gradient_boosting_classifier,1,0.5813097158369249
60,2023,11,0,hist_gradient_boosting_classifier,0,0.23315668768592426
60,2023,12,0,hist_gradient_boosting_classifier,0,0.2834985860439917
60,2024,1,1,hist_gradient_boosting_classifier,0,0.495618259084388
60,2024,2,1,hist_gradient_boosting_classifier,0,0.2794255556370084
60,2024,3,1,hist_gradient_boosting_classifier,0,0.08974420759298413
60,2024,4,0,hist_gradient_boosting_classifier,0,0.19106217334350722
60,2024,5,0,hist_gradient_boosting_classifier,0,0.3248516037720274
60,2024,6,0,hist_gradient_boosting_classifier,0,0.15226362601741117
61,2023,8,0,hist_gradient_boosting_classifier,0,0.3439343144808169
61,2023,9,0,hist_gradient_boosting_classifier,0,0.15299642640036812
61,2023,10,1,hist_gradient_boosting_classifier,0,0.20596110061599915
61,2023,11,1,hist_gradient_boosting_classifier,1,0.5493652388749979
61,2023,12,1,hist_gradient_boosting_classifier,1,0.8710942747207359
61,2024,1,0,hist_gradient_boosting_classifier,0,0.4451579671461503
61,2024,2,0,hist_gradient_boosting_classifier,0,0.33819569347532114
61,2024,3,0,hist_gradient_boosting_classifier,1,0.5332647336711427
61,2024,4,0,hist_gradient_boosting_classifier,1,0.7687344107628205
61,2024,5,0,hist_gradient_boosting_classifier,1,0.6799342520869417
61,2024,6,0,hist_gradient_boosting_classifier,1,0.5727628858182222
62,2023,8,0,hist_gradient_boosting_classifier,0,0.1377546565140701
62,2023,9,0,hist_gradient_boosting_classifier,0,0.09673279423028197
62,2023,10,1,hist_gradient_boosting_classifier,0,0.13351084940222227
62,2023,11,1,hist_gradient_boosting_classifier,0,0.3887813433423808
62,2023,12,1,hist_gradient_boosting_classifier,1,0.7425910498538584
62,2024,1,0,hist_gradient_boosting_classifier,1,0.5607897279690353
62,2024,2,0,hist_gradient_boosting_classifier,0,0.4156040985843132
62,2024,3,0,hist_gradient_boosting_classifier,0,0.46714606616410537
62,2024,4,0,hist_gradient_boosting_classifier,1,0.7129203208432169
62,2024,5,0,hist_gradient_boosting_classifier,1,0.5713903506964444
62,2024,6,0,hist_gradient_boosting_classifier,0,0.3615163904137307
63,2023,8,0,hist_gradient_boosting_classifier,1,0.9491387492157422
63,2023,9,0,hist_gradient_boosting_classifier,1,0.9238253520778795
63,2023,10,0,hist_gradient_boosting_classifier,1,0.7971220543332943
63,2023,11,1,hist_gradient_boosting_classifier,1,0.855941258203213
63,2023,12,1,hist_gradient_boosting_classifier,1,0.8512082039643112
63,2024,1,1,hist_gradient_boosting_classifier,1,0.6641445773970566
63,2024,2,0,hist_gradient_boosting_classifier,1,0.8699406491966595
63,2024,3,1,hist_gradient_boosting_classifier,0,0.1457198309399164
63,2024,4,1,hist_gradient_boosting_classifier,0,0.3039052338979204
63,2024,5,1,hist_gradient_boosting_classifier,1,0.7644484398510256
63,2024,6,1,hist_gradient_boosting_classifier,1,0.6786695392637215
64,2023,8,1,hist_gradient_boosting_classifier,1,0.99900290616833
64,2023,9,1,hist_gradient_boosting_classifier,1,0.9966628008884034
64,2023,10,0,hist_gradient_boosting_classifier,1,0.9910889454322364
64,2023,11,0,hist_gradient_boosting_classifier,1,0.9815177106015863
64,2023,12,0,hist_gradient_boosting_classifier,1,0.9866740173343956
64,2024,1,1,hist_gradient_boosting_classifier,1,0.9788352872786683
64,2024,2,1,hist_gradient_boosting_classifier,1,0.9803388564704844
64,2024,3,1,hist_gradient_boosting_classifier,1,0.9473714965860638
64,2024,4,1,hist_gradient_boosting_classifier,1,0.989903600204389
64,2024,5,1,hist_gradient_boosting_classifier,1,0.997487752152692
64,2024,6,1,hist_gradient_boosting_classifier,1,0.9977435438109669
65,2023,8,1,hist_gradient_boosting_classifier,1,0.9947151284033323
65,2023,9,1,hist_gradient_boosting_classifier,1,0.983284306272484
65,2023,10,0,hist_gradient_boosting_classifier,1,0.9610533380330791
65,2023,11,0,hist_gradient_boosting_classifier,1,0.9763498724990264
65,2023,12,0,hist_gradient_boosting_classifier,1,0.9370112786157143
65,2024,1,1,hist_gradient_boosting_classifier,1,0.9710238200644553
65,2024,2,1,hist_gradient_boosting_classifier,1,0.9555179076953423
65,2024,3,1,hist_gradient_boosting_classifier,1,0.8446556042065436
65,2024,4,1,hist_gradient_boosting_classifier,1,0.8637758688552081
65,2024,5,1,hist_gradient_boosting_classifier,1,0.9717920694349188
65,2024,6,1,hist_gradient_boosting_classifier,1,0.9651373063817011
66,2023,8,0,hist_gradient_boosting_classifier,1,0.9629180406939822
66,2023,9,0,hist_gradient_boosting_classifier,1,0.9569521170881473
66,2023,10,0,hist_gradient_boosting_classifier,1,0.8350287045883044
66,2023,11,1,hist_gradient_boosting_classifier,1,0.7905750028976785
66,2023,12,1,hist_gradient_boosting_classifier,1,0.8937775719440323
66,2024,1,1,hist_gradient_boosting_classifier,1,0.7053359423683364
66,2024,2,0,hist_gradient_boosting_classifier,1,0.9484820626529656
66,2024,3,1,hist_gradient_boosting_classifier,0,0.2721495606869745
66,2024,4,1,hist_gradient_boosting_classifier,1,0.6771876674055354
66,2024,5,1,hist_gradient_boosting_classifier,1,0.8607571512410497
66,2024,6,1,hist_gradient_boosting_classifier,1,0.8308239526240415
67,2023,8,1,hist_gradient_boosting_classifier,1,0.6045825679580049
67,2023,9,0,hist_gradient_boosting_classifier,0,0.31556386348914867
67,2023,10,0,hist_gradient_boosting_classifier,1,0.6606779465111942
67,2023,11,0,hist_gradient_boosting_classifier,0,0.3767663780275177
67,2023,12,0,hist_gradient_boosting_classifier,0,0.47312838135483676
67,2024,1,1,hist_gradient_boosting_classifier,0,0.35288448917764537
67,2024,2,1,hist_gradient_boosting_classifier,1,0.5432643856838558
67,2024,3,1,hist_gradient_boosting_classifier,1,0.6164982863134547
67,2024,4,0,hist_gradient_boosting_classifier,1,0.5579234640933454
67,2024,5,0,hist_gradient_boosting_classifier,1,0.7830858385559819
67,2024,6,0,hist_gradient_boosting_classifier,1,0.805748382822459
68,2023,8,1,hist_gradient_boosting_classifier,0,0.2805327496927788
68,2023,9,0,hist_gradient_boosting_classifier,0,0.3265142439577027
68,2023,10,0,hist_gradient_boosting_classifier,0,0.35448869164529184
68,2023,11,0,hist_gradient_boosting_classifier,0,0.1550285248914286
68,2023,12,0,hist_gradient_boosting_classifier,0,0.059597142529665664
68,2024,1,1,hist_gradient_boosting_classifier,0,0.31191533010402145
68,2024,2,1,hist_gradient_boosting_classifier,0,0.3130937034499573
68,2024,3,1,hist_gradient_boosting_classifier,1,0.5652627721225536
68,2024,4,0,hist_gradient_boosting_classifier,1,0.552417347315849
68,2024,5,0,hist_gradient_boosting_classifier,1,0.7182063784502974
68,2024,6,0,hist_gradient_boosting_classifier,0,0.40389850615774736
69,2023,8,1,hist_gradient_boosting_classifier,1,0.9997185666472801
69,2023,9,1,hist_gradient_boosting_classifier,1,0.9992596026636764
69,2023,10,1,hist_gradient_boosting_classifier,1,0.9983600532536423
69,2023,11,1,hist_gradient_boosting_classifier,1,0.9962456225915475
69,2023,12,1,hist_gradient_boosting_classifier,1,0.9954292995840544
69,2024,1,1,hist_gradient_boosting_classifier,1,0.998357932037841
69,2024,2,1,hist_gradient_boosting_classifier,1,0.9988815926490441
69,2024,3,1,hist_gradient_boosting_classifier,1,0.9986066050128846
69,2024,4,1,hist_gradient_boosting_classifier,1,0.9966310792712377
69,2024,5,1,hist_gradient_boosting_classifier,1,0.9984937834691767
69,2024,6,1,hist_gradient_boosting_classifier,1,0.998279770080075
70,2023,8,1,hist_gradient_boosting_classifier,1,0.9542993234532813
70,2023,9,1,hist_gradient_boosting_classifier,1,0.9675503820258217
70,2023,10,0,hist_gradient_boosting_classifier,1,0.9758827181692113
70,2023,11,0,hist_gradient_boosting_classifier,1,0.9261891508448569
70,2023,12,0,hist_gradient_boosting_classifier,1,0.8318850038787063
70,2024,1,0,hist_gradient_boosting_classifier,1,0.6096721071151485
70,2024,2,0,hist_gradient_boosting_classifier,1,0.9433773762462009
70,2024,3,1,hist_gradient_boosting_classifier,1,0.882881588041347
70,2024,4,1,hist_gradient_boosting_classifier,1,0.9157529875625564
70,2024,5,1,hist_gradient_boosting_classifier,1,0.9375489294045651
70,2024,6,0,hist_gradient_boosting_classifier,1,0.9807348809532356
71,2023,8,1,hist_gradient_boosting_classifier,1,0.8998759393904664
71,2023,9,1,hist_gradient_boosting_classifier,1,0.9225789045918323
71,2023,10,0,hist_gradient_boosting_classifier,1,0.955252613491069
71,2023,11,0,hist_gradient_boosting_classifier,1,0.9087044538164781
71,2023,12,0,hist_gradient_boosting_classifier,1,0.7732439813819638
71,2024,1,0,hist_gradient_boosting_classifier,1,0.8881106676709875
71,2024,2,0,hist_gradient_boosting_classifier,1,0.926017263573704
71,2024,3,1,hist_gradient_boosting_classifier,1,0.9058985940853606
71,2024,4,1,hist_gradient_boosting_classifier,1,0.9281670400166229
71,2024,5,1,hist_gradient_boosting_classifier,1,0.9380815148846479
71,2024,6,0,hist_gradient_boosting_classifier,1,0.9819070520980677
72,2023,8,1,hist_gradient_boosting_classifier,1,0.5169364683196097
72,2023,9,1,hist_gradient_boosting_classifier,0,0.4306403597314665
72,2023,10,1,hist_gradient_boosting_classifier,1,0.7859826726543695
72,2023,11,0,hist_gradient_boosting_classifier,0,0.44000940643451825
72,2023,12,1,hist_gradient_boosting_classifier,0,0.1804485027714864
72,2024,1,1,hist_gradient_boosting_classifier,0,0.48322884711534897
72,2024,2,1,hist_gradient_boosting_classifier,0,0.49225467741488005
72,2024,3,1,hist_gradient_boosting_classifier,0,0.28500573511987537
72,2024,4,1,hist_gradient_boosting_classifier,0,0.3325367280462532
72,2024,5,1,hist_gradient_boosting_classifier,1,0.6764957098204855
72,2024,6,0,hist_gradient_boosting_classifier,1,0.7963827343076793
73,2023,8,1,hist_gradient_boosting_classifier,1,0.729034552687956
73,2023,9,1,hist_gradient_boosting_classifier,1,0.8236940029635352
73,2023,10,1,hist_gradient_boosting_classifier,1,0.7905750656290789
73,2023,11,0,hist_gradient_boosting_classifier,1,0.5302297727723063
73,2023,12,1,hist_gradient_boosting_classifier,1,0.5585553001253346
73,2024,1,1,hist_gradient_boosting_classifier,1,0.936292503966819
73,2024,2,1,hist_gradient_boosting_classifier,1,0.7617461539123325
73,2024,3,1,hist_gradient_boosting_classifier,1,0.8125365448837347
73,2024,4,1,hist_gradient_boosting_classifier,1,0.7637283956126742
73,2024,5,1,hist_gradient_boosting_classifier,1,0.8651629569141616
73,2024,6,0,hist_gradient_boosting_classifier,1,0.892852329604335
74,2023,8,1,hist_gradient_boosting_classifier,1,0.5414501188580264
74,2023,9,1,hist_gradient_boosting_classifier,1,0.509430002125178
74,2023,10,1,hist_gradient_boosting_classifier,1,0.7111802776157037
74,2023,11,1,hist_gradient_boosting_classifier,1,0.7867267539856839
74,2023,12,1,hist_gradient_boosting_classifier,0,0.45163369139030873
74,2024,1,1,hist_gradient_boosting_classifier,0,0.48959261151900396
74,2024,2,1,hist_gradient_boosting_classifier,1,0.8217694631923528
74,2024,3,0,hist_gradient_boosting_classifier,1,0.7825001274161831
74,2024,4,0,hist_gradient_boosting_classifier,1,0.6973412047811023
74,2024,5,0,hist_gradient_boosting_classifier,1,0.8832635693701859
74,2024,6,1,hist_gradient_boosting_classifier,1,0.6285263937228935
75,2023,8,1,hist_gradient_boosting_classifier,1,0.6978972758378741
75,2023,9,1,hist_gradient_boosting_classifier,1,0.7238990583987361
75,2023,10,1,hist_gradient_boosting_classifier,1,0.903426018720419
75,2023,11,1,hist_gradient_boosting_classifier,1,0.8042266749810547
75,2023,12,1,hist_gradient_boosting_classifier,0,0.4058305978436798
75,2024,1,1,hist_gradient_boosting_classifier,1,0.707433115530068
75,2024,2,1,hist_gradient_boosting_classifier,1,0.8694872280790376
75,2024,3,0,hist_gradient_boosting_classifier,1,0.8073593905658052
75,2024,4,0,hist_gradient_boosting_classifier,1,0.8247620102405275
75,2024,5,0,hist_gradient_boosting_classifier,1,0.8675387119398614
75,2024,6,1,hist_gradient_boosting_classifier,1,0.6843363451793993
76,2023,8,0,hist_gradient_boosting_classifier,0,0.18110010126545448
76,2023,9,0,hist_gradient_boosting_classifier,0,0.26256408165574696
76,2023,10,0,hist_gradient_boosting_classifier,0,0.34471524235752227
76,2023,11,0,hist_gradient_boosting_classifier,0,0.1845044631432046
76,2023,12,0,hist_gradient_boosting_classifier,0,0.21097039099492892
76,2024,1,0,hist_gradient_boosting_classifier,0,0.2328056478741412
76,2024,2,0,hist_gradient_boosting_classifier,1,0.5263877677892524
76,2024,3,0,hist_gradient_boosting_classifier,0,0.23511971364496234
76,2024,4,1,hist_gradient_boosting_classifier,0,0.2396322287303014
76,2024,5,1,hist_gradient_boosting_classifier,0,0.2869961982099967
76,2024,6,1,hist_gradient_boosting_classifier,0,0.228246044862061
77,2023,8,1,hist_gradient_boosting_classifier,1,0.9990299321692157
77,2023,9,1,hist_gradient_boosting_classifier,1,0.9972903801496549
77,2023,10,1,hist_gradient_boosting_classifier,1,0.9988107925487323
77,2023,11,1,hist_gradient_boosting_classifier,1,0.9976498588043905
77,2023,12,1,hist_gradient_boosting_classifier,1,0.9787667174823145
77,2024,1,1,hist_gradient_boosting_classifier,1,0.9937982292083551
77,2024,2,1,hist_gradient_boosting_classifier,1,0.9980305352396073
77,2024,3,1,hist_gradient_boosting_classifier,1,0.9979455537566487
77,2024,4,1,hist_gradient_boosting_classifier,1,0.9958802009146192
77,2024,5,1,hist_gradient_boosting_classifier,1,0.9894134735545882
77,2024,6,1,hist_gradient_boosting_classifier,1,0.9964745673506763
78,2023,8,1,hist_gradient_boosting_classifier,0,0.14284837067439288
78,2023,9,1,hist_gradient_boosting_classifier,0,0.1261553103183514
78,2023,10,1,hist_gradient_boosting_classifier,0,0.35203309734846566
78,2023,11,0,hist_gradient_boosting_classifier,0,0.36324540756108165
78,2023,12,0,hist_gradient_boosting_classifier,0,0.041437823517861176
78,2024,1,0,hist_gradient_boosting_classifier,0,0.2949045878274982
78,2024,2,0,hist_gradient_boosting_classifier,0,0.2778102742858116
78,2024,3,0,hist_gradient_boosting_classifier,0,0.059926931546188784
78,2024,4,0,hist_gradient_boosting_classifier,0,0.1935531815199932
78,2024,5,0,hist_gradient_boosting_classifier,0,0.1248350612338852
78,2024,6,0,hist_gradient_boosting_classifier,0,0.11952052143016634
79,2023,8,1,hist_gradient_boosting_classifier,0,0.20607999972289134
79,2023,9,1,hist_gradient_boosting_classifier,0,0.18740330743289618
79,2023,10,1,hist_gradient_boosting_classifier,1,0.6052213766800153
79,2023,11,0,hist_gradient_boosting_classifier,1,0.5286863741340064
79,2023,12,0,hist_gradient_boosting_classifier,0,0.10976513423102432
79,2024,1,0,hist_gradient_boosting_classifier,0,0.3390756784130994
79,2024,2,0,hist_gradient_boosting_classifier,0,0.4624418976626491
79,2024,3,0,hist_gradient_boosting_classifier,0,0.10430281888128123
79,2024,4,0,hist_gradient_boosting_classifier,0,0.26771998004125636
79,2024,5,0,hist_gradient_boosting_classifier,0,0.27453170659955506
79,2024,6,0,hist_gradient_boosting_classifier,0,0.14804654644697574
80,2023,8,1,hist_gradient_boosting_classifier,1,0.5122703354080841
80,2023,9,0,hist_gradient_boosting_classifier,0,0.3463461351101539
80,2023,10,0,hist_gradient_boosting_classifier,1,0.5842757049470043
80,2023,11,0,hist_gradient_boosting_classifier,1,0.5530291675480228
80,2023,12,1,hist_gradient_boosting_classifier,0,0.29417685090635315
80,2024,1,1,hist_gradient_boosting_classifier,0,0.1953266269121058
80,2024,2,1,hist_gradient_boosting_classifier,0,0.17588489928601342
81,2023,8,1,hist_gradient_boosting_classifier,0,0.41580881325293045
81,2023,9,0,hist_gradient_boosting_classifier,1,0.5993713105419982
81,2023,10,0,hist_gradient_boosting_classifier,1,0.5563122071690723
81,2023,11,0,hist_gradient_boosting_classifier,1,0.7217611944738629
81,2023,12,1,hist_gradient_boosting_classifier,0,0.324320506185991
81,2024,1,1,hist_gradient_boosting_classifier,0,0.17522431575638817
81,2024,2,1,hist_gradient_boosting_classifier,0,0.21373681367436262
81,2024,3,0,hist_gradient_boosting_classifier,0,0.1565207592021386
81,2024,4,0,hist_gradient_boosting_classifier,0,0.4126980968687814
81,2024,5,0,hist_gradient_boosting_classifier,0,0.27561281284882794
81,2024,6,0,hist_gradient_boosting_classifier,0,0.1287074431654068
82,2023,8,0,hist_gradient_boosting_classifier,0,0.2449263571577659
82,2023,9,0,hist_gradient_boosting_classifier,0,0.07676618930603288
82,2023,10,1,hist_gradient_boosting_classifier,0,0.38088037399535274
82,2023,11,1,hist_gradient_boosting_classifier,0,0.2863559330681411
82,2023,12,1,hist_gradient_boosting_classifier,0,0.11711187718232526
82,2024,1,0,hist_gradient_boosting_classifier,0,0.1700082861946394
82,2024,2,0,hist_gradient_boosting_classifier,1,0.670921825340889
82,2024,3,0,hist_gradient_boosting_classifier,0,0.3589618916654169
82,2024,4,0,hist_gradient_boosting_classifier,0,0.19074914993079714
82,2024,5,0,hist_gradient_boosting_classifier,0,0.2380967513021355
82,2024,6,0,hist_gradient_boosting_classifier,0,0.18537973964474133
83,2023,8,0,hist_gradient_boosting_classifier,0,0.12859849238935406
83,2023,9,0,hist_gradient_boosting_classifier,0,0.0366995161648344
83,2023,10,1,hist_gradient_boosting_classifier,0,0.23376019044324506
83,2023,11,1,hist_gradient_boosting_classifier,0,0.1780945794977887
83,2023,12,1,hist_gradient_boosting_classifier,0,0.06876937040341234
83,2024,1,0,hist_gradient_boosting_classifier,0,0.12328053676740133
83,2024,2,0,hist_gradient_boosting_classifier,0,0.4721834705712967
83,2024,3,0,hist_gradient_boosting_classifier,0,0.29550467437031813
83,2024,4,0,hist_gradient_boosting_classifier,0,0.3583105484049571
83,2024,5,0,hist_gradient_boosting_classifier,0,0.30195424561192535
83,2024,6,0,hist_gradient_boosting_classifier,0,0.21587827874055981
84,2023,8,0,hist_gradient_boosting_classifier,0,0.07260400253136826
84,2023,9,0,hist_gradient_boosting_classifier,0,0.12905545748364564
84,2023,10,0,hist_gradient_boosting_classifier,0,0.1957231266265172
84,2023,11,0,hist_gradient_boosting_classifier,0,0.22619405873503357
84,2023,12,0,hist_gradient_boosting_classifier,0,0.23703505979685505
84,2024,1,0,hist_gradient_boosting_classifier,0,0.10790676591380302
84,2024,2,0,hist_gradient_boosting_classifier,0,0.14708108700004083
84,2024,3,0,hist_gradient_boosting_classifier,0,0.11161813023266923
84,2024,4,1,hist_gradient_boosting_classifier,0,0.13336479858686892
84,2024,5,1,hist_gradient_boosting_classifier,0,0.2649627566857929
84,2024,6,1,hist_gradient_boosting_classifier,0,0.1776623702281185
85,2023,8,0,hist_gradient_boosting_classifier,0,0.15812054878213982
85,2023,9,0,hist_gradient_boosting_classifier,0,0.14927826201011538
85,2023,10,0,hist_gradient_boosting_classifier,0,0.20679521527834313
85,2023,11,0,hist_gradient_boosting_classifier,0,0.06459783169441441
85,2023,12,0,hist_gradient_boosting_classifier,0,0.032764220991273255
85,2024,1,0,hist_gradient_boosting_classifier,0,0.0575414714982852
85,2024,2,1,hist_gradient_boosting_classifier,0,0.11190610004098804
85,2024,3,1,hist_gradient_boosting_classifier,0,0.11105387584078945
85,2024,4,1,hist_gradient_boosting_classifier,0,0.13387938332901073
85,2024,5,0,hist_gradient_boosting_classifier,0,0.2693853546019633
85,2024,6,0,hist_gradient_boosting_classifier,0,0.15826101003708115
86,2023,8,1,hist_gradient_boosting_classifier,0,0.4100225805644766
86,2023,9,0,hist_gradient_boosting_classifier,0,0.41263007813885055
86,2023,10,0,hist_gradient_boosting_classifier,0,0.47412862295340125
86,2023,11,0,hist_gradient_boosting_classifier,0,0.18400176831955048
86,2023,12,0,hist_gradient_boosting_classifier,0,0.04715590963134112
86,2024,1,0,hist_gradient_boosting_classifier,0,0.04541014666459717
86,2024,2,1,hist_gradient_boosting_classifier,0,0.15131504241233426
86,2024,3,1,hist_gradient_boosting_classifier,0,0.10140719056749439
86,2024,4,1,hist_gradient_boosting_classifier,0,0.13483280718015198
86,2024,5,0,hist_gradient_boosting_classifier,0,0.2999206802905113
86,2024,6,0,hist_gradient_boosting_classifier,0,0.39009515973385805
87,2023,8,0,hist_gradient_boosting_classifier,0,0.12415663661982326
87,2023,9,0,hist_gradient_boosting_classifier,0,0.18637292966241412
87,2023,10,0,hist_gradient_boosting_classifier,1,0.6566760267106377
87,2023,11,0,hist_gradient_boosting_classifier,0,0.4544689603154261
87,2023,12,0,hist_gradient_boosting_classifier,0,0.47557481229421816
87,2024,1,0,hist_gradient_boosting_classifier,0,0.22774611830024144
87,2024,2,0,hist_gradient_boosting_classifier,1,0.672156928276376
87,2024,3,0,hist_gradient_boosting_classifier,1,0.7131364408854197
87,2024,4,0,hist_gradient_boosting_classifier,1,0.5254758024711478
87,2024,5,1,hist_gradient_boosting_classifier,1,0.6446736912852499
87,2024,6,1,hist_gradient_boosting_classifier,0,0.49096780870287593
88,2023,8,0,hist_gradient_boosting_classifier,1,0.672679620252123
88,2023,9,0,hist_gradient_boosting_classifier,1,0.7544750381861064
88,2023,10,0,hist_gradient_boosting_classifier,1,0.8130018516565094
88,2023,11,0,hist_gradient_boosting_classifier,1,0.7256817457245089
88,2023,12,0,hist_gradient_boosting_classifier,0,0.4379246909491616
88,2024,1,0,hist_gradient_boosting_classifier,1,0.5066592795272994
88,2024,2,1,hist_gradient_boosting_classifier,1,0.7908973359736976
88,2024,3,1,hist_gradient_boosting_classifier,1,0.6666828897121068
88,2024,4,1,hist_gradient_boosting_classifier,1,0.6794868063772872
88,2024,5,1,hist_gradient_boosting_classifier,1,0.8812457694042424
88,2024,6,1,hist_gradient_boosting_classifier,1,0.8096659476116139
89,2023,8,0,hist_gradient_boosting_classifier,1,0.8965873324710214
89,2023,9,0,hist_gradient_boosting_classifier,1,0.926977376251196
89,2023,10,0,hist_gradient_boosting_classifier,1,0.850440942804031
89,2023,11,0,hist_gradient_boosting_classifier,1,0.9347153864136954
89,2023,12,0,hist_gradient_boosting_classifier,1,0.8975630123487516
89,2024,1,0,hist_gradient_boosting_classifier,1,0.9291010802602386
89,2024,2,1,hist_gradient_boosting_classifier,1,0.9390532011591336
89,2024,3,1,hist_gradient_boosting_classifier,1,0.6628345945732804
89,2024,4,1,hist_gradient_boosting_classifier,1,0.8236869300041545
89,2024,5,1,hist_gradient_boosting_classifier,1,0.9122553826663111
89,2024,6,1,hist_gradient_boosting_classifier,1,0.8527797479148281
90,2023,8,1,hist_gradient_boosting_classifier,0,0.08280015766256184
90,2023,9,1,hist_gradient_boosting_classifier,0,0.13214367489900788
90,2023,10,1,hist_gradient_boosting_classifier,0,0.11587467295537345
90,2023,11,0,hist_gradient_boosting_classifier,0,0.0662379092685869
90,2023,12,0,hist_gradient_boosting_classifier,0,0.05559152516616606
90,2024,1,0,hist_gradient_boosting_classifier,0,0.09766415354250649
90,2024,2,0,hist_gradient_boosting_classifier,0,0.1759860425776333
90,2024,3,0,hist_gradient_boosting_classifier,0,0.011441993450085465
90,2024,4,0,hist_gradient_boosting_classifier,0,0.033164231582428864
90,2024,5,0,hist_gradient_boosting_classifier,0,0.43792135888668016
90,2024,6,0,hist_gradient_boosting_classifier,0,0.10093227727665295
91,2023,8,1,hist_gradient_boosting_classifier,0,0.09422105231640876
91,2023,9,1,hist_gradient_boosting_classifier,0,0.13733323193167257
91,2023,10,1,hist_gradient_boosting_classifier,0,0.11516195082187465
91,2023,11,0,hist_gradient_boosting_classifier,0,0.04529722276391639
91,2023,12,0,hist_gradient_boosting_classifier,0,0.051739575983013895
91,2024,1,0,hist_gradient_boosting_classifier,0,0.08070738912437693
91,2024,2,0,hist_gradient_boosting_classifier,0,0.13496481456779313
91,2024,3,0,hist_gradient_boosting_classifier,0,0.011810486380283562
91,2024,4,0,hist_gradient_boosting_classifier,0,0.023509323754162183
91,2024,5,0,hist_gradient_boosting_classifier,1,0.5375112821097149
91,2024,6,0,hist_gradient_boosting_classifier,0,0.10840855543793525
92,2023,8,0,hist_gradient_boosting_classifier,0,0.03441803381734822
92,2023,9,0,hist_gradient_boosting_classifier,0,0.1886946222399766
92,2023,10,0,hist_gradient_boosting_classifier,0,0.16638825706888366
92,2023,11,0,hist_gradient_boosting_classifier,0,0.02756259900371441
92,2023,12,1,hist_gradient_boosting_classifier,0,0.007017771907948971
92,2024,1,1,hist_gradient_boosting_classifier,0,0.05316169723449621
92,2024,2,1,hist_gradient_boosting_classifier,0,0.09442688276794395
92,2024,3,0,hist_gradient_boosting_classifier,0,0.04198728778347597
92,2024,4,0,hist_gradient_boosting_classifier,0,0.02730956391711137
92,2024,5,0,hist_gradient_boosting_classifier,0,0.3316115517075231
92,2024,6,0,hist_gradient_boosting_classifier,0,0.035229207872914
93,2023,8,0,hist_gradient_boosting_classifier,0,0.0289935225367101
93,2023,9,0,hist_gradient_boosting_classifier,0,0.09744274301161061
93,2023,10,0,hist_gradient_boosting_classifier,0,0.1378628327991277
93,2023,11,0,hist_gradient_boosting_classifier,0,0.04237095847929825
93,2023,12,1,hist_gradient_boosting_classifier,0,0.007296995201804999
93,2024,1,1,hist_gradient_boosting_classifier,0,0.0334000294756064
93,2024,2,1,hist_gradient_boosting_classifier,0,0.1125665922517352
93,2024,3,0,hist_gradient_boosting_classifier,0,0.040281747143651916
93,2024,4,0,hist_gradient_boosting_classifier,0,0.07067440849360278
93,2024,5,0,hist_gradient_boosting_classifier,0,0.2046016024751105
93,2024,6,0,hist_gradient_boosting_classifier,0,0.03449086682523587
94,2023,8,1,hist_gradient_boosting_classifier,1,0.8989534529006797
94,2023,9,1,hist_gradient_boosting_classifier,1,0.5228029907049127
94,2023,10,1,hist_gradient_boosting_classifier,1,0.8140246814046636
94,2023,11,1,hist_gradient_boosting_classifier,1,0.601986179067261
94,2023,12,1,hist_gradient_boosting_classifier,0,0.41319088822815236
94,2024,1,1,hist_gradient_boosting_classifier,0,0.3682285157029773
94,2024,2,1,hist_gradient_boosting_classifier,1,0.6086728175153222
94,2024,3,1,hist_gradient_boosting_classifier,1,0.6200637754152402
94,2024,4,0,hist_gradient_boosting_classifier,1,0.6302703256095735
94,2024,5,0,hist_gradient_boosting_classifier,1,0.716814806609035
94,2024,6,1,hist_gradient_boosting_classifier,1,0.5326924067795425
95,2023,8,0,hist_gradient_boosting_classifier,0,0.12201577016657264
95,2023,9,0,hist_gradient_boosting_classifier,0,0.1655105028485407
95,2023,10,1,hist_gradient_boosting_classifier,0,0.47637467691405827
95,2023,11,1,hist_gradient_boosting_classifier,0,0.2886190377098769
95,2023,12,1,hist_gradient_boosting_classifier,0,0.1350212031429321
95,2024,1,0,hist_gradient_boosting_classifier,0,0.4055986158699589
95,2024,2,0,hist_gradient_boosting_classifier,1,0.5690163452339162
95,2024,3,0,hist_gradient_boosting_classifier,0,0.23630540400236635
95,2024,4,0,hist_gradient_boosting_classifier,0,0.4006169473011661
95,2024,5,0,hist_gradient_boosting_classifier,1,0.9222850106457003
95,2024,6,0,hist_gradient_boosting_classifier,1,0.7695301834211367
96,2023,8,0,hist_gradient_boosting_classifier,0,0.14979007055448212
96,2023,9,0,hist_gradient_boosting_classifier,0,0.2222577964394925
96,2023,10,1,hist_gradient_boosting_classifier,1,0.6780890808685198
96,2023,11,1,hist_gradient_boosting_classifier,0,0.33922144522255004
96,2023,12,1,hist_gradient_boosting_classifier,0,0.14481491981176062
96,2024,1,0,hist_gradient_boosting_classifier,0,0.35644998581225446
96,2024,2,0,hist_gradient_boosting_classifier,1,0.5872946704917916
96,2024,3,0,hist_gradient_boosting_classifier,0,0.2337571452793127
96,2024,4,0,hist_gradient_boosting_classifier,0,0.4314753534729851
96,2024,5,1,hist_gradient_boosting_classifier,1,0.80777092457947
96,2024,6,1,hist_gradient_boosting_classifier,1,0.6971599908486319
97,2023,8,1,hist_gradient_boosting_classifier,0,0.3319677941604328
97,2023,9,1,hist_gradient_boosting_classifier,0,0.33284845537736657
97,2023,10,1,hist_gradient_boosting_classifier,1,0.5166317824453807
97,2023,11,1,hist_gradient_boosting_classifier,0,0.2921176300777121
97,2023,12,1,hist_gradient_boosting_classifier,0,0.23049606011515808
97,2024,1,1,hist_gradient_boosting_classifier,1,0.7300942927419065
97,2024,2,0,hist_gradient_boosting_classifier,1,0.9259240002028787
97,2024,3,0,hist_gradient_boosting_classifier,1,0.7523850082943441
97,2024,4,0,hist_gradient_boosting_classifier,1,0.9269957816120389
97,2024,5,0,hist_gradient_boosting_classifier,1,0.7612071500941956
97,2024,6,0,hist_gradient_boosting_classifier,1,0.7841950687957381
98,2023,8,1,hist_gradient_boosting_classifier,0,0.15514531430667705
98,2023,9,1,hist_gradient_boosting_classifier,0,0.08053429117815893
98,2023,10,1,hist_gradient_boosting_classifier,0,0.4378045632019078
98,2023,11,1,hist_gradient_boosting_classifier,0,0.11875533334586416
98,2023,12,1,hist_gradient_boosting_classifier,0,0.09022868470773157
98,2024,1,1,hist_gradient_boosting_classifier,1,0.6006445853861667
98,2024,2,0,hist_gradient_boosting_classifier,1,0.8497728493205036
98,2024,3,0,hist_gradient_boosting_classifier,1,0.745769204766026
98,2024,4,0,hist_gradient_boosting_classifier,1,0.8928636425554669
98,2024,5,0,hist_gradient_boosting_classifier,1,0.8706242595275306
98,2024,6,0,hist_gradient_boosting_classifier,0,0.3219720888507604
99,2023,8,0,hist_gradient_boosting_classifier,1,0.6890559527551648
99,2023,9,1,hist_gradient_boosting_classifier,1,0.7107757467675119
99,2023,10,1,hist_gradient_boosting_classifier,1,0.9115864641543698
99,2023,11,1,hist_gradient_boosting_classifier,1,0.7485442910174661
99,2023,12,1,hist_gradient_boosting_classifier,1,0.6694342249565275
99,2024,1,1,hist_gradient_boosting_classifier,1,0.8146168806652612
99,2024,2,1,hist_gradient_boosting_classifier,1,0.8037139996852428
99,2024,3,1,hist_gradient_boosting_classifier,1,0.5148599532036682
99,2024,4,1,hist_gradient_boosting_classifier,0,0.3060168416717766
99,2024,5,1,hist_gradient_boosting_classifier,1,0.8903817756816884
99,2024,6,1,hist_gradient_boosting_classifier,1,0.9311705188680908
100,2023,8,0,hist_gradient_boosting_classifier,1,0.9848141293431745
100,2023,9,1,hist_gradient_boosting_classifier,1,0.9902810060861387
100,2023,10,1,hist_gradient_boosting_classifier,1,0.9901163513550362
100,2023,11,1,hist_gradient_boosting_classifier,1,0.9621743695270921
100,2023,12,1,hist_gradient_boosting_classifier,1,0.9893084082445915
100,2024,1,1,hist_gradient_boosting_classifier,1,0.994615587531584
100,2024,2,1,hist_gradient_boosting_classifier,1,0.9450351001645402
100,2024,3,1,hist_gradient_boosting_classifier,1,0.9306767717705128
100,2024,4,1,hist_gradient_boosting_classifier,1,0.9823262858676968
100,2024,5,1,hist_gradient_boosting_classifier,1,0.9918112785262171
100,2024,6,1,hist_gradient_boosting_classifier,1,0.9915620334527481
101,2023,8,1,hist_gradient_boosting_classifier,1,0.7175157662869859
101,2023,9,1,hist_gradient_boosting_classifier,1,0.7085832940155872
101,2023,10,1,hist_gradient_boosting_classifier,1,0.8883321203883221
101,2023,11,1,hist_gradient_boosting_classifier,1,0.9266491186968425
101,2023,12,1,hist_gradient_boosting_classifier,1,0.8995602509990205
101,2024,1,1,hist_gradient_boosting_classifier,1,0.8719294976545946
101,2024,2,1,hist_gradient_boosting_classifier,1,0.9675331110422127
101,2024,3,1,hist_gradient_boosting_classifier,1,0.9367227202607694
101,2024,4,1,hist_gradient_boosting_classifier,1,0.93086807424962
101,2024,5,1,hist_gradient_boosting_classifier,1,0.8292731899651548
101,2024,6,1,hist_gradient_boosting_classifier,1,0.8374175573548645
102,2023,8,1,hist_gradient_boosting_classifier,1,0.866669659408016
102,2023,9,1,hist_gradient_boosting_classifier,1,0.7917859402496275
102,2023,10,1,hist_gradient_boosting_classifier,1,0.9456719494265127
102,2023,11,1,hist_gradient_boosting_classifier,1,0.9581900749970654
102,2023,12,1,hist_gradient_boosting_classifier,1,0.9161915894496793
102,2024,1,1,hist_gradient_boosting_classifier,1,0.8007000494061206
102,2024,2,1,hist_gradient_boosting_classifier,1,0.9794741344542295
102,2024,3,1,hist_gradient_boosting_classifier,1,0.9538212550656825
102,2024,4,1,hist_gradient_boosting_classifier,1,0.9387353740129168
102,2024,5,1,hist_gradient_boosting_classifier,1,0.8025297585323774
102,2024,6,1,hist_gradient_boosting_classifier,1,0.7977755642507129
103,2023,8,1,hist_gradient_boosting_classifier,0,0.14308844797027903
103,2023,9,0,hist_gradient_boosting_classifier,0,0.1939278262948943
103,2023,10,0,hist_gradient_boosting_classifier,0,0.14240121937462266
103,2023,11,0,hist_gradient_boosting_classifier,0,0.06758241665462807
103,2023,12,0,hist_gradient_boosting_classifier,0,0.030996880073242788
103,2024,1,0,hist_gradient_boosting_classifier,0,0.05562841357883668
103,2024,2,0,hist_gradient_boosting_classifier,0,0.21516445421491717
103,2024,3,0,hist_gradient_boosting_classifier,0,0.03131710049205541
103,2024,4,0,hist_gradient_boosting_classifier,0,0.07005729352993442
103,2024,5,0,hist_gradient_boosting_classifier,0,0.2736020483848604
103,2024,6,0,hist_gradient_boosting_classifier,0,0.20887303066260565
104,2023,8,1,hist_gradient_boosting_classifier,0,0.1225830638714642
104,2023,9,0,hist_gradient_boosting_classifier,0,0.21195834943633138
104,2023,10,0,hist_gradient_boosting_classifier,0,0.17686929737503285
104,2023,11,0,hist_gradient_boosting_classifier,0,0.10565992709244622
104,2023,12,0,hist_gradient_boosting_classifier,0,0.019019383542040864
104,2024,1,0,hist_gradient_boosting_classifier,0,0.032932983311715215
104,2024,2,0,hist_gradient_boosting_classifier,0,0.15564824000076002
104,2024,3,0,hist_gradient_boosting_classifier,0,0.038774603167905396
104,2024,4,0,hist_gradient_boosting_classifier,0,0.0897523856267066
104,2024,5,0,hist_gradient_boosting_classifier,0,0.30920526862836734
104,2024,6,0,hist_gradient_boosting_classifier,0,0.14275894655456275
105,2023,8,1,hist_gradient_boosting_classifier,1,0.8565312468356541
105,2023,9,1,hist_gradient_boosting_classifier,1,0.8210667026082403
105,2023,10,1,hist_gradient_boosting_classifier,1,0.8317520894000303
105,2023,11,1,hist_gradient_boosting_classifier,0,0.4830367664760256
105,2023,12,1,hist_gradient_boosting_classifier,0,0.2443039026312378
105,2024,1,1,hist_gradient_boosting_classifier,0,0.15817851435368502
105,2024,2,0,hist_gradient_boosting_classifier,0,0.47021556641708423
105,2024,3,0,hist_gradient_boosting_classifier,0,0.31846355925271497
105,2024,4,0,hist_gradient_boosting_classifier,0,0.31436067371046744
105,2024,5,0,hist_gradient_boosting_classifier,0,0.39363011313996626
105,2024,6,0,hist_gradient_boosting_classifier,0,0.19243494729113542
106,2023,8,1,hist_gradient_boosting_classifier,1,0.7743155883656585
106,2023,9,1,hist_gradient_boosting_classifier,1,0.7318585999425121
106,2023,10,1,hist_gradient_boosting_classifier,1,0.939000537753075
106,2023,11,1,hist_gradient_boosting_classifier,1,0.8740680207408451
106,2023,12,1,hist_gradient_boosting_classifier,0,0.32642864041943076
106,2024,1,1,hist_gradient_boosting_classifier,0,0.2801596720848284
106,2024,2,0,hist_gradient_boosting_classifier,1,0.7495257228931846
106,2024,3,0,hist_gradient_boosting_classifier,0,0.4175276996376834
106,2024,4,0,hist_gradient_boosting_classifier,1,0.5820699092977187
106,2024,5,0,hist_gradient_boosting_classifier,1,0.7785664724634899
106,2024,6,0,hist_gradient_boosting_classifier,0,0.43198341282768754
107,2023,8,1,hist_gradient_boosting_classifier,1,0.9997805472787942
107,2023,9,1,hist_gradient_boosting_classifier,1,0.9995414197545209
107,2023,10,1,hist_gradient_boosting_classifier,1,0.998494645513746
107,2023,11,1,hist_gradient_boosting_classifier,1,0.9975052813017239
107,2023,12,1,hist_gradient_boosting_classifier,1,0.9969029160827269
107,2024,1,1,hist_gradient_boosting_classifier,1,0.9988420259317687
107,2024,2,1,hist_gradient_boosting_classifier,1,0.9984295368221006
107,2024,3,1,hist_gradient_boosting_classifier,1,0.9983428972905897
107,2024,4,1,hist_gradient_boosting_classifier,1,0.9976098435590358
107,2024,5,1,hist_gradient_boosting_classifier,1,0.9974514165285717
107,2024,6,1,hist_gradient_boosting_classifier,1,0.9986540191578179
108,2023,8,0,hist_gradient_boosting_classifier,1,0.8124223447213741
108,2023,9,0,hist_gradient_boosting_classifier,1,0.7394133791905485
108,2023,10,0,hist_gradient_boosting_classifier,1,0.828421466740762
108,2023,11,0,hist_gradient_boosting_classifier,1,0.5059324755597833
108,2023,12,0,hist_gradient_boosting_classifier,1,0.5943993725474512
108,2024,1,0,hist_gradient_boosting_classifier,1,0.8324217917121254
108,2024,2,0,hist_gradient_boosting_classifier,1,0.6495652001890854
108,2024,3,0,hist_gradient_boosting_classifier,1,0.8046644144570781
108,2024,4,1,hist_gradient_boosting_classifier,1,0.7039120360162215
108,2024,5,1,hist_gradient_boosting_classifier,1,0.8145821901132103
108,2024,6,1,hist_gradient_boosting_classifier,1,0.6813288039631575
109,2023,8,0,hist_gradient_boosting_classifier,1,0.9891016564969857
109,2023,9,0,hist_gradient_boosting_classifier,1,0.9820898417510894
109,2023,10,0,hist_gradient_boosting_classifier,1,0.9793497438549352
109,2023,11,0,hist_gradient_boosting_classifier,1,0.957413669251065
109,2023,12,0,hist_gradient_boosting_classifier,1,0.8654139112716303
109,2024,1,0,hist_gradient_boosting_classifier,1,0.8958466495189051
109,2024,2,0,hist_gradient_boosting_classifier,1,0.8722311239131154
109,2024,3,0,hist_gradient_boosting_classifier,1,0.914614124246216
109,2024,4,0,hist_gradient_boosting_classifier,1,0.9708619508651277
109,2024,5,0,hist_gradient_boosting_classifier,1,0.9896614454005214
109,2024,6,1,hist_gradient_boosting_classifier,1,0.9805126607721464
110,2023,8,1,hist_gradient_boosting_classifier,1,0.9420963372832407
110,2023,9,1,hist_gradient_boosting_classifier,1,0.9369148151126514
110,2023,10,1,hist_gradient_boosting_classifier,1,0.8483232678679954
110,2023,11,1,hist_gradient_boosting_classifier,1,0.7441055025973611
110,2023,12,1,hist_gradient_boosting_classifier,1,0.8464974976056686
110,2024,1,1,hist_gradient_boosting_classifier,1,0.9159178678101929
110,2024,2,1,hist_gradient_boosting_classifier,1,0.9700028291919512
110,2024,3,1,hist_gradient_boosting_classifier,1,0.8384940664305562
110,2024,4,0,hist_gradient_boosting_classifier,1,0.8501323475654657
110,2024,5,0,hist_gradient_boosting_classifier,1,0.9261684870608573
110,2024,6,1,hist_gradient_boosting_classifier,1,0.9552483702572298
111,2023,8,1,hist_gradient_boosting_classifier,1,0.8587162689171215
111,2023,9,1,hist_gradient_boosting_classifier,1,0.7246763385183042
111,2023,10,1,hist_gradient_boosting_classifier,1,0.9123757881378319
111,2023,11,1,hist_gradient_boosting_classifier,1,0.981565972894397
111,2023,12,1,hist_gradient_boosting_classifier,1,0.9374803330800291
111,2024,1,1,hist_gradient_boosting_classifier,1,0.9403167300978104
111,2024,2,1,hist_gradient_boosting_classifier,1,0.9914031807644353
111,2024,3,1,hist_gradient_boosting_classifier,1,0.9362780102800974
111,2024,4,1,hist_gradient_boosting_classifier,1,0.9453881282400329
111,2024,5,1,hist_gradient_boosting_classifier,1,0.890867645747238
111,2024,6,1,hist_gradient_boosting_classifier,1,0.9069959553719225
112,2023,8,1,hist_gradient_boosting_classifier,1,0.6782266427394081
112,2023,9,1,hist_gradient_boosting_classifier,1,0.8179605114891483
112,2023,10,1,hist_gradient_boosting_classifier,1,0.7876489430206745
112,2023,11,1,hist_gradient_boosting_classifier,1,0.7720757192454052
112,2023,12,0,hist_gradient_boosting_classifier,0,0.4187867052837344
112,2024,1,0,hist_gradient_boosting_classifier,1,0.6985011712440977
112,2024,2,0,hist_gradient_boosting_classifier,1,0.9110349871168948
112,2024,3,0,hist_gradient_boosting_classifier,1,0.6906849951739144
112,2024,4,0,hist_gradient_boosting_classifier,1,0.7959076852607959
112,2024,5,1,hist_gradient_boosting_classifier,1,0.677527398701927
112,2024,6,1,hist_gradient_boosting_classifier,1,0.7399791446439337
113,2023,8,1,hist_gradient_boosting_classifier,1,0.5584949643682199
113,2023,9,1,hist_gradient_boosting_classifier,0,0.4043744994868651
113,2023,10,1,hist_gradient_boosting_classifier,1,0.8440680056630233
113,2023,11,1,hist_gradient_boosting_classifier,1,0.9141425244389603
113,2023,12,0,hist_gradient_boosting_classifier,0,0.3030328955412248
113,2024,1,0,hist_gradient_boosting_classifier,0,0.29298834730973267
113,2024,2,0,hist_gradient_boosting_classifier,1,0.5811892566038732
113,2024,3,0,hist_gradient_boosting_classifier,1,0.7677275404798422
113,2024,4,0,hist_gradient_boosting_classifier,0,0.203334480725906
113,2024,5,0,hist_gradient_boosting_classifier,0,0.31815852337156525
113,2024,6,0,hist_gradient_boosting_classifier,0,0.4814010302782586
114,2023,8,1,hist_gradient_boosting_classifier,1,0.5886015409972375
114,2023,9,1,hist_gradient_boosting_classifier,0,0.37508816641458365
114,2023,10,1,hist_gradient_boosting_classifier,1,0.762400605277066
114,2023,11,1,hist_gradient_boosting_classifier,1,0.8887354815972786
114,2023,12,0,hist_gradient_boosting_classifier,0,0.24708621681557036
114,2024,1,0,hist_gradient_boosting_classifier,0,0.28796014886914423
114,2024,2,0,hist_gradient_boosting_classifier,0,0.40849389735813596
114,2024,3,0,hist_gradient_boosting_classifier,0,0.42447235216524803
114,2024,4,0,hist_gradient_boosting_classifier,0,0.36268557799592716
114,2024,5,0,hist_gradient_boosting_classifier,0,0.3817298675112838
114,2024,6,0,hist_gradient_boosting_classifier,1,0.5791047847480717
115,2023,8,1,hist_gradient_boosting_classifier,1,0.9151741693628407
115,2023,9,1,hist_gradient_boosting_classifier,1,0.9278763497283234
115,2023,10,1,hist_gradient_boosting_classifier,1,0.7431132348472639
115,2023,11,1,hist_gradient_boosting_classifier,1,0.9732193785458217
115,2023,12,1,hist_gradient_boosting_classifier,1,0.9901802631241401
115,2024,1,1,hist_gradient_boosting_classifier,1,0.9826725696354283
115,2024,2,1,hist_gradient_boosting_classifier,1,0.9495784212857589
115,2024,3,1,hist_gradient_boosting_classifier,1,0.9793837328490772
115,2024,4,1,hist_gradient_boosting_classifier,1,0.9608595259097047
115,2024,5,1,hist_gradient_boosting_classifier,1,0.9923731824914966
115,2024,6,1,hist_gradient_boosting_classifier,1,0.9442324608322856
116,2023,8,1,hist_gradient_boosting_classifier,0,0.4015161615079424
116,2023,9,1,hist_gradient_boosting_classifier,0,0.1641782438571214
116,2023,10,1,hist_gradient_boosting_classifier,0,0.38281815589618934
116,2023,11,1,hist_gradient_boosting_classifier,0,0.16955326946491286
116,2023,12,1,hist_gradient_boosting_classifier,0,0.3849173748117913
116,2024,1,1,hist_gradient_boosting_classifier,0,0.2121686080652626
116,2024,2,1,hist_gradient_boosting_classifier,0,0.24739143362013993
116,2024,3,1,hist_gradient_boosting_classifier,1,0.5108473271401603
116,2024,4,1,hist_gradient_boosting_classifier,1,0.5250011772236004
116,2024,5,0,hist_gradient_boosting_classifier,1,0.7540180182907021
116,2024,6,0,hist_gradient_boosting_classifier,0,0.4366194474433693
117,2023,8,1,hist_gradient_boosting_classifier,1,0.544524447431579
117,2023,9,1,hist_gradient_boosting_classifier,0,0.33060148563498165
117,2023,10,1,hist_gradient_boosting_classifier,1,0.792002014968777
117,2023,11,1,hist_gradient_boosting_classifier,0,0.47328131484177993
117,2023,12,1,hist_gradient_boosting_classifier,1,0.5846704374409936
117,2024,1,1,hist_gradient_boosting_classifier,0,0.30005979628772145
117,2024,2,1,hist_gradient_boosting_classifier,0,0.38628129238620945
117,2024,3,1,hist_gradient_boosting_classifier,1,0.6775831271044157
117,2024,4,1,hist_gradient_boosting_classifier,1,0.5672029276093631
117,2024,5,0,hist_gradient_boosting_classifier,1,0.7114239761706134
117,2024,6,0,hist_gradient_boosting_classifier,1,0.6407688425667807
118,2023,8,1,hist_gradient_boosting_classifier,1,0.9930609507163869
118,2023,9,1,hist_gradient_boosting_classifier,1,0.9863074108044563
118,2023,10,1,hist_gradient_boosting_classifier,1,0.9879540959252812
118,2023,11,1,hist_gradient_boosting_classifier,1,0.9976684146769854
118,2023,12,1,hist_gradient_boosting_classifier,1,0.9958239341129149
118,2024,1,1,hist_gradient_boosting_classifier,1,0.996016595895251
118,2024,2,1,hist_gradient_boosting_classifier,1,0.9873187649602241
118,2024,3,1,hist_gradient_boosting_classifier,1,0.9846228170909259
118,2024,4,1,hist_gradient_boosting_classifier,1,0.9779662080828251
118,2024,5,1,hist_gradient_boosting_classifier,1,0.896625360532982
118,2024,6,1,hist_gradient_boosting_classifier,1,0.9357115647906493
119,2023,8,1,hist_gradient_boosting_classifier,1,0.9747235488183825
119,2023,9,1,hist_gradient_boosting_classifier,1,0.9444103484333342
119,2023,10,1,hist_gradient_boosting_classifier,1,0.9662214241890853
119,2023,11,1,hist_gradient_boosting_classifier,1,0.9404095333828366
119,2023,12,1,hist_gradient_boosting_classifier,1,0.9565785364438207
119,2024,1,1,hist_gradient_boosting_classifier,1,0.885603519725392
119,2024,2,1,hist_gradient_boosting_classifier,1,0.9261047565548579
119,2024,3,1,hist_gradient_boosting_classifier,1,0.8378059045736983
119,2024,4,1,hist_gradient_boosting_classifier,1,0.8244399258157864
119,2024,5,1,hist_gradient_boosting_classifier,1,0.710216461367752
119,2024,6,1,hist_gradient_boosting_classifier,1,0.8176128791632823
120,2023,8,0,hist_gradient_boosting_classifier,0,0.05389089632977343
120,2023,9,1,hist_gradient_boosting_classifier,0,0.03034976218712243
120,2023,10,1,hist_gradient_boosting_classifier,0,0.06895869342426857
120,2023,11,1,hist_gradient_boosting_classifier,0,0.1050132554081815
120,2023,12,1,hist_gradient_boosting_classifier,0,0.022245456047432482
120,2024,1,0,hist_gradient_boosting_classifier,0,0.012968699705597797
120,2024,2,1,hist_gradient_boosting_classifier,0,0.024300051638506896
120,2024,3,1,hist_gradient_boosting_classifier,0,0.034545294703208995
120,2024,4,1,hist_gradient_boosting_classifier,0,0.03368685821283082
120,2024,5,0,hist_gradient_boosting_classifier,0,0.19572094102647528
120,2024,6,1,hist_gradient_boosting_classifier,0,0.07001075364385119
121,2023,8,0,hist_gradient_boosting_classifier,0,0.12155088678382793
121,2023,9,1,hist_gradient_boosting_classifier,0,0.11528028345365966
121,2023,10,1,hist_gradient_boosting_classifier,0,0.1828242293944172
121,2023,11,1,hist_gradient_boosting_classifier,0,0.29506054047345626
121,2023,12,1,hist_gradient_boosting_classifier,0,0.17803632752094473
121,2024,1,0,hist_gradient_boosting_classifier,0,0.11355786167053422
121,2024,2,1,hist_gradient_boosting_classifier,0,0.1500860271709284
121,2024,3,1,hist_gradient_boosting_classifier,0,0.07554703431553872
121,2024,4,1,hist_gradient_boosting_classifier,0,0.06413251998274844
121,2024,5,0,hist_gradient_boosting_classifier,0,0.3445851013383829
121,2024,6,1,hist_gradient_boosting_classifier,0,0.07430078537812887
122,2023,8,1,hist_gradient_boosting_classifier,1,0.9797231773047351
122,2023,9,1,hist_gradient_boosting_classifier,1,0.9752050151607303
122,2023,10,1,hist_gradient_boosting_classifier,1,0.9817276167818573
122,2023,11,1,hist_gradient_boosting_classifier,1,0.9508391298530413
122,2023,12,1,hist_gradient_boosting_classifier,1,0.9123739153616865
122,2024,1,1,hist_gradient_boosting_classifier,1,0.9580148023624426
122,2024,2,1,hist_gradient_boosting_classifier,1,0.9189028505109558
122,2024,3,1,hist_gradient_boosting_classifier,1,0.9610835923327175
122,2024,4,1,hist_gradient_boosting_classifier,1,0.9368036806271005
122,2024,5,0,hist_gradient_boosting_classifier,1,0.9905409994068218
122,2024,6,0,hist_gradient_boosting_classifier,1,0.9542007515015969
124,2023,8,0,hist_gradient_boosting_classifier,1,0.7312026236478238
124,2023,9,1,hist_gradient_boosting_classifier,1,0.5488949563215502
124,2023,10,1,hist_gradient_boosting_classifier,1,0.7981201955250614
124,2023,11,1,hist_gradient_boosting_classifier,1,0.7243234916562925
124,2023,12,0,hist_gradient_boosting_classifier,0,0.4985713724617495
124,2024,1,1,hist_gradient_boosting_classifier,0,0.18962744748570337
124,2024,2,1,hist_gradient_boosting_classifier,0,0.06066987235943401
124,2024,3,1,hist_gradient_boosting_classifier,0,0.21070538661201552
124,2024,4,0,hist_gradient_boosting_classifier,0,0.3148572190576974
124,2024,5,0,hist_gradient_boosting_classifier,0,0.20140105640049916
125,2023,8,1,hist_gradient_boosting_classifier,1,0.9768924806087694
125,2023,9,1,hist_gradient_boosting_classifier,1,0.9798025087780657
125,2023,10,1,hist_gradient_boosting_classifier,1,0.9840279856206141
125,2023,11,1,hist_gradient_boosting_classifier,1,0.9612197352657583
125,2023,12,1,hist_gradient_boosting_classifier,1,0.9628275958623859
125,2024,1,1,hist_gradient_boosting_classifier,1,0.9638271673705979
125,2024,2,1,hist_gradient_boosting_classifier,1,0.9535757704537929
125,2024,3,1,hist_gradient_boosting_classifier,1,0.977767022469132
125,2024,4,1,hist_gradient_boosting_classifier,1,0.9532852028279146
125,2024,5,0,hist_gradient_boosting_classifier,1,0.992167897585622
125,2024,6,0,hist_gradient_boosting_classifier,1,0.9775114861712578
126,2023,8,1,hist_gradient_boosting_classifier,1,0.9582828258315219
126,2023,9,1,hist_gradient_boosting_classifier,1,0.8563953614200842
126,2023,10,1,hist_gradient_boosting_classifier,1,0.9243189243748829
126,2023,11,1,hist_gradient_boosting_classifier,1,0.6617666773471698
126,2023,12,1,hist_gradient_boosting_classifier,1,0.8537436238215079
126,2024,1,1,hist_gradient_boosting_classifier,1,0.745798620254711
126,2024,2,0,hist_gradient_boosting_classifier,1,0.8275670278787408
126,2024,3,0,hist_gradient_boosting_classifier,1,0.8093165718048518
126,2024,4,1,hist_gradient_boosting_classifier,1,0.7577153960789252
126,2024,5,1,hist_gradient_boosting_classifier,1,0.8286279615529837
126,2024,6,1,hist_gradient_boosting_classifier,1,0.6882919517145859
127,2023,8,1,hist_gradient_boosting_classifier,1,0.5408767037211858
127,2023,9,1,hist_gradient_boosting_classifier,1,0.6940283993497582
127,2023,10,1,hist_gradient_boosting_classifier,1,0.5791497769509523
127,2023,11,1,hist_gradient_boosting_classifier,1,0.6672385932447988
127,2023,12,0,hist_gradient_boosting_classifier,0,0.2893833480253278
127,2024,1,1,hist_gradient_boosting_classifier,0,0.44334055036387265
127,2024,2,1,hist_gradient_boosting_classifier,1,0.8455776456542649
127,2024,3,1,hist_gradient_boosting_classifier,0,0.48348431266446656
127,2024,4,1,hist_gradient_boosting_classifier,1,0.6446217250678135
127,2024,5,1,hist_gradient_boosting_classifier,1,0.595709066188544
127,2024,6,1,hist_gradient_boosting_classifier,1,0.7718813728630312
128,2023,8,1,hist_gradient_boosting_classifier,1,0.7331749886538725
128,2023,9,0,hist_gradient_boosting_classifier,0,0.2958425954393838
128,2023,10,0,hist_gradient_boosting_classifier,1,0.6868940380331018
128,2023,11,0,hist_gradient_boosting_classifier,1,0.5631008862486477
128,2023,12,0,hist_gradient_boosting_classifier,0,0.14006250489088426
128,2024,1,0,hist_gradient_boosting_classifier,0,0.3114909347301159
128,2024,2,0,hist_gradient_boosting_classifier,1,0.6245775602644315
128,2024,3,1,hist_gradient_boosting_classifier,1,0.807107116360248
128,2024,4,1,hist_gradient_boosting_classifier,1,0.848184106089532
128,2024,5,1,hist_gradient_boosting_classifier,1,0.7406472049639075
128,2024,6,0,hist_gradient_boosting_classifier,1,0.6893262630926958
129,2023,8,1,hist_gradient_boosting_classifier,1,0.7270808476595256
129,2023,9,0,hist_gradient_boosting_classifier,0,0.4683992997165644
129,2023,10,0,hist_gradient_boosting_classifier,1,0.7415836130426315
129,2023,11,0,hist_gradient_boosting_classifier,1,0.5099646619030233
129,2023,12,0,hist_gradient_boosting_classifier,0,0.1688764079068001
129,2024,1,0,hist_gradient_boosting_classifier,0,0.25880447408045365
129,2024,2,0,hist_gradient_boosting_classifier,1,0.6427337246589521
129,2024,3,1,hist_gradient_boosting_classifier,1,0.86575845610556
129,2024,4,1,hist_gradient_boosting_classifier,1,0.7540447883455604
129,2024,5,1,hist_gradient_boosting_classifier,1,0.7704220250313878
129,2024,6,0,hist_gradient_boosting_classifier,1,0.6875125305729944
131,2023,8,0,hist_gradient_boosting_classifier,0,0.2532741063281607
131,2023,9,0,hist_gradient_boosting_classifier,0,0.29162872808889384
131,2023,10,0,hist_gradient_boosting_classifier,1,0.6605842241280351
131,2023,11,0,hist_gradient_boosting_classifier,0,0.37385725217063015
131,2023,12,0,hist_gradient_boosting_classifier,0,0.3113055430559269
131,2024,1,0,hist_gradient_boosting_classifier,0,0.21446550332818368
131,2024,2,0,hist_gradient_boosting_classifier,0,0.3355089914876723
131,2024,3,1,hist_gradient_boosting_classifier,0,0.3360474588393481
131,2024,4,1,hist_gradient_boosting_classifier,0,0.15697229054454243
131,2024,5,1,hist_gradient_boosting_classifier,0,0.36633000937895827
131,2024,6,0,hist_gradient_boosting_classifier,0,0.35994220962865275
132,2023,8,0,hist_gradient_boosting_classifier,0,0.07457407291900059
132,2023,9,0,hist_gradient_boosting_classifier,0,0.14158372581221523
132,2023,10,0,hist_gradient_boosting_classifier,0,0.3391406238378997
132,2023,11,0,hist_gradient_boosting_classifier,0,0.107639379919361
132,2023,12,0,hist_gradient_boosting_classifier,0,0.010163816160385135
132,2024,1,0,hist_gradient_boosting_classifier,0,0.016050197934314787
132,2024,2,0,hist_gradient_boosting_classifier,0,0.13135439738759366
132,2024,3,0,hist_gradient_boosting_classifier,0,0.009979113324378747
132,2024,4,0,hist_gradient_boosting_classifier,0,0.012255452259138553
132,2024,5,0,hist_gradient_boosting_classifier,0,0.13409372569685354
132,2024,6,0,hist_gradient_boosting_classifier,0,0.022109457068976934
133,2023,8,0,hist_gradient_boosting_classifier,0,0.08754958347595779
133,2023,9,0,hist_gradient_boosting_classifier,1,0.5066771113711117
133,2023,10,0,hist_gradient_boosting_classifier,1,0.7827216155663106
133,2023,11,0,hist_gradient_boosting_classifier,0,0.2349276435464144
133,2023,12,0,hist_gradient_boosting_classifier,0,0.033063785181402384
133,2024,1,0,hist_gradient_boosting_classifier,0,0.10396771186013884
133,2024,2,0,hist_gradient_boosting_classifier,1,0.7009209538314009
133,2024,3,0,hist_gradient_boosting_classifier,0,0.19281543169416768
133,2024,4,0,hist_gradient_boosting_classifier,0,0.12912460379791008
133,2024,5,0,hist_gradient_boosting_classifier,1,0.5377342693034367
133,2024,6,0,hist_gradient_boosting_classifier,0,0.4943028582570572
134,2023,8,0,hist_gradient_boosting_classifier,0,0.08803772768224907
134,2023,9,0,hist_gradient_boosting_classifier,0,0.1401170816391607
134,2023,10,0,hist_gradient_boosting_classifier,0,0.09224913575843408
134,2023,11,0,hist_gradient_boosting_classifier,0,0.02346870728326891
134,2023,12,0,hist_gradient_boosting_classifier,0,0.0072993320598037205
134,2024,1,0,hist_gradient_boosting_classifier,0,0.008729663718129886
134,2024,2,0,hist_gradient_boosting_classifier,0,0.13918642292687708
134,2024,3,0,hist_gradient_boosting_classifier,0,0.1785288093011815
134,2024,4,0,hist_gradient_boosting_classifier,0,0.044690315877992166
134,2024,5,0,hist_gradient_boosting_classifier,0,0.15737443724593692
134,2024,6,0,hist_gradient_boosting_classifier,0,0.05631957894588311
135,2023,8,0,hist_gradient_boosting_classifier,0,0.08716990861240331
135,2023,9,0,hist_gradient_boosting_classifier,0,0.07830303851470817
135,2023,10,0,hist_gradient_boosting_classifier,0,0.2071466503498782
135,2023,11,0,hist_gradient_boosting_classifier,0,0.12515627783280073
135,2023,12,0,hist_gradient_boosting_classifier,0,0.22373023207991422
135,2024,1,0,hist_gradient_boosting_classifier,0,0.3765572047500206
135,2024,2,0,hist_gradient_boosting_classifier,1,0.7392927701163748
135,2024,3,0,hist_gradient_boosting_classifier,0,0.34222013314766636
135,2024,4,0,hist_gradient_boosting_classifier,1,0.5141685876620841
135,2024,5,0,hist_gradient_boosting_classifier,1,0.7235500284588149
135,2024,6,0,hist_gradient_boosting_classifier,1,0.6057006827561149
136,2023,8,1,hist_gradient_boosting_classifier,1,0.8681747817213543
136,2023,9,1,hist_gradient_boosting_classifier,1,0.8946503219106171
136,2023,10,1,hist_gradient_boosting_classifier,1,0.8726130172739327
136,2023,11,1,hist_gradient_boosting_classifier,1,0.940064270132707
136,2023,12,1,hist_gradient_boosting_classifier,1,0.9204718055022617
136,2024,1,1,hist_gradient_boosting_classifier,1,0.8616698964994755
136,2024,2,0,hist_gradient_boosting_classifier,1,0.8643138842552627
136,2024,3,0,hist_gradient_boosting_classifier,1,0.8964909488977867
136,2024,4,0,hist_gradient_boosting_classifier,1,0.8771849767442165
136,2024,5,0,hist_gradient_boosting_classifier,1,0.9277214776576395
136,2024,6,1,hist_gradient_boosting_classifier,1,0.9114255207035111
137,2023,8,1,hist_gradient_boosting_classifier,1,0.9983203236723281
137,2023,9,1,hist_gradient_boosting_classifier,1,0.9935820524913036
137,2023,10,1,hist_gradient_boosting_classifier,1,0.9756550423558786
137,2023,11,1,hist_gradient_boosting_classifier,1,0.96341581497505
137,2023,12,1,hist_gradient_boosting_classifier,1,0.9865584567884306
137,2024,1,1,hist_gradient_boosting_classifier,1,0.9959662349288089
137,2024,2,1,hist_gradient_boosting_classifier,1,0.9935429540480442
137,2024,3,1,hist_gradient_boosting_classifier,1,0.9933144357239907
137,2024,4,1,hist_gradient_boosting_classifier,1,0.9930378882272192
137,2024,5,0,hist_gradient_boosting_classifier,1,0.9959122955603724
137,2024,6,1,hist_gradient_boosting_classifier,1,0.988667551921739
138,2023,8,1,hist_gradient_boosting_classifier,1,0.9997174095935077
138,2023,9,1,hist_gradient_boosting_classifier,1,0.9994096982371737
138,2023,10,1,hist_gradient_boosting_classifier,1,0.9975579181907952
138,2023,11,1,hist_gradient_boosting_classifier,1,0.9959985996715254
138,2023,12,1,hist_gradient_boosting_classifier,1,0.9964941603684664
138,2024,1,1,hist_gradient_boosting_classifier,1,0.9990568924759541
138,2024,2,1,hist_gradient_boosting_classifier,1,0.9993403936702127
138,2024,3,1,hist_gradient_boosting_classifier,1,0.9983429039686799
138,2024,4,1,hist_gradient_boosting_classifier,1,0.9979159249465246
138,2024,5,0,hist_gradient_boosting_classifier,1,0.9993728071709552
138,2024,6,1,hist_gradient_boosting_classifier,1,0.998697416713513
139,2023,8,1,hist_gradient_boosting_classifier,1,0.9181155534665946
139,2023,9,0,hist_gradient_boosting_classifier,1,0.97956025004175
139,2023,10,0,hist_gradient_boosting_classifier,1,0.9332118654266389
139,2023,11,0,hist_gradient_boosting_classifier,1,0.6256825923675196
139,2023,12,0,hist_gradient_boosting_classifier,1,0.8014071091904075
139,2024,1,0,hist_gradient_boosting_classifier,1,0.7361091937885565
139,2024,2,1,hist_gradient_boosting_classifier,1,0.9201382523495092
139,2024,3,1,hist_gradient_boosting_classifier,1,0.9319672904590648
139,2024,4,1,hist_gradient_boosting_classifier,1,0.9273175054168146
139,2024,5,1,hist_gradient_boosting_classifier,1,0.9480842692648899
139,2024,6,1,hist_gradient_boosting_classifier,1,0.9667698212779656
140,2023,8,1,hist_gradient_boosting_classifier,1,0.9990719989387107
140,2023,9,1,hist_gradient_boosting_classifier,1,0.9992439193826149
140,2023,10,1,hist_gradient_boosting_classifier,1,0.997934215801748
140,2023,11,1,hist_gradient_boosting_classifier,1,0.9946262165599247
140,2023,12,1,hist_gradient_boosting_classifier,1,0.9973118712586138
140,2024,1,1,hist_gradient_boosting_classifier,1,0.9918569887836377
140,2024,2,1,hist_gradient_boosting_classifier,1,0.9970876166127937
140,2024,3,1,hist_gradient_boosting_classifier,1,0.9968093327094965
140,2024,4,1,hist_gradient_boosting_classifier,1,0.9937528795967293
140,2024,5,1,hist_gradient_boosting_classifier,1,0.9985197872407028
140,2024,6,1,hist_gradient_boosting_classifier,1,0.9971425203376639
143,2023,12,1,hist_gradient_boosting_classifier,1,0.9947538514224954
143,2024,1,1,hist_gradient_boosting_classifier,1,0.9993410819277586
143,2024,2,1,hist_gradient_boosting_classifier,1,0.998571480845399
143,2024,3,1,hist_gradient_boosting_classifier,1,0.9980956347613703
143,2024,4,1,hist_gradient_boosting_classifier,1,0.9992590632511194
143,2024,5,0,hist_gradient_boosting_classifier,1,0.999209034341123
143,2024,6,1,hist_gradient_boosting_classifier,1,0.9987131066272262
