site_id,year,month,target_crash_count_next_quarter_500m,model,predicted_count
1,2023,8,2.0,poisson_regression,1.3018262860272203
1,2023,9,3.0,poisson_regression,1.3422497473236517
1,2023,10,2.0,poisson_regression,1.4501770151715179
1,2023,11,1.0,poisson_regression,1.4963447237536887
1,2023,12,0.0,poisson_regression,1.5930533515845473
1,2024,1,1.0,poisson_regression,1.5652968135513388
1,2024,2,2.0,poisson_regression,1.6879876664862563
1,2024,3,2.0,poisson_regression,1.5333299493047807
1,2024,4,1.0,poisson_regression,1.651475275554111
1,2024,5,1.0,poisson_regression,1.9174742318410245
1,2024,6,1.0,poisson_regression,1.7135315682183052
2,2023,8,4.0,poisson_regression,2.7029931061964754
2,2023,9,2.0,poisson_regression,3.1379118123090857
2,2023,10,2.0,poisson_regression,2.4869920964120174
2,2023,11,0.0,poisson_regression,3.0839127266904853
2,2023,12,2.0,poisson_regression,2.561639525147718
2,2024,1,2.0,poisson_regression,2.283063107705327
2,2024,2,3.0,poisson_regression,2.2107690133857423
2,2024,3,1.0,poisson_regression,2.3824804303141396
2,2024,4,1.0,poisson_regression,2.198166562016079
2,2024,5,0.0,poisson_regression,2.8830749367036286
2,2024,6,0.0,poisson_regression,2.0578923510858877
3,2023,8,5.0,poisson_regression,2.1506525575749986
3,2023,9,3.0,poisson_regression,2.6271869134673276
3,2023,10,2.0,poisson_regression,2.2466455410216772
3,2023,11,0.0,poisson_regression,2.4687171674335233
3,2023,12,2.0,poisson_regression,2.2572779747376495
3,2024,1,2.0,poisson_regression,2.093135485295171
3,2024,2,3.0,poisson_regression,2.0717099495776465
3,2024,3,1.0,poisson_regression,2.246211234966863
3,2024,4,1.0,poisson_regression,1.9043396495978606
3,2024,5,0.0,poisson_regression,2.4940972135652
3,2024,6,0.0,poisson_regression,1.7254256656575904
4,2023,8,3.0,poisson_regression,1.5851421281960194
4,2023,9,3.0,poisson_regression,1.3252996254159186
4,2023,10,2.0,poisson_regression,1.4276134235888485
4,2023,11,0.0,poisson_regression,1.476761492079837
4,2023,12,1.0,poisson_regression,1.2986264102115967
4,2024,1,1.0,poisson_regression,1.3903991735413679
4,2024,2,1.0,poisson_regression,1.4227429912820126
4,2024,3,1.0,poisson_regression,1.397210222301268
4,2024,4,1.0,poisson_regression,1.3253910099179502
4,2024,5,1.0,poisson_regression,1.400754915685218
4,2024,6,0.0,poisson_regression,1.1879694297091754
5,2023,8,3.0,poisson_regression,1.614623754658364
5,2023,9,3.0,poisson_regression,1.3442695282557948
5,2023,10,2.0,poisson_regression,1.4347585160997156
5,2023,11,0.0,poisson_regression,1.4778388084973135
5,2023,12,1.0,poisson_regression,1.3005257141175603
5,2024,1,1.0,poisson_regression,1.3948526992150525
5,2024,2,1.0,poisson_regression,1.4284084160609631
5,2024,3,1.0,poisson_regression,1.4063324495173968
5,2024,4,1.0,poisson_regression,1.3350794114458457
5,2024,5,1.0,poisson_regression,1.4064784822163396
5,2024,6,0.0,poisson_regression,1.2042880176142625
6,2023,8,0.0,poisson_regression,2.150523490506652
6,2023,9,1.0,poisson_regression,1.9570946580792914
6,2023,10,2.0,poisson_regression,1.3635570511051063
6,2023,11,2.0,poisson_regression,1.264659833530063
6,2023,12,2.0,poisson_regression,1.4745940941596027
6,2024,1,1.0,poisson_regression,1.5545999764787488
6,2024,2,3.0,poisson_regression,1.7272289621496362
6,2024,3,3.0,poisson_regression,2.091536464584614
6,2024,4,6.0,poisson_regression,1.7457666296162764
6,2024,5,4.0,poisson_regression,2.124676672411391
6,2024,6,4.0,poisson_regression,2.039420588173236
7,2023,8,0.0,poisson_regression,1.9656229496262019
7,2023,9,1.0,poisson_regression,1.8119732347773299
7,2023,10,2.0,poisson_regression,1.2245741436547557
7,2023,11,2.0,poisson_regression,1.1103401870183747
7,2023,12,2.0,poisson_regression,1.3019039014426523
7,2024,1,1.0,poisson_regression,1.4737555817613333
7,2024,2,3.0,poisson_regression,1.6844134101973471
7,2024,3,3.0,poisson_regression,2.123828734935342
7,2024,4,6.0,poisson_regression,1.6544435299273323
7,2024,5,4.0,poisson_regression,2.1418440674940467
7,2024,6,4.0,poisson_regression,2.0030997947127314
8,2023,8,1.0,poisson_regression,0.9096719153609356
8,2023,9,1.0,poisson_regression,0.8822906603811402
8,2023,10,1.0,poisson_regression,0.764073737136472
8,2023,11,0.0,poisson_regression,0.9027131757782832
8,2023,12,0.0,poisson_regression,0.8837297047242292
8,2024,1,1.0,poisson_regression,1.0202098431741036
8,2024,2,1.0,poisson_regression,1.0955759208378688
8,2024,3,2.0,poisson_regression,1.034913748085703
8,2024,4,1.0,poisson_regression,1.1576549769900113
8,2024,5,1.0,poisson_regression,1.2065706647673624
8,2024,6,0.0,poisson_regression,1.2910137311605752
9,2023,8,1.0,poisson_regression,0.9324908663019303
9,2023,9,0.0,poisson_regression,0.9817966336285436
9,2023,10,0.0,poisson_regression,0.9911232996554901
9,2023,11,2.0,poisson_regression,1.0254533228248115
9,2023,12,2.0,poisson_regression,0.8613754672960358
9,2024,1,3.0,poisson_regression,0.8751989851558214
9,2024,2,1.0,poisson_regression,1.2752951729205297
9,2024,3,1.0,poisson_regression,1.3622318738293813
9,2024,4,0.0,poisson_regression,1.639011755519448
9,2024,5,0.0,poisson_regression,1.4225299547547816
9,2024,6,0.0,poisson_regression,1.2207440532178775
10,2023,8,2.0,poisson_regression,1.0145714763667097
10,2023,9,2.0,poisson_regression,1.2652260651828577
10,2023,10,2.0,poisson_regression,1.040459612152718
10,2023,11,1.0,poisson_regression,1.2012695297908746
10,2023,12,0.0,poisson_regression,1.159544248701885
10,2024,1,0.0,poisson_regression,1.2234410002120688
10,2024,2,0.0,poisson_regression,1.3461488187073978
10,2024,3,0.0,poisson_regression,1.205089780759074
10,2024,4,1.0,poisson_regression,1.0246579227973993
10,2024,5,1.0,poisson_regression,1.0522455841386422
10,2024,6,1.0,poisson_regression,0.9517499723747563
11,2023,8,2.0,poisson_regression,1.0853070364717663
11,2023,9,2.0,poisson_regression,1.2883492176226214
11,2023,10,3.0,poisson_regression,1.0556809552057334
11,2023,11,2.0,poisson_regression,1.2102808851370426
11,2023,12,2.0,poisson_regression,1.2424966365650307
11,2024,1,1.0,poisson_regression,1.4910550930187811
11,2024,2,1.0,poisson_regression,1.488273194640131
11,2024,3,0.0,poisson_regression,1.7514516620680987
11,2024,4,1.0,poisson_regression,1.3561923023688243
11,2024,5,1.0,poisson_regression,1.4231315573994734
11,2024,6,1.0,poisson_regression,1.1992751786117712
13,2023,8,5.0,poisson_regression,1.5039488296990382
13,2023,9,5.0,poisson_regression,1.7087127134925764
13,2023,10,4.0,poisson_regression,2.0605528259348778
13,2023,11,1.0,poisson_regression,2.2693232358546536
13,2023,12,1.0,poisson_regression,2.347870940221431
13,2024,1,2.0,poisson_regression,2.33530708324754
13,2024,2,2.0,poisson_regression,2.637830062892203
13,2024,3,2.0,poisson_regression,2.4180907599140995
13,2024,4,1.0,poisson_regression,2.4043802917958317
13,2024,5,1.0,poisson_regression,2.4170867270432774
13,2024,6,0.0,poisson_regression,2.149378014522612
14,2023,8,3.0,poisson_regression,1.4741726999541795
14,2023,9,2.0,poisson_regression,1.5835126634923027
14,2023,10,1.0,poisson_regression,1.7294312575216784
14,2023,11,1.0,poisson_regression,1.43720733217136
14,2023,12,1.0,poisson_regression,1.657488290425357
14,2024,1,2.0,poisson_regression,1.3425422418827018
14,2024,2,3.0,poisson_regression,1.5591002333068225
14,2024,3,2.0,poisson_regression,1.661666143813649
14,2024,4,3.0,poisson_regression,1.6448213962412386
14,2024,5,2.0,poisson_regression,1.8718600290512428
14,2024,6,2.0,poisson_regression,1.4065306792680168
15,2023,8,4.0,poisson_regression,2.6616298926434583
15,2023,9,1.0,poisson_regression,2.648960474231323
15,2023,10,2.0,poisson_regression,2.881288622413176
15,2023,11,4.0,poisson_regression,2.6344368499935786
15,2023,12,4.0,poisson_regression,1.9074275299828114
15,2024,1,3.0,poisson_regression,1.7888515626261392
15,2024,2,4.0,poisson_regression,2.6305629400579855
15,2024,3,4.0,poisson_regression,2.545682422125028
15,2024,4,4.0,poisson_regression,2.533814457494938
15,2024,5,4.0,poisson_regression,2.6858838084949856
15,2024,6,6.0,poisson_regression,2.4371824703965888
16,2023,8,8.0,poisson_regression,2.931161607916598
16,2023,9,9.0,poisson_regression,2.8260245189403146
16,2023,10,6.0,poisson_regression,3.1630526737411095
16,2023,11,3.0,poisson_regression,3.507375481052205
16,2023,12,4.0,poisson_regression,4.205803301983968
16,2024,1,9.0,poisson_regression,4.7098296892112055
16,2024,2,11.0,poisson_regression,4.7018194705004985
16,2024,3,11.0,poisson_regression,3.9803796093493697
16,2024,4,6.0,poisson_regression,5.715237300717238
16,2024,5,5.0,poisson_regression,7.193807558940881
16,2024,6,5.0,poisson_regression,6.295462735997126
17,2023,8,8.0,poisson_regression,3.69670640010739
17,2023,9,9.0,poisson_regression,3.2823766686876845
17,2023,10,6.0,poisson_regression,4.070877040250311
17,2023,11,3.0,poisson_regression,4.610952931718161
17,2023,12,4.0,poisson_regression,5.205385287435006
17,2024,1,9.0,poisson_regression,5.401371200194429
17,2024,2,11.0,poisson_regression,5.1045778367662855
17,2024,3,11.0,poisson_regression,4.532539888320733
17,2024,4,6.0,poisson_regression,6.967087918517803
17,2024,5,5.0,poisson_regression,8.336506674500363
17,2024,6,5.0,poisson_regression,7.746343743413707
18,2023,8,4.0,poisson_regression,2.7042870933158003
18,2023,9,1.0,poisson_regression,2.679692201937215
18,2023,10,2.0,poisson_regression,3.1167919621728113
18,2023,11,4.0,poisson_regression,2.676842486217964
18,2023,12,4.0,poisson_regression,1.9310858670914253
18,2024,1,3.0,poisson_regression,1.7691108725425202
18,2024,2,4.0,poisson_regression,2.6584916177038487
18,2024,3,4.0,poisson_regression,2.5890627011724
18,2024,4,4.0,poisson_regression,2.5646376438196605
18,2024,5,4.0,poisson_regression,2.744810067782916
18,2024,6,6.0,poisson_regression,2.476860147782642
19,2023,8,2.0,poisson_regression,0.9567148314827664
19,2023,9,2.0,poisson_regression,1.244387999922861
19,2023,10,2.0,poisson_regression,1.0291183449951533
19,2023,11,1.0,poisson_regression,1.1692628294017628
19,2023,12,1.0,poisson_regression,1.2051611074498234
19,2024,1,1.0,poisson_regression,1.283956811414996
19,2024,2,1.0,poisson_regression,1.4409163644029785
19,2024,3,0.0,poisson_regression,1.5362698697320745
19,2024,4,1.0,poisson_regression,1.2875547597657755
19,2024,5,1.0,poisson_regression,1.4054897148658492
19,2024,6,1.0,poisson_regression,1.1768558528361828
20,2023,8,0.0,poisson_regression,1.7060608022236943
20,2023,9,1.0,poisson_regression,1.463350171184039
20,2023,10,1.0,poisson_regression,1.4769072920746737
20,2023,11,1.0,poisson_regression,1.2639633338913294
20,2023,12,0.0,poisson_regression,1.2590756006875556
20,2024,1,0.0,poisson_regression,1.3563660355875566
20,2024,2,0.0,poisson_regression,1.678143012623743
20,2024,3,0.0,poisson_regression,1.5252926728799234
20,2024,4,0.0,poisson_regression,1.3668630396928607
20,2024,5,0.0,poisson_regression,1.3321614081309456
20,2024,6,0.0,poisson_regression,0.4886960347430982
21,2023,8,0.0,poisson_regression,1.018017387179877
21,2023,9,0.0,poisson_regression,1.0866994227143976
21,2023,10,0.0,poisson_regression,0.9590960006748018
21,2023,11,0.0,poisson_regression,0.9175267015505929
21,2023,12,0.0,poisson_regression,0.8952790502281537
21,2024,1,0.0,poisson_regression,1.0027708780138056
21,2024,2,0.0,poisson_regression,1.0639078234859982
21,2024,3,0.0,poisson_regression,1.1098278673008366
21,2024,4,0.0,poisson_regression,1.0876688383574713
21,2024,5,0.0,poisson_regression,1.1082239236687788
21,2024,6,1.0,poisson_regression,0.9921221518929562
22,2023,8,2.0,poisson_regression,1.430934069059262
22,2023,9,3.0,poisson_regression,1.0877713581944246
22,2023,10,6.0,poisson_regression,1.259928682917183
22,2023,11,5.0,poisson_regression,1.4858463956311518
22,2023,12,5.0,poisson_regression,1.5090958944761037
22,2024,1,2.0,poisson_regression,2.238458502797357
22,2024,2,3.0,poisson_regression,2.428010904272507
22,2024,3,3.0,poisson_regression,3.2248872986743637
22,2024,4,2.0,poisson_regression,3.0554753628031937
22,2024,5,2.0,poisson_regression,2.652372069294631
22,2024,6,1.0,poisson_regression,2.509549066500722
23,2023,8,3.0,poisson_regression,1.5971947946750955
23,2023,9,3.0,poisson_regression,1.4585757816718203
23,2023,10,4.0,poisson_regression,1.6696392460561533
23,2023,11,4.0,poisson_regression,1.9456979901536913
23,2023,12,4.0,poisson_regression,1.7365270982636123
23,2024,1,3.0,poisson_regression,2.3085510217860103
23,2024,2,3.0,poisson_regression,2.8761757591132433
23,2024,3,5.0,poisson_regression,3.2663035378663405
23,2024,4,4.0,poisson_regression,3.055363073129836
23,2024,5,3.0,poisson_regression,2.8861298779412277
23,2024,6,1.0,poisson_regression,3.08290984046707
24,2023,8,2.0,poisson_regression,1.3941538228724868
24,2023,9,3.0,poisson_regression,1.071187278763541
24,2023,10,5.0,poisson_regression,1.2437116654954825
24,2023,11,4.0,poisson_regression,1.467939637377876
24,2023,12,4.0,poisson_regression,1.5042934393866931
24,2024,1,2.0,poisson_regression,2.1141417164683594
24,2024,2,3.0,poisson_regression,2.2326602628330767
24,2024,3,5.0,poisson_regression,2.83933070358768
24,2024,4,4.0,poisson_regression,2.6728619953449373
24,2024,5,3.0,poisson_regression,2.5607416181006686
24,2024,6,1.0,poisson_regression,2.661226095011944
25,2023,8,4.0,poisson_regression,2.3154277216220094
25,2023,9,3.0,poisson_regression,2.569446518268286
25,2023,10,5.0,poisson_regression,2.074783255654426
25,2023,11,4.0,poisson_regression,2.175624780263183
25,2023,12,4.0,poisson_regression,1.8635308617368174
25,2024,1,3.0,poisson_regression,2.682673884636323
25,2024,2,3.0,poisson_regression,2.855226361430265
25,2024,3,5.0,poisson_regression,2.5878814181834784
25,2024,4,4.0,poisson_regression,2.7374949076880637
25,2024,5,3.0,poisson_regression,3.0352936074888985
25,2024,6,4.0,poisson_regression,2.7103763671604373
26,2023,8,3.0,poisson_regression,0.9487551914950405
26,2023,9,3.0,poisson_regression,1.1440946046214013
26,2023,10,2.0,poisson_regression,1.4032690425836796
26,2023,11,2.0,poisson_regression,1.3930685739894193
26,2023,12,1.0,poisson_regression,1.5640649306624295
26,2024,1,0.0,poisson_regression,1.787845018820865
26,2024,2,0.0,poisson_regression,1.8915415571481693
26,2024,3,1.0,poisson_regression,1.8733628295534337
26,2024,4,1.0,poisson_regression,1.5506586342676825
26,2024,5,1.0,poisson_regression,1.316949226575562
26,2024,6,1.0,poisson_regression,1.4769260555892159
27,2023,8,2.0,poisson_regression,1.0174783349968748
27,2023,9,3.0,poisson_regression,0.9144458702761006
27,2023,10,3.0,poisson_regression,1.0099050931499591
27,2023,11,2.0,poisson_regression,1.1741971490660603
27,2023,12,1.0,poisson_regression,1.2687253551858917
27,2024,1,0.0,poisson_regression,1.4548968044762847
27,2024,2,1.0,poisson_regression,1.4883263811166128
27,2024,3,1.0,poisson_regression,1.527479541039575
27,2024,4,1.0,poisson_regression,1.2860211689083751
27,2024,5,0.0,poisson_regression,1.3921876231134942
27,2024,6,2.0,poisson_regression,1.252139688654888
28,2023,8,0.0,poisson_regression,0.7755885311781245
28,2023,9,0.0,poisson_regression,0.8636569251326026
28,2023,10,0.0,poisson_regression,0.7799302035267474
28,2023,11,0.0,poisson_regression,0.7285222379985042
28,2023,12,0.0,poisson_regression,0.731851520248181
28,2024,1,0.0,poisson_regression,0.8387280117771538
28,2024,2,0.0,poisson_regression,0.8832513950050227
28,2024,3,0.0,poisson_regression,0.9063359989707067
28,2024,4,0.0,poisson_regression,0.9091464751806516
28,2024,5,1.0,poisson_regression,0.8721662033700425
28,2024,6,1.0,poisson_regression,0.7817584024180423
29,2023,8,0.0,poisson_regression,0.880979733795235
29,2023,9,0.0,poisson_regression,0.816227527285716
29,2023,10,0.0,poisson_regression,0.8226222402045361
29,2023,11,1.0,poisson_regression,0.8766507092580605
29,2023,12,1.0,poisson_regression,0.8183013213575169
29,2024,1,1.0,poisson_regression,0.917362624390328
29,2024,2,0.0,poisson_regression,1.2019739339316713
29,2024,3,0.0,poisson_regression,1.1899334234399177
29,2024,4,0.0,poisson_regression,1.3162956335961995
29,2024,5,0.0,poisson_regression,1.1871767013529215
29,2024,6,0.0,poisson_regression,0.9520404879016514
30,2023,8,2.0,poisson_regression,0.9535652246701123
30,2023,9,1.0,poisson_regression,1.033289621282666
30,2023,10,0.0,poisson_regression,1.1353501943861015
30,2023,11,0.0,poisson_regression,1.1516466354037362
30,2023,12,0.0,poisson_regression,1.0539724762711022
30,2024,1,0.0,poisson_regression,0.989476639832009
30,2024,2,0.0,poisson_regression,1.0042156291937143
30,2024,3,0.0,poisson_regression,1.0594115730044245
30,2024,4,0.0,poisson_regression,0.9967890481338213
30,2024,5,0.0,poisson_regression,0.984244609872669
30,2024,6,0.0,poisson_regression,0.87825508531333
31,2023,8,2.0,poisson_regression,0.8977449366405126
31,2023,9,1.0,poisson_regression,1.0292954807402352
31,2023,10,0.0,poisson_regression,1.0611699176621958
31,2023,11,0.0,poisson_regression,1.0757932264771999
31,2023,12,0.0,poisson_regression,1.0115902499544829
31,2024,1,0.0,poisson_regression,0.9868669384679432
31,2024,2,0.0,poisson_regression,1.05233856859119
31,2024,3,0.0,poisson_regression,1.0983850152437802
31,2024,4,0.0,poisson_regression,0.972180638471495
31,2024,5,0.0,poisson_regression,0.9791771866974193
31,2024,6,0.0,poisson_regression,0.8577669174600208
32,2023,8,0.0,poisson_regression,0.6790521179685346
32,2023,9,0.0,poisson_regression,0.680360052585853
32,2023,10,0.0,poisson_regression,0.6890110713967872
32,2023,11,0.0,poisson_regression,0.709678369432747
32,2023,12,0.0,poisson_regression,0.702449393405241
32,2024,1,0.0,poisson_regression,0.7898268919482944
32,2024,2,0.0,poisson_regression,0.8602802717593818
32,2024,3,0.0,poisson_regression,0.8847406720961517
32,2024,4,0.0,poisson_regression,0.8885302083682775
32,2024,5,0.0,poisson_regression,0.8740563429304029
32,2024,6,0.0,poisson_regression,0.7774044895519079
33,2023,8,0.0,poisson_regression,0.7171837253839247
33,2023,9,0.0,poisson_regression,0.71522372356717
33,2023,10,0.0,poisson_regression,0.7242261193261303
33,2023,11,0.0,poisson_regression,0.7374228270183845
33,2023,12,0.0,poisson_regression,0.7033188238518359
33,2024,1,0.0,poisson_regression,0.7991356774867696
33,2024,2,0.0,poisson_regression,0.8953487112727055
33,2024,3,0.0,poisson_regression,0.915725405402981
33,2024,4,0.0,poisson_regression,0.9169176950192439
33,2024,5,0.0,poisson_regression,0.9445998777205684
33,2024,6,0.0,poisson_regression,0.8363222048366221
34,2023,8,0.0,poisson_regression,0.7357577018249915
34,2023,9,0.0,poisson_regression,0.8086361060685656
34,2023,10,0.0,poisson_regression,0.734954488279515
34,2023,11,0.0,poisson_regression,0.6997388887741907
34,2023,12,0.0,poisson_regression,0.7237403002367406
34,2024,1,0.0,poisson_regression,0.8198561540608976
34,2024,2,0.0,poisson_regression,0.8512164520070002
34,2024,3,0.0,poisson_regression,0.8753425837554824
34,2024,4,0.0,poisson_regression,0.8696797821889763
34,2024,5,1.0,poisson_regression,0.8497753790858146
34,2024,6,1.0,poisson_regression,0.7463371848522847
35,2023,8,0.0,poisson_regression,1.045288953594616
35,2023,9,0.0,poisson_regression,0.9446555175171962
35,2023,10,0.0,poisson_regression,0.8103220517898628
35,2023,11,0.0,poisson_regression,0.8635050036779459
35,2023,12,0.0,poisson_regression,0.7845852278782739
35,2024,1,0.0,poisson_regression,0.8577331718502974
35,2024,2,0.0,poisson_regression,0.9645161962264859
35,2024,3,0.0,poisson_regression,1.0281942546188687
35,2024,4,0.0,poisson_regression,0.9880679073298029
35,2024,5,0.0,poisson_regression,1.0097547565664764
35,2024,6,0.0,poisson_regression,0.9326044716480616
36,2023,8,0.0,poisson_regression,0.9481499364390445
36,2023,9,0.0,poisson_regression,0.8364410855668447
36,2023,10,0.0,poisson_regression,0.7544980547894095
36,2023,11,0.0,poisson_regression,0.8180199642886319
36,2023,12,0.0,poisson_regression,0.7404613931658686
36,2024,1,0.0,poisson_regression,0.795678637488479
36,2024,2,0.0,poisson_regression,0.8637652429702061
36,2024,3,0.0,poisson_regression,0.9057170442916941
36,2024,4,0.0,poisson_regression,0.906783742216904
36,2024,5,0.0,poisson_regression,0.9185556326583217
36,2024,6,0.0,poisson_regression,0.7543223020499823
37,2023,8,0.0,poisson_regression,0.8437212301930057
37,2023,9,0.0,poisson_regression,0.8502607633863846
37,2023,10,0.0,poisson_regression,0.844813107108204
37,2023,11,1.0,poisson_regression,0.8303223953298479
37,2023,12,1.0,poisson_regression,0.8168940014981213
37,2024,1,1.0,poisson_regression,0.9103297339537207
37,2024,2,2.0,poisson_regression,1.2597958504454772
37,2024,3,2.0,poisson_regression,1.2865554618715769
37,2024,4,2.0,poisson_regression,1.290772223182912
37,2024,5,0.0,poisson_regression,1.5643953158899353
37,2024,6,0.0,poisson_regression,1.3136926560378421
38,2023,8,0.0,poisson_regression,0.8094684611715032
38,2023,9,0.0,poisson_regression,0.8112884832861139
38,2023,10,0.0,poisson_regression,0.817733581041922
38,2023,11,1.0,poisson_regression,0.7876091873398327
38,2023,12,1.0,poisson_regression,0.7752978281109871
38,2024,1,1.0,poisson_regression,0.8533112040264313
38,2024,2,3.0,poisson_regression,1.1313944241020792
38,2024,3,3.0,poisson_regression,1.1575540395930908
38,2024,4,3.0,poisson_regression,1.2154992454956297
38,2024,5,0.0,poisson_regression,1.5371319853415324
38,2024,6,0.0,poisson_regression,1.355993786235777
39,2023,8,0.0,poisson_regression,0.7333052687043142
39,2023,9,0.0,poisson_regression,0.6843709055661885
39,2023,10,0.0,poisson_regression,0.6649477653967172
39,2023,11,0.0,poisson_regression,0.670493743907159
39,2023,12,0.0,poisson_regression,0.6453839169462554
39,2024,1,0.0,poisson_regression,0.7126447141070488
39,2024,2,0.0,poisson_regression,0.7915169492415662
39,2024,3,0.0,poisson_regression,0.8466838842165971
39,2024,4,0.0,poisson_regression,0.8221895388879444
39,2024,5,0.0,poisson_regression,0.8222693637342706
39,2024,6,0.0,poisson_regression,0.7227585207641526
40,2023,8,0.0,poisson_regression,0.7009544687421864
40,2023,9,0.0,poisson_regression,0.7060041136087937
40,2023,10,0.0,poisson_regression,0.6679579848189627
40,2023,11,0.0,poisson_regression,0.673622737552959
40,2023,12,0.0,poisson_regression,0.6470161548578384
40,2024,1,0.0,poisson_regression,0.7202616934933281
40,2024,2,0.0,poisson_regression,0.8108852914415258
40,2024,3,0.0,poisson_regression,0.8626822375128606
40,2024,4,0.0,poisson_regression,0.8466703446862048
40,2024,5,0.0,poisson_regression,0.8458750640268009
40,2024,6,0.0,poisson_regression,0.7514135295801597
41,2023,8,3.0,poisson_regression,2.1823440712943616
41,2023,9,4.0,poisson_regression,1.8613192714355813
41,2023,10,3.0,poisson_regression,1.8134115898507117
41,2023,11,4.0,poisson_regression,1.8312466044750684
41,2023,12,6.0,poisson_regression,2.006490920310166
41,2024,1,7.0,poisson_regression,2.019131154610459
41,2024,2,4.0,poisson_regression,2.8540427946480773
41,2024,3,2.0,poisson_regression,2.82993811644203
41,2024,4,1.0,poisson_regression,3.608756700212041
41,2024,5,1.0,poisson_regression,3.2239186853037336
41,2024,6,0.0,poisson_regression,2.769116801835992
42,2023,8,3.0,poisson_regression,2.1038231389988735
42,2023,9,4.0,poisson_regression,1.801537315553209
42,2023,10,3.0,poisson_regression,1.7666360943883435
42,2023,11,4.0,poisson_regression,1.79056786257707
42,2023,12,6.0,poisson_regression,1.9399881950652784
42,2024,1,7.0,poisson_regression,1.884780952224889
42,2024,2,4.0,poisson_regression,2.7039159095183463
42,2024,3,2.0,poisson_regression,2.7258391776987487
42,2024,4,1.0,poisson_regression,3.429954057674854
42,2024,5,1.0,poisson_regression,3.1626666040161524
42,2024,6,0.0,poisson_regression,2.7106886597456152
43,2023,8,1.0,poisson_regression,0.9302751245394312
43,2023,9,1.0,poisson_regression,0.8679010988288717
43,2023,10,1.0,poisson_regression,0.8334052039139511
43,2023,11,0.0,poisson_regression,0.9019340758808218
43,2023,12,0.0,poisson_regression,0.8067607388275254
43,2024,1,0.0,poisson_regression,0.9566404321579219
43,2024,2,0.0,poisson_regression,0.9601391475639746
43,2024,3,0.0,poisson_regression,0.9354581061686564
43,2024,4,0.0,poisson_regression,0.9306778099575868
43,2024,5,0.0,poisson_regression,0.9792514178740565
43,2024,6,1.0,poisson_regression,0.8291688511374552
44,2023,8,1.0,poisson_regression,0.7958354378411401
44,2023,9,1.0,poisson_regression,0.7540436454432814
44,2023,10,1.0,poisson_regression,0.6679972125855203
44,2023,11,0.0,poisson_regression,0.7451780528046208
44,2023,12,0.0,poisson_regression,0.7153819947519258
44,2024,1,0.0,poisson_regression,0.9083790963492209
44,2024,2,0.0,poisson_regression,0.9748819436556267
44,2024,3,0.0,poisson_regression,0.966966199312316
44,2024,4,0.0,poisson_regression,0.8967236849784159
44,2024,5,0.0,poisson_regression,0.9681937623586219
44,2024,6,1.0,poisson_regression,0.7541536932676742
45,2023,8,1.0,poisson_regression,1.2084350925461973
45,2023,9,1.0,poisson_regression,1.035249453028446
45,2023,10,2.0,poisson_regression,1.2261984180859162
45,2023,11,2.0,poisson_regression,1.1027267638517226
45,2023,12,3.0,poisson_regression,1.0331175954418608
45,2024,1,2.0,poisson_regression,1.344459860817257
45,2024,2,2.0,poisson_regression,1.3689082430560597
45,2024,3,2.0,poisson_regression,1.9486853750965671
45,2024,4,1.0,poisson_regression,1.9002306468527246
45,2024,5,2.0,poisson_regression,1.670005461781505
45,2024,6,1.0,poisson_regression,1.7201266685514276
46,2023,8,0.0,poisson_regression,1.2223232773727126
46,2023,9,0.0,poisson_regression,1.051645780163055
46,2023,10,1.0,poisson_regression,1.041568164397892
46,2023,11,1.0,poisson_regression,0.9425805280600759
46,2023,12,2.0,poisson_regression,0.8387653170648695
46,2024,1,2.0,poisson_regression,1.1180198638905612
46,2024,2,2.0,poisson_regression,1.24530647929035
46,2024,3,2.0,poisson_regression,1.6465007768696711
46,2024,4,1.0,poisson_regression,1.6338383543093287
46,2024,5,2.0,poisson_regression,1.624735471186256
46,2024,6,1.0,poisson_regression,1.664411807005624
47,2023,8,2.0,poisson_regression,2.0191198510721526
47,2023,9,1.0,poisson_regression,2.294676850149317
47,2023,10,1.0,poisson_regression,1.791831708908472
47,2023,11,0.0,poisson_regression,1.8624699001538862
47,2023,12,0.0,poisson_regression,1.4753789039401486
47,2024,1,1.0,poisson_regression,1.614130303928373
47,2024,2,1.0,poisson_regression,1.6955125752808797
47,2024,3,1.0,poisson_regression,1.6323014966526246
47,2024,4,0.0,poisson_regression,1.7715566035130959
47,2024,5,0.0,poisson_regression,1.8764317398814243
47,2024,6,0.0,poisson_regression,1.600048172561245
48,2023,8,0.0,poisson_regression,1.2114727870689859
48,2023,9,0.0,poisson_regression,1.0717734737362155
48,2023,10,0.0,poisson_regression,1.0221309918483141
48,2023,11,0.0,poisson_regression,0.8761475732429562
48,2023,12,0.0,poisson_regression,0.7502116161339452
48,2024,1,1.0,poisson_regression,0.8580002233714679
48,2024,2,1.0,poisson_regression,0.9838593201895638
48,2024,3,2.0,poisson_regression,0.9929953526615068
48,2024,4,1.0,poisson_regression,1.1703779693826237
48,2024,5,1.0,poisson_regression,1.2680513182780677
48,2024,6,3.0,poisson_regression,1.348509754874486
49,2023,8,2.0,poisson_regression,0.9516466758436434
49,2023,9,1.0,poisson_regression,1.117950899870654
49,2023,10,1.0,poisson_regression,1.046796741144427
49,2023,11,1.0,poisson_regression,1.3104819822358775
49,2023,12,2.0,poisson_regression,1.1131983917294193
49,2024,1,2.0,poisson_regression,1.280207673612792
49,2024,2,2.0,poisson_regression,1.559746552077415
49,2024,3,2.0,poisson_regression,1.7692376652912425
49,2024,4,2.0,poisson_regression,1.674640233543148
49,2024,5,1.0,poisson_regression,1.9712799657800149
49,2024,6,0.0,poisson_regression,1.6409691867986074
50,2023,8,1.0,poisson_regression,0.8675460405747158
50,2023,9,2.0,poisson_regression,0.8959343644725093
50,2023,10,1.0,poisson_regression,1.0000860595033818
50,2023,11,1.0,poisson_regression,1.0085224293281283
50,2023,12,0.0,poisson_regression,1.2905806565272424
50,2024,1,0.0,poisson_regression,1.2318484892403296
50,2024,2,0.0,poisson_regression,1.485078187938044
50,2024,3,0.0,poisson_regression,1.401466588314862
50,2024,4,0.0,poisson_regression,1.246233754677613
50,2024,5,0.0,poisson_regression,1.2093063109594495
50,2024,6,0.0,poisson_regression,1.0314799126777776
51,2023,8,1.0,poisson_regression,0.9704586912904961
51,2023,9,2.0,poisson_regression,0.9455167392943108
51,2023,10,1.0,poisson_regression,1.1313116028837924
51,2023,11,1.0,poisson_regression,1.15872550785237
51,2023,12,0.0,poisson_regression,1.3792475566935527
51,2024,1,0.0,poisson_regression,1.2710856271195639
51,2024,2,0.0,poisson_regression,1.4835520509575546
51,2024,3,0.0,poisson_regression,1.3948432328716363
51,2024,4,0.0,poisson_regression,1.3062300260279187
51,2024,5,0.0,poisson_regression,1.2403197301571791
51,2024,6,0.0,poisson_regression,1.0999140705515533
52,2023,8,1.0,poisson_regression,1.3178497182586721
52,2023,9,1.0,poisson_regression,1.1875146963656629
52,2023,10,2.0,poisson_regression,0.9741889968998491
52,2023,11,2.0,poisson_regression,1.3734404525438735
52,2023,12,2.0,poisson_regression,1.1314518766291597
52,2024,1,1.0,poisson_regression,1.388733265649599
52,2024,2,2.0,poisson_regression,1.5830125219724964
52,2024,3,2.0,poisson_regression,1.8575180767104804
52,2024,4,1.0,poisson_regression,1.9267645780588294
52,2024,5,0.0,poisson_regression,1.970513938079368
52,2024,6,1.0,poisson_regression,1.4831158653049543
53,2023,8,0.0,poisson_regression,1.0083064913642552
53,2023,9,0.0,poisson_regression,0.8873321903820648
53,2023,10,0.0,poisson_regression,0.769455646606534
53,2023,11,0.0,poisson_regression,0.7796538601777399
53,2023,12,1.0,poisson_regression,0.7530597012395257
53,2024,1,1.0,poisson_regression,0.7840670520412956
53,2024,2,3.0,poisson_regression,0.9390817727137116
53,2024,3,2.0,poisson_regression,1.1379984391365587
53,2024,4,3.0,poisson_regression,1.113478217525105
53,2024,5,2.0,poisson_regression,1.496097132193559
53,2024,6,2.0,poisson_regression,1.1970432922654552
54,2023,8,0.0,poisson_regression,1.079322044927738
54,2023,9,0.0,poisson_regression,0.9384842192434006
54,2023,10,0.0,poisson_regression,0.8294654262177451
54,2023,11,0.0,poisson_regression,0.8250863703319569
54,2023,12,1.0,poisson_regression,0.7821061338115273
54,2024,1,1.0,poisson_regression,0.8137668689106206
54,2024,2,3.0,poisson_regression,0.9698646293893028
54,2024,3,2.0,poisson_regression,1.18624483212346
54,2024,4,3.0,poisson_regression,1.1629644126206
54,2024,5,2.0,poisson_regression,1.5832437647312583
54,2024,6,2.0,poisson_regression,1.2661821364759964
55,2023,8,0.0,poisson_regression,0.9176531445364194
55,2023,9,0.0,poisson_regression,0.8201099643812758
55,2023,10,0.0,poisson_regression,0.7511545114264865
55,2023,11,1.0,poisson_regression,0.7328324969530872
55,2023,12,1.0,poisson_regression,0.6780121513534706
55,2024,1,1.0,poisson_regression,0.6925905852847632
55,2024,2,0.0,poisson_regression,0.9951359517172174
55,2024,3,0.0,poisson_regression,0.9788922080268231
55,2024,4,0.0,poisson_regression,1.0410037203001072
55,2024,5,0.0,poisson_regression,0.9687541527505534
55,2024,6,1.0,poisson_regression,0.8156245728195255
56,2023,8,0.0,poisson_regression,0.931249232597445
56,2023,9,0.0,poisson_regression,0.8333096904138443
56,2023,10,0.0,poisson_regression,0.7514169490771648
56,2023,11,1.0,poisson_regression,0.729709608599235
56,2023,12,1.0,poisson_regression,0.6773753040772846
56,2024,1,1.0,poisson_regression,0.6960041997671517
56,2024,2,0.0,poisson_regression,1.0014521216684427
56,2024,3,0.0,poisson_regression,0.9892834738421143
56,2024,4,0.0,poisson_regression,1.0508588407544661
56,2024,5,0.0,poisson_regression,0.9824749732023025
56,2024,6,1.0,poisson_regression,0.8238483659364391
57,2023,8,0.0,poisson_regression,0.656275756257893
57,2023,9,0.0,poisson_regression,0.6624153038492925
57,2023,10,0.0,poisson_regression,0.6665235271144099
57,2023,11,0.0,poisson_regression,0.6664621186664766
57,2023,12,0.0,poisson_regression,0.664461921661391
57,2024,1,0.0,poisson_regression,0.7147576702735066
57,2024,2,1.0,poisson_regression,0.8171740543659307
57,2024,3,1.0,poisson_regression,0.8343308041371086
57,2024,4,2.0,poisson_regression,0.8273165013038808
57,2024,5,1.0,poisson_regression,0.9683392395104797
57,2024,6,1.0,poisson_regression,0.8819701319345329
58,2023,8,0.0,poisson_regression,0.6380144616680405
58,2023,9,0.0,poisson_regression,0.6523216775285101
58,2023,10,0.0,poisson_regression,0.6530160924936463
58,2023,11,0.0,poisson_regression,0.6555022265864697
58,2023,12,0.0,poisson_regression,0.6503994813319627
58,2024,1,0.0,poisson_regression,0.7005800201180155
58,2024,2,1.0,poisson_regression,0.8067982825904491
58,2024,3,1.0,poisson_regression,0.8191592177202
58,2024,4,2.0,poisson_regression,0.7994032241983692
58,2024,5,1.0,poisson_regression,0.9405928704195137
58,2024,6,1.0,poisson_regression,0.8416501231130775
59,2023,8,0.0,poisson_regression,0.8950501226067866
59,2023,9,0.0,poisson_regression,0.8262543188341064
59,2023,10,0.0,poisson_regression,0.7807130934442253
59,2023,11,0.0,poisson_regression,0.7447430593454679
59,2023,12,0.0,poisson_regression,0.7349833225895791
59,2024,1,1.0,poisson_regression,0.7595251127376107
59,2024,2,1.0,poisson_regression,0.8777483357247922
59,2024,3,1.0,poisson_regression,0.8758347809023858
59,2024,4,0.0,poisson_regression,0.9992906045237038
59,2024,5,0.0,poisson_regression,0.8902232746939791
59,2024,6,0.0,poisson_regression,1.008011867595245
60,2023,8,0.0,poisson_regression,1.5695510471741088
60,2023,9,0.0,poisson_regression,1.1091073593397527
60,2023,10,0.0,poisson_regression,1.3583541073435372
60,2023,11,0.0,poisson_regression,1.190126143777638
60,2023,12,0.0,poisson_regression,1.0185235915300597
60,2024,1,1.0,poisson_regression,2.7429486067263715
60,2024,2,1.0,poisson_regression,3.1642713417867414
60,2024,3,1.0,poisson_regression,0.8468231201548982
60,2024,4,0.0,poisson_regression,1.021897557680037
60,2024,5,0.0,poisson_regression,0.9841682684254742
60,2024,6,0.0,poisson_regression,1.0865570054637805
61,2023,8,0.0,poisson_regression,0.9313106345292055
61,2023,9,0.0,poisson_regression,1.039522967081608
61,2023,10,1.0,poisson_regression,0.8357949283682459
61,2023,11,1.0,poisson_regression,0.7512411586130663
61,2023,12,1.0,poisson_regression,0.7435425345780738
61,2024,1,0.0,poisson_regression,1.0296168940132018
61,2024,2,0.0,poisson_regression,1.1826780806487893
61,2024,3,0.0,poisson_regression,1.2649407627925209
61,2024,4,0.0,poisson_regression,1.0724675354034903
61,2024,5,0.0,poisson_regression,1.0393468237055596
61,2024,6,0.0,poisson_regression,0.9441826874910406
62,2023,8,0.0,poisson_regression,0.9351292881703237
62,2023,9,0.0,poisson_regression,1.040681763678612
62,2023,10,1.0,poisson_regression,0.8265722119390428
62,2023,11,1.0,poisson_regression,0.7507161057193456
62,2023,12,1.0,poisson_regression,0.7435435590848458
62,2024,1,0.0,poisson_regression,1.0360476744387497
62,2024,2,0.0,poisson_regression,1.1845240051108559
62,2024,3,0.0,poisson_regression,1.27171736985389
62,2024,4,0.0,poisson_regression,1.0771528632133054
62,2024,5,0.0,poisson_regression,1.032798079079316
62,2024,6,0.0,poisson_regression,0.9552338216339937
63,2023,8,0.0,poisson_regression,1.070642501461822
63,2023,9,0.0,poisson_regression,0.9139242230002496
63,2023,10,0.0,poisson_regression,0.8808755826336827
63,2023,11,1.0,poisson_regression,0.7489288316548434
63,2023,12,1.0,poisson_regression,0.7057065922730823
63,2024,1,1.0,poisson_regression,0.76291364285615
63,2024,2,0.0,poisson_regression,1.167664041793765
63,2024,3,1.0,poisson_regression,1.124943870936429
63,2024,4,2.0,poisson_regression,1.2001023054639501
63,2024,5,2.0,poisson_regression,1.1103623614556015
63,2024,6,1.0,poisson_regression,1.0805914729332733
64,2023,8,2.0,poisson_regression,4.26529189551554
64,2023,9,1.0,poisson_regression,2.458710918727713
64,2023,10,0.0,poisson_regression,1.9384043099616084
64,2023,11,0.0,poisson_regression,1.100244495202094
64,2023,12,0.0,poisson_regression,1.0831079871095683
64,2024,1,1.0,poisson_regression,0.9691350718409624
64,2024,2,1.0,poisson_regression,1.3211573571521573
64,2024,3,2.0,poisson_regression,1.424570466541196
64,2024,4,2.0,poisson_regression,1.679546733184578
64,2024,5,4.0,poisson_regression,1.8951047775596714
64,2024,6,3.0,poisson_regression,1.939684115018485
65,2023,8,2.0,poisson_regression,2.014936430386708
65,2023,9,1.0,poisson_regression,1.6065014807818694
65,2023,10,0.0,poisson_regression,1.5709842805408616
65,2023,11,0.0,poisson_regression,1.449925714014354
65,2023,12,0.0,poisson_regression,1.0802381004761916
65,2024,1,1.0,poisson_regression,1.004368137592327
65,2024,2,1.0,poisson_regression,1.1217244465680303
65,2024,3,2.0,poisson_regression,1.1363880376943176
65,2024,4,2.0,poisson_regression,1.2588881316191507
65,2024,5,3.0,poisson_regression,1.2382281725676632
65,2024,6,2.0,poisson_regression,1.3387499723781824
66,2023,8,0.0,poisson_regression,1.2409186923213575
66,2023,9,0.0,poisson_regression,1.0073404517229243
66,2023,10,0.0,poisson_regression,0.8523466086239936
66,2023,11,1.0,poisson_regression,0.6893740238316114
66,2023,12,1.0,poisson_regression,0.6408725038342927
66,2024,1,1.0,poisson_regression,0.7295838989604778
66,2024,2,0.0,poisson_regression,1.143540339355871
66,2024,3,1.0,poisson_regression,1.1410412005759905
66,2024,4,2.0,poisson_regression,1.1966588240103528
66,2024,5,2.0,poisson_regression,1.2372770030786315
66,2024,6,1.0,poisson_regression,1.110326691411124
67,2023,8,1.0,poisson_regression,1.101040845587319
67,2023,9,0.0,poisson_regression,1.3396289062019555
67,2023,10,0.0,poisson_regression,1.0900301691905478
67,2023,11,0.0,poisson_regression,0.9876756875612178
67,2023,12,0.0,poisson_regression,0.8724980333733587
67,2024,1,1.0,poisson_regression,0.8625601631874821
67,2024,2,1.0,poisson_regression,0.9713332156405622
67,2024,3,1.0,poisson_regression,0.9783365962836429
67,2024,4,0.0,poisson_regression,1.0654541495933496
67,2024,5,0.0,poisson_regression,1.0896485605884993
67,2024,6,0.0,poisson_regression,1.060808360137975
68,2023,8,1.0,poisson_regression,1.2033121977803038
68,2023,9,0.0,poisson_regression,1.4355699396753125
68,2023,10,0.0,poisson_regression,1.2568894285547412
68,2023,11,0.0,poisson_regression,1.112169383419999
68,2023,12,0.0,poisson_regression,1.006123719100495
68,2024,1,1.0,poisson_regression,0.9734671325419713
68,2024,2,1.0,poisson_regression,1.0025411081911182
68,2024,3,1.0,poisson_regression,0.9982122084673982
68,2024,4,0.0,poisson_regression,1.1158019959585475
68,2024,5,0.0,poisson_regression,1.0972224442338205
68,2024,6,0.0,poisson_regression,1.1421923977193387
69,2023,8,5.0,poisson_regression,9.534666259397204
69,2023,9,4.0,poisson_regression,11.250999054440044
69,2023,10,4.0,poisson_regression,7.802123094930647
69,2023,11,3.0,poisson_regression,6.312431344849596
69,2023,12,2.0,poisson_regression,6.000641026221943
69,2024,1,5.0,poisson_regression,5.338101843550774
69,2024,2,9.0,poisson_regression,5.174436515921664
69,2024,3,12.0,poisson_regression,5.4044767608538535
69,2024,4,8.0,poisson_regression,4.399419214859915
69,2024,5,6.0,poisson_regression,7.397271771843753
69,2024,6,3.0,poisson_regression,8.636059512054716
70,2023,8,1.0,poisson_regression,1.4837432711003917
70,2023,9,1.0,poisson_regression,1.2787037956021097
70,2023,10,0.0,poisson_regression,1.342444822151177
70,2023,11,0.0,poisson_regression,1.1117799487474846
70,2023,12,0.0,poisson_regression,1.1174425315105063
70,2024,1,0.0,poisson_regression,1.1370624091122608
70,2024,2,0.0,poisson_regression,1.2136646050084867
70,2024,3,1.0,poisson_regression,1.2080447376038088
70,2024,4,1.0,poisson_regression,1.1466174440863044
70,2024,5,1.0,poisson_regression,1.0928462810856967
70,2024,6,0.0,poisson_regression,1.1910609384630968
71,2023,8,1.0,poisson_regression,1.4928704488568962
71,2023,9,1.0,poisson_regression,1.275176387431617
71,2023,10,0.0,poisson_regression,1.4011241699453385
71,2023,11,0.0,poisson_regression,1.1349433935662756
71,2023,12,0.0,poisson_regression,1.1400357234309428
71,2024,1,0.0,poisson_regression,1.1513506350527416
71,2024,2,0.0,poisson_regression,1.2198028152297733
71,2024,3,1.0,poisson_regression,1.2058479821942119
71,2024,4,1.0,poisson_regression,1.154542889012785
71,2024,5,1.0,poisson_regression,1.0982374115009979
71,2024,6,0.0,poisson_regression,1.200683973160267
72,2023,8,1.0,poisson_regression,0.8372871914635324
72,2023,9,1.0,poisson_regression,0.843189115584381
72,2023,10,1.0,poisson_regression,0.8705442320657446
72,2023,11,0.0,poisson_regression,0.9445705955133149
72,2023,12,2.0,poisson_regression,0.8686336455515039
72,2024,1,5.0,poisson_regression,1.0463263415205524
72,2024,2,5.0,poisson_regression,1.062627413194849
72,2024,3,4.0,poisson_regression,1.2083805252499888
72,2024,4,1.0,poisson_regression,1.673614741473072
72,2024,5,1.0,poisson_regression,1.7053554776869058
72,2024,6,0.0,poisson_regression,1.8820885111268169
73,2023,8,1.0,poisson_regression,1.1843593527149943
73,2023,9,1.0,poisson_regression,1.216458839961597
73,2023,10,1.0,poisson_regression,1.2008611695028615
73,2023,11,0.0,poisson_regression,1.2163160748153037
73,2023,12,2.0,poisson_regression,1.072072826350918
73,2024,1,5.0,poisson_regression,1.527705250220026
73,2024,2,5.0,poisson_regression,1.223032210532434
73,2024,3,4.0,poisson_regression,1.556663197003347
73,2024,4,1.0,poisson_regression,2.2273171260356626
73,2024,5,1.0,poisson_regression,2.51402606320896
73,2024,6,0.0,poisson_regression,2.665556879974334
74,2023,8,2.0,poisson_regression,1.0062386452002376
74,2023,9,4.0,poisson_regression,0.8808274385701411
74,2023,10,4.0,poisson_regression,0.8224558955472092
74,2023,11,4.0,poisson_regression,1.0538553411082572
74,2023,12,3.0,poisson_regression,1.3707823445275997
74,2024,1,3.0,poisson_regression,1.4448841782100474
74,2024,2,1.0,poisson_regression,2.129198651276327
74,2024,3,0.0,poisson_regression,2.0636944732413047
74,2024,4,0.0,poisson_regression,1.9625767892225643
74,2024,5,0.0,poisson_regression,1.8348680551309202
74,2024,6,1.0,poisson_regression,1.2899497107648485
75,2023,8,2.0,poisson_regression,1.03208835318426
75,2023,9,4.0,poisson_regression,0.91393949247443
75,2023,10,4.0,poisson_regression,0.8585456100394844
75,2023,11,4.0,poisson_regression,1.1015843054529977
75,2023,12,3.0,poisson_regression,1.4593851334442527
75,2024,1,3.0,poisson_regression,1.5156396885171108
75,2024,2,1.0,poisson_regression,2.215116975925855
75,2024,3,0.0,poisson_regression,2.198862889799979
75,2024,4,0.0,poisson_regression,2.0461958254347694
75,2024,5,0.0,poisson_regression,1.935946971192958
75,2024,6,1.0,poisson_regression,1.3550585267965842
76,2023,8,0.0,poisson_regression,0.721606675168565
76,2023,9,0.0,poisson_regression,0.7295211533541123
76,2023,10,0.0,poisson_regression,0.7590267638738154
76,2023,11,0.0,poisson_regression,0.744990991962329
76,2023,12,0.0,poisson_regression,0.7544483276410524
76,2024,1,0.0,poisson_regression,0.8680906632131298
76,2024,2,0.0,poisson_regression,0.9500345903157874
76,2024,3,0.0,poisson_regression,0.9584814530171656
76,2024,4,1.0,poisson_regression,0.9231374630721764
76,2024,5,2.0,poisson_regression,0.9075102806900442
76,2024,6,3.0,poisson_regression,0.8501211946485677
77,2023,8,5.0,poisson_regression,3.469269894305787
77,2023,9,5.0,poisson_regression,3.773296430411886
77,2023,10,2.0,poisson_regression,3.8221765840813595
77,2023,11,3.0,poisson_regression,3.222536822851723
77,2023,12,3.0,poisson_regression,3.3730792357615123
77,2024,1,3.0,poisson_regression,2.8712638602667466
77,2024,2,4.0,poisson_regression,3.193978102475141
77,2024,3,5.0,poisson_regression,3.1431326938462614
77,2024,4,5.0,poisson_regression,2.5699110853629037
77,2024,5,2.0,poisson_regression,3.067165209327968
77,2024,6,3.0,poisson_regression,2.915953990975212
78,2023,8,2.0,poisson_regression,0.6002052073552634
78,2023,9,2.0,poisson_regression,0.5985010906042516
78,2023,10,2.0,poisson_regression,0.604967092365475
78,2023,11,0.0,poisson_regression,0.7668654043627048
78,2023,12,0.0,poisson_regression,0.6380300406692504
78,2024,1,0.0,poisson_regression,0.9917980746468374
78,2024,2,0.0,poisson_regression,1.006068104022962
78,2024,3,0.0,poisson_regression,0.8564179007400017
78,2024,4,0.0,poisson_regression,0.8428041034241619
78,2024,5,0.0,poisson_regression,0.8290694334854422
78,2024,6,0.0,poisson_regression,0.7193847805216917
79,2023,8,2.0,poisson_regression,0.6978388094081901
79,2023,9,2.0,poisson_regression,0.7037453932535763
79,2023,10,2.0,poisson_regression,0.7063932497308618
79,2023,11,0.0,poisson_regression,0.8819142733711082
79,2023,12,0.0,poisson_regression,0.8621771061502281
79,2024,1,0.0,poisson_regression,1.1081834536799473
79,2024,2,0.0,poisson_regression,1.1346550453978832
79,2024,3,0.0,poisson_regression,0.9802358513350184
79,2024,4,0.0,poisson_regression,0.9577806991071545
79,2024,5,0.0,poisson_regression,0.9619850543534589
79,2024,6,0.0,poisson_regression,0.8432849551112619
80,2023,8,1.0,poisson_regression,0.7180425177907518
80,2023,9,0.0,poisson_regression,0.7519003539204162
80,2023,10,0.0,poisson_regression,0.7453661643224134
80,2023,11,0.0,poisson_regression,0.7973137019111995
80,2023,12,1.0,poisson_regression,0.723576882287831
80,2024,1,1.0,poisson_regression,0.742265769200156
80,2024,2,1.0,poisson_regression,0.8408846292497517
81,2023,8,1.0,poisson_regression,0.7209609631280491
81,2023,9,0.0,poisson_regression,0.756658489817963
81,2023,10,0.0,poisson_regression,0.7396368679823089
81,2023,11,0.0,poisson_regression,0.8036901349350493
81,2023,12,1.0,poisson_regression,0.7279926903965921
81,2024,1,1.0,poisson_regression,0.7509433265655086
81,2024,2,1.0,poisson_regression,0.8415121409061452
81,2024,3,0.0,poisson_regression,1.033843170111457
81,2024,4,0.0,poisson_regression,0.968190340415163
81,2024,5,0.0,poisson_regression,0.9592358369032336
81,2024,6,0.0,poisson_regression,0.8401322686019177
82,2023,8,0.0,poisson_regression,0.6183743678029832
82,2023,9,0.0,poisson_regression,0.6319414118830685
82,2023,10,1.0,poisson_regression,0.6145625854113657
82,2023,11,1.0,poisson_regression,0.6068738675283927
82,2023,12,1.0,poisson_regression,0.6192197300261068
82,2024,1,0.0,poisson_regression,0.8617126789484003
82,2024,2,0.0,poisson_regression,0.8127170404562664
82,2024,3,0.0,poisson_regression,1.033486970568477
82,2024,4,0.0,poisson_regression,0.899361758824149
82,2024,5,0.0,poisson_regression,0.8035396107365108
82,2024,6,0.0,poisson_regression,0.7462895881107091
83,2023,8,0.0,poisson_regression,0.6120179645312007
83,2023,9,0.0,poisson_regression,0.6269120638498943
83,2023,10,1.0,poisson_regression,0.6100972276755571
83,2023,11,1.0,poisson_regression,0.6043303859165381
83,2023,12,1.0,poisson_regression,0.6157257255229399
83,2024,1,0.0,poisson_regression,0.8590323416907232
83,2024,2,0.0,poisson_regression,0.7785882387719246
83,2024,3,0.0,poisson_regression,1.1021264177585608
83,2024,4,0.0,poisson_regression,0.9790745077151031
83,2024,5,0.0,poisson_regression,0.8143104867467932
83,2024,6,0.0,poisson_regression,0.7726887665758969
84,2023,8,0.0,poisson_regression,0.7747710395909632
84,2023,9,0.0,poisson_regression,0.7840852616397296
84,2023,10,0.0,poisson_regression,0.7811394620358633
84,2023,11,0.0,poisson_regression,0.7510715152365112
84,2023,12,0.0,poisson_regression,0.7315941365519465
84,2024,1,0.0,poisson_regression,0.7974794668580922
84,2024,2,0.0,poisson_regression,0.954353350605989
84,2024,3,0.0,poisson_regression,0.9761187499550219
84,2024,4,1.0,poisson_regression,0.943007457664973
84,2024,5,1.0,poisson_regression,0.9662045397582715
84,2024,6,1.0,poisson_regression,0.9100561818275276
85,2023,8,0.0,poisson_regression,0.6045430739126839
85,2023,9,0.0,poisson_regression,0.6102804079473866
85,2023,10,0.0,poisson_regression,0.6208090251880382
85,2023,11,0.0,poisson_regression,0.6048165203782343
85,2023,12,0.0,poisson_regression,0.61858322251062
85,2024,1,0.0,poisson_regression,0.6888456427728804
85,2024,2,1.0,poisson_regression,0.7776861040385135
85,2024,3,1.0,poisson_regression,0.7826717309874056
85,2024,4,1.0,poisson_regression,0.7660106085211064
85,2024,5,0.0,poisson_regression,0.8911712804738772
85,2024,6,0.0,poisson_regression,0.8086629348329892
86,2023,8,1.0,poisson_regression,0.7151033089560872
86,2023,9,0.0,poisson_regression,0.8312362584757292
86,2023,10,0.0,poisson_regression,0.8599105879124828
86,2023,11,0.0,poisson_regression,0.8382193841965352
86,2023,12,0.0,poisson_regression,0.7465244606522895
86,2024,1,0.0,poisson_regression,0.7647338886003391
86,2024,2,2.0,poisson_regression,0.8640446785696765
86,2024,3,2.0,poisson_regression,0.8270133375918155
86,2024,4,2.0,poisson_regression,0.7836402972100848
86,2024,5,0.0,poisson_regression,0.9393125495374582
86,2024,6,0.0,poisson_regression,0.8585325901578044
87,2023,8,0.0,poisson_regression,0.8694897080308379
87,2023,9,0.0,poisson_regression,0.8410215112096942
87,2023,10,0.0,poisson_regression,0.7967186178076084
87,2023,11,0.0,poisson_regression,0.7877767912855318
87,2023,12,0.0,poisson_regression,0.722666774114279
87,2024,1,0.0,poisson_regression,0.8565286313768432
87,2024,2,0.0,poisson_regression,0.9779461609540943
87,2024,3,0.0,poisson_regression,1.034418826110009
87,2024,4,0.0,poisson_regression,0.9435630655290174
87,2024,5,1.0,poisson_regression,1.0175080116319888
87,2024,6,2.0,poisson_regression,0.8952598736740748
88,2023,8,0.0,poisson_regression,1.167820569108324
88,2023,9,0.0,poisson_regression,1.173283631111911
88,2023,10,0.0,poisson_regression,1.0409440206161846
88,2023,11,0.0,poisson_regression,0.902759414943821
88,2023,12,0.0,poisson_regression,0.8129262140121523
88,2024,1,0.0,poisson_regression,0.9277517199488237
88,2024,2,2.0,poisson_regression,1.031849962475817
88,2024,3,2.0,poisson_regression,1.0031401340819108
88,2024,4,2.0,poisson_regression,0.9555705392530841
88,2024,5,1.0,poisson_regression,1.2590259899937961
88,2024,6,1.0,poisson_regression,1.1685754251313647
89,2023,8,0.0,poisson_regression,1.3223195557851166
89,2023,9,0.0,poisson_regression,1.3927460257598003
89,2023,10,0.0,poisson_regression,1.1375344119983721
89,2023,11,0.0,poisson_regression,0.9864290407421069
89,2023,12,0.0,poisson_regression,0.895803119904796
89,2024,1,0.0,poisson_regression,1.0616005415897332
89,2024,2,2.0,poisson_regression,1.192939394089892
89,2024,3,2.0,poisson_regression,1.1914350114431864
89,2024,4,2.0,poisson_regression,1.0938965468615165
89,2024,5,1.0,poisson_regression,1.5084316504174458
89,2024,6,1.0,poisson_regression,1.3688450066106639
90,2023,8,1.0,poisson_regression,0.7372012770656152
90,2023,9,1.0,poisson_regression,0.7455136346796893
90,2023,10,1.0,poisson_regression,0.7327216776245253
90,2023,11,0.0,poisson_regression,0.8634386763788481
90,2023,12,0.0,poisson_regression,0.8385389104866523
90,2024,1,0.0,poisson_regression,0.9546266235143616
90,2024,2,0.0,poisson_regression,1.0013381790990226
90,2024,3,0.0,poisson_regression,0.9531579277010848
90,2024,4,0.0,poisson_regression,0.9381348845270572
90,2024,5,0.0,poisson_regression,0.9387190032945091
90,2024,6,0.0,poisson_regression,0.7841538134920979
91,2023,8,1.0,poisson_regression,0.7246585218993532
91,2023,9,1.0,poisson_regression,0.7307106336952235
91,2023,10,1.0,poisson_regression,0.7192710857446383
91,2023,11,0.0,poisson_regression,0.8541785016459872
91,2023,12,0.0,poisson_regression,0.832291471363408
91,2024,1,0.0,poisson_regression,0.948851433248083
91,2024,2,0.0,poisson_regression,1.0065798351919322
91,2024,3,0.0,poisson_regression,0.9628002660768145
91,2024,4,0.0,poisson_regression,0.9246600940240859
91,2024,5,0.0,poisson_regression,0.9065567954642368
91,2024,6,0.0,poisson_regression,0.773731537484202
92,2023,8,0.0,poisson_regression,0.6990770910721753
92,2023,9,0.0,poisson_regression,0.7138135634280757
92,2023,10,0.0,poisson_regression,0.7333234266642475
92,2023,11,0.0,poisson_regression,0.7432214819882901
92,2023,12,1.0,poisson_regression,0.7269578365884134
92,2024,1,1.0,poisson_regression,0.7631548670154314
92,2024,2,1.0,poisson_regression,0.894726085301497
92,2024,3,0.0,poisson_regression,1.0909167043906536
92,2024,4,0.0,poisson_regression,1.03139689898471
92,2024,5,0.0,poisson_regression,1.0278750362755398
92,2024,6,0.0,poisson_regression,0.8638570593544044
93,2023,8,0.0,poisson_regression,0.689296545684883
93,2023,9,0.0,poisson_regression,0.7199254859232377
93,2023,10,0.0,poisson_regression,0.7446063895975736
93,2023,11,0.0,poisson_regression,0.7287031256402837
93,2023,12,1.0,poisson_regression,0.7163457347477993
93,2024,1,1.0,poisson_regression,0.7749159152499209
93,2024,2,1.0,poisson_regression,0.883199310796194
93,2024,3,0.0,poisson_regression,1.0725421542739204
93,2024,4,0.0,poisson_regression,1.0476801062763113
93,2024,5,0.0,poisson_regression,1.0481377006422603
93,2024,6,0.0,poisson_regression,0.8560924020006094
94,2023,8,1.0,poisson_regression,1.162199538768235
94,2023,9,1.0,poisson_regression,1.162818321000441
94,2023,10,1.0,poisson_regression,1.150957687485814
94,2023,11,1.0,poisson_regression,1.1111229306978354
94,2023,12,1.0,poisson_regression,0.8881062950767263
94,2024,1,2.0,poisson_regression,1.0607262984406893
94,2024,2,1.0,poisson_regression,1.3005263054515142
94,2024,3,1.0,poisson_regression,1.0241363058291357
94,2024,4,0.0,poisson_regression,1.3581088124304168
94,2024,5,0.0,poisson_regression,1.096943701557719
94,2024,6,1.0,poisson_regression,1.0110327403919552
95,2023,8,0.0,poisson_regression,0.9174495649737275
95,2023,9,0.0,poisson_regression,0.9883622029513763
95,2023,10,1.0,poisson_regression,0.8881677120259074
95,2023,11,1.0,poisson_regression,0.7822003014599788
95,2023,12,1.0,poisson_regression,0.779523844634374
95,2024,1,0.0,poisson_regression,1.0458398320347018
95,2024,2,0.0,poisson_regression,1.1768184512233664
95,2024,3,0.0,poisson_regression,1.2659636321274663
95,2024,4,0.0,poisson_regression,1.0648634511505561
95,2024,5,0.0,poisson_regression,1.0342412573590132
95,2024,6,0.0,poisson_regression,0.9365353429942648
96,2023,8,0.0,poisson_regression,0.9074162108377413
96,2023,9,0.0,poisson_regression,0.9674324293531479
96,2023,10,1.0,poisson_regression,0.8706535861664695
96,2023,11,1.0,poisson_regression,0.770810685552989
96,2023,12,1.0,poisson_regression,0.7731614506622252
96,2024,1,0.0,poisson_regression,1.0327722631921528
96,2024,2,0.0,poisson_regression,1.1585706297395886
96,2024,3,0.0,poisson_regression,1.245834185555211
96,2024,4,0.0,poisson_regression,1.0494983380331304
96,2024,5,1.0,poisson_regression,1.0260363689933787
96,2024,6,1.0,poisson_regression,0.9368095142180338
97,2023,8,2.0,poisson_regression,0.6606120883978712
97,2023,9,1.0,poisson_regression,0.8062516828419946
97,2023,10,2.0,poisson_regression,0.7861794331315196
97,2023,11,2.0,poisson_regression,0.9167205798685419
97,2023,12,2.0,poisson_regression,0.7976785578366374
97,2024,1,1.0,poisson_regression,1.0946294387104913
97,2024,2,0.0,poisson_regression,1.3252093131863312
97,2024,3,0.0,poisson_regression,1.3210629985123514
97,2024,4,0.0,poisson_regression,1.1263509206258893
97,2024,5,0.0,poisson_regression,1.0365846891969617
97,2024,6,0.0,poisson_regression,0.7963929430498461
98,2023,8,2.0,poisson_regression,0.661281484979606
98,2023,9,1.0,poisson_regression,0.81694912664033
98,2023,10,2.0,poisson_regression,0.7982306861778036
98,2023,11,2.0,poisson_regression,0.9351035457129934
98,2023,12,2.0,poisson_regression,0.8157343264240061
98,2024,1,1.0,poisson_regression,1.114065287771651
98,2024,2,0.0,poisson_regression,1.331365506264673
98,2024,3,0.0,poisson_regression,1.3431224607219647
98,2024,4,0.0,poisson_regression,1.1359570855709933
98,2024,5,0.0,poisson_regression,1.0453140048479914
98,2024,6,0.0,poisson_regression,0.8099046041134309
99,2023,8,0.0,poisson_regression,0.8940363910878187
99,2023,9,1.0,poisson_regression,0.8909539152063112
99,2023,10,2.0,poisson_regression,0.9743526605337717
99,2023,11,4.0,poisson_regression,0.8620823331592662
99,2023,12,3.0,poisson_regression,0.8654343616795418
99,2024,1,4.0,poisson_regression,1.0992544880851953
99,2024,2,3.0,poisson_regression,1.6246534654012437
99,2024,3,4.0,poisson_regression,1.3235689800404442
99,2024,4,3.0,poisson_regression,1.7236951497514759
99,2024,5,2.0,poisson_regression,1.6238027281098666
99,2024,6,3.0,poisson_regression,1.750736421539003
100,2023,8,0.0,poisson_regression,1.5564901069587735
100,2023,9,1.0,poisson_regression,1.7843999654549834
100,2023,10,2.0,poisson_regression,1.6939678278887553
100,2023,11,4.0,poisson_regression,1.386818502042571
100,2023,12,3.0,poisson_regression,1.381854064581
100,2024,1,4.0,poisson_regression,1.8788802026732228
100,2024,2,3.0,poisson_regression,2.9126904800183775
100,2024,3,4.0,poisson_regression,2.506143811687248
100,2024,4,3.0,poisson_regression,2.8792405467979587
100,2024,5,2.0,poisson_regression,3.3333284477158345
100,2024,6,3.0,poisson_regression,3.439127682973466
101,2023,8,6.0,poisson_regression,1.5238838537518975
101,2023,9,4.0,poisson_regression,1.7312631809572672
101,2023,10,3.0,poisson_regression,1.7351470128056887
101,2023,11,3.0,poisson_regression,2.0910072150397894
101,2023,12,4.0,poisson_regression,1.6747455358468193
101,2024,1,3.0,poisson_regression,2.0063416330746233
101,2024,2,1.0,poisson_regression,2.27422490408344
101,2024,3,1.0,poisson_regression,2.548098516030344
101,2024,4,3.0,poisson_regression,2.150568194078874
101,2024,5,5.0,poisson_regression,1.8665552926471123
101,2024,6,4.0,poisson_regression,1.5206394633182756
102,2023,8,6.0,poisson_regression,1.3749450133620922
102,2023,9,4.0,poisson_regression,1.5749163107842736
102,2023,10,3.0,poisson_regression,1.5717519930706696
102,2023,11,3.0,poisson_regression,1.9207010320835582
102,2023,12,4.0,poisson_regression,1.552075393891461
102,2024,1,3.0,poisson_regression,1.888671140270797
102,2024,2,1.0,poisson_regression,2.103267156242445
102,2024,3,1.0,poisson_regression,2.3549429203739476
102,2024,4,3.0,poisson_regression,1.9809967153060843
102,2024,5,5.0,poisson_regression,1.715130329208012
102,2024,6,4.0,poisson_regression,1.3881771844104487
103,2023,8,1.0,poisson_regression,0.6708447542254761
103,2023,9,0.0,poisson_regression,0.8086497368340597
103,2023,10,0.0,poisson_regression,0.8107157366376005
103,2023,11,0.0,poisson_regression,0.8479427336227836
103,2023,12,0.0,poisson_regression,0.7687798804026029
103,2024,1,0.0,poisson_regression,0.7564557226632017
103,2024,2,0.0,poisson_regression,0.8684505876941399
103,2024,3,0.0,poisson_regression,0.8883619872125689
103,2024,4,0.0,poisson_regression,0.8206349975459177
103,2024,5,0.0,poisson_regression,0.8222413817522638
103,2024,6,0.0,poisson_regression,0.7328485557349274
104,2023,8,1.0,poisson_regression,0.6667928610503786
104,2023,9,0.0,poisson_regression,0.8026879478125738
104,2023,10,0.0,poisson_regression,0.8067871653593868
104,2023,11,0.0,poisson_regression,0.8362240820678659
104,2023,12,0.0,poisson_regression,0.7529880411581337
104,2024,1,0.0,poisson_regression,0.743326681226128
104,2024,2,0.0,poisson_regression,0.8624815008756604
104,2024,3,0.0,poisson_regression,0.8646900040989869
104,2024,4,0.0,poisson_regression,0.8110421840381311
104,2024,5,0.0,poisson_regression,0.8116849759942002
104,2024,6,0.0,poisson_regression,0.7211540799851112
105,2023,8,1.0,poisson_regression,0.7706419947133701
105,2023,9,1.0,poisson_regression,0.7824243099041053
105,2023,10,1.0,poisson_regression,0.7082253222979986
105,2023,11,1.0,poisson_regression,0.8040852333108576
105,2023,12,1.0,poisson_regression,0.8199173143381793
105,2024,1,1.0,poisson_regression,0.972064069310353
105,2024,2,0.0,poisson_regression,1.1545437413941808
105,2024,3,0.0,poisson_regression,1.0665832720011263
105,2024,4,0.0,poisson_regression,1.06944715540294
105,2024,5,0.0,poisson_regression,0.9441583553951673
105,2024,6,0.0,poisson_regression,0.7881802046603793
106,2023,8,1.0,poisson_regression,0.7513471510205192
106,2023,9,1.0,poisson_regression,0.7592082639893455
106,2023,10,1.0,poisson_regression,0.7356165564878087
106,2023,11,1.0,poisson_regression,0.8283986445176865
106,2023,12,1.0,poisson_regression,0.7432109140585533
106,2024,1,1.0,poisson_regression,1.0310450969250304
106,2024,2,0.0,poisson_regression,1.2238668339756527
106,2024,3,0.0,poisson_regression,0.9868098692838913
106,2024,4,0.0,poisson_regression,1.1438294181720714
106,2024,5,0.0,poisson_regression,1.010869431833451
106,2024,6,0.0,poisson_regression,0.8440679814221442
107,2023,8,7.0,poisson_regression,8.271543785074606
107,2023,9,5.0,poisson_regression,11.28116127686275
107,2023,10,2.0,poisson_regression,10.625849774536752
107,2023,11,3.0,poisson_regression,7.999932389987112
107,2023,12,4.0,poisson_regression,7.56992632545632
107,2024,1,4.0,poisson_regression,6.168229955289768
107,2024,2,5.0,poisson_regression,7.76843686085898
107,2024,3,5.0,poisson_regression,9.484571086752148
107,2024,4,5.0,poisson_regression,6.438214769868267
107,2024,5,2.0,poisson_regression,9.165321463671953
107,2024,6,3.0,poisson_regression,8.949028240043644
108,2023,8,0.0,poisson_regression,0.8761944347083584
108,2023,9,0.0,poisson_regression,0.900186992596211
108,2023,10,0.0,poisson_regression,0.8735169387896091
108,2023,11,0.0,poisson_regression,0.8048858001532074
108,2023,12,0.0,poisson_regression,0.7788641109447222
108,2024,1,0.0,poisson_regression,0.8862493319322535
108,2024,2,0.0,poisson_regression,1.0136398818471968
108,2024,3,0.0,poisson_regression,1.0713171721093397
108,2024,4,1.0,poisson_regression,1.0132068779187733
108,2024,5,2.0,poisson_regression,1.076702517689198
108,2024,6,3.0,poisson_regression,1.0049338213473775
109,2023,8,0.0,poisson_regression,1.3651899554988185
109,2023,9,0.0,poisson_regression,1.3288213636978639
109,2023,10,0.0,poisson_regression,1.1026770606464766
109,2023,11,0.0,poisson_regression,0.9444769210299431
109,2023,12,0.0,poisson_regression,0.8658992467618093
109,2024,1,0.0,poisson_regression,0.9706710850911093
109,2024,2,0.0,poisson_regression,1.2108237911381448
109,2024,3,0.0,poisson_regression,1.271385100007071
109,2024,4,0.0,poisson_regression,1.0794746661283752
109,2024,5,0.0,poisson_regression,1.2761845072048599
109,2024,6,2.0,poisson_regression,1.0741103132725018
110,2023,8,1.0,poisson_regression,1.5022437385675227
110,2023,9,1.0,poisson_regression,1.5961676045657098
110,2023,10,1.0,poisson_regression,1.443442431230743
110,2023,11,1.0,poisson_regression,1.3319681148167593
110,2023,12,1.0,poisson_regression,1.1204580628413265
110,2024,1,2.0,poisson_regression,1.3477172530184114
110,2024,2,1.0,poisson_regression,1.786485462726408
110,2024,3,1.0,poisson_regression,1.5573570123413099
110,2024,4,0.0,poisson_regression,1.827418705071938
110,2024,5,0.0,poisson_regression,1.6908190588385443
110,2024,6,1.0,poisson_regression,1.5034172031290833
111,2023,8,6.0,poisson_regression,1.818183854066488
111,2023,9,6.0,poisson_regression,1.8382755647858435
111,2023,10,2.0,poisson_regression,2.4893997567321997
111,2023,11,1.0,poisson_regression,2.56215282356521
111,2023,12,1.0,poisson_regression,2.605712325889151
111,2024,1,3.0,poisson_regression,2.4576702064166045
111,2024,2,3.0,poisson_regression,2.1308084804351886
111,2024,3,4.0,poisson_regression,2.0903305564448575
111,2024,4,3.0,poisson_regression,2.296711708985223
111,2024,5,3.0,poisson_regression,1.952800815672041
111,2024,6,1.0,poisson_regression,2.2129441327480044
112,2023,8,1.0,poisson_regression,0.9246428867906603
112,2023,9,1.0,poisson_regression,1.0946900701457047
112,2023,10,1.0,poisson_regression,1.111664156660311
112,2023,11,1.0,poisson_regression,1.132419142352279
112,2023,12,0.0,poisson_regression,1.169586592565992
112,2024,1,0.0,poisson_regression,1.1716079881097523
112,2024,2,0.0,poisson_regression,1.3853711075304957
112,2024,3,0.0,poisson_regression,1.3185920091880496
112,2024,4,0.0,poisson_regression,1.1403313303930576
112,2024,5,2.0,poisson_regression,1.15578185376258
112,2024,6,2.0,poisson_regression,1.0282962634054935
113,2023,8,2.0,poisson_regression,0.7669690942516271
113,2023,9,2.0,poisson_regression,0.8756698271165206
113,2023,10,1.0,poisson_regression,1.0505135780475148
113,2023,11,1.0,poisson_regression,1.0065190027018325
113,2023,12,0.0,poisson_regression,1.0968299305535247
113,2024,1,0.0,poisson_regression,0.987145859963897
113,2024,2,0.0,poisson_regression,1.159823289437277
113,2024,3,0.0,poisson_regression,1.104340070658131
113,2024,4,0.0,poisson_regression,0.9450298342080539
113,2024,5,0.0,poisson_regression,0.9138308008042733
113,2024,6,0.0,poisson_regression,0.8524210113964542
114,2023,8,2.0,poisson_regression,0.6658896697527787
114,2023,9,2.0,poisson_regression,0.7631320800019904
114,2023,10,1.0,poisson_regression,0.8389862436358306
114,2023,11,1.0,poisson_regression,0.81906044562073
114,2023,12,0.0,poisson_regression,0.9575461249897967
114,2024,1,0.0,poisson_regression,0.7898288524578734
114,2024,2,0.0,poisson_regression,1.0125920017502976
114,2024,3,0.0,poisson_regression,0.9388711174489283
114,2024,4,0.0,poisson_regression,0.8193354873255513
114,2024,5,0.0,poisson_regression,0.7591948099706279
114,2024,6,0.0,poisson_regression,0.704750758977693
115,2023,8,5.0,poisson_regression,1.7171944595204647
115,2023,9,5.0,poisson_regression,1.936998261305609
115,2023,10,4.0,poisson_regression,2.112556815158819
115,2023,11,4.0,poisson_regression,2.1742800394287207
115,2023,12,3.0,poisson_regression,2.4293773614513565
115,2024,1,3.0,poisson_regression,2.5684208300452815
115,2024,2,3.0,poisson_regression,3.0626110463680414
115,2024,3,2.0,poisson_regression,3.1045860246237145
115,2024,4,3.0,poisson_regression,2.714919259685422
115,2024,5,2.0,poisson_regression,2.659851422612951
115,2024,6,2.0,poisson_regression,2.073714429192724
116,2023,8,2.0,poisson_regression,0.9222615845179821
116,2023,9,2.0,poisson_regression,0.8497477750748513
116,2023,10,1.0,poisson_regression,0.8965911415007861
116,2023,11,2.0,poisson_regression,1.0661079867728112
116,2023,12,2.0,poisson_regression,1.0413575876503718
116,2024,1,2.0,poisson_regression,1.0255411265103356
116,2024,2,2.0,poisson_regression,1.3682284160232359
116,2024,3,2.0,poisson_regression,1.2840003980458417
116,2024,4,2.0,poisson_regression,1.3743228518394488
116,2024,5,0.0,poisson_regression,1.5330966962285217
116,2024,6,0.0,poisson_regression,1.200593306636837
117,2023,8,2.0,poisson_regression,0.9632092441183852
117,2023,9,2.0,poisson_regression,0.8838597528949514
117,2023,10,1.0,poisson_regression,0.9231460112953626
117,2023,11,2.0,poisson_regression,1.0864888040881633
117,2023,12,2.0,poisson_regression,1.0433713904174626
117,2024,1,2.0,poisson_regression,1.0273054086491427
117,2024,2,2.0,poisson_regression,1.3752659345971658
117,2024,3,2.0,poisson_regression,1.287776450671919
117,2024,4,2.0,poisson_regression,1.387232563187884
117,2024,5,0.0,poisson_regression,1.5406552239940778
117,2024,6,0.0,poisson_regression,1.230028783210379
118,2023,8,5.0,poisson_regression,2.7127233493508522
118,2023,9,5.0,poisson_regression,2.5976219084026533
118,2023,10,4.0,poisson_regression,2.5607488353178214
118,2023,11,2.0,poisson_regression,2.911934657609334
118,2023,12,2.0,poisson_regression,2.7984738435517165
118,2024,1,2.0,poisson_regression,3.09790345356616
118,2024,2,3.0,poisson_regression,3.4478377037030503
118,2024,3,5.0,poisson_regression,2.8245237137316375
118,2024,4,5.0,poisson_regression,3.071360003984142
118,2024,5,3.0,poisson_regression,3.100250180378304
118,2024,6,1.0,poisson_regression,3.196931020639266
119,2023,8,5.0,poisson_regression,1.6770574721404803
119,2023,9,5.0,poisson_regression,1.388342285609723
119,2023,10,4.0,poisson_regression,1.3541802427178096
119,2023,11,2.0,poisson_regression,1.5914485642944558
119,2023,12,2.0,poisson_regression,1.6094736277997737
119,2024,1,2.0,poisson_regression,1.8258929207587116
119,2024,2,3.0,poisson_regression,2.021502566076919
119,2024,3,5.0,poisson_regression,1.5898974089235915
119,2024,4,5.0,poisson_regression,1.7438489569196605
119,2024,5,3.0,poisson_regression,1.6949797101066328
119,2024,6,1.0,poisson_regression,1.7203742697742004
120,2023,8,0.0,poisson_regression,0.5321285323022927
120,2023,9,2.0,poisson_regression,0.5343654130004138
120,2023,10,3.0,poisson_regression,0.5436074289742189
120,2023,11,3.0,poisson_regression,0.5419665640226476
120,2023,12,1.0,poisson_regression,0.6954053473477265
120,2024,1,0.0,poisson_regression,0.8264299888489489
120,2024,2,1.0,poisson_regression,1.0439641256124423
120,2024,3,1.0,poisson_regression,1.048592320100723
120,2024,4,1.0,poisson_regression,0.8512970260697361
120,2024,5,0.0,poisson_regression,0.9332422641183066
120,2024,6,1.0,poisson_regression,0.8431651040742432
121,2023,8,0.0,poisson_regression,0.6792007654294188
121,2023,9,2.0,poisson_regression,0.6881921274833267
121,2023,10,3.0,poisson_regression,0.6869275259171994
121,2023,11,3.0,poisson_regression,0.6740163291507965
121,2023,12,1.0,poisson_regression,0.8305892830908255
121,2024,1,0.0,poisson_regression,1.111887882813619
121,2024,2,1.0,poisson_regression,1.3687016727893646
121,2024,3,1.0,poisson_regression,1.3141368972767618
121,2024,4,1.0,poisson_regression,1.0544914928785187
121,2024,5,0.0,poisson_regression,1.1982251951166674
121,2024,6,1.0,poisson_regression,1.1100694950536456
122,2023,8,3.0,poisson_regression,2.0903467415692383
122,2023,9,2.0,poisson_regression,2.494713559766896
122,2023,10,3.0,poisson_regression,2.8223167950452304
122,2023,11,4.0,poisson_regression,2.48864581689526
122,2023,12,3.0,poisson_regression,2.448001459579375
122,2024,1,4.0,poisson_regression,2.504208629122779
122,2024,2,4.0,poisson_regression,3.436869282642749
122,2024,3,4.0,poisson_regression,3.380681483736703
122,2024,4,1.0,poisson_regression,3.815933781414776
122,2024,5,0.0,poisson_regression,4.136078811461976
122,2024,6,0.0,poisson_regression,3.7392128365269746
124,2023,8,0.0,poisson_regression,1.279505058178043
124,2023,9,1.0,poisson_regression,1.261742625957589
124,2023,10,1.0,poisson_regression,1.1925634743727667
124,2023,11,1.0,poisson_regression,0.8621855555022615
124,2023,12,0.0,poisson_regression,0.7796363480484092
124,2024,1,1.0,poisson_regression,0.7974397403837461
124,2024,2,1.0,poisson_regression,0.8944268648298257
124,2024,3,1.0,poisson_regression,0.7751495340726029
124,2024,4,0.0,poisson_regression,0.8299810891955606
124,2024,5,0.0,poisson_regression,0.82035491143313
125,2023,8,4.0,poisson_regression,1.9328954721425102
125,2023,9,3.0,poisson_regression,2.1416648544862933
125,2023,10,3.0,poisson_regression,2.642457311007246
125,2023,11,4.0,poisson_regression,2.281273697947351
125,2023,12,3.0,poisson_regression,2.376780464803178
125,2024,1,4.0,poisson_regression,2.4875380473187536
125,2024,2,4.0,poisson_regression,3.273438101799414
125,2024,3,4.0,poisson_regression,3.082892366285873
125,2024,4,1.0,poisson_regression,3.4481800794520012
125,2024,5,0.0,poisson_regression,3.372291173159471
125,2024,6,0.0,poisson_regression,3.15270932004449
126,2023,8,3.0,poisson_regression,1.3452168483881606
126,2023,9,2.0,poisson_regression,1.1541910999469012
126,2023,10,2.0,poisson_regression,1.492563245266624
126,2023,11,3.0,poisson_regression,1.3185481071737362
126,2023,12,2.0,poisson_regression,1.4487928022609817
126,2024,1,1.0,poisson_regression,1.5416339343101666
126,2024,2,0.0,poisson_regression,2.0724171849760755
126,2024,3,0.0,poisson_regression,1.885286651939704
126,2024,4,1.0,poisson_regression,1.568245707874106
126,2024,5,1.0,poisson_regression,1.3545278946090937
126,2024,6,2.0,poisson_regression,1.1541004947171254
127,2023,8,2.0,poisson_regression,0.8443049876802174
127,2023,9,2.0,poisson_regression,1.000436787750397
127,2023,10,2.0,poisson_regression,1.0137632040693545
127,2023,11,1.0,poisson_regression,1.2319216348358297
127,2023,12,0.0,poisson_regression,1.1935966613743971
127,2024,1,2.0,poisson_regression,1.2865105018168033
127,2024,2,2.0,poisson_regression,1.3877339519144232
127,2024,3,3.0,poisson_regression,1.2736784596985546
127,2024,4,1.0,poisson_regression,1.4137738149269572
127,2024,5,3.0,poisson_regression,1.50563230922776
127,2024,6,2.0,poisson_regression,1.6358265664823135
128,2023,8,1.0,poisson_regression,0.984643701814754
128,2023,9,0.0,poisson_regression,1.1662861971144163
128,2023,10,0.0,poisson_regression,1.1559974863185734
128,2023,11,0.0,poisson_regression,0.99964874990732
128,2023,12,0.0,poisson_regression,0.8849960522779168
128,2024,1,0.0,poisson_regression,0.9027065917284685
128,2024,2,0.0,poisson_regression,1.0820560279601403
128,2024,3,1.0,poisson_regression,1.02346326303219
128,2024,4,1.0,poisson_regression,0.9265725164616303
128,2024,5,1.0,poisson_regression,0.9606207750831723
128,2024,6,0.0,poisson_regression,1.0224577404890527
129,2023,8,1.0,poisson_regression,0.9600922935313836
129,2023,9,0.0,poisson_regression,1.146875749809014
129,2023,10,0.0,poisson_regression,1.1371332420695504
129,2023,11,0.0,poisson_regression,0.9762870152877968
129,2023,12,0.0,poisson_regression,0.853913113862423
129,2024,1,0.0,poisson_regression,0.8733669704334499
129,2024,2,0.0,poisson_regression,1.0493656998095082
129,2024,3,1.0,poisson_regression,0.9907789213864595
129,2024,4,1.0,poisson_regression,0.9007174938393767
129,2024,5,1.0,poisson_regression,0.9240467970757443
129,2024,6,0.0,poisson_regression,0.9937651775934637
131,2023,8,0.0,poisson_regression,0.6991351401146585
131,2023,9,0.0,poisson_regression,0.6852689616157462
131,2023,10,0.0,poisson_regression,0.6712223748993339
131,2023,11,0.0,poisson_regression,0.6599204901519056
131,2023,12,0.0,poisson_regression,0.6314747509440415
131,2024,1,0.0,poisson_regression,0.6941320400385634
131,2024,2,0.0,poisson_regression,0.8060403457625827
131,2024,3,1.0,poisson_regression,0.8205133431493882
131,2024,4,1.0,poisson_regression,0.8160606673538867
131,2024,5,1.0,poisson_regression,0.8395413081534372
131,2024,6,0.0,poisson_regression,0.9336435503515681
132,2023,8,0.0,poisson_regression,0.6301435116384027
132,2023,9,0.0,poisson_regression,0.6247927795075606
132,2023,10,0.0,poisson_regression,0.6245686602670566
132,2023,11,0.0,poisson_regression,0.5927558240118181
132,2023,12,0.0,poisson_regression,0.5960339991139708
132,2024,1,0.0,poisson_regression,0.6454325967376204
132,2024,2,0.0,poisson_regression,0.7269325089512617
132,2024,3,0.0,poisson_regression,0.737608898305271
132,2024,4,0.0,poisson_regression,0.726769988861781
132,2024,5,0.0,poisson_regression,0.7283209335373433
132,2024,6,0.0,poisson_regression,0.6537809593200202
133,2023,8,0.0,poisson_regression,0.686234502752778
133,2023,9,0.0,poisson_regression,0.6851313809331565
133,2023,10,0.0,poisson_regression,0.6842655282111111
133,2023,11,0.0,poisson_regression,0.6440933592957516
133,2023,12,0.0,poisson_regression,0.6355581786169823
133,2024,1,0.0,poisson_regression,0.6892658311586131
133,2024,2,0.0,poisson_regression,0.7972468045026274
133,2024,3,0.0,poisson_regression,0.8077993579747752
133,2024,4,0.0,poisson_regression,0.7873653007857339
133,2024,5,0.0,poisson_regression,0.8067826107832894
133,2024,6,0.0,poisson_regression,0.7247416047031733
134,2023,8,0.0,poisson_regression,0.9936354394416383
134,2023,9,0.0,poisson_regression,0.8897275358009814
134,2023,10,0.0,poisson_regression,0.8189609753360302
134,2023,11,0.0,poisson_regression,0.8012385516540945
134,2023,12,0.0,poisson_regression,0.7865348979622762
134,2024,1,0.0,poisson_regression,0.8017527161000567
134,2024,2,0.0,poisson_regression,0.908431047277044
134,2024,3,0.0,poisson_regression,0.9619622398818025
134,2024,4,0.0,poisson_regression,0.9197314521780475
134,2024,5,0.0,poisson_regression,0.9189606931643594
134,2024,6,0.0,poisson_regression,0.8361636397126203
135,2023,8,0.0,poisson_regression,0.9796884479036223
135,2023,9,0.0,poisson_regression,0.8998055731186674
135,2023,10,0.0,poisson_regression,0.793283820199287
135,2023,11,0.0,poisson_regression,0.7648446074506705
135,2023,12,0.0,poisson_regression,0.7762436087839102
135,2024,1,0.0,poisson_regression,0.8306964765782702
135,2024,2,0.0,poisson_regression,0.9738135574270422
135,2024,3,0.0,poisson_regression,1.0184325745159546
135,2024,4,0.0,poisson_regression,0.9141652097747558
135,2024,5,0.0,poisson_regression,0.9694697135645503
135,2024,6,0.0,poisson_regression,0.8699614930327702
136,2023,8,2.0,poisson_regression,1.0109659474792576
136,2023,9,2.0,poisson_regression,0.8775453694526248
136,2023,10,1.0,poisson_regression,1.098023224072735
136,2023,11,1.0,poisson_regression,1.1609782551243988
136,2023,12,1.0,poisson_regression,1.0870875181086044
136,2024,1,1.0,poisson_regression,1.0734365255924925
136,2024,2,0.0,poisson_regression,1.3130897019884145
136,2024,3,0.0,poisson_regression,1.1534496818047155
136,2024,4,0.0,poisson_regression,1.1504328570019962
136,2024,5,0.0,poisson_regression,1.0241172376986114
136,2024,6,2.0,poisson_regression,0.8229247546435104
137,2023,8,2.0,poisson_regression,4.2867350381499945
137,2023,9,3.0,poisson_regression,4.397207036243561
137,2023,10,3.0,poisson_regression,4.251091813565552
137,2023,11,4.0,poisson_regression,2.831139882910144
137,2023,12,2.0,poisson_regression,2.902469078740987
137,2024,1,2.0,poisson_regression,2.974856856082958
137,2024,2,2.0,poisson_regression,3.853870701461158
137,2024,3,2.0,poisson_regression,3.5901820486677676
137,2024,4,1.0,poisson_regression,3.310284519457181
137,2024,5,0.0,poisson_regression,3.652748330139117
137,2024,6,2.0,poisson_regression,3.106874916431491
138,2023,8,3.0,poisson_regression,2.3891878875953316
138,2023,9,4.0,poisson_regression,1.691694321942658
138,2023,10,4.0,poisson_regression,1.6563822193440703
138,2023,11,4.0,poisson_regression,1.4352837013664257
138,2023,12,3.0,poisson_regression,1.6049990671692327
138,2024,1,3.0,poisson_regression,2.0811954066308016
138,2024,2,3.0,poisson_regression,2.652634248101148
138,2024,3,2.0,poisson_regression,2.95879297625918
138,2024,4,1.0,poisson_regression,2.13934693064766
138,2024,5,0.0,poisson_regression,2.47684539565391
138,2024,6,1.0,poisson_regression,1.7962135156589716
139,2023,8,2.0,poisson_regression,1.0775282937218147
139,2023,9,0.0,poisson_regression,1.2032514812608552
139,2023,10,0.0,poisson_regression,1.1866776484045507
139,2023,11,0.0,poisson_regression,1.1098007114417598
139,2023,12,0.0,poisson_regression,0.9490245429463527
139,2024,1,0.0,poisson_regression,0.8361711353581146
139,2024,2,1.0,poisson_regression,0.9225855707164939
139,2024,3,1.0,poisson_regression,0.9654451667205814
139,2024,4,2.0,poisson_regression,0.864219776991021
139,2024,5,1.0,poisson_regression,1.069686905812351
139,2024,6,1.0,poisson_regression,0.9347916440889612
140,2023,8,6.0,poisson_regression,3.141779633033894
140,2023,9,3.0,poisson_regression,3.2400053192051175
140,2023,10,3.0,poisson_regression,3.0978364769792037
140,2023,11,2.0,poisson_regression,3.4650763024189324
140,2023,12,3.0,poisson_regression,2.5588776051790267
140,2024,1,1.0,poisson_regression,2.5754541639727826
140,2024,2,4.0,poisson_regression,2.5838784767868024
140,2024,3,3.0,poisson_regression,3.4246695438994603
140,2024,4,6.0,poisson_regression,2.1604361983561486
140,2024,5,3.0,poisson_regression,2.920256159294489
140,2024,6,7.0,poisson_regression,2.2860806357756567
143,2023,12,5.0,poisson_regression,2.294552627809071
143,2024,1,4.0,poisson_regression,2.9845069687129095
143,2024,2,4.0,poisson_regression,5.868614935955273
143,2024,3,3.0,poisson_regression,6.939790647902406
143,2024,4,2.0,poisson_regression,5.315087034737901
143,2024,5,0.0,poisson_regression,7.990750709934471
143,2024,6,6.0,poisson_regression,5.463006185224565
1,2023,8,2.0,random_forest_regressor,0.7395555555555554
1,2023,9,3.0,random_forest_regressor,0.6539444444444442
1,2023,10,2.0,random_forest_regressor,0.7597777777777778
1,2023,11,1.0,random_forest_regressor,0.8789444444444443
1,2023,12,0.0,random_forest_regressor,1.015928571428571
1,2024,1,1.0,random_forest_regressor,1.226435185185185
1,2024,2,2.0,random_forest_regressor,1.2452619047619045
1,2024,3,2.0,random_forest_regressor,1.2682301587301585
1,2024,4,1.0,random_forest_regressor,1.0022380952380954
1,2024,5,1.0,random_forest_regressor,1.1489563492063495
1,2024,6,1.0,random_forest_regressor,1.0822380952380954
2,2023,8,4.0,random_forest_regressor,2.6136111111111107
2,2023,9,2.0,random_forest_regressor,2.6750793650793647
2,2023,10,2.0,random_forest_regressor,2.3211626984126976
2,2023,11,0.0,random_forest_regressor,2.5894444444444438
2,2023,12,2.0,random_forest_regressor,2.9265714285714286
2,2024,1,2.0,random_forest_regressor,2.6216547619047628
2,2024,2,3.0,random_forest_regressor,3.1437645502645495
2,2024,3,1.0,random_forest_regressor,3.4461798941798953
2,2024,4,1.0,random_forest_regressor,2.951547619047619
2,2024,5,0.0,random_forest_regressor,3.0264761904761897
2,2024,6,0.0,random_forest_regressor,2.906150793650794
3,2023,8,5.0,random_forest_regressor,2.9302023809523807
3,2023,9,3.0,random_forest_regressor,3.178944444444445
3,2023,10,2.0,random_forest_regressor,2.861010582010581
3,2023,11,0.0,random_forest_regressor,3.0334801587301583
3,2023,12,2.0,random_forest_regressor,2.9947103174603176
3,2024,1,2.0,random_forest_regressor,2.615460317460317
3,2024,2,3.0,random_forest_regressor,3.023904761904761
3,2024,3,1.0,random_forest_regressor,3.6770264550264535
3,2024,4,1.0,random_forest_regressor,3.197193121693122
3,2024,5,0.0,random_forest_regressor,3.373560846560847
3,2024,6,0.0,random_forest_regressor,3.7488518518518497
4,2023,8,3.0,random_forest_regressor,0.8711904761904761
4,2023,9,3.0,random_forest_regressor,0.9641984126984128
4,2023,10,2.0,random_forest_regressor,1.055674603174603
4,2023,11,0.0,random_forest_regressor,1.0313134920634919
4,2023,12,1.0,random_forest_regressor,1.4116904761904763
4,2024,1,1.0,random_forest_regressor,1.4409285714285711
4,2024,2,1.0,random_forest_regressor,1.7331150793650796
4,2024,3,1.0,random_forest_regressor,2.04694708994709
4,2024,4,1.0,random_forest_regressor,1.6299365079365078
4,2024,5,1.0,random_forest_regressor,1.5851150793650794
4,2024,6,0.0,random_forest_regressor,1.4322777777777773
5,2023,8,3.0,random_forest_regressor,0.8638888888888888
5,2023,9,3.0,random_forest_regressor,0.9022777777777778
5,2023,10,2.0,random_forest_regressor,1.0064761904761903
5,2023,11,0.0,random_forest_regressor,0.9724801587301585
5,2023,12,1.0,random_forest_regressor,1.385746031746032
5,2024,1,1.0,random_forest_regressor,1.4939523809523807
5,2024,2,1.0,random_forest_regressor,1.6235555555555556
5,2024,3,1.0,random_forest_regressor,1.9947804232804234
5,2024,4,1.0,random_forest_regressor,1.43940873015873
5,2024,5,1.0,random_forest_regressor,1.4413373015873014
5,2024,6,0.0,random_forest_regressor,1.2056666666666669
6,2023,8,0.0,random_forest_regressor,2.5225000000000004
6,2023,9,1.0,random_forest_regressor,2.048716931216931
6,2023,10,2.0,random_forest_regressor,1.382404761904762
6,2023,11,2.0,random_forest_regressor,1.7249126984126981
6,2023,12,2.0,random_forest_regressor,1.6957063492063496
6,2024,1,1.0,random_forest_regressor,1.7023148148148146
6,2024,2,3.0,random_forest_regressor,1.945
6,2024,3,3.0,random_forest_regressor,1.7691666666666663
6,2024,4,6.0,random_forest_regressor,1.7283650793650798
6,2024,5,4.0,random_forest_regressor,1.927753968253968
6,2024,6,4.0,random_forest_regressor,1.8349285714285717
7,2023,8,0.0,random_forest_regressor,2.4760595238095235
7,2023,9,1.0,random_forest_regressor,2.12552380952381
7,2023,10,2.0,random_forest_regressor,1.3202499999999997
7,2023,11,2.0,random_forest_regressor,1.8731111111111105
7,2023,12,2.0,random_forest_regressor,2.368309523809524
7,2024,1,1.0,random_forest_regressor,1.9913333333333332
7,2024,2,3.0,random_forest_regressor,2.401873015873016
7,2024,3,3.0,random_forest_regressor,2.600158730158731
7,2024,4,6.0,random_forest_regressor,2.825277777777778
7,2024,5,4.0,random_forest_regressor,2.3724814814814814
7,2024,6,4.0,random_forest_regressor,1.9677222222222228
8,2023,8,1.0,random_forest_regressor,0.6102301587301586
8,2023,9,1.0,random_forest_regressor,0.629388888888889
8,2023,10,1.0,random_forest_regressor,0.7939761904761903
8,2023,11,0.0,random_forest_regressor,0.7797777777777778
8,2023,12,0.0,random_forest_regressor,1.034079365079365
8,2024,1,1.0,random_forest_regressor,1.1076031746031743
8,2024,2,1.0,random_forest_regressor,0.9945634920634919
8,2024,3,2.0,random_forest_regressor,1.0807222222222224
8,2024,4,1.0,random_forest_regressor,0.9157777777777777
8,2024,5,1.0,random_forest_regressor,1.0901825396825398
8,2024,6,0.0,random_forest_regressor,0.9446666666666664
9,2023,8,1.0,random_forest_regressor,0.7843333333333333
9,2023,9,0.0,random_forest_regressor,0.8793333333333332
9,2023,10,0.0,random_forest_regressor,1.1055833333333334
9,2023,11,2.0,random_forest_regressor,1.1716269841269844
9,2023,12,2.0,random_forest_regressor,0.9363703703703703
9,2024,1,3.0,random_forest_regressor,0.9374563492063489
9,2024,2,1.0,random_forest_regressor,0.9768055555555556
9,2024,3,1.0,random_forest_regressor,1.0362896825396828
9,2024,4,0.0,random_forest_regressor,1.0164126984126982
9,2024,5,0.0,random_forest_regressor,1.3608174603174603
9,2024,6,0.0,random_forest_regressor,1.0529007936507941
10,2023,8,2.0,random_forest_regressor,0.7858730158730157
10,2023,9,2.0,random_forest_regressor,0.8082777777777775
10,2023,10,2.0,random_forest_regressor,0.9486111111111111
10,2023,11,1.0,random_forest_regressor,1.0343333333333335
10,2023,12,0.0,random_forest_regressor,1.2844656084656088
10,2024,1,0.0,random_forest_regressor,1.102825396825397
10,2024,2,0.0,random_forest_regressor,1.3152341269841268
10,2024,3,0.0,random_forest_regressor,1.1808968253968253
10,2024,4,1.0,random_forest_regressor,1.0137380952380952
10,2024,5,1.0,random_forest_regressor,1.008761904761905
10,2024,6,1.0,random_forest_regressor,1.169571428571429
11,2023,8,2.0,random_forest_regressor,0.5255555555555556
11,2023,9,2.0,random_forest_regressor,0.6269999999999999
11,2023,10,3.0,random_forest_regressor,0.8302777777777778
11,2023,11,2.0,random_forest_regressor,0.8789999999999998
11,2023,12,2.0,random_forest_regressor,1.1602063492063495
11,2024,1,1.0,random_forest_regressor,1.018916666666667
11,2024,2,1.0,random_forest_regressor,1.1815119047619043
11,2024,3,0.0,random_forest_regressor,1.1932896825396822
11,2024,4,1.0,random_forest_regressor,0.9292142857142855
11,2024,5,1.0,random_forest_regressor,0.9909563492063491
11,2024,6,1.0,random_forest_regressor,1.0702658730158732
13,2023,8,5.0,random_forest_regressor,1.470404761904762
13,2023,9,5.0,random_forest_regressor,1.8294642857142855
13,2023,10,4.0,random_forest_regressor,1.570884920634921
13,2023,11,1.0,random_forest_regressor,2.2952830687830694
13,2023,12,1.0,random_forest_regressor,1.725166666666667
13,2024,1,2.0,random_forest_regressor,1.9761309523809525
13,2024,2,2.0,random_forest_regressor,2.179346560846561
13,2024,3,2.0,random_forest_regressor,1.7082738095238097
13,2024,4,1.0,random_forest_regressor,1.7222910052910052
13,2024,5,1.0,random_forest_regressor,1.8727910052910053
13,2024,6,0.0,random_forest_regressor,1.8138531746031743
14,2023,8,3.0,random_forest_regressor,1.4573888888888886
14,2023,9,2.0,random_forest_regressor,1.329698412698413
14,2023,10,1.0,random_forest_regressor,1.258857142857143
14,2023,11,1.0,random_forest_regressor,1.3547063492063496
14,2023,12,1.0,random_forest_regressor,1.8091221741221746
14,2024,1,2.0,random_forest_regressor,1.7695634920634924
14,2024,2,3.0,random_forest_regressor,1.6694404761904762
14,2024,3,2.0,random_forest_regressor,1.5391349206349205
14,2024,4,3.0,random_forest_regressor,1.4973068783068786
14,2024,5,2.0,random_forest_regressor,1.9404841269841269
14,2024,6,2.0,random_forest_regressor,1.3416666666666666
15,2023,8,4.0,random_forest_regressor,3.530551587301587
15,2023,9,1.0,random_forest_regressor,3.732365079365078
15,2023,10,2.0,random_forest_regressor,3.504976190476191
15,2023,11,4.0,random_forest_regressor,3.1673174603174608
15,2023,12,4.0,random_forest_regressor,2.9746507936507935
15,2024,1,3.0,random_forest_regressor,2.1807936507936505
15,2024,2,4.0,random_forest_regressor,3.063682539682539
15,2024,3,4.0,random_forest_regressor,3.222988095238095
15,2024,4,4.0,random_forest_regressor,2.6172301587301594
15,2024,5,4.0,random_forest_regressor,3.5047698412698414
15,2024,6,6.0,random_forest_regressor,3.5284920634920627
16,2023,8,8.0,random_forest_regressor,4.721035714285714
16,2023,9,9.0,random_forest_regressor,4.412093915343914
16,2023,10,6.0,random_forest_regressor,3.885638888888891
16,2023,11,3.0,random_forest_regressor,3.554917989417989
16,2023,12,4.0,random_forest_regressor,3.8839206349206363
16,2024,1,9.0,random_forest_regressor,3.8354563492063494
16,2024,2,11.0,random_forest_regressor,4.1934947089947086
16,2024,3,11.0,random_forest_regressor,4.505502645502643
16,2024,4,6.0,random_forest_regressor,4.320460317460318
16,2024,5,5.0,random_forest_regressor,4.935347883597883
16,2024,6,5.0,random_forest_regressor,4.735224867724867
17,2023,8,8.0,random_forest_regressor,4.353595238095239
17,2023,9,9.0,random_forest_regressor,3.884853174603176
17,2023,10,6.0,random_forest_regressor,3.755857142857144
17,2023,11,3.0,random_forest_regressor,3.657037037037036
17,2023,12,4.0,random_forest_regressor,3.945444444444445
17,2024,1,9.0,random_forest_regressor,4.000087301587301
17,2024,2,11.0,random_forest_regressor,4.219142857142857
17,2024,3,11.0,random_forest_regressor,4.310309523809524
17,2024,4,6.0,random_forest_regressor,4.082870370370371
17,2024,5,5.0,random_forest_regressor,4.210559523809523
17,2024,6,5.0,random_forest_regressor,3.9225238095238097
18,2023,8,4.0,random_forest_regressor,3.3113055555555566
18,2023,9,1.0,random_forest_regressor,3.2845476190476197
18,2023,10,2.0,random_forest_regressor,3.8364404761904773
18,2023,11,4.0,random_forest_regressor,3.7103571428571445
18,2023,12,4.0,random_forest_regressor,3.085055555555555
18,2024,1,3.0,random_forest_regressor,2.0041904761904763
18,2024,2,4.0,random_forest_regressor,3.1649444444444437
18,2024,3,4.0,random_forest_regressor,3.21963888888889
18,2024,4,4.0,random_forest_regressor,2.2500000000000013
18,2024,5,4.0,random_forest_regressor,3.316277777777779
18,2024,6,6.0,random_forest_regressor,3.3949761904761906
19,2023,8,2.0,random_forest_regressor,0.5473333333333332
19,2023,9,2.0,random_forest_regressor,0.6781984126984125
19,2023,10,2.0,random_forest_regressor,0.7923412698412697
19,2023,11,1.0,random_forest_regressor,0.7749999999999998
19,2023,12,1.0,random_forest_regressor,1.2226931216931218
19,2024,1,1.0,random_forest_regressor,1.0382420634920635
19,2024,2,1.0,random_forest_regressor,1.0069126984126981
19,2024,3,0.0,random_forest_regressor,0.9970462962962965
19,2024,4,1.0,random_forest_regressor,0.9208373015873017
19,2024,5,1.0,random_forest_regressor,0.8967896825396826
19,2024,6,1.0,random_forest_regressor,1.0155039682539684
20,2023,8,0.0,random_forest_regressor,0.7481666666666666
20,2023,9,1.0,random_forest_regressor,0.8495873015873017
20,2023,10,1.0,random_forest_regressor,0.9321111111111111
20,2023,11,1.0,random_forest_regressor,0.9745925925925925
20,2023,12,0.0,random_forest_regressor,1.217936507936508
20,2024,1,0.0,random_forest_regressor,1.166242063492063
20,2024,2,0.0,random_forest_regressor,1.2436428571428568
20,2024,3,0.0,random_forest_regressor,1.3660753968253965
20,2024,4,0.0,random_forest_regressor,1.1604444444444444
20,2024,5,0.0,random_forest_regressor,1.323992063492063
20,2024,6,0.0,random_forest_regressor,1.4196349206349204
21,2023,8,0.0,random_forest_regressor,0.7097063492063489
21,2023,9,0.0,random_forest_regressor,0.7276666666666668
21,2023,10,0.0,random_forest_regressor,1.0113055555555555
21,2023,11,0.0,random_forest_regressor,1.114722222222222
21,2023,12,0.0,random_forest_regressor,1.0260158730158726
21,2024,1,0.0,random_forest_regressor,1.1837579365079363
21,2024,2,0.0,random_forest_regressor,1.1744841269841269
21,2024,3,0.0,random_forest_regressor,1.2891825396825398
21,2024,4,0.0,random_forest_regressor,1.1091825396825399
21,2024,5,0.0,random_forest_regressor,1.1844563492063496
21,2024,6,1.0,random_forest_regressor,1.153730158730159
22,2023,8,2.0,random_forest_regressor,1.0727222222222221
22,2023,9,3.0,random_forest_regressor,1.1727222222222222
22,2023,10,6.0,random_forest_regressor,1.30375
22,2023,11,5.0,random_forest_regressor,1.6909444444444444
22,2023,12,5.0,random_forest_regressor,1.43233645983646
22,2024,1,2.0,random_forest_regressor,2.1702698412698416
22,2024,2,3.0,random_forest_regressor,2.5912275132275138
22,2024,3,3.0,random_forest_regressor,2.293710317460317
22,2024,4,2.0,random_forest_regressor,2.5587751322751324
22,2024,5,2.0,random_forest_regressor,2.6342698412698415
22,2024,6,1.0,random_forest_regressor,2.7375357142857144
23,2023,8,3.0,random_forest_regressor,1.9245211640211641
23,2023,9,3.0,random_forest_regressor,1.7097592592592594
23,2023,10,4.0,random_forest_regressor,1.7831190476190473
23,2023,11,4.0,random_forest_regressor,1.8014497354497356
23,2023,12,4.0,random_forest_regressor,1.7282676767676768
23,2024,1,3.0,random_forest_regressor,1.9899206349206349
23,2024,2,3.0,random_forest_regressor,2.5310476190476194
23,2024,3,5.0,random_forest_regressor,3.004265873015873
23,2024,4,4.0,random_forest_regressor,2.878603174603175
23,2024,5,3.0,random_forest_regressor,2.780968253968254
23,2024,6,1.0,random_forest_regressor,2.837429894179894
24,2023,8,2.0,random_forest_regressor,1.6832222222222224
24,2023,9,3.0,random_forest_regressor,1.5552539682539683
24,2023,10,5.0,random_forest_regressor,1.6264484126984127
24,2023,11,4.0,random_forest_regressor,1.8494166666666665
24,2023,12,4.0,random_forest_regressor,1.728787518037518
24,2024,1,2.0,random_forest_regressor,2.1384365079365084
24,2024,2,3.0,random_forest_regressor,2.483396825396825
24,2024,3,5.0,random_forest_regressor,2.4027579365079363
24,2024,4,4.0,random_forest_regressor,2.5740277777777774
24,2024,5,3.0,random_forest_regressor,2.537345238095238
24,2024,6,1.0,random_forest_regressor,2.753592592592592
25,2023,8,4.0,random_forest_regressor,2.268468253968255
25,2023,9,3.0,random_forest_regressor,2.374769841269841
25,2023,10,5.0,random_forest_regressor,2.5653492063492056
25,2023,11,4.0,random_forest_regressor,2.0203492063492066
25,2023,12,4.0,random_forest_regressor,2.697611111111111
25,2024,1,3.0,random_forest_regressor,2.604436507936509
25,2024,2,3.0,random_forest_regressor,2.7309920634920632
25,2024,3,5.0,random_forest_regressor,3.0364523809523813
25,2024,4,4.0,random_forest_regressor,2.7075555555555555
25,2024,5,3.0,random_forest_regressor,2.790984126984127
25,2024,6,4.0,random_forest_regressor,3.2716507936507937
26,2023,8,3.0,random_forest_regressor,1.6107275132275127
26,2023,9,3.0,random_forest_regressor,1.306861111111111
26,2023,10,2.0,random_forest_regressor,1.5543015873015873
26,2023,11,2.0,random_forest_regressor,1.6430793650793656
26,2023,12,1.0,random_forest_regressor,1.6192804232804234
26,2024,1,0.0,random_forest_regressor,1.494154761904762
26,2024,2,0.0,random_forest_regressor,1.5472195767195767
26,2024,3,1.0,random_forest_regressor,1.2932460317460317
26,2024,4,1.0,random_forest_regressor,1.023568783068783
26,2024,5,1.0,random_forest_regressor,1.1589126984126985
26,2024,6,1.0,random_forest_regressor,1.3810052910052908
27,2023,8,2.0,random_forest_regressor,1.5301428571428572
27,2023,9,3.0,random_forest_regressor,1.322952380952381
27,2023,10,3.0,random_forest_regressor,1.6465
27,2023,11,2.0,random_forest_regressor,1.7161031746031745
27,2023,12,1.0,random_forest_regressor,1.7288015873015874
27,2024,1,0.0,random_forest_regressor,1.8969603174603173
27,2024,2,1.0,random_forest_regressor,1.7265158730158734
27,2024,3,1.0,random_forest_regressor,1.797214285714286
27,2024,4,1.0,random_forest_regressor,1.660904761904762
27,2024,5,0.0,random_forest_regressor,1.3416984126984124
27,2024,6,2.0,random_forest_regressor,1.2622301587301585
28,2023,8,0.0,random_forest_regressor,0.40403174603174613
28,2023,9,0.0,random_forest_regressor,0.39234126984126994
28,2023,10,0.0,random_forest_regressor,0.45508730158730154
28,2023,11,0.0,random_forest_regressor,0.6300714285714286
28,2023,12,0.0,random_forest_regressor,0.7241388888888891
28,2024,1,0.0,random_forest_regressor,0.9998611111111112
28,2024,2,0.0,random_forest_regressor,0.7805079365079364
28,2024,3,0.0,random_forest_regressor,0.8773214285714287
28,2024,4,0.0,random_forest_regressor,0.8389682539682539
28,2024,5,1.0,random_forest_regressor,0.8383544973544972
28,2024,6,1.0,random_forest_regressor,0.6528849206349204
29,2023,8,0.0,random_forest_regressor,0.5872063492063492
29,2023,9,0.0,random_forest_regressor,0.5808968253968253
29,2023,10,0.0,random_forest_regressor,0.5898333333333334
29,2023,11,1.0,random_forest_regressor,0.8133822751322752
29,2023,12,1.0,random_forest_regressor,0.8273518518518522
29,2024,1,1.0,random_forest_regressor,0.9554722222222224
29,2024,2,0.0,random_forest_regressor,0.8897222222222223
29,2024,3,0.0,random_forest_regressor,0.9976944444444444
29,2024,4,0.0,random_forest_regressor,0.75409126984127
29,2024,5,0.0,random_forest_regressor,0.8483941798941801
29,2024,6,0.0,random_forest_regressor,0.616968253968254
30,2023,8,2.0,random_forest_regressor,0.598
30,2023,9,1.0,random_forest_regressor,0.7772579365079365
30,2023,10,0.0,random_forest_regressor,0.9020714285714287
30,2023,11,0.0,random_forest_regressor,0.8048095238095236
30,2023,12,0.0,random_forest_regressor,0.7246957671957671
30,2024,1,0.0,random_forest_regressor,0.67928835978836
30,2024,2,0.0,random_forest_regressor,0.8292222222222223
30,2024,3,0.0,random_forest_regressor,0.7756349206349207
30,2024,4,0.0,random_forest_regressor,0.8215436507936509
30,2024,5,0.0,random_forest_regressor,0.9868809523809523
30,2024,6,0.0,random_forest_regressor,0.7212103174603176
31,2023,8,2.0,random_forest_regressor,0.5920952380952381
31,2023,9,1.0,random_forest_regressor,0.7839603174603176
31,2023,10,0.0,random_forest_regressor,0.7267169312169312
31,2023,11,0.0,random_forest_regressor,0.6560873015873014
31,2023,12,0.0,random_forest_regressor,0.7127275132275134
31,2024,1,0.0,random_forest_regressor,0.7738333333333334
31,2024,2,0.0,random_forest_regressor,0.9367182539682539
31,2024,3,0.0,random_forest_regressor,1.0835714285714286
31,2024,4,0.0,random_forest_regressor,0.9583333333333334
31,2024,5,0.0,random_forest_regressor,1.1115992063492064
31,2024,6,0.0,random_forest_regressor,0.9884999999999998
32,2023,8,0.0,random_forest_regressor,0.27179365079365086
32,2023,9,0.0,random_forest_regressor,0.38505555555555554
32,2023,10,0.0,random_forest_regressor,0.37823809523809526
32,2023,11,0.0,random_forest_regressor,0.5409285714285715
32,2023,12,0.0,random_forest_regressor,0.5327777777777778
32,2024,1,0.0,random_forest_regressor,0.9371944444444446
32,2024,2,0.0,random_forest_regressor,0.7777777777777777
32,2024,3,0.0,random_forest_regressor,0.5552499999999999
32,2024,4,0.0,random_forest_regressor,0.6243849206349207
32,2024,5,0.0,random_forest_regressor,0.6317619047619047
32,2024,6,0.0,random_forest_regressor,0.5010039682539682
33,2023,8,0.0,random_forest_regressor,0.32955555555555555
33,2023,9,0.0,random_forest_regressor,0.40694444444444455
33,2023,10,0.0,random_forest_regressor,0.44122222222222224
33,2023,11,0.0,random_forest_regressor,0.5256084656084657
33,2023,12,0.0,random_forest_regressor,0.6139722222222223
33,2024,1,0.0,random_forest_regressor,0.9015833333333332
33,2024,2,0.0,random_forest_regressor,0.7713333333333332
33,2024,3,0.0,random_forest_regressor,0.7229166666666665
33,2024,4,0.0,random_forest_regressor,0.7421626984126984
33,2024,5,0.0,random_forest_regressor,0.7457195767195767
33,2024,6,0.0,random_forest_regressor,0.5176626984126984
34,2023,8,0.0,random_forest_regressor,0.4282698412698414
34,2023,9,0.0,random_forest_regressor,0.3203333333333334
34,2023,10,0.0,random_forest_regressor,0.41353174603174603
34,2023,11,0.0,random_forest_regressor,0.7210793650793651
34,2023,12,0.0,random_forest_regressor,0.7683571428571428
34,2024,1,0.0,random_forest_regressor,0.9654722222222224
34,2024,2,0.0,random_forest_regressor,1.1356825396825396
34,2024,3,0.0,random_forest_regressor,0.6739880952380952
34,2024,4,0.0,random_forest_regressor,0.7669126984126985
34,2024,5,1.0,random_forest_regressor,0.698888888888889
34,2024,6,1.0,random_forest_regressor,0.6469484126984126
35,2023,8,0.0,random_forest_regressor,0.485
35,2023,9,0.0,random_forest_regressor,0.6373888888888891
35,2023,10,0.0,random_forest_regressor,0.7074444444444445
35,2023,11,0.0,random_forest_regressor,0.9211111111111112
35,2023,12,0.0,random_forest_regressor,1.0401388888888883
35,2024,1,0.0,random_forest_regressor,1.0599880952380953
35,2024,2,0.0,random_forest_regressor,1.1334801587301588
35,2024,3,0.0,random_forest_regressor,1.3509444444444443
35,2024,4,0.0,random_forest_regressor,1.0077103174603173
35,2024,5,0.0,random_forest_regressor,1.2061547619047617
35,2024,6,0.0,random_forest_regressor,0.9202777777777778
36,2023,8,0.0,random_forest_regressor,0.4005000000000001
36,2023,9,0.0,random_forest_regressor,0.6481468253968253
36,2023,10,0.0,random_forest_regressor,0.6425555555555555
36,2023,11,0.0,random_forest_regressor,0.7612619047619049
36,2023,12,0.0,random_forest_regressor,0.7216349206349207
36,2024,1,0.0,random_forest_regressor,0.9528492063492063
36,2024,2,0.0,random_forest_regressor,0.9598253968253969
36,2024,3,0.0,random_forest_regressor,0.955579365079365
36,2024,4,0.0,random_forest_regressor,0.7958015873015873
36,2024,5,0.0,random_forest_regressor,0.9920952380952381
36,2024,6,0.0,random_forest_regressor,0.8678928571428571
37,2023,8,0.0,random_forest_regressor,0.3902777777777778
37,2023,9,0.0,random_forest_regressor,0.4924444444444444
37,2023,10,0.0,random_forest_regressor,0.5356666666666667
37,2023,11,1.0,random_forest_regressor,0.5844444444444444
37,2023,12,1.0,random_forest_regressor,0.866170634920635
37,2024,1,1.0,random_forest_regressor,1.0717222222222222
37,2024,2,2.0,random_forest_regressor,1.0019523809523807
37,2024,3,2.0,random_forest_regressor,1.1240793650793652
37,2024,4,2.0,random_forest_regressor,0.9427460317460313
37,2024,5,0.0,random_forest_regressor,1.1635952380952383
37,2024,6,0.0,random_forest_regressor,1.2578968253968252
38,2023,8,0.0,random_forest_regressor,0.16788888888888887
38,2023,9,0.0,random_forest_regressor,0.3173333333333333
38,2023,10,0.0,random_forest_regressor,0.35011111111111104
38,2023,11,1.0,random_forest_regressor,0.46065079365079364
38,2023,12,1.0,random_forest_regressor,0.6706349206349208
38,2024,1,1.0,random_forest_regressor,0.8425833333333334
38,2024,2,3.0,random_forest_regressor,0.6911666666666665
38,2024,3,3.0,random_forest_regressor,0.7317023809523809
38,2024,4,3.0,random_forest_regressor,0.6072301587301588
38,2024,5,0.0,random_forest_regressor,0.8748015873015872
38,2024,6,0.0,random_forest_regressor,0.64684126984127
39,2023,8,0.0,random_forest_regressor,0.31888888888888883
39,2023,9,0.0,random_forest_regressor,0.5643690476190476
39,2023,10,0.0,random_forest_regressor,0.6247222222222222
39,2023,11,0.0,random_forest_regressor,0.8166904761904762
39,2023,12,0.0,random_forest_regressor,0.8888597883597883
39,2024,1,0.0,random_forest_regressor,0.950690476190476
39,2024,2,0.0,random_forest_regressor,0.9070476190476192
39,2024,3,0.0,random_forest_regressor,0.8506349206349206
39,2024,4,0.0,random_forest_regressor,0.7519682539682542
39,2024,5,0.0,random_forest_regressor,0.9482619047619046
39,2024,6,0.0,random_forest_regressor,0.7250158730158732
40,2023,8,0.0,random_forest_regressor,0.28208333333333335
40,2023,9,0.0,random_forest_regressor,0.47961904761904756
40,2023,10,0.0,random_forest_regressor,0.6685555555555553
40,2023,11,0.0,random_forest_regressor,0.7583253968253969
40,2023,12,0.0,random_forest_regressor,0.9298796296296297
40,2024,1,0.0,random_forest_regressor,1.0532142857142859
40,2024,2,0.0,random_forest_regressor,1.0290952380952383
40,2024,3,0.0,random_forest_regressor,0.8787460317460318
40,2024,4,0.0,random_forest_regressor,0.7433571428571429
40,2024,5,0.0,random_forest_regressor,0.9005396825396824
40,2024,6,0.0,random_forest_regressor,0.6658214285714287
41,2023,8,3.0,random_forest_regressor,2.7041349206349206
41,2023,9,4.0,random_forest_regressor,2.632746031746032
41,2023,10,3.0,random_forest_regressor,2.1853359788359783
41,2023,11,4.0,random_forest_regressor,2.281706349206349
41,2023,12,6.0,random_forest_regressor,2.9252222222222213
41,2024,1,7.0,random_forest_regressor,2.383489417989418
41,2024,2,4.0,random_forest_regressor,2.4099206349206344
41,2024,3,2.0,random_forest_regressor,2.8877354497354495
41,2024,4,1.0,random_forest_regressor,3.356507936507936
41,2024,5,1.0,random_forest_regressor,3.2760476190476195
41,2024,6,0.0,random_forest_regressor,3.0942698412698415
42,2023,8,3.0,random_forest_regressor,2.6542460317460317
42,2023,9,4.0,random_forest_regressor,2.612023809523811
42,2023,10,3.0,random_forest_regressor,2.218419312169312
42,2023,11,4.0,random_forest_regressor,2.321706349206349
42,2023,12,6.0,random_forest_regressor,2.9092222222222217
42,2024,1,7.0,random_forest_regressor,2.3868412698412698
42,2024,2,4.0,random_forest_regressor,2.312642857142857
42,2024,3,2.0,random_forest_regressor,2.865314814814814
42,2024,4,1.0,random_forest_regressor,3.3757222222222216
42,2024,5,1.0,random_forest_regressor,3.258428571428572
42,2024,6,0.0,random_forest_regressor,3.1424365079365084
43,2023,8,1.0,random_forest_regressor,0.4609563492063493
43,2023,9,1.0,random_forest_regressor,0.7420357142857142
43,2023,10,1.0,random_forest_regressor,0.7129761904761903
43,2023,11,0.0,random_forest_regressor,0.7046825396825396
43,2023,12,0.0,random_forest_regressor,0.8287976190476191
43,2024,1,0.0,random_forest_regressor,1.0861904761904766
43,2024,2,0.0,random_forest_regressor,0.9027142857142858
43,2024,3,0.0,random_forest_regressor,0.8608888888888888
43,2024,4,0.0,random_forest_regressor,0.8607936507936507
43,2024,5,0.0,random_forest_regressor,0.9106507936507933
43,2024,6,1.0,random_forest_regressor,0.7114682539682542
44,2023,8,1.0,random_forest_regressor,0.46638888888888896
44,2023,9,1.0,random_forest_regressor,0.6835317460317462
44,2023,10,1.0,random_forest_regressor,1.5136084656084652
44,2023,11,0.0,random_forest_regressor,1.6999100529100526
44,2023,12,0.0,random_forest_regressor,1.0863333333333332
44,2024,1,0.0,random_forest_regressor,1.187706349206349
44,2024,2,0.0,random_forest_regressor,1.0863597883597882
44,2024,3,0.0,random_forest_regressor,1.1754444444444443
44,2024,4,0.0,random_forest_regressor,0.9230436507936507
44,2024,5,0.0,random_forest_regressor,1.0735873015873014
44,2024,6,1.0,random_forest_regressor,0.9581111111111109
45,2023,8,1.0,random_forest_regressor,1.8449880952380955
45,2023,9,1.0,random_forest_regressor,1.955523809523809
45,2023,10,2.0,random_forest_regressor,1.774035714285714
45,2023,11,2.0,random_forest_regressor,2.0109841269841264
45,2023,12,3.0,random_forest_regressor,2.195821428571428
45,2024,1,2.0,random_forest_regressor,2.0863253968253974
45,2024,2,2.0,random_forest_regressor,2.206904761904762
45,2024,3,2.0,random_forest_regressor,1.9656984126984132
45,2024,4,1.0,random_forest_regressor,1.4238650793650791
45,2024,5,2.0,random_forest_regressor,1.7503941798941796
45,2024,6,1.0,random_forest_regressor,1.4169444444444446
46,2023,8,0.0,random_forest_regressor,1.6754722222222227
46,2023,9,0.0,random_forest_regressor,1.8519444444444442
46,2023,10,1.0,random_forest_regressor,1.6146865079365083
46,2023,11,1.0,random_forest_regressor,1.7530119047619053
46,2023,12,2.0,random_forest_regressor,2.0090039682539684
46,2024,1,2.0,random_forest_regressor,1.9372698412698417
46,2024,2,2.0,random_forest_regressor,1.9716825396825395
46,2024,3,2.0,random_forest_regressor,1.772388888888889
46,2024,4,1.0,random_forest_regressor,1.2236111111111108
46,2024,5,2.0,random_forest_regressor,1.6520211640211635
46,2024,6,1.0,random_forest_regressor,1.2624444444444443
47,2023,8,2.0,random_forest_regressor,2.163996031746031
47,2023,9,1.0,random_forest_regressor,2.1840873015873004
47,2023,10,1.0,random_forest_regressor,1.8051150793650788
47,2023,11,0.0,random_forest_regressor,1.8790555555555553
47,2023,12,0.0,random_forest_regressor,2.1386150793650796
47,2024,1,1.0,random_forest_regressor,2.241821428571429
47,2024,2,1.0,random_forest_regressor,2.6128386243386252
47,2024,3,1.0,random_forest_regressor,2.747449735449735
47,2024,4,0.0,random_forest_regressor,2.792805555555556
47,2024,5,0.0,random_forest_regressor,2.6456269841269857
47,2024,6,0.0,random_forest_regressor,2.4802936507936506
48,2023,8,0.0,random_forest_regressor,1.4186349206349207
48,2023,9,0.0,random_forest_regressor,1.3483611111111111
48,2023,10,0.0,random_forest_regressor,1.2225198412698413
48,2023,11,0.0,random_forest_regressor,1.1458968253968258
48,2023,12,0.0,random_forest_regressor,0.8695943963443964
48,2024,1,1.0,random_forest_regressor,0.9882619047619047
48,2024,2,1.0,random_forest_regressor,0.8587222222222223
48,2024,3,2.0,random_forest_regressor,0.8967936507936507
48,2024,4,1.0,random_forest_regressor,0.8671269841269841
48,2024,5,1.0,random_forest_regressor,1.1828968253968255
48,2024,6,3.0,random_forest_regressor,0.8063730158730159
49,2023,8,2.0,random_forest_regressor,0.9024285714285711
49,2023,9,1.0,random_forest_regressor,0.8471111111111109
49,2023,10,1.0,random_forest_regressor,0.9784999999999998
49,2023,11,1.0,random_forest_regressor,0.9965714285714282
49,2023,12,2.0,random_forest_regressor,0.9600925925925926
49,2024,1,2.0,random_forest_regressor,1.1771190476190474
49,2024,2,2.0,random_forest_regressor,1.0341666666666665
49,2024,3,2.0,random_forest_regressor,0.8870687830687831
49,2024,4,2.0,random_forest_regressor,0.7772698412698412
49,2024,5,1.0,random_forest_regressor,1.2399007936507933
49,2024,6,0.0,random_forest_regressor,0.8622222222222221
50,2023,8,1.0,random_forest_regressor,0.4471666666666666
50,2023,9,2.0,random_forest_regressor,0.5002777777777778
50,2023,10,1.0,random_forest_regressor,0.5841666666666668
50,2023,11,1.0,random_forest_regressor,0.7357195767195768
50,2023,12,0.0,random_forest_regressor,1.0192777777777775
50,2024,1,0.0,random_forest_regressor,0.9005476190476193
50,2024,2,0.0,random_forest_regressor,0.9730555555555557
50,2024,3,0.0,random_forest_regressor,0.8790277777777775
50,2024,4,0.0,random_forest_regressor,0.863829365079365
50,2024,5,0.0,random_forest_regressor,0.8451388888888888
50,2024,6,0.0,random_forest_regressor,0.6991111111111112
51,2023,8,1.0,random_forest_regressor,0.611
51,2023,9,2.0,random_forest_regressor,1.2497023809523808
51,2023,10,1.0,random_forest_regressor,1.5009166666666667
51,2023,11,1.0,random_forest_regressor,1.576210317460318
51,2023,12,0.0,random_forest_regressor,1.6718968253968252
51,2024,1,0.0,random_forest_regressor,0.5728412698412696
51,2024,2,0.0,random_forest_regressor,0.9906349206349211
51,2024,3,0.0,random_forest_regressor,0.8400000000000001
51,2024,4,0.0,random_forest_regressor,0.8353809523809524
51,2024,5,0.0,random_forest_regressor,0.8549126984126983
51,2024,6,0.0,random_forest_regressor,0.7194404761904761
52,2023,8,1.0,random_forest_regressor,0.8771507936507936
52,2023,9,1.0,random_forest_regressor,0.9585555555555555
52,2023,10,2.0,random_forest_regressor,0.9786269841269842
52,2023,11,2.0,random_forest_regressor,1.2309947089947093
52,2023,12,2.0,random_forest_regressor,1.0638055555555554
52,2024,1,1.0,random_forest_regressor,1.3830026455026458
52,2024,2,2.0,random_forest_regressor,1.4529708994708992
52,2024,3,2.0,random_forest_regressor,1.3804999999999998
52,2024,4,1.0,random_forest_regressor,1.1703055555555555
52,2024,5,0.0,random_forest_regressor,1.2346468253968252
52,2024,6,1.0,random_forest_regressor,1.0989007936507937
53,2023,8,0.0,random_forest_regressor,0.5276666666666667
53,2023,9,0.0,random_forest_regressor,0.5497539682539684
53,2023,10,0.0,random_forest_regressor,0.6725714285714287
53,2023,11,0.0,random_forest_regressor,0.7719603174603175
53,2023,12,1.0,random_forest_regressor,1.1748015873015876
53,2024,1,1.0,random_forest_regressor,1.1835912698412698
53,2024,2,3.0,random_forest_regressor,1.2009999999999994
53,2024,3,2.0,random_forest_regressor,1.2088492063492065
53,2024,4,3.0,random_forest_regressor,1.0704206349206353
53,2024,5,2.0,random_forest_regressor,1.095111111111111
53,2024,6,2.0,random_forest_regressor,0.8165873015873015
54,2023,8,0.0,random_forest_regressor,0.6708333333333333
54,2023,9,0.0,random_forest_regressor,0.5972539682539681
54,2023,10,0.0,random_forest_regressor,0.6373492063492063
54,2023,11,0.0,random_forest_regressor,0.792626984126984
54,2023,12,1.0,random_forest_regressor,1.0826349206349206
54,2024,1,1.0,random_forest_regressor,1.0377857142857145
54,2024,2,3.0,random_forest_regressor,1.195833333333333
54,2024,3,2.0,random_forest_regressor,1.108404761904762
54,2024,4,3.0,random_forest_regressor,1.021531746031746
54,2024,5,2.0,random_forest_regressor,1.0878888888888885
54,2024,6,2.0,random_forest_regressor,0.8883095238095238
55,2023,8,0.0,random_forest_regressor,0.392452380952381
55,2023,9,0.0,random_forest_regressor,0.5210555555555555
55,2023,10,0.0,random_forest_regressor,0.5562063492063491
55,2023,11,1.0,random_forest_regressor,0.632079365079365
55,2023,12,1.0,random_forest_regressor,1.0883333333333332
55,2024,1,1.0,random_forest_regressor,1.1409206349206347
55,2024,2,0.0,random_forest_regressor,1.4709074074074078
55,2024,3,0.0,random_forest_regressor,1.7035515873015865
55,2024,4,0.0,random_forest_regressor,1.438722222222222
55,2024,5,0.0,random_forest_regressor,1.4214999999999995
55,2024,6,1.0,random_forest_regressor,1.073849206349206
56,2023,8,0.0,random_forest_regressor,0.4376111111111111
56,2023,9,0.0,random_forest_regressor,0.5169444444444444
56,2023,10,0.0,random_forest_regressor,0.599595238095238
56,2023,11,1.0,random_forest_regressor,0.6220555555555554
56,2023,12,1.0,random_forest_regressor,1.073
56,2024,1,1.0,random_forest_regressor,1.0256666666666667
56,2024,2,0.0,random_forest_regressor,1.361351851851852
56,2024,3,0.0,random_forest_regressor,1.5504999999999998
56,2024,4,0.0,random_forest_regressor,1.2328333333333332
56,2024,5,0.0,random_forest_regressor,1.1586111111111108
56,2024,6,1.0,random_forest_regressor,0.9862936507936505
57,2023,8,0.0,random_forest_regressor,0.2901666666666667
57,2023,9,0.0,random_forest_regressor,0.33222222222222225
57,2023,10,0.0,random_forest_regressor,0.47463492063492074
57,2023,11,0.0,random_forest_regressor,0.6754285714285716
57,2023,12,0.0,random_forest_regressor,0.6861349206349208
57,2024,1,0.0,random_forest_regressor,0.5620079365079366
57,2024,2,1.0,random_forest_regressor,0.4658333333333333
57,2024,3,1.0,random_forest_regressor,0.6117738095238093
57,2024,4,2.0,random_forest_regressor,0.5591904761904762
57,2024,5,1.0,random_forest_regressor,0.5986349206349205
57,2024,6,1.0,random_forest_regressor,0.5429047619047618
58,2023,8,0.0,random_forest_regressor,0.26401587301587304
58,2023,9,0.0,random_forest_regressor,0.3457777777777778
58,2023,10,0.0,random_forest_regressor,0.34374603174603174
58,2023,11,0.0,random_forest_regressor,1.0112222222222227
58,2023,12,0.0,random_forest_regressor,0.7951904761904762
58,2024,1,0.0,random_forest_regressor,1.1108650793650794
58,2024,2,1.0,random_forest_regressor,1.0608253968253967
58,2024,3,1.0,random_forest_regressor,0.48319444444444437
58,2024,4,2.0,random_forest_regressor,0.6652777777777779
58,2024,5,1.0,random_forest_regressor,0.580079365079365
58,2024,6,1.0,random_forest_regressor,0.5396666666666666
59,2023,8,0.0,random_forest_regressor,0.18138888888888888
59,2023,9,0.0,random_forest_regressor,0.39263095238095236
59,2023,10,0.0,random_forest_regressor,0.2595
59,2023,11,0.0,random_forest_regressor,0.4013730158730158
59,2023,12,0.0,random_forest_regressor,0.5635793650793652
59,2024,1,1.0,random_forest_regressor,0.7310634920634922
59,2024,2,1.0,random_forest_regressor,0.9779126984126985
59,2024,3,1.0,random_forest_regressor,0.6906388888888888
59,2024,4,0.0,random_forest_regressor,0.744857142857143
59,2024,5,0.0,random_forest_regressor,0.8978994708994712
59,2024,6,0.0,random_forest_regressor,0.44729365079365085
60,2023,8,0.0,random_forest_regressor,0.9040889850889852
60,2023,9,0.0,random_forest_regressor,1.0134884559884558
60,2023,10,0.0,random_forest_regressor,0.8537103174603174
60,2023,11,0.0,random_forest_regressor,0.8227265512265513
60,2023,12,0.0,random_forest_regressor,1.0780793650793652
60,2024,1,1.0,random_forest_regressor,1.3043932178932174
60,2024,2,1.0,random_forest_regressor,1.3685400432900428
60,2024,3,1.0,random_forest_regressor,0.9692900432900434
60,2024,4,0.0,random_forest_regressor,1.0620360750360753
60,2024,5,0.0,random_forest_regressor,1.0818892496392498
60,2024,6,0.0,random_forest_regressor,0.7678730158730159
61,2023,8,0.0,random_forest_regressor,0.5724444444444445
61,2023,9,0.0,random_forest_regressor,0.7026349206349205
61,2023,10,1.0,random_forest_regressor,0.5448333333333334
61,2023,11,1.0,random_forest_regressor,1.2060701058201058
61,2023,12,1.0,random_forest_regressor,1.0420238095238092
61,2024,1,0.0,random_forest_regressor,1.09615873015873
61,2024,2,0.0,random_forest_regressor,1.123722222222222
61,2024,3,0.0,random_forest_regressor,1.0090555555555556
61,2024,4,0.0,random_forest_regressor,1.0816349206349205
61,2024,5,0.0,random_forest_regressor,1.0756904761904762
61,2024,6,0.0,random_forest_regressor,0.8140238095238094
62,2023,8,0.0,random_forest_regressor,0.5670873015873017
62,2023,9,0.0,random_forest_regressor,0.6459444444444442
62,2023,10,1.0,random_forest_regressor,0.7329960317460317
62,2023,11,1.0,random_forest_regressor,1.3463201058201058
62,2023,12,1.0,random_forest_regressor,0.9803015873015872
62,2024,1,0.0,random_forest_regressor,1.0357698412698413
62,2024,2,0.0,random_forest_regressor,1.0734444444444444
62,2024,3,0.0,random_forest_regressor,0.9605555555555554
62,2024,4,0.0,random_forest_regressor,0.8076904761904761
62,2024,5,0.0,random_forest_regressor,0.8169682539682539
62,2024,6,0.0,random_forest_regressor,0.7496349206349208
63,2023,8,0.0,random_forest_regressor,0.9244682539682543
63,2023,9,0.0,random_forest_regressor,1.123563492063492
63,2023,10,0.0,random_forest_regressor,1.5792341269841272
63,2023,11,1.0,random_forest_regressor,1.6239272486772485
63,2023,12,1.0,random_forest_regressor,1.1690515873015872
63,2024,1,1.0,random_forest_regressor,0.9892301587301592
63,2024,2,0.0,random_forest_regressor,1.105952380952381
63,2024,3,1.0,random_forest_regressor,1.0051150793650796
63,2024,4,2.0,random_forest_regressor,0.8677777777777779
63,2024,5,2.0,random_forest_regressor,0.9161666666666666
63,2024,6,1.0,random_forest_regressor,0.9032222222222219
64,2023,8,2.0,random_forest_regressor,3.319043650793651
64,2023,9,1.0,random_forest_regressor,4.678208994708996
64,2023,10,0.0,random_forest_regressor,4.124261904761905
64,2023,11,0.0,random_forest_regressor,3.769984126984127
64,2023,12,0.0,random_forest_regressor,2.480039682539682
64,2024,1,1.0,random_forest_regressor,2.406420634920635
64,2024,2,1.0,random_forest_regressor,3.056063492063493
64,2024,3,2.0,random_forest_regressor,3.1312341269841277
64,2024,4,2.0,random_forest_regressor,2.980623015873017
64,2024,5,4.0,random_forest_regressor,2.820484126984128
64,2024,6,3.0,random_forest_regressor,2.828087301587303
65,2023,8,2.0,random_forest_regressor,2.632884920634921
65,2023,9,1.0,random_forest_regressor,3.031829365079364
65,2023,10,0.0,random_forest_regressor,2.9450753968253967
65,2023,11,0.0,random_forest_regressor,2.5259682539682546
65,2023,12,0.0,random_forest_regressor,2.5249444444444444
65,2024,1,1.0,random_forest_regressor,2.4754801587301585
65,2024,2,1.0,random_forest_regressor,2.613451058201058
65,2024,3,2.0,random_forest_regressor,2.718670634920635
65,2024,4,2.0,random_forest_regressor,2.4069206349206356
65,2024,5,3.0,random_forest_regressor,2.5570476190476197
65,2024,6,2.0,random_forest_regressor,2.2439126984126987
66,2023,8,0.0,random_forest_regressor,1.6511349206349206
66,2023,9,0.0,random_forest_regressor,1.8397500000000002
66,2023,10,0.0,random_forest_regressor,1.7650952380952378
66,2023,11,1.0,random_forest_regressor,1.920539682539683
66,2023,12,1.0,random_forest_regressor,1.9190198412698416
66,2024,1,1.0,random_forest_regressor,1.9923108465608463
66,2024,2,0.0,random_forest_regressor,1.2684444444444445
66,2024,3,1.0,random_forest_regressor,1.0963333333333336
66,2024,4,2.0,random_forest_regressor,0.961888888888889
66,2024,5,2.0,random_forest_regressor,1.1899444444444442
66,2024,6,1.0,random_forest_regressor,1.0589166666666667
67,2023,8,1.0,random_forest_regressor,0.6260000000000002
67,2023,9,0.0,random_forest_regressor,0.5966984126984128
67,2023,10,0.0,random_forest_regressor,0.7361746031746031
67,2023,11,0.0,random_forest_regressor,0.6808095238095238
67,2023,12,0.0,random_forest_regressor,0.7319722222222222
67,2024,1,1.0,random_forest_regressor,0.9430000000000001
67,2024,2,1.0,random_forest_regressor,1.159222222222222
67,2024,3,1.0,random_forest_regressor,1.152047619047619
67,2024,4,0.0,random_forest_regressor,1.413
67,2024,5,0.0,random_forest_regressor,0.9457222222222219
67,2024,6,0.0,random_forest_regressor,0.9061574074074072
68,2023,8,1.0,random_forest_regressor,0.7727857142857142
68,2023,9,0.0,random_forest_regressor,0.7592936507936509
68,2023,10,0.0,random_forest_regressor,0.9260873015873019
68,2023,11,0.0,random_forest_regressor,0.8382579365079363
68,2023,12,0.0,random_forest_regressor,0.630047619047619
68,2024,1,1.0,random_forest_regressor,0.7356666666666666
68,2024,2,1.0,random_forest_regressor,0.7875873015873016
68,2024,3,1.0,random_forest_regressor,0.8532380952380952
68,2024,4,0.0,random_forest_regressor,1.0876587301587302
68,2024,5,0.0,random_forest_regressor,0.9166507936507937
68,2024,6,0.0,random_forest_regressor,0.95284126984127
69,2023,8,5.0,random_forest_regressor,8.077801587301591
69,2023,9,4.0,random_forest_regressor,8.010899470899474
69,2023,10,4.0,random_forest_regressor,7.991728835978838
69,2023,11,3.0,random_forest_regressor,7.447940476190477
69,2023,12,2.0,random_forest_regressor,7.246861111111111
69,2024,1,5.0,random_forest_regressor,6.948333333333333
69,2024,2,9.0,random_forest_regressor,7.509820105820107
69,2024,3,12.0,random_forest_regressor,7.292015873015874
69,2024,4,8.0,random_forest_regressor,5.957689153439156
69,2024,5,6.0,random_forest_regressor,7.7648915343915315
69,2024,6,3.0,random_forest_regressor,7.95713492063492
70,2023,8,1.0,random_forest_regressor,1.816888888888889
70,2023,9,1.0,random_forest_regressor,1.8437777777777777
70,2023,10,0.0,random_forest_regressor,1.7390476190476192
70,2023,11,0.0,random_forest_regressor,1.7669629629629633
70,2023,12,0.0,random_forest_regressor,1.9517857142857145
70,2024,1,0.0,random_forest_regressor,2.1523730158730157
70,2024,2,0.0,random_forest_regressor,1.9637380952380954
70,2024,3,1.0,random_forest_regressor,1.6778095238095239
70,2024,4,1.0,random_forest_regressor,1.4231825396825395
70,2024,5,1.0,random_forest_regressor,1.579849206349206
70,2024,6,0.0,random_forest_regressor,1.6255714285714284
71,2023,8,1.0,random_forest_regressor,1.8463333333333336
71,2023,9,1.0,random_forest_regressor,1.8244999999999998
71,2023,10,0.0,random_forest_regressor,1.7386587301587304
71,2023,11,0.0,random_forest_regressor,1.723367724867725
71,2023,12,0.0,random_forest_regressor,1.9826190476190475
71,2024,1,0.0,random_forest_regressor,2.1979841269841263
71,2024,2,0.0,random_forest_regressor,1.846845238095238
71,2024,3,1.0,random_forest_regressor,1.6768095238095237
71,2024,4,1.0,random_forest_regressor,1.4172936507936509
71,2024,5,1.0,random_forest_regressor,1.5684603174603178
71,2024,6,0.0,random_forest_regressor,1.6229047619047616
72,2023,8,1.0,random_forest_regressor,0.5547777777777779
72,2023,9,1.0,random_forest_regressor,0.7045952380952382
72,2023,10,1.0,random_forest_regressor,0.7141746031746031
72,2023,11,0.0,random_forest_regressor,0.825984126984127
72,2023,12,2.0,random_forest_regressor,0.7262989417989419
72,2024,1,5.0,random_forest_regressor,0.7778888888888889
72,2024,2,5.0,random_forest_regressor,0.7349999999999999
72,2024,3,4.0,random_forest_regressor,0.7452777777777778
72,2024,4,1.0,random_forest_regressor,2.0646904761904765
72,2024,5,1.0,random_forest_regressor,1.1442380952380948
72,2024,6,0.0,random_forest_regressor,1.0010158730158731
73,2023,8,1.0,random_forest_regressor,1.0852698412698412
73,2023,9,1.0,random_forest_regressor,1.2698611111111109
73,2023,10,1.0,random_forest_regressor,1.461714285714286
73,2023,11,0.0,random_forest_regressor,1.4483531746031746
73,2023,12,2.0,random_forest_regressor,1.1456825396825392
73,2024,1,5.0,random_forest_regressor,1.3984325396825394
73,2024,2,5.0,random_forest_regressor,1.3471111111111103
73,2024,3,4.0,random_forest_regressor,1.2303095238095234
73,2024,4,1.0,random_forest_regressor,2.577111111111111
73,2024,5,1.0,random_forest_regressor,1.4617380952380945
73,2024,6,0.0,random_forest_regressor,1.6773095238095237
74,2023,8,2.0,random_forest_regressor,1.126277777777778
74,2023,9,4.0,random_forest_regressor,1.7061626984126983
74,2023,10,4.0,random_forest_regressor,1.535333333333333
74,2023,11,4.0,random_forest_regressor,1.6301031746031747
74,2023,12,3.0,random_forest_regressor,1.5772539682539686
74,2024,1,3.0,random_forest_regressor,1.589920634920635
74,2024,2,1.0,random_forest_regressor,1.729396825396825
74,2024,3,0.0,random_forest_regressor,1.7093981481481475
74,2024,4,0.0,random_forest_regressor,2.535277777777777
74,2024,5,0.0,random_forest_regressor,2.1936388888888887
74,2024,6,1.0,random_forest_regressor,1.1356111111111111
75,2023,8,2.0,random_forest_regressor,1.2525277777777777
75,2023,9,4.0,random_forest_regressor,1.8293293650793654
75,2023,10,4.0,random_forest_regressor,1.602242063492063
75,2023,11,4.0,random_forest_regressor,1.7119841269841274
75,2023,12,3.0,random_forest_regressor,1.681650793650794
75,2024,1,3.0,random_forest_regressor,1.5240489417989416
75,2024,2,1.0,random_forest_regressor,1.712230158730159
75,2024,3,0.0,random_forest_regressor,1.780810846560847
75,2024,4,0.0,random_forest_regressor,2.596198412698412
75,2024,5,0.0,random_forest_regressor,2.292
75,2024,6,1.0,random_forest_regressor,1.21659126984127
76,2023,8,0.0,random_forest_regressor,0.6807063492063492
76,2023,9,0.0,random_forest_regressor,0.6045238095238096
76,2023,10,0.0,random_forest_regressor,0.7778650793650798
76,2023,11,0.0,random_forest_regressor,0.8477619047619043
76,2023,12,0.0,random_forest_regressor,0.7489735449735451
76,2024,1,0.0,random_forest_regressor,0.8664444444444445
76,2024,2,0.0,random_forest_regressor,0.820611111111111
76,2024,3,0.0,random_forest_regressor,0.7726666666666666
76,2024,4,1.0,random_forest_regressor,0.8436349206349205
76,2024,5,2.0,random_forest_regressor,0.8412142857142857
76,2024,6,3.0,random_forest_regressor,0.7096984126984127
77,2023,8,5.0,random_forest_regressor,3.8373293650793667
77,2023,9,5.0,random_forest_regressor,3.95815343915344
77,2023,10,2.0,random_forest_regressor,3.7768492063492065
77,2023,11,3.0,random_forest_regressor,3.549277777777781
77,2023,12,3.0,random_forest_regressor,3.2534166666666673
77,2024,1,3.0,random_forest_regressor,3.3417063492063503
77,2024,2,4.0,random_forest_regressor,3.751190476190477
77,2024,3,5.0,random_forest_regressor,4.202908730158731
77,2024,4,5.0,random_forest_regressor,3.7895238095238097
77,2024,5,2.0,random_forest_regressor,4.462161375661376
77,2024,6,3.0,random_forest_regressor,4.479142857142857
78,2023,8,2.0,random_forest_regressor,0.23861904761904762
78,2023,9,2.0,random_forest_regressor,0.3318968253968254
78,2023,10,2.0,random_forest_regressor,0.3265555555555556
78,2023,11,0.0,random_forest_regressor,0.6972063492063494
78,2023,12,0.0,random_forest_regressor,1.0200873015873013
78,2024,1,0.0,random_forest_regressor,0.7236111111111112
78,2024,2,0.0,random_forest_regressor,0.6691349206349207
78,2024,3,0.0,random_forest_regressor,0.5558690476190475
78,2024,4,0.0,random_forest_regressor,0.5098650793650794
78,2024,5,0.0,random_forest_regressor,0.5341904761904761
78,2024,6,0.0,random_forest_regressor,0.3966428571428572
79,2023,8,2.0,random_forest_regressor,0.3432301587301588
79,2023,9,2.0,random_forest_regressor,0.3912777777777778
79,2023,10,2.0,random_forest_regressor,0.5282777777777776
79,2023,11,0.0,random_forest_regressor,0.7748730158730157
79,2023,12,0.0,random_forest_regressor,0.8720079365079366
79,2024,1,0.0,random_forest_regressor,0.7767222222222223
79,2024,2,0.0,random_forest_regressor,0.7840555555555556
79,2024,3,0.0,random_forest_regressor,0.6039444444444443
79,2024,4,0.0,random_forest_regressor,0.6093015873015875
79,2024,5,0.0,random_forest_regressor,0.6991031746031743
79,2024,6,0.0,random_forest_regressor,0.4477460317460318
80,2023,8,1.0,random_forest_regressor,0.6666111111111112
80,2023,9,0.0,random_forest_regressor,0.6691666666666667
80,2023,10,0.0,random_forest_regressor,0.5356666666666665
80,2023,11,0.0,random_forest_regressor,0.8194603174603172
80,2023,12,1.0,random_forest_regressor,0.8560529100529101
80,2024,1,1.0,random_forest_regressor,0.880722222222222
80,2024,2,1.0,random_forest_regressor,0.8240238095238094
81,2023,8,1.0,random_forest_regressor,0.7165396825396825
81,2023,9,0.0,random_forest_regressor,0.795420634920635
81,2023,10,0.0,random_forest_regressor,0.5413888888888888
81,2023,11,0.0,random_forest_regressor,0.8810793650793646
81,2023,12,1.0,random_forest_regressor,0.9692671957671954
81,2024,1,1.0,random_forest_regressor,0.9836666666666664
81,2024,2,1.0,random_forest_regressor,0.8827539682539681
81,2024,3,0.0,random_forest_regressor,0.5990873015873015
81,2024,4,0.0,random_forest_regressor,0.822126984126984
81,2024,5,0.0,random_forest_regressor,0.8615912698412698
81,2024,6,0.0,random_forest_regressor,0.7147539682539683
82,2023,8,0.0,random_forest_regressor,0.24755555555555556
82,2023,9,0.0,random_forest_regressor,0.2788333333333334
82,2023,10,1.0,random_forest_regressor,0.3712777777777778
82,2023,11,1.0,random_forest_regressor,0.779611111111111
82,2023,12,1.0,random_forest_regressor,0.6673174603174601
82,2024,1,0.0,random_forest_regressor,1.0541706349206348
82,2024,2,0.0,random_forest_regressor,1.1155634920634916
82,2024,3,0.0,random_forest_regressor,0.7000357142857142
82,2024,4,0.0,random_forest_regressor,0.6815952380952381
82,2024,5,0.0,random_forest_regressor,0.6317460317460316
82,2024,6,0.0,random_forest_regressor,0.43883730158730166
83,2023,8,0.0,random_forest_regressor,0.27114285714285713
83,2023,9,0.0,random_forest_regressor,0.2193888888888889
83,2023,10,1.0,random_forest_regressor,0.3343333333333333
83,2023,11,1.0,random_forest_regressor,0.8080555555555556
83,2023,12,1.0,random_forest_regressor,0.673206349206349
83,2024,1,0.0,random_forest_regressor,0.975559523809524
83,2024,2,0.0,random_forest_regressor,1.0765396825396822
83,2024,3,0.0,random_forest_regressor,0.8701388888888886
83,2024,4,0.0,random_forest_regressor,0.8384999999999998
83,2024,5,0.0,random_forest_regressor,0.9048809523809522
83,2024,6,0.0,random_forest_regressor,0.7153730158730158
84,2023,8,0.0,random_forest_regressor,0.35100000000000003
84,2023,9,0.0,random_forest_regressor,0.4299444444444444
84,2023,10,0.0,random_forest_regressor,0.4508333333333333
84,2023,11,0.0,random_forest_regressor,0.5527222222222223
84,2023,12,0.0,random_forest_regressor,0.9470753968253968
84,2024,1,0.0,random_forest_regressor,0.9701944444444445
84,2024,2,0.0,random_forest_regressor,0.7788333333333335
84,2024,3,0.0,random_forest_regressor,0.8824484126984127
84,2024,4,1.0,random_forest_regressor,0.7619166666666667
84,2024,5,1.0,random_forest_regressor,0.7946388888888888
84,2024,6,1.0,random_forest_regressor,0.6734999999999999
85,2023,8,0.0,random_forest_regressor,0.40222222222222226
85,2023,9,0.0,random_forest_regressor,0.34550000000000003
85,2023,10,0.0,random_forest_regressor,0.3593333333333334
85,2023,11,0.0,random_forest_regressor,0.7137936507936509
85,2023,12,0.0,random_forest_regressor,0.7706428571428572
85,2024,1,0.0,random_forest_regressor,0.8469722222222222
85,2024,2,1.0,random_forest_regressor,0.5155555555555557
85,2024,3,1.0,random_forest_regressor,0.5402976190476189
85,2024,4,1.0,random_forest_regressor,0.5294126984126986
85,2024,5,0.0,random_forest_regressor,0.6292460317460318
85,2024,6,0.0,random_forest_regressor,0.626718253968254
86,2023,8,1.0,random_forest_regressor,0.5879603174603174
86,2023,9,0.0,random_forest_regressor,1.045246031746032
86,2023,10,0.0,random_forest_regressor,0.5660873015873017
86,2023,11,0.0,random_forest_regressor,0.8185238095238093
86,2023,12,0.0,random_forest_regressor,0.9471560846560846
86,2024,1,0.0,random_forest_regressor,1.2376666666666667
86,2024,2,2.0,random_forest_regressor,0.7926111111111112
86,2024,3,2.0,random_forest_regressor,0.6441111111111111
86,2024,4,2.0,random_forest_regressor,0.8053095238095238
86,2024,5,0.0,random_forest_regressor,0.876345238095238
86,2024,6,0.0,random_forest_regressor,0.817611111111111
87,2023,8,0.0,random_forest_regressor,0.5132222222222222
87,2023,9,0.0,random_forest_regressor,0.7554761904761905
87,2023,10,0.0,random_forest_regressor,0.9141507936507935
87,2023,11,0.0,random_forest_regressor,0.9210555555555555
87,2023,12,0.0,random_forest_regressor,1.068169312169312
87,2024,1,0.0,random_forest_regressor,1.1210357142857144
87,2024,2,0.0,random_forest_regressor,1.022722222222222
87,2024,3,0.0,random_forest_regressor,1.1399722222222226
87,2024,4,0.0,random_forest_regressor,0.9506388888888887
87,2024,5,1.0,random_forest_regressor,0.9841150793650794
87,2024,6,2.0,random_forest_regressor,0.9472222222222221
88,2023,8,0.0,random_forest_regressor,0.8946111111111109
88,2023,9,0.0,random_forest_regressor,1.168777777777778
88,2023,10,0.0,random_forest_regressor,1.0826111111111107
88,2023,11,0.0,random_forest_regressor,1.043675925925926
88,2023,12,0.0,random_forest_regressor,1.2518756613756616
88,2024,1,0.0,random_forest_regressor,1.4031031746031748
88,2024,2,2.0,random_forest_regressor,1.2455238095238097
88,2024,3,2.0,random_forest_regressor,1.2067460317460315
88,2024,4,2.0,random_forest_regressor,1.0930396825396822
88,2024,5,1.0,random_forest_regressor,1.1565555555555551
88,2024,6,1.0,random_forest_regressor,1.4833373015873015
89,2023,8,0.0,random_forest_regressor,1.2370198412698414
89,2023,9,0.0,random_forest_regressor,1.9731283068783065
89,2023,10,0.0,random_forest_regressor,1.9735330687830686
89,2023,11,0.0,random_forest_regressor,2.061347883597883
89,2023,12,0.0,random_forest_regressor,2.0414484126984123
89,2024,1,0.0,random_forest_regressor,1.474603174603174
89,2024,2,2.0,random_forest_regressor,1.2109166666666666
89,2024,3,2.0,random_forest_regressor,1.2105793650793653
89,2024,4,2.0,random_forest_regressor,1.2347738095238094
89,2024,5,1.0,random_forest_regressor,1.2996230158730158
89,2024,6,1.0,random_forest_regressor,1.4376904761904754
90,2023,8,1.0,random_forest_regressor,0.13205555555555554
90,2023,9,1.0,random_forest_regressor,0.29877777777777775
90,2023,10,1.0,random_forest_regressor,0.3015
90,2023,11,0.0,random_forest_regressor,0.5722539682539683
90,2023,12,0.0,random_forest_regressor,0.7601984126984127
90,2024,1,0.0,random_forest_regressor,0.8742500000000003
90,2024,2,0.0,random_forest_regressor,0.7307222222222223
90,2024,3,0.0,random_forest_regressor,0.52775
90,2024,4,0.0,random_forest_regressor,0.6029682539682539
90,2024,5,0.0,random_forest_regressor,0.6018730158730157
90,2024,6,0.0,random_forest_regressor,0.4928373015873015
91,2023,8,1.0,random_forest_regressor,0.16038888888888886
91,2023,9,1.0,random_forest_regressor,0.27799999999999997
91,2023,10,1.0,random_forest_regressor,0.36657936507936517
91,2023,11,0.0,random_forest_regressor,0.5687619047619049
91,2023,12,0.0,random_forest_regressor,0.7593650793650794
91,2024,1,0.0,random_forest_regressor,0.8593373015873017
91,2024,2,0.0,random_forest_regressor,0.7645555555555557
91,2024,3,0.0,random_forest_regressor,0.5523055555555555
91,2024,4,0.0,random_forest_regressor,0.6037460317460317
91,2024,5,0.0,random_forest_regressor,0.6607619047619046
91,2024,6,0.0,random_forest_regressor,0.5261150793650793
92,2023,8,0.0,random_forest_regressor,0.22625396825396824
92,2023,9,0.0,random_forest_regressor,0.4267460317460317
92,2023,10,0.0,random_forest_regressor,0.3486904761904762
92,2023,11,0.0,random_forest_regressor,0.496936507936508
92,2023,12,1.0,random_forest_regressor,0.6141984126984125
92,2024,1,1.0,random_forest_regressor,0.7605158730158731
92,2024,2,1.0,random_forest_regressor,0.5496666666666666
92,2024,3,0.0,random_forest_regressor,0.591611111111111
92,2024,4,0.0,random_forest_regressor,0.812952380952381
92,2024,5,0.0,random_forest_regressor,0.6874126984126983
92,2024,6,0.0,random_forest_regressor,0.5547857142857141
93,2023,8,0.0,random_forest_regressor,0.18273809523809523
93,2023,9,0.0,random_forest_regressor,0.3676269841269842
93,2023,10,0.0,random_forest_regressor,0.3528571428571429
93,2023,11,0.0,random_forest_regressor,0.45019841269841265
93,2023,12,1.0,random_forest_regressor,0.6106984126984126
93,2024,1,1.0,random_forest_regressor,0.8146269841269842
93,2024,2,1.0,random_forest_regressor,0.5503333333333332
93,2024,3,0.0,random_forest_regressor,0.5834999999999998
93,2024,4,0.0,random_forest_regressor,1.0869047619047623
93,2024,5,0.0,random_forest_regressor,0.7219960317460316
93,2024,6,0.0,random_forest_regressor,0.49873809523809515
94,2023,8,1.0,random_forest_regressor,1.234902116402116
94,2023,9,1.0,random_forest_regressor,1.893555555555555
94,2023,10,1.0,random_forest_regressor,1.3871111111111112
94,2023,11,1.0,random_forest_regressor,0.9238095238095237
94,2023,12,1.0,random_forest_regressor,1.403119047619048
94,2024,1,2.0,random_forest_regressor,1.2472222222222225
94,2024,2,1.0,random_forest_regressor,1.187888888888889
94,2024,3,1.0,random_forest_regressor,1.0087989417989414
94,2024,4,0.0,random_forest_regressor,0.9472592592592591
94,2024,5,0.0,random_forest_regressor,1.2309391534391532
94,2024,6,1.0,random_forest_regressor,0.9265925925925925
95,2023,8,0.0,random_forest_regressor,0.6007777777777777
95,2023,9,0.0,random_forest_regressor,0.5576111111111111
95,2023,10,1.0,random_forest_regressor,0.6437592592592594
95,2023,11,1.0,random_forest_regressor,0.6884166666666665
95,2023,12,1.0,random_forest_regressor,0.9890714285714285
95,2024,1,0.0,random_forest_regressor,1.0687777777777778
95,2024,2,0.0,random_forest_regressor,0.9588055555555557
95,2024,3,0.0,random_forest_regressor,0.9096666666666667
95,2024,4,0.0,random_forest_regressor,0.865468253968254
95,2024,5,0.0,random_forest_regressor,1.0466402116402114
95,2024,6,0.0,random_forest_regressor,0.9492182539682538
96,2023,8,0.0,random_forest_regressor,0.6256825396825396
96,2023,9,0.0,random_forest_regressor,0.5712222222222223
96,2023,10,1.0,random_forest_regressor,0.639537037037037
96,2023,11,1.0,random_forest_regressor,0.6149166666666668
96,2023,12,1.0,random_forest_regressor,0.858706349206349
96,2024,1,0.0,random_forest_regressor,0.968777777777778
96,2024,2,0.0,random_forest_regressor,0.923857142857143
96,2024,3,0.0,random_forest_regressor,0.989
96,2024,4,0.0,random_forest_regressor,0.8888015873015871
96,2024,5,1.0,random_forest_regressor,1.0252513227513227
96,2024,6,1.0,random_forest_regressor,0.9855793650793648
97,2023,8,2.0,random_forest_regressor,0.678968253968254
97,2023,9,1.0,random_forest_regressor,0.7006904761904764
97,2023,10,2.0,random_forest_regressor,0.625920634920635
97,2023,11,2.0,random_forest_regressor,0.7091904761904761
97,2023,12,2.0,random_forest_regressor,0.849116402116402
97,2024,1,1.0,random_forest_regressor,1.0103253968253971
97,2024,2,0.0,random_forest_regressor,0.96
97,2024,3,0.0,random_forest_regressor,0.7919126984126984
97,2024,4,0.0,random_forest_regressor,0.6991296296296295
97,2024,5,0.0,random_forest_regressor,1.0566746031746037
97,2024,6,0.0,random_forest_regressor,0.7338333333333332
98,2023,8,2.0,random_forest_regressor,0.6026190476190476
98,2023,9,1.0,random_forest_regressor,0.7063333333333336
98,2023,10,2.0,random_forest_regressor,0.7046428571428572
98,2023,11,2.0,random_forest_regressor,0.72275
98,2023,12,2.0,random_forest_regressor,0.8714126984126985
98,2024,1,1.0,random_forest_regressor,0.9742142857142858
98,2024,2,0.0,random_forest_regressor,0.9920740740740742
98,2024,3,0.0,random_forest_regressor,0.8687010582010584
98,2024,4,0.0,random_forest_regressor,0.9111851851851852
98,2024,5,0.0,random_forest_regressor,1.0020714285714285
98,2024,6,0.0,random_forest_regressor,0.898888888888889
99,2023,8,0.0,random_forest_regressor,1.2561666666666667
99,2023,9,1.0,random_forest_regressor,1.471420634920635
99,2023,10,2.0,random_forest_regressor,1.5360079365079362
99,2023,11,4.0,random_forest_regressor,1.5708677248677247
99,2023,12,3.0,random_forest_regressor,1.378309523809524
99,2024,1,4.0,random_forest_regressor,1.659410052910053
99,2024,2,3.0,random_forest_regressor,1.8673492063492059
99,2024,3,4.0,random_forest_regressor,1.546813492063492
99,2024,4,3.0,random_forest_regressor,1.4153968253968252
99,2024,5,2.0,random_forest_regressor,1.7249007936507936
99,2024,6,3.0,random_forest_regressor,2.60275
100,2023,8,0.0,random_forest_regressor,2.296412698412699
100,2023,9,1.0,random_forest_regressor,2.499650793650793
100,2023,10,2.0,random_forest_regressor,2.2194285714285718
100,2023,11,4.0,random_forest_regressor,2.033920634920635
100,2023,12,3.0,random_forest_regressor,2.0110634920634927
100,2024,1,4.0,random_forest_regressor,2.3484642857142854
100,2024,2,3.0,random_forest_regressor,2.3859999999999997
100,2024,3,4.0,random_forest_regressor,2.481031746031745
100,2024,4,3.0,random_forest_regressor,2.8123637566137574
100,2024,5,2.0,random_forest_regressor,2.8092089947089938
100,2024,6,3.0,random_forest_regressor,3.583996031746032
101,2023,8,6.0,random_forest_regressor,1.7848333333333335
101,2023,9,4.0,random_forest_regressor,1.8621666666666663
101,2023,10,3.0,random_forest_regressor,1.9609285714285711
101,2023,11,3.0,random_forest_regressor,2.7220555555555555
101,2023,12,4.0,random_forest_regressor,3.048555555555555
101,2024,1,3.0,random_forest_regressor,2.235214285714286
101,2024,2,1.0,random_forest_regressor,2.926111111111111
101,2024,3,1.0,random_forest_regressor,3.1001825396825398
101,2024,4,3.0,random_forest_regressor,2.9786428571428574
101,2024,5,5.0,random_forest_regressor,1.8726507936507935
101,2024,6,4.0,random_forest_regressor,1.7213809523809527
102,2023,8,6.0,random_forest_regressor,1.730388888888889
102,2023,9,4.0,random_forest_regressor,1.9324444444444442
102,2023,10,3.0,random_forest_regressor,1.9952341269841265
102,2023,11,3.0,random_forest_regressor,2.6597222222222223
102,2023,12,4.0,random_forest_regressor,3.025253968253968
102,2024,1,3.0,random_forest_regressor,2.1565
102,2024,2,1.0,random_forest_regressor,2.9186111111111113
102,2024,3,1.0,random_forest_regressor,3.1035158730158727
102,2024,4,3.0,random_forest_regressor,3.0128888888888894
102,2024,5,5.0,random_forest_regressor,1.876095238095238
102,2024,6,4.0,random_forest_regressor,1.8396031746031742
103,2023,8,1.0,random_forest_regressor,0.24250000000000005
103,2023,9,0.0,random_forest_regressor,0.3998015873015873
103,2023,10,0.0,random_forest_regressor,0.3252777777777778
103,2023,11,0.0,random_forest_regressor,0.45219841269841266
103,2023,12,0.0,random_forest_regressor,0.6931984126984126
103,2024,1,0.0,random_forest_regressor,0.769138888888889
103,2024,2,0.0,random_forest_regressor,0.6659999999999998
103,2024,3,0.0,random_forest_regressor,0.6039166666666667
103,2024,4,0.0,random_forest_regressor,0.5653015873015872
103,2024,5,0.0,random_forest_regressor,0.5951507936507937
103,2024,6,0.0,random_forest_regressor,0.5584404761904763
104,2023,8,1.0,random_forest_regressor,0.2581111111111111
104,2023,9,0.0,random_forest_regressor,0.44305555555555554
104,2023,10,0.0,random_forest_regressor,0.35500000000000004
104,2023,11,0.0,random_forest_regressor,0.47065079365079365
104,2023,12,0.0,random_forest_regressor,0.683301587301587
104,2024,1,0.0,random_forest_regressor,0.7980833333333336
104,2024,2,0.0,random_forest_regressor,0.7362037037037036
104,2024,3,0.0,random_forest_regressor,0.6825833333333334
104,2024,4,0.0,random_forest_regressor,0.6996626984126985
104,2024,5,0.0,random_forest_regressor,0.7568174603174602
104,2024,6,0.0,random_forest_regressor,0.6066190476190477
105,2023,8,1.0,random_forest_regressor,1.0183174603174603
105,2023,9,1.0,random_forest_regressor,1.3287936507936509
105,2023,10,1.0,random_forest_regressor,1.6630026455026452
105,2023,11,1.0,random_forest_regressor,1.4982182539682543
105,2023,12,1.0,random_forest_regressor,1.6139206349206352
105,2024,1,1.0,random_forest_regressor,1.8662239057239063
105,2024,2,0.0,random_forest_regressor,1.7097424242424242
105,2024,3,0.0,random_forest_regressor,1.5174209956709954
105,2024,4,0.0,random_forest_regressor,1.4537821067821068
105,2024,5,0.0,random_forest_regressor,1.52911544011544
105,2024,6,0.0,random_forest_regressor,1.5105202020202022
106,2023,8,1.0,random_forest_regressor,1.0168650793650793
106,2023,9,1.0,random_forest_regressor,1.2261190476190476
106,2023,10,1.0,random_forest_regressor,1.7496587301587299
106,2023,11,1.0,random_forest_regressor,1.7011031746031748
106,2023,12,1.0,random_forest_regressor,1.7790687830687835
106,2024,1,1.0,random_forest_regressor,1.7956111111111117
106,2024,2,0.0,random_forest_regressor,1.627166666666667
106,2024,3,0.0,random_forest_regressor,1.551424603174603
106,2024,4,0.0,random_forest_regressor,1.368119047619048
106,2024,5,0.0,random_forest_regressor,1.4908042328042328
106,2024,6,0.0,random_forest_regressor,1.4472010582010582
107,2023,8,7.0,random_forest_regressor,6.682178571428572
107,2023,9,5.0,random_forest_regressor,6.5805859788359795
107,2023,10,2.0,random_forest_regressor,6.664974867724868
107,2023,11,3.0,random_forest_regressor,6.340019841269839
107,2023,12,4.0,random_forest_regressor,6.325531746031747
107,2024,1,4.0,random_forest_regressor,6.494694444444445
107,2024,2,5.0,random_forest_regressor,6.8953478835978865
107,2024,3,5.0,random_forest_regressor,6.947851851851851
107,2024,4,5.0,random_forest_regressor,6.685466931216931
107,2024,5,2.0,random_forest_regressor,5.688630952380954
107,2024,6,3.0,random_forest_regressor,6.86278835978836
108,2023,8,0.0,random_forest_regressor,0.7871111111111113
108,2023,9,0.0,random_forest_regressor,1.495706349206349
108,2023,10,0.0,random_forest_regressor,0.862857142857143
108,2023,11,0.0,random_forest_regressor,0.9010873015873019
108,2023,12,0.0,random_forest_regressor,1.1355449735449736
108,2024,1,0.0,random_forest_regressor,1.0864007936507933
108,2024,2,0.0,random_forest_regressor,1.1798571428571423
108,2024,3,0.0,random_forest_regressor,1.3000079365079367
108,2024,4,1.0,random_forest_regressor,1.1099682539682536
108,2024,5,2.0,random_forest_regressor,1.5557341269841267
108,2024,6,3.0,random_forest_regressor,1.4893690476190482
109,2023,8,0.0,random_forest_regressor,1.9608783068783067
109,2023,9,0.0,random_forest_regressor,2.024708994708995
109,2023,10,0.0,random_forest_regressor,1.6718015873015875
109,2023,11,0.0,random_forest_regressor,1.3183809523809527
109,2023,12,0.0,random_forest_regressor,1.4343055555555557
109,2024,1,0.0,random_forest_regressor,1.7220674603174608
109,2024,2,0.0,random_forest_regressor,1.905813492063493
109,2024,3,0.0,random_forest_regressor,2.0119960317460315
109,2024,4,0.0,random_forest_regressor,1.8978611111111119
109,2024,5,0.0,random_forest_regressor,2.2480396825396824
109,2024,6,2.0,random_forest_regressor,2.1705317460317457
110,2023,8,1.0,random_forest_regressor,1.4704259259259258
110,2023,9,1.0,random_forest_regressor,2.0170039682539684
110,2023,10,1.0,random_forest_regressor,1.477746031746032
110,2023,11,1.0,random_forest_regressor,1.286813492063492
110,2023,12,1.0,random_forest_regressor,1.3418174603174606
110,2024,1,2.0,random_forest_regressor,1.502714285714286
110,2024,2,1.0,random_forest_regressor,1.6527619047619047
110,2024,3,1.0,random_forest_regressor,1.4089880952380949
110,2024,4,0.0,random_forest_regressor,1.2782341269841269
110,2024,5,0.0,random_forest_regressor,1.7241322751322752
110,2024,6,1.0,random_forest_regressor,1.6775317460317458
111,2023,8,6.0,random_forest_regressor,1.5330158730158734
111,2023,9,6.0,random_forest_regressor,1.8138968253968255
111,2023,10,2.0,random_forest_regressor,2.3113015873015867
111,2023,11,1.0,random_forest_regressor,2.8262751322751334
111,2023,12,1.0,random_forest_regressor,2.7357619047619055
111,2024,1,3.0,random_forest_regressor,2.502087301587302
111,2024,2,3.0,random_forest_regressor,2.8755873015873012
111,2024,3,4.0,random_forest_regressor,2.553587301587301
111,2024,4,3.0,random_forest_regressor,2.5988571428571423
111,2024,5,3.0,random_forest_regressor,1.747607142857143
111,2024,6,1.0,random_forest_regressor,1.7511507936507944
112,2023,8,1.0,random_forest_regressor,1.6880555555555556
112,2023,9,1.0,random_forest_regressor,2.1196746031746034
112,2023,10,1.0,random_forest_regressor,1.9888333333333337
112,2023,11,1.0,random_forest_regressor,2.086484126984127
112,2023,12,0.0,random_forest_regressor,2.048349206349206
112,2024,1,0.0,random_forest_regressor,1.7776759259259265
112,2024,2,0.0,random_forest_regressor,1.528638888888889
112,2024,3,0.0,random_forest_regressor,1.5666904761904765
112,2024,4,0.0,random_forest_regressor,1.2871785714285717
112,2024,5,2.0,random_forest_regressor,1.6372037037037044
112,2024,6,2.0,random_forest_regressor,1.602051587301587
113,2023,8,2.0,random_forest_regressor,0.8660873015873015
113,2023,9,2.0,random_forest_regressor,1.067666666666667
113,2023,10,1.0,random_forest_regressor,1.0255238095238095
113,2023,11,1.0,random_forest_regressor,1.0367671957671953
113,2023,12,0.0,random_forest_regressor,1.1563015873015867
113,2024,1,0.0,random_forest_regressor,0.865222222222222
113,2024,2,0.0,random_forest_regressor,0.7346111111111112
113,2024,3,0.0,random_forest_regressor,0.7742380952380952
113,2024,4,0.0,random_forest_regressor,0.8464365079365079
113,2024,5,0.0,random_forest_regressor,0.8096005291005292
113,2024,6,0.0,random_forest_regressor,0.7029920634920638
114,2023,8,2.0,random_forest_regressor,0.8779365079365078
114,2023,9,2.0,random_forest_regressor,0.6765634920634921
114,2023,10,1.0,random_forest_regressor,0.8743809523809523
114,2023,11,1.0,random_forest_regressor,0.8042275132275132
114,2023,12,0.0,random_forest_regressor,0.7702142857142859
114,2024,1,0.0,random_forest_regressor,0.7608253968253967
114,2024,2,0.0,random_forest_regressor,0.8195079365079365
114,2024,3,0.0,random_forest_regressor,0.8890714285714284
114,2024,4,0.0,random_forest_regressor,0.805626984126984
114,2024,5,0.0,random_forest_regressor,0.8661666666666664
114,2024,6,0.0,random_forest_regressor,0.7631269841269843
115,2023,8,5.0,random_forest_regressor,2.027753968253968
115,2023,9,5.0,random_forest_regressor,2.0834642857142853
115,2023,10,4.0,random_forest_regressor,1.7443333333333333
115,2023,11,4.0,random_forest_regressor,2.7749523809523806
115,2023,12,3.0,random_forest_regressor,2.495952380952381
115,2024,1,3.0,random_forest_regressor,2.5616190476190477
115,2024,2,3.0,random_forest_regressor,3.1238412698412685
115,2024,3,2.0,random_forest_regressor,3.097388888888888
115,2024,4,3.0,random_forest_regressor,3.1272301587301587
115,2024,5,2.0,random_forest_regressor,2.9513809523809527
115,2024,6,2.0,random_forest_regressor,3.0417698412698417
116,2023,8,2.0,random_forest_regressor,0.5947222222222224
116,2023,9,2.0,random_forest_regressor,0.6158730158730159
116,2023,10,1.0,random_forest_regressor,0.724185185185185
116,2023,11,2.0,random_forest_regressor,0.7104920634920633
116,2023,12,2.0,random_forest_regressor,0.8271362433862434
116,2024,1,2.0,random_forest_regressor,0.8463624338624338
116,2024,2,2.0,random_forest_regressor,0.8911666666666668
116,2024,3,2.0,random_forest_regressor,0.9324179894179893
116,2024,4,2.0,random_forest_regressor,0.8400476190476192
116,2024,5,0.0,random_forest_regressor,0.9791507936507933
116,2024,6,0.0,random_forest_regressor,1.0504285714285715
117,2023,8,2.0,random_forest_regressor,0.6823730158730158
117,2023,9,2.0,random_forest_regressor,0.8542936507936505
117,2023,10,1.0,random_forest_regressor,0.8202936507936508
117,2023,11,2.0,random_forest_regressor,0.9228968253968255
117,2023,12,2.0,random_forest_regressor,0.9501164021164019
117,2024,1,2.0,random_forest_regressor,0.8877671957671956
117,2024,2,2.0,random_forest_regressor,0.9612222222222222
117,2024,3,2.0,random_forest_regressor,1.0067698412698414
117,2024,4,2.0,random_forest_regressor,0.867436507936508
117,2024,5,0.0,random_forest_regressor,1.0315396825396825
117,2024,6,0.0,random_forest_regressor,1.0595674603174603
118,2023,8,5.0,random_forest_regressor,3.1570595238095236
118,2023,9,5.0,random_forest_regressor,3.0394365079365078
118,2023,10,4.0,random_forest_regressor,2.205166666666666
118,2023,11,2.0,random_forest_regressor,2.4155238095238087
118,2023,12,2.0,random_forest_regressor,3.7662513227513235
118,2024,1,2.0,random_forest_regressor,3.2872499999999993
118,2024,2,3.0,random_forest_regressor,4.345333333333333
118,2024,3,5.0,random_forest_regressor,3.930325396825396
118,2024,4,5.0,random_forest_regressor,3.6339854497354502
118,2024,5,3.0,random_forest_regressor,2.8313571428571427
118,2024,6,1.0,random_forest_regressor,2.435523809523809
119,2023,8,5.0,random_forest_regressor,2.3514365079365085
119,2023,9,5.0,random_forest_regressor,2.4795555555555575
119,2023,10,4.0,random_forest_regressor,1.5671388888888886
119,2023,11,2.0,random_forest_regressor,2.08888492063492
119,2023,12,2.0,random_forest_regressor,2.805666666666666
119,2024,1,2.0,random_forest_regressor,2.272412698412698
119,2024,2,3.0,random_forest_regressor,2.7386111111111107
119,2024,3,5.0,random_forest_regressor,2.5645
119,2024,4,5.0,random_forest_regressor,2.573920634920635
119,2024,5,3.0,random_forest_regressor,1.7695793650793648
119,2024,6,1.0,random_forest_regressor,1.4879444444444443
120,2023,8,0.0,random_forest_regressor,0.25899999999999995
120,2023,9,2.0,random_forest_regressor,0.39861904761904765
120,2023,10,3.0,random_forest_regressor,0.5181349206349207
120,2023,11,3.0,random_forest_regressor,0.6754285714285717
120,2023,12,1.0,random_forest_regressor,0.8028888888888889
120,2024,1,0.0,random_forest_regressor,0.9913888888888891
120,2024,2,1.0,random_forest_regressor,0.7796984126984131
120,2024,3,1.0,random_forest_regressor,0.5008333333333332
120,2024,4,1.0,random_forest_regressor,0.5804126984126985
120,2024,5,0.0,random_forest_regressor,0.6166825396825396
120,2024,6,1.0,random_forest_regressor,0.7128571428571431
121,2023,8,0.0,random_forest_regressor,0.4528333333333334
121,2023,9,2.0,random_forest_regressor,0.6094285714285714
121,2023,10,3.0,random_forest_regressor,0.8549007936507936
121,2023,11,3.0,random_forest_regressor,0.8426428571428574
121,2023,12,1.0,random_forest_regressor,1.0931150793650792
121,2024,1,0.0,random_forest_regressor,1.1325436507936508
121,2024,2,1.0,random_forest_regressor,0.7821269841269839
121,2024,3,1.0,random_forest_regressor,0.6958055555555555
121,2024,4,1.0,random_forest_regressor,0.6933849206349206
121,2024,5,0.0,random_forest_regressor,0.8364285714285713
121,2024,6,1.0,random_forest_regressor,0.671718253968254
122,2023,8,3.0,random_forest_regressor,2.358277777777778
122,2023,9,2.0,random_forest_regressor,2.496349206349205
122,2023,10,3.0,random_forest_regressor,2.1248611111111106
122,2023,11,4.0,random_forest_regressor,2.322166666666666
122,2023,12,3.0,random_forest_regressor,2.7076190476190476
122,2024,1,4.0,random_forest_regressor,2.7274920634920634
122,2024,2,4.0,random_forest_regressor,3.013000000000001
122,2024,3,4.0,random_forest_regressor,3.374972222222222
122,2024,4,1.0,random_forest_regressor,2.560218253968254
122,2024,5,0.0,random_forest_regressor,3.1958095238095243
122,2024,6,0.0,random_forest_regressor,3.209838624338624
124,2023,8,0.0,random_forest_regressor,1.0126957671957673
124,2023,9,1.0,random_forest_regressor,1.1706587301587301
124,2023,10,1.0,random_forest_regressor,1.0594126984126986
124,2023,11,1.0,random_forest_regressor,1.0191957671957674
124,2023,12,0.0,random_forest_regressor,1.0449589947089952
124,2024,1,1.0,random_forest_regressor,1.1532486772486776
124,2024,2,1.0,random_forest_regressor,1.1201640211640211
124,2024,3,1.0,random_forest_regressor,1.1858148148148144
124,2024,4,0.0,random_forest_regressor,1.0116984126984125
124,2024,5,0.0,random_forest_regressor,1.0533624338624339
125,2023,8,4.0,random_forest_regressor,2.5281111111111114
125,2023,9,3.0,random_forest_regressor,2.164388888888888
125,2023,10,3.0,random_forest_regressor,2.4588531746031745
125,2023,11,4.0,random_forest_regressor,2.3880396825396826
125,2023,12,3.0,random_forest_regressor,2.9100595238095246
125,2024,1,4.0,random_forest_regressor,3.1222473544973557
125,2024,2,4.0,random_forest_regressor,3.798170634920636
125,2024,3,4.0,random_forest_regressor,3.6981944444444435
125,2024,4,1.0,random_forest_regressor,3.0563015873015877
125,2024,5,0.0,random_forest_regressor,2.8118928571428574
125,2024,6,0.0,random_forest_regressor,2.939900793650794
126,2023,8,3.0,random_forest_regressor,2.384571428571428
126,2023,9,2.0,random_forest_regressor,1.9526111111111102
126,2023,10,2.0,random_forest_regressor,1.5373690476190478
126,2023,11,3.0,random_forest_regressor,1.6067222222222228
126,2023,12,2.0,random_forest_regressor,1.5551111111111113
126,2024,1,1.0,random_forest_regressor,1.7479206349206353
126,2024,2,0.0,random_forest_regressor,1.8870634920634923
126,2024,3,0.0,random_forest_regressor,2.1215476190476195
126,2024,4,1.0,random_forest_regressor,1.609924603174603
126,2024,5,1.0,random_forest_regressor,1.627353174603175
126,2024,6,2.0,random_forest_regressor,1.5914523809523813
127,2023,8,2.0,random_forest_regressor,1.5906666666666671
127,2023,9,2.0,random_forest_regressor,1.9391111111111112
127,2023,10,2.0,random_forest_regressor,1.7897142857142858
127,2023,11,1.0,random_forest_regressor,1.9472619047619049
127,2023,12,0.0,random_forest_regressor,2.1400952380952374
127,2024,1,2.0,random_forest_regressor,1.474362433862434
127,2024,2,2.0,random_forest_regressor,1.642138888888889
127,2024,3,3.0,random_forest_regressor,1.596148148148148
127,2024,4,1.0,random_forest_regressor,1.205686507936508
127,2024,5,3.0,random_forest_regressor,1.4089841269841268
127,2024,6,2.0,random_forest_regressor,1.428583333333333
128,2023,8,1.0,random_forest_regressor,1.3651666666666666
128,2023,9,0.0,random_forest_regressor,1.7315277777777776
128,2023,10,0.0,random_forest_regressor,1.7495753968253962
128,2023,11,0.0,random_forest_regressor,1.7660674603174606
128,2023,12,0.0,random_forest_regressor,1.6919682539682541
128,2024,1,0.0,random_forest_regressor,1.677
128,2024,2,0.0,random_forest_regressor,1.4744325396825397
128,2024,3,1.0,random_forest_regressor,1.3641428571428569
128,2024,4,1.0,random_forest_regressor,1.015944444444444
128,2024,5,1.0,random_forest_regressor,1.1436626984126983
128,2024,6,0.0,random_forest_regressor,0.9434682539682537
129,2023,8,1.0,random_forest_regressor,1.3644761904761902
129,2023,9,0.0,random_forest_regressor,1.729527777777777
129,2023,10,0.0,random_forest_regressor,1.856630952380952
129,2023,11,0.0,random_forest_regressor,1.8623452380952386
129,2023,12,0.0,random_forest_regressor,1.6444444444444446
129,2024,1,0.0,random_forest_regressor,1.6148888888888886
129,2024,2,0.0,random_forest_regressor,1.415451058201058
129,2024,3,1.0,random_forest_regressor,1.479216931216931
129,2024,4,1.0,random_forest_regressor,1.0526666666666666
129,2024,5,1.0,random_forest_regressor,1.075019841269841
129,2024,6,0.0,random_forest_regressor,0.9695238095238095
131,2023,8,0.0,random_forest_regressor,0.565
131,2023,9,0.0,random_forest_regressor,0.6227857142857142
131,2023,10,0.0,random_forest_regressor,0.6650079365079364
131,2023,11,0.0,random_forest_regressor,0.792388888888889
131,2023,12,0.0,random_forest_regressor,1.2019960317460319
131,2024,1,0.0,random_forest_regressor,1.1969246031746033
131,2024,2,0.0,random_forest_regressor,1.080761904761905
131,2024,3,1.0,random_forest_regressor,1.141571428571429
131,2024,4,1.0,random_forest_regressor,1.1095476190476197
131,2024,5,1.0,random_forest_regressor,1.0784880952380955
131,2024,6,0.0,random_forest_regressor,1.0133650793650797
132,2023,8,0.0,random_forest_regressor,0.2389444444444444
132,2023,9,0.0,random_forest_regressor,0.39461904761904765
132,2023,10,0.0,random_forest_regressor,0.4117777777777779
132,2023,11,0.0,random_forest_regressor,0.593984126984127
132,2023,12,0.0,random_forest_regressor,0.5896111111111113
132,2024,1,0.0,random_forest_regressor,0.9161706349206349
132,2024,2,0.0,random_forest_regressor,0.7135
132,2024,3,0.0,random_forest_regressor,0.5980833333333333
132,2024,4,0.0,random_forest_regressor,0.6013293650793651
132,2024,5,0.0,random_forest_regressor,0.6639841269841271
132,2024,6,0.0,random_forest_regressor,0.5279404761904762
133,2023,8,0.0,random_forest_regressor,0.5211666666666667
133,2023,9,0.0,random_forest_regressor,0.779357142857143
133,2023,10,0.0,random_forest_regressor,0.7694365079365079
133,2023,11,0.0,random_forest_regressor,0.8588888888888889
133,2023,12,0.0,random_forest_regressor,1.0234484126984125
133,2024,1,0.0,random_forest_regressor,1.3006388888888891
133,2024,2,0.0,random_forest_regressor,1.1233492063492065
133,2024,3,0.0,random_forest_regressor,1.0860317460317461
133,2024,4,0.0,random_forest_regressor,0.9350833333333333
133,2024,5,0.0,random_forest_regressor,0.9499100529100529
133,2024,6,0.0,random_forest_regressor,0.9206349206349205
134,2023,8,0.0,random_forest_regressor,0.36822222222222234
134,2023,9,0.0,random_forest_regressor,0.5539126984126983
134,2023,10,0.0,random_forest_regressor,0.5260714285714286
134,2023,11,0.0,random_forest_regressor,0.6039682539682539
134,2023,12,0.0,random_forest_regressor,0.5276031746031747
134,2024,1,0.0,random_forest_regressor,0.846765873015873
134,2024,2,0.0,random_forest_regressor,0.675333333333333
134,2024,3,0.0,random_forest_regressor,0.7033055555555554
134,2024,4,0.0,random_forest_regressor,0.663126984126984
134,2024,5,0.0,random_forest_regressor,0.7127619047619047
134,2024,6,0.0,random_forest_regressor,0.6620039682539682
135,2023,8,0.0,random_forest_regressor,0.6692777777777779
135,2023,9,0.0,random_forest_regressor,0.7187777777777776
135,2023,10,0.0,random_forest_regressor,0.6129206349206349
135,2023,11,0.0,random_forest_regressor,0.7956111111111112
135,2023,12,0.0,random_forest_regressor,1.0511666666666666
135,2024,1,0.0,random_forest_regressor,1.0504166666666666
135,2024,2,0.0,random_forest_regressor,0.9581296296296296
135,2024,3,0.0,random_forest_regressor,0.9861150793650795
135,2024,4,0.0,random_forest_regressor,0.8993373015873012
135,2024,5,0.0,random_forest_regressor,1.0104378306878308
135,2024,6,0.0,random_forest_regressor,0.8063333333333335
136,2023,8,2.0,random_forest_regressor,1.1570555555555555
136,2023,9,2.0,random_forest_regressor,0.9711825396825395
136,2023,10,1.0,random_forest_regressor,1.0101904761904767
136,2023,11,1.0,random_forest_regressor,1.1479259259259258
136,2023,12,1.0,random_forest_regressor,0.9977513227513225
136,2024,1,1.0,random_forest_regressor,1.0619391534391533
136,2024,2,0.0,random_forest_regressor,0.9708888888888888
136,2024,3,0.0,random_forest_regressor,1.0343518518518517
136,2024,4,0.0,random_forest_regressor,0.9221018518518516
136,2024,5,0.0,random_forest_regressor,1.09751455026455
136,2024,6,2.0,random_forest_regressor,0.9692777777777779
137,2023,8,2.0,random_forest_regressor,3.44990873015873
137,2023,9,3.0,random_forest_regressor,3.171325396825397
137,2023,10,3.0,random_forest_regressor,3.052886243386244
137,2023,11,4.0,random_forest_regressor,2.88684656084656
137,2023,12,2.0,random_forest_regressor,2.5670238095238083
137,2024,1,2.0,random_forest_regressor,2.5115515873015872
137,2024,2,2.0,random_forest_regressor,2.5348611111111103
137,2024,3,2.0,random_forest_regressor,2.369876984126984
137,2024,4,1.0,random_forest_regressor,2.3105833333333328
137,2024,5,0.0,random_forest_regressor,2.2976785714285706
137,2024,6,2.0,random_forest_regressor,2.462761904761905
138,2023,8,3.0,random_forest_regressor,5.294281746031749
138,2023,9,4.0,random_forest_regressor,5.276014550264551
138,2023,10,4.0,random_forest_regressor,5.285181216931216
138,2023,11,4.0,random_forest_regressor,3.551551587301588
138,2023,12,3.0,random_forest_regressor,3.503247835497836
138,2024,1,3.0,random_forest_regressor,5.092369047619048
138,2024,2,3.0,random_forest_regressor,4.536966931216932
138,2024,3,2.0,random_forest_regressor,4.779757936507934
138,2024,4,1.0,random_forest_regressor,5.2286190476190475
138,2024,5,0.0,random_forest_regressor,5.726006613756613
138,2024,6,1.0,random_forest_regressor,5.725361111111111
139,2023,8,2.0,random_forest_regressor,1.232055555555556
139,2023,9,0.0,random_forest_regressor,1.230730158730159
139,2023,10,0.0,random_forest_regressor,1.5011746031746034
139,2023,11,0.0,random_forest_regressor,1.5366507936507938
139,2023,12,0.0,random_forest_regressor,1.2427751322751321
139,2024,1,0.0,random_forest_regressor,1.3200158730158729
139,2024,2,1.0,random_forest_regressor,1.2341587301587298
139,2024,3,1.0,random_forest_regressor,1.1580846560846558
139,2024,4,2.0,random_forest_regressor,0.9221269841269845
139,2024,5,1.0,random_forest_regressor,1.3704444444444446
139,2024,6,1.0,random_forest_regressor,1.0678650793650795
140,2023,8,6.0,random_forest_regressor,5.0661230158730195
140,2023,9,3.0,random_forest_regressor,4.299824074074074
140,2023,10,3.0,random_forest_regressor,4.572281746031747
140,2023,11,2.0,random_forest_regressor,4.726829365079365
140,2023,12,3.0,random_forest_regressor,4.466146825396826
140,2024,1,1.0,random_forest_regressor,2.315833333333334
140,2024,2,4.0,random_forest_regressor,3.615880952380954
140,2024,3,3.0,random_forest_regressor,3.877813492063492
140,2024,4,6.0,random_forest_regressor,3.303916666666666
140,2024,5,3.0,random_forest_regressor,3.662916666666666
140,2024,6,7.0,random_forest_regressor,3.8099920634920643
143,2023,12,5.0,random_forest_regressor,3.126551587301587
143,2024,1,4.0,random_forest_regressor,3.8439219576719568
143,2024,2,4.0,random_forest_regressor,5.79338888888889
143,2024,3,3.0,random_forest_regressor,5.942716931216931
143,2024,4,2.0,random_forest_regressor,6.0701137566137575
143,2024,5,0.0,random_forest_regressor,6.568390211640212
143,2024,6,6.0,random_forest_regressor,6.3455462962962965
