site_id,target_year,target_month,model,actual_label,predicted_label,predicted_probability
1,2023,12,lstm_classifier,1,1,0.65437096
1,2024,1,lstm_classifier,0,0,0.4356681
1,2024,2,lstm_classifier,0,1,0.5927571
1,2024,3,lstm_classifier,0,0,0.49463594
1,2024,4,lstm_classifier,1,0,0.4604759
1,2024,5,lstm_classifier,1,1,0.5852357
1,2024,6,lstm_classifier,0,1,0.55486745
1,2024,7,lstm_classifier,0,1,0.6380494
1,2024,8,lstm_classifier,1,1,0.68616664
1,2024,9,lstm_classifier,0,1,0.7717776
2,2023,12,lstm_classifier,0,1,0.6554157
2,2024,1,lstm_classifier,0,1,0.53350675
2,2024,2,lstm_classifier,0,1,0.7492778
2,2024,3,lstm_classifier,1,0,0.4343622
2,2024,4,lstm_classifier,0,1,0.5292
2,2024,5,lstm_classifier,1,1,0.58484393
2,2024,6,lstm_classifier,0,0,0.48755625
2,2024,7,lstm_classifier,0,1,0.5627754
2,2024,8,lstm_classifier,0,1,0.61358
2,2024,9,lstm_classifier,0,1,0.76219916
3,2023,12,lstm_classifier,0,1,0.9798647
3,2024,1,lstm_classifier,0,1,0.7102239
3,2024,2,lstm_classifier,0,1,0.6012842
3,2024,3,lstm_classifier,1,1,0.517151
3,2024,4,lstm_classifier,0,1,0.5427179
3,2024,5,lstm_classifier,1,0,0.48750195
3,2024,6,lstm_classifier,0,1,0.5005086
3,2024,7,lstm_classifier,0,1,0.57397264
3,2024,8,lstm_classifier,0,1,0.60534984
3,2024,9,lstm_classifier,0,1,0.72703147
4,2023,12,lstm_classifier,0,0,0.488194
4,2024,1,lstm_classifier,0,0,0.19955464
4,2024,2,lstm_classifier,0,0,0.4066074
4,2024,3,lstm_classifier,1,0,0.42357954
4,2024,4,lstm_classifier,0,1,0.57738185
4,2024,5,lstm_classifier,0,1,0.50479126
4,2024,6,lstm_classifier,1,0,0.34807867
4,2024,7,lstm_classifier,0,0,0.46532467
4,2024,8,lstm_classifier,0,1,0.5330872
4,2024,9,lstm_classifier,0,1,0.58692336
5,2023,12,lstm_classifier,0,1,0.5078977
5,2024,1,lstm_classifier,0,0,0.20783594
5,2024,2,lstm_classifier,0,0,0.43862644
5,2024,3,lstm_classifier,1,0,0.43253973
5,2024,4,lstm_classifier,0,1,0.5862281
5,2024,5,lstm_classifier,0,1,0.52142656
5,2024,6,lstm_classifier,1,0,0.3630447
5,2024,7,lstm_classifier,0,0,0.48463354
5,2024,8,lstm_classifier,0,1,0.5565381
5,2024,9,lstm_classifier,0,1,0.5910275
6,2023,12,lstm_classifier,1,0,0.35426158
6,2024,1,lstm_classifier,1,0,0.34013233
6,2024,2,lstm_classifier,0,0,0.34688473
6,2024,3,lstm_classifier,1,0,0.31686726
6,2024,4,lstm_classifier,0,0,0.37738475
6,2024,5,lstm_classifier,1,0,0.36063012
6,2024,6,lstm_classifier,1,0,0.35412422
6,2024,7,lstm_classifier,1,0,0.39374503
6,2024,8,lstm_classifier,0,0,0.33404633
6,2024,9,lstm_classifier,1,0,0.4290124
7,2023,12,lstm_classifier,1,1,0.55260473
7,2024,1,lstm_classifier,1,0,0.28709373
7,2024,2,lstm_classifier,0,0,0.32461673
7,2024,3,lstm_classifier,1,1,0.50456715
7,2024,4,lstm_classifier,0,1,0.524323
7,2024,5,lstm_classifier,1,0,0.41225928
7,2024,6,lstm_classifier,1,0,0.4631676
7,2024,7,lstm_classifier,1,1,0.50679106
7,2024,8,lstm_classifier,0,0,0.4075991
7,2024,9,lstm_classifier,1,1,0.58024585
8,2023,12,lstm_classifier,0,0,0.2072727
8,2024,1,lstm_classifier,0,0,0.21610935
8,2024,2,lstm_classifier,0,0,0.23063509
8,2024,3,lstm_classifier,0,0,0.3847211
8,2024,4,lstm_classifier,1,0,0.48944423
8,2024,5,lstm_classifier,0,1,0.63176954
8,2024,6,lstm_classifier,1,1,0.559074
8,2024,7,lstm_classifier,0,1,0.52872914
8,2024,8,lstm_classifier,0,1,0.52732533
8,2024,9,lstm_classifier,0,0,0.32224935
9,2023,12,lstm_classifier,0,0,0.31626567
9,2024,1,lstm_classifier,0,0,0.42213294
9,2024,2,lstm_classifier,1,1,0.662599
9,2024,3,lstm_classifier,0,0,0.46998683
9,2024,4,lstm_classifier,1,0,0.49416164
9,2024,5,lstm_classifier,0,1,0.54660136
9,2024,6,lstm_classifier,0,0,0.4952714
9,2024,7,lstm_classifier,0,1,0.5696899
9,2024,8,lstm_classifier,0,1,0.50658685
9,2024,9,lstm_classifier,0,0,0.48673156
10,2023,12,lstm_classifier,1,0,0.33427364
10,2024,1,lstm_classifier,0,0,0.452365
10,2024,2,lstm_classifier,0,1,0.55504966
10,2024,3,lstm_classifier,0,1,0.5613441
10,2024,4,lstm_classifier,0,1,0.56141543
10,2024,5,lstm_classifier,0,1,0.5890548
10,2024,6,lstm_classifier,0,1,0.58559924
10,2024,7,lstm_classifier,1,1,0.5862185
10,2024,8,lstm_classifier,0,1,0.5459839
10,2024,9,lstm_classifier,0,1,0.6502611
11,2023,12,lstm_classifier,1,0,0.35431802
11,2024,1,lstm_classifier,1,0,0.38333336
11,2024,2,lstm_classifier,0,0,0.46335548
11,2024,3,lstm_classifier,1,1,0.54753923
11,2024,4,lstm_classifier,0,1,0.5334673
11,2024,5,lstm_classifier,0,1,0.5717339
11,2024,6,lstm_classifier,0,1,0.5827392
11,2024,7,lstm_classifier,1,1,0.6205859
11,2024,8,lstm_classifier,0,1,0.5619886
11,2024,9,lstm_classifier,0,1,0.759637
13,2023,12,lstm_classifier,1,0,0.42856738
13,2024,1,lstm_classifier,0,0,0.2888616
13,2024,2,lstm_classifier,0,0,0.48626205
13,2024,3,lstm_classifier,1,0,0.47447786
13,2024,4,lstm_classifier,1,1,0.52153003
13,2024,5,lstm_classifier,0,1,0.5635239
13,2024,6,lstm_classifier,1,1,0.5822759
13,2024,7,lstm_classifier,0,1,0.6372419
13,2024,8,lstm_classifier,0,1,0.86571324
13,2024,9,lstm_classifier,0,1,0.93828905
14,2023,12,lstm_classifier,1,0,0.4319524
14,2024,1,lstm_classifier,0,0,0.29280007
14,2024,2,lstm_classifier,0,1,0.6586796
14,2024,3,lstm_classifier,1,0,0.35969472
14,2024,4,lstm_classifier,1,0,0.33503976
14,2024,5,lstm_classifier,1,0,0.39298588
14,2024,6,lstm_classifier,0,0,0.43206418
14,2024,7,lstm_classifier,1,1,0.5199385
14,2024,8,lstm_classifier,0,1,0.60402167
14,2024,9,lstm_classifier,0,1,0.8435507
15,2023,12,lstm_classifier,0,0,0.41712654
15,2024,1,lstm_classifier,1,0,0.49182302
15,2024,2,lstm_classifier,1,1,0.7529051
15,2024,3,lstm_classifier,0,1,0.60945773
15,2024,4,lstm_classifier,1,1,0.7048795
15,2024,5,lstm_classifier,1,1,0.63140255
15,2024,6,lstm_classifier,0,1,0.61491144
15,2024,7,lstm_classifier,1,1,0.76023483
15,2024,8,lstm_classifier,1,1,0.740551
15,2024,9,lstm_classifier,1,1,0.82409
16,2023,12,lstm_classifier,1,1,0.99464804
16,2024,1,lstm_classifier,1,1,0.98870534
16,2024,2,lstm_classifier,1,1,0.9743664
16,2024,3,lstm_classifier,1,1,0.946203
16,2024,4,lstm_classifier,1,1,0.94336605
16,2024,5,lstm_classifier,1,1,0.9509463
16,2024,6,lstm_classifier,1,1,0.90352803
16,2024,7,lstm_classifier,1,1,0.9722792
16,2024,8,lstm_classifier,1,1,0.96611726
16,2024,9,lstm_classifier,1,1,0.9872953
17,2023,12,lstm_classifier,1,1,0.8729642
17,2024,1,lstm_classifier,1,1,0.8216004
17,2024,2,lstm_classifier,1,1,0.92654216
17,2024,3,lstm_classifier,1,1,0.6027724
17,2024,4,lstm_classifier,1,1,0.70102626
17,2024,5,lstm_classifier,1,1,0.5773766
17,2024,6,lstm_classifier,1,1,0.5796136
17,2024,7,lstm_classifier,1,1,0.5428096
17,2024,8,lstm_classifier,1,1,0.5822759
17,2024,9,lstm_classifier,1,1,0.7146186
18,2023,12,lstm_classifier,0,0,0.4170107
18,2024,1,lstm_classifier,1,0,0.46978012
18,2024,2,lstm_classifier,1,1,0.73092157
18,2024,3,lstm_classifier,0,1,0.6002101
18,2024,4,lstm_classifier,1,1,0.70797527
18,2024,5,lstm_classifier,1,1,0.6343136
18,2024,6,lstm_classifier,0,1,0.60450274
18,2024,7,lstm_classifier,1,1,0.76
18,2024,8,lstm_classifier,1,1,0.74427676
18,2024,9,lstm_classifier,1,1,0.8365057
19,2023,12,lstm_classifier,1,0,0.30882767
19,2024,1,lstm_classifier,0,0,0.3340856
19,2024,2,lstm_classifier,0,0,0.43836552
19,2024,3,lstm_classifier,1,1,0.5022218
19,2024,4,lstm_classifier,0,1,0.5140754
19,2024,5,lstm_classifier,0,1,0.5853687
19,2024,6,lstm_classifier,0,1,0.5832143
19,2024,7,lstm_classifier,1,1,0.6120298
19,2024,8,lstm_classifier,0,1,0.5655948
19,2024,9,lstm_classifier,0,1,0.57493615
20,2023,12,lstm_classifier,1,0,0.41312194
20,2024,1,lstm_classifier,0,0,0.3457326
20,2024,2,lstm_classifier,0,0,0.3237889
20,2024,3,lstm_classifier,0,0,0.34420037
20,2024,4,lstm_classifier,0,0,0.39328513
20,2024,5,lstm_classifier,0,0,0.46201324
20,2024,6,lstm_classifier,0,1,0.51038635
20,2024,7,lstm_classifier,0,1,0.9550115
20,2024,8,lstm_classifier,0,1,0.78187835
20,2024,9,lstm_classifier,0,1,0.8872487
21,2023,12,lstm_classifier,0,0,0.42740726
21,2024,1,lstm_classifier,0,0,0.2903344
21,2024,2,lstm_classifier,0,0,0.2616159
21,2024,3,lstm_classifier,0,0,0.26494804
21,2024,4,lstm_classifier,0,0,0.24041378
21,2024,5,lstm_classifier,0,0,0.28527677
21,2024,6,lstm_classifier,0,0,0.34946042
21,2024,7,lstm_classifier,0,1,0.51133674
21,2024,8,lstm_classifier,0,1,0.60474384
21,2024,9,lstm_classifier,1,1,0.6749404
22,2023,12,lstm_classifier,1,0,0.24483165
22,2024,1,lstm_classifier,1,0,0.4019741
22,2024,2,lstm_classifier,0,1,0.57491565
22,2024,3,lstm_classifier,1,1,0.5523908
22,2024,4,lstm_classifier,1,1,0.64751863
22,2024,5,lstm_classifier,1,1,0.65753776
22,2024,6,lstm_classifier,1,1,0.59469724
22,2024,7,lstm_classifier,0,1,0.71243656
22,2024,8,lstm_classifier,1,1,0.8617123
22,2024,9,lstm_classifier,0,1,0.9171358
23,2023,12,lstm_classifier,1,0,0.34164825
23,2024,1,lstm_classifier,1,0,0.33981812
23,2024,2,lstm_classifier,1,1,0.70029634
23,2024,3,lstm_classifier,1,1,0.587863
23,2024,4,lstm_classifier,1,1,0.64852995
23,2024,5,lstm_classifier,1,1,0.69238997
23,2024,6,lstm_classifier,1,1,0.65811825
23,2024,7,lstm_classifier,0,1,0.76489246
23,2024,8,lstm_classifier,0,1,0.8939523
23,2024,9,lstm_classifier,1,1,0.9512851
24,2023,12,lstm_classifier,1,0,0.27919856
24,2024,1,lstm_classifier,1,0,0.40010262
24,2024,2,lstm_classifier,0,1,0.56599456
24,2024,3,lstm_classifier,1,1,0.5483367
24,2024,4,lstm_classifier,1,1,0.63697314
24,2024,5,lstm_classifier,1,1,0.6607555
24,2024,6,lstm_classifier,1,1,0.61766833
24,2024,7,lstm_classifier,0,1,0.7020835
24,2024,8,lstm_classifier,0,1,0.8384392
24,2024,9,lstm_classifier,1,1,0.9474712
25,2023,12,lstm_classifier,0,1,0.6656065
25,2024,1,lstm_classifier,1,0,0.34115553
25,2024,2,lstm_classifier,1,1,0.7677753
25,2024,3,lstm_classifier,0,1,0.5114872
25,2024,4,lstm_classifier,1,1,0.53558886
25,2024,5,lstm_classifier,1,1,0.63922065
25,2024,6,lstm_classifier,1,1,0.52593017
25,2024,7,lstm_classifier,0,1,0.6533455
25,2024,8,lstm_classifier,1,1,0.85210264
25,2024,9,lstm_classifier,1,1,0.87714034
26,2023,12,lstm_classifier,1,0,0.36300352
26,2024,1,lstm_classifier,1,0,0.332917
26,2024,2,lstm_classifier,0,1,0.6225241
26,2024,3,lstm_classifier,0,1,0.5057815
26,2024,4,lstm_classifier,0,1,0.515949
26,2024,5,lstm_classifier,0,1,0.51106054
26,2024,6,lstm_classifier,1,1,0.60971254
26,2024,7,lstm_classifier,0,1,0.6348121
26,2024,8,lstm_classifier,0,1,0.65206164
26,2024,9,lstm_classifier,1,1,0.7047675
27,2023,12,lstm_classifier,1,0,0.22192836
27,2024,1,lstm_classifier,1,0,0.32533273
27,2024,2,lstm_classifier,0,0,0.45396066
27,2024,3,lstm_classifier,0,1,0.5315651
27,2024,4,lstm_classifier,0,1,0.5647707
27,2024,5,lstm_classifier,1,1,0.5954008
27,2024,6,lstm_classifier,0,1,0.5732532
27,2024,7,lstm_classifier,0,1,0.6311904
27,2024,8,lstm_classifier,0,1,0.66187745
27,2024,9,lstm_classifier,1,1,0.6226743
28,2023,12,lstm_classifier,0,0,0.1454506
28,2024,1,lstm_classifier,0,0,0.18101235
28,2024,2,lstm_classifier,0,0,0.15545295
28,2024,3,lstm_classifier,0,0,0.14099729
28,2024,4,lstm_classifier,0,0,0.14118965
28,2024,5,lstm_classifier,0,0,0.1695184
28,2024,6,lstm_classifier,0,0,0.21491575
28,2024,7,lstm_classifier,0,0,0.24776463
28,2024,8,lstm_classifier,1,0,0.2736554
28,2024,9,lstm_classifier,0,0,0.36213425
29,2023,12,lstm_classifier,0,0,0.3442488
29,2024,1,lstm_classifier,0,0,0.23604958
29,2024,2,lstm_classifier,1,0,0.18749477
29,2024,3,lstm_classifier,0,0,0.20160232
29,2024,4,lstm_classifier,0,0,0.14652559
29,2024,5,lstm_classifier,0,0,0.15937471
29,2024,6,lstm_classifier,0,0,0.21291609
29,2024,7,lstm_classifier,0,0,0.2593818
29,2024,8,lstm_classifier,0,0,0.32876253
29,2024,9,lstm_classifier,0,0,0.4133879
30,2023,12,lstm_classifier,0,0,0.30946812
30,2024,1,lstm_classifier,0,0,0.3100419
30,2024,2,lstm_classifier,0,1,0.5751953
30,2024,3,lstm_classifier,0,0,0.35651612
30,2024,4,lstm_classifier,0,0,0.35532784
30,2024,5,lstm_classifier,0,0,0.36995545
30,2024,6,lstm_classifier,0,0,0.35510033
30,2024,7,lstm_classifier,0,0,0.46139243
30,2024,8,lstm_classifier,0,0,0.41519815
30,2024,9,lstm_classifier,0,0,0.47135517
31,2023,12,lstm_classifier,0,0,0.1947585
31,2024,1,lstm_classifier,0,0,0.18164566
31,2024,2,lstm_classifier,0,0,0.18423368
31,2024,3,lstm_classifier,0,0,0.23785847
31,2024,4,lstm_classifier,0,0,0.39936218
31,2024,5,lstm_classifier,0,0,0.46569216
31,2024,6,lstm_classifier,0,1,0.51534355
31,2024,7,lstm_classifier,0,1,0.65860444
31,2024,8,lstm_classifier,0,1,0.6010774
31,2024,9,lstm_classifier,0,1,0.5841656
32,2023,12,lstm_classifier,0,0,0.22699113
32,2024,1,lstm_classifier,0,0,0.17520414
32,2024,2,lstm_classifier,0,0,0.12687245
32,2024,3,lstm_classifier,0,0,0.11388405
32,2024,4,lstm_classifier,0,0,0.12203662
32,2024,5,lstm_classifier,0,0,0.13668554
32,2024,6,lstm_classifier,0,0,0.17633227
32,2024,7,lstm_classifier,0,0,0.20561738
32,2024,8,lstm_classifier,0,0,0.24079023
32,2024,9,lstm_classifier,0,0,0.26717323
33,2023,12,lstm_classifier,0,0,0.2436122
33,2024,1,lstm_classifier,0,0,0.21193728
33,2024,2,lstm_classifier,0,0,0.16896476
33,2024,3,lstm_classifier,0,0,0.1453742
33,2024,4,lstm_classifier,0,0,0.14970423
33,2024,5,lstm_classifier,0,0,0.17105703
33,2024,6,lstm_classifier,0,0,0.2171025
33,2024,7,lstm_classifier,0,0,0.25816825
33,2024,8,lstm_classifier,0,0,0.27934793
33,2024,9,lstm_classifier,0,0,0.34366712
34,2023,12,lstm_classifier,0,0,0.16855203
34,2024,1,lstm_classifier,0,0,0.16450185
34,2024,2,lstm_classifier,0,0,0.13575539
34,2024,3,lstm_classifier,0,0,0.123609625
34,2024,4,lstm_classifier,0,0,0.123690955
34,2024,5,lstm_classifier,0,0,0.13518544
34,2024,6,lstm_classifier,0,0,0.17858548
34,2024,7,lstm_classifier,0,0,0.21678154
34,2024,8,lstm_classifier,1,0,0.24342479
34,2024,9,lstm_classifier,0,0,0.30434912
35,2023,12,lstm_classifier,0,0,0.33592027
35,2024,1,lstm_classifier,0,0,0.29624832
35,2024,2,lstm_classifier,0,0,0.32053286
35,2024,3,lstm_classifier,0,0,0.3690132
35,2024,4,lstm_classifier,0,0,0.38204992
35,2024,5,lstm_classifier,0,0,0.47251436
35,2024,6,lstm_classifier,0,0,0.47133833
35,2024,7,lstm_classifier,0,1,0.57587445
35,2024,8,lstm_classifier,0,1,0.63047004
35,2024,9,lstm_classifier,0,1,0.67258674
36,2023,12,lstm_classifier,0,0,0.32955033
36,2024,1,lstm_classifier,0,0,0.25415957
36,2024,2,lstm_classifier,0,0,0.27444187
36,2024,3,lstm_classifier,0,0,0.21408656
36,2024,4,lstm_classifier,0,0,0.2074912
36,2024,5,lstm_classifier,0,0,0.26065022
36,2024,6,lstm_classifier,0,0,0.26498696
36,2024,7,lstm_classifier,0,0,0.3455957
36,2024,8,lstm_classifier,0,0,0.32059133
36,2024,9,lstm_classifier,0,0,0.3131798
37,2023,12,lstm_classifier,0,0,0.24414302
37,2024,1,lstm_classifier,0,0,0.26661518
37,2024,2,lstm_classifier,1,0,0.25879645
37,2024,3,lstm_classifier,0,0,0.29773316
37,2024,4,lstm_classifier,0,0,0.23077306
37,2024,5,lstm_classifier,1,0,0.2586597
37,2024,6,lstm_classifier,0,0,0.35698885
37,2024,7,lstm_classifier,0,0,0.47464332
37,2024,8,lstm_classifier,0,1,0.5608298
37,2024,9,lstm_classifier,0,1,0.5992467
38,2023,12,lstm_classifier,0,0,0.2862002
38,2024,1,lstm_classifier,0,0,0.23906414
38,2024,2,lstm_classifier,1,0,0.1692117
38,2024,3,lstm_classifier,0,0,0.17851253
38,2024,4,lstm_classifier,0,0,0.15396711
38,2024,5,lstm_classifier,1,0,0.17123725
38,2024,6,lstm_classifier,0,0,0.26673034
38,2024,7,lstm_classifier,0,0,0.3202371
38,2024,8,lstm_classifier,0,0,0.32638535
38,2024,9,lstm_classifier,0,0,0.3478262
39,2023,12,lstm_classifier,0,0,0.17749444
39,2024,1,lstm_classifier,0,0,0.25691992
39,2024,2,lstm_classifier,0,0,0.3012538
39,2024,3,lstm_classifier,0,0,0.28353712
39,2024,4,lstm_classifier,0,0,0.2927378
39,2024,5,lstm_classifier,0,0,0.37236288
39,2024,6,lstm_classifier,0,0,0.35447168
39,2024,7,lstm_classifier,0,0,0.48181975
39,2024,8,lstm_classifier,0,0,0.40160197
39,2024,9,lstm_classifier,0,0,0.3816857
40,2023,12,lstm_classifier,0,0,0.17256062
40,2024,1,lstm_classifier,0,0,0.270815
40,2024,2,lstm_classifier,0,0,0.32731527
40,2024,3,lstm_classifier,0,0,0.31596237
40,2024,4,lstm_classifier,0,0,0.32256234
40,2024,5,lstm_classifier,0,0,0.3929661
40,2024,6,lstm_classifier,0,0,0.3936685
40,2024,7,lstm_classifier,0,1,0.5160127
40,2024,8,lstm_classifier,0,0,0.49366143
40,2024,9,lstm_classifier,0,1,0.5029934
41,2023,12,lstm_classifier,1,1,0.9325932
41,2024,1,lstm_classifier,0,1,0.73036575
41,2024,2,lstm_classifier,1,1,0.90956247
41,2024,3,lstm_classifier,1,1,0.7899623
41,2024,4,lstm_classifier,1,1,0.58784086
41,2024,5,lstm_classifier,0,1,0.6956673
41,2024,6,lstm_classifier,1,1,0.5191003
41,2024,7,lstm_classifier,0,1,0.6386763
41,2024,8,lstm_classifier,0,1,0.78963226
41,2024,9,lstm_classifier,0,1,0.79865056
42,2023,12,lstm_classifier,1,1,0.9330847
42,2024,1,lstm_classifier,0,0,0.464522
42,2024,2,lstm_classifier,1,1,0.89984035
42,2024,3,lstm_classifier,1,1,0.69012207
42,2024,4,lstm_classifier,1,1,0.5408079
42,2024,5,lstm_classifier,0,1,0.67846054
42,2024,6,lstm_classifier,1,0,0.45055655
42,2024,7,lstm_classifier,0,1,0.6212065
42,2024,8,lstm_classifier,0,1,0.76403403
42,2024,9,lstm_classifier,0,1,0.7854833
43,2023,12,lstm_classifier,0,0,0.2683483
43,2024,1,lstm_classifier,0,0,0.26015064
43,2024,2,lstm_classifier,0,0,0.4045994
43,2024,3,lstm_classifier,0,0,0.34392717
43,2024,4,lstm_classifier,0,0,0.42655182
43,2024,5,lstm_classifier,0,1,0.512504
43,2024,6,lstm_classifier,0,0,0.3851254
43,2024,7,lstm_classifier,0,0,0.47208056
43,2024,8,lstm_classifier,0,0,0.4000605
43,2024,9,lstm_classifier,1,0,0.47986576
44,2023,12,lstm_classifier,0,0,0.2030799
44,2024,1,lstm_classifier,0,0,0.1976369
44,2024,2,lstm_classifier,0,0,0.22722925
44,2024,3,lstm_classifier,0,0,0.29929984
44,2024,4,lstm_classifier,0,0,0.37517202
44,2024,5,lstm_classifier,0,0,0.47857586
44,2024,6,lstm_classifier,0,1,0.5213803
44,2024,7,lstm_classifier,0,1,0.6115233
44,2024,8,lstm_classifier,0,1,0.6445974
44,2024,9,lstm_classifier,1,1,0.7251434
45,2023,12,lstm_classifier,0,0,0.20875996
45,2024,1,lstm_classifier,1,0,0.254932
45,2024,2,lstm_classifier,0,0,0.3527315
45,2024,3,lstm_classifier,1,0,0.24562274
45,2024,4,lstm_classifier,1,0,0.30369523
45,2024,5,lstm_classifier,0,0,0.3570847
45,2024,6,lstm_classifier,1,0,0.36523074
45,2024,7,lstm_classifier,0,1,0.57200706
45,2024,8,lstm_classifier,1,0,0.4971334
45,2024,9,lstm_classifier,0,1,0.57613164
46,2023,12,lstm_classifier,0,0,0.28950825
46,2024,1,lstm_classifier,1,0,0.2566839
46,2024,2,lstm_classifier,0,0,0.33423454
46,2024,3,lstm_classifier,1,0,0.23176141
46,2024,4,lstm_classifier,1,0,0.28347373
46,2024,5,lstm_classifier,0,0,0.37624276
46,2024,6,lstm_classifier,1,0,0.3639235
46,2024,7,lstm_classifier,0,1,0.546345
46,2024,8,lstm_classifier,1,1,0.5167952
46,2024,9,lstm_classifier,0,1,0.6196509
47,2023,12,lstm_classifier,0,1,0.8223707
47,2024,1,lstm_classifier,0,0,0.41866985
47,2024,2,lstm_classifier,0,0,0.40188548
47,2024,3,lstm_classifier,0,0,0.32696405
47,2024,4,lstm_classifier,1,0,0.31626862
47,2024,5,lstm_classifier,0,1,0.5043461
47,2024,6,lstm_classifier,0,0,0.48197
47,2024,7,lstm_classifier,0,1,0.6112912
47,2024,8,lstm_classifier,0,1,0.6528255
47,2024,9,lstm_classifier,0,1,0.6788578
48,2023,12,lstm_classifier,0,0,0.1345573
48,2024,1,lstm_classifier,0,0,0.17680924
48,2024,2,lstm_classifier,0,0,0.23687115
48,2024,3,lstm_classifier,0,0,0.29179785
48,2024,4,lstm_classifier,1,0,0.30364886
48,2024,5,lstm_classifier,0,0,0.47431886
48,2024,6,lstm_classifier,1,0,0.47616595
48,2024,7,lstm_classifier,0,1,0.5650515
48,2024,8,lstm_classifier,0,1,0.722946
48,2024,9,lstm_classifier,1,1,0.8427315
49,2023,12,lstm_classifier,0,0,0.39079607
49,2024,1,lstm_classifier,0,0,0.3194264
49,2024,2,lstm_classifier,1,0,0.3974826
49,2024,3,lstm_classifier,1,0,0.4806127
49,2024,4,lstm_classifier,0,0,0.393751
49,2024,5,lstm_classifier,1,0,0.43595257
49,2024,6,lstm_classifier,1,0,0.46941712
49,2024,7,lstm_classifier,0,1,0.61687714
49,2024,8,lstm_classifier,0,1,0.74356747
49,2024,9,lstm_classifier,0,1,0.8167622
50,2023,12,lstm_classifier,1,0,0.35939717
50,2024,1,lstm_classifier,0,0,0.32740107
50,2024,2,lstm_classifier,0,0,0.25799617
50,2024,3,lstm_classifier,0,0,0.2917637
50,2024,4,lstm_classifier,0,0,0.30791503
50,2024,5,lstm_classifier,0,0,0.32627362
50,2024,6,lstm_classifier,0,0,0.41002572
50,2024,7,lstm_classifier,0,1,0.5966698
50,2024,8,lstm_classifier,0,1,0.5345265
50,2024,9,lstm_classifier,0,1,0.6399921
51,2023,12,lstm_classifier,1,0,0.35162488
51,2024,1,lstm_classifier,0,0,0.3427546
51,2024,2,lstm_classifier,0,0,0.33414567
51,2024,3,lstm_classifier,0,0,0.28554958
51,2024,4,lstm_classifier,0,0,0.29323775
51,2024,5,lstm_classifier,0,0,0.28822467
51,2024,6,lstm_classifier,0,0,0.37326854
51,2024,7,lstm_classifier,0,0,0.40422
51,2024,8,lstm_classifier,0,0,0.48920336
51,2024,9,lstm_classifier,0,1,0.7364472
52,2023,12,lstm_classifier,0,0,0.35911408
52,2024,1,lstm_classifier,1,0,0.2880527
52,2024,2,lstm_classifier,0,0,0.25852135
52,2024,3,lstm_classifier,0,0,0.3716868
52,2024,4,lstm_classifier,1,0,0.46479598
52,2024,5,lstm_classifier,1,1,0.53659767
52,2024,6,lstm_classifier,0,1,0.5452398
52,2024,7,lstm_classifier,0,1,0.70300055
52,2024,8,lstm_classifier,0,1,0.66506064
52,2024,9,lstm_classifier,1,1,0.7574018
53,2023,12,lstm_classifier,0,0,0.19458117
53,2024,1,lstm_classifier,0,0,0.2832154
53,2024,2,lstm_classifier,0,0,0.3215543
53,2024,3,lstm_classifier,1,0,0.39644364
53,2024,4,lstm_classifier,0,0,0.46735853
53,2024,5,lstm_classifier,1,0,0.47714913
53,2024,6,lstm_classifier,0,0,0.48284495
53,2024,7,lstm_classifier,1,1,0.6358296
53,2024,8,lstm_classifier,1,0,0.4751596
53,2024,9,lstm_classifier,0,0,0.331645
54,2023,12,lstm_classifier,0,0,0.20702384
54,2024,1,lstm_classifier,0,0,0.3048222
54,2024,2,lstm_classifier,0,0,0.32179937
54,2024,3,lstm_classifier,1,0,0.37976703
54,2024,4,lstm_classifier,0,0,0.46485522
54,2024,5,lstm_classifier,1,0,0.46876082
54,2024,6,lstm_classifier,0,1,0.5016646
54,2024,7,lstm_classifier,1,1,0.6598094
54,2024,8,lstm_classifier,1,1,0.5988249
54,2024,9,lstm_classifier,0,1,0.5991441
55,2023,12,lstm_classifier,0,0,0.17643678
55,2024,1,lstm_classifier,0,0,0.20017749
55,2024,2,lstm_classifier,1,0,0.23301125
55,2024,3,lstm_classifier,0,0,0.4223018
55,2024,4,lstm_classifier,0,0,0.36780703
55,2024,5,lstm_classifier,0,0,0.40915397
55,2024,6,lstm_classifier,0,0,0.4171951
55,2024,7,lstm_classifier,0,1,0.63419956
55,2024,8,lstm_classifier,0,1,0.56899256
55,2024,9,lstm_classifier,1,1,0.529738
56,2023,12,lstm_classifier,0,0,0.18586718
56,2024,1,lstm_classifier,0,0,0.2127478
56,2024,2,lstm_classifier,1,0,0.24139713
56,2024,3,lstm_classifier,0,0,0.42553613
56,2024,4,lstm_classifier,0,0,0.36913216
56,2024,5,lstm_classifier,0,0,0.42581448
56,2024,6,lstm_classifier,0,0,0.45197982
56,2024,7,lstm_classifier,0,1,0.679307
56,2024,8,lstm_classifier,0,1,0.60293156
56,2024,9,lstm_classifier,1,1,0.5821938
57,2023,12,lstm_classifier,0,0,0.22590992
57,2024,1,lstm_classifier,0,0,0.18795864
57,2024,2,lstm_classifier,0,0,0.12771457
57,2024,3,lstm_classifier,0,0,0.11996926
57,2024,4,lstm_classifier,0,0,0.12448852
57,2024,5,lstm_classifier,1,0,0.13363712
57,2024,6,lstm_classifier,0,0,0.20525517
57,2024,7,lstm_classifier,1,0,0.24189821
57,2024,8,lstm_classifier,0,0,0.2708117
57,2024,9,lstm_classifier,0,0,0.25501323
58,2023,12,lstm_classifier,0,0,0.16762204
58,2024,1,lstm_classifier,0,0,0.17089508
58,2024,2,lstm_classifier,0,0,0.12111336
58,2024,3,lstm_classifier,0,0,0.12012264
58,2024,4,lstm_classifier,0,0,0.12269862
58,2024,5,lstm_classifier,1,0,0.14718978
58,2024,6,lstm_classifier,0,0,0.20063445
58,2024,7,lstm_classifier,1,0,0.22590296
58,2024,8,lstm_classifier,0,0,0.25858197
58,2024,9,lstm_classifier,0,0,0.23741046
59,2023,12,lstm_classifier,0,0,0.31759724
59,2024,1,lstm_classifier,0,0,0.19917004
59,2024,2,lstm_classifier,0,0,0.12816985
59,2024,3,lstm_classifier,0,0,0.11323919
59,2024,4,lstm_classifier,1,0,0.117253
59,2024,5,lstm_classifier,0,0,0.18750364
59,2024,6,lstm_classifier,0,0,0.18865481
59,2024,7,lstm_classifier,0,0,0.23249584
59,2024,8,lstm_classifier,0,0,0.25024188
59,2024,9,lstm_classifier,0,0,0.25831643
60,2023,12,lstm_classifier,0,0,0.26861635
60,2024,1,lstm_classifier,0,0,0.18015537
60,2024,2,lstm_classifier,0,0,0.1337426
60,2024,3,lstm_classifier,0,0,0.117682025
60,2024,4,lstm_classifier,1,0,0.12859678
60,2024,5,lstm_classifier,0,0,0.18999234
60,2024,6,lstm_classifier,0,0,0.17265998
60,2024,7,lstm_classifier,0,0,0.21551989
60,2024,8,lstm_classifier,0,0,0.23872018
60,2024,9,lstm_classifier,0,0,0.25178048
61,2023,12,lstm_classifier,0,0,0.18921337
61,2024,1,lstm_classifier,1,0,0.17458406
61,2024,2,lstm_classifier,0,0,0.3336706
61,2024,3,lstm_classifier,0,0,0.33385968
61,2024,4,lstm_classifier,0,0,0.36390844
61,2024,5,lstm_classifier,0,0,0.38995814
61,2024,6,lstm_classifier,0,0,0.48820803
61,2024,7,lstm_classifier,0,1,0.6844997
61,2024,8,lstm_classifier,0,1,0.576202
61,2024,9,lstm_classifier,0,1,0.59480816
62,2023,12,lstm_classifier,0,0,0.18080994
62,2024,1,lstm_classifier,1,0,0.18120281
62,2024,2,lstm_classifier,0,0,0.37223402
62,2024,3,lstm_classifier,0,0,0.3495756
62,2024,4,lstm_classifier,0,0,0.3537229
62,2024,5,lstm_classifier,0,0,0.37847212
62,2024,6,lstm_classifier,0,0,0.47439122
62,2024,7,lstm_classifier,0,1,0.63796544
62,2024,8,lstm_classifier,0,1,0.5700274
62,2024,9,lstm_classifier,0,1,0.60361
63,2023,12,lstm_classifier,0,0,0.2121146
63,2024,1,lstm_classifier,0,0,0.21885489
63,2024,2,lstm_classifier,1,0,0.26941162
63,2024,3,lstm_classifier,0,0,0.39794946
63,2024,4,lstm_classifier,0,0,0.42170727
63,2024,5,lstm_classifier,0,1,0.5353223
63,2024,6,lstm_classifier,1,1,0.5979546
63,2024,7,lstm_classifier,1,1,0.6631837
63,2024,8,lstm_classifier,0,1,0.8599966
63,2024,9,lstm_classifier,0,1,0.7804285
64,2023,12,lstm_classifier,0,0,0.16497408
64,2024,1,lstm_classifier,0,0,0.15043709
64,2024,2,lstm_classifier,0,0,0.2004372
64,2024,3,lstm_classifier,0,0,0.3266935
64,2024,4,lstm_classifier,1,0,0.39982483
64,2024,5,lstm_classifier,0,1,0.5160319
64,2024,6,lstm_classifier,1,1,0.63823134
64,2024,7,lstm_classifier,1,1,0.8048246
64,2024,8,lstm_classifier,1,1,0.92649245
64,2024,9,lstm_classifier,0,1,0.97670346
65,2023,12,lstm_classifier,0,0,0.4310348
65,2024,1,lstm_classifier,0,0,0.24626586
65,2024,2,lstm_classifier,0,0,0.32729542
65,2024,3,lstm_classifier,0,0,0.39616588
65,2024,4,lstm_classifier,1,0,0.42870176
65,2024,5,lstm_classifier,0,1,0.5583258
65,2024,6,lstm_classifier,1,1,0.61206526
65,2024,7,lstm_classifier,1,1,0.7296179
65,2024,8,lstm_classifier,1,1,0.8453678
65,2024,9,lstm_classifier,0,1,0.91242033
66,2023,12,lstm_classifier,0,0,0.16043183
66,2024,1,lstm_classifier,0,0,0.14850762
66,2024,2,lstm_classifier,1,0,0.21115166
66,2024,3,lstm_classifier,0,0,0.39190122
66,2024,4,lstm_classifier,0,0,0.40578398
66,2024,5,lstm_classifier,0,1,0.5241507
66,2024,6,lstm_classifier,1,1,0.63939166
66,2024,7,lstm_classifier,1,1,0.7864776
66,2024,8,lstm_classifier,0,1,0.8039995
66,2024,9,lstm_classifier,0,1,0.7994324
67,2023,12,lstm_classifier,0,0,0.33521968
67,2024,1,lstm_classifier,0,0,0.14878972
67,2024,2,lstm_classifier,0,0,0.22033021
67,2024,3,lstm_classifier,0,0,0.28406924
67,2024,4,lstm_classifier,1,0,0.29656202
67,2024,5,lstm_classifier,0,1,0.5165898
67,2024,6,lstm_classifier,0,0,0.46623757
67,2024,7,lstm_classifier,0,1,0.61238897
67,2024,8,lstm_classifier,0,1,0.5833363
67,2024,9,lstm_classifier,0,1,0.595646
68,2023,12,lstm_classifier,0,0,0.2722374
68,2024,1,lstm_classifier,0,0,0.2945532
68,2024,2,lstm_classifier,0,0,0.26870814
68,2024,3,lstm_classifier,0,0,0.19733474
68,2024,4,lstm_classifier,1,0,0.19646803
68,2024,5,lstm_classifier,0,0,0.29971907
68,2024,6,lstm_classifier,0,0,0.32767883
68,2024,7,lstm_classifier,0,0,0.4532457
68,2024,8,lstm_classifier,0,0,0.3933237
68,2024,9,lstm_classifier,0,0,0.40939897
69,2023,12,lstm_classifier,1,1,0.997792
69,2024,1,lstm_classifier,1,1,0.9885942
69,2024,2,lstm_classifier,0,1,0.9821598
69,2024,3,lstm_classifier,1,1,0.79009587
69,2024,4,lstm_classifier,1,1,0.72073364
69,2024,5,lstm_classifier,1,1,0.9409717
69,2024,6,lstm_classifier,1,1,0.98368305
69,2024,7,lstm_classifier,0,1,0.9927448
69,2024,8,lstm_classifier,1,1,0.99138707
69,2024,9,lstm_classifier,1,1,0.99768126
70,2023,12,lstm_classifier,0,0,0.3829041
70,2024,1,lstm_classifier,0,0,0.22864325
70,2024,2,lstm_classifier,0,0,0.27062443
70,2024,3,lstm_classifier,0,0,0.22174487
70,2024,4,lstm_classifier,0,0,0.23006889
70,2024,5,lstm_classifier,0,0,0.22797683
70,2024,6,lstm_classifier,1,0,0.32321212
70,2024,7,lstm_classifier,0,0,0.42316303
70,2024,8,lstm_classifier,0,0,0.49246874
70,2024,9,lstm_classifier,0,1,0.59076804
71,2023,12,lstm_classifier,0,1,0.6274307
71,2024,1,lstm_classifier,0,0,0.2602706
71,2024,2,lstm_classifier,0,0,0.38310853
71,2024,3,lstm_classifier,0,0,0.24447146
71,2024,4,lstm_classifier,0,0,0.23243716
71,2024,5,lstm_classifier,0,0,0.23494849
71,2024,6,lstm_classifier,1,0,0.3316375
71,2024,7,lstm_classifier,0,0,0.4329745
71,2024,8,lstm_classifier,0,1,0.5110748
71,2024,9,lstm_classifier,0,1,0.58141035
72,2023,12,lstm_classifier,0,0,0.3408596
72,2024,1,lstm_classifier,0,0,0.34858403
72,2024,2,lstm_classifier,0,1,0.631453
72,2024,3,lstm_classifier,1,0,0.22527944
72,2024,4,lstm_classifier,1,0,0.29830587
72,2024,5,lstm_classifier,0,0,0.40392345
72,2024,6,lstm_classifier,1,0,0.36632526
72,2024,7,lstm_classifier,0,0,0.4129242
72,2024,8,lstm_classifier,0,0,0.37726045
72,2024,9,lstm_classifier,0,0,0.39898726
73,2023,12,lstm_classifier,0,0,0.38449058
73,2024,1,lstm_classifier,0,0,0.3266718
73,2024,2,lstm_classifier,0,1,0.5404161
73,2024,3,lstm_classifier,1,0,0.3237935
73,2024,4,lstm_classifier,1,0,0.38459215
73,2024,5,lstm_classifier,0,0,0.39621565
73,2024,6,lstm_classifier,1,1,0.55335176
73,2024,7,lstm_classifier,0,1,0.6202173
73,2024,8,lstm_classifier,0,1,0.83738405
73,2024,9,lstm_classifier,0,1,0.9219461
74,2023,12,lstm_classifier,1,0,0.4791633
74,2024,1,lstm_classifier,0,0,0.42719248
74,2024,2,lstm_classifier,1,1,0.57132554
74,2024,3,lstm_classifier,1,0,0.3899561
74,2024,4,lstm_classifier,0,0,0.37828317
74,2024,5,lstm_classifier,0,0,0.33849764
74,2024,6,lstm_classifier,0,0,0.30482414
74,2024,7,lstm_classifier,0,0,0.29446438
74,2024,8,lstm_classifier,0,0,0.27645564
74,2024,9,lstm_classifier,1,0,0.27562702
75,2023,12,lstm_classifier,1,1,0.6700657
75,2024,1,lstm_classifier,0,0,0.49468023
75,2024,2,lstm_classifier,1,1,0.6705317
75,2024,3,lstm_classifier,1,0,0.4513054
75,2024,4,lstm_classifier,0,0,0.44979826
75,2024,5,lstm_classifier,0,0,0.44511634
75,2024,6,lstm_classifier,0,0,0.40640354
75,2024,7,lstm_classifier,0,0,0.4139981
75,2024,8,lstm_classifier,0,0,0.42973676
75,2024,9,lstm_classifier,1,0,0.47489265
76,2023,12,lstm_classifier,0,0,0.22118562
76,2024,1,lstm_classifier,0,0,0.23983453
76,2024,2,lstm_classifier,0,0,0.23364414
76,2024,3,lstm_classifier,0,0,0.1479908
76,2024,4,lstm_classifier,0,0,0.15659161
76,2024,5,lstm_classifier,0,0,0.17321225
76,2024,6,lstm_classifier,0,0,0.2036795
76,2024,7,lstm_classifier,1,0,0.27204078
76,2024,8,lstm_classifier,1,0,0.29872125
76,2024,9,lstm_classifier,1,0,0.29549825
77,2023,12,lstm_classifier,1,1,0.9892936
77,2024,1,lstm_classifier,0,1,0.9662536
77,2024,2,lstm_classifier,1,1,0.9665001
77,2024,3,lstm_classifier,1,1,0.89480823
77,2024,4,lstm_classifier,0,1,0.83959115
77,2024,5,lstm_classifier,1,1,0.77977586
77,2024,6,lstm_classifier,1,1,0.87533516
77,2024,7,lstm_classifier,0,1,0.93309975
77,2024,8,lstm_classifier,0,1,0.9158878
77,2024,9,lstm_classifier,1,1,0.95256346
78,2023,12,lstm_classifier,0,0,0.14882062
78,2024,1,lstm_classifier,0,0,0.19323955
78,2024,2,lstm_classifier,0,0,0.17781447
78,2024,3,lstm_classifier,0,0,0.15042074
78,2024,4,lstm_classifier,0,0,0.14077531
78,2024,5,lstm_classifier,0,0,0.161781
78,2024,6,lstm_classifier,0,0,0.17300645
78,2024,7,lstm_classifier,0,0,0.20886338
78,2024,8,lstm_classifier,0,0,0.23806474
78,2024,9,lstm_classifier,0,0,0.26648566
79,2023,12,lstm_classifier,0,0,0.24882874
79,2024,1,lstm_classifier,0,0,0.31970793
79,2024,2,lstm_classifier,0,0,0.3511244
79,2024,3,lstm_classifier,0,0,0.23612179
79,2024,4,lstm_classifier,0,0,0.18769142
79,2024,5,lstm_classifier,0,0,0.21438402
79,2024,6,lstm_classifier,0,0,0.19925335
79,2024,7,lstm_classifier,0,0,0.26183018
79,2024,8,lstm_classifier,0,0,0.3143233
79,2024,9,lstm_classifier,0,0,0.40790838
80,2023,12,lstm_classifier,0,0,0.23216449
80,2024,1,lstm_classifier,0,0,0.17776975
80,2024,2,lstm_classifier,0,0,0.15743104
80,2024,3,lstm_classifier,1,0,0.12649728
80,2024,4,lstm_classifier,0,0,0.15531933
80,2024,5,lstm_classifier,0,0,0.17333475
81,2023,12,lstm_classifier,0,0,0.18344635
81,2024,1,lstm_classifier,0,0,0.18687257
81,2024,2,lstm_classifier,0,0,0.17116673
81,2024,3,lstm_classifier,1,0,0.13631105
81,2024,4,lstm_classifier,0,0,0.15833509
81,2024,5,lstm_classifier,0,0,0.26441157
81,2024,6,lstm_classifier,0,0,0.22852996
81,2024,7,lstm_classifier,0,0,0.24637142
81,2024,8,lstm_classifier,0,0,0.26565495
81,2024,9,lstm_classifier,0,0,0.27192122
82,2023,12,lstm_classifier,0,0,0.18680634
82,2024,1,lstm_classifier,1,0,0.17828321
82,2024,2,lstm_classifier,0,0,0.21972688
82,2024,3,lstm_classifier,0,0,0.15439449
82,2024,4,lstm_classifier,0,0,0.20424172
82,2024,5,lstm_classifier,0,0,0.17257051
82,2024,6,lstm_classifier,0,0,0.20115979
82,2024,7,lstm_classifier,0,0,0.22785322
82,2024,8,lstm_classifier,0,0,0.24371654
82,2024,9,lstm_classifier,0,0,0.25717306
83,2023,12,lstm_classifier,0,0,0.16297203
83,2024,1,lstm_classifier,1,0,0.16969748
83,2024,2,lstm_classifier,0,0,0.20649
83,2024,3,lstm_classifier,0,0,0.15082067
83,2024,4,lstm_classifier,0,0,0.18327796
83,2024,5,lstm_classifier,0,0,0.20133935
83,2024,6,lstm_classifier,0,0,0.22434692
83,2024,7,lstm_classifier,0,0,0.26164111
83,2024,8,lstm_classifier,0,0,0.2606435
83,2024,9,lstm_classifier,0,0,0.28151274
84,2023,12,lstm_classifier,0,0,0.20053643
84,2024,1,lstm_classifier,0,0,0.2924715
84,2024,2,lstm_classifier,0,0,0.26689702
84,2024,3,lstm_classifier,0,0,0.3244621
84,2024,4,lstm_classifier,0,0,0.33169383
84,2024,5,lstm_classifier,0,0,0.38195997
84,2024,6,lstm_classifier,0,0,0.4899011
84,2024,7,lstm_classifier,1,1,0.6591819
84,2024,8,lstm_classifier,0,1,0.63016593
84,2024,9,lstm_classifier,0,1,0.68311495
85,2023,12,lstm_classifier,0,0,0.18678491
85,2024,1,lstm_classifier,0,0,0.17761019
85,2024,2,lstm_classifier,0,0,0.1346044
85,2024,3,lstm_classifier,0,0,0.1193952
85,2024,4,lstm_classifier,0,0,0.118866764
85,2024,5,lstm_classifier,1,0,0.13148895
85,2024,6,lstm_classifier,0,0,0.2045023
85,2024,7,lstm_classifier,0,0,0.22641645
85,2024,8,lstm_classifier,0,0,0.3273942
85,2024,9,lstm_classifier,0,0,0.29549906
86,2023,12,lstm_classifier,0,0,0.18644613
86,2024,1,lstm_classifier,0,0,0.17944562
86,2024,2,lstm_classifier,0,0,0.19288659
86,2024,3,lstm_classifier,0,0,0.13529481
86,2024,4,lstm_classifier,0,0,0.120222025
86,2024,5,lstm_classifier,1,0,0.13564152
86,2024,6,lstm_classifier,0,0,0.21309315
86,2024,7,lstm_classifier,0,0,0.23780754
86,2024,8,lstm_classifier,0,0,0.25159973
86,2024,9,lstm_classifier,0,0,0.2580186
87,2023,12,lstm_classifier,0,0,0.21636891
87,2024,1,lstm_classifier,0,0,0.27646476
87,2024,2,lstm_classifier,0,0,0.26624417
87,2024,3,lstm_classifier,0,0,0.36992648
87,2024,4,lstm_classifier,0,0,0.42649537
87,2024,5,lstm_classifier,0,1,0.50453496
87,2024,6,lstm_classifier,0,1,0.5254949
87,2024,7,lstm_classifier,0,1,0.5725534
87,2024,8,lstm_classifier,1,1,0.62139946
87,2024,9,lstm_classifier,1,1,0.55995554
88,2023,12,lstm_classifier,0,0,0.35878173
88,2024,1,lstm_classifier,0,0,0.2389797
88,2024,2,lstm_classifier,0,0,0.22712243
88,2024,3,lstm_classifier,0,0,0.18292455
88,2024,4,lstm_classifier,0,0,0.18550384
88,2024,5,lstm_classifier,1,0,0.2044894
88,2024,6,lstm_classifier,0,0,0.3347092
88,2024,7,lstm_classifier,0,0,0.39426577
88,2024,8,lstm_classifier,1,0,0.49511367
88,2024,9,lstm_classifier,0,1,0.54645586
89,2023,12,lstm_classifier,0,0,0.3054133
89,2024,1,lstm_classifier,0,0,0.3235151
89,2024,2,lstm_classifier,0,0,0.26767814
89,2024,3,lstm_classifier,0,0,0.30844724
89,2024,4,lstm_classifier,0,0,0.34874627
89,2024,5,lstm_classifier,1,0,0.3845532
89,2024,6,lstm_classifier,0,0,0.44080848
89,2024,7,lstm_classifier,0,1,0.5637988
89,2024,8,lstm_classifier,1,1,0.62916523
89,2024,9,lstm_classifier,0,1,0.6321213
90,2023,12,lstm_classifier,0,0,0.35295892
90,2024,1,lstm_classifier,0,0,0.23745783
90,2024,2,lstm_classifier,0,0,0.16269827
90,2024,3,lstm_classifier,0,0,0.12580785
90,2024,4,lstm_classifier,0,0,0.123312384
90,2024,5,lstm_classifier,0,0,0.14212875
90,2024,6,lstm_classifier,0,0,0.16499448
90,2024,7,lstm_classifier,0,0,0.20241344
90,2024,8,lstm_classifier,0,0,0.2467503
90,2024,9,lstm_classifier,0,0,0.28293818
91,2023,12,lstm_classifier,0,0,0.3570715
91,2024,1,lstm_classifier,0,0,0.2408226
91,2024,2,lstm_classifier,0,0,0.16367407
91,2024,3,lstm_classifier,0,0,0.1255618
91,2024,4,lstm_classifier,0,0,0.12371162
91,2024,5,lstm_classifier,0,0,0.14133781
91,2024,6,lstm_classifier,0,0,0.16629231
91,2024,7,lstm_classifier,0,0,0.20535226
91,2024,8,lstm_classifier,0,0,0.24794078
91,2024,9,lstm_classifier,0,0,0.28277537
92,2023,12,lstm_classifier,0,0,0.23335972
92,2024,1,lstm_classifier,0,0,0.24145348
92,2024,2,lstm_classifier,0,0,0.18826468
92,2024,3,lstm_classifier,1,0,0.14214188
92,2024,4,lstm_classifier,0,0,0.24108507
92,2024,5,lstm_classifier,0,0,0.28203925
92,2024,6,lstm_classifier,0,0,0.2751996
92,2024,7,lstm_classifier,0,0,0.3239887
92,2024,8,lstm_classifier,0,0,0.31532586
92,2024,9,lstm_classifier,0,0,0.31782854
93,2023,12,lstm_classifier,0,0,0.24393076
93,2024,1,lstm_classifier,0,0,0.24770145
93,2024,2,lstm_classifier,0,0,0.19045503
93,2024,3,lstm_classifier,1,0,0.14341375
93,2024,4,lstm_classifier,0,0,0.24604312
93,2024,5,lstm_classifier,0,0,0.30847672
93,2024,6,lstm_classifier,0,0,0.2789931
93,2024,7,lstm_classifier,0,0,0.32149124
93,2024,8,lstm_classifier,0,0,0.31793457
93,2024,9,lstm_classifier,0,0,0.31601185
94,2023,12,lstm_classifier,0,0,0.18245964
94,2024,1,lstm_classifier,0,0,0.20858757
94,2024,2,lstm_classifier,1,0,0.23647644
94,2024,3,lstm_classifier,0,0,0.24681604
94,2024,4,lstm_classifier,1,0,0.18127224
94,2024,5,lstm_classifier,0,0,0.27669504
94,2024,6,lstm_classifier,0,0,0.22865838
94,2024,7,lstm_classifier,0,0,0.29206622
94,2024,8,lstm_classifier,0,0,0.39134154
94,2024,9,lstm_classifier,1,0,0.46124366
95,2023,12,lstm_classifier,0,0,0.22440934
95,2024,1,lstm_classifier,1,0,0.26701456
95,2024,2,lstm_classifier,0,0,0.3041822
95,2024,3,lstm_classifier,0,0,0.24233365
95,2024,4,lstm_classifier,0,0,0.21355762
95,2024,5,lstm_classifier,0,0,0.24480622
95,2024,6,lstm_classifier,0,0,0.3314552
95,2024,7,lstm_classifier,0,0,0.49695757
95,2024,8,lstm_classifier,0,1,0.60867536
95,2024,9,lstm_classifier,0,1,0.66752934
96,2023,12,lstm_classifier,0,0,0.19387871
96,2024,1,lstm_classifier,1,0,0.25206047
96,2024,2,lstm_classifier,0,0,0.27523527
96,2024,3,lstm_classifier,0,0,0.23502666
96,2024,4,lstm_classifier,0,0,0.21149164
96,2024,5,lstm_classifier,0,0,0.24010924
96,2024,6,lstm_classifier,0,0,0.32460666
96,2024,7,lstm_classifier,0,0,0.43689027
96,2024,8,lstm_classifier,1,0,0.48146692
96,2024,9,lstm_classifier,0,1,0.5291891
97,2023,12,lstm_classifier,0,0,0.19297087
97,2024,1,lstm_classifier,1,0,0.19452359
97,2024,2,lstm_classifier,1,0,0.24489823
97,2024,3,lstm_classifier,0,0,0.2933562
97,2024,4,lstm_classifier,0,0,0.4620219
97,2024,5,lstm_classifier,0,1,0.57487476
97,2024,6,lstm_classifier,0,1,0.5608345
97,2024,7,lstm_classifier,0,1,0.67201054
97,2024,8,lstm_classifier,0,1,0.6133417
97,2024,9,lstm_classifier,0,1,0.5810881
98,2023,12,lstm_classifier,0,0,0.16785558
98,2024,1,lstm_classifier,1,0,0.21972518
98,2024,2,lstm_classifier,1,0,0.26821816
98,2024,3,lstm_classifier,0,0,0.36218765
98,2024,4,lstm_classifier,0,1,0.5325099
98,2024,5,lstm_classifier,0,1,0.6445709
98,2024,6,lstm_classifier,0,1,0.5837571
98,2024,7,lstm_classifier,0,1,0.68554544
98,2024,8,lstm_classifier,0,1,0.61304176
98,2024,9,lstm_classifier,0,1,0.58880484
99,2023,12,lstm_classifier,1,0,0.29841426
99,2024,1,lstm_classifier,1,0,0.24094284
99,2024,2,lstm_classifier,1,0,0.33534238
99,2024,3,lstm_classifier,0,0,0.27667263
99,2024,4,lstm_classifier,1,0,0.2309103
99,2024,5,lstm_classifier,1,0,0.3570441
99,2024,6,lstm_classifier,1,0,0.3684604
99,2024,7,lstm_classifier,1,0,0.4099711
99,2024,8,lstm_classifier,0,0,0.40233803
99,2024,9,lstm_classifier,1,0,0.35724822
100,2023,12,lstm_classifier,1,0,0.44058833
100,2024,1,lstm_classifier,1,0,0.37574044
100,2024,2,lstm_classifier,1,0,0.35905865
100,2024,3,lstm_classifier,0,0,0.391493
100,2024,4,lstm_classifier,1,0,0.49178332
100,2024,5,lstm_classifier,1,1,0.53527033
100,2024,6,lstm_classifier,1,1,0.59348625
100,2024,7,lstm_classifier,1,1,0.78272253
100,2024,8,lstm_classifier,0,1,0.69813687
100,2024,9,lstm_classifier,1,1,0.92874247
101,2023,12,lstm_classifier,0,1,0.83226347
101,2024,1,lstm_classifier,1,0,0.4312461
101,2024,2,lstm_classifier,1,1,0.9172313
101,2024,3,lstm_classifier,1,1,0.757027
101,2024,4,lstm_classifier,0,1,0.5643461
101,2024,5,lstm_classifier,0,1,0.50299025
101,2024,6,lstm_classifier,1,0,0.43467093
101,2024,7,lstm_classifier,1,1,0.62806284
101,2024,8,lstm_classifier,1,1,0.6698135
101,2024,9,lstm_classifier,0,1,0.74988216
102,2023,12,lstm_classifier,0,1,0.7439005
102,2024,1,lstm_classifier,1,0,0.37977594
102,2024,2,lstm_classifier,1,1,0.89425087
102,2024,3,lstm_classifier,1,1,0.7080988
102,2024,4,lstm_classifier,0,1,0.50615317
102,2024,5,lstm_classifier,0,0,0.4140164
102,2024,6,lstm_classifier,1,0,0.34259462
102,2024,7,lstm_classifier,1,1,0.5786729
102,2024,8,lstm_classifier,1,1,0.5005583
102,2024,9,lstm_classifier,0,1,0.5312689
103,2023,12,lstm_classifier,0,0,0.29939055
103,2024,1,lstm_classifier,0,0,0.21821687
103,2024,2,lstm_classifier,0,0,0.15140098
103,2024,3,lstm_classifier,0,0,0.119853355
103,2024,4,lstm_classifier,0,0,0.11446355
103,2024,5,lstm_classifier,0,0,0.12797056
103,2024,6,lstm_classifier,0,0,0.17019631
103,2024,7,lstm_classifier,0,0,0.20860109
103,2024,8,lstm_classifier,0,0,0.2475361
103,2024,9,lstm_classifier,0,0,0.27148312
104,2023,12,lstm_classifier,0,0,0.30432776
104,2024,1,lstm_classifier,0,0,0.22328931
104,2024,2,lstm_classifier,0,0,0.15363367
104,2024,3,lstm_classifier,0,0,0.11962546
104,2024,4,lstm_classifier,0,0,0.11408711
104,2024,5,lstm_classifier,0,0,0.12793359
104,2024,6,lstm_classifier,0,0,0.1724589
104,2024,7,lstm_classifier,0,0,0.22314923
104,2024,8,lstm_classifier,0,0,0.26155153
104,2024,9,lstm_classifier,0,0,0.28485218
105,2023,12,lstm_classifier,0,0,0.3671808
105,2024,1,lstm_classifier,0,0,0.21914315
105,2024,2,lstm_classifier,1,0,0.20292112
105,2024,3,lstm_classifier,0,0,0.2058122
105,2024,4,lstm_classifier,0,0,0.1388193
105,2024,5,lstm_classifier,0,0,0.15362942
105,2024,6,lstm_classifier,0,0,0.17543104
105,2024,7,lstm_classifier,0,0,0.199115
105,2024,8,lstm_classifier,0,0,0.22442932
105,2024,9,lstm_classifier,0,0,0.24233516
106,2023,12,lstm_classifier,0,0,0.3548267
106,2024,1,lstm_classifier,0,0,0.22035581
106,2024,2,lstm_classifier,1,0,0.20557837
106,2024,3,lstm_classifier,0,0,0.2121779
106,2024,4,lstm_classifier,0,0,0.13836223
106,2024,5,lstm_classifier,0,0,0.15422265
106,2024,6,lstm_classifier,0,0,0.17823403
106,2024,7,lstm_classifier,0,0,0.21372707
106,2024,8,lstm_classifier,0,0,0.24848938
106,2024,9,lstm_classifier,0,0,0.2820931
107,2023,12,lstm_classifier,1,1,0.993028
107,2024,1,lstm_classifier,0,1,0.9693759
107,2024,2,lstm_classifier,1,1,0.97272676
107,2024,3,lstm_classifier,1,1,0.9520463
107,2024,4,lstm_classifier,0,1,0.96357507
107,2024,5,lstm_classifier,1,1,0.94369495
107,2024,6,lstm_classifier,1,1,0.9641515
107,2024,7,lstm_classifier,0,1,0.9951874
107,2024,8,lstm_classifier,0,1,0.9960361
107,2024,9,lstm_classifier,1,1,0.9905804
108,2023,12,lstm_classifier,0,0,0.18749766
108,2024,1,lstm_classifier,0,0,0.23077548
108,2024,2,lstm_classifier,0,0,0.19782497
108,2024,3,lstm_classifier,0,0,0.21918312
108,2024,4,lstm_classifier,0,0,0.2262842
108,2024,5,lstm_classifier,0,0,0.26177824
108,2024,6,lstm_classifier,0,0,0.3813197
108,2024,7,lstm_classifier,1,1,0.6093093
108,2024,8,lstm_classifier,1,1,0.65149397
108,2024,9,lstm_classifier,1,1,0.79679275
109,2023,12,lstm_classifier,0,0,0.21937512
109,2024,1,lstm_classifier,0,0,0.25838244
109,2024,2,lstm_classifier,0,0,0.2075712
109,2024,3,lstm_classifier,0,0,0.33938777
109,2024,4,lstm_classifier,0,0,0.40076274
109,2024,5,lstm_classifier,0,0,0.46719694
109,2024,6,lstm_classifier,0,1,0.50400466
109,2024,7,lstm_classifier,0,1,0.6768711
109,2024,8,lstm_classifier,0,1,0.7673583
109,2024,9,lstm_classifier,1,1,0.7873735
110,2023,12,lstm_classifier,0,0,0.2297472
110,2024,1,lstm_classifier,0,0,0.3339582
110,2024,2,lstm_classifier,1,0,0.2686956
110,2024,3,lstm_classifier,0,0,0.37571466
110,2024,4,lstm_classifier,1,0,0.38757965
110,2024,5,lstm_classifier,0,1,0.5053159
110,2024,6,lstm_classifier,0,0,0.48030755
110,2024,7,lstm_classifier,0,1,0.72846687
110,2024,8,lstm_classifier,0,1,0.7295689
110,2024,9,lstm_classifier,1,1,0.67221826
111,2023,12,lstm_classifier,1,1,0.89891875
111,2024,1,lstm_classifier,0,1,0.6666633
111,2024,2,lstm_classifier,0,1,0.94218206
111,2024,3,lstm_classifier,1,1,0.5941382
111,2024,4,lstm_classifier,1,1,0.56508195
111,2024,5,lstm_classifier,0,1,0.5946931
111,2024,6,lstm_classifier,1,1,0.6019053
111,2024,7,lstm_classifier,1,1,0.6086148
111,2024,8,lstm_classifier,0,1,0.7489202
111,2024,9,lstm_classifier,0,1,0.92084897
112,2023,12,lstm_classifier,1,1,0.52233
112,2024,1,lstm_classifier,0,0,0.38306472
112,2024,2,lstm_classifier,0,0,0.4784235
112,2024,3,lstm_classifier,0,0,0.31256083
112,2024,4,lstm_classifier,0,0,0.31766438
112,2024,5,lstm_classifier,0,0,0.34850013
112,2024,6,lstm_classifier,0,0,0.4074371
112,2024,7,lstm_classifier,0,0,0.48627132
112,2024,8,lstm_classifier,1,1,0.5929342
112,2024,9,lstm_classifier,0,1,0.6665289
113,2023,12,lstm_classifier,1,0,0.35623226
113,2024,1,lstm_classifier,0,0,0.3474892
113,2024,2,lstm_classifier,0,1,0.56747776
113,2024,3,lstm_classifier,0,0,0.4178844
113,2024,4,lstm_classifier,0,0,0.29705152
113,2024,5,lstm_classifier,0,0,0.2388742
113,2024,6,lstm_classifier,0,0,0.30369782
113,2024,7,lstm_classifier,0,0,0.3316223
113,2024,8,lstm_classifier,0,0,0.41659936
113,2024,9,lstm_classifier,0,1,0.51853174
114,2023,12,lstm_classifier,1,0,0.12518665
114,2024,1,lstm_classifier,0,0,0.20107612
114,2024,2,lstm_classifier,0,0,0.25366816
114,2024,3,lstm_classifier,0,0,0.27822646
114,2024,4,lstm_classifier,0,0,0.17951891
114,2024,5,lstm_classifier,0,0,0.16943847
114,2024,6,lstm_classifier,0,0,0.21299568
114,2024,7,lstm_classifier,0,0,0.23031726
114,2024,8,lstm_classifier,0,0,0.25475472
114,2024,9,lstm_classifier,0,0,0.28354424
115,2023,12,lstm_classifier,1,1,0.73309475
115,2024,1,lstm_classifier,1,1,0.5507663
115,2024,2,lstm_classifier,1,1,0.72526973
115,2024,3,lstm_classifier,1,1,0.5565305
115,2024,4,lstm_classifier,1,1,0.54224443
115,2024,5,lstm_classifier,1,1,0.5951862
115,2024,6,lstm_classifier,0,1,0.67690766
115,2024,7,lstm_classifier,1,1,0.8532659
115,2024,8,lstm_classifier,0,1,0.8221087
115,2024,9,lstm_classifier,0,1,0.9445014
116,2023,12,lstm_classifier,0,0,0.37434858
116,2024,1,lstm_classifier,0,0,0.29669836
116,2024,2,lstm_classifier,1,0,0.2509336
116,2024,3,lstm_classifier,0,0,0.36533776
116,2024,4,lstm_classifier,0,0,0.2996826
116,2024,5,lstm_classifier,1,0,0.28000402
116,2024,6,lstm_classifier,0,0,0.28432137
116,2024,7,lstm_classifier,0,0,0.31620955
116,2024,8,lstm_classifier,0,0,0.30768692
116,2024,9,lstm_classifier,0,0,0.3052764
117,2023,12,lstm_classifier,0,0,0.3973517
117,2024,1,lstm_classifier,0,0,0.31223
117,2024,2,lstm_classifier,1,0,0.26765245
117,2024,3,lstm_classifier,0,0,0.38585848
117,2024,4,lstm_classifier,0,0,0.31610292
117,2024,5,lstm_classifier,1,0,0.30191496
117,2024,6,lstm_classifier,0,0,0.29692045
117,2024,7,lstm_classifier,0,0,0.3491971
117,2024,8,lstm_classifier,0,0,0.35933515
117,2024,9,lstm_classifier,0,0,0.39557713
118,2023,12,lstm_classifier,0,1,0.8155013
118,2024,1,lstm_classifier,1,1,0.69325066
118,2024,2,lstm_classifier,1,1,0.89359254
118,2024,3,lstm_classifier,0,1,0.7002672
118,2024,4,lstm_classifier,1,1,0.7034605
118,2024,5,lstm_classifier,1,1,0.67694074
118,2024,6,lstm_classifier,1,1,0.64282334
118,2024,7,lstm_classifier,1,1,0.6592015
118,2024,8,lstm_classifier,0,1,0.7069793
118,2024,9,lstm_classifier,0,1,0.83062893
119,2023,12,lstm_classifier,0,1,0.5127705
119,2024,1,lstm_classifier,1,0,0.24376842
119,2024,2,lstm_classifier,1,1,0.54431224
119,2024,3,lstm_classifier,0,0,0.44130316
119,2024,4,lstm_classifier,1,0,0.25001952
119,2024,5,lstm_classifier,1,0,0.2699263
119,2024,6,lstm_classifier,1,0,0.23996192
119,2024,7,lstm_classifier,1,0,0.27711165
119,2024,8,lstm_classifier,0,0,0.258126
119,2024,9,lstm_classifier,0,0,0.19507028
120,2023,12,lstm_classifier,1,0,0.12989452
120,2024,1,lstm_classifier,1,0,0.29614177
120,2024,2,lstm_classifier,0,0,0.36213875
120,2024,3,lstm_classifier,0,0,0.35161033
120,2024,4,lstm_classifier,0,0,0.33438805
120,2024,5,lstm_classifier,1,0,0.38412848
120,2024,6,lstm_classifier,0,0,0.39714682
120,2024,7,lstm_classifier,0,0,0.36902478
120,2024,8,lstm_classifier,0,0,0.30274957
120,2024,9,lstm_classifier,1,0,0.28915113
121,2023,12,lstm_classifier,1,0,0.2804989
121,2024,1,lstm_classifier,1,0,0.3509048
121,2024,2,lstm_classifier,0,0,0.39680675
121,2024,3,lstm_classifier,0,0,0.44492298
121,2024,4,lstm_classifier,0,0,0.46590933
121,2024,5,lstm_classifier,1,1,0.54738796
121,2024,6,lstm_classifier,0,1,0.53467864
121,2024,7,lstm_classifier,0,1,0.5754176
121,2024,8,lstm_classifier,0,1,0.5946876
121,2024,9,lstm_classifier,1,1,0.7932334
122,2023,12,lstm_classifier,1,0,0.36355248
122,2024,1,lstm_classifier,1,0,0.45301768
122,2024,2,lstm_classifier,1,1,0.624855
122,2024,3,lstm_classifier,0,0,0.42939308
122,2024,4,lstm_classifier,1,1,0.55390793
122,2024,5,lstm_classifier,1,1,0.5181027
122,2024,6,lstm_classifier,0,1,0.5484127
122,2024,7,lstm_classifier,0,1,0.62451977
122,2024,8,lstm_classifier,0,1,0.701784
122,2024,9,lstm_classifier,0,1,0.79496527
124,2023,12,lstm_classifier,1,0,0.14210874
124,2024,1,lstm_classifier,0,0,0.13359255
124,2024,2,lstm_classifier,0,0,0.33366713
124,2024,3,lstm_classifier,0,0,0.20585363
124,2024,4,lstm_classifier,1,0,0.17970552
124,2024,5,lstm_classifier,0,0,0.25003207
124,2024,6,lstm_classifier,0,0,0.2252192
124,2024,7,lstm_classifier,0,0,0.23608717
124,2024,8,lstm_classifier,0,0,0.24992804
125,2023,12,lstm_classifier,1,0,0.340727
125,2024,1,lstm_classifier,1,0,0.48522103
125,2024,2,lstm_classifier,1,1,0.70660317
125,2024,3,lstm_classifier,0,0,0.48851365
125,2024,4,lstm_classifier,1,1,0.5718456
125,2024,5,lstm_classifier,1,1,0.6077044
125,2024,6,lstm_classifier,0,1,0.58177185
125,2024,7,lstm_classifier,0,1,0.65990686
125,2024,8,lstm_classifier,0,1,0.6750862
125,2024,9,lstm_classifier,0,1,0.8773463
126,2023,12,lstm_classifier,1,0,0.35929835
126,2024,1,lstm_classifier,1,0,0.33951703
126,2024,2,lstm_classifier,1,1,0.64066076
126,2024,3,lstm_classifier,0,1,0.591075
126,2024,4,lstm_classifier,0,0,0.46741524
126,2024,5,lstm_classifier,0,1,0.50616175
126,2024,6,lstm_classifier,0,1,0.56077296
126,2024,7,lstm_classifier,1,1,0.62233347
126,2024,8,lstm_classifier,0,1,0.6302286
126,2024,9,lstm_classifier,1,1,0.67388755
127,2023,12,lstm_classifier,1,0,0.46857587
127,2024,1,lstm_classifier,0,0,0.38775763
127,2024,2,lstm_classifier,0,1,0.508181
127,2024,3,lstm_classifier,0,0,0.3416715
127,2024,4,lstm_classifier,1,0,0.35178608
127,2024,5,lstm_classifier,0,0,0.4933175
127,2024,6,lstm_classifier,1,0,0.42217004
127,2024,7,lstm_classifier,0,1,0.5370194
127,2024,8,lstm_classifier,1,1,0.70344555
127,2024,9,lstm_classifier,0,1,0.7688326
128,2023,12,lstm_classifier,0,0,0.1945198
128,2024,1,lstm_classifier,0,0,0.24872197
128,2024,2,lstm_classifier,0,0,0.23017076
128,2024,3,lstm_classifier,0,0,0.23494036
128,2024,4,lstm_classifier,0,0,0.21402751
128,2024,5,lstm_classifier,0,0,0.2421828
128,2024,6,lstm_classifier,1,0,0.3397318
128,2024,7,lstm_classifier,0,0,0.4203641
128,2024,8,lstm_classifier,0,0,0.46267056
128,2024,9,lstm_classifier,0,1,0.63391364
129,2023,12,lstm_classifier,0,0,0.18728693
129,2024,1,lstm_classifier,0,0,0.24711245
129,2024,2,lstm_classifier,0,0,0.21010941
129,2024,3,lstm_classifier,0,0,0.22519119
129,2024,4,lstm_classifier,0,0,0.22513191
129,2024,5,lstm_classifier,0,0,0.2562492
129,2024,6,lstm_classifier,1,0,0.3520758
129,2024,7,lstm_classifier,0,0,0.4241645
129,2024,8,lstm_classifier,0,0,0.45747873
129,2024,9,lstm_classifier,0,1,0.673703
131,2023,12,lstm_classifier,0,0,0.2880208
131,2024,1,lstm_classifier,0,0,0.29267666
131,2024,2,lstm_classifier,0,0,0.25898662
131,2024,3,lstm_classifier,0,0,0.23044851
131,2024,4,lstm_classifier,0,0,0.19697216
131,2024,5,lstm_classifier,0,0,0.22801252
131,2024,6,lstm_classifier,1,0,0.28502554
131,2024,7,lstm_classifier,0,0,0.48737678
131,2024,8,lstm_classifier,0,1,0.600924
131,2024,9,lstm_classifier,0,1,0.71157444
132,2023,12,lstm_classifier,0,0,0.23681968
132,2024,1,lstm_classifier,0,0,0.19722049
132,2024,2,lstm_classifier,0,0,0.12864415
132,2024,3,lstm_classifier,0,0,0.10997838
132,2024,4,lstm_classifier,0,0,0.116151884
132,2024,5,lstm_classifier,0,0,0.13142587
132,2024,6,lstm_classifier,0,0,0.17424726
132,2024,7,lstm_classifier,0,0,0.20969063
132,2024,8,lstm_classifier,0,0,0.24891391
132,2024,9,lstm_classifier,0,0,0.2718055
133,2023,12,lstm_classifier,0,0,0.17820247
133,2024,1,lstm_classifier,0,0,0.2204412
133,2024,2,lstm_classifier,0,0,0.18064667
133,2024,3,lstm_classifier,0,0,0.16042256
133,2024,4,lstm_classifier,0,0,0.16781455
133,2024,5,lstm_classifier,0,0,0.19445065
133,2024,6,lstm_classifier,0,0,0.23956522
133,2024,7,lstm_classifier,0,0,0.28508532
133,2024,8,lstm_classifier,0,0,0.35681555
133,2024,9,lstm_classifier,0,0,0.4679118
134,2023,12,lstm_classifier,0,0,0.45419282
134,2024,1,lstm_classifier,0,0,0.25183997
134,2024,2,lstm_classifier,0,0,0.16469027
134,2024,3,lstm_classifier,0,0,0.11066457
134,2024,4,lstm_classifier,0,0,0.12867148
134,2024,5,lstm_classifier,0,0,0.14184095
134,2024,6,lstm_classifier,0,0,0.18124466
134,2024,7,lstm_classifier,0,0,0.22886667
134,2024,8,lstm_classifier,0,0,0.26920095
134,2024,9,lstm_classifier,0,0,0.3433749
135,2023,12,lstm_classifier,0,0,0.25063804
135,2024,1,lstm_classifier,0,0,0.28628528
135,2024,2,lstm_classifier,0,0,0.24397287
135,2024,3,lstm_classifier,0,0,0.24007802
135,2024,4,lstm_classifier,0,0,0.23399292
135,2024,5,lstm_classifier,0,0,0.25890717
135,2024,6,lstm_classifier,0,0,0.3566208
135,2024,7,lstm_classifier,0,0,0.44928402
135,2024,8,lstm_classifier,0,0,0.49701515
135,2024,9,lstm_classifier,0,1,0.55738443
136,2023,12,lstm_classifier,0,0,0.46542883
136,2024,1,lstm_classifier,0,0,0.30532098
136,2024,2,lstm_classifier,1,0,0.32271102
136,2024,3,lstm_classifier,0,0,0.43297178
136,2024,4,lstm_classifier,0,0,0.38343605
136,2024,5,lstm_classifier,0,0,0.34282368
136,2024,6,lstm_classifier,0,0,0.2967631
136,2024,7,lstm_classifier,0,0,0.47319448
136,2024,8,lstm_classifier,0,1,0.523251
136,2024,9,lstm_classifier,1,1,0.56332016
137,2023,12,lstm_classifier,1,0,0.4996941
137,2024,1,lstm_classifier,1,0,0.30504957
137,2024,2,lstm_classifier,1,1,0.54480743
137,2024,3,lstm_classifier,0,0,0.4357598
137,2024,4,lstm_classifier,1,1,0.67199683
137,2024,5,lstm_classifier,1,1,0.72332036
137,2024,6,lstm_classifier,0,1,0.70045716
137,2024,7,lstm_classifier,0,1,0.7632741
137,2024,8,lstm_classifier,0,1,0.85196036
137,2024,9,lstm_classifier,1,1,0.6646469
138,2023,12,lstm_classifier,1,1,0.81142396
138,2024,1,lstm_classifier,1,0,0.3933538
138,2024,2,lstm_classifier,1,1,0.52043086
138,2024,3,lstm_classifier,1,1,0.7532562
138,2024,4,lstm_classifier,1,1,0.8754643
138,2024,5,lstm_classifier,1,1,0.9100812
138,2024,6,lstm_classifier,0,1,0.90147364
138,2024,7,lstm_classifier,0,1,0.96188104
138,2024,8,lstm_classifier,0,1,0.9598682
138,2024,9,lstm_classifier,1,1,0.9838576
139,2023,12,lstm_classifier,0,0,0.39711636
139,2024,1,lstm_classifier,0,0,0.22874367
139,2024,2,lstm_classifier,0,0,0.24830852
139,2024,3,lstm_classifier,0,0,0.16453527
139,2024,4,lstm_classifier,0,0,0.14179336
139,2024,5,lstm_classifier,1,0,0.1660772
139,2024,6,lstm_classifier,0,0,0.27839312
139,2024,7,lstm_classifier,1,0,0.37649342
139,2024,8,lstm_classifier,0,1,0.56033313
139,2024,9,lstm_classifier,0,1,0.63923746
140,2023,12,lstm_classifier,0,1,0.8287232
140,2024,1,lstm_classifier,1,0,0.4457583
140,2024,2,lstm_classifier,0,0,0.4746161
140,2024,3,lstm_classifier,1,0,0.43552125
140,2024,4,lstm_classifier,0,1,0.5720214
140,2024,5,lstm_classifier,1,1,0.5988022
140,2024,6,lstm_classifier,0,1,0.51070166
140,2024,7,lstm_classifier,1,1,0.8738218
140,2024,8,lstm_classifier,0,1,0.9190617
140,2024,9,lstm_classifier,1,1,0.936038
143,2024,6,lstm_classifier,0,1,0.96935093
143,2024,7,lstm_classifier,0,1,0.984769
143,2024,8,lstm_classifier,0,1,0.9777681
143,2024,9,lstm_classifier,1,1,0.96885186
1,2023,12,gru_classifier,1,1,0.63743263
1,2024,1,gru_classifier,0,0,0.26119253
1,2024,2,gru_classifier,0,1,0.7003781
1,2024,3,gru_classifier,0,0,0.27581066
1,2024,4,gru_classifier,1,0,0.28420871
1,2024,5,gru_classifier,1,0,0.49458623
1,2024,6,gru_classifier,0,0,0.39515865
1,2024,7,gru_classifier,0,0,0.42023402
1,2024,8,gru_classifier,1,0,0.41472107
1,2024,9,gru_classifier,0,1,0.5266401
2,2023,12,gru_classifier,0,1,0.586939
2,2024,1,gru_classifier,0,0,0.36033553
2,2024,2,gru_classifier,0,1,0.66033804
2,2024,3,gru_classifier,1,0,0.1828749
2,2024,4,gru_classifier,0,0,0.30743226
2,2024,5,gru_classifier,1,0,0.49990448
2,2024,6,gru_classifier,0,0,0.3102941
2,2024,7,gru_classifier,0,0,0.4283104
2,2024,8,gru_classifier,0,0,0.49722615
2,2024,9,gru_classifier,0,1,0.5855312
3,2023,12,gru_classifier,0,1,0.9756511
3,2024,1,gru_classifier,0,1,0.64032394
3,2024,2,gru_classifier,0,1,0.7020286
3,2024,3,gru_classifier,1,0,0.14046982
3,2024,4,gru_classifier,0,0,0.17892575
3,2024,5,gru_classifier,1,0,0.19279517
3,2024,6,gru_classifier,0,0,0.17207909
3,2024,7,gru_classifier,0,0,0.21847878
3,2024,8,gru_classifier,0,0,0.20007621
3,2024,9,gru_classifier,0,0,0.32201102
4,2023,12,gru_classifier,0,1,0.5682246
4,2024,1,gru_classifier,0,0,0.13968498
4,2024,2,gru_classifier,0,0,0.48760498
4,2024,3,gru_classifier,1,0,0.21527767
4,2024,4,gru_classifier,0,0,0.24159424
4,2024,5,gru_classifier,0,0,0.26192683
4,2024,6,gru_classifier,1,0,0.26670444
4,2024,7,gru_classifier,0,0,0.37621436
4,2024,8,gru_classifier,0,0,0.30253243
4,2024,9,gru_classifier,0,0,0.25425667
5,2023,12,gru_classifier,0,1,0.5770003
5,2024,1,gru_classifier,0,0,0.14089689
5,2024,2,gru_classifier,0,1,0.50317085
5,2024,3,gru_classifier,1,0,0.21743655
5,2024,4,gru_classifier,0,0,0.2453798
5,2024,5,gru_classifier,0,0,0.26609656
5,2024,6,gru_classifier,1,0,0.2663228
5,2024,7,gru_classifier,0,0,0.37520164
5,2024,8,gru_classifier,0,0,0.30244857
5,2024,9,gru_classifier,0,0,0.25004125
6,2023,12,gru_classifier,1,0,0.44047228
6,2024,1,gru_classifier,1,0,0.4502335
6,2024,2,gru_classifier,0,0,0.4031416
6,2024,3,gru_classifier,1,0,0.21541095
6,2024,4,gru_classifier,0,0,0.29208887
6,2024,5,gru_classifier,1,0,0.22979899
6,2024,6,gru_classifier,1,0,0.34077862
6,2024,7,gru_classifier,1,0,0.39752313
6,2024,8,gru_classifier,0,0,0.41617286
6,2024,9,gru_classifier,1,1,0.6416948
7,2023,12,gru_classifier,1,0,0.14774315
7,2024,1,gru_classifier,1,0,0.10337152
7,2024,2,gru_classifier,0,0,0.12947139
7,2024,3,gru_classifier,1,0,0.1604984
7,2024,4,gru_classifier,0,0,0.17110837
7,2024,5,gru_classifier,1,0,0.17662139
7,2024,6,gru_classifier,1,0,0.20237944
7,2024,7,gru_classifier,1,0,0.44470438
7,2024,8,gru_classifier,0,0,0.41122213
7,2024,9,gru_classifier,1,0,0.47606358
8,2023,12,gru_classifier,0,0,0.35408357
8,2024,1,gru_classifier,0,0,0.1797173
8,2024,2,gru_classifier,0,0,0.2236778
8,2024,3,gru_classifier,0,0,0.2146537
8,2024,4,gru_classifier,1,0,0.24481235
8,2024,5,gru_classifier,0,0,0.27084896
8,2024,6,gru_classifier,1,0,0.31457537
8,2024,7,gru_classifier,0,0,0.36545414
8,2024,8,gru_classifier,0,0,0.33089975
8,2024,9,gru_classifier,0,0,0.2954528
9,2023,12,gru_classifier,0,0,0.37930873
9,2024,1,gru_classifier,0,1,0.54767936
9,2024,2,gru_classifier,1,1,0.6979037
9,2024,3,gru_classifier,0,0,0.28524777
9,2024,4,gru_classifier,1,0,0.39984474
9,2024,5,gru_classifier,0,0,0.33624545
9,2024,6,gru_classifier,0,0,0.42586493
9,2024,7,gru_classifier,0,0,0.46942744
9,2024,8,gru_classifier,0,1,0.53524417
9,2024,9,gru_classifier,0,0,0.43964207
10,2023,12,gru_classifier,1,1,0.5132163
10,2024,1,gru_classifier,0,0,0.4595557
10,2024,2,gru_classifier,0,1,0.58456403
10,2024,3,gru_classifier,0,0,0.33389488
10,2024,4,gru_classifier,0,0,0.35968673
10,2024,5,gru_classifier,0,0,0.39187145
10,2024,6,gru_classifier,0,0,0.45125094
10,2024,7,gru_classifier,1,0,0.45095098
10,2024,8,gru_classifier,0,0,0.40623504
10,2024,9,gru_classifier,0,0,0.34155118
11,2023,12,gru_classifier,1,0,0.45263928
11,2024,1,gru_classifier,1,0,0.2960765
11,2024,2,gru_classifier,0,0,0.4085404
11,2024,3,gru_classifier,1,0,0.29140723
11,2024,4,gru_classifier,0,0,0.31559628
11,2024,5,gru_classifier,0,0,0.36457348
11,2024,6,gru_classifier,0,0,0.42743978
11,2024,7,gru_classifier,1,0,0.45462766
11,2024,8,gru_classifier,0,0,0.45558003
11,2024,9,gru_classifier,0,0,0.4504551
13,2023,12,gru_classifier,1,0,0.19452009
13,2024,1,gru_classifier,0,0,0.1409737
13,2024,2,gru_classifier,0,0,0.35523164
13,2024,3,gru_classifier,1,0,0.15926102
13,2024,4,gru_classifier,1,0,0.19673024
13,2024,5,gru_classifier,0,0,0.24471657
13,2024,6,gru_classifier,1,0,0.29751495
13,2024,7,gru_classifier,0,0,0.43774202
13,2024,8,gru_classifier,0,0,0.32922044
13,2024,9,gru_classifier,0,0,0.4391235
14,2023,12,gru_classifier,1,0,0.4349271
14,2024,1,gru_classifier,0,0,0.24845894
14,2024,2,gru_classifier,0,1,0.8980004
14,2024,3,gru_classifier,1,0,0.36088574
14,2024,4,gru_classifier,1,0,0.3136835
14,2024,5,gru_classifier,1,0,0.38295054
14,2024,6,gru_classifier,0,0,0.33710876
14,2024,7,gru_classifier,1,0,0.4207507
14,2024,8,gru_classifier,0,1,0.5061105
14,2024,9,gru_classifier,0,1,0.60562426
15,2023,12,gru_classifier,0,0,0.19449636
15,2024,1,gru_classifier,1,0,0.35205036
15,2024,2,gru_classifier,1,1,0.73840696
15,2024,3,gru_classifier,0,0,0.36108816
15,2024,4,gru_classifier,1,1,0.6005433
15,2024,5,gru_classifier,1,1,0.6176323
15,2024,6,gru_classifier,0,1,0.6358654
15,2024,7,gru_classifier,1,1,0.88484716
15,2024,8,gru_classifier,1,1,0.8200185
15,2024,9,gru_classifier,1,1,0.9166803
16,2023,12,gru_classifier,1,1,0.9745734
16,2024,1,gru_classifier,1,1,0.97982466
16,2024,2,gru_classifier,1,1,0.9895935
16,2024,3,gru_classifier,1,1,0.7635953
16,2024,4,gru_classifier,1,1,0.91667295
16,2024,5,gru_classifier,1,1,0.98023593
16,2024,6,gru_classifier,1,1,0.900443
16,2024,7,gru_classifier,1,1,0.98378813
16,2024,8,gru_classifier,1,1,0.92065877
16,2024,9,gru_classifier,1,1,0.9848658
17,2023,12,gru_classifier,1,1,0.6525425
17,2024,1,gru_classifier,1,1,0.86878234
17,2024,2,gru_classifier,1,1,0.97631437
17,2024,3,gru_classifier,1,1,0.55190706
17,2024,4,gru_classifier,1,1,0.79728204
17,2024,5,gru_classifier,1,1,0.94835
17,2024,6,gru_classifier,1,1,0.79019946
17,2024,7,gru_classifier,1,1,0.9134927
17,2024,8,gru_classifier,1,1,0.8416341
17,2024,9,gru_classifier,1,1,0.9492392
18,2023,12,gru_classifier,0,0,0.1820188
18,2024,1,gru_classifier,1,0,0.22899172
18,2024,2,gru_classifier,1,1,0.6047993
18,2024,3,gru_classifier,0,0,0.2366243
18,2024,4,gru_classifier,1,0,0.47340748
18,2024,5,gru_classifier,1,1,0.54425293
18,2024,6,gru_classifier,0,1,0.5990371
18,2024,7,gru_classifier,1,1,0.86794674
18,2024,8,gru_classifier,1,1,0.7556625
18,2024,9,gru_classifier,1,1,0.8832705
19,2023,12,gru_classifier,1,0,0.38079318
19,2024,1,gru_classifier,0,0,0.23568778
19,2024,2,gru_classifier,0,0,0.3311807
19,2024,3,gru_classifier,1,0,0.24184838
19,2024,4,gru_classifier,0,0,0.29823273
19,2024,5,gru_classifier,0,0,0.35790473
19,2024,6,gru_classifier,0,0,0.4468896
19,2024,7,gru_classifier,1,0,0.4540252
19,2024,8,gru_classifier,0,0,0.45047835
19,2024,9,gru_classifier,0,0,0.42462027
20,2023,12,gru_classifier,1,0,0.17740555
20,2024,1,gru_classifier,0,0,0.11448744
20,2024,2,gru_classifier,0,0,0.11721764
20,2024,3,gru_classifier,0,0,0.1370077
20,2024,4,gru_classifier,0,0,0.19045107
20,2024,5,gru_classifier,0,0,0.2249165
20,2024,6,gru_classifier,0,0,0.23045748
20,2024,7,gru_classifier,0,0,0.44904
20,2024,8,gru_classifier,0,0,0.42919087
20,2024,9,gru_classifier,0,0,0.47728357
21,2023,12,gru_classifier,0,1,0.6045841
21,2024,1,gru_classifier,0,0,0.33005998
21,2024,2,gru_classifier,0,1,0.5554765
21,2024,3,gru_classifier,0,0,0.31271616
21,2024,4,gru_classifier,0,0,0.3684362
21,2024,5,gru_classifier,0,0,0.3583557
21,2024,6,gru_classifier,0,0,0.39144108
21,2024,7,gru_classifier,0,0,0.430796
21,2024,8,gru_classifier,0,0,0.45361245
21,2024,9,gru_classifier,1,0,0.47869214
22,2023,12,gru_classifier,1,1,0.5107035
22,2024,1,gru_classifier,1,0,0.29713345
22,2024,2,gru_classifier,0,1,0.9542101
22,2024,3,gru_classifier,1,1,0.6301642
22,2024,4,gru_classifier,1,1,0.54311925
22,2024,5,gru_classifier,1,1,0.62868863
22,2024,6,gru_classifier,1,0,0.42785594
22,2024,7,gru_classifier,0,0,0.45336768
22,2024,8,gru_classifier,1,0,0.4354318
22,2024,9,gru_classifier,0,1,0.6800492
23,2023,12,gru_classifier,1,0,0.2863674
23,2024,1,gru_classifier,1,0,0.14282022
23,2024,2,gru_classifier,1,1,0.9410256
23,2024,3,gru_classifier,1,0,0.33643505
23,2024,4,gru_classifier,1,0,0.34763765
23,2024,5,gru_classifier,1,1,0.5483841
23,2024,6,gru_classifier,1,0,0.34948623
23,2024,7,gru_classifier,0,1,0.5207274
23,2024,8,gru_classifier,0,0,0.4404987
23,2024,9,gru_classifier,1,1,0.77167946
24,2023,12,gru_classifier,1,1,0.56034666
24,2024,1,gru_classifier,1,0,0.2793824
24,2024,2,gru_classifier,0,1,0.9419724
24,2024,3,gru_classifier,1,1,0.53726685
24,2024,4,gru_classifier,1,0,0.43488607
24,2024,5,gru_classifier,1,1,0.53219426
24,2024,6,gru_classifier,1,0,0.3686606
24,2024,7,gru_classifier,0,1,0.51209956
24,2024,8,gru_classifier,0,0,0.43939722
24,2024,9,gru_classifier,1,1,0.72420335
25,2023,12,gru_classifier,0,1,0.57814544
25,2024,1,gru_classifier,1,0,0.25059414
25,2024,2,gru_classifier,1,1,0.7833018
25,2024,3,gru_classifier,0,0,0.20400414
25,2024,4,gru_classifier,1,0,0.27956718
25,2024,5,gru_classifier,1,0,0.4594131
25,2024,6,gru_classifier,1,0,0.3243125
25,2024,7,gru_classifier,0,1,0.60023755
25,2024,8,gru_classifier,1,0,0.4541605
25,2024,9,gru_classifier,1,1,0.5740308
26,2023,12,gru_classifier,1,0,0.41756064
26,2024,1,gru_classifier,1,0,0.2224789
26,2024,2,gru_classifier,0,1,0.8752763
26,2024,3,gru_classifier,0,0,0.29176748
26,2024,4,gru_classifier,0,0,0.3103571
26,2024,5,gru_classifier,0,0,0.405827
26,2024,6,gru_classifier,1,0,0.43311635
26,2024,7,gru_classifier,0,0,0.4131435
26,2024,8,gru_classifier,0,0,0.36656404
26,2024,9,gru_classifier,1,0,0.37776494
27,2023,12,gru_classifier,1,0,0.4334901
27,2024,1,gru_classifier,1,0,0.3356807
27,2024,2,gru_classifier,0,1,0.5417272
27,2024,3,gru_classifier,0,0,0.2512505
27,2024,4,gru_classifier,0,0,0.28716648
27,2024,5,gru_classifier,1,0,0.41131482
27,2024,6,gru_classifier,0,0,0.41987377
27,2024,7,gru_classifier,0,0,0.4500615
27,2024,8,gru_classifier,0,0,0.41295153
27,2024,9,gru_classifier,1,0,0.3655018
28,2023,12,gru_classifier,0,0,0.18639855
28,2024,1,gru_classifier,0,0,0.14563076
28,2024,2,gru_classifier,0,1,0.548325
28,2024,3,gru_classifier,0,0,0.2805734
28,2024,4,gru_classifier,0,0,0.2622496
28,2024,5,gru_classifier,0,0,0.29959106
28,2024,6,gru_classifier,0,0,0.305148
28,2024,7,gru_classifier,0,0,0.3012839
28,2024,8,gru_classifier,1,0,0.27662575
28,2024,9,gru_classifier,0,0,0.28531492
29,2023,12,gru_classifier,0,0,0.30347255
29,2024,1,gru_classifier,0,0,0.18334222
29,2024,2,gru_classifier,1,1,0.6278466
29,2024,3,gru_classifier,0,0,0.30185002
29,2024,4,gru_classifier,0,0,0.24055271
29,2024,5,gru_classifier,0,0,0.27778646
29,2024,6,gru_classifier,0,0,0.29288766
29,2024,7,gru_classifier,0,0,0.3496567
29,2024,8,gru_classifier,0,0,0.40698314
29,2024,9,gru_classifier,0,0,0.36565197
30,2023,12,gru_classifier,0,0,0.4986663
30,2024,1,gru_classifier,0,0,0.40762585
30,2024,2,gru_classifier,0,1,0.74799323
30,2024,3,gru_classifier,0,0,0.3638787
30,2024,4,gru_classifier,0,0,0.4065507
30,2024,5,gru_classifier,0,0,0.3026809
30,2024,6,gru_classifier,0,0,0.40818593
30,2024,7,gru_classifier,0,0,0.41476783
30,2024,8,gru_classifier,0,0,0.39634624
30,2024,9,gru_classifier,0,0,0.37999967
31,2023,12,gru_classifier,0,0,0.2665301
31,2024,1,gru_classifier,0,0,0.12595955
31,2024,2,gru_classifier,0,0,0.45925477
31,2024,3,gru_classifier,0,0,0.21838659
31,2024,4,gru_classifier,0,0,0.26910767
31,2024,5,gru_classifier,0,0,0.3230059
31,2024,6,gru_classifier,0,0,0.36237305
31,2024,7,gru_classifier,0,0,0.4173411
31,2024,8,gru_classifier,0,0,0.3426794
31,2024,9,gru_classifier,0,0,0.31771788
32,2023,12,gru_classifier,0,0,0.19925344
32,2024,1,gru_classifier,0,0,0.18481514
32,2024,2,gru_classifier,0,0,0.33299932
32,2024,3,gru_classifier,0,0,0.16422786
32,2024,4,gru_classifier,0,0,0.20700903
32,2024,5,gru_classifier,0,0,0.1496046
32,2024,6,gru_classifier,0,0,0.19432937
32,2024,7,gru_classifier,0,0,0.14994778
32,2024,8,gru_classifier,0,0,0.18133368
32,2024,9,gru_classifier,0,0,0.23709674
33,2023,12,gru_classifier,0,0,0.2144514
33,2024,1,gru_classifier,0,0,0.122826934
33,2024,2,gru_classifier,0,0,0.4221505
33,2024,3,gru_classifier,0,0,0.2400032
33,2024,4,gru_classifier,0,0,0.24492778
33,2024,5,gru_classifier,0,0,0.29114047
33,2024,6,gru_classifier,0,0,0.2804689
33,2024,7,gru_classifier,0,0,0.31420544
33,2024,8,gru_classifier,0,0,0.25795826
33,2024,9,gru_classifier,0,0,0.26048717
34,2023,12,gru_classifier,0,0,0.19539036
34,2024,1,gru_classifier,0,0,0.22583298
34,2024,2,gru_classifier,0,0,0.44364908
34,2024,3,gru_classifier,0,0,0.21852043
34,2024,4,gru_classifier,0,0,0.21231921
34,2024,5,gru_classifier,0,0,0.1771317
34,2024,6,gru_classifier,0,0,0.20791161
34,2024,7,gru_classifier,0,0,0.17804295
34,2024,8,gru_classifier,1,0,0.21796459
34,2024,9,gru_classifier,0,0,0.2331666
35,2023,12,gru_classifier,0,1,0.60809755
35,2024,1,gru_classifier,0,0,0.27561882
35,2024,2,gru_classifier,0,0,0.45365766
35,2024,3,gru_classifier,0,0,0.28350434
35,2024,4,gru_classifier,0,0,0.3459641
35,2024,5,gru_classifier,0,0,0.4027771
35,2024,6,gru_classifier,0,0,0.44137865
35,2024,7,gru_classifier,0,0,0.4821334
35,2024,8,gru_classifier,0,0,0.46443585
35,2024,9,gru_classifier,0,0,0.43798622
36,2023,12,gru_classifier,0,0,0.42532158
36,2024,1,gru_classifier,0,0,0.34122813
36,2024,2,gru_classifier,0,1,0.53112346
36,2024,3,gru_classifier,0,0,0.22423913
36,2024,4,gru_classifier,0,0,0.35736984
36,2024,5,gru_classifier,0,0,0.28494975
36,2024,6,gru_classifier,0,0,0.3464452
36,2024,7,gru_classifier,0,0,0.27182153
36,2024,8,gru_classifier,0,0,0.30683213
36,2024,9,gru_classifier,0,0,0.30204195
37,2023,12,gru_classifier,0,0,0.20726742
37,2024,1,gru_classifier,0,0,0.10645735
37,2024,2,gru_classifier,1,0,0.25784415
37,2024,3,gru_classifier,0,0,0.1852116
37,2024,4,gru_classifier,0,0,0.19864249
37,2024,5,gru_classifier,1,0,0.2462769
37,2024,6,gru_classifier,0,0,0.23544928
37,2024,7,gru_classifier,0,0,0.29423958
37,2024,8,gru_classifier,0,0,0.25898597
37,2024,9,gru_classifier,0,0,0.28333515
38,2023,12,gru_classifier,0,0,0.23861384
38,2024,1,gru_classifier,0,0,0.30045703
38,2024,2,gru_classifier,1,0,0.41324803
38,2024,3,gru_classifier,0,0,0.18580766
38,2024,4,gru_classifier,0,0,0.2603138
38,2024,5,gru_classifier,1,0,0.20661034
38,2024,6,gru_classifier,0,0,0.22363882
38,2024,7,gru_classifier,0,0,0.27951163
38,2024,8,gru_classifier,0,0,0.3716999
38,2024,9,gru_classifier,0,0,0.36866024
39,2023,12,gru_classifier,0,0,0.23693322
39,2024,1,gru_classifier,0,0,0.36329895
39,2024,2,gru_classifier,0,0,0.49571887
39,2024,3,gru_classifier,0,0,0.20516196
39,2024,4,gru_classifier,0,0,0.38757008
39,2024,5,gru_classifier,0,0,0.27981696
39,2024,6,gru_classifier,0,0,0.34250474
39,2024,7,gru_classifier,0,0,0.3305586
39,2024,8,gru_classifier,0,0,0.34856406
39,2024,9,gru_classifier,0,0,0.32834715
40,2023,12,gru_classifier,0,0,0.28121972
40,2024,1,gru_classifier,0,0,0.40077788
40,2024,2,gru_classifier,0,1,0.55782264
40,2024,3,gru_classifier,0,0,0.2347484
40,2024,4,gru_classifier,0,0,0.40793836
40,2024,5,gru_classifier,0,0,0.3122585
40,2024,6,gru_classifier,0,0,0.38779974
40,2024,7,gru_classifier,0,0,0.37167868
40,2024,8,gru_classifier,0,0,0.3824766
40,2024,9,gru_classifier,0,0,0.35892797
41,2023,12,gru_classifier,1,1,0.86023945
41,2024,1,gru_classifier,0,0,0.1929956
41,2024,2,gru_classifier,1,1,0.6614406
41,2024,3,gru_classifier,1,0,0.40141967
41,2024,4,gru_classifier,1,0,0.37362778
41,2024,5,gru_classifier,0,1,0.5446674
41,2024,6,gru_classifier,1,0,0.30803755
41,2024,7,gru_classifier,0,0,0.4178554
41,2024,8,gru_classifier,0,1,0.56166077
41,2024,9,gru_classifier,0,1,0.6159015
42,2023,12,gru_classifier,1,1,0.8491429
42,2024,1,gru_classifier,0,0,0.38506716
42,2024,2,gru_classifier,1,1,0.9585469
42,2024,3,gru_classifier,1,1,0.5152225
42,2024,4,gru_classifier,1,1,0.5488608
42,2024,5,gru_classifier,0,1,0.8008224
42,2024,6,gru_classifier,1,0,0.33857465
42,2024,7,gru_classifier,0,0,0.48112231
42,2024,8,gru_classifier,0,1,0.5180531
42,2024,9,gru_classifier,0,1,0.5954698
43,2023,12,gru_classifier,0,0,0.2703749
43,2024,1,gru_classifier,0,0,0.33667958
43,2024,2,gru_classifier,0,0,0.4980087
43,2024,3,gru_classifier,0,0,0.30255115
43,2024,4,gru_classifier,0,0,0.40480128
43,2024,5,gru_classifier,0,0,0.39413512
43,2024,6,gru_classifier,0,0,0.4132667
43,2024,7,gru_classifier,0,0,0.4086907
43,2024,8,gru_classifier,0,0,0.41148397
43,2024,9,gru_classifier,1,0,0.3964531
44,2023,12,gru_classifier,0,0,0.24011935
44,2024,1,gru_classifier,0,0,0.10328945
44,2024,2,gru_classifier,0,0,0.37203994
44,2024,3,gru_classifier,0,0,0.22681612
44,2024,4,gru_classifier,0,0,0.28103718
44,2024,5,gru_classifier,0,0,0.31470406
44,2024,6,gru_classifier,0,0,0.34229055
44,2024,7,gru_classifier,0,0,0.41039023
44,2024,8,gru_classifier,0,0,0.3649702
44,2024,9,gru_classifier,1,0,0.375903
45,2023,12,gru_classifier,0,0,0.1703759
45,2024,1,gru_classifier,1,0,0.092728354
45,2024,2,gru_classifier,0,1,0.60269916
45,2024,3,gru_classifier,1,0,0.17279606
45,2024,4,gru_classifier,1,0,0.19483796
45,2024,5,gru_classifier,0,0,0.31092417
45,2024,6,gru_classifier,1,0,0.23443103
45,2024,7,gru_classifier,0,0,0.33543476
45,2024,8,gru_classifier,1,0,0.24903111
45,2024,9,gru_classifier,0,0,0.36388418
46,2023,12,gru_classifier,0,0,0.18710494
46,2024,1,gru_classifier,1,0,0.09326559
46,2024,2,gru_classifier,0,0,0.3698403
46,2024,3,gru_classifier,1,0,0.16806196
46,2024,4,gru_classifier,1,0,0.20026822
46,2024,5,gru_classifier,0,0,0.30576268
46,2024,6,gru_classifier,1,0,0.23780824
46,2024,7,gru_classifier,0,0,0.3388618
46,2024,8,gru_classifier,1,0,0.25197366
46,2024,9,gru_classifier,0,0,0.39868513
47,2023,12,gru_classifier,0,0,0.42991447
47,2024,1,gru_classifier,0,0,0.10535205
47,2024,2,gru_classifier,0,0,0.30051392
47,2024,3,gru_classifier,0,0,0.1298497
47,2024,4,gru_classifier,1,0,0.18645757
47,2024,5,gru_classifier,0,0,0.32216874
47,2024,6,gru_classifier,0,0,0.35510427
47,2024,7,gru_classifier,0,0,0.2984638
47,2024,8,gru_classifier,0,0,0.28806144
47,2024,9,gru_classifier,0,0,0.3632096
48,2023,12,gru_classifier,0,0,0.24775504
48,2024,1,gru_classifier,0,0,0.1466087
48,2024,2,gru_classifier,0,0,0.40961513
48,2024,3,gru_classifier,0,0,0.28790885
48,2024,4,gru_classifier,1,0,0.36835146
48,2024,5,gru_classifier,0,0,0.44283068
48,2024,6,gru_classifier,1,0,0.44328368
48,2024,7,gru_classifier,0,0,0.48262236
48,2024,8,gru_classifier,0,0,0.43736956
48,2024,9,gru_classifier,1,1,0.5084674
49,2023,12,gru_classifier,0,0,0.41536644
49,2024,1,gru_classifier,0,0,0.20567173
49,2024,2,gru_classifier,1,1,0.79504704
49,2024,3,gru_classifier,1,0,0.31390473
49,2024,4,gru_classifier,0,0,0.30799776
49,2024,5,gru_classifier,1,0,0.35921386
49,2024,6,gru_classifier,1,0,0.35528505
49,2024,7,gru_classifier,0,0,0.40719897
49,2024,8,gru_classifier,0,0,0.4923437
49,2024,9,gru_classifier,0,1,0.59191144
50,2023,12,gru_classifier,1,0,0.1026313
50,2024,1,gru_classifier,0,0,0.10606299
50,2024,2,gru_classifier,0,0,0.1337973
50,2024,3,gru_classifier,0,0,0.10516943
50,2024,4,gru_classifier,0,0,0.11562464
50,2024,5,gru_classifier,0,0,0.14190382
50,2024,6,gru_classifier,0,0,0.14265834
50,2024,7,gru_classifier,0,0,0.28678164
50,2024,8,gru_classifier,0,0,0.19116534
50,2024,9,gru_classifier,0,0,0.24475165
51,2023,12,gru_classifier,1,0,0.19273332
51,2024,1,gru_classifier,0,0,0.19778953
51,2024,2,gru_classifier,0,0,0.30177703
51,2024,3,gru_classifier,0,0,0.16140701
51,2024,4,gru_classifier,0,0,0.20315169
51,2024,5,gru_classifier,0,0,0.17138001
51,2024,6,gru_classifier,0,0,0.3401457
51,2024,7,gru_classifier,0,0,0.4335315
51,2024,8,gru_classifier,0,0,0.36062822
51,2024,9,gru_classifier,0,0,0.49921575
52,2023,12,gru_classifier,0,0,0.20487939
52,2024,1,gru_classifier,1,0,0.18946321
52,2024,2,gru_classifier,0,0,0.2643978
52,2024,3,gru_classifier,0,0,0.21925405
52,2024,4,gru_classifier,1,0,0.294259
52,2024,5,gru_classifier,1,0,0.26086134
52,2024,6,gru_classifier,0,0,0.2818578
52,2024,7,gru_classifier,0,0,0.44973704
52,2024,8,gru_classifier,0,0,0.37093243
52,2024,9,gru_classifier,1,0,0.45971566
53,2023,12,gru_classifier,0,0,0.17467415
53,2024,1,gru_classifier,0,0,0.116737716
53,2024,2,gru_classifier,0,0,0.14257868
53,2024,3,gru_classifier,1,0,0.16094683
53,2024,4,gru_classifier,0,0,0.16784543
53,2024,5,gru_classifier,1,0,0.1839569
53,2024,6,gru_classifier,0,0,0.20832302
53,2024,7,gru_classifier,1,0,0.36345324
53,2024,8,gru_classifier,1,0,0.26113996
53,2024,9,gru_classifier,0,0,0.4622028
54,2023,12,gru_classifier,0,0,0.20108609
54,2024,1,gru_classifier,0,0,0.10880011
54,2024,2,gru_classifier,0,0,0.13388273
54,2024,3,gru_classifier,1,0,0.1629405
54,2024,4,gru_classifier,0,0,0.18126859
54,2024,5,gru_classifier,1,0,0.18987982
54,2024,6,gru_classifier,0,0,0.22202897
54,2024,7,gru_classifier,1,0,0.3778243
54,2024,8,gru_classifier,1,0,0.28080642
54,2024,9,gru_classifier,0,1,0.5286114
55,2023,12,gru_classifier,0,0,0.2760177
55,2024,1,gru_classifier,0,0,0.1571573
55,2024,2,gru_classifier,1,0,0.17509663
55,2024,3,gru_classifier,0,0,0.19823453
55,2024,4,gru_classifier,0,0,0.18088679
55,2024,5,gru_classifier,0,0,0.19756489
55,2024,6,gru_classifier,0,0,0.22405216
55,2024,7,gru_classifier,0,0,0.4084422
55,2024,8,gru_classifier,0,0,0.3191685
55,2024,9,gru_classifier,1,0,0.3173266
56,2023,12,gru_classifier,0,0,0.2979276
56,2024,1,gru_classifier,0,0,0.16458675
56,2024,2,gru_classifier,1,0,0.17649451
56,2024,3,gru_classifier,0,0,0.19581239
56,2024,4,gru_classifier,0,0,0.18170886
56,2024,5,gru_classifier,0,0,0.20152128
56,2024,6,gru_classifier,0,0,0.23332825
56,2024,7,gru_classifier,0,0,0.4159377
56,2024,8,gru_classifier,0,0,0.3329329
56,2024,9,gru_classifier,1,0,0.33830225
57,2023,12,gru_classifier,0,0,0.18626621
57,2024,1,gru_classifier,0,0,0.21702422
57,2024,2,gru_classifier,0,0,0.25777203
57,2024,3,gru_classifier,0,0,0.15416233
57,2024,4,gru_classifier,0,0,0.22034912
57,2024,5,gru_classifier,1,0,0.15918224
57,2024,6,gru_classifier,0,0,0.20434931
57,2024,7,gru_classifier,1,0,0.17740452
57,2024,8,gru_classifier,0,0,0.23757571
57,2024,9,gru_classifier,0,0,0.29049075
58,2023,12,gru_classifier,0,0,0.16229711
58,2024,1,gru_classifier,0,0,0.19075589
58,2024,2,gru_classifier,0,0,0.23406106
58,2024,3,gru_classifier,0,0,0.14819941
58,2024,4,gru_classifier,0,0,0.18893632
58,2024,5,gru_classifier,1,0,0.17584743
58,2024,6,gru_classifier,0,0,0.19543155
58,2024,7,gru_classifier,1,0,0.15664905
58,2024,8,gru_classifier,0,0,0.20596695
58,2024,9,gru_classifier,0,0,0.26247647
59,2023,12,gru_classifier,0,0,0.30716664
59,2024,1,gru_classifier,0,0,0.20477086
59,2024,2,gru_classifier,0,0,0.23053247
59,2024,3,gru_classifier,0,0,0.13261895
59,2024,4,gru_classifier,1,0,0.18662597
59,2024,5,gru_classifier,0,0,0.16857699
59,2024,6,gru_classifier,0,0,0.1942485
59,2024,7,gru_classifier,0,0,0.16790132
59,2024,8,gru_classifier,0,0,0.24893616
59,2024,9,gru_classifier,0,0,0.34723637
60,2023,12,gru_classifier,0,0,0.32832476
60,2024,1,gru_classifier,0,0,0.21818347
60,2024,2,gru_classifier,0,0,0.29895893
60,2024,3,gru_classifier,0,0,0.13033058
60,2024,4,gru_classifier,1,0,0.1670763
60,2024,5,gru_classifier,0,0,0.181571
60,2024,6,gru_classifier,0,0,0.20188516
60,2024,7,gru_classifier,0,0,0.1772519
60,2024,8,gru_classifier,0,0,0.2570931
60,2024,9,gru_classifier,0,0,0.34180048
61,2023,12,gru_classifier,0,0,0.13286771
61,2024,1,gru_classifier,1,0,0.08669029
61,2024,2,gru_classifier,0,0,0.28009534
61,2024,3,gru_classifier,0,0,0.16657066
61,2024,4,gru_classifier,0,0,0.16757613
61,2024,5,gru_classifier,0,0,0.1770027
61,2024,6,gru_classifier,0,0,0.20224223
61,2024,7,gru_classifier,0,0,0.3305092
61,2024,8,gru_classifier,0,0,0.25525877
61,2024,9,gru_classifier,0,0,0.23496243
62,2023,12,gru_classifier,0,0,0.1178924
62,2024,1,gru_classifier,1,0,0.085137874
62,2024,2,gru_classifier,0,0,0.31043088
62,2024,3,gru_classifier,0,0,0.15810199
62,2024,4,gru_classifier,0,0,0.15967177
62,2024,5,gru_classifier,0,0,0.16987385
62,2024,6,gru_classifier,0,0,0.18630613
62,2024,7,gru_classifier,0,0,0.31962058
62,2024,8,gru_classifier,0,0,0.24330507
62,2024,9,gru_classifier,0,0,0.22701472
63,2023,12,gru_classifier,0,0,0.14939365
63,2024,1,gru_classifier,0,0,0.11200513
63,2024,2,gru_classifier,1,0,0.15928861
63,2024,3,gru_classifier,0,0,0.2314886
63,2024,4,gru_classifier,0,0,0.26124606
63,2024,5,gru_classifier,0,0,0.28984076
63,2024,6,gru_classifier,1,0,0.3675184
63,2024,7,gru_classifier,1,0,0.47393543
63,2024,8,gru_classifier,0,0,0.4368113
63,2024,9,gru_classifier,0,0,0.38381106
64,2023,12,gru_classifier,0,0,0.082265966
64,2024,1,gru_classifier,0,0,0.06611803
64,2024,2,gru_classifier,0,0,0.120634325
64,2024,3,gru_classifier,0,0,0.100812204
64,2024,4,gru_classifier,1,0,0.21104911
64,2024,5,gru_classifier,0,0,0.33942968
64,2024,6,gru_classifier,1,0,0.47426835
64,2024,7,gru_classifier,1,1,0.53710085
64,2024,8,gru_classifier,1,1,0.868013
64,2024,9,gru_classifier,0,1,0.97203887
65,2023,12,gru_classifier,0,0,0.12588866
65,2024,1,gru_classifier,0,0,0.089496695
65,2024,2,gru_classifier,0,0,0.11869213
65,2024,3,gru_classifier,0,0,0.13875219
65,2024,4,gru_classifier,1,0,0.21486703
65,2024,5,gru_classifier,0,0,0.32051757
65,2024,6,gru_classifier,1,0,0.39481428
65,2024,7,gru_classifier,1,0,0.481126
65,2024,8,gru_classifier,1,0,0.4773574
65,2024,9,gru_classifier,0,1,0.6076497
66,2023,12,gru_classifier,0,0,0.10072652
66,2024,1,gru_classifier,0,0,0.07795867
66,2024,2,gru_classifier,1,0,0.11041337
66,2024,3,gru_classifier,0,0,0.15550816
66,2024,4,gru_classifier,0,0,0.23810133
66,2024,5,gru_classifier,0,0,0.291828
66,2024,6,gru_classifier,1,0,0.3550052
66,2024,7,gru_classifier,1,0,0.42944577
66,2024,8,gru_classifier,0,0,0.4902594
66,2024,9,gru_classifier,0,0,0.43378234
67,2023,12,gru_classifier,0,0,0.11555713
67,2024,1,gru_classifier,0,0,0.08466931
67,2024,2,gru_classifier,0,0,0.15676393
67,2024,3,gru_classifier,0,0,0.15766945
67,2024,4,gru_classifier,1,0,0.18894704
67,2024,5,gru_classifier,0,0,0.22394755
67,2024,6,gru_classifier,0,0,0.22827889
67,2024,7,gru_classifier,0,0,0.33487472
67,2024,8,gru_classifier,0,0,0.26099253
67,2024,9,gru_classifier,0,0,0.2342852
68,2023,12,gru_classifier,0,0,0.3139957
68,2024,1,gru_classifier,0,0,0.3946426
68,2024,2,gru_classifier,0,0,0.46723706
68,2024,3,gru_classifier,0,0,0.1731772
68,2024,4,gru_classifier,1,0,0.3024232
68,2024,5,gru_classifier,0,0,0.23654856
68,2024,6,gru_classifier,0,0,0.427614
68,2024,7,gru_classifier,0,0,0.3229938
68,2024,8,gru_classifier,0,0,0.38221857
68,2024,9,gru_classifier,0,0,0.4365118
69,2023,12,gru_classifier,1,1,0.9090468
69,2024,1,gru_classifier,1,1,0.7279718
69,2024,2,gru_classifier,0,1,0.9816041
69,2024,3,gru_classifier,1,0,0.30427334
69,2024,4,gru_classifier,1,0,0.25943843
69,2024,5,gru_classifier,1,1,0.8201228
69,2024,6,gru_classifier,1,1,0.6279276
69,2024,7,gru_classifier,0,1,0.9612088
69,2024,8,gru_classifier,1,1,0.9583248
69,2024,9,gru_classifier,1,1,0.9887489
70,2023,12,gru_classifier,0,0,0.14805874
70,2024,1,gru_classifier,0,0,0.08761894
70,2024,2,gru_classifier,0,1,0.5607308
70,2024,3,gru_classifier,0,0,0.18926178
70,2024,4,gru_classifier,0,0,0.20663469
70,2024,5,gru_classifier,0,0,0.303207
70,2024,6,gru_classifier,1,0,0.28117833
70,2024,7,gru_classifier,0,0,0.30616876
70,2024,8,gru_classifier,0,0,0.23760813
70,2024,9,gru_classifier,0,0,0.26128677
71,2023,12,gru_classifier,0,0,0.21901156
71,2024,1,gru_classifier,0,0,0.09519311
71,2024,2,gru_classifier,0,1,0.6357756
71,2024,3,gru_classifier,0,0,0.19673693
71,2024,4,gru_classifier,0,0,0.2092688
71,2024,5,gru_classifier,0,0,0.3069032
71,2024,6,gru_classifier,1,0,0.28724727
71,2024,7,gru_classifier,0,0,0.31265178
71,2024,8,gru_classifier,0,0,0.24371602
71,2024,9,gru_classifier,0,0,0.26690334
72,2023,12,gru_classifier,0,0,0.34069288
72,2024,1,gru_classifier,0,1,0.64191246
72,2024,2,gru_classifier,0,1,0.8297719
72,2024,3,gru_classifier,1,0,0.25087345
72,2024,4,gru_classifier,1,0,0.2462259
72,2024,5,gru_classifier,0,0,0.30508322
72,2024,6,gru_classifier,1,0,0.41285717
72,2024,7,gru_classifier,0,0,0.29748768
72,2024,8,gru_classifier,0,0,0.43437696
72,2024,9,gru_classifier,0,1,0.7511358
73,2023,12,gru_classifier,0,0,0.16997032
73,2024,1,gru_classifier,0,0,0.1281675
73,2024,2,gru_classifier,0,1,0.5562813
73,2024,3,gru_classifier,1,0,0.20134504
73,2024,4,gru_classifier,1,0,0.24971743
73,2024,5,gru_classifier,0,0,0.44308785
73,2024,6,gru_classifier,1,0,0.49749136
73,2024,7,gru_classifier,0,0,0.42536518
73,2024,8,gru_classifier,0,0,0.3937207
73,2024,9,gru_classifier,0,1,0.8053105
74,2023,12,gru_classifier,1,1,0.6119817
74,2024,1,gru_classifier,0,1,0.6789894
74,2024,2,gru_classifier,1,1,0.9054933
74,2024,3,gru_classifier,1,0,0.40203086
74,2024,4,gru_classifier,0,0,0.3737889
74,2024,5,gru_classifier,0,0,0.40201092
74,2024,6,gru_classifier,0,0,0.3982238
74,2024,7,gru_classifier,0,0,0.44196388
74,2024,8,gru_classifier,0,0,0.47594333
74,2024,9,gru_classifier,1,0,0.3842275
75,2023,12,gru_classifier,1,1,0.6711008
75,2024,1,gru_classifier,0,1,0.6977082
75,2024,2,gru_classifier,1,1,0.8991143
75,2024,3,gru_classifier,1,0,0.32126728
75,2024,4,gru_classifier,0,0,0.3301973
75,2024,5,gru_classifier,0,0,0.36667863
75,2024,6,gru_classifier,0,0,0.36957124
75,2024,7,gru_classifier,0,0,0.4293615
75,2024,8,gru_classifier,0,0,0.47584495
75,2024,9,gru_classifier,1,0,0.39156923
76,2023,12,gru_classifier,0,0,0.2561942
76,2024,1,gru_classifier,0,0,0.4158902
76,2024,2,gru_classifier,0,1,0.5768928
76,2024,3,gru_classifier,0,0,0.17657088
76,2024,4,gru_classifier,0,0,0.24767536
76,2024,5,gru_classifier,0,0,0.1721355
76,2024,6,gru_classifier,0,0,0.31011775
76,2024,7,gru_classifier,1,0,0.21057692
76,2024,8,gru_classifier,1,0,0.20773882
76,2024,9,gru_classifier,1,0,0.24015482
77,2023,12,gru_classifier,1,1,0.9772191
77,2024,1,gru_classifier,0,1,0.9315222
77,2024,2,gru_classifier,1,1,0.99320316
77,2024,3,gru_classifier,1,0,0.42990586
77,2024,4,gru_classifier,0,0,0.30574545
77,2024,5,gru_classifier,1,0,0.35213065
77,2024,6,gru_classifier,1,0,0.3401969
77,2024,7,gru_classifier,0,1,0.8315091
77,2024,8,gru_classifier,0,1,0.8498944
77,2024,9,gru_classifier,1,1,0.9375363
78,2023,12,gru_classifier,0,0,0.17412582
78,2024,1,gru_classifier,0,0,0.2966937
78,2024,2,gru_classifier,0,1,0.5571009
78,2024,3,gru_classifier,0,0,0.23155835
78,2024,4,gru_classifier,0,0,0.24196938
78,2024,5,gru_classifier,0,0,0.2615928
78,2024,6,gru_classifier,0,0,0.23599415
78,2024,7,gru_classifier,0,0,0.1528188
78,2024,8,gru_classifier,0,0,0.1847677
78,2024,9,gru_classifier,0,0,0.20923564
79,2023,12,gru_classifier,0,0,0.36999437
79,2024,1,gru_classifier,0,0,0.423278
79,2024,2,gru_classifier,0,1,0.7125027
79,2024,3,gru_classifier,0,0,0.27931157
79,2024,4,gru_classifier,0,0,0.274171
79,2024,5,gru_classifier,0,0,0.32997546
79,2024,6,gru_classifier,0,0,0.3562348
79,2024,7,gru_classifier,0,0,0.25242382
79,2024,8,gru_classifier,0,0,0.28965548
79,2024,9,gru_classifier,0,0,0.32583672
80,2023,12,gru_classifier,0,0,0.24444462
80,2024,1,gru_classifier,0,0,0.34665015
80,2024,2,gru_classifier,0,1,0.5880362
80,2024,3,gru_classifier,1,0,0.21641037
80,2024,4,gru_classifier,0,0,0.19918483
80,2024,5,gru_classifier,0,0,0.23522495
81,2023,12,gru_classifier,0,0,0.20428303
81,2024,1,gru_classifier,0,0,0.33849669
81,2024,2,gru_classifier,0,1,0.6042686
81,2024,3,gru_classifier,1,0,0.26044
81,2024,4,gru_classifier,0,0,0.17523056
81,2024,5,gru_classifier,0,0,0.13181897
81,2024,6,gru_classifier,0,0,0.1785207
81,2024,7,gru_classifier,0,0,0.110892646
81,2024,8,gru_classifier,0,0,0.15149361
81,2024,9,gru_classifier,0,0,0.16301668
82,2023,12,gru_classifier,0,0,0.1735003
82,2024,1,gru_classifier,1,0,0.24431232
82,2024,2,gru_classifier,0,1,0.5929319
82,2024,3,gru_classifier,0,0,0.25655225
82,2024,4,gru_classifier,0,0,0.12611894
82,2024,5,gru_classifier,0,0,0.092518024
82,2024,6,gru_classifier,0,0,0.14748651
82,2024,7,gru_classifier,0,0,0.09919225
82,2024,8,gru_classifier,0,0,0.10967995
82,2024,9,gru_classifier,0,0,0.12199423
83,2023,12,gru_classifier,0,0,0.1586727
83,2024,1,gru_classifier,1,0,0.22190365
83,2024,2,gru_classifier,0,1,0.5984515
83,2024,3,gru_classifier,0,0,0.25138706
83,2024,4,gru_classifier,0,0,0.13203725
83,2024,5,gru_classifier,0,0,0.1381627
83,2024,6,gru_classifier,0,0,0.1773155
83,2024,7,gru_classifier,0,0,0.11873321
83,2024,8,gru_classifier,0,0,0.11771085
83,2024,9,gru_classifier,0,0,0.13142766
84,2023,12,gru_classifier,0,0,0.4421874
84,2024,1,gru_classifier,0,0,0.27748585
84,2024,2,gru_classifier,0,0,0.26168585
84,2024,3,gru_classifier,0,0,0.21932194
84,2024,4,gru_classifier,0,0,0.2627928
84,2024,5,gru_classifier,0,0,0.31035596
84,2024,6,gru_classifier,0,0,0.38127375
84,2024,7,gru_classifier,1,0,0.4570277
84,2024,8,gru_classifier,0,0,0.4178446
84,2024,9,gru_classifier,0,0,0.42311326
85,2023,12,gru_classifier,0,0,0.19651857
85,2024,1,gru_classifier,0,0,0.20924383
85,2024,2,gru_classifier,0,0,0.32477823
85,2024,3,gru_classifier,0,0,0.14652309
85,2024,4,gru_classifier,0,0,0.18139204
85,2024,5,gru_classifier,1,0,0.13417532
85,2024,6,gru_classifier,0,0,0.19361015
85,2024,7,gru_classifier,0,0,0.1505923
85,2024,8,gru_classifier,0,1,0.51546454
85,2024,9,gru_classifier,0,0,0.37988555
86,2023,12,gru_classifier,0,0,0.2206981
86,2024,1,gru_classifier,0,0,0.30425283
86,2024,2,gru_classifier,0,1,0.6172159
86,2024,3,gru_classifier,0,0,0.20069318
86,2024,4,gru_classifier,0,0,0.19434825
86,2024,5,gru_classifier,1,0,0.15393133
86,2024,6,gru_classifier,0,0,0.20225368
86,2024,7,gru_classifier,0,0,0.13511136
86,2024,8,gru_classifier,0,0,0.18809226
86,2024,9,gru_classifier,0,0,0.22734259
87,2023,12,gru_classifier,0,1,0.54385275
87,2024,1,gru_classifier,0,0,0.33775815
87,2024,2,gru_classifier,0,0,0.3901233
87,2024,3,gru_classifier,0,0,0.27049214
87,2024,4,gru_classifier,0,0,0.3570968
87,2024,5,gru_classifier,0,0,0.39190513
87,2024,6,gru_classifier,0,0,0.45920488
87,2024,7,gru_classifier,0,0,0.4683016
87,2024,8,gru_classifier,1,0,0.40685412
87,2024,9,gru_classifier,1,0,0.37294763
88,2023,12,gru_classifier,0,0,0.15019165
88,2024,1,gru_classifier,0,0,0.08507288
88,2024,2,gru_classifier,0,0,0.39608034
88,2024,3,gru_classifier,0,0,0.19632253
88,2024,4,gru_classifier,0,0,0.21406393
88,2024,5,gru_classifier,1,0,0.26442203
88,2024,6,gru_classifier,0,0,0.25231847
88,2024,7,gru_classifier,0,0,0.29584593
88,2024,8,gru_classifier,1,0,0.25478822
88,2024,9,gru_classifier,0,0,0.24397415
89,2023,12,gru_classifier,0,0,0.2083427
89,2024,1,gru_classifier,0,0,0.13846982
89,2024,2,gru_classifier,0,0,0.23930341
89,2024,3,gru_classifier,0,0,0.18078938
89,2024,4,gru_classifier,0,0,0.2461033
89,2024,5,gru_classifier,1,0,0.2821547
89,2024,6,gru_classifier,0,0,0.25727686
89,2024,7,gru_classifier,0,0,0.3651393
89,2024,8,gru_classifier,1,0,0.31454036
89,2024,9,gru_classifier,0,0,0.31096667
90,2023,12,gru_classifier,0,0,0.32497388
90,2024,1,gru_classifier,0,0,0.3490404
90,2024,2,gru_classifier,0,0,0.47307268
90,2024,3,gru_classifier,0,0,0.15261711
90,2024,4,gru_classifier,0,0,0.19626236
90,2024,5,gru_classifier,0,0,0.17268552
90,2024,6,gru_classifier,0,0,0.16735649
90,2024,7,gru_classifier,0,0,0.13884865
90,2024,8,gru_classifier,0,0,0.20479655
90,2024,9,gru_classifier,0,0,0.27868477
91,2023,12,gru_classifier,0,0,0.33688948
91,2024,1,gru_classifier,0,0,0.34658375
91,2024,2,gru_classifier,0,0,0.48433518
91,2024,3,gru_classifier,0,0,0.15397419
91,2024,4,gru_classifier,0,0,0.19672509
91,2024,5,gru_classifier,0,0,0.1756516
91,2024,6,gru_classifier,0,0,0.18001726
91,2024,7,gru_classifier,0,0,0.14820218
91,2024,8,gru_classifier,0,0,0.21544713
91,2024,9,gru_classifier,0,0,0.29438758
92,2023,12,gru_classifier,0,0,0.22398703
92,2024,1,gru_classifier,0,0,0.33989733
92,2024,2,gru_classifier,0,0,0.41258353
92,2024,3,gru_classifier,1,0,0.13879232
92,2024,4,gru_classifier,0,0,0.25365302
92,2024,5,gru_classifier,0,0,0.20599402
92,2024,6,gru_classifier,0,0,0.29911205
92,2024,7,gru_classifier,0,0,0.2780511
92,2024,8,gru_classifier,0,0,0.36126947
92,2024,9,gru_classifier,0,0,0.39733908
93,2023,12,gru_classifier,0,0,0.23369707
93,2024,1,gru_classifier,0,0,0.35254565
93,2024,2,gru_classifier,0,0,0.406162
93,2024,3,gru_classifier,1,0,0.13779278
93,2024,4,gru_classifier,0,0,0.25046462
93,2024,5,gru_classifier,0,0,0.11054411
93,2024,6,gru_classifier,0,0,0.20391321
93,2024,7,gru_classifier,0,0,0.18327425
93,2024,8,gru_classifier,0,0,0.27085525
93,2024,9,gru_classifier,0,0,0.31321067
94,2023,12,gru_classifier,0,0,0.3532932
94,2024,1,gru_classifier,0,0,0.19773443
94,2024,2,gru_classifier,1,1,0.5021692
94,2024,3,gru_classifier,0,0,0.22013257
94,2024,4,gru_classifier,1,0,0.20969342
94,2024,5,gru_classifier,0,0,0.31173706
94,2024,6,gru_classifier,0,0,0.26855358
94,2024,7,gru_classifier,0,0,0.33839786
94,2024,8,gru_classifier,0,0,0.34501332
94,2024,9,gru_classifier,1,0,0.34811524
95,2023,12,gru_classifier,0,0,0.11935235
95,2024,1,gru_classifier,1,0,0.08250096
95,2024,2,gru_classifier,0,0,0.22077827
95,2024,3,gru_classifier,0,0,0.14177305
95,2024,4,gru_classifier,0,0,0.15949607
95,2024,5,gru_classifier,0,0,0.2086479
95,2024,6,gru_classifier,0,0,0.20359458
95,2024,7,gru_classifier,0,0,0.26153657
95,2024,8,gru_classifier,0,0,0.28554365
95,2024,9,gru_classifier,0,0,0.24428932
96,2023,12,gru_classifier,0,0,0.11824737
96,2024,1,gru_classifier,1,0,0.079474874
96,2024,2,gru_classifier,0,0,0.20716287
96,2024,3,gru_classifier,0,0,0.13610162
96,2024,4,gru_classifier,0,0,0.15400341
96,2024,5,gru_classifier,0,0,0.20288548
96,2024,6,gru_classifier,0,0,0.20061035
96,2024,7,gru_classifier,0,0,0.22205065
96,2024,8,gru_classifier,1,0,0.226353
96,2024,9,gru_classifier,0,0,0.26011828
97,2023,12,gru_classifier,0,0,0.30591756
97,2024,1,gru_classifier,1,0,0.14055517
97,2024,2,gru_classifier,1,0,0.29238066
97,2024,3,gru_classifier,0,0,0.17419012
97,2024,4,gru_classifier,0,0,0.19756283
97,2024,5,gru_classifier,0,0,0.22779629
97,2024,6,gru_classifier,0,0,0.26198882
97,2024,7,gru_classifier,0,0,0.3417607
97,2024,8,gru_classifier,0,0,0.31497836
97,2024,9,gru_classifier,0,0,0.29171675
98,2023,12,gru_classifier,0,0,0.29906827
98,2024,1,gru_classifier,1,0,0.13966963
98,2024,2,gru_classifier,1,0,0.30625895
98,2024,3,gru_classifier,0,0,0.18589279
98,2024,4,gru_classifier,0,0,0.20106027
98,2024,5,gru_classifier,0,0,0.2300391
98,2024,6,gru_classifier,0,0,0.25487423
98,2024,7,gru_classifier,0,0,0.336122
98,2024,8,gru_classifier,0,0,0.3030565
98,2024,9,gru_classifier,0,0,0.28075105
99,2023,12,gru_classifier,1,0,0.26459423
99,2024,1,gru_classifier,1,0,0.34687448
99,2024,2,gru_classifier,1,1,0.7246644
99,2024,3,gru_classifier,0,0,0.25812706
99,2024,4,gru_classifier,1,0,0.24040493
99,2024,5,gru_classifier,1,0,0.34369212
99,2024,6,gru_classifier,1,0,0.30648875
99,2024,7,gru_classifier,1,0,0.34450713
99,2024,8,gru_classifier,0,0,0.41212195
99,2024,9,gru_classifier,1,1,0.55028903
100,2023,12,gru_classifier,1,0,0.12154472
100,2024,1,gru_classifier,1,0,0.09345676
100,2024,2,gru_classifier,1,0,0.18712227
100,2024,3,gru_classifier,0,0,0.11298256
100,2024,4,gru_classifier,1,0,0.26413164
100,2024,5,gru_classifier,1,0,0.38318297
100,2024,6,gru_classifier,1,0,0.2779773
100,2024,7,gru_classifier,1,0,0.37976927
100,2024,8,gru_classifier,0,0,0.49707818
100,2024,9,gru_classifier,1,1,0.680079
101,2023,12,gru_classifier,0,1,0.93493325
101,2024,1,gru_classifier,1,1,0.5743343
101,2024,2,gru_classifier,1,1,0.9869795
101,2024,3,gru_classifier,1,1,0.73311627
101,2024,4,gru_classifier,0,0,0.48508456
101,2024,5,gru_classifier,0,0,0.43923113
101,2024,6,gru_classifier,1,0,0.3731003
101,2024,7,gru_classifier,1,0,0.39509022
101,2024,8,gru_classifier,1,1,0.50092816
101,2024,9,gru_classifier,0,1,0.5464667
102,2023,12,gru_classifier,0,1,0.916351
102,2024,1,gru_classifier,1,1,0.6700172
102,2024,2,gru_classifier,1,1,0.9890354
102,2024,3,gru_classifier,1,1,0.74463326
102,2024,4,gru_classifier,0,1,0.51943
102,2024,5,gru_classifier,0,0,0.4399461
102,2024,6,gru_classifier,1,0,0.36406243
102,2024,7,gru_classifier,1,0,0.24508853
102,2024,8,gru_classifier,1,0,0.3465879
102,2024,9,gru_classifier,0,0,0.46871373
103,2023,12,gru_classifier,0,0,0.2728177
103,2024,1,gru_classifier,0,0,0.33645663
103,2024,2,gru_classifier,0,0,0.4569222
103,2024,3,gru_classifier,0,0,0.15641795
103,2024,4,gru_classifier,0,0,0.18878515
103,2024,5,gru_classifier,0,0,0.13260804
103,2024,6,gru_classifier,0,0,0.17411232
103,2024,7,gru_classifier,0,0,0.13812263
103,2024,8,gru_classifier,0,0,0.20642775
103,2024,9,gru_classifier,0,0,0.2446638
104,2023,12,gru_classifier,0,0,0.2935044
104,2024,1,gru_classifier,0,0,0.34530142
104,2024,2,gru_classifier,0,0,0.4545323
104,2024,3,gru_classifier,0,0,0.16654485
104,2024,4,gru_classifier,0,0,0.2047948
104,2024,5,gru_classifier,0,0,0.14457627
104,2024,6,gru_classifier,0,0,0.18171906
104,2024,7,gru_classifier,0,0,0.16569197
104,2024,8,gru_classifier,0,0,0.23191375
104,2024,9,gru_classifier,0,0,0.27169073
105,2023,12,gru_classifier,0,0,0.2768845
105,2024,1,gru_classifier,0,0,0.22586447
105,2024,2,gru_classifier,1,1,0.6899617
105,2024,3,gru_classifier,0,0,0.32109472
105,2024,4,gru_classifier,0,0,0.16936475
105,2024,5,gru_classifier,0,0,0.2078376
105,2024,6,gru_classifier,0,0,0.17746729
105,2024,7,gru_classifier,0,0,0.16005239
105,2024,8,gru_classifier,0,0,0.14870399
105,2024,9,gru_classifier,0,0,0.14739423
106,2023,12,gru_classifier,0,0,0.25713688
106,2024,1,gru_classifier,0,0,0.25025263
106,2024,2,gru_classifier,1,1,0.7240455
106,2024,3,gru_classifier,0,0,0.32825533
106,2024,4,gru_classifier,0,0,0.18648933
106,2024,5,gru_classifier,0,0,0.22801976
106,2024,6,gru_classifier,0,0,0.20824681
106,2024,7,gru_classifier,0,0,0.19166048
106,2024,8,gru_classifier,0,0,0.19379522
106,2024,9,gru_classifier,0,0,0.21499833
107,2023,12,gru_classifier,1,1,0.55947095
107,2024,1,gru_classifier,0,1,0.5115752
107,2024,2,gru_classifier,1,1,0.91525745
107,2024,3,gru_classifier,1,0,0.31913364
107,2024,4,gru_classifier,0,1,0.8988924
107,2024,5,gru_classifier,1,1,0.9083024
107,2024,6,gru_classifier,1,1,0.8868331
107,2024,7,gru_classifier,0,1,0.97002596
107,2024,8,gru_classifier,0,1,0.9580007
107,2024,9,gru_classifier,1,1,0.9785513
108,2023,12,gru_classifier,0,0,0.39682877
108,2024,1,gru_classifier,0,0,0.22182962
108,2024,2,gru_classifier,0,0,0.46272027
108,2024,3,gru_classifier,0,0,0.22233823
108,2024,4,gru_classifier,0,0,0.3099067
108,2024,5,gru_classifier,0,0,0.3728173
108,2024,6,gru_classifier,0,0,0.42298952
108,2024,7,gru_classifier,1,0,0.44903865
108,2024,8,gru_classifier,1,0,0.3195434
108,2024,9,gru_classifier,1,0,0.3287177
109,2023,12,gru_classifier,0,0,0.14707704
109,2024,1,gru_classifier,0,0,0.118056454
109,2024,2,gru_classifier,0,0,0.2476649
109,2024,3,gru_classifier,0,0,0.16110778
109,2024,4,gru_classifier,0,0,0.2476117
109,2024,5,gru_classifier,0,0,0.29727435
109,2024,6,gru_classifier,0,0,0.33605418
109,2024,7,gru_classifier,0,0,0.3223257
109,2024,8,gru_classifier,0,0,0.32029542
109,2024,9,gru_classifier,1,0,0.3421573
110,2023,12,gru_classifier,0,0,0.13920245
110,2024,1,gru_classifier,0,0,0.12289553
110,2024,2,gru_classifier,1,0,0.1648133
110,2024,3,gru_classifier,0,0,0.1191039
110,2024,4,gru_classifier,1,0,0.1930849
110,2024,5,gru_classifier,0,0,0.24851725
110,2024,6,gru_classifier,0,0,0.27718824
110,2024,7,gru_classifier,0,0,0.33240145
110,2024,8,gru_classifier,0,0,0.30319142
110,2024,9,gru_classifier,1,0,0.292247
111,2023,12,gru_classifier,1,1,0.8285034
111,2024,1,gru_classifier,0,1,0.59236145
111,2024,2,gru_classifier,0,1,0.9872004
111,2024,3,gru_classifier,1,0,0.49340805
111,2024,4,gru_classifier,1,0,0.3167643
111,2024,5,gru_classifier,0,1,0.53160757
111,2024,6,gru_classifier,1,0,0.47935176
111,2024,7,gru_classifier,1,0,0.39161935
111,2024,8,gru_classifier,0,0,0.3523674
111,2024,9,gru_classifier,0,1,0.6864305
112,2023,12,gru_classifier,1,0,0.35447258
112,2024,1,gru_classifier,0,0,0.24922884
112,2024,2,gru_classifier,0,1,0.570297
112,2024,3,gru_classifier,0,0,0.20996918
112,2024,4,gru_classifier,0,0,0.29402843
112,2024,5,gru_classifier,0,0,0.30917197
112,2024,6,gru_classifier,0,0,0.33275008
112,2024,7,gru_classifier,0,0,0.36526343
112,2024,8,gru_classifier,1,0,0.45978293
112,2024,9,gru_classifier,0,0,0.49772575
113,2023,12,gru_classifier,1,0,0.4666144
113,2024,1,gru_classifier,0,0,0.33250558
113,2024,2,gru_classifier,0,1,0.6430864
113,2024,3,gru_classifier,0,0,0.24592601
113,2024,4,gru_classifier,0,0,0.2596453
113,2024,5,gru_classifier,0,0,0.29911408
113,2024,6,gru_classifier,0,0,0.33922878
113,2024,7,gru_classifier,0,0,0.35065296
113,2024,8,gru_classifier,0,0,0.3338466
113,2024,9,gru_classifier,0,0,0.37149152
114,2023,12,gru_classifier,1,0,0.25124058
114,2024,1,gru_classifier,0,0,0.29596046
114,2024,2,gru_classifier,0,1,0.6541435
114,2024,3,gru_classifier,0,0,0.28735304
114,2024,4,gru_classifier,0,0,0.24080616
114,2024,5,gru_classifier,0,0,0.25627497
114,2024,6,gru_classifier,0,0,0.2797976
114,2024,7,gru_classifier,0,0,0.23087312
114,2024,8,gru_classifier,0,0,0.22035891
114,2024,9,gru_classifier,0,0,0.21872634
115,2023,12,gru_classifier,1,0,0.40088263
115,2024,1,gru_classifier,1,0,0.44449398
115,2024,2,gru_classifier,1,1,0.77281106
115,2024,3,gru_classifier,1,0,0.21221699
115,2024,4,gru_classifier,1,0,0.18956302
115,2024,5,gru_classifier,1,0,0.2574755
115,2024,6,gru_classifier,0,0,0.25366843
115,2024,7,gru_classifier,1,0,0.49188542
115,2024,8,gru_classifier,0,0,0.2830979
115,2024,9,gru_classifier,0,1,0.68750834
116,2023,12,gru_classifier,0,1,0.5201837
116,2024,1,gru_classifier,0,0,0.4340354
116,2024,2,gru_classifier,1,1,0.53485096
116,2024,3,gru_classifier,0,0,0.44876415
116,2024,4,gru_classifier,0,0,0.38929167
116,2024,5,gru_classifier,1,0,0.27130014
116,2024,6,gru_classifier,0,0,0.31354675
116,2024,7,gru_classifier,0,0,0.29563662
116,2024,8,gru_classifier,0,0,0.42602286
116,2024,9,gru_classifier,0,0,0.32278436
117,2023,12,gru_classifier,0,0,0.4502471
117,2024,1,gru_classifier,0,0,0.35607418
117,2024,2,gru_classifier,1,0,0.48369488
117,2024,3,gru_classifier,0,0,0.42678475
117,2024,4,gru_classifier,0,0,0.37225404
117,2024,5,gru_classifier,1,0,0.28901476
117,2024,6,gru_classifier,0,0,0.3153732
117,2024,7,gru_classifier,0,0,0.34948722
117,2024,8,gru_classifier,0,1,0.50873345
117,2024,9,gru_classifier,0,0,0.39838356
118,2023,12,gru_classifier,0,1,0.5476502
118,2024,1,gru_classifier,1,0,0.36667016
118,2024,2,gru_classifier,1,1,0.7904356
118,2024,3,gru_classifier,0,0,0.3082969
118,2024,4,gru_classifier,1,0,0.46914005
118,2024,5,gru_classifier,1,0,0.43047187
118,2024,6,gru_classifier,1,0,0.34220007
118,2024,7,gru_classifier,1,1,0.7299041
118,2024,8,gru_classifier,0,0,0.42059326
118,2024,9,gru_classifier,0,1,0.6403918
119,2023,12,gru_classifier,0,1,0.74036276
119,2024,1,gru_classifier,1,0,0.45587933
119,2024,2,gru_classifier,1,1,0.8808238
119,2024,3,gru_classifier,0,1,0.5708133
119,2024,4,gru_classifier,1,0,0.3559506
119,2024,5,gru_classifier,1,0,0.3511572
119,2024,6,gru_classifier,1,0,0.24183106
119,2024,7,gru_classifier,1,0,0.3884581
119,2024,8,gru_classifier,0,0,0.33388913
119,2024,9,gru_classifier,0,0,0.46507356
120,2023,12,gru_classifier,1,0,0.18397374
120,2024,1,gru_classifier,1,0,0.32811072
120,2024,2,gru_classifier,0,0,0.45802125
120,2024,3,gru_classifier,0,0,0.2466116
120,2024,4,gru_classifier,0,0,0.34413755
120,2024,5,gru_classifier,1,0,0.3117031
120,2024,6,gru_classifier,0,0,0.3477623
120,2024,7,gru_classifier,0,0,0.26272997
120,2024,8,gru_classifier,0,0,0.28267756
120,2024,9,gru_classifier,1,0,0.27088067
121,2023,12,gru_classifier,1,0,0.42735153
121,2024,1,gru_classifier,1,1,0.5544738
121,2024,2,gru_classifier,0,1,0.54334456
121,2024,3,gru_classifier,0,0,0.30907774
121,2024,4,gru_classifier,0,0,0.37084877
121,2024,5,gru_classifier,1,0,0.38491258
121,2024,6,gru_classifier,0,0,0.39649972
121,2024,7,gru_classifier,0,0,0.42592457
121,2024,8,gru_classifier,0,0,0.3869593
121,2024,9,gru_classifier,1,0,0.3819063
122,2023,12,gru_classifier,1,0,0.23082198
122,2024,1,gru_classifier,1,0,0.3083621
122,2024,2,gru_classifier,1,1,0.731391
122,2024,3,gru_classifier,0,0,0.27395305
122,2024,4,gru_classifier,1,0,0.40073836
122,2024,5,gru_classifier,1,1,0.754576
122,2024,6,gru_classifier,0,1,0.5125112
122,2024,7,gru_classifier,0,1,0.81839824
122,2024,8,gru_classifier,0,1,0.64159214
122,2024,9,gru_classifier,0,0,0.38363078
124,2023,12,gru_classifier,1,0,0.20031333
124,2024,1,gru_classifier,0,0,0.16327384
124,2024,2,gru_classifier,0,0,0.2715227
124,2024,3,gru_classifier,0,0,0.18273963
124,2024,4,gru_classifier,1,0,0.21026197
124,2024,5,gru_classifier,0,0,0.2933155
124,2024,6,gru_classifier,0,0,0.24221738
124,2024,7,gru_classifier,0,0,0.17282729
124,2024,8,gru_classifier,0,0,0.20109977
125,2023,12,gru_classifier,1,0,0.23601733
125,2024,1,gru_classifier,1,0,0.30012885
125,2024,2,gru_classifier,1,1,0.76793444
125,2024,3,gru_classifier,0,0,0.2896997
125,2024,4,gru_classifier,1,0,0.37747687
125,2024,5,gru_classifier,1,1,0.70017725
125,2024,6,gru_classifier,0,0,0.44522977
125,2024,7,gru_classifier,0,1,0.7798825
125,2024,8,gru_classifier,0,1,0.62412155
125,2024,9,gru_classifier,0,1,0.8467567
126,2023,12,gru_classifier,1,0,0.19301513
126,2024,1,gru_classifier,1,0,0.12582049
126,2024,2,gru_classifier,1,1,0.5882816
126,2024,3,gru_classifier,0,0,0.32304397
126,2024,4,gru_classifier,0,0,0.27309477
126,2024,5,gru_classifier,0,0,0.31189576
126,2024,6,gru_classifier,0,0,0.3081339
126,2024,7,gru_classifier,1,0,0.35223868
126,2024,8,gru_classifier,0,0,0.39721364
126,2024,9,gru_classifier,1,0,0.46863192
127,2023,12,gru_classifier,1,0,0.36550558
127,2024,1,gru_classifier,0,0,0.2971431
127,2024,2,gru_classifier,0,0,0.46100053
127,2024,3,gru_classifier,0,0,0.18845972
127,2024,4,gru_classifier,1,0,0.25869226
127,2024,5,gru_classifier,0,0,0.3678918
127,2024,6,gru_classifier,1,0,0.39115816
127,2024,7,gru_classifier,0,0,0.40961608
127,2024,8,gru_classifier,1,0,0.48207954
127,2024,9,gru_classifier,0,1,0.6325666
128,2023,12,gru_classifier,0,0,0.1244991
128,2024,1,gru_classifier,0,0,0.091694176
128,2024,2,gru_classifier,0,0,0.1428978
128,2024,3,gru_classifier,0,0,0.12659094
128,2024,4,gru_classifier,0,0,0.14669266
128,2024,5,gru_classifier,0,0,0.18026528
128,2024,6,gru_classifier,1,0,0.19303577
128,2024,7,gru_classifier,0,0,0.2698905
128,2024,8,gru_classifier,0,0,0.22482128
128,2024,9,gru_classifier,0,0,0.2519674
129,2023,12,gru_classifier,0,0,0.12538108
129,2024,1,gru_classifier,0,0,0.087852
129,2024,2,gru_classifier,0,0,0.12913027
129,2024,3,gru_classifier,0,0,0.12077362
129,2024,4,gru_classifier,0,0,0.14395997
129,2024,5,gru_classifier,0,0,0.17681378
129,2024,6,gru_classifier,1,0,0.19952412
129,2024,7,gru_classifier,0,0,0.26601565
129,2024,8,gru_classifier,0,0,0.22558062
129,2024,9,gru_classifier,0,0,0.36672512
131,2023,12,gru_classifier,0,0,0.43402132
131,2024,1,gru_classifier,0,0,0.3271061
131,2024,2,gru_classifier,0,0,0.41927525
131,2024,3,gru_classifier,0,0,0.26218343
131,2024,4,gru_classifier,0,0,0.27390933
131,2024,5,gru_classifier,0,0,0.31078193
131,2024,6,gru_classifier,1,0,0.3717375
131,2024,7,gru_classifier,0,0,0.4079774
131,2024,8,gru_classifier,0,0,0.36787382
131,2024,9,gru_classifier,0,0,0.4194262
132,2023,12,gru_classifier,0,0,0.2005392
132,2024,1,gru_classifier,0,0,0.23903042
132,2024,2,gru_classifier,0,0,0.27357808
132,2024,3,gru_classifier,0,0,0.12611376
132,2024,4,gru_classifier,0,0,0.20063728
132,2024,5,gru_classifier,0,0,0.14228943
132,2024,6,gru_classifier,0,0,0.19870976
132,2024,7,gru_classifier,0,0,0.15261586
132,2024,8,gru_classifier,0,0,0.21713445
132,2024,9,gru_classifier,0,0,0.26249692
133,2023,12,gru_classifier,0,0,0.23161303
133,2024,1,gru_classifier,0,0,0.12615094
133,2024,2,gru_classifier,0,0,0.17859574
133,2024,3,gru_classifier,0,0,0.17208633
133,2024,4,gru_classifier,0,0,0.19939888
133,2024,5,gru_classifier,0,0,0.24727702
133,2024,6,gru_classifier,0,0,0.26075584
133,2024,7,gru_classifier,0,0,0.31272826
133,2024,8,gru_classifier,0,0,0.27315095
133,2024,9,gru_classifier,0,0,0.26317152
134,2023,12,gru_classifier,0,1,0.61055547
134,2024,1,gru_classifier,0,0,0.31285748
134,2024,2,gru_classifier,0,0,0.38955387
134,2024,3,gru_classifier,0,0,0.12979788
134,2024,4,gru_classifier,0,0,0.20952435
134,2024,5,gru_classifier,0,0,0.14514072
134,2024,6,gru_classifier,0,0,0.2469666
134,2024,7,gru_classifier,0,0,0.26354218
134,2024,8,gru_classifier,0,0,0.31376314
134,2024,9,gru_classifier,0,0,0.4573535
135,2023,12,gru_classifier,0,0,0.12329191
135,2024,1,gru_classifier,0,0,0.08037739
135,2024,2,gru_classifier,0,0,0.1409265
135,2024,3,gru_classifier,0,0,0.1236742
135,2024,4,gru_classifier,0,0,0.16593063
135,2024,5,gru_classifier,0,0,0.1855842
135,2024,6,gru_classifier,0,0,0.18845406
135,2024,7,gru_classifier,0,0,0.23017019
135,2024,8,gru_classifier,0,0,0.19495025
135,2024,9,gru_classifier,0,0,0.23870687
136,2023,12,gru_classifier,0,0,0.33026573
136,2024,1,gru_classifier,0,0,0.13895975
136,2024,2,gru_classifier,1,0,0.21026677
136,2024,3,gru_classifier,0,0,0.16413836
136,2024,4,gru_classifier,0,0,0.18734013
136,2024,5,gru_classifier,0,0,0.22576603
136,2024,6,gru_classifier,0,0,0.27948585
136,2024,7,gru_classifier,0,0,0.4203288
136,2024,8,gru_classifier,0,0,0.37134293
136,2024,9,gru_classifier,1,0,0.37531367
137,2023,12,gru_classifier,1,0,0.16277328
137,2024,1,gru_classifier,1,0,0.115837105
137,2024,2,gru_classifier,1,1,0.84896314
137,2024,3,gru_classifier,0,0,0.2700257
137,2024,4,gru_classifier,1,0,0.46640432
137,2024,5,gru_classifier,1,1,0.5294357
137,2024,6,gru_classifier,0,0,0.24281448
137,2024,7,gru_classifier,0,0,0.40639275
137,2024,8,gru_classifier,0,0,0.45368713
137,2024,9,gru_classifier,1,1,0.64987504
138,2023,12,gru_classifier,1,0,0.47980016
138,2024,1,gru_classifier,1,0,0.41272283
138,2024,2,gru_classifier,1,1,0.9644048
138,2024,3,gru_classifier,1,0,0.31986994
138,2024,4,gru_classifier,1,0,0.36369798
138,2024,5,gru_classifier,1,1,0.7053939
138,2024,6,gru_classifier,0,0,0.41698378
138,2024,7,gru_classifier,0,1,0.7999658
138,2024,8,gru_classifier,0,1,0.8435547
138,2024,9,gru_classifier,1,1,0.95785624
139,2023,12,gru_classifier,0,0,0.20939437
139,2024,1,gru_classifier,0,0,0.106281325
139,2024,2,gru_classifier,0,0,0.40479043
139,2024,3,gru_classifier,0,0,0.18160662
139,2024,4,gru_classifier,0,0,0.24232076
139,2024,5,gru_classifier,1,0,0.29322276
139,2024,6,gru_classifier,0,0,0.3064198
139,2024,7,gru_classifier,1,0,0.3868252
139,2024,8,gru_classifier,0,1,0.57736313
139,2024,9,gru_classifier,0,0,0.41486153
140,2023,12,gru_classifier,0,0,0.4409218
140,2024,1,gru_classifier,1,0,0.14315085
140,2024,2,gru_classifier,0,1,0.8722833
140,2024,3,gru_classifier,1,0,0.2384147
140,2024,4,gru_classifier,0,0,0.23540404
140,2024,5,gru_classifier,1,0,0.26479283
140,2024,6,gru_classifier,0,0,0.2108823
140,2024,7,gru_classifier,1,0,0.40363693
140,2024,8,gru_classifier,0,1,0.91687423
140,2024,9,gru_classifier,1,1,0.7456073
143,2024,6,gru_classifier,0,1,0.93371964
143,2024,7,gru_classifier,0,1,0.9745694
143,2024,8,gru_classifier,0,1,0.9628597
143,2024,9,gru_classifier,1,1,0.97352624
