site_id,target_year,target_month,model,actual_count,predicted_count
1,2023,12,lstm_regressor,1.0,0.514233
1,2024,1,lstm_regressor,0.0,0.4191583
1,2024,2,lstm_regressor,0.0,0.3807995
1,2024,3,lstm_regressor,0.0,0.51931787
1,2024,4,lstm_regressor,1.0,0.8782481
1,2024,5,lstm_regressor,1.0,1.3683869
1,2024,6,lstm_regressor,0.0,0.42541265
1,2024,7,lstm_regressor,0.0,0.40579057
1,2024,8,lstm_regressor,1.0,0.34444195
1,2024,9,lstm_regressor,0.0,0.28158557
2,2023,12,lstm_regressor,0.0,1.1241328
2,2024,1,lstm_regressor,0.0,0.3747482
2,2024,2,lstm_regressor,0.0,0.73693
2,2024,3,lstm_regressor,2.0,0.7004009
2,2024,4,lstm_regressor,0.0,0.77726024
2,2024,5,lstm_regressor,1.0,2.065589
2,2024,6,lstm_regressor,0.0,0.7094318
2,2024,7,lstm_regressor,0.0,0.9492184
2,2024,8,lstm_regressor,0.0,0.8622618
2,2024,9,lstm_regressor,0.0,0.73327905
3,2023,12,lstm_regressor,0.0,1.6101853
3,2024,1,lstm_regressor,0.0,0.5935514
3,2024,2,lstm_regressor,0.0,1.3329945
3,2024,3,lstm_regressor,2.0,1.1464045
3,2024,4,lstm_regressor,0.0,1.3774782
3,2024,5,lstm_regressor,1.0,1.7948614
3,2024,6,lstm_regressor,0.0,0.9173565
3,2024,7,lstm_regressor,0.0,1.4747251
3,2024,8,lstm_regressor,0.0,1.3514851
3,2024,9,lstm_regressor,0.0,1.4160684
4,2023,12,lstm_regressor,0.0,0.79696685
4,2024,1,lstm_regressor,0.0,0.34777707
4,2024,2,lstm_regressor,0.0,0.50635993
4,2024,3,lstm_regressor,1.0,0.601617
4,2024,4,lstm_regressor,0.0,0.91560173
4,2024,5,lstm_regressor,0.0,1.0304272
4,2024,6,lstm_regressor,1.0,0.33571064
4,2024,7,lstm_regressor,0.0,0.35496473
4,2024,8,lstm_regressor,0.0,0.25569284
4,2024,9,lstm_regressor,0.0,0.18897085
5,2023,12,lstm_regressor,0.0,0.7730689
5,2024,1,lstm_regressor,0.0,0.34481156
5,2024,2,lstm_regressor,0.0,0.51121205
5,2024,3,lstm_regressor,1.0,0.6075147
5,2024,4,lstm_regressor,0.0,0.9451177
5,2024,5,lstm_regressor,0.0,1.0554093
5,2024,6,lstm_regressor,1.0,0.35276932
5,2024,7,lstm_regressor,0.0,0.35898897
5,2024,8,lstm_regressor,0.0,0.2630395
5,2024,9,lstm_regressor,0.0,0.19030568
6,2023,12,lstm_regressor,1.0,0.51701236
6,2024,1,lstm_regressor,1.0,0.45623925
6,2024,2,lstm_regressor,0.0,0.32032442
6,2024,3,lstm_regressor,1.0,0.33971933
6,2024,4,lstm_regressor,0.0,0.29677188
6,2024,5,lstm_regressor,2.0,0.30418357
6,2024,6,lstm_regressor,1.0,0.47357365
6,2024,7,lstm_regressor,3.0,0.35154417
6,2024,8,lstm_regressor,0.0,0.34274858
6,2024,9,lstm_regressor,1.0,0.47954208
7,2023,12,lstm_regressor,1.0,0.74049824
7,2024,1,lstm_regressor,1.0,0.32018948
7,2024,2,lstm_regressor,0.0,0.29977563
7,2024,3,lstm_regressor,1.0,0.54101586
7,2024,4,lstm_regressor,0.0,0.55625445
7,2024,5,lstm_regressor,2.0,0.63678885
7,2024,6,lstm_regressor,1.0,0.5005415
7,2024,7,lstm_regressor,3.0,0.51375264
7,2024,8,lstm_regressor,0.0,0.42474508
7,2024,9,lstm_regressor,1.0,0.8259584
8,2023,12,lstm_regressor,0.0,0.334377
8,2024,1,lstm_regressor,0.0,0.25718343
8,2024,2,lstm_regressor,0.0,0.22692023
8,2024,3,lstm_regressor,0.0,0.36204386
8,2024,4,lstm_regressor,1.0,0.467593
8,2024,5,lstm_regressor,0.0,0.6458655
8,2024,6,lstm_regressor,1.0,0.36789015
8,2024,7,lstm_regressor,0.0,0.3081914
8,2024,8,lstm_regressor,0.0,0.23572072
8,2024,9,lstm_regressor,0.0,0.17338057
9,2023,12,lstm_regressor,0.0,0.33375752
9,2024,1,lstm_regressor,0.0,0.34501043
9,2024,2,lstm_regressor,2.0,0.30715522
9,2024,3,lstm_regressor,0.0,0.56246746
9,2024,4,lstm_regressor,1.0,0.29065922
9,2024,5,lstm_regressor,0.0,0.43261838
9,2024,6,lstm_regressor,0.0,0.30141893
9,2024,7,lstm_regressor,0.0,0.43879437
9,2024,8,lstm_regressor,0.0,0.32829335
9,2024,9,lstm_regressor,0.0,0.17664853
10,2023,12,lstm_regressor,1.0,0.45881253
10,2024,1,lstm_regressor,0.0,0.47552288
10,2024,2,lstm_regressor,0.0,0.3763958
10,2024,3,lstm_regressor,0.0,0.4123535
10,2024,4,lstm_regressor,0.0,0.3830553
10,2024,5,lstm_regressor,0.0,0.9692405
10,2024,6,lstm_regressor,0.0,0.48004934
10,2024,7,lstm_regressor,1.0,0.25706053
10,2024,8,lstm_regressor,0.0,0.16422094
10,2024,9,lstm_regressor,0.0,0.14487232
11,2023,12,lstm_regressor,1.0,0.48599857
11,2024,1,lstm_regressor,1.0,0.4452799
11,2024,2,lstm_regressor,0.0,0.41178563
11,2024,3,lstm_regressor,1.0,0.40080607
11,2024,4,lstm_regressor,0.0,0.5032967
11,2024,5,lstm_regressor,0.0,1.2056171
11,2024,6,lstm_regressor,0.0,1.0878208
11,2024,7,lstm_regressor,1.0,0.45226166
11,2024,8,lstm_regressor,0.0,0.2265702
11,2024,9,lstm_regressor,0.0,0.19335108
13,2023,12,lstm_regressor,1.0,0.44787413
13,2024,1,lstm_regressor,0.0,0.2505509
13,2024,2,lstm_regressor,0.0,0.29477495
13,2024,3,lstm_regressor,1.0,0.41819152
13,2024,4,lstm_regressor,1.0,1.2094202
13,2024,5,lstm_regressor,0.0,1.1775695
13,2024,6,lstm_regressor,1.0,0.5917835
13,2024,7,lstm_regressor,0.0,0.31012303
13,2024,8,lstm_regressor,0.0,0.37353465
13,2024,9,lstm_regressor,0.0,0.35173458
14,2023,12,lstm_regressor,1.0,0.8409924
14,2024,1,lstm_regressor,0.0,0.52080303
14,2024,2,lstm_regressor,0.0,0.6921761
14,2024,3,lstm_regressor,1.0,0.70917714
14,2024,4,lstm_regressor,1.0,0.54678273
14,2024,5,lstm_regressor,1.0,0.74288136
14,2024,6,lstm_regressor,0.0,0.4266196
14,2024,7,lstm_regressor,2.0,0.37885457
14,2024,8,lstm_regressor,0.0,0.31189755
14,2024,9,lstm_regressor,0.0,0.6416132
15,2023,12,lstm_regressor,0.0,0.3524146
15,2024,1,lstm_regressor,2.0,0.42176294
15,2024,2,lstm_regressor,2.0,0.82086015
15,2024,3,lstm_regressor,0.0,1.0048156
15,2024,4,lstm_regressor,1.0,0.737334
15,2024,5,lstm_regressor,3.0,1.1096894
15,2024,6,lstm_regressor,0.0,1.2725999
15,2024,7,lstm_regressor,1.0,2.5402284
15,2024,8,lstm_regressor,3.0,2.4991922
15,2024,9,lstm_regressor,2.0,1.6846782
16,2023,12,lstm_regressor,1.0,1.8084332
16,2024,1,lstm_regressor,1.0,1.437727
16,2024,2,lstm_regressor,1.0,1.97515
16,2024,3,lstm_regressor,2.0,1.7917714
16,2024,4,lstm_regressor,6.0,2.0395646
16,2024,5,lstm_regressor,3.0,1.4445527
16,2024,6,lstm_regressor,2.0,1.5346344
16,2024,7,lstm_regressor,1.0,2.1824374
16,2024,8,lstm_regressor,2.0,1.8021597
16,2024,9,lstm_regressor,2.0,1.8790627
17,2023,12,lstm_regressor,1.0,1.4050838
17,2024,1,lstm_regressor,1.0,0.8550537
17,2024,2,lstm_regressor,1.0,1.6322564
17,2024,3,lstm_regressor,2.0,1.2788917
17,2024,4,lstm_regressor,6.0,1.3267623
17,2024,5,lstm_regressor,3.0,0.7656606
17,2024,6,lstm_regressor,2.0,0.6508732
17,2024,7,lstm_regressor,1.0,0.9978932
17,2024,8,lstm_regressor,2.0,0.7225412
17,2024,9,lstm_regressor,2.0,0.8486671
18,2023,12,lstm_regressor,0.0,0.3448384
18,2024,1,lstm_regressor,2.0,0.4076319
18,2024,2,lstm_regressor,2.0,0.7693422
18,2024,3,lstm_regressor,0.0,0.928149
18,2024,4,lstm_regressor,1.0,0.71335095
18,2024,5,lstm_regressor,3.0,1.0799768
18,2024,6,lstm_regressor,0.0,1.1418734
18,2024,7,lstm_regressor,1.0,2.4257405
18,2024,8,lstm_regressor,3.0,2.3076236
18,2024,9,lstm_regressor,2.0,1.3171235
19,2023,12,lstm_regressor,1.0,0.44363478
19,2024,1,lstm_regressor,0.0,0.38914734
19,2024,2,lstm_regressor,0.0,0.3159578
19,2024,3,lstm_regressor,1.0,0.39154667
19,2024,4,lstm_regressor,0.0,0.44785053
19,2024,5,lstm_regressor,0.0,0.9780529
19,2024,6,lstm_regressor,0.0,0.8180269
19,2024,7,lstm_regressor,1.0,0.25098342
19,2024,8,lstm_regressor,0.0,0.18426546
19,2024,9,lstm_regressor,0.0,0.17918193
20,2023,12,lstm_regressor,1.0,0.28047916
20,2024,1,lstm_regressor,0.0,0.24973162
20,2024,2,lstm_regressor,0.0,0.21387139
20,2024,3,lstm_regressor,0.0,0.3535108
20,2024,4,lstm_regressor,0.0,0.30054364
20,2024,5,lstm_regressor,0.0,0.47946084
20,2024,6,lstm_regressor,0.0,0.48370016
20,2024,7,lstm_regressor,0.0,0.67996997
20,2024,8,lstm_regressor,0.0,0.49570876
20,2024,9,lstm_regressor,0.0,0.48101753
21,2023,12,lstm_regressor,0.0,0.36183664
21,2024,1,lstm_regressor,0.0,0.28197223
21,2024,2,lstm_regressor,0.0,0.22203486
21,2024,3,lstm_regressor,0.0,0.3247365
21,2024,4,lstm_regressor,0.0,0.25863948
21,2024,5,lstm_regressor,0.0,0.69547987
21,2024,6,lstm_regressor,0.0,0.30190542
21,2024,7,lstm_regressor,0.0,0.29358423
21,2024,8,lstm_regressor,0.0,0.15986222
21,2024,9,lstm_regressor,1.0,0.122554936
22,2023,12,lstm_regressor,1.0,0.35833448
22,2024,1,lstm_regressor,4.0,0.33434248
22,2024,2,lstm_regressor,0.0,0.54262024
22,2024,3,lstm_regressor,1.0,0.5573896
22,2024,4,lstm_regressor,1.0,1.1056051
22,2024,5,lstm_regressor,1.0,1.4994032
22,2024,6,lstm_regressor,1.0,0.70028335
22,2024,7,lstm_regressor,0.0,0.48271248
22,2024,8,lstm_regressor,1.0,0.5450349
22,2024,9,lstm_regressor,0.0,0.60677123
23,2023,12,lstm_regressor,1.0,0.3021934
23,2024,1,lstm_regressor,2.0,0.25317147
23,2024,2,lstm_regressor,1.0,0.42400786
23,2024,3,lstm_regressor,1.0,0.5821705
23,2024,4,lstm_regressor,1.0,1.0876502
23,2024,5,lstm_regressor,1.0,1.5573418
23,2024,6,lstm_regressor,3.0,0.8163371
23,2024,7,lstm_regressor,0.0,0.56038314
23,2024,8,lstm_regressor,0.0,0.5940508
23,2024,9,lstm_regressor,1.0,0.6653649
24,2023,12,lstm_regressor,1.0,0.35517728
24,2024,1,lstm_regressor,3.0,0.3206376
24,2024,2,lstm_regressor,0.0,0.5013639
24,2024,3,lstm_regressor,1.0,0.5847032
24,2024,4,lstm_regressor,1.0,1.1005474
24,2024,5,lstm_regressor,1.0,1.3405839
24,2024,6,lstm_regressor,3.0,0.60271233
24,2024,7,lstm_regressor,0.0,0.46550155
24,2024,8,lstm_regressor,0.0,0.47894952
24,2024,9,lstm_regressor,1.0,0.822248
25,2023,12,lstm_regressor,0.0,1.4019582
25,2024,1,lstm_regressor,2.0,0.46795443
25,2024,2,lstm_regressor,2.0,0.431163
25,2024,3,lstm_regressor,0.0,0.5654689
25,2024,4,lstm_regressor,1.0,0.86131704
25,2024,5,lstm_regressor,2.0,0.9844429
25,2024,6,lstm_regressor,2.0,0.5996852
25,2024,7,lstm_regressor,0.0,0.6085284
25,2024,8,lstm_regressor,1.0,0.54440516
25,2024,9,lstm_regressor,3.0,0.48545682
26,2023,12,lstm_regressor,1.0,0.30622575
26,2024,1,lstm_regressor,1.0,0.33817333
26,2024,2,lstm_regressor,0.0,0.37076145
26,2024,3,lstm_regressor,0.0,0.5239744
26,2024,4,lstm_regressor,0.0,1.4129493
26,2024,5,lstm_regressor,0.0,1.685423
26,2024,6,lstm_regressor,1.0,1.4176239
26,2024,7,lstm_regressor,0.0,0.3923273
26,2024,8,lstm_regressor,0.0,0.25104874
26,2024,9,lstm_regressor,1.0,0.21282166
27,2023,12,lstm_regressor,1.0,0.44263878
27,2024,1,lstm_regressor,1.0,0.45087045
27,2024,2,lstm_regressor,0.0,0.4463095
27,2024,3,lstm_regressor,0.0,0.47611666
27,2024,4,lstm_regressor,0.0,0.95530164
27,2024,5,lstm_regressor,1.0,1.3993413
27,2024,6,lstm_regressor,0.0,0.5078483
27,2024,7,lstm_regressor,0.0,0.30739316
27,2024,8,lstm_regressor,0.0,0.15473619
27,2024,9,lstm_regressor,2.0,0.11461525
28,2023,12,lstm_regressor,0.0,0.24666907
28,2024,1,lstm_regressor,0.0,0.24375626
28,2024,2,lstm_regressor,0.0,0.19912212
28,2024,3,lstm_regressor,0.0,0.29313272
28,2024,4,lstm_regressor,0.0,0.20468594
28,2024,5,lstm_regressor,0.0,0.2136329
28,2024,6,lstm_regressor,0.0,0.13235305
28,2024,7,lstm_regressor,0.0,0.11550827
28,2024,8,lstm_regressor,1.0,0.07649845
28,2024,9,lstm_regressor,0.0,0.07700913
29,2023,12,lstm_regressor,0.0,0.23239726
29,2024,1,lstm_regressor,0.0,0.19580226
29,2024,2,lstm_regressor,1.0,0.21475147
29,2024,3,lstm_regressor,0.0,0.57006335
29,2024,4,lstm_regressor,0.0,0.23966989
29,2024,5,lstm_regressor,0.0,0.3496297
29,2024,6,lstm_regressor,0.0,0.15629438
29,2024,7,lstm_regressor,0.0,0.17908418
29,2024,8,lstm_regressor,0.0,0.10485954
29,2024,9,lstm_regressor,0.0,0.0749291
30,2023,12,lstm_regressor,0.0,0.3454556
30,2024,1,lstm_regressor,0.0,0.32177493
30,2024,2,lstm_regressor,0.0,0.3273051
30,2024,3,lstm_regressor,0.0,0.3553579
30,2024,4,lstm_regressor,0.0,0.2294128
30,2024,5,lstm_regressor,0.0,0.22178754
30,2024,6,lstm_regressor,0.0,0.17995693
30,2024,7,lstm_regressor,0.0,0.20472252
30,2024,8,lstm_regressor,0.0,0.1197442
30,2024,9,lstm_regressor,0.0,0.10696372
31,2023,12,lstm_regressor,0.0,0.24427727
31,2024,1,lstm_regressor,0.0,0.20155677
31,2024,2,lstm_regressor,0.0,0.183777
31,2024,3,lstm_regressor,0.0,0.3320235
31,2024,4,lstm_regressor,0.0,0.3776315
31,2024,5,lstm_regressor,0.0,0.3127518
31,2024,6,lstm_regressor,0.0,0.25863105
31,2024,7,lstm_regressor,0.0,0.1880177
31,2024,8,lstm_regressor,0.0,0.1506007
31,2024,9,lstm_regressor,0.0,0.1250415
32,2023,12,lstm_regressor,0.0,0.22577694
32,2024,1,lstm_regressor,0.0,0.18750498
32,2024,2,lstm_regressor,0.0,0.17073597
32,2024,3,lstm_regressor,0.0,0.2508981
32,2024,4,lstm_regressor,0.0,0.16161491
32,2024,5,lstm_regressor,0.0,0.1568336
32,2024,6,lstm_regressor,0.0,0.09735673
32,2024,7,lstm_regressor,0.0,0.09285959
32,2024,8,lstm_regressor,0.0,0.07029238
32,2024,9,lstm_regressor,0.0,0.07582341
33,2023,12,lstm_regressor,0.0,0.19313572
33,2024,1,lstm_regressor,0.0,0.1761506
33,2024,2,lstm_regressor,0.0,0.18905596
33,2024,3,lstm_regressor,0.0,0.29970875
33,2024,4,lstm_regressor,0.0,0.21187715
33,2024,5,lstm_regressor,0.0,0.2243758
33,2024,6,lstm_regressor,0.0,0.1436318
33,2024,7,lstm_regressor,0.0,0.1362741
33,2024,8,lstm_regressor,0.0,0.08726222
33,2024,9,lstm_regressor,0.0,0.0734944
34,2023,12,lstm_regressor,0.0,0.24599443
34,2024,1,lstm_regressor,0.0,0.22753806
34,2024,2,lstm_regressor,0.0,0.18887697
34,2024,3,lstm_regressor,0.0,0.26776373
34,2024,4,lstm_regressor,0.0,0.17832024
34,2024,5,lstm_regressor,0.0,0.16998273
34,2024,6,lstm_regressor,0.0,0.10326499
34,2024,7,lstm_regressor,0.0,0.092957556
34,2024,8,lstm_regressor,1.0,0.0709108
34,2024,9,lstm_regressor,0.0,0.092116326
35,2023,12,lstm_regressor,0.0,0.35194662
35,2024,1,lstm_regressor,0.0,0.22616409
35,2024,2,lstm_regressor,0.0,0.24345344
35,2024,3,lstm_regressor,0.0,0.36908174
35,2024,4,lstm_regressor,0.0,0.48379004
35,2024,5,lstm_regressor,0.0,0.8991014
35,2024,6,lstm_regressor,0.0,0.4080316
35,2024,7,lstm_regressor,0.0,0.29635084
35,2024,8,lstm_regressor,0.0,0.17822155
35,2024,9,lstm_regressor,0.0,0.15543443
36,2023,12,lstm_regressor,0.0,0.3819633
36,2024,1,lstm_regressor,0.0,0.26118085
36,2024,2,lstm_regressor,0.0,0.24741232
36,2024,3,lstm_regressor,0.0,0.305267
36,2024,4,lstm_regressor,0.0,0.24724299
36,2024,5,lstm_regressor,0.0,1.0619512
36,2024,6,lstm_regressor,0.0,0.21284278
36,2024,7,lstm_regressor,0.0,0.22237095
36,2024,8,lstm_regressor,0.0,0.111921355
36,2024,9,lstm_regressor,0.0,0.10729937
37,2023,12,lstm_regressor,0.0,0.22662024
37,2024,1,lstm_regressor,0.0,0.21648668
37,2024,2,lstm_regressor,1.0,0.24176094
37,2024,3,lstm_regressor,0.0,0.6812062
37,2024,4,lstm_regressor,0.0,0.403976
37,2024,5,lstm_regressor,2.0,0.65850765
37,2024,6,lstm_regressor,0.0,0.49188274
37,2024,7,lstm_regressor,0.0,0.44786465
37,2024,8,lstm_regressor,0.0,0.35874522
37,2024,9,lstm_regressor,0.0,0.2301461
38,2023,12,lstm_regressor,0.0,0.29376444
38,2024,1,lstm_regressor,0.0,0.24532901
38,2024,2,lstm_regressor,1.0,0.20884803
38,2024,3,lstm_regressor,0.0,0.52772665
38,2024,4,lstm_regressor,0.0,0.20139423
38,2024,5,lstm_regressor,3.0,0.21809074
38,2024,6,lstm_regressor,0.0,0.4936446
38,2024,7,lstm_regressor,0.0,0.4564908
38,2024,8,lstm_regressor,0.0,0.3835209
38,2024,9,lstm_regressor,0.0,0.21485059
39,2023,12,lstm_regressor,0.0,0.29597062
39,2024,1,lstm_regressor,0.0,0.30062914
39,2024,2,lstm_regressor,0.0,0.25441656
39,2024,3,lstm_regressor,0.0,0.29916134
39,2024,4,lstm_regressor,0.0,0.22823957
39,2024,5,lstm_regressor,0.0,0.7093406
39,2024,6,lstm_regressor,0.0,0.23111375
39,2024,7,lstm_regressor,0.0,0.27882838
39,2024,8,lstm_regressor,0.0,0.17045663
39,2024,9,lstm_regressor,0.0,0.151179
40,2023,12,lstm_regressor,0.0,0.2863786
40,2024,1,lstm_regressor,0.0,0.2882884
40,2024,2,lstm_regressor,0.0,0.25616392
40,2024,3,lstm_regressor,0.0,0.30867884
40,2024,4,lstm_regressor,0.0,0.24261215
40,2024,5,lstm_regressor,0.0,0.82999647
40,2024,6,lstm_regressor,0.0,0.2825762
40,2024,7,lstm_regressor,0.0,0.28578097
40,2024,8,lstm_regressor,0.0,0.16899672
40,2024,9,lstm_regressor,0.0,0.14468455
41,2023,12,lstm_regressor,1.0,1.7400818
41,2024,1,lstm_regressor,0.0,0.7620825
41,2024,2,lstm_regressor,3.0,1.07015
41,2024,3,lstm_regressor,3.0,0.6301223
41,2024,4,lstm_regressor,1.0,0.56702673
41,2024,5,lstm_regressor,0.0,0.66035104
41,2024,6,lstm_regressor,1.0,0.45103997
41,2024,7,lstm_regressor,0.0,0.40438166
41,2024,8,lstm_regressor,0.0,0.46273422
41,2024,9,lstm_regressor,0.0,0.45202497
42,2023,12,lstm_regressor,1.0,1.7967694
42,2024,1,lstm_regressor,0.0,0.7211422
42,2024,2,lstm_regressor,3.0,0.73229486
42,2024,3,lstm_regressor,3.0,1.0540713
42,2024,4,lstm_regressor,1.0,0.73618704
42,2024,5,lstm_regressor,0.0,0.8353689
42,2024,6,lstm_regressor,1.0,0.4802137
42,2024,7,lstm_regressor,0.0,0.41912487
42,2024,8,lstm_regressor,0.0,0.4725845
42,2024,9,lstm_regressor,0.0,0.45401233
43,2023,12,lstm_regressor,0.0,0.34542075
43,2024,1,lstm_regressor,0.0,0.28431416
43,2024,2,lstm_regressor,0.0,0.29445735
43,2024,3,lstm_regressor,0.0,0.3062374
43,2024,4,lstm_regressor,0.0,0.21802528
43,2024,5,lstm_regressor,0.0,0.35918605
43,2024,6,lstm_regressor,0.0,0.1573045
43,2024,7,lstm_regressor,0.0,0.18928982
43,2024,8,lstm_regressor,0.0,0.10906737
43,2024,9,lstm_regressor,1.0,0.10335121
44,2023,12,lstm_regressor,0.0,0.27232975
44,2024,1,lstm_regressor,0.0,0.20063587
44,2024,2,lstm_regressor,0.0,0.18965687
44,2024,3,lstm_regressor,0.0,0.33306187
44,2024,4,lstm_regressor,0.0,0.40225276
44,2024,5,lstm_regressor,0.0,0.5777018
44,2024,6,lstm_regressor,0.0,0.30236563
44,2024,7,lstm_regressor,0.0,0.24233931
44,2024,8,lstm_regressor,0.0,0.18284129
44,2024,9,lstm_regressor,1.0,0.16945572
45,2023,12,lstm_regressor,0.0,0.22704545
45,2024,1,lstm_regressor,2.0,0.21172053
45,2024,2,lstm_regressor,0.0,0.3978554
45,2024,3,lstm_regressor,1.0,0.49627405
45,2024,4,lstm_regressor,1.0,0.5859089
45,2024,5,lstm_regressor,0.0,0.5961671
45,2024,6,lstm_regressor,1.0,0.44122916
45,2024,7,lstm_regressor,0.0,0.4461004
45,2024,8,lstm_regressor,1.0,0.35286295
45,2024,9,lstm_regressor,0.0,0.3769125
46,2023,12,lstm_regressor,0.0,0.21551949
46,2024,1,lstm_regressor,1.0,0.19812493
46,2024,2,lstm_regressor,0.0,0.31263492
46,2024,3,lstm_regressor,1.0,0.40614465
46,2024,4,lstm_regressor,1.0,0.42760918
46,2024,5,lstm_regressor,0.0,0.58894986
46,2024,6,lstm_regressor,1.0,0.43489447
46,2024,7,lstm_regressor,0.0,0.44898987
46,2024,8,lstm_regressor,1.0,0.37357876
46,2024,9,lstm_regressor,0.0,0.3972244
47,2023,12,lstm_regressor,0.0,0.3114479
47,2024,1,lstm_regressor,0.0,0.21663639
47,2024,2,lstm_regressor,0.0,0.25134194
47,2024,3,lstm_regressor,0.0,0.55636084
47,2024,4,lstm_regressor,1.0,0.64606506
47,2024,5,lstm_regressor,0.0,1.4317375
47,2024,6,lstm_regressor,0.0,0.6725457
47,2024,7,lstm_regressor,0.0,0.36842826
47,2024,8,lstm_regressor,0.0,0.27755523
47,2024,9,lstm_regressor,0.0,0.24022624
48,2023,12,lstm_regressor,0.0,0.22730729
48,2024,1,lstm_regressor,0.0,0.21834832
48,2024,2,lstm_regressor,0.0,0.23167385
48,2024,3,lstm_regressor,0.0,0.30575222
48,2024,4,lstm_regressor,1.0,0.24825895
48,2024,5,lstm_regressor,0.0,0.66741866
48,2024,6,lstm_regressor,1.0,0.34717044
48,2024,7,lstm_regressor,0.0,0.30783296
48,2024,8,lstm_regressor,0.0,0.25788033
48,2024,9,lstm_regressor,3.0,0.24725232
49,2023,12,lstm_regressor,0.0,0.3695199
49,2024,1,lstm_regressor,0.0,0.24351631
49,2024,2,lstm_regressor,1.0,0.2859634
49,2024,3,lstm_regressor,1.0,0.7185261
49,2024,4,lstm_regressor,0.0,0.40434384
49,2024,5,lstm_regressor,1.0,1.1605597
49,2024,6,lstm_regressor,1.0,0.3680288
49,2024,7,lstm_regressor,0.0,0.34407228
49,2024,8,lstm_regressor,0.0,0.35939693
49,2024,9,lstm_regressor,0.0,0.32918546
50,2023,12,lstm_regressor,1.0,0.25069794
50,2024,1,lstm_regressor,0.0,0.3265298
50,2024,2,lstm_regressor,0.0,0.29708827
50,2024,3,lstm_regressor,0.0,0.5462059
50,2024,4,lstm_regressor,0.0,0.41899768
50,2024,5,lstm_regressor,0.0,0.49999213
50,2024,6,lstm_regressor,0.0,0.41166803
50,2024,7,lstm_regressor,0.0,0.31877288
50,2024,8,lstm_regressor,0.0,0.276493
50,2024,9,lstm_regressor,0.0,0.25327858
51,2023,12,lstm_regressor,1.0,0.2776862
51,2024,1,lstm_regressor,0.0,0.38977394
51,2024,2,lstm_regressor,0.0,0.24244447
51,2024,3,lstm_regressor,0.0,0.3949635
51,2024,4,lstm_regressor,0.0,0.23616418
51,2024,5,lstm_regressor,0.0,0.2900181
51,2024,6,lstm_regressor,0.0,0.36241272
51,2024,7,lstm_regressor,0.0,0.15348174
51,2024,8,lstm_regressor,0.0,0.14113091
51,2024,9,lstm_regressor,0.0,0.15055028
52,2023,12,lstm_regressor,0.0,0.37980333
52,2024,1,lstm_regressor,2.0,0.35625392
52,2024,2,lstm_regressor,0.0,0.43830636
52,2024,3,lstm_regressor,0.0,0.67817074
52,2024,4,lstm_regressor,1.0,1.453795
52,2024,5,lstm_regressor,1.0,0.74005574
52,2024,6,lstm_regressor,0.0,0.46426198
52,2024,7,lstm_regressor,0.0,0.42574382
52,2024,8,lstm_regressor,0.0,0.27684206
52,2024,9,lstm_regressor,1.0,0.2213404
53,2023,12,lstm_regressor,0.0,0.25145406
53,2024,1,lstm_regressor,0.0,0.20363577
53,2024,2,lstm_regressor,0.0,0.19148968
53,2024,3,lstm_regressor,1.0,0.33586398
53,2024,4,lstm_regressor,0.0,0.36599553
53,2024,5,lstm_regressor,2.0,0.52323747
53,2024,6,lstm_regressor,0.0,0.49840605
53,2024,7,lstm_regressor,1.0,0.6619223
53,2024,8,lstm_regressor,1.0,0.48450577
53,2024,9,lstm_regressor,0.0,0.45827967
54,2023,12,lstm_regressor,0.0,0.2866925
54,2024,1,lstm_regressor,0.0,0.23501502
54,2024,2,lstm_regressor,0.0,0.23890457
54,2024,3,lstm_regressor,1.0,0.38280165
54,2024,4,lstm_regressor,0.0,0.47311914
54,2024,5,lstm_regressor,2.0,0.6406113
54,2024,6,lstm_regressor,0.0,0.5878556
54,2024,7,lstm_regressor,1.0,1.0145601
54,2024,8,lstm_regressor,1.0,0.56045246
54,2024,9,lstm_regressor,0.0,0.7449837
55,2023,12,lstm_regressor,0.0,0.29197812
55,2024,1,lstm_regressor,0.0,0.22921619
55,2024,2,lstm_regressor,1.0,0.22069645
55,2024,3,lstm_regressor,0.0,0.5483563
55,2024,4,lstm_regressor,0.0,0.35212067
55,2024,5,lstm_regressor,0.0,0.40228805
55,2024,6,lstm_regressor,0.0,0.30233458
55,2024,7,lstm_regressor,0.0,0.2835381
55,2024,8,lstm_regressor,0.0,0.2182895
55,2024,9,lstm_regressor,1.0,0.11289787
56,2023,12,lstm_regressor,0.0,0.28923714
56,2024,1,lstm_regressor,0.0,0.22808501
56,2024,2,lstm_regressor,1.0,0.21648961
56,2024,3,lstm_regressor,0.0,0.53944635
56,2024,4,lstm_regressor,0.0,0.3476745
56,2024,5,lstm_regressor,0.0,0.40289235
56,2024,6,lstm_regressor,0.0,0.31351203
56,2024,7,lstm_regressor,0.0,0.28866193
56,2024,8,lstm_regressor,0.0,0.22543558
56,2024,9,lstm_regressor,1.0,0.12384125
57,2023,12,lstm_regressor,0.0,0.22917944
57,2024,1,lstm_regressor,0.0,0.20222786
57,2024,2,lstm_regressor,0.0,0.17629711
57,2024,3,lstm_regressor,0.0,0.269035
57,2024,4,lstm_regressor,0.0,0.18511528
57,2024,5,lstm_regressor,1.0,0.1700202
57,2024,6,lstm_regressor,0.0,0.13524169
57,2024,7,lstm_regressor,1.0,0.0963461
57,2024,8,lstm_regressor,0.0,0.116619155
57,2024,9,lstm_regressor,0.0,0.12422654
58,2023,12,lstm_regressor,0.0,0.22339684
58,2024,1,lstm_regressor,0.0,0.19887632
58,2024,2,lstm_regressor,0.0,0.17456429
58,2024,3,lstm_regressor,0.0,0.26550594
58,2024,4,lstm_regressor,0.0,0.18201405
58,2024,5,lstm_regressor,1.0,0.1719542
58,2024,6,lstm_regressor,0.0,0.13331448
58,2024,7,lstm_regressor,1.0,0.09468484
58,2024,8,lstm_regressor,0.0,0.1148438
58,2024,9,lstm_regressor,0.0,0.11512903
59,2023,12,lstm_regressor,0.0,0.3066536
59,2024,1,lstm_regressor,0.0,0.20005515
59,2024,2,lstm_regressor,0.0,0.17252246
59,2024,3,lstm_regressor,0.0,0.27236548
59,2024,4,lstm_regressor,1.0,0.18100749
59,2024,5,lstm_regressor,0.0,0.24172412
59,2024,6,lstm_regressor,0.0,0.11341538
59,2024,7,lstm_regressor,0.0,0.09497159
59,2024,8,lstm_regressor,0.0,0.101818234
59,2024,9,lstm_regressor,0.0,0.114721976
60,2023,12,lstm_regressor,0.0,0.35163718
60,2024,1,lstm_regressor,0.0,0.21305771
60,2024,2,lstm_regressor,0.0,0.18744956
60,2024,3,lstm_regressor,0.0,0.26592183
60,2024,4,lstm_regressor,1.0,0.17779087
60,2024,5,lstm_regressor,0.0,0.2409494
60,2024,6,lstm_regressor,0.0,0.11459147
60,2024,7,lstm_regressor,0.0,0.094774954
60,2024,8,lstm_regressor,0.0,0.10050549
60,2024,9,lstm_regressor,0.0,0.111094035
61,2023,12,lstm_regressor,0.0,0.22614461
61,2024,1,lstm_regressor,1.0,0.19378148
61,2024,2,lstm_regressor,0.0,0.25642303
61,2024,3,lstm_regressor,0.0,0.3855192
61,2024,4,lstm_regressor,0.0,0.34471694
61,2024,5,lstm_regressor,0.0,0.44015422
61,2024,6,lstm_regressor,0.0,0.4783509
61,2024,7,lstm_regressor,0.0,0.38248837
61,2024,8,lstm_regressor,0.0,0.20561583
61,2024,9,lstm_regressor,0.0,0.17978916
62,2023,12,lstm_regressor,0.0,0.22076185
62,2024,1,lstm_regressor,1.0,0.2062056
62,2024,2,lstm_regressor,0.0,0.2934655
62,2024,3,lstm_regressor,0.0,0.41521838
62,2024,4,lstm_regressor,0.0,0.38394704
62,2024,5,lstm_regressor,0.0,0.5381835
62,2024,6,lstm_regressor,0.0,0.6715986
62,2024,7,lstm_regressor,0.0,0.61977035
62,2024,8,lstm_regressor,0.0,0.23600794
62,2024,9,lstm_regressor,0.0,0.19096154
63,2023,12,lstm_regressor,0.0,0.26707655
63,2024,1,lstm_regressor,0.0,0.25388554
63,2024,2,lstm_regressor,1.0,0.25737157
63,2024,3,lstm_regressor,0.0,0.7409777
63,2024,4,lstm_regressor,0.0,0.41185153
63,2024,5,lstm_regressor,0.0,0.41439262
63,2024,6,lstm_regressor,1.0,0.52443784
63,2024,7,lstm_regressor,1.0,0.3765911
63,2024,8,lstm_regressor,0.0,0.67482024
63,2024,9,lstm_regressor,0.0,0.48035103
64,2023,12,lstm_regressor,0.0,0.16395667
64,2024,1,lstm_regressor,0.0,0.18728602
64,2024,2,lstm_regressor,0.0,0.19932772
64,2024,3,lstm_regressor,0.0,0.38977835
64,2024,4,lstm_regressor,1.0,0.6177133
64,2024,5,lstm_regressor,0.0,0.8586189
64,2024,6,lstm_regressor,1.0,0.8323611
64,2024,7,lstm_regressor,1.0,0.3594052
64,2024,8,lstm_regressor,2.0,0.76404643
64,2024,9,lstm_regressor,0.0,0.84357625
65,2023,12,lstm_regressor,0.0,0.3275625
65,2024,1,lstm_regressor,0.0,0.28984842
65,2024,2,lstm_regressor,0.0,0.29735994
65,2024,3,lstm_regressor,0.0,0.45057756
65,2024,4,lstm_regressor,1.0,0.38447702
65,2024,5,lstm_regressor,0.0,0.7010227
65,2024,6,lstm_regressor,1.0,0.66539764
65,2024,7,lstm_regressor,1.0,0.483482
65,2024,8,lstm_regressor,1.0,1.0259331
65,2024,9,lstm_regressor,0.0,0.9087521
66,2023,12,lstm_regressor,0.0,0.2210819
66,2024,1,lstm_regressor,0.0,0.22478865
66,2024,2,lstm_regressor,1.0,0.22014953
66,2024,3,lstm_regressor,0.0,0.69638395
66,2024,4,lstm_regressor,0.0,0.40754834
66,2024,5,lstm_regressor,0.0,0.45197457
66,2024,6,lstm_regressor,1.0,0.71280897
66,2024,7,lstm_regressor,1.0,0.2806887
66,2024,8,lstm_regressor,0.0,0.28926262
66,2024,9,lstm_regressor,0.0,0.31755212
67,2023,12,lstm_regressor,0.0,0.33944476
67,2024,1,lstm_regressor,0.0,0.2614937
67,2024,2,lstm_regressor,0.0,0.21379255
67,2024,3,lstm_regressor,0.0,0.38488513
67,2024,4,lstm_regressor,1.0,0.30540654
67,2024,5,lstm_regressor,0.0,0.46719372
67,2024,6,lstm_regressor,0.0,0.35072863
67,2024,7,lstm_regressor,0.0,0.3253841
67,2024,8,lstm_regressor,0.0,0.23175867
67,2024,9,lstm_regressor,0.0,0.16061252
68,2023,12,lstm_regressor,0.0,0.3470589
68,2024,1,lstm_regressor,0.0,0.29839402
68,2024,2,lstm_regressor,0.0,0.22197315
68,2024,3,lstm_regressor,0.0,0.30264476
68,2024,4,lstm_regressor,1.0,0.20081432
68,2024,5,lstm_regressor,0.0,0.2955493
68,2024,6,lstm_regressor,0.0,0.16732503
68,2024,7,lstm_regressor,0.0,0.17661217
68,2024,8,lstm_regressor,0.0,0.22838983
68,2024,9,lstm_regressor,0.0,0.18936878
69,2023,12,lstm_regressor,2.0,0.42255515
69,2024,1,lstm_regressor,1.0,0.45238608
69,2024,2,lstm_regressor,0.0,1.455997
69,2024,3,lstm_regressor,1.0,1.4383155
69,2024,4,lstm_regressor,4.0,3.2599971
69,2024,5,lstm_regressor,4.0,3.2380328
69,2024,6,lstm_regressor,4.0,3.4612856
69,2024,7,lstm_regressor,0.0,3.7275338
69,2024,8,lstm_regressor,2.0,3.919571
69,2024,9,lstm_regressor,1.0,3.1835785
70,2023,12,lstm_regressor,0.0,0.2661207
70,2024,1,lstm_regressor,0.0,0.21416381
70,2024,2,lstm_regressor,0.0,0.28176466
70,2024,3,lstm_regressor,0.0,0.40398896
70,2024,4,lstm_regressor,0.0,0.33722904
70,2024,5,lstm_regressor,0.0,0.32988298
70,2024,6,lstm_regressor,1.0,0.2614653
70,2024,7,lstm_regressor,0.0,0.35399538
70,2024,8,lstm_regressor,0.0,0.25676593
70,2024,9,lstm_regressor,0.0,0.23930888
71,2023,12,lstm_regressor,0.0,0.27264708
71,2024,1,lstm_regressor,0.0,0.2170253
71,2024,2,lstm_regressor,0.0,0.28689283
71,2024,3,lstm_regressor,0.0,0.40704623
71,2024,4,lstm_regressor,0.0,0.3332548
71,2024,5,lstm_regressor,0.0,0.3295316
71,2024,6,lstm_regressor,1.0,0.25798112
71,2024,7,lstm_regressor,0.0,0.35636887
71,2024,8,lstm_regressor,0.0,0.27550587
71,2024,9,lstm_regressor,0.0,0.26789418
72,2023,12,lstm_regressor,0.0,0.4592554
72,2024,1,lstm_regressor,0.0,0.33354998
72,2024,2,lstm_regressor,0.0,0.30682346
72,2024,3,lstm_regressor,2.0,0.33419195
72,2024,4,lstm_regressor,3.0,0.33419907
72,2024,5,lstm_regressor,0.0,0.63485
72,2024,6,lstm_regressor,1.0,0.3697057
72,2024,7,lstm_regressor,0.0,0.94566894
72,2024,8,lstm_regressor,0.0,0.8799257
72,2024,9,lstm_regressor,0.0,0.89812434
73,2023,12,lstm_regressor,0.0,0.31252283
73,2024,1,lstm_regressor,0.0,0.26601958
73,2024,2,lstm_regressor,0.0,0.4082322
73,2024,3,lstm_regressor,2.0,0.36754802
73,2024,4,lstm_regressor,3.0,0.3957209
73,2024,5,lstm_regressor,0.0,0.55004096
73,2024,6,lstm_regressor,1.0,0.56541544
73,2024,7,lstm_regressor,0.0,0.45482183
73,2024,8,lstm_regressor,0.0,0.5055765
73,2024,9,lstm_regressor,0.0,0.5425099
74,2023,12,lstm_regressor,2.0,0.7101108
74,2024,1,lstm_regressor,0.0,0.47334874
74,2024,2,lstm_regressor,2.0,0.37017897
74,2024,3,lstm_regressor,1.0,1.015489
74,2024,4,lstm_regressor,0.0,0.48542166
74,2024,5,lstm_regressor,0.0,1.4449817
74,2024,6,lstm_regressor,0.0,1.1867623
74,2024,7,lstm_regressor,0.0,0.3563664
74,2024,8,lstm_regressor,0.0,0.3039639
74,2024,9,lstm_regressor,1.0,0.12263104
75,2023,12,lstm_regressor,2.0,0.7766979
75,2024,1,lstm_regressor,0.0,0.50518554
75,2024,2,lstm_regressor,2.0,0.4192064
75,2024,3,lstm_regressor,1.0,1.0571283
75,2024,4,lstm_regressor,0.0,0.5669714
75,2024,5,lstm_regressor,0.0,1.3007692
75,2024,6,lstm_regressor,0.0,1.2300787
75,2024,7,lstm_regressor,0.0,0.3659621
75,2024,8,lstm_regressor,0.0,0.2535119
75,2024,9,lstm_regressor,1.0,0.11213932
76,2023,12,lstm_regressor,0.0,0.27761826
76,2024,1,lstm_regressor,0.0,0.25736782
76,2024,2,lstm_regressor,0.0,0.2253417
76,2024,3,lstm_regressor,0.0,0.29792443
76,2024,4,lstm_regressor,0.0,0.1911819
76,2024,5,lstm_regressor,0.0,0.17267843
76,2024,6,lstm_regressor,0.0,0.118522614
76,2024,7,lstm_regressor,1.0,0.1792357
76,2024,8,lstm_regressor,1.0,0.12044319
76,2024,9,lstm_regressor,1.0,0.1259862
77,2023,12,lstm_regressor,1.0,1.4100977
77,2024,1,lstm_regressor,0.0,0.44729537
77,2024,2,lstm_regressor,2.0,1.3580252
77,2024,3,lstm_regressor,1.0,1.8014872
77,2024,4,lstm_regressor,0.0,2.9926558
77,2024,5,lstm_regressor,3.0,3.3415213
77,2024,6,lstm_regressor,2.0,2.9714901
77,2024,7,lstm_regressor,0.0,3.3615468
77,2024,8,lstm_regressor,0.0,3.0339289
77,2024,9,lstm_regressor,3.0,1.5387715
78,2023,12,lstm_regressor,0.0,0.40992084
78,2024,1,lstm_regressor,0.0,0.23565246
78,2024,2,lstm_regressor,0.0,0.20990232
78,2024,3,lstm_regressor,0.0,0.30648822
78,2024,4,lstm_regressor,0.0,0.20330246
78,2024,5,lstm_regressor,0.0,0.21275818
78,2024,6,lstm_regressor,0.0,0.106507845
78,2024,7,lstm_regressor,0.0,0.090132564
78,2024,8,lstm_regressor,0.0,0.072456606
78,2024,9,lstm_regressor,0.0,0.074752845
79,2023,12,lstm_regressor,0.0,0.5180743
79,2024,1,lstm_regressor,0.0,0.28721774
79,2024,2,lstm_regressor,0.0,0.25585848
79,2024,3,lstm_regressor,0.0,0.35165778
79,2024,4,lstm_regressor,0.0,0.24202526
79,2024,5,lstm_regressor,0.0,0.2966827
79,2024,6,lstm_regressor,0.0,0.13533835
79,2024,7,lstm_regressor,0.0,0.13319458
79,2024,8,lstm_regressor,0.0,0.0878921
79,2024,9,lstm_regressor,0.0,0.07520641
80,2023,12,lstm_regressor,0.0,0.2585706
80,2024,1,lstm_regressor,0.0,0.22194397
80,2024,2,lstm_regressor,0.0,0.2065284
80,2024,3,lstm_regressor,1.0,0.29769614
80,2024,4,lstm_regressor,0.0,0.2318036
80,2024,5,lstm_regressor,0.0,0.20383853
81,2023,12,lstm_regressor,0.0,0.27462092
81,2024,1,lstm_regressor,0.0,0.24688078
81,2024,2,lstm_regressor,0.0,0.22383448
81,2024,3,lstm_regressor,1.0,0.30902755
81,2024,4,lstm_regressor,0.0,0.23945932
81,2024,5,lstm_regressor,0.0,0.4257732
81,2024,6,lstm_regressor,0.0,0.19433874
81,2024,7,lstm_regressor,0.0,0.1268219
81,2024,8,lstm_regressor,0.0,0.09677016
81,2024,9,lstm_regressor,0.0,0.08125097
82,2023,12,lstm_regressor,0.0,0.24327351
82,2024,1,lstm_regressor,1.0,0.23196961
82,2024,2,lstm_regressor,0.0,0.29375038
82,2024,3,lstm_regressor,0.0,0.32521188
82,2024,4,lstm_regressor,0.0,0.4878391
82,2024,5,lstm_regressor,0.0,0.2847493
82,2024,6,lstm_regressor,0.0,0.17347354
82,2024,7,lstm_regressor,0.0,0.17618297
82,2024,8,lstm_regressor,0.0,0.090166606
82,2024,9,lstm_regressor,0.0,0.07982793
83,2023,12,lstm_regressor,0.0,0.23871467
83,2024,1,lstm_regressor,1.0,0.22774845
83,2024,2,lstm_regressor,0.0,0.29026693
83,2024,3,lstm_regressor,0.0,0.32172042
83,2024,4,lstm_regressor,0.0,0.39696378
83,2024,5,lstm_regressor,0.0,0.27880907
83,2024,6,lstm_regressor,0.0,0.17354667
83,2024,7,lstm_regressor,0.0,0.18914346
83,2024,8,lstm_regressor,0.0,0.0874436
83,2024,9,lstm_regressor,0.0,0.07447583
84,2023,12,lstm_regressor,0.0,0.250689
84,2024,1,lstm_regressor,0.0,0.22126666
84,2024,2,lstm_regressor,0.0,0.21289742
84,2024,3,lstm_regressor,0.0,0.32723448
84,2024,4,lstm_regressor,0.0,0.27445891
84,2024,5,lstm_regressor,0.0,0.29282203
84,2024,6,lstm_regressor,0.0,0.2795522
84,2024,7,lstm_regressor,1.0,0.2615929
84,2024,8,lstm_regressor,0.0,0.18571036
84,2024,9,lstm_regressor,0.0,0.16814628
85,2023,12,lstm_regressor,0.0,0.22857603
85,2024,1,lstm_regressor,0.0,0.21333238
85,2024,2,lstm_regressor,0.0,0.18806024
85,2024,3,lstm_regressor,0.0,0.27822092
85,2024,4,lstm_regressor,0.0,0.17765924
85,2024,5,lstm_regressor,1.0,0.16050814
85,2024,6,lstm_regressor,0.0,0.13342997
85,2024,7,lstm_regressor,0.0,0.09738456
85,2024,8,lstm_regressor,0.0,0.23152801
85,2024,9,lstm_regressor,0.0,0.13359892
86,2023,12,lstm_regressor,0.0,0.26333568
86,2024,1,lstm_regressor,0.0,0.25744545
86,2024,2,lstm_regressor,0.0,0.22909503
86,2024,3,lstm_regressor,0.0,0.29502976
86,2024,4,lstm_regressor,0.0,0.18150127
86,2024,5,lstm_regressor,2.0,0.165612
86,2024,6,lstm_regressor,0.0,0.15799372
86,2024,7,lstm_regressor,0.0,0.109336644
86,2024,8,lstm_regressor,0.0,0.10918697
86,2024,9,lstm_regressor,0.0,0.114540465
87,2023,12,lstm_regressor,0.0,0.26380685
87,2024,1,lstm_regressor,0.0,0.18719178
87,2024,2,lstm_regressor,0.0,0.18084583
87,2024,3,lstm_regressor,0.0,0.23501149
87,2024,4,lstm_regressor,0.0,0.27184168
87,2024,5,lstm_regressor,0.0,0.42081589
87,2024,6,lstm_regressor,0.0,0.32329997
87,2024,7,lstm_regressor,0.0,0.23995954
87,2024,8,lstm_regressor,1.0,0.20051976
87,2024,9,lstm_regressor,1.0,0.20071352
88,2023,12,lstm_regressor,0.0,0.25707737
88,2024,1,lstm_regressor,0.0,0.2526862
88,2024,2,lstm_regressor,0.0,0.23399591
88,2024,3,lstm_regressor,0.0,0.35524663
88,2024,4,lstm_regressor,0.0,0.2559885
88,2024,5,lstm_regressor,2.0,0.2990666
88,2024,6,lstm_regressor,0.0,0.38443977
88,2024,7,lstm_regressor,0.0,0.2902384
88,2024,8,lstm_regressor,1.0,0.2317078
88,2024,9,lstm_regressor,0.0,0.2702354
89,2023,12,lstm_regressor,0.0,0.2307597
89,2024,1,lstm_regressor,0.0,0.17302732
89,2024,2,lstm_regressor,0.0,0.15862401
89,2024,3,lstm_regressor,0.0,0.25075498
89,2024,4,lstm_regressor,0.0,0.23959197
89,2024,5,lstm_regressor,2.0,0.41490746
89,2024,6,lstm_regressor,0.0,0.45956165
89,2024,7,lstm_regressor,0.0,0.53744924
89,2024,8,lstm_regressor,1.0,0.4227659
89,2024,9,lstm_regressor,0.0,0.43948743
90,2023,12,lstm_regressor,0.0,0.46817842
90,2024,1,lstm_regressor,0.0,0.23278531
90,2024,2,lstm_regressor,0.0,0.19861178
90,2024,3,lstm_regressor,0.0,0.31545043
90,2024,4,lstm_regressor,0.0,0.17977293
90,2024,5,lstm_regressor,0.0,0.2060082
90,2024,6,lstm_regressor,0.0,0.10542683
90,2024,7,lstm_regressor,0.0,0.08739644
90,2024,8,lstm_regressor,0.0,0.08356951
90,2024,9,lstm_regressor,0.0,0.09847834
91,2023,12,lstm_regressor,0.0,0.46165216
91,2024,1,lstm_regressor,0.0,0.23301673
91,2024,2,lstm_regressor,0.0,0.19893026
91,2024,3,lstm_regressor,0.0,0.3156319
91,2024,4,lstm_regressor,0.0,0.1795714
91,2024,5,lstm_regressor,0.0,0.2064873
91,2024,6,lstm_regressor,0.0,0.11058808
91,2024,7,lstm_regressor,0.0,0.08973074
91,2024,8,lstm_regressor,0.0,0.08363858
91,2024,9,lstm_regressor,0.0,0.097232245
92,2023,12,lstm_regressor,0.0,0.284234
92,2024,1,lstm_regressor,0.0,0.26914886
92,2024,2,lstm_regressor,0.0,0.21328
92,2024,3,lstm_regressor,1.0,0.28406304
92,2024,4,lstm_regressor,0.0,0.22431727
92,2024,5,lstm_regressor,0.0,0.2006515
92,2024,6,lstm_regressor,0.0,0.13597573
92,2024,7,lstm_regressor,0.0,0.18933614
92,2024,8,lstm_regressor,0.0,0.17785831
92,2024,9,lstm_regressor,0.0,0.13494384
93,2023,12,lstm_regressor,0.0,0.2844503
93,2024,1,lstm_regressor,0.0,0.26888365
93,2024,2,lstm_regressor,0.0,0.21280997
93,2024,3,lstm_regressor,1.0,0.28508767
93,2024,4,lstm_regressor,0.0,0.22078027
93,2024,5,lstm_regressor,0.0,0.23134433
93,2024,6,lstm_regressor,0.0,0.13045461
93,2024,7,lstm_regressor,0.0,0.16375917
93,2024,8,lstm_regressor,0.0,0.15007243
93,2024,9,lstm_regressor,0.0,0.11910675
94,2023,12,lstm_regressor,0.0,0.31490046
94,2024,1,lstm_regressor,0.0,0.25326574
94,2024,2,lstm_regressor,1.0,0.31163314
94,2024,3,lstm_regressor,0.0,0.6001252
94,2024,4,lstm_regressor,1.0,0.3165571
94,2024,5,lstm_regressor,0.0,0.58853644
94,2024,6,lstm_regressor,0.0,0.17687586
94,2024,7,lstm_regressor,0.0,0.1786238
94,2024,8,lstm_regressor,0.0,0.1609657
94,2024,9,lstm_regressor,1.0,0.11613524
95,2023,12,lstm_regressor,0.0,0.2230587
95,2024,1,lstm_regressor,1.0,0.23261356
95,2024,2,lstm_regressor,0.0,0.30621698
95,2024,3,lstm_regressor,0.0,0.42689335
95,2024,4,lstm_regressor,0.0,0.30776024
95,2024,5,lstm_regressor,0.0,0.36103806
95,2024,6,lstm_regressor,0.0,0.28677347
95,2024,7,lstm_regressor,0.0,0.39871627
95,2024,8,lstm_regressor,0.0,0.4012048
95,2024,9,lstm_regressor,0.0,0.2624338
96,2023,12,lstm_regressor,0.0,0.22134677
96,2024,1,lstm_regressor,1.0,0.2256895
96,2024,2,lstm_regressor,0.0,0.29772624
96,2024,3,lstm_regressor,0.0,0.41982067
96,2024,4,lstm_regressor,0.0,0.30187082
96,2024,5,lstm_regressor,0.0,0.3508682
96,2024,6,lstm_regressor,0.0,0.27724075
96,2024,7,lstm_regressor,0.0,0.31383303
96,2024,8,lstm_regressor,1.0,0.1932302
96,2024,9,lstm_regressor,0.0,0.18671514
97,2023,12,lstm_regressor,0.0,0.30656898
97,2024,1,lstm_regressor,1.0,0.26715744
97,2024,2,lstm_regressor,1.0,0.30242735
97,2024,3,lstm_regressor,0.0,0.57149225
97,2024,4,lstm_regressor,0.0,0.85078675
97,2024,5,lstm_regressor,0.0,0.9728583
97,2024,6,lstm_regressor,0.0,0.48907867
97,2024,7,lstm_regressor,0.0,0.3904699
97,2024,8,lstm_regressor,0.0,0.18660623
97,2024,9,lstm_regressor,0.0,0.12117536
98,2023,12,lstm_regressor,0.0,0.31711024
98,2024,1,lstm_regressor,1.0,0.28698832
98,2024,2,lstm_regressor,1.0,0.35944837
98,2024,3,lstm_regressor,0.0,0.6014629
98,2024,4,lstm_regressor,0.0,1.0984595
98,2024,5,lstm_regressor,0.0,1.1903248
98,2024,6,lstm_regressor,0.0,0.5472374
98,2024,7,lstm_regressor,0.0,0.47922486
98,2024,8,lstm_regressor,0.0,0.22065811
98,2024,9,lstm_regressor,0.0,0.13375589
99,2023,12,lstm_regressor,1.0,0.26233128
99,2024,1,lstm_regressor,1.0,0.35407278
99,2024,2,lstm_regressor,2.0,0.3752223
99,2024,3,lstm_regressor,0.0,0.7921263
99,2024,4,lstm_regressor,2.0,0.24569574
99,2024,5,lstm_regressor,1.0,0.5236624
99,2024,6,lstm_regressor,1.0,0.40809402
99,2024,7,lstm_regressor,1.0,0.39015043
99,2024,8,lstm_regressor,0.0,0.51210934
99,2024,9,lstm_regressor,2.0,0.85451686
100,2023,12,lstm_regressor,1.0,0.18869773
100,2024,1,lstm_regressor,1.0,0.15991285
100,2024,2,lstm_regressor,2.0,0.17133413
100,2024,3,lstm_regressor,0.0,0.24680597
100,2024,4,lstm_regressor,2.0,0.43921253
100,2024,5,lstm_regressor,1.0,0.65527505
100,2024,6,lstm_regressor,1.0,0.7285032
100,2024,7,lstm_regressor,1.0,0.7185991
100,2024,8,lstm_regressor,0.0,0.6164845
100,2024,9,lstm_regressor,2.0,0.7947301
101,2023,12,lstm_regressor,0.0,1.4898818
101,2024,1,lstm_regressor,1.0,0.46869314
101,2024,2,lstm_regressor,2.0,1.0686883
101,2024,3,lstm_regressor,1.0,1.4421685
101,2024,4,lstm_regressor,0.0,1.2511158
101,2024,5,lstm_regressor,0.0,1.6493105
101,2024,6,lstm_regressor,1.0,0.5194121
101,2024,7,lstm_regressor,2.0,0.3939907
101,2024,8,lstm_regressor,2.0,0.28607893
101,2024,9,lstm_regressor,0.0,0.37376
102,2023,12,lstm_regressor,0.0,1.5591878
102,2024,1,lstm_regressor,1.0,0.4662311
102,2024,2,lstm_regressor,2.0,1.0813346
102,2024,3,lstm_regressor,1.0,1.4012438
102,2024,4,lstm_regressor,0.0,1.2638274
102,2024,5,lstm_regressor,0.0,1.6550822
102,2024,6,lstm_regressor,1.0,0.49331468
102,2024,7,lstm_regressor,2.0,0.41109854
102,2024,8,lstm_regressor,2.0,0.25437275
102,2024,9,lstm_regressor,0.0,0.2757168
103,2023,12,lstm_regressor,0.0,0.3067388
103,2024,1,lstm_regressor,0.0,0.2455775
103,2024,2,lstm_regressor,0.0,0.2113721
103,2024,3,lstm_regressor,0.0,0.32718232
103,2024,4,lstm_regressor,0.0,0.17121032
103,2024,5,lstm_regressor,0.0,0.17964293
103,2024,6,lstm_regressor,0.0,0.10473582
103,2024,7,lstm_regressor,0.0,0.08796254
103,2024,8,lstm_regressor,0.0,0.0842917
103,2024,9,lstm_regressor,0.0,0.09831218
104,2023,12,lstm_regressor,0.0,0.3153908
104,2024,1,lstm_regressor,0.0,0.24783221
104,2024,2,lstm_regressor,0.0,0.2127682
104,2024,3,lstm_regressor,0.0,0.33346272
104,2024,4,lstm_regressor,0.0,0.17596889
104,2024,5,lstm_regressor,0.0,0.18651254
104,2024,6,lstm_regressor,0.0,0.10687023
104,2024,7,lstm_regressor,0.0,0.09569765
104,2024,8,lstm_regressor,0.0,0.08955383
104,2024,9,lstm_regressor,0.0,0.09867169
105,2023,12,lstm_regressor,0.0,0.43429315
105,2024,1,lstm_regressor,0.0,0.22746569
105,2024,2,lstm_regressor,1.0,0.22791077
105,2024,3,lstm_regressor,0.0,0.6504943
105,2024,4,lstm_regressor,0.0,0.215712
105,2024,5,lstm_regressor,0.0,0.20538622
105,2024,6,lstm_regressor,0.0,0.11144783
105,2024,7,lstm_regressor,0.0,0.10700828
105,2024,8,lstm_regressor,0.0,0.073859915
105,2024,9,lstm_regressor,0.0,0.061893597
106,2023,12,lstm_regressor,0.0,0.44813454
106,2024,1,lstm_regressor,0.0,0.2346036
106,2024,2,lstm_regressor,1.0,0.23701273
106,2024,3,lstm_regressor,0.0,0.68758476
106,2024,4,lstm_regressor,0.0,0.22713825
106,2024,5,lstm_regressor,0.0,0.2168196
106,2024,6,lstm_regressor,0.0,0.1189224
106,2024,7,lstm_regressor,0.0,0.10859574
106,2024,8,lstm_regressor,0.0,0.07637136
106,2024,9,lstm_regressor,0.0,0.06362128
107,2023,12,lstm_regressor,1.0,0.8886371
107,2024,1,lstm_regressor,0.0,0.640385
107,2024,2,lstm_regressor,2.0,1.2984058
107,2024,3,lstm_regressor,2.0,0.9409433
107,2024,4,lstm_regressor,0.0,2.0934513
107,2024,5,lstm_regressor,3.0,1.9918507
107,2024,6,lstm_regressor,2.0,1.8686968
107,2024,7,lstm_regressor,0.0,2.0855725
107,2024,8,lstm_regressor,0.0,2.263968
107,2024,9,lstm_regressor,3.0,2.155636
108,2023,12,lstm_regressor,0.0,0.25761756
108,2024,1,lstm_regressor,0.0,0.23180827
108,2024,2,lstm_regressor,0.0,0.21085085
108,2024,3,lstm_regressor,0.0,0.28511256
108,2024,4,lstm_regressor,0.0,0.21503094
108,2024,5,lstm_regressor,0.0,0.23888852
108,2024,6,lstm_regressor,0.0,0.253474
108,2024,7,lstm_regressor,1.0,0.2504146
108,2024,8,lstm_regressor,1.0,0.20498613
108,2024,9,lstm_regressor,1.0,0.189192
109,2023,12,lstm_regressor,0.0,0.1448586
109,2024,1,lstm_regressor,0.0,0.14385232
109,2024,2,lstm_regressor,0.0,0.16519439
109,2024,3,lstm_regressor,0.0,0.20915647
109,2024,4,lstm_regressor,0.0,0.49148357
109,2024,5,lstm_regressor,0.0,0.70429975
109,2024,6,lstm_regressor,0.0,0.66753864
109,2024,7,lstm_regressor,0.0,0.19773763
109,2024,8,lstm_regressor,0.0,0.21469028
109,2024,9,lstm_regressor,2.0,0.17324466
110,2023,12,lstm_regressor,0.0,0.23118243
110,2024,1,lstm_regressor,0.0,0.19879231
110,2024,2,lstm_regressor,1.0,0.19508053
110,2024,3,lstm_regressor,0.0,0.5453023
110,2024,4,lstm_regressor,1.0,1.0453396
110,2024,5,lstm_regressor,0.0,1.4926823
110,2024,6,lstm_regressor,0.0,0.8718235
110,2024,7,lstm_regressor,0.0,0.72691476
110,2024,8,lstm_regressor,0.0,0.45503068
110,2024,9,lstm_regressor,1.0,0.26364127
111,2023,12,lstm_regressor,1.0,0.6298669
111,2024,1,lstm_regressor,0.0,0.43689945
111,2024,2,lstm_regressor,0.0,1.2371539
111,2024,3,lstm_regressor,1.0,1.3505727
111,2024,4,lstm_regressor,2.0,1.5046868
111,2024,5,lstm_regressor,0.0,1.1896029
111,2024,6,lstm_regressor,2.0,0.82182604
111,2024,7,lstm_regressor,1.0,0.3922018
111,2024,8,lstm_regressor,0.0,0.35529086
111,2024,9,lstm_regressor,0.0,0.6915794
112,2023,12,lstm_regressor,1.0,0.35578996
112,2024,1,lstm_regressor,0.0,0.3627799
112,2024,2,lstm_regressor,0.0,0.3027686
112,2024,3,lstm_regressor,0.0,0.45018327
112,2024,4,lstm_regressor,0.0,0.2720807
112,2024,5,lstm_regressor,0.0,0.9001566
112,2024,6,lstm_regressor,0.0,0.3197832
112,2024,7,lstm_regressor,0.0,0.21590698
112,2024,8,lstm_regressor,2.0,0.18966462
112,2024,9,lstm_regressor,0.0,0.19507161
113,2023,12,lstm_regressor,1.0,0.3443409
113,2024,1,lstm_regressor,0.0,0.40568757
113,2024,2,lstm_regressor,0.0,0.36188167
113,2024,3,lstm_regressor,0.0,0.47745025
113,2024,4,lstm_regressor,0.0,0.32866457
113,2024,5,lstm_regressor,0.0,0.3840923
113,2024,6,lstm_regressor,0.0,0.28218368
113,2024,7,lstm_regressor,0.0,0.15441173
113,2024,8,lstm_regressor,0.0,0.0956765
113,2024,9,lstm_regressor,0.0,0.080229454
114,2023,12,lstm_regressor,1.0,0.2683406
114,2024,1,lstm_regressor,0.0,0.34442315
114,2024,2,lstm_regressor,0.0,0.31173968
114,2024,3,lstm_regressor,0.0,0.43369976
114,2024,4,lstm_regressor,0.0,0.2549367
114,2024,5,lstm_regressor,0.0,0.23946549
114,2024,6,lstm_regressor,0.0,0.1553035
114,2024,7,lstm_regressor,0.0,0.09692747
114,2024,8,lstm_regressor,0.0,0.0700498
114,2024,9,lstm_regressor,0.0,0.060517862
115,2023,12,lstm_regressor,2.0,0.58608824
115,2024,1,lstm_regressor,1.0,0.38951945
115,2024,2,lstm_regressor,1.0,0.48156184
115,2024,3,lstm_regressor,1.0,0.9192672
115,2024,4,lstm_regressor,1.0,0.9629879
115,2024,5,lstm_regressor,1.0,1.2090977
115,2024,6,lstm_regressor,0.0,0.8802136
115,2024,7,lstm_regressor,2.0,0.87083447
115,2024,8,lstm_regressor,0.0,0.58647656
115,2024,9,lstm_regressor,0.0,0.7534226
116,2023,12,lstm_regressor,0.0,0.48776463
116,2024,1,lstm_regressor,0.0,0.2758689
116,2024,2,lstm_regressor,2.0,0.23789649
116,2024,3,lstm_regressor,0.0,0.8709502
116,2024,4,lstm_regressor,0.0,0.30595425
116,2024,5,lstm_regressor,2.0,0.27559903
116,2024,6,lstm_regressor,0.0,0.26125988
116,2024,7,lstm_regressor,0.0,0.25759873
116,2024,8,lstm_regressor,0.0,0.36229947
116,2024,9,lstm_regressor,0.0,0.12769441
117,2023,12,lstm_regressor,0.0,0.4661274
117,2024,1,lstm_regressor,0.0,0.28042477
117,2024,2,lstm_regressor,2.0,0.2428737
117,2024,3,lstm_regressor,0.0,0.8761147
117,2024,4,lstm_regressor,0.0,0.31211483
117,2024,5,lstm_regressor,2.0,0.288373
117,2024,6,lstm_regressor,0.0,0.2533254
117,2024,7,lstm_regressor,0.0,0.28489983
117,2024,8,lstm_regressor,0.0,0.42471507
117,2024,9,lstm_regressor,0.0,0.14238645
118,2023,12,lstm_regressor,0.0,0.55592144
118,2024,1,lstm_regressor,1.0,0.36015195
118,2024,2,lstm_regressor,1.0,0.91210175
118,2024,3,lstm_regressor,0.0,1.096087
118,2024,4,lstm_regressor,1.0,2.1272
118,2024,5,lstm_regressor,2.0,1.3633775
118,2024,6,lstm_regressor,2.0,1.0433284
118,2024,7,lstm_regressor,1.0,1.0778073
118,2024,8,lstm_regressor,0.0,0.71625346
118,2024,9,lstm_regressor,0.0,0.59553355
119,2023,12,lstm_regressor,0.0,1.8210323
119,2024,1,lstm_regressor,1.0,0.47806108
119,2024,2,lstm_regressor,1.0,0.71831244
119,2024,3,lstm_regressor,0.0,0.90428793
119,2024,4,lstm_regressor,1.0,0.43701923
119,2024,5,lstm_regressor,2.0,0.51638675
119,2024,6,lstm_regressor,2.0,0.21189332
119,2024,7,lstm_regressor,1.0,0.39350045
119,2024,8,lstm_regressor,0.0,0.5210347
119,2024,9,lstm_regressor,0.0,0.6927579
120,2023,12,lstm_regressor,2.0,0.24346347
120,2024,1,lstm_regressor,1.0,0.3904227
120,2024,2,lstm_regressor,0.0,0.33995578
120,2024,3,lstm_regressor,0.0,0.33221042
120,2024,4,lstm_regressor,0.0,0.24555354
120,2024,5,lstm_regressor,1.0,0.373234
120,2024,6,lstm_regressor,0.0,0.44170198
120,2024,7,lstm_regressor,0.0,0.17621388
120,2024,8,lstm_regressor,0.0,0.13943212
120,2024,9,lstm_regressor,1.0,0.12879792
121,2023,12,lstm_regressor,2.0,0.36707553
121,2024,1,lstm_regressor,1.0,0.48072135
121,2024,2,lstm_regressor,0.0,0.40074614
121,2024,3,lstm_regressor,0.0,0.42948338
121,2024,4,lstm_regressor,0.0,0.39397386
121,2024,5,lstm_regressor,1.0,1.3598422
121,2024,6,lstm_regressor,0.0,0.7666539
121,2024,7,lstm_regressor,0.0,0.36121196
121,2024,8,lstm_regressor,0.0,0.20321833
121,2024,9,lstm_regressor,1.0,0.19586062
122,2023,12,lstm_regressor,1.0,0.28555265
122,2024,1,lstm_regressor,2.0,0.32106727
122,2024,2,lstm_regressor,1.0,0.37937036
122,2024,3,lstm_regressor,0.0,0.8758352
122,2024,4,lstm_regressor,3.0,1.0702192
122,2024,5,lstm_regressor,1.0,0.95874226
122,2024,6,lstm_regressor,0.0,0.7887943
122,2024,7,lstm_regressor,0.0,0.8656827
122,2024,8,lstm_regressor,0.0,0.84520507
122,2024,9,lstm_regressor,0.0,0.41483882
124,2023,12,lstm_regressor,1.0,0.28537196
124,2024,1,lstm_regressor,0.0,0.28494254
124,2024,2,lstm_regressor,0.0,0.27432916
124,2024,3,lstm_regressor,0.0,0.30689865
124,2024,4,lstm_regressor,1.0,0.2145808
124,2024,5,lstm_regressor,0.0,0.29495978
124,2024,6,lstm_regressor,0.0,0.14108731
124,2024,7,lstm_regressor,0.0,0.099097356
124,2024,8,lstm_regressor,0.0,0.097918704
125,2023,12,lstm_regressor,1.0,0.25930464
125,2024,1,lstm_regressor,2.0,0.30953908
125,2024,2,lstm_regressor,1.0,0.4592536
125,2024,3,lstm_regressor,0.0,0.9939076
125,2024,4,lstm_regressor,3.0,1.077035
125,2024,5,lstm_regressor,1.0,1.0093063
125,2024,6,lstm_regressor,0.0,0.8510242
125,2024,7,lstm_regressor,0.0,1.2195072
125,2024,8,lstm_regressor,0.0,0.9780626
125,2024,9,lstm_regressor,0.0,1.3710065
126,2023,12,lstm_regressor,1.0,0.315109
126,2024,1,lstm_regressor,1.0,0.27325654
126,2024,2,lstm_regressor,1.0,0.32832125
126,2024,3,lstm_regressor,0.0,1.0024848
126,2024,4,lstm_regressor,0.0,0.6256881
126,2024,5,lstm_regressor,0.0,0.79383284
126,2024,6,lstm_regressor,0.0,0.6063984
126,2024,7,lstm_regressor,1.0,0.45418024
126,2024,8,lstm_regressor,0.0,0.25853786
126,2024,9,lstm_regressor,1.0,0.17898418
127,2023,12,lstm_regressor,1.0,0.42366448
127,2024,1,lstm_regressor,0.0,0.35501865
127,2024,2,lstm_regressor,0.0,0.31655598
127,2024,3,lstm_regressor,0.0,0.4490714
127,2024,4,lstm_regressor,2.0,0.3362375
127,2024,5,lstm_regressor,0.0,1.045287
127,2024,6,lstm_regressor,1.0,0.47060084
127,2024,7,lstm_regressor,0.0,0.36157742
127,2024,8,lstm_regressor,2.0,0.44155332
127,2024,9,lstm_regressor,0.0,0.6905355
128,2023,12,lstm_regressor,0.0,0.2454582
128,2024,1,lstm_regressor,0.0,0.24869812
128,2024,2,lstm_regressor,0.0,0.28826475
128,2024,3,lstm_regressor,0.0,0.42354774
128,2024,4,lstm_regressor,0.0,0.27757627
128,2024,5,lstm_regressor,0.0,0.29771695
128,2024,6,lstm_regressor,1.0,0.23439793
128,2024,7,lstm_regressor,0.0,0.25657263
128,2024,8,lstm_regressor,0.0,0.18349528
128,2024,9,lstm_regressor,0.0,0.18387161
129,2023,12,lstm_regressor,0.0,0.24232611
129,2024,1,lstm_regressor,0.0,0.2365343
129,2024,2,lstm_regressor,0.0,0.2661634
129,2024,3,lstm_regressor,0.0,0.38678995
129,2024,4,lstm_regressor,0.0,0.25496528
129,2024,5,lstm_regressor,0.0,0.27062285
129,2024,6,lstm_regressor,1.0,0.21833155
129,2024,7,lstm_regressor,0.0,0.22067505
129,2024,8,lstm_regressor,0.0,0.15785939
129,2024,9,lstm_regressor,0.0,0.187774
131,2023,12,lstm_regressor,0.0,0.29428235
131,2024,1,lstm_regressor,0.0,0.2291241
131,2024,2,lstm_regressor,0.0,0.20791218
131,2024,3,lstm_regressor,0.0,0.3157789
131,2024,4,lstm_regressor,0.0,0.23280072
131,2024,5,lstm_regressor,0.0,0.24692869
131,2024,6,lstm_regressor,1.0,0.19226362
131,2024,7,lstm_regressor,0.0,0.20369346
131,2024,8,lstm_regressor,0.0,0.14447607
131,2024,9,lstm_regressor,0.0,0.12830585
132,2023,12,lstm_regressor,0.0,0.2312566
132,2024,1,lstm_regressor,0.0,0.21078227
132,2024,2,lstm_regressor,0.0,0.18023315
132,2024,3,lstm_regressor,0.0,0.26616156
132,2024,4,lstm_regressor,0.0,0.16618003
132,2024,5,lstm_regressor,0.0,0.1589791
132,2024,6,lstm_regressor,0.0,0.10227754
132,2024,7,lstm_regressor,0.0,0.08810217
132,2024,8,lstm_regressor,0.0,0.08199394
132,2024,9,lstm_regressor,0.0,0.0921069
133,2023,12,lstm_regressor,0.0,0.19502379
133,2024,1,lstm_regressor,0.0,0.19391467
133,2024,2,lstm_regressor,0.0,0.20020334
133,2024,3,lstm_regressor,0.0,0.33689684
133,2024,4,lstm_regressor,0.0,0.24187264
133,2024,5,lstm_regressor,0.0,0.27260506
133,2024,6,lstm_regressor,0.0,0.18452406
133,2024,7,lstm_regressor,0.0,0.15610255
133,2024,8,lstm_regressor,0.0,0.12137719
133,2024,9,lstm_regressor,0.0,0.0959372
134,2023,12,lstm_regressor,0.0,0.3771972
134,2024,1,lstm_regressor,0.0,0.19821538
134,2024,2,lstm_regressor,0.0,0.18026632
134,2024,3,lstm_regressor,0.0,0.29017383
134,2024,4,lstm_regressor,0.0,0.15005885
134,2024,5,lstm_regressor,0.0,0.1564806
134,2024,6,lstm_regressor,0.0,0.105404034
134,2024,7,lstm_regressor,0.0,0.12113536
134,2024,8,lstm_regressor,0.0,0.115293734
134,2024,9,lstm_regressor,0.0,0.12702323
135,2023,12,lstm_regressor,0.0,0.24051625
135,2024,1,lstm_regressor,0.0,0.20774668
135,2024,2,lstm_regressor,0.0,0.2289407
135,2024,3,lstm_regressor,0.0,0.4031343
135,2024,4,lstm_regressor,0.0,0.29277563
135,2024,5,lstm_regressor,0.0,0.34203202
135,2024,6,lstm_regressor,0.0,0.28157073
135,2024,7,lstm_regressor,0.0,0.30655268
135,2024,8,lstm_regressor,0.0,0.25826833
135,2024,9,lstm_regressor,0.0,0.21586895
136,2023,12,lstm_regressor,0.0,0.4966739
136,2024,1,lstm_regressor,0.0,0.31617793
136,2024,2,lstm_regressor,1.0,0.29968587
136,2024,3,lstm_regressor,0.0,0.6477407
136,2024,4,lstm_regressor,0.0,0.38952732
136,2024,5,lstm_regressor,0.0,0.3611131
136,2024,6,lstm_regressor,0.0,0.18242869
136,2024,7,lstm_regressor,0.0,0.18902701
136,2024,8,lstm_regressor,0.0,0.13156891
136,2024,9,lstm_regressor,2.0,0.07859348
137,2023,12,lstm_regressor,2.0,0.1943786
137,2024,1,lstm_regressor,1.0,0.2239226
137,2024,2,lstm_regressor,1.0,0.4239003
137,2024,3,lstm_regressor,0.0,0.34319904
137,2024,4,lstm_regressor,1.0,1.2043661
137,2024,5,lstm_regressor,1.0,0.96995753
137,2024,6,lstm_regressor,0.0,0.72416294
137,2024,7,lstm_regressor,0.0,0.57632726
137,2024,8,lstm_regressor,0.0,0.55632824
137,2024,9,lstm_regressor,2.0,0.24093185
138,2023,12,lstm_regressor,2.0,0.23648202
138,2024,1,lstm_regressor,1.0,0.26480067
138,2024,2,lstm_regressor,1.0,1.361311
138,2024,3,lstm_regressor,1.0,1.7815951
138,2024,4,lstm_regressor,1.0,3.612751
138,2024,5,lstm_regressor,1.0,3.6900494
138,2024,6,lstm_regressor,0.0,2.9492092
138,2024,7,lstm_regressor,0.0,3.6354144
138,2024,8,lstm_regressor,0.0,3.031491
138,2024,9,lstm_regressor,1.0,1.0416783
139,2023,12,lstm_regressor,0.0,0.3679363
139,2024,1,lstm_regressor,0.0,0.23127256
139,2024,2,lstm_regressor,0.0,0.24681866
139,2024,3,lstm_regressor,0.0,0.33308107
139,2024,4,lstm_regressor,0.0,0.21845967
139,2024,5,lstm_regressor,1.0,0.2543574
139,2024,6,lstm_regressor,0.0,0.292534
139,2024,7,lstm_regressor,1.0,0.24407588
139,2024,8,lstm_regressor,0.0,0.2574862
139,2024,9,lstm_regressor,0.0,0.22855318
140,2023,12,lstm_regressor,0.0,0.18112145
140,2024,1,lstm_regressor,2.0,0.16663189
140,2024,2,lstm_regressor,0.0,0.3231282
140,2024,3,lstm_regressor,1.0,0.42289644
140,2024,4,lstm_regressor,0.0,2.0625026
140,2024,5,lstm_regressor,3.0,2.5006192
140,2024,6,lstm_regressor,0.0,1.2882853
140,2024,7,lstm_regressor,3.0,1.4143826
140,2024,8,lstm_regressor,0.0,0.5308148
140,2024,9,lstm_regressor,4.0,0.34801105
143,2024,6,lstm_regressor,0.0,2.4069421
143,2024,7,lstm_regressor,0.0,2.6510015
143,2024,8,lstm_regressor,0.0,2.0088131
143,2024,9,lstm_regressor,6.0,1.703237
1,2023,12,gru_regressor,1.0,0.49303907
1,2024,1,gru_regressor,0.0,0.29940337
1,2024,2,gru_regressor,0.0,0.21617475
1,2024,3,gru_regressor,0.0,0.5533273
1,2024,4,gru_regressor,1.0,0.640374
1,2024,5,gru_regressor,1.0,1.2640797
1,2024,6,gru_regressor,0.0,0.430333
1,2024,7,gru_regressor,0.0,0.3234958
1,2024,8,gru_regressor,1.0,0.27069023
1,2024,9,gru_regressor,0.0,0.24185604
2,2023,12,gru_regressor,0.0,0.73674506
2,2024,1,gru_regressor,0.0,0.6551951
2,2024,2,gru_regressor,0.0,1.0458375
2,2024,3,gru_regressor,2.0,0.6689292
2,2024,4,gru_regressor,0.0,0.8238028
2,2024,5,gru_regressor,1.0,1.215654
2,2024,6,gru_regressor,0.0,0.83981675
2,2024,7,gru_regressor,0.0,0.87145567
2,2024,8,gru_regressor,0.0,1.0015668
2,2024,9,gru_regressor,0.0,0.83963454
3,2023,12,gru_regressor,0.0,0.58459836
3,2024,1,gru_regressor,0.0,0.49992287
3,2024,2,gru_regressor,0.0,1.0063767
3,2024,3,gru_regressor,2.0,0.61357534
3,2024,4,gru_regressor,0.0,0.81055903
3,2024,5,gru_regressor,1.0,0.8469269
3,2024,6,gru_regressor,0.0,0.475906
3,2024,7,gru_regressor,0.0,0.42705095
3,2024,8,gru_regressor,0.0,0.31031048
3,2024,9,gru_regressor,0.0,0.3139317
4,2023,12,gru_regressor,0.0,0.5545205
4,2024,1,gru_regressor,0.0,0.2054512
4,2024,2,gru_regressor,0.0,0.3212703
4,2024,3,gru_regressor,1.0,0.5637191
4,2024,4,gru_regressor,0.0,0.5604262
4,2024,5,gru_regressor,0.0,0.50115275
4,2024,6,gru_regressor,1.0,0.23938012
4,2024,7,gru_regressor,0.0,0.26665235
4,2024,8,gru_regressor,0.0,0.19012216
4,2024,9,gru_regressor,0.0,0.17858759
5,2023,12,gru_regressor,0.0,0.5581391
5,2024,1,gru_regressor,0.0,0.20774439
5,2024,2,gru_regressor,0.0,0.34401125
5,2024,3,gru_regressor,1.0,0.57855153
5,2024,4,gru_regressor,0.0,0.55885583
5,2024,5,gru_regressor,0.0,0.5043911
5,2024,6,gru_regressor,1.0,0.24936956
5,2024,7,gru_regressor,0.0,0.27303743
5,2024,8,gru_regressor,0.0,0.19297613
5,2024,9,gru_regressor,0.0,0.17679006
6,2023,12,gru_regressor,1.0,0.24270776
6,2024,1,gru_regressor,1.0,0.2251654
6,2024,2,gru_regressor,0.0,0.14992262
6,2024,3,gru_regressor,1.0,0.20938554
6,2024,4,gru_regressor,0.0,0.22414613
6,2024,5,gru_regressor,2.0,0.32060125
6,2024,6,gru_regressor,1.0,0.39295155
6,2024,7,gru_regressor,3.0,0.41790235
6,2024,8,gru_regressor,0.0,0.28192768
6,2024,9,gru_regressor,1.0,0.991388
7,2023,12,gru_regressor,1.0,0.18411063
7,2024,1,gru_regressor,1.0,0.16816211
7,2024,2,gru_regressor,0.0,0.15565279
7,2024,3,gru_regressor,1.0,0.39601117
7,2024,4,gru_regressor,0.0,0.47234493
7,2024,5,gru_regressor,2.0,0.5211035
7,2024,6,gru_regressor,1.0,0.42690402
7,2024,7,gru_regressor,3.0,0.47799394
7,2024,8,gru_regressor,0.0,0.35462493
7,2024,9,gru_regressor,1.0,0.7342645
8,2023,12,gru_regressor,0.0,0.2955954
8,2024,1,gru_regressor,0.0,0.20639926
8,2024,2,gru_regressor,0.0,0.20172611
8,2024,3,gru_regressor,0.0,0.2577054
8,2024,4,gru_regressor,1.0,0.24976364
8,2024,5,gru_regressor,0.0,0.47794712
8,2024,6,gru_regressor,1.0,0.25192198
8,2024,7,gru_regressor,0.0,0.29585743
8,2024,8,gru_regressor,0.0,0.18812351
8,2024,9,gru_regressor,0.0,0.16041987
9,2023,12,gru_regressor,0.0,0.28005204
9,2024,1,gru_regressor,0.0,0.32531583
9,2024,2,gru_regressor,2.0,0.33796236
9,2024,3,gru_regressor,0.0,0.5082035
9,2024,4,gru_regressor,1.0,0.6547385
9,2024,5,gru_regressor,0.0,0.6078222
9,2024,6,gru_regressor,0.0,0.4862861
9,2024,7,gru_regressor,0.0,0.55878556
9,2024,8,gru_regressor,0.0,0.77882487
9,2024,9,gru_regressor,0.0,0.4880514
10,2023,12,gru_regressor,1.0,0.3654328
10,2024,1,gru_regressor,0.0,0.34259433
10,2024,2,gru_regressor,0.0,0.27526578
10,2024,3,gru_regressor,0.0,0.36892858
10,2024,4,gru_regressor,0.0,0.31645513
10,2024,5,gru_regressor,0.0,0.6406497
10,2024,6,gru_regressor,0.0,0.43203658
10,2024,7,gru_regressor,1.0,0.21915233
10,2024,8,gru_regressor,0.0,0.20139512
10,2024,9,gru_regressor,0.0,0.21190137
11,2023,12,gru_regressor,1.0,0.40216798
11,2024,1,gru_regressor,1.0,0.34754485
11,2024,2,gru_regressor,0.0,0.30116513
11,2024,3,gru_regressor,1.0,0.3962762
11,2024,4,gru_regressor,0.0,0.41177216
11,2024,5,gru_regressor,0.0,1.0291076
11,2024,6,gru_regressor,0.0,1.1208909
11,2024,7,gru_regressor,1.0,0.6649338
11,2024,8,gru_regressor,0.0,0.35661277
11,2024,9,gru_regressor,0.0,0.45804113
13,2023,12,gru_regressor,1.0,0.7595533
13,2024,1,gru_regressor,0.0,0.36522204
13,2024,2,gru_regressor,0.0,0.5779366
13,2024,3,gru_regressor,1.0,0.98993546
13,2024,4,gru_regressor,1.0,0.9976243
13,2024,5,gru_regressor,0.0,0.4826185
13,2024,6,gru_regressor,1.0,0.7101746
13,2024,7,gru_regressor,0.0,0.5084902
13,2024,8,gru_regressor,0.0,0.7422101
13,2024,9,gru_regressor,0.0,0.71411747
14,2023,12,gru_regressor,1.0,0.27413502
14,2024,1,gru_regressor,0.0,0.21203423
14,2024,2,gru_regressor,0.0,0.28628305
14,2024,3,gru_regressor,1.0,0.4296079
14,2024,4,gru_regressor,1.0,0.27919993
14,2024,5,gru_regressor,1.0,0.43045104
14,2024,6,gru_regressor,0.0,0.39152053
14,2024,7,gru_regressor,2.0,0.34929135
14,2024,8,gru_regressor,0.0,0.26354447
14,2024,9,gru_regressor,0.0,0.40557724
15,2023,12,gru_regressor,0.0,0.33297408
15,2024,1,gru_regressor,2.0,0.5157672
15,2024,2,gru_regressor,2.0,0.8927853
15,2024,3,gru_regressor,0.0,0.5232786
15,2024,4,gru_regressor,1.0,1.5261161
15,2024,5,gru_regressor,3.0,1.3580457
15,2024,6,gru_regressor,0.0,1.0981119
15,2024,7,gru_regressor,1.0,3.1587815
15,2024,8,gru_regressor,3.0,1.7439547
15,2024,9,gru_regressor,2.0,1.391493
16,2023,12,gru_regressor,1.0,1.2933702
16,2024,1,gru_regressor,1.0,0.88337266
16,2024,2,gru_regressor,1.0,1.1060631
16,2024,3,gru_regressor,2.0,0.9685788
16,2024,4,gru_regressor,6.0,1.2830849
16,2024,5,gru_regressor,3.0,1.2984294
16,2024,6,gru_regressor,2.0,1.1304814
16,2024,7,gru_regressor,1.0,1.4916567
16,2024,8,gru_regressor,2.0,1.7204217
16,2024,9,gru_regressor,2.0,2.1276908
17,2023,12,gru_regressor,1.0,1.5878396
17,2024,1,gru_regressor,1.0,1.0436864
17,2024,2,gru_regressor,1.0,1.1093227
17,2024,3,gru_regressor,2.0,0.5086111
17,2024,4,gru_regressor,6.0,0.6728936
17,2024,5,gru_regressor,3.0,0.7610169
17,2024,6,gru_regressor,2.0,0.5517256
17,2024,7,gru_regressor,1.0,0.6859357
17,2024,8,gru_regressor,2.0,0.8837226
17,2024,9,gru_regressor,2.0,1.1911949
18,2023,12,gru_regressor,0.0,0.33935475
18,2024,1,gru_regressor,2.0,0.52878565
18,2024,2,gru_regressor,2.0,0.9172034
18,2024,3,gru_regressor,0.0,0.4484329
18,2024,4,gru_regressor,1.0,1.5863837
18,2024,5,gru_regressor,3.0,1.4040889
18,2024,6,gru_regressor,0.0,1.0731764
18,2024,7,gru_regressor,1.0,2.9442976
18,2024,8,gru_regressor,3.0,1.6711515
18,2024,9,gru_regressor,2.0,1.4265921
19,2023,12,gru_regressor,1.0,0.36393133
19,2024,1,gru_regressor,0.0,0.3309227
19,2024,2,gru_regressor,0.0,0.22603166
19,2024,3,gru_regressor,1.0,0.2868058
19,2024,4,gru_regressor,0.0,0.2997085
19,2024,5,gru_regressor,0.0,0.9505578
19,2024,6,gru_regressor,0.0,0.719369
19,2024,7,gru_regressor,1.0,0.35719615
19,2024,8,gru_regressor,0.0,0.3680099
19,2024,9,gru_regressor,0.0,0.35915622
20,2023,12,gru_regressor,1.0,0.24696371
20,2024,1,gru_regressor,0.0,0.23159742
20,2024,2,gru_regressor,0.0,0.11671973
20,2024,3,gru_regressor,0.0,0.2627971
20,2024,4,gru_regressor,0.0,0.19331926
20,2024,5,gru_regressor,0.0,0.25720024
20,2024,6,gru_regressor,0.0,0.20505063
20,2024,7,gru_regressor,0.0,0.21044368
20,2024,8,gru_regressor,0.0,0.24277984
20,2024,9,gru_regressor,0.0,0.25247428
21,2023,12,gru_regressor,0.0,0.20618688
21,2024,1,gru_regressor,0.0,0.13592188
21,2024,2,gru_regressor,0.0,0.16557893
21,2024,3,gru_regressor,0.0,0.264644
21,2024,4,gru_regressor,0.0,0.19107483
21,2024,5,gru_regressor,0.0,0.26246205
21,2024,6,gru_regressor,0.0,0.20637436
21,2024,7,gru_regressor,0.0,0.18211335
21,2024,8,gru_regressor,0.0,0.13116999
21,2024,9,gru_regressor,1.0,0.1176362
22,2023,12,gru_regressor,1.0,0.29608476
22,2024,1,gru_regressor,4.0,0.28145295
22,2024,2,gru_regressor,0.0,0.84743583
22,2024,3,gru_regressor,1.0,0.5259301
22,2024,4,gru_regressor,1.0,0.95358825
22,2024,5,gru_regressor,1.0,0.7401649
22,2024,6,gru_regressor,1.0,0.34950057
22,2024,7,gru_regressor,0.0,0.33348736
22,2024,8,gru_regressor,1.0,0.60283124
22,2024,9,gru_regressor,0.0,0.58585024
23,2023,12,gru_regressor,1.0,0.2672025
23,2024,1,gru_regressor,2.0,0.2523742
23,2024,2,gru_regressor,1.0,0.59368277
23,2024,3,gru_regressor,1.0,0.75300443
23,2024,4,gru_regressor,1.0,0.9349834
23,2024,5,gru_regressor,1.0,0.7965709
23,2024,6,gru_regressor,3.0,0.40541577
23,2024,7,gru_regressor,0.0,0.35960403
23,2024,8,gru_regressor,0.0,0.9307561
23,2024,9,gru_regressor,1.0,1.8784306
24,2023,12,gru_regressor,1.0,0.30284843
24,2024,1,gru_regressor,3.0,0.25729063
24,2024,2,gru_regressor,0.0,0.6556813
24,2024,3,gru_regressor,1.0,0.49472392
24,2024,4,gru_regressor,1.0,0.8974717
24,2024,5,gru_regressor,1.0,0.6790934
24,2024,6,gru_regressor,3.0,0.40771297
24,2024,7,gru_regressor,0.0,0.27750003
24,2024,8,gru_regressor,0.0,0.4709865
24,2024,9,gru_regressor,1.0,1.3067642
25,2023,12,gru_regressor,0.0,0.6450354
25,2024,1,gru_regressor,2.0,0.36861238
25,2024,2,gru_regressor,2.0,0.3989384
25,2024,3,gru_regressor,0.0,0.46951398
25,2024,4,gru_regressor,1.0,0.5408951
25,2024,5,gru_regressor,2.0,0.38745362
25,2024,6,gru_regressor,2.0,0.38293043
25,2024,7,gru_regressor,0.0,0.24638292
25,2024,8,gru_regressor,1.0,0.39048254
25,2024,9,gru_regressor,3.0,0.43373504
26,2023,12,gru_regressor,1.0,0.15906629
26,2024,1,gru_regressor,1.0,0.21830755
26,2024,2,gru_regressor,0.0,0.24627975
26,2024,3,gru_regressor,0.0,0.46583512
26,2024,4,gru_regressor,0.0,0.60170907
26,2024,5,gru_regressor,0.0,0.49366784
26,2024,6,gru_regressor,1.0,0.61313325
26,2024,7,gru_regressor,0.0,0.37390158
26,2024,8,gru_regressor,0.0,0.24827647
26,2024,9,gru_regressor,1.0,0.21630716
27,2023,12,gru_regressor,1.0,0.39905116
27,2024,1,gru_regressor,1.0,0.35959092
27,2024,2,gru_regressor,0.0,0.34413424
27,2024,3,gru_regressor,0.0,0.36839125
27,2024,4,gru_regressor,0.0,0.90188926
27,2024,5,gru_regressor,1.0,1.1662524
27,2024,6,gru_regressor,0.0,0.4927442
27,2024,7,gru_regressor,0.0,0.35567433
27,2024,8,gru_regressor,0.0,0.23042092
27,2024,9,gru_regressor,2.0,0.18875912
28,2023,12,gru_regressor,0.0,0.13482377
28,2024,1,gru_regressor,0.0,0.121258356
28,2024,2,gru_regressor,0.0,0.13349971
28,2024,3,gru_regressor,0.0,0.24499024
28,2024,4,gru_regressor,0.0,0.14109185
28,2024,5,gru_regressor,0.0,0.18987927
28,2024,6,gru_regressor,0.0,0.13976184
28,2024,7,gru_regressor,0.0,0.11881499
28,2024,8,gru_regressor,1.0,0.08659514
28,2024,9,gru_regressor,0.0,0.09670964
29,2023,12,gru_regressor,0.0,0.1433213
29,2024,1,gru_regressor,0.0,0.11601505
29,2024,2,gru_regressor,1.0,0.14150697
29,2024,3,gru_regressor,0.0,0.66090804
29,2024,4,gru_regressor,0.0,0.21743898
29,2024,5,gru_regressor,0.0,0.3370518
29,2024,6,gru_regressor,0.0,0.19082671
29,2024,7,gru_regressor,0.0,0.17048551
29,2024,8,gru_regressor,0.0,0.12321718
29,2024,9,gru_regressor,0.0,0.097840615
30,2023,12,gru_regressor,0.0,0.26873472
30,2024,1,gru_regressor,0.0,0.1782683
30,2024,2,gru_regressor,0.0,0.22841874
30,2024,3,gru_regressor,0.0,0.331104
30,2024,4,gru_regressor,0.0,0.35778457
30,2024,5,gru_regressor,0.0,0.33371344
30,2024,6,gru_regressor,0.0,0.32357618
30,2024,7,gru_regressor,0.0,0.35288572
30,2024,8,gru_regressor,0.0,0.2774754
30,2024,9,gru_regressor,0.0,0.21625307
31,2023,12,gru_regressor,0.0,0.1511594
31,2024,1,gru_regressor,0.0,0.12815087
31,2024,2,gru_regressor,0.0,0.14073934
31,2024,3,gru_regressor,0.0,0.24045259
31,2024,4,gru_regressor,0.0,0.20305595
31,2024,5,gru_regressor,0.0,0.2215018
31,2024,6,gru_regressor,0.0,0.20623109
31,2024,7,gru_regressor,0.0,0.20876653
31,2024,8,gru_regressor,0.0,0.14904736
31,2024,9,gru_regressor,0.0,0.12747355
32,2023,12,gru_regressor,0.0,0.141793
32,2024,1,gru_regressor,0.0,0.11411689
32,2024,2,gru_regressor,0.0,0.12739867
32,2024,3,gru_regressor,0.0,0.2310522
32,2024,4,gru_regressor,0.0,0.1354833
32,2024,5,gru_regressor,0.0,0.14625062
32,2024,6,gru_regressor,0.0,0.12901756
32,2024,7,gru_regressor,0.0,0.1129857
32,2024,8,gru_regressor,0.0,0.087052986
32,2024,9,gru_regressor,0.0,0.08614106
33,2023,12,gru_regressor,0.0,0.13353705
33,2024,1,gru_regressor,0.0,0.11763805
33,2024,2,gru_regressor,0.0,0.13379382
33,2024,3,gru_regressor,0.0,0.30858532
33,2024,4,gru_regressor,0.0,0.15468197
33,2024,5,gru_regressor,0.0,0.1830347
33,2024,6,gru_regressor,0.0,0.1447347
33,2024,7,gru_regressor,0.0,0.13335882
33,2024,8,gru_regressor,0.0,0.097804084
33,2024,9,gru_regressor,0.0,0.093689166
34,2023,12,gru_regressor,0.0,0.13387567
34,2024,1,gru_regressor,0.0,0.11825101
34,2024,2,gru_regressor,0.0,0.13033246
34,2024,3,gru_regressor,0.0,0.20846288
34,2024,4,gru_regressor,0.0,0.13050704
34,2024,5,gru_regressor,0.0,0.15581474
34,2024,6,gru_regressor,0.0,0.131991
34,2024,7,gru_regressor,0.0,0.11329062
34,2024,8,gru_regressor,1.0,0.08328495
34,2024,9,gru_regressor,0.0,0.0914489
35,2023,12,gru_regressor,0.0,0.18235654
35,2024,1,gru_regressor,0.0,0.1348655
35,2024,2,gru_regressor,0.0,0.16008031
35,2024,3,gru_regressor,0.0,0.24057084
35,2024,4,gru_regressor,0.0,0.21178773
35,2024,5,gru_regressor,0.0,0.31948507
35,2024,6,gru_regressor,0.0,0.22820455
35,2024,7,gru_regressor,0.0,0.23046151
35,2024,8,gru_regressor,0.0,0.16132285
35,2024,9,gru_regressor,0.0,0.1473499
36,2023,12,gru_regressor,0.0,0.23472033
36,2024,1,gru_regressor,0.0,0.17582157
36,2024,2,gru_regressor,0.0,0.20579025
36,2024,3,gru_regressor,0.0,0.2514628
36,2024,4,gru_regressor,0.0,0.22097363
36,2024,5,gru_regressor,0.0,0.3139195
36,2024,6,gru_regressor,0.0,0.22277512
36,2024,7,gru_regressor,0.0,0.1736877
36,2024,8,gru_regressor,0.0,0.11979589
36,2024,9,gru_regressor,0.0,0.1105349
37,2023,12,gru_regressor,0.0,0.14517331
37,2024,1,gru_regressor,0.0,0.12745349
37,2024,2,gru_regressor,1.0,0.13429834
37,2024,3,gru_regressor,0.0,0.9957798
37,2024,4,gru_regressor,0.0,0.28450078
37,2024,5,gru_regressor,2.0,0.4334254
37,2024,6,gru_regressor,0.0,0.49197203
37,2024,7,gru_regressor,0.0,0.3777529
37,2024,8,gru_regressor,0.0,0.28007248
37,2024,9,gru_regressor,0.0,0.16747057
38,2023,12,gru_regressor,0.0,0.18490194
38,2024,1,gru_regressor,0.0,0.14898929
38,2024,2,gru_regressor,1.0,0.13947691
38,2024,3,gru_regressor,0.0,0.6624725
38,2024,4,gru_regressor,0.0,0.25313577
38,2024,5,gru_regressor,3.0,0.29209968
38,2024,6,gru_regressor,0.0,0.36714748
38,2024,7,gru_regressor,0.0,0.41782898
38,2024,8,gru_regressor,0.0,0.36109126
38,2024,9,gru_regressor,0.0,0.25678283
39,2023,12,gru_regressor,0.0,0.18183221
39,2024,1,gru_regressor,0.0,0.2187421
39,2024,2,gru_regressor,0.0,0.20367451
39,2024,3,gru_regressor,0.0,0.22764595
39,2024,4,gru_regressor,0.0,0.2514387
39,2024,5,gru_regressor,0.0,0.32596648
39,2024,6,gru_regressor,0.0,0.26624677
39,2024,7,gru_regressor,0.0,0.21206571
39,2024,8,gru_regressor,0.0,0.15040684
39,2024,9,gru_regressor,0.0,0.13011913
40,2023,12,gru_regressor,0.0,0.17824756
40,2024,1,gru_regressor,0.0,0.21852805
40,2024,2,gru_regressor,0.0,0.21623364
40,2024,3,gru_regressor,0.0,0.23451366
40,2024,4,gru_regressor,0.0,0.23678215
40,2024,5,gru_regressor,0.0,0.3387898
40,2024,6,gru_regressor,0.0,0.2842204
40,2024,7,gru_regressor,0.0,0.2284199
40,2024,8,gru_regressor,0.0,0.16535638
40,2024,9,gru_regressor,0.0,0.13927686
41,2023,12,gru_regressor,1.0,1.148581
41,2024,1,gru_regressor,0.0,0.70901763
41,2024,2,gru_regressor,3.0,0.81616175
41,2024,3,gru_regressor,3.0,0.6169404
41,2024,4,gru_regressor,1.0,0.41386223
41,2024,5,gru_regressor,0.0,0.46961415
41,2024,6,gru_regressor,1.0,0.35416284
41,2024,7,gru_regressor,0.0,0.33957562
41,2024,8,gru_regressor,0.0,0.43497968
41,2024,9,gru_regressor,0.0,0.3760538
42,2023,12,gru_regressor,1.0,1.0976503
42,2024,1,gru_regressor,0.0,0.5031512
42,2024,2,gru_regressor,3.0,0.5501362
42,2024,3,gru_regressor,3.0,1.2668903
42,2024,4,gru_regressor,1.0,0.58738583
42,2024,5,gru_regressor,0.0,0.54413086
42,2024,6,gru_regressor,1.0,0.37270883
42,2024,7,gru_regressor,0.0,0.36306036
42,2024,8,gru_regressor,0.0,0.42175654
42,2024,9,gru_regressor,0.0,0.35001758
43,2023,12,gru_regressor,0.0,0.5145833
43,2024,1,gru_regressor,0.0,0.2569281
43,2024,2,gru_regressor,0.0,0.27274346
43,2024,3,gru_regressor,0.0,0.28719103
43,2024,4,gru_regressor,0.0,0.39105248
43,2024,5,gru_regressor,0.0,0.5143881
43,2024,6,gru_regressor,0.0,0.34352055
43,2024,7,gru_regressor,0.0,0.3612654
43,2024,8,gru_regressor,0.0,0.35829493
43,2024,9,gru_regressor,1.0,0.31988725
44,2023,12,gru_regressor,0.0,0.22457588
44,2024,1,gru_regressor,0.0,0.120901905
44,2024,2,gru_regressor,0.0,0.14024566
44,2024,3,gru_regressor,0.0,0.22518641
44,2024,4,gru_regressor,0.0,0.1942543
44,2024,5,gru_regressor,0.0,0.27845913
44,2024,6,gru_regressor,0.0,0.20190455
44,2024,7,gru_regressor,0.0,0.20593546
44,2024,8,gru_regressor,0.0,0.15783474
44,2024,9,gru_regressor,1.0,0.1566297
45,2023,12,gru_regressor,0.0,0.14595345
45,2024,1,gru_regressor,2.0,0.12787347
45,2024,2,gru_regressor,0.0,0.30296928
45,2024,3,gru_regressor,1.0,0.38544455
45,2024,4,gru_regressor,1.0,0.39369833
45,2024,5,gru_regressor,0.0,0.6130005
45,2024,6,gru_regressor,1.0,0.35986796
45,2024,7,gru_regressor,0.0,0.39916685
45,2024,8,gru_regressor,1.0,0.23909414
45,2024,9,gru_regressor,0.0,0.29866585
46,2023,12,gru_regressor,0.0,0.1409029
46,2024,1,gru_regressor,1.0,0.12203516
46,2024,2,gru_regressor,0.0,0.18614821
46,2024,3,gru_regressor,1.0,0.36354893
46,2024,4,gru_regressor,1.0,0.28747654
46,2024,5,gru_regressor,0.0,0.6196648
46,2024,6,gru_regressor,1.0,0.35959578
46,2024,7,gru_regressor,0.0,0.39621058
46,2024,8,gru_regressor,1.0,0.2657429
46,2024,9,gru_regressor,0.0,0.32388917
47,2023,12,gru_regressor,0.0,0.3712124
47,2024,1,gru_regressor,0.0,0.12670067
47,2024,2,gru_regressor,0.0,0.116450414
47,2024,3,gru_regressor,0.0,0.435459
47,2024,4,gru_regressor,1.0,0.25681567
47,2024,5,gru_regressor,0.0,1.3585659
47,2024,6,gru_regressor,0.0,0.5177247
47,2024,7,gru_regressor,0.0,0.39575607
47,2024,8,gru_regressor,0.0,0.31539252
47,2024,9,gru_regressor,0.0,0.21950741
48,2023,12,gru_regressor,0.0,0.140464
48,2024,1,gru_regressor,0.0,0.13792089
48,2024,2,gru_regressor,0.0,0.1476512
48,2024,3,gru_regressor,0.0,0.20871006
48,2024,4,gru_regressor,1.0,0.2073483
48,2024,5,gru_regressor,0.0,0.39267117
48,2024,6,gru_regressor,1.0,0.29976523
48,2024,7,gru_regressor,0.0,0.3462526
48,2024,8,gru_regressor,0.0,0.2948609
48,2024,9,gru_regressor,3.0,0.3020926
49,2023,12,gru_regressor,0.0,0.32054156
49,2024,1,gru_regressor,0.0,0.12065474
49,2024,2,gru_regressor,1.0,0.14360249
49,2024,3,gru_regressor,1.0,1.0377116
49,2024,4,gru_regressor,0.0,0.36246333
49,2024,5,gru_regressor,1.0,0.63909686
49,2024,6,gru_regressor,1.0,0.47137147
49,2024,7,gru_regressor,0.0,0.33304566
49,2024,8,gru_regressor,0.0,0.5149714
49,2024,9,gru_regressor,0.0,0.3895041
50,2023,12,gru_regressor,1.0,0.14548859
50,2024,1,gru_regressor,0.0,0.19269279
50,2024,2,gru_regressor,0.0,0.12549779
50,2024,3,gru_regressor,0.0,0.35282636
50,2024,4,gru_regressor,0.0,0.21511908
50,2024,5,gru_regressor,0.0,0.3431881
50,2024,6,gru_regressor,0.0,0.25456434
50,2024,7,gru_regressor,0.0,0.19924678
50,2024,8,gru_regressor,0.0,0.15395063
50,2024,9,gru_regressor,0.0,0.1315271
51,2023,12,gru_regressor,1.0,0.27976605
51,2024,1,gru_regressor,0.0,0.2973924
51,2024,2,gru_regressor,0.0,0.17042364
51,2024,3,gru_regressor,0.0,0.30449367
51,2024,4,gru_regressor,0.0,0.31292155
51,2024,5,gru_regressor,0.0,0.37497744
51,2024,6,gru_regressor,0.0,0.5386268
51,2024,7,gru_regressor,0.0,0.3951729
51,2024,8,gru_regressor,0.0,0.4317789
51,2024,9,gru_regressor,0.0,0.28997305
52,2023,12,gru_regressor,0.0,0.34793356
52,2024,1,gru_regressor,2.0,0.2905271
52,2024,2,gru_regressor,0.0,0.3910318
52,2024,3,gru_regressor,0.0,0.5760343
52,2024,4,gru_regressor,1.0,1.2306414
52,2024,5,gru_regressor,1.0,0.80255085
52,2024,6,gru_regressor,0.0,0.6366814
52,2024,7,gru_regressor,0.0,1.07271
52,2024,8,gru_regressor,0.0,0.59390754
52,2024,9,gru_regressor,1.0,0.47770268
53,2023,12,gru_regressor,0.0,0.1549941
53,2024,1,gru_regressor,0.0,0.14931212
53,2024,2,gru_regressor,0.0,0.14594872
53,2024,3,gru_regressor,1.0,0.23515588
53,2024,4,gru_regressor,0.0,0.2345562
53,2024,5,gru_regressor,2.0,0.24962448
53,2024,6,gru_regressor,0.0,0.35706097
53,2024,7,gru_regressor,1.0,0.30067512
53,2024,8,gru_regressor,1.0,0.3444074
53,2024,9,gru_regressor,0.0,0.36360055
54,2023,12,gru_regressor,0.0,0.1491046
54,2024,1,gru_regressor,0.0,0.12983619
54,2024,2,gru_regressor,0.0,0.12864006
54,2024,3,gru_regressor,1.0,0.24543838
54,2024,4,gru_regressor,0.0,0.23681575
54,2024,5,gru_regressor,2.0,0.2998511
54,2024,6,gru_regressor,0.0,0.41312966
54,2024,7,gru_regressor,1.0,0.5381538
54,2024,8,gru_regressor,1.0,0.43539914
54,2024,9,gru_regressor,0.0,0.74461156
55,2023,12,gru_regressor,0.0,0.16107373
55,2024,1,gru_regressor,0.0,0.14573547
55,2024,2,gru_regressor,1.0,0.14033747
55,2024,3,gru_regressor,0.0,0.48185736
55,2024,4,gru_regressor,0.0,0.22870982
55,2024,5,gru_regressor,0.0,0.27741262
55,2024,6,gru_regressor,0.0,0.2331653
55,2024,7,gru_regressor,0.0,0.17949273
55,2024,8,gru_regressor,0.0,0.16550857
55,2024,9,gru_regressor,1.0,0.103138246
56,2023,12,gru_regressor,0.0,0.15988107
56,2024,1,gru_regressor,0.0,0.14718845
56,2024,2,gru_regressor,1.0,0.14000003
56,2024,3,gru_regressor,0.0,0.4710685
56,2024,4,gru_regressor,0.0,0.22319114
56,2024,5,gru_regressor,0.0,0.27336195
56,2024,6,gru_regressor,0.0,0.23469895
56,2024,7,gru_regressor,0.0,0.18696411
56,2024,8,gru_regressor,0.0,0.16810189
56,2024,9,gru_regressor,1.0,0.10601048
57,2023,12,gru_regressor,0.0,0.13709638
57,2024,1,gru_regressor,0.0,0.10764117
57,2024,2,gru_regressor,0.0,0.10447661
57,2024,3,gru_regressor,0.0,0.18052003
57,2024,4,gru_regressor,0.0,0.12726372
57,2024,5,gru_regressor,1.0,0.13006361
57,2024,6,gru_regressor,0.0,0.15057191
57,2024,7,gru_regressor,1.0,0.11019573
57,2024,8,gru_regressor,0.0,0.11273653
57,2024,9,gru_regressor,0.0,0.11397954
58,2023,12,gru_regressor,0.0,0.13395558
58,2024,1,gru_regressor,0.0,0.109283164
58,2024,2,gru_regressor,0.0,0.10607136
58,2024,3,gru_regressor,0.0,0.1840655
58,2024,4,gru_regressor,0.0,0.124489136
58,2024,5,gru_regressor,1.0,0.14142214
58,2024,6,gru_regressor,0.0,0.15296388
58,2024,7,gru_regressor,1.0,0.10871206
58,2024,8,gru_regressor,0.0,0.109554544
58,2024,9,gru_regressor,0.0,0.10698029
59,2023,12,gru_regressor,0.0,0.16155079
59,2024,1,gru_regressor,0.0,0.10529225
59,2024,2,gru_regressor,0.0,0.10321145
59,2024,3,gru_regressor,0.0,0.18832669
59,2024,4,gru_regressor,1.0,0.1249637
59,2024,5,gru_regressor,0.0,0.21049632
59,2024,6,gru_regressor,0.0,0.1416173
59,2024,7,gru_regressor,0.0,0.10662912
59,2024,8,gru_regressor,0.0,0.09645997
59,2024,9,gru_regressor,0.0,0.101922855
60,2023,12,gru_regressor,0.0,0.18801537
60,2024,1,gru_regressor,0.0,0.110787265
60,2024,2,gru_regressor,0.0,0.10772291
60,2024,3,gru_regressor,0.0,0.18280566
60,2024,4,gru_regressor,1.0,0.11335776
60,2024,5,gru_regressor,0.0,0.1984424
60,2024,6,gru_regressor,0.0,0.1487479
60,2024,7,gru_regressor,0.0,0.11365475
60,2024,8,gru_regressor,0.0,0.10102456
60,2024,9,gru_regressor,0.0,0.10371285
61,2023,12,gru_regressor,0.0,0.15747617
61,2024,1,gru_regressor,1.0,0.12180079
61,2024,2,gru_regressor,0.0,0.19581555
61,2024,3,gru_regressor,0.0,0.25888184
61,2024,4,gru_regressor,0.0,0.19565657
61,2024,5,gru_regressor,0.0,0.23120975
61,2024,6,gru_regressor,0.0,0.23068704
61,2024,7,gru_regressor,0.0,0.23132795
61,2024,8,gru_regressor,0.0,0.14353387
61,2024,9,gru_regressor,0.0,0.12951064
62,2023,12,gru_regressor,0.0,0.14896987
62,2024,1,gru_regressor,1.0,0.117306635
62,2024,2,gru_regressor,0.0,0.18783005
62,2024,3,gru_regressor,0.0,0.28415135
62,2024,4,gru_regressor,0.0,0.20053782
62,2024,5,gru_regressor,0.0,0.25008717
62,2024,6,gru_regressor,0.0,0.25467867
62,2024,7,gru_regressor,0.0,0.24667245
62,2024,8,gru_regressor,0.0,0.14482927
62,2024,9,gru_regressor,0.0,0.1339521
63,2023,12,gru_regressor,0.0,0.15424666
63,2024,1,gru_regressor,0.0,0.16468124
63,2024,2,gru_regressor,1.0,0.1419113
63,2024,3,gru_regressor,0.0,0.4268787
63,2024,4,gru_regressor,0.0,0.24327026
63,2024,5,gru_regressor,0.0,0.3323925
63,2024,6,gru_regressor,1.0,0.39031446
63,2024,7,gru_regressor,1.0,0.29806957
63,2024,8,gru_regressor,0.0,0.5505585
63,2024,9,gru_regressor,0.0,0.3045347
64,2023,12,gru_regressor,0.0,0.11841608
64,2024,1,gru_regressor,0.0,0.12404394
64,2024,2,gru_regressor,0.0,0.118328035
64,2024,3,gru_regressor,0.0,0.2291764
64,2024,4,gru_regressor,1.0,0.2917599
64,2024,5,gru_regressor,0.0,0.5389487
64,2024,6,gru_regressor,1.0,0.8837772
64,2024,7,gru_regressor,1.0,0.64887446
64,2024,8,gru_regressor,2.0,0.7039354
64,2024,9,gru_regressor,0.0,0.6699444
65,2023,12,gru_regressor,0.0,0.16398554
65,2024,1,gru_regressor,0.0,0.13266793
65,2024,2,gru_regressor,0.0,0.13777737
65,2024,3,gru_regressor,0.0,0.23219447
65,2024,4,gru_regressor,1.0,0.21410549
65,2024,5,gru_regressor,0.0,0.36583766
65,2024,6,gru_regressor,1.0,0.42059845
65,2024,7,gru_regressor,1.0,0.28821903
65,2024,8,gru_regressor,1.0,0.34520853
65,2024,9,gru_regressor,0.0,0.33984452
66,2023,12,gru_regressor,0.0,0.123019926
66,2024,1,gru_regressor,0.0,0.13500585
66,2024,2,gru_regressor,1.0,0.12714894
66,2024,3,gru_regressor,0.0,0.34750974
66,2024,4,gru_regressor,0.0,0.25129187
66,2024,5,gru_regressor,0.0,0.35748032
66,2024,6,gru_regressor,1.0,0.53636026
66,2024,7,gru_regressor,1.0,0.3521066
66,2024,8,gru_regressor,0.0,0.38067466
66,2024,9,gru_regressor,0.0,0.38190097
67,2023,12,gru_regressor,0.0,0.19525589
67,2024,1,gru_regressor,0.0,0.11913885
67,2024,2,gru_regressor,0.0,0.121662416
67,2024,3,gru_regressor,0.0,0.24738201
67,2024,4,gru_regressor,1.0,0.16622461
67,2024,5,gru_regressor,0.0,0.31594843
67,2024,6,gru_regressor,0.0,0.24076606
67,2024,7,gru_regressor,0.0,0.19406372
67,2024,8,gru_regressor,0.0,0.1573676
67,2024,9,gru_regressor,0.0,0.13746525
68,2023,12,gru_regressor,0.0,0.23138915
68,2024,1,gru_regressor,0.0,0.14705697
68,2024,2,gru_regressor,0.0,0.15156299
68,2024,3,gru_regressor,0.0,0.24070403
68,2024,4,gru_regressor,1.0,0.2015333
68,2024,5,gru_regressor,0.0,0.32533464
68,2024,6,gru_regressor,0.0,0.49087346
68,2024,7,gru_regressor,0.0,0.44685864
68,2024,8,gru_regressor,0.0,0.47870016
68,2024,9,gru_regressor,0.0,0.36846146
69,2023,12,gru_regressor,2.0,0.48440063
69,2024,1,gru_regressor,1.0,0.4542614
69,2024,2,gru_regressor,0.0,0.47454983
69,2024,3,gru_regressor,1.0,0.78370583
69,2024,4,gru_regressor,4.0,0.90891945
69,2024,5,gru_regressor,4.0,2.0516589
69,2024,6,gru_regressor,4.0,2.2655323
69,2024,7,gru_regressor,0.0,2.4856665
69,2024,8,gru_regressor,2.0,2.4455848
69,2024,9,gru_regressor,1.0,2.491248
70,2023,12,gru_regressor,0.0,0.14415279
70,2024,1,gru_regressor,0.0,0.11126118
70,2024,2,gru_regressor,0.0,0.13002211
70,2024,3,gru_regressor,0.0,0.4009715
70,2024,4,gru_regressor,0.0,0.23988493
70,2024,5,gru_regressor,0.0,0.41028377
70,2024,6,gru_regressor,1.0,0.22911562
70,2024,7,gru_regressor,0.0,0.31363147
70,2024,8,gru_regressor,0.0,0.18872266
70,2024,9,gru_regressor,0.0,0.18099783
71,2023,12,gru_regressor,0.0,0.15553372
71,2024,1,gru_regressor,0.0,0.11419284
71,2024,2,gru_regressor,0.0,0.13527514
71,2024,3,gru_regressor,0.0,0.43251836
71,2024,4,gru_regressor,0.0,0.22920582
71,2024,5,gru_regressor,0.0,0.37444636
71,2024,6,gru_regressor,1.0,0.22366746
71,2024,7,gru_regressor,0.0,0.29840228
71,2024,8,gru_regressor,0.0,0.18438776
71,2024,9,gru_regressor,0.0,0.17211138
72,2023,12,gru_regressor,0.0,0.292546
72,2024,1,gru_regressor,0.0,0.17015956
72,2024,2,gru_regressor,0.0,0.20499985
72,2024,3,gru_regressor,2.0,0.28747073
72,2024,4,gru_regressor,3.0,0.21021126
72,2024,5,gru_regressor,0.0,0.39775512
72,2024,6,gru_regressor,1.0,0.48966113
72,2024,7,gru_regressor,0.0,0.36456448
72,2024,8,gru_regressor,0.0,0.51757157
72,2024,9,gru_regressor,0.0,1.0557919
73,2023,12,gru_regressor,0.0,0.53207016
73,2024,1,gru_regressor,0.0,0.24440336
73,2024,2,gru_regressor,0.0,0.3617889
73,2024,3,gru_regressor,2.0,0.40459588
73,2024,4,gru_regressor,3.0,0.37409377
73,2024,5,gru_regressor,0.0,0.39192548
73,2024,6,gru_regressor,1.0,0.86996984
73,2024,7,gru_regressor,0.0,0.5931176
73,2024,8,gru_regressor,0.0,1.0290825
73,2024,9,gru_regressor,0.0,1.6377337
74,2023,12,gru_regressor,2.0,0.5873541
74,2024,1,gru_regressor,0.0,0.2681114
74,2024,2,gru_regressor,2.0,0.20878558
74,2024,3,gru_regressor,1.0,1.2741239
74,2024,4,gru_regressor,0.0,0.41656253
74,2024,5,gru_regressor,0.0,0.48570004
74,2024,6,gru_regressor,0.0,0.6072274
74,2024,7,gru_regressor,0.0,0.46751305
74,2024,8,gru_regressor,0.0,0.4175747
74,2024,9,gru_regressor,1.0,0.1521135
75,2023,12,gru_regressor,2.0,0.6817002
75,2024,1,gru_regressor,0.0,0.27731222
75,2024,2,gru_regressor,2.0,0.19822158
75,2024,3,gru_regressor,1.0,1.4058764
75,2024,4,gru_regressor,0.0,0.4257884
75,2024,5,gru_regressor,0.0,0.49352047
75,2024,6,gru_regressor,0.0,0.63444376
75,2024,7,gru_regressor,0.0,0.3848955
75,2024,8,gru_regressor,0.0,0.38359356
75,2024,9,gru_regressor,1.0,0.14056426
76,2023,12,gru_regressor,0.0,0.16422892
76,2024,1,gru_regressor,0.0,0.1559461
76,2024,2,gru_regressor,0.0,0.19950962
76,2024,3,gru_regressor,0.0,0.23706871
76,2024,4,gru_regressor,0.0,0.18431722
76,2024,5,gru_regressor,0.0,0.21006484
76,2024,6,gru_regressor,0.0,0.21599898
76,2024,7,gru_regressor,1.0,0.16716541
76,2024,8,gru_regressor,1.0,0.12808211
76,2024,9,gru_regressor,1.0,0.13414603
77,2023,12,gru_regressor,1.0,0.5220092
77,2024,1,gru_regressor,0.0,0.50468117
77,2024,2,gru_regressor,2.0,0.7312211
77,2024,3,gru_regressor,1.0,1.4047217
77,2024,4,gru_regressor,0.0,1.8358434
77,2024,5,gru_regressor,3.0,2.380729
77,2024,6,gru_regressor,2.0,1.8730505
77,2024,7,gru_regressor,0.0,1.923163
77,2024,8,gru_regressor,0.0,2.25574
77,2024,9,gru_regressor,3.0,1.5416973
78,2023,12,gru_regressor,0.0,0.42333537
78,2024,1,gru_regressor,0.0,0.12811756
78,2024,2,gru_regressor,0.0,0.124910265
78,2024,3,gru_regressor,0.0,0.22621281
78,2024,4,gru_regressor,0.0,0.13565832
78,2024,5,gru_regressor,0.0,0.17979303
78,2024,6,gru_regressor,0.0,0.115319416
78,2024,7,gru_regressor,0.0,0.10194319
78,2024,8,gru_regressor,0.0,0.08105033
78,2024,9,gru_regressor,0.0,0.07783007
79,2023,12,gru_regressor,0.0,0.4375357
79,2024,1,gru_regressor,0.0,0.13770035
79,2024,2,gru_regressor,0.0,0.14110455
79,2024,3,gru_regressor,0.0,0.31954515
79,2024,4,gru_regressor,0.0,0.16502799
79,2024,5,gru_regressor,0.0,0.2848202
79,2024,6,gru_regressor,0.0,0.15242805
79,2024,7,gru_regressor,0.0,0.12576237
79,2024,8,gru_regressor,0.0,0.09743749
79,2024,9,gru_regressor,0.0,0.08988222
80,2023,12,gru_regressor,0.0,0.15036713
80,2024,1,gru_regressor,0.0,0.11255701
80,2024,2,gru_regressor,0.0,0.116940245
80,2024,3,gru_regressor,1.0,0.18102166
80,2024,4,gru_regressor,0.0,0.13443953
80,2024,5,gru_regressor,0.0,0.2028307
81,2023,12,gru_regressor,0.0,0.14437473
81,2024,1,gru_regressor,0.0,0.118910134
81,2024,2,gru_regressor,0.0,0.12487661
81,2024,3,gru_regressor,1.0,0.22957265
81,2024,4,gru_regressor,0.0,0.16175072
81,2024,5,gru_regressor,0.0,0.29729974
81,2024,6,gru_regressor,0.0,0.24585241
81,2024,7,gru_regressor,0.0,0.19569801
81,2024,8,gru_regressor,0.0,0.14324857
81,2024,9,gru_regressor,0.0,0.11649401
82,2023,12,gru_regressor,0.0,0.10748653
82,2024,1,gru_regressor,1.0,0.11356749
82,2024,2,gru_regressor,0.0,0.22413106
82,2024,3,gru_regressor,0.0,0.21902116
82,2024,4,gru_regressor,0.0,0.2872845
82,2024,5,gru_regressor,0.0,0.21226631
82,2024,6,gru_regressor,0.0,0.2080602
82,2024,7,gru_regressor,0.0,0.18413648
82,2024,8,gru_regressor,0.0,0.12523699
82,2024,9,gru_regressor,0.0,0.10151199
83,2023,12,gru_regressor,0.0,0.10696147
83,2024,1,gru_regressor,1.0,0.11222666
83,2024,2,gru_regressor,0.0,0.22148809
83,2024,3,gru_regressor,0.0,0.21806353
83,2024,4,gru_regressor,0.0,0.27957612
83,2024,5,gru_regressor,0.0,0.26228142
83,2024,6,gru_regressor,0.0,0.20950738
83,2024,7,gru_regressor,0.0,0.1671905
83,2024,8,gru_regressor,0.0,0.10962359
83,2024,9,gru_regressor,0.0,0.090391085
84,2023,12,gru_regressor,0.0,0.1780313
84,2024,1,gru_regressor,0.0,0.16342314
84,2024,2,gru_regressor,0.0,0.15137991
84,2024,3,gru_regressor,0.0,0.23709142
84,2024,4,gru_regressor,0.0,0.19188018
84,2024,5,gru_regressor,0.0,0.2247618
84,2024,6,gru_regressor,0.0,0.2708072
84,2024,7,gru_regressor,1.0,0.20651318
84,2024,8,gru_regressor,0.0,0.19068614
84,2024,9,gru_regressor,0.0,0.17799926
85,2023,12,gru_regressor,0.0,0.12263248
85,2024,1,gru_regressor,0.0,0.109366916
85,2024,2,gru_regressor,0.0,0.1140999
85,2024,3,gru_regressor,0.0,0.20559964
85,2024,4,gru_regressor,0.0,0.12257994
85,2024,5,gru_regressor,1.0,0.13873413
85,2024,6,gru_regressor,0.0,0.15103903
85,2024,7,gru_regressor,0.0,0.11993945
85,2024,8,gru_regressor,0.0,0.1958147
85,2024,9,gru_regressor,0.0,0.1949526
86,2023,12,gru_regressor,0.0,0.14173527
86,2024,1,gru_regressor,0.0,0.12161222
86,2024,2,gru_regressor,0.0,0.12958027
86,2024,3,gru_regressor,0.0,0.21543497
86,2024,4,gru_regressor,0.0,0.12999016
86,2024,5,gru_regressor,2.0,0.1500901
86,2024,6,gru_regressor,0.0,0.18526241
86,2024,7,gru_regressor,0.0,0.1384016
86,2024,8,gru_regressor,0.0,0.10785007
86,2024,9,gru_regressor,0.0,0.107333414
87,2023,12,gru_regressor,0.0,0.33056927
87,2024,1,gru_regressor,0.0,0.27172816
87,2024,2,gru_regressor,0.0,0.22519144
87,2024,3,gru_regressor,0.0,0.25861874
87,2024,4,gru_regressor,0.0,0.24057285
87,2024,5,gru_regressor,0.0,0.27472135
87,2024,6,gru_regressor,0.0,0.3144762
87,2024,7,gru_regressor,0.0,0.30280772
87,2024,8,gru_regressor,1.0,0.24302572
87,2024,9,gru_regressor,1.0,0.20216937
88,2023,12,gru_regressor,0.0,0.13643469
88,2024,1,gru_regressor,0.0,0.11396588
88,2024,2,gru_regressor,0.0,0.11827158
88,2024,3,gru_regressor,0.0,0.38702556
88,2024,4,gru_regressor,0.0,0.16702454
88,2024,5,gru_regressor,2.0,0.282221
88,2024,6,gru_regressor,0.0,0.31152353
88,2024,7,gru_regressor,0.0,0.22385222
88,2024,8,gru_regressor,1.0,0.14924526
88,2024,9,gru_regressor,0.0,0.16166358
89,2023,12,gru_regressor,0.0,0.20049432
89,2024,1,gru_regressor,0.0,0.12600176
89,2024,2,gru_regressor,0.0,0.13153838
89,2024,3,gru_regressor,0.0,0.29540682
89,2024,4,gru_regressor,0.0,0.22965074
89,2024,5,gru_regressor,2.0,0.3128593
89,2024,6,gru_regressor,0.0,0.35101447
89,2024,7,gru_regressor,0.0,0.33099604
89,2024,8,gru_regressor,1.0,0.29120982
89,2024,9,gru_regressor,0.0,0.25265932
90,2023,12,gru_regressor,0.0,0.476183
90,2024,1,gru_regressor,0.0,0.14209516
90,2024,2,gru_regressor,0.0,0.11757594
90,2024,3,gru_regressor,0.0,0.22940765
90,2024,4,gru_regressor,0.0,0.1418798
90,2024,5,gru_regressor,0.0,0.19474718
90,2024,6,gru_regressor,0.0,0.13961835
90,2024,7,gru_regressor,0.0,0.10211298
90,2024,8,gru_regressor,0.0,0.08568478
90,2024,9,gru_regressor,0.0,0.081235364
91,2023,12,gru_regressor,0.0,0.47474256
91,2024,1,gru_regressor,0.0,0.14157407
91,2024,2,gru_regressor,0.0,0.11699217
91,2024,3,gru_regressor,0.0,0.22475451
91,2024,4,gru_regressor,0.0,0.14126302
91,2024,5,gru_regressor,0.0,0.1930189
91,2024,6,gru_regressor,0.0,0.14570703
91,2024,7,gru_regressor,0.0,0.10576513
91,2024,8,gru_regressor,0.0,0.08753765
91,2024,9,gru_regressor,0.0,0.08194258
92,2023,12,gru_regressor,0.0,0.1761513
92,2024,1,gru_regressor,0.0,0.17897812
92,2024,2,gru_regressor,0.0,0.15347745
92,2024,3,gru_regressor,1.0,0.23006797
92,2024,4,gru_regressor,0.0,0.19383253
92,2024,5,gru_regressor,0.0,0.22937734
92,2024,6,gru_regressor,0.0,0.2516199
92,2024,7,gru_regressor,0.0,0.23721749
92,2024,8,gru_regressor,0.0,0.18120025
92,2024,9,gru_regressor,0.0,0.1362798
93,2023,12,gru_regressor,0.0,0.1835564
93,2024,1,gru_regressor,0.0,0.18387939
93,2024,2,gru_regressor,0.0,0.15512173
93,2024,3,gru_regressor,1.0,0.229192
93,2024,4,gru_regressor,0.0,0.19470936
93,2024,5,gru_regressor,0.0,0.21078944
93,2024,6,gru_regressor,0.0,0.24065857
93,2024,7,gru_regressor,0.0,0.22435176
93,2024,8,gru_regressor,0.0,0.17526954
93,2024,9,gru_regressor,0.0,0.1342815
94,2023,12,gru_regressor,0.0,0.3219857
94,2024,1,gru_regressor,0.0,0.1419774
94,2024,2,gru_regressor,1.0,0.14650415
94,2024,3,gru_regressor,0.0,0.75621474
94,2024,4,gru_regressor,1.0,0.23498079
94,2024,5,gru_regressor,0.0,0.5519345
94,2024,6,gru_regressor,0.0,0.2585664
94,2024,7,gru_regressor,0.0,0.19698872
94,2024,8,gru_regressor,0.0,0.1679638
94,2024,9,gru_regressor,1.0,0.114746645
95,2023,12,gru_regressor,0.0,0.133832
95,2024,1,gru_regressor,1.0,0.11804435
95,2024,2,gru_regressor,0.0,0.16187318
95,2024,3,gru_regressor,0.0,0.3632188
95,2024,4,gru_regressor,0.0,0.20000845
95,2024,5,gru_regressor,0.0,0.32881114
95,2024,6,gru_regressor,0.0,0.21275565
95,2024,7,gru_regressor,0.0,0.2556918
95,2024,8,gru_regressor,0.0,0.2270552
95,2024,9,gru_regressor,0.0,0.22793348
96,2023,12,gru_regressor,0.0,0.12704705
96,2024,1,gru_regressor,1.0,0.11453407
96,2024,2,gru_regressor,0.0,0.15340821
96,2024,3,gru_regressor,0.0,0.3359046
96,2024,4,gru_regressor,0.0,0.18604392
96,2024,5,gru_regressor,0.0,0.29205552
96,2024,6,gru_regressor,0.0,0.20056124
96,2024,7,gru_regressor,0.0,0.19044925
96,2024,8,gru_regressor,1.0,0.12794517
96,2024,9,gru_regressor,0.0,0.13817349
97,2023,12,gru_regressor,0.0,0.28711978
97,2024,1,gru_regressor,1.0,0.19467139
97,2024,2,gru_regressor,1.0,0.237662
97,2024,3,gru_regressor,0.0,0.4736017
97,2024,4,gru_regressor,0.0,0.4410857
97,2024,5,gru_regressor,0.0,0.7271105
97,2024,6,gru_regressor,0.0,0.33311987
97,2024,7,gru_regressor,0.0,0.31481498
97,2024,8,gru_regressor,0.0,0.1887741
97,2024,9,gru_regressor,0.0,0.13211393
98,2023,12,gru_regressor,0.0,0.2888367
98,2024,1,gru_regressor,1.0,0.20484932
98,2024,2,gru_regressor,1.0,0.27439907
98,2024,3,gru_regressor,0.0,0.576899
98,2024,4,gru_regressor,0.0,0.600049
98,2024,5,gru_regressor,0.0,0.88206136
98,2024,6,gru_regressor,0.0,0.38437694
98,2024,7,gru_regressor,0.0,0.33610806
98,2024,8,gru_regressor,0.0,0.20030883
98,2024,9,gru_regressor,0.0,0.1349899
99,2023,12,gru_regressor,1.0,0.14895883
99,2024,1,gru_regressor,1.0,0.16936028
99,2024,2,gru_regressor,2.0,0.16081364
99,2024,3,gru_regressor,0.0,0.5342886
99,2024,4,gru_regressor,2.0,0.18969758
99,2024,5,gru_regressor,1.0,0.40748155
99,2024,6,gru_regressor,1.0,0.3578566
99,2024,7,gru_regressor,1.0,0.2984363
99,2024,8,gru_regressor,0.0,0.31184274
99,2024,9,gru_regressor,2.0,0.42118979
100,2023,12,gru_regressor,1.0,0.22690734
100,2024,1,gru_regressor,1.0,0.23111004
100,2024,2,gru_regressor,2.0,0.19976895
100,2024,3,gru_regressor,0.0,0.5669229
100,2024,4,gru_regressor,2.0,0.41500252
100,2024,5,gru_regressor,1.0,0.35207355
100,2024,6,gru_regressor,1.0,0.41788492
100,2024,7,gru_regressor,1.0,0.44364607
100,2024,8,gru_regressor,0.0,0.41505527
100,2024,9,gru_regressor,2.0,1.2479149
101,2023,12,gru_regressor,0.0,0.81165224
101,2024,1,gru_regressor,1.0,0.2978328
101,2024,2,gru_regressor,2.0,0.98581064
101,2024,3,gru_regressor,1.0,1.0455116
101,2024,4,gru_regressor,0.0,0.6322743
101,2024,5,gru_regressor,0.0,0.5477513
101,2024,6,gru_regressor,1.0,0.36445898
101,2024,7,gru_regressor,2.0,0.3600578
101,2024,8,gru_regressor,2.0,0.3159416
101,2024,9,gru_regressor,0.0,0.25489143
102,2023,12,gru_regressor,0.0,0.83890486
102,2024,1,gru_regressor,1.0,0.31507796
102,2024,2,gru_regressor,2.0,1.0335048
102,2024,3,gru_regressor,1.0,1.0354707
102,2024,4,gru_regressor,0.0,0.6482684
102,2024,5,gru_regressor,0.0,0.55706173
102,2024,6,gru_regressor,1.0,0.35633478
102,2024,7,gru_regressor,2.0,0.26313236
102,2024,8,gru_regressor,2.0,0.27994776
102,2024,9,gru_regressor,0.0,0.24741176
103,2023,12,gru_regressor,0.0,0.17288554
103,2024,1,gru_regressor,0.0,0.12838179
103,2024,2,gru_regressor,0.0,0.11731687
103,2024,3,gru_regressor,0.0,0.22735247
103,2024,4,gru_regressor,0.0,0.14657278
103,2024,5,gru_regressor,0.0,0.1682256
103,2024,6,gru_regressor,0.0,0.1409992
103,2024,7,gru_regressor,0.0,0.10606383
103,2024,8,gru_regressor,0.0,0.08600212
103,2024,9,gru_regressor,0.0,0.08297094
104,2023,12,gru_regressor,0.0,0.18260156
104,2024,1,gru_regressor,0.0,0.12890513
104,2024,2,gru_regressor,0.0,0.11756997
104,2024,3,gru_regressor,0.0,0.23966111
104,2024,4,gru_regressor,0.0,0.14892517
104,2024,5,gru_regressor,0.0,0.1712936
104,2024,6,gru_regressor,0.0,0.14129128
104,2024,7,gru_regressor,0.0,0.11290259
104,2024,8,gru_regressor,0.0,0.09008472
104,2024,9,gru_regressor,0.0,0.08567405
105,2023,12,gru_regressor,0.0,0.23577188
105,2024,1,gru_regressor,0.0,0.11909187
105,2024,2,gru_regressor,1.0,0.13558966
105,2024,3,gru_regressor,0.0,0.76872194
105,2024,4,gru_regressor,0.0,0.16742891
105,2024,5,gru_regressor,0.0,0.24418627
105,2024,6,gru_regressor,0.0,0.12479805
105,2024,7,gru_regressor,0.0,0.13067442
105,2024,8,gru_regressor,0.0,0.09469256
105,2024,9,gru_regressor,0.0,0.07985054
106,2023,12,gru_regressor,0.0,0.25257912
106,2024,1,gru_regressor,0.0,0.12128715
106,2024,2,gru_regressor,1.0,0.13757779
106,2024,3,gru_regressor,0.0,0.8753867
106,2024,4,gru_regressor,0.0,0.17608036
106,2024,5,gru_regressor,0.0,0.25024715
106,2024,6,gru_regressor,0.0,0.1300851
106,2024,7,gru_regressor,0.0,0.12468683
106,2024,8,gru_regressor,0.0,0.089906655
106,2024,9,gru_regressor,0.0,0.0741234
107,2023,12,gru_regressor,1.0,0.68223053
107,2024,1,gru_regressor,0.0,0.5438097
107,2024,2,gru_regressor,2.0,0.80402255
107,2024,3,gru_regressor,2.0,1.7697828
107,2024,4,gru_regressor,0.0,1.5136572
107,2024,5,gru_regressor,3.0,1.9211775
107,2024,6,gru_regressor,2.0,2.131552
107,2024,7,gru_regressor,0.0,2.3829057
107,2024,8,gru_regressor,0.0,2.1503463
107,2024,9,gru_regressor,3.0,2.0310473
108,2023,12,gru_regressor,0.0,0.32424015
108,2024,1,gru_regressor,0.0,0.23516884
108,2024,2,gru_regressor,0.0,0.21537873
108,2024,3,gru_regressor,0.0,0.24619603
108,2024,4,gru_regressor,0.0,0.22183153
108,2024,5,gru_regressor,0.0,0.27438846
108,2024,6,gru_regressor,0.0,0.4622281
108,2024,7,gru_regressor,1.0,0.52486473
108,2024,8,gru_regressor,1.0,0.43193072
108,2024,9,gru_regressor,1.0,0.34471577
109,2023,12,gru_regressor,0.0,0.20889735
109,2024,1,gru_regressor,0.0,0.17981817
109,2024,2,gru_regressor,0.0,0.18372823
109,2024,3,gru_regressor,0.0,0.3379277
109,2024,4,gru_regressor,0.0,0.33353174
109,2024,5,gru_regressor,0.0,0.3542089
109,2024,6,gru_regressor,0.0,0.5648247
109,2024,7,gru_regressor,0.0,0.3942175
109,2024,8,gru_regressor,0.0,0.47635782
109,2024,9,gru_regressor,2.0,0.40788412
110,2023,12,gru_regressor,0.0,0.2685553
110,2024,1,gru_regressor,0.0,0.12836082
110,2024,2,gru_regressor,1.0,0.13054606
110,2024,3,gru_regressor,0.0,0.68968886
110,2024,4,gru_regressor,1.0,0.3525493
110,2024,5,gru_regressor,0.0,0.82815444
110,2024,6,gru_regressor,0.0,0.43525192
110,2024,7,gru_regressor,0.0,0.52482134
110,2024,8,gru_regressor,0.0,0.45439178
110,2024,9,gru_regressor,1.0,0.35987827
111,2023,12,gru_regressor,1.0,0.5687275
111,2024,1,gru_regressor,0.0,0.55184376
111,2024,2,gru_regressor,0.0,1.6098645
111,2024,3,gru_regressor,1.0,0.875314
111,2024,4,gru_regressor,2.0,0.65931356
111,2024,5,gru_regressor,0.0,0.69177186
111,2024,6,gru_regressor,2.0,0.7408226
111,2024,7,gru_regressor,1.0,0.41264638
111,2024,8,gru_regressor,0.0,0.37012315
111,2024,9,gru_regressor,0.0,0.7325629
112,2023,12,gru_regressor,1.0,0.24470311
112,2024,1,gru_regressor,0.0,0.23338555
112,2024,2,gru_regressor,0.0,0.14348798
112,2024,3,gru_regressor,0.0,0.33454823
112,2024,4,gru_regressor,0.0,0.23310752
112,2024,5,gru_regressor,0.0,0.3506171
112,2024,6,gru_regressor,0.0,0.29541326
112,2024,7,gru_regressor,0.0,0.24029328
112,2024,8,gru_regressor,2.0,0.20409867
112,2024,9,gru_regressor,0.0,0.20537229
113,2023,12,gru_regressor,1.0,0.16567239
113,2024,1,gru_regressor,0.0,0.17300224
113,2024,2,gru_regressor,0.0,0.15002449
113,2024,3,gru_regressor,0.0,0.34217265
113,2024,4,gru_regressor,0.0,0.19818065
113,2024,5,gru_regressor,0.0,0.20222604
113,2024,6,gru_regressor,0.0,0.19994809
113,2024,7,gru_regressor,0.0,0.12763587
113,2024,8,gru_regressor,0.0,0.1039412
113,2024,9,gru_regressor,0.0,0.09543966
114,2023,12,gru_regressor,1.0,0.14666942
114,2024,1,gru_regressor,0.0,0.16664346
114,2024,2,gru_regressor,0.0,0.15543088
114,2024,3,gru_regressor,0.0,0.3473358
114,2024,4,gru_regressor,0.0,0.17285578
114,2024,5,gru_regressor,0.0,0.16905293
114,2024,6,gru_regressor,0.0,0.14580081
114,2024,7,gru_regressor,0.0,0.10222468
114,2024,8,gru_regressor,0.0,0.08194473
114,2024,9,gru_regressor,0.0,0.07842678
115,2023,12,gru_regressor,2.0,0.5042905
115,2024,1,gru_regressor,1.0,0.42483246
115,2024,2,gru_regressor,1.0,0.48024487
115,2024,3,gru_regressor,1.0,0.6285242
115,2024,4,gru_regressor,1.0,0.54326403
115,2024,5,gru_regressor,1.0,0.4435209
115,2024,6,gru_regressor,0.0,0.39011252
115,2024,7,gru_regressor,2.0,1.1639361
115,2024,8,gru_regressor,0.0,0.61471766
115,2024,9,gru_regressor,0.0,0.711992
116,2023,12,gru_regressor,0.0,0.34808284
116,2024,1,gru_regressor,0.0,0.14549838
116,2024,2,gru_regressor,2.0,0.12927637
116,2024,3,gru_regressor,0.0,1.3882037
116,2024,4,gru_regressor,0.0,0.5121989
116,2024,5,gru_regressor,2.0,0.3233617
116,2024,6,gru_regressor,0.0,0.28230545
116,2024,7,gru_regressor,0.0,0.2851305
116,2024,8,gru_regressor,0.0,0.41746444
116,2024,9,gru_regressor,0.0,0.14920649
117,2023,12,gru_regressor,0.0,0.4093746
117,2024,1,gru_regressor,0.0,0.15870027
117,2024,2,gru_regressor,2.0,0.13423088
117,2024,3,gru_regressor,0.0,1.3742164
117,2024,4,gru_regressor,0.0,0.52972174
117,2024,5,gru_regressor,2.0,0.34367624
117,2024,6,gru_regressor,0.0,0.31100005
117,2024,7,gru_regressor,0.0,0.36705518
117,2024,8,gru_regressor,0.0,0.61496496
117,2024,9,gru_regressor,0.0,0.21250752
118,2023,12,gru_regressor,0.0,1.1670804
118,2024,1,gru_regressor,1.0,1.2827568
118,2024,2,gru_regressor,1.0,1.5389478
118,2024,3,gru_regressor,0.0,0.90788114
118,2024,4,gru_regressor,1.0,1.4962244
118,2024,5,gru_regressor,2.0,0.80250055
118,2024,6,gru_regressor,2.0,0.6648134
118,2024,7,gru_regressor,1.0,0.70711267
118,2024,8,gru_regressor,0.0,0.6310521
118,2024,9,gru_regressor,0.0,1.564381
119,2023,12,gru_regressor,0.0,1.4749858
119,2024,1,gru_regressor,1.0,0.31918
119,2024,2,gru_regressor,1.0,0.67433274
119,2024,3,gru_regressor,0.0,0.8421929
119,2024,4,gru_regressor,1.0,0.7427875
119,2024,5,gru_regressor,2.0,0.5705871
119,2024,6,gru_regressor,2.0,0.27880737
119,2024,7,gru_regressor,1.0,0.2668451
119,2024,8,gru_regressor,0.0,0.29568326
119,2024,9,gru_regressor,0.0,0.47015244
120,2023,12,gru_regressor,2.0,0.13190895
120,2024,1,gru_regressor,1.0,0.23374358
120,2024,2,gru_regressor,0.0,0.17077951
120,2024,3,gru_regressor,0.0,0.22783905
120,2024,4,gru_regressor,0.0,0.21515766
120,2024,5,gru_regressor,1.0,0.31206483
120,2024,6,gru_regressor,0.0,0.33829448
120,2024,7,gru_regressor,0.0,0.19005539
120,2024,8,gru_regressor,0.0,0.12996791
120,2024,9,gru_regressor,1.0,0.115444176
121,2023,12,gru_regressor,2.0,0.2284885
121,2024,1,gru_regressor,1.0,0.36120737
121,2024,2,gru_regressor,0.0,0.18688044
121,2024,3,gru_regressor,0.0,0.23167357
121,2024,4,gru_regressor,0.0,0.24218649
121,2024,5,gru_regressor,1.0,0.61027724
121,2024,6,gru_regressor,0.0,0.57409966
121,2024,7,gru_regressor,0.0,0.3939705
121,2024,8,gru_regressor,0.0,0.29952663
121,2024,9,gru_regressor,1.0,0.2510299
122,2023,12,gru_regressor,1.0,0.3640782
122,2024,1,gru_regressor,2.0,0.43182862
122,2024,2,gru_regressor,1.0,0.4395053
122,2024,3,gru_regressor,0.0,0.32808855
122,2024,4,gru_regressor,3.0,0.85633695
122,2024,5,gru_regressor,1.0,0.5635182
122,2024,6,gru_regressor,0.0,0.53174084
122,2024,7,gru_regressor,0.0,0.7745152
122,2024,8,gru_regressor,0.0,1.4761932
122,2024,9,gru_regressor,0.0,1.4725473
124,2023,12,gru_regressor,1.0,0.13516754
124,2024,1,gru_regressor,0.0,0.14470473
124,2024,2,gru_regressor,0.0,0.11106418
124,2024,3,gru_regressor,0.0,0.17506374
124,2024,4,gru_regressor,1.0,0.13226199
124,2024,5,gru_regressor,0.0,0.29049987
124,2024,6,gru_regressor,0.0,0.20368245
124,2024,7,gru_regressor,0.0,0.12447307
124,2024,8,gru_regressor,0.0,0.09765722
125,2023,12,gru_regressor,1.0,0.37326872
125,2024,1,gru_regressor,2.0,0.51306415
125,2024,2,gru_regressor,1.0,0.5271032
125,2024,3,gru_regressor,0.0,0.30938435
125,2024,4,gru_regressor,3.0,0.9726573
125,2024,5,gru_regressor,1.0,0.56846046
125,2024,6,gru_regressor,0.0,0.48573634
125,2024,7,gru_regressor,0.0,1.0251935
125,2024,8,gru_regressor,0.0,1.6175921
125,2024,9,gru_regressor,0.0,1.0204349
126,2023,12,gru_regressor,1.0,0.13863876
126,2024,1,gru_regressor,1.0,0.15138185
126,2024,2,gru_regressor,1.0,0.16881156
126,2024,3,gru_regressor,0.0,0.8165182
126,2024,4,gru_regressor,0.0,0.461819
126,2024,5,gru_regressor,0.0,0.42771155
126,2024,6,gru_regressor,0.0,0.4257895
126,2024,7,gru_regressor,1.0,0.28671283
126,2024,8,gru_regressor,0.0,0.22275488
126,2024,9,gru_regressor,1.0,0.14548907
127,2023,12,gru_regressor,1.0,0.62177414
127,2024,1,gru_regressor,0.0,0.26910147
127,2024,2,gru_regressor,0.0,0.16169088
127,2024,3,gru_regressor,0.0,0.28808293
127,2024,4,gru_regressor,2.0,0.24014944
127,2024,5,gru_regressor,0.0,1.0427325
127,2024,6,gru_regressor,1.0,0.39943084
127,2024,7,gru_regressor,0.0,0.36988539
127,2024,8,gru_regressor,2.0,0.37043998
127,2024,9,gru_regressor,0.0,0.32704023
128,2023,12,gru_regressor,0.0,0.13156985
128,2024,1,gru_regressor,0.0,0.11681406
128,2024,2,gru_regressor,0.0,0.11531339
128,2024,3,gru_regressor,0.0,0.29127657
128,2024,4,gru_regressor,0.0,0.15216056
128,2024,5,gru_regressor,0.0,0.21034256
128,2024,6,gru_regressor,1.0,0.16201824
128,2024,7,gru_regressor,0.0,0.20211099
128,2024,8,gru_regressor,0.0,0.14313707
128,2024,9,gru_regressor,0.0,0.13465124
129,2023,12,gru_regressor,0.0,0.13168885
129,2024,1,gru_regressor,0.0,0.113404416
129,2024,2,gru_regressor,0.0,0.107283875
129,2024,3,gru_regressor,0.0,0.24378322
129,2024,4,gru_regressor,0.0,0.14333203
129,2024,5,gru_regressor,0.0,0.18195388
129,2024,6,gru_regressor,1.0,0.14957404
129,2024,7,gru_regressor,0.0,0.18554537
129,2024,8,gru_regressor,0.0,0.12669523
129,2024,9,gru_regressor,0.0,0.1505527
131,2023,12,gru_regressor,0.0,0.17395735
131,2024,1,gru_regressor,0.0,0.12377347
131,2024,2,gru_regressor,0.0,0.1347022
131,2024,3,gru_regressor,0.0,0.22949621
131,2024,4,gru_regressor,0.0,0.15556832
131,2024,5,gru_regressor,0.0,0.19349888
131,2024,6,gru_regressor,1.0,0.20398395
131,2024,7,gru_regressor,0.0,0.20025003
131,2024,8,gru_regressor,0.0,0.15262368
131,2024,9,gru_regressor,0.0,0.13856627
132,2023,12,gru_regressor,0.0,0.14449805
132,2024,1,gru_regressor,0.0,0.12784056
132,2024,2,gru_regressor,0.0,0.11681943
132,2024,3,gru_regressor,0.0,0.21862902
132,2024,4,gru_regressor,0.0,0.14656992
132,2024,5,gru_regressor,0.0,0.15784775
132,2024,6,gru_regressor,0.0,0.14481103
132,2024,7,gru_regressor,0.0,0.10921373
132,2024,8,gru_regressor,0.0,0.09027391
132,2024,9,gru_regressor,0.0,0.08758966
133,2023,12,gru_regressor,0.0,0.131896
133,2024,1,gru_regressor,0.0,0.12636012
133,2024,2,gru_regressor,0.0,0.124143876
133,2024,3,gru_regressor,0.0,0.32407862
133,2024,4,gru_regressor,0.0,0.17026685
133,2024,5,gru_regressor,0.0,0.212731
133,2024,6,gru_regressor,0.0,0.17278753
133,2024,7,gru_regressor,0.0,0.13663483
133,2024,8,gru_regressor,0.0,0.10795147
133,2024,9,gru_regressor,0.0,0.10278658
134,2023,12,gru_regressor,0.0,0.22980817
134,2024,1,gru_regressor,0.0,0.13790777
134,2024,2,gru_regressor,0.0,0.121531874
134,2024,3,gru_regressor,0.0,0.29664278
134,2024,4,gru_regressor,0.0,0.21332872
134,2024,5,gru_regressor,0.0,0.22820537
134,2024,6,gru_regressor,0.0,0.20805545
134,2024,7,gru_regressor,0.0,0.18235052
134,2024,8,gru_regressor,0.0,0.1489524
134,2024,9,gru_regressor,0.0,0.1370722
135,2023,12,gru_regressor,0.0,0.15369631
135,2024,1,gru_regressor,0.0,0.12779686
135,2024,2,gru_regressor,0.0,0.12604144
135,2024,3,gru_regressor,0.0,0.47553492
135,2024,4,gru_regressor,0.0,0.21654032
135,2024,5,gru_regressor,0.0,0.38570562
135,2024,6,gru_regressor,0.0,0.22495767
135,2024,7,gru_regressor,0.0,0.21169837
135,2024,8,gru_regressor,0.0,0.1573475
135,2024,9,gru_regressor,0.0,0.14862664
136,2023,12,gru_regressor,0.0,0.3310733
136,2024,1,gru_regressor,0.0,0.1400768
136,2024,2,gru_regressor,1.0,0.13310888
136,2024,3,gru_regressor,0.0,0.7871538
136,2024,4,gru_regressor,0.0,0.3280583
136,2024,5,gru_regressor,0.0,0.26281253
136,2024,6,gru_regressor,0.0,0.18155426
136,2024,7,gru_regressor,0.0,0.15111949
136,2024,8,gru_regressor,0.0,0.14213559
136,2024,9,gru_regressor,2.0,0.09457162
137,2023,12,gru_regressor,2.0,0.3844939
137,2024,1,gru_regressor,1.0,0.6276601
137,2024,2,gru_regressor,1.0,1.590136
137,2024,3,gru_regressor,0.0,1.1428152
137,2024,4,gru_regressor,1.0,1.5061743
137,2024,5,gru_regressor,1.0,1.1178238
137,2024,6,gru_regressor,0.0,0.7631277
137,2024,7,gru_regressor,0.0,1.1233641
137,2024,8,gru_regressor,0.0,1.6778169
137,2024,9,gru_regressor,2.0,0.8258957
138,2023,12,gru_regressor,2.0,0.30949083
138,2024,1,gru_regressor,1.0,0.32056722
138,2024,2,gru_regressor,1.0,0.4556068
138,2024,3,gru_regressor,1.0,1.1223474
138,2024,4,gru_regressor,1.0,2.364038
138,2024,5,gru_regressor,1.0,2.848203
138,2024,6,gru_regressor,0.0,1.8843687
138,2024,7,gru_regressor,0.0,2.4761512
138,2024,8,gru_regressor,0.0,1.4480556
138,2024,9,gru_regressor,1.0,0.74890405
139,2023,12,gru_regressor,0.0,0.15046817
139,2024,1,gru_regressor,0.0,0.10510341
139,2024,2,gru_regressor,0.0,0.11939755
139,2024,3,gru_regressor,0.0,0.23609163
139,2024,4,gru_regressor,0.0,0.15722735
139,2024,5,gru_regressor,1.0,0.21639773
139,2024,6,gru_regressor,0.0,0.25220743
139,2024,7,gru_regressor,1.0,0.20503214
139,2024,8,gru_regressor,0.0,0.248538
139,2024,9,gru_regressor,0.0,0.18773776
140,2023,12,gru_regressor,0.0,0.32972884
140,2024,1,gru_regressor,2.0,0.21281847
140,2024,2,gru_regressor,0.0,0.43370014
140,2024,3,gru_regressor,1.0,1.0455474
140,2024,4,gru_regressor,0.0,0.9847937
140,2024,5,gru_regressor,3.0,0.94610137
140,2024,6,gru_regressor,0.0,0.856978
140,2024,7,gru_regressor,3.0,1.5076251
140,2024,8,gru_regressor,0.0,0.3492545
140,2024,9,gru_regressor,4.0,0.66352123
143,2024,6,gru_regressor,0.0,1.246317
143,2024,7,gru_regressor,0.0,1.6702082
143,2024,8,gru_regressor,0.0,1.2108998
143,2024,9,gru_regressor,6.0,1.2116585
