site_id,year,month,target_crash_happened_next_quarter_500m,model,predicted_label,predicted_probability
1,2023,8,1,logistic_regression,0,0.35501046298859196
1,2023,9,1,logistic_regression,0,0.38528484173721866
1,2023,10,1,logistic_regression,1,0.5781811955316966
1,2023,11,1,logistic_regression,1,0.6485708065045598
1,2023,12,0,logistic_regression,1,0.7697722076320881
1,2024,1,1,logistic_regression,1,0.5269639156885606
1,2024,2,1,logistic_regression,1,0.7202291382174257
1,2024,3,1,logistic_regression,1,0.7222864479719261
1,2024,4,1,logistic_regression,1,0.8339011345049748
1,2024,5,1,logistic_regression,1,0.8949602971488904
1,2024,6,1,logistic_regression,1,0.8120965308630842
2,2023,8,1,logistic_regression,1,0.6893943932782041
2,2023,9,1,logistic_regression,1,0.7495075365519064
2,2023,10,1,logistic_regression,1,0.8603266806189949
2,2023,11,0,logistic_regression,1,0.9188681515576881
2,2023,12,1,logistic_regression,1,0.9247448065715967
2,2024,1,1,logistic_regression,1,0.7825922649397111
2,2024,2,1,logistic_regression,1,0.8733617481218773
2,2024,3,1,logistic_regression,1,0.9110629827961029
2,2024,4,1,logistic_regression,1,0.9300863764455876
2,2024,5,0,logistic_regression,1,0.9560352451123303
2,2024,6,0,logistic_regression,1,0.8944584170398868
3,2023,8,1,logistic_regression,1,0.8034325083982716
3,2023,9,1,logistic_regression,1,0.8382774468273654
3,2023,10,1,logistic_regression,1,0.8796773793317585
3,2023,11,0,logistic_regression,1,0.8860101951199266
3,2023,12,1,logistic_regression,1,0.9414151178853091
3,2024,1,1,logistic_regression,1,0.8526035953635472
3,2024,2,1,logistic_regression,1,0.924755332421006
3,2024,3,1,logistic_regression,1,0.9525199694890202
3,2024,4,1,logistic_regression,1,0.932080733210416
3,2024,5,0,logistic_regression,1,0.9748940979358963
3,2024,6,0,logistic_regression,1,0.9216002369578445
4,2023,8,1,logistic_regression,0,0.4265177550891955
4,2023,9,1,logistic_regression,0,0.38089875604753753
4,2023,10,1,logistic_regression,1,0.5540827071123406
4,2023,11,0,logistic_regression,1,0.6625994846054224
4,2023,12,1,logistic_regression,1,0.5820204399464505
4,2024,1,1,logistic_regression,1,0.5595532018737795
4,2024,2,1,logistic_regression,1,0.7059492147378916
4,2024,3,1,logistic_regression,1,0.7507810249069653
4,2024,4,1,logistic_regression,1,0.6830239306052972
4,2024,5,1,logistic_regression,1,0.8215106782313097
4,2024,6,0,logistic_regression,1,0.6844975703351761
5,2023,8,1,logistic_regression,0,0.43960052862377674
5,2023,9,1,logistic_regression,0,0.38993577163178106
5,2023,10,1,logistic_regression,1,0.5584418721514047
5,2023,11,0,logistic_regression,1,0.669027181323299
5,2023,12,1,logistic_regression,1,0.5956660272255392
5,2024,1,1,logistic_regression,1,0.5544206653355197
5,2024,2,1,logistic_regression,1,0.712995220384395
5,2024,3,1,logistic_regression,1,0.7613622413385056
5,2024,4,1,logistic_regression,1,0.6817999629469835
5,2024,5,1,logistic_regression,1,0.8179469962823502
5,2024,6,0,logistic_regression,1,0.6901834891535062
6,2023,8,0,logistic_regression,1,0.5115504398469676
6,2023,9,1,logistic_regression,1,0.5948630957297389
6,2023,10,1,logistic_regression,1,0.7092319232502132
6,2023,11,1,logistic_regression,1,0.7510218261907512
6,2023,12,1,logistic_regression,1,0.8718216590459443
6,2024,1,1,logistic_regression,1,0.7037450163966567
6,2024,2,1,logistic_regression,1,0.7636123198775395
6,2024,3,1,logistic_regression,1,0.8777342543928305
6,2024,4,1,logistic_regression,1,0.9123468419032021
6,2024,5,1,logistic_regression,1,0.9364923779510864
6,2024,6,1,logistic_regression,1,0.8906756765690668
7,2023,8,0,logistic_regression,1,0.667833774731927
7,2023,9,1,logistic_regression,1,0.7069195807786013
7,2023,10,1,logistic_regression,1,0.7330018982445516
7,2023,11,1,logistic_regression,1,0.768902046251165
7,2023,12,1,logistic_regression,1,0.8989044752934192
7,2024,1,1,logistic_regression,1,0.7910124411531981
7,2024,2,1,logistic_regression,0,0.2723268800510086
7,2024,3,1,logistic_regression,1,0.9499167870139889
7,2024,4,1,logistic_regression,1,0.9252296790700997
7,2024,5,1,logistic_regression,1,0.9866647170065598
7,2024,6,1,logistic_regression,1,0.9364447924509666
8,2023,8,1,logistic_regression,0,0.29749054682990245
8,2023,9,1,logistic_regression,0,0.3522773317085269
8,2023,10,1,logistic_regression,0,0.31427501022522863
8,2023,11,0,logistic_regression,1,0.5166277901486467
8,2023,12,0,logistic_regression,1,0.5484257975117638
8,2024,1,1,logistic_regression,0,0.4328650536286486
8,2024,2,1,logistic_regression,1,0.6064442566571256
8,2024,3,1,logistic_regression,1,0.6222468487658102
8,2024,4,1,logistic_regression,1,0.7277908221816367
8,2024,5,1,logistic_regression,1,0.7917965831521697
8,2024,6,0,logistic_regression,1,0.7330661236101131
9,2023,8,1,logistic_regression,0,0.20739543128124013
9,2023,9,0,logistic_regression,0,0.2901835694877663
9,2023,10,0,logistic_regression,0,0.4013155108272176
9,2023,11,1,logistic_regression,1,0.5056067846614053
9,2023,12,1,logistic_regression,1,0.5214532297467077
9,2024,1,1,logistic_regression,0,0.3197049559315507
9,2024,2,1,logistic_regression,1,0.5901541029539749
9,2024,3,1,logistic_regression,1,0.5526450672749802
9,2024,4,0,logistic_regression,1,0.7617948902627099
9,2024,5,0,logistic_regression,1,0.7456955084740235
9,2024,6,0,logistic_regression,1,0.6160482775516135
10,2023,8,1,logistic_regression,0,0.2367183207782733
10,2023,9,1,logistic_regression,0,0.3668987747072658
10,2023,10,1,logistic_regression,0,0.37473245441208064
10,2023,11,1,logistic_regression,1,0.5746672378599756
10,2023,12,0,logistic_regression,1,0.7310805859218767
10,2024,1,0,logistic_regression,0,0.4414519198391531
10,2024,2,0,logistic_regression,1,0.6305357825138298
10,2024,3,0,logistic_regression,1,0.618869561439157
10,2024,4,1,logistic_regression,1,0.6638526213088866
10,2024,5,1,logistic_regression,1,0.7595525352884687
10,2024,6,1,logistic_regression,1,0.7222614150807704
11,2023,8,1,logistic_regression,0,0.2344311212895139
11,2023,9,1,logistic_regression,0,0.34503832710380244
11,2023,10,1,logistic_regression,0,0.39149357284665326
11,2023,11,1,logistic_regression,1,0.5775436272377259
11,2023,12,1,logistic_regression,1,0.7522141298946085
11,2024,1,1,logistic_regression,1,0.534649989315554
11,2024,2,1,logistic_regression,1,0.6102855279420478
11,2024,3,0,logistic_regression,1,0.7528061078172698
11,2024,4,1,logistic_regression,1,0.7283268884851971
11,2024,5,1,logistic_regression,1,0.8241988879340211
11,2024,6,1,logistic_regression,1,0.7838016471299163
13,2023,8,1,logistic_regression,1,0.5494056703202849
13,2023,9,1,logistic_regression,1,0.5797508596039112
13,2023,10,1,logistic_regression,1,0.7816974871697203
13,2023,11,1,logistic_regression,1,0.8125622035590887
13,2023,12,1,logistic_regression,1,0.861867025265214
13,2024,1,1,logistic_regression,1,0.5868052590183601
13,2024,2,1,logistic_regression,1,0.8677070093972462
13,2024,3,1,logistic_regression,1,0.902155668186197
13,2024,4,1,logistic_regression,1,0.941451907486371
13,2024,5,1,logistic_regression,1,0.9373240938844037
13,2024,6,0,logistic_regression,1,0.9152812653217836
14,2023,8,1,logistic_regression,0,0.34107295567854756
14,2023,9,1,logistic_regression,0,0.41393400317033346
14,2023,10,1,logistic_regression,1,0.500514313931673
14,2023,11,1,logistic_regression,1,0.6202690171869211
14,2023,12,1,logistic_regression,1,0.8725070286503593
14,2024,1,1,logistic_regression,1,0.6404961921974529
14,2024,2,1,logistic_regression,1,0.7675613626554276
14,2024,3,1,logistic_regression,1,0.8336303192030454
14,2024,4,1,logistic_regression,1,0.8170848701345053
14,2024,5,1,logistic_regression,1,0.8685314488979654
14,2024,6,1,logistic_regression,1,0.6232217958542137
15,2023,8,1,logistic_regression,1,0.7950777950423182
15,2023,9,1,logistic_regression,1,0.8139034780758058
15,2023,10,1,logistic_regression,1,0.9154154634941619
15,2023,11,1,logistic_regression,1,0.9132178790931419
15,2023,12,1,logistic_regression,1,0.9104383801367375
15,2024,1,1,logistic_regression,1,0.7606521319816081
15,2024,2,1,logistic_regression,1,0.9180871931630568
15,2024,3,1,logistic_regression,1,0.9120937960348324
15,2024,4,1,logistic_regression,1,0.9802388866182751
15,2024,5,1,logistic_regression,1,0.9796671959373743
15,2024,6,1,logistic_regression,1,0.9794025672317411
16,2023,8,1,logistic_regression,1,0.8763436166727332
16,2023,9,1,logistic_regression,1,0.8845779516299648
16,2023,10,1,logistic_regression,1,0.9276995535143415
16,2023,11,1,logistic_regression,1,0.9504741744498356
16,2023,12,1,logistic_regression,1,0.9633247401955504
16,2024,1,1,logistic_regression,1,0.9367832201886332
16,2024,2,1,logistic_regression,1,0.9821741784693
16,2024,3,1,logistic_regression,1,0.9803027124715629
16,2024,4,1,logistic_regression,1,0.9869604024930125
16,2024,5,1,logistic_regression,1,0.9949018672004015
16,2024,6,1,logistic_regression,1,0.9858430738473184
17,2023,8,1,logistic_regression,1,0.8411118765364656
17,2023,9,1,logistic_regression,1,0.8303253809743101
17,2023,10,1,logistic_regression,1,0.9455388555544498
17,2023,11,1,logistic_regression,1,0.9635596364715594
17,2023,12,1,logistic_regression,1,0.9457411064314095
17,2024,1,1,logistic_regression,1,0.920208887513354
17,2024,2,1,logistic_regression,1,0.974668839818306
17,2024,3,1,logistic_regression,1,0.9729119448950314
17,2024,4,1,logistic_regression,1,0.9887707975615068
17,2024,5,1,logistic_regression,1,0.9907144129960839
17,2024,6,1,logistic_regression,1,0.9864737275382861
18,2023,8,1,logistic_regression,1,0.8082903939358612
18,2023,9,1,logistic_regression,1,0.8272744249881395
18,2023,10,1,logistic_regression,1,0.9165343849292904
18,2023,11,1,logistic_regression,1,0.9211503281074039
18,2023,12,1,logistic_regression,1,0.8984457589695161
18,2024,1,1,logistic_regression,1,0.7744774865660385
18,2024,2,1,logistic_regression,1,0.9245418818485873
18,2024,3,1,logistic_regression,1,0.9249704500022964
18,2024,4,1,logistic_regression,1,0.9805934370482785
18,2024,5,1,logistic_regression,1,0.9822707246575709
18,2024,6,1,logistic_regression,1,0.9824870643843774
19,2023,8,1,logistic_regression,0,0.21884321980139174
19,2023,9,1,logistic_regression,0,0.31658469490990093
19,2023,10,1,logistic_regression,0,0.36004663562198286
19,2023,11,1,logistic_regression,1,0.5432690040439931
19,2023,12,1,logistic_regression,1,0.7030137841301145
19,2024,1,1,logistic_regression,0,0.4220106567731145
19,2024,2,1,logistic_regression,1,0.6265338690986341
19,2024,3,0,logistic_regression,1,0.7195188004662211
19,2024,4,1,logistic_regression,1,0.7032057582627924
19,2024,5,1,logistic_regression,1,0.8008934690251363
19,2024,6,1,logistic_regression,1,0.7743844318453776
20,2023,8,0,logistic_regression,0,0.4540813298005273
20,2023,9,1,logistic_regression,0,0.38803030021278617
20,2023,10,1,logistic_regression,1,0.5437232845154782
20,2023,11,1,logistic_regression,1,0.691566772015727
20,2023,12,0,logistic_regression,1,0.7977840143502335
20,2024,1,0,logistic_regression,0,0.4722391813616409
20,2024,2,0,logistic_regression,1,0.7228052618773876
20,2024,3,0,logistic_regression,1,0.7805512052620198
20,2024,4,0,logistic_regression,1,0.8357912828506628
20,2024,5,0,logistic_regression,0,0.4325825021503825
20,2024,6,0,logistic_regression,1,0.9183243748555792
21,2023,8,0,logistic_regression,0,0.21256418263041776
21,2023,9,0,logistic_regression,0,0.2846604198727997
21,2023,10,0,logistic_regression,0,0.36852114560574106
21,2023,11,0,logistic_regression,1,0.5377227980245928
21,2023,12,0,logistic_regression,1,0.6893986035017179
21,2024,1,0,logistic_regression,0,0.49010116082754984
21,2024,2,0,logistic_regression,1,0.5976159838088887
21,2024,3,0,logistic_regression,1,0.6254931709729354
21,2024,4,0,logistic_regression,1,0.6530481654851438
21,2024,5,0,logistic_regression,1,0.7279717770530792
21,2024,6,1,logistic_regression,1,0.5777363760110017
22,2023,8,1,logistic_regression,0,0.4725360840205065
22,2023,9,1,logistic_regression,0,0.3750982181056087
22,2023,10,1,logistic_regression,1,0.6166432181938459
22,2023,11,1,logistic_regression,1,0.7424784893585247
22,2023,12,1,logistic_regression,1,0.8498423539516231
22,2024,1,1,logistic_regression,1,0.7124102253500341
22,2024,2,1,logistic_regression,1,0.7807345423798646
22,2024,3,1,logistic_regression,1,0.8902800074177201
22,2024,4,1,logistic_regression,1,0.9429496676151334
22,2024,5,1,logistic_regression,1,0.9480690937380237
22,2024,6,1,logistic_regression,1,0.9183651119788779
23,2023,8,1,logistic_regression,1,0.610664704361328
23,2023,9,1,logistic_regression,1,0.6213769911870632
23,2023,10,1,logistic_regression,1,0.7748430116930283
23,2023,11,1,logistic_regression,1,0.84426051032111
23,2023,12,1,logistic_regression,1,0.891241981848713
23,2024,1,1,logistic_regression,1,0.8148621266611848
23,2024,2,1,logistic_regression,1,0.9117136930323636
23,2024,3,1,logistic_regression,1,0.9288319906758377
23,2024,4,1,logistic_regression,1,0.9538421244956838
23,2024,5,1,logistic_regression,1,0.9651684065768392
23,2024,6,1,logistic_regression,1,0.950810651660252
24,2023,8,1,logistic_regression,1,0.5316579936034158
24,2023,9,1,logistic_regression,0,0.46152182143137654
24,2023,10,1,logistic_regression,1,0.6581176503478249
24,2023,11,1,logistic_regression,1,0.7769609908972258
24,2023,12,1,logistic_regression,1,0.8734938838743144
24,2024,1,1,logistic_regression,1,0.7687576731513068
24,2024,2,1,logistic_regression,1,0.8088483866888204
24,2024,3,1,logistic_regression,1,0.905502539633095
24,2024,4,1,logistic_regression,1,0.939659119436845
24,2024,5,1,logistic_regression,1,0.9542500976820463
24,2024,6,1,logistic_regression,1,0.9264850576568895
25,2023,8,1,logistic_regression,1,0.6713770016012758
25,2023,9,1,logistic_regression,1,0.789588189150985
25,2023,10,1,logistic_regression,1,0.8478385129631313
25,2023,11,1,logistic_regression,1,0.8960113503351033
25,2023,12,1,logistic_regression,1,0.8866587783437532
25,2024,1,1,logistic_regression,1,0.8965181720697553
25,2024,2,1,logistic_regression,1,0.9365290879782007
25,2024,3,1,logistic_regression,1,0.9041687042517452
25,2024,4,1,logistic_regression,1,0.9473176802378334
25,2024,5,1,logistic_regression,1,0.9729597606344706
25,2024,6,1,logistic_regression,1,0.937027673928173
26,2023,8,1,logistic_regression,0,0.34309011795268407
26,2023,9,1,logistic_regression,0,0.471212964831475
26,2023,10,1,logistic_regression,1,0.6183470291714276
26,2023,11,1,logistic_regression,1,0.6213208639583374
26,2023,12,1,logistic_regression,1,0.812541228159041
26,2024,1,0,logistic_regression,1,0.7379978744910934
26,2024,2,0,logistic_regression,1,0.8169566631023294
26,2024,3,1,logistic_regression,1,0.8182968092137854
26,2024,4,1,logistic_regression,1,0.8546403788023421
26,2024,5,1,logistic_regression,1,0.883688913974269
26,2024,6,1,logistic_regression,1,0.8885729095247806
27,2023,8,1,logistic_regression,0,0.48421454457448865
27,2023,9,1,logistic_regression,0,0.44826197218350744
27,2023,10,1,logistic_regression,1,0.6130402663648967
27,2023,11,1,logistic_regression,1,0.7190864111377906
27,2023,12,1,logistic_regression,1,0.8307048955277977
27,2024,1,0,logistic_regression,1,0.6574840489089491
27,2024,2,1,logistic_regression,1,0.7537568976937773
27,2024,3,1,logistic_regression,1,0.8131365343611077
27,2024,4,1,logistic_regression,1,0.8335852696287426
27,2024,5,0,logistic_regression,1,0.9186629419047807
27,2024,6,1,logistic_regression,1,0.8656854382788723
28,2023,8,0,logistic_regression,0,0.10749295792464299
28,2023,9,0,logistic_regression,0,0.18656842163351248
28,2023,10,0,logistic_regression,0,0.2506174424325023
28,2023,11,0,logistic_regression,0,0.33813311316900574
28,2023,12,0,logistic_regression,1,0.6054282797958929
28,2024,1,0,logistic_regression,0,0.30294737630060414
28,2024,2,0,logistic_regression,0,0.4401465620401532
28,2024,3,0,logistic_regression,0,0.46285038873228906
28,2024,4,0,logistic_regression,1,0.5680482843799456
28,2024,5,1,logistic_regression,1,0.5949941679223377
28,2024,6,1,logistic_regression,0,0.4542171366491743
29,2023,8,0,logistic_regression,0,0.17643159757361945
29,2023,9,0,logistic_regression,0,0.22262316033738277
29,2023,10,0,logistic_regression,0,0.3225450926415408
29,2023,11,1,logistic_regression,0,0.4715808227750633
29,2023,12,1,logistic_regression,1,0.6922363039291849
29,2024,1,1,logistic_regression,0,0.42969600146477677
29,2024,2,0,logistic_regression,1,0.6321562746769588
29,2024,3,0,logistic_regression,1,0.531816363690249
29,2024,4,0,logistic_regression,1,0.681860507176842
29,2024,5,0,logistic_regression,1,0.7345017400839672
29,2024,6,0,logistic_regression,1,0.5391828573767791
30,2023,8,1,logistic_regression,0,0.158545393270894
30,2023,9,1,logistic_regression,0,0.2432003165382497
30,2023,10,0,logistic_regression,0,0.43441644632198634
30,2023,11,0,logistic_regression,1,0.5315512335518234
30,2023,12,0,logistic_regression,1,0.5789490440720185
30,2024,1,0,logistic_regression,0,0.4021880119829302
30,2024,2,0,logistic_regression,0,0.4852374629277732
30,2024,3,0,logistic_regression,1,0.5374821725889989
30,2024,4,0,logistic_regression,1,0.6160195423345622
30,2024,5,0,logistic_regression,1,0.6508054711417136
30,2024,6,0,logistic_regression,1,0.5046267027543412
31,2023,8,1,logistic_regression,0,0.21071435349972947
31,2023,9,1,logistic_regression,0,0.3545303187800273
31,2023,10,0,logistic_regression,0,0.3911593257189821
31,2023,11,0,logistic_regression,0,0.4977956860229324
31,2023,12,0,logistic_regression,1,0.6298360960319924
31,2024,1,0,logistic_regression,0,0.47134360307068573
31,2024,2,0,logistic_regression,1,0.5769268982505024
31,2024,3,0,logistic_regression,1,0.6430187161111176
31,2024,4,0,logistic_regression,1,0.6068646677901584
31,2024,5,0,logistic_regression,1,0.7401923426102233
31,2024,6,0,logistic_regression,1,0.5637552553080522
32,2023,8,0,logistic_regression,0,0.08318480339513168
32,2023,9,0,logistic_regression,0,0.1077570093863773
32,2023,10,0,logistic_regression,0,0.15781299036124286
32,2023,11,0,logistic_regression,0,0.2698778396491779
32,2023,12,0,logistic_regression,0,0.34165763825460976
32,2024,1,0,logistic_regression,0,0.21935321706510938
32,2024,2,0,logistic_regression,0,0.30341291224214556
32,2024,3,0,logistic_regression,0,0.33845329798675416
32,2024,4,0,logistic_regression,0,0.43944803074091354
32,2024,5,0,logistic_regression,0,0.4739436922569891
32,2024,6,0,logistic_regression,0,0.32889894151616317
33,2023,8,0,logistic_regression,0,0.14384530598480508
33,2023,9,0,logistic_regression,0,0.15692582873600208
33,2023,10,0,logistic_regression,0,0.19059480533111864
33,2023,11,0,logistic_regression,0,0.3063397436985911
33,2023,12,0,logistic_regression,0,0.36918767256263446
33,2024,1,0,logistic_regression,0,0.2425123681400178
33,2024,2,0,logistic_regression,0,0.3917835236218477
33,2024,3,0,logistic_regression,0,0.4420740623714657
33,2024,4,0,logistic_regression,1,0.5128400979252785
33,2024,5,0,logistic_regression,1,0.6178782990709958
33,2024,6,0,logistic_regression,0,0.4467500806789244
34,2023,8,0,logistic_regression,0,0.08201909510675374
34,2023,9,0,logistic_regression,0,0.13166117109542896
34,2023,10,0,logistic_regression,0,0.22798269474941416
34,2023,11,0,logistic_regression,0,0.3064130349941694
34,2023,12,0,logistic_regression,1,0.5710289426928346
34,2024,1,0,logistic_regression,0,0.2829306450563187
34,2024,2,0,logistic_regression,0,0.3771863726747548
34,2024,3,0,logistic_regression,0,0.38040966028505546
34,2024,4,0,logistic_regression,0,0.47767517041587854
34,2024,5,1,logistic_regression,1,0.5374861079801783
34,2024,6,1,logistic_regression,0,0.3783169954616664
35,2023,8,0,logistic_regression,0,0.17627648763714227
35,2023,9,0,logistic_regression,0,0.2499430553442916
35,2023,10,0,logistic_regression,0,0.27638840849324997
35,2023,11,0,logistic_regression,0,0.4687736900786019
35,2023,12,0,logistic_regression,1,0.6487572455496671
35,2024,1,0,logistic_regression,0,0.37214810020448497
35,2024,2,0,logistic_regression,1,0.5063586746944929
35,2024,3,0,logistic_regression,1,0.5573357201147305
35,2024,4,0,logistic_regression,1,0.5430313355185042
35,2024,5,0,logistic_regression,1,0.665555093401077
35,2024,6,0,logistic_regression,0,0.49174940464801203
36,2023,8,0,logistic_regression,0,0.13990975991369073
36,2023,9,0,logistic_regression,0,0.19850539332534894
36,2023,10,0,logistic_regression,0,0.2493503335556965
36,2023,11,0,logistic_regression,0,0.4292700652660469
36,2023,12,0,logistic_regression,1,0.5578210147766499
36,2024,1,0,logistic_regression,0,0.3038315652062869
36,2024,2,0,logistic_regression,0,0.40451860468065726
36,2024,3,0,logistic_regression,0,0.43887170448581087
36,2024,4,0,logistic_regression,0,0.4697344243135463
36,2024,5,0,logistic_regression,1,0.5735140969580085
36,2024,6,0,logistic_regression,0,0.43465058541845913
37,2023,8,0,logistic_regression,0,0.2879229048784605
37,2023,9,0,logistic_regression,0,0.28246810545141127
37,2023,10,0,logistic_regression,0,0.34169536169910975
37,2023,11,1,logistic_regression,0,0.4248571849110284
37,2023,12,1,logistic_regression,1,0.5786441226058926
37,2024,1,1,logistic_regression,0,0.4146868143016292
37,2024,2,1,logistic_regression,1,0.6534667013616985
37,2024,3,1,logistic_regression,1,0.62144090398902
37,2024,4,1,logistic_regression,1,0.6587625020698182
37,2024,5,0,logistic_regression,1,0.8557268262878398
37,2024,6,0,logistic_regression,1,0.6533102127823734
38,2023,8,0,logistic_regression,0,0.17426284381344714
38,2023,9,0,logistic_regression,0,0.17403363490866763
38,2023,10,0,logistic_regression,0,0.28210380423869724
38,2023,11,1,logistic_regression,0,0.3342009970699065
38,2023,12,1,logistic_regression,0,0.3898398776038907
38,2024,1,1,logistic_regression,0,0.27518503837638336
38,2024,2,1,logistic_regression,0,0.4906182655180951
38,2024,3,1,logistic_regression,0,0.395511916569078
38,2024,4,1,logistic_regression,1,0.5630314910627688
38,2024,5,0,logistic_regression,1,0.7217195013121032
38,2024,6,0,logistic_regression,1,0.5267193943130031
39,2023,8,0,logistic_regression,0,0.14249702862235153
39,2023,9,0,logistic_regression,0,0.1851103534673673
39,2023,10,0,logistic_regression,0,0.2020203679558773
39,2023,11,0,logistic_regression,0,0.3205137846979014
39,2023,12,0,logistic_regression,0,0.4169906638160423
39,2024,1,0,logistic_regression,0,0.2823088798208662
39,2024,2,0,logistic_regression,0,0.34398526297597115
39,2024,3,0,logistic_regression,0,0.39195172009794554
39,2024,4,0,logistic_regression,0,0.42140008479298235
39,2024,5,0,logistic_regression,1,0.5263949505765921
39,2024,6,0,logistic_regression,0,0.35491678443931707
40,2023,8,0,logistic_regression,0,0.120584907592475
40,2023,9,0,logistic_regression,0,0.1592272812475724
40,2023,10,0,logistic_regression,0,0.18580989289508587
40,2023,11,0,logistic_regression,0,0.30369707508230565
40,2023,12,0,logistic_regression,0,0.40888769752677645
40,2024,1,0,logistic_regression,0,0.28298174384656893
40,2024,2,0,logistic_regression,0,0.3370441800422229
40,2024,3,0,logistic_regression,0,0.38563507289060034
40,2024,4,0,logistic_regression,0,0.42133871721856614
40,2024,5,0,logistic_regression,1,0.5392653378838275
40,2024,6,0,logistic_regression,0,0.35543945695588225
41,2023,8,1,logistic_regression,1,0.8161455393597086
41,2023,9,1,logistic_regression,1,0.8393338714899874
41,2023,10,1,logistic_regression,1,0.8924290522867244
41,2023,11,1,logistic_regression,1,0.9201572260023646
41,2023,12,1,logistic_regression,1,0.8752131171746526
41,2024,1,1,logistic_regression,1,0.5328359255976599
41,2024,2,1,logistic_regression,1,0.9462164847606445
41,2024,3,1,logistic_regression,1,0.9317614798677805
41,2024,4,1,logistic_regression,1,0.9752175648060529
41,2024,5,1,logistic_regression,1,0.9770945532432016
41,2024,6,0,logistic_regression,1,0.974471482519533
42,2023,8,1,logistic_regression,1,0.8056186801041494
42,2023,9,1,logistic_regression,1,0.8301190602784059
42,2023,10,1,logistic_regression,1,0.8880234801910128
42,2023,11,1,logistic_regression,1,0.914860073220703
42,2023,12,1,logistic_regression,1,0.9351097347227095
42,2024,1,1,logistic_regression,1,0.8550842585432543
42,2024,2,1,logistic_regression,1,0.9555675454101991
42,2024,3,1,logistic_regression,1,0.9231287704781119
42,2024,4,1,logistic_regression,1,0.9572755202539418
42,2024,5,1,logistic_regression,1,0.9743791469135032
42,2024,6,0,logistic_regression,1,0.9718064314341004
43,2023,8,1,logistic_regression,0,0.15391266464428743
43,2023,9,1,logistic_regression,0,0.2631753147941329
43,2023,10,1,logistic_regression,0,0.3220194878740411
43,2023,11,0,logistic_regression,0,0.4359008127681093
43,2023,12,0,logistic_regression,0,0.4431566720337022
43,2024,1,0,logistic_regression,0,0.34167234178469674
43,2024,2,0,logistic_regression,0,0.43678910185632724
43,2024,3,0,logistic_regression,0,0.45697841370531833
43,2024,4,0,logistic_regression,1,0.5375057600359979
43,2024,5,0,logistic_regression,1,0.6156424350590297
43,2024,6,1,logistic_regression,0,0.4910430564439134
44,2023,8,1,logistic_regression,0,0.20240420830110145
44,2023,9,1,logistic_regression,0,0.2818460275047168
44,2023,10,1,logistic_regression,0,0.19607042809459316
44,2023,11,0,logistic_regression,0,0.33953877891845574
44,2023,12,0,logistic_regression,0,0.45446687396263036
44,2024,1,0,logistic_regression,0,0.3725403192518201
44,2024,2,0,logistic_regression,1,0.5234425359414926
44,2024,3,0,logistic_regression,1,0.5754277257282057
44,2024,4,0,logistic_regression,1,0.5411896650505035
44,2024,5,0,logistic_regression,1,0.7272076477320376
44,2024,6,1,logistic_regression,0,0.44537837776084255
45,2023,8,1,logistic_regression,1,0.5258387503102486
45,2023,9,1,logistic_regression,1,0.501984940136442
45,2023,10,1,logistic_regression,1,0.6150447209659783
45,2023,11,1,logistic_regression,1,0.6328901577583893
45,2023,12,1,logistic_regression,1,0.7334744322423237
45,2024,1,1,logistic_regression,1,0.7149570940630178
45,2024,2,1,logistic_regression,1,0.6272070387579368
45,2024,3,1,logistic_regression,1,0.8496026287577295
45,2024,4,1,logistic_regression,1,0.8507433484450113
45,2024,5,1,logistic_regression,1,0.8850842155162693
45,2024,6,1,logistic_regression,1,0.8646217275163317
46,2023,8,0,logistic_regression,1,0.5454126304807579
46,2023,9,0,logistic_regression,1,0.5080229547154778
46,2023,10,1,logistic_regression,1,0.5257169388873476
46,2023,11,1,logistic_regression,1,0.5988301418961974
46,2023,12,1,logistic_regression,1,0.6832617069307068
46,2024,1,1,logistic_regression,1,0.6618305420160849
46,2024,2,1,logistic_regression,1,0.6540271970214282
46,2024,3,1,logistic_regression,1,0.8183963375918745
46,2024,4,1,logistic_regression,1,0.807141459188118
46,2024,5,1,logistic_regression,1,0.8693817864685398
46,2024,6,1,logistic_regression,1,0.8431001433284389
47,2023,8,1,logistic_regression,1,0.7124507515382661
47,2023,9,1,logistic_regression,1,0.8044549888041551
47,2023,10,1,logistic_regression,1,0.8222281627800068
47,2023,11,0,logistic_regression,1,0.8705712668412577
47,2023,12,0,logistic_regression,1,0.8730824666612402
47,2024,1,1,logistic_regression,1,0.7643111324769182
47,2024,2,1,logistic_regression,1,0.8885867042233743
47,2024,3,1,logistic_regression,1,0.8850908019457192
47,2024,4,0,logistic_regression,1,0.9330747620735381
47,2024,5,0,logistic_regression,1,0.9501391871771533
47,2024,6,0,logistic_regression,1,0.911535495186117
48,2023,8,0,logistic_regression,0,0.47949891433909614
48,2023,9,0,logistic_regression,1,0.5125619841649617
48,2023,10,0,logistic_regression,0,0.48694613303133155
48,2023,11,0,logistic_regression,1,0.5745385993006501
48,2023,12,0,logistic_regression,1,0.6837365273716354
48,2024,1,1,logistic_regression,1,0.5638315380621425
48,2024,2,1,logistic_regression,1,0.6568051813028125
48,2024,3,1,logistic_regression,1,0.6620717315208904
48,2024,4,1,logistic_regression,1,0.7720075943544518
48,2024,5,1,logistic_regression,1,0.8191377540052496
48,2024,6,1,logistic_regression,1,0.7459573219363761
49,2023,8,1,logistic_regression,0,0.2072665304552689
49,2023,9,1,logistic_regression,0,0.33569720036759926
49,2023,10,1,logistic_regression,0,0.36455545072790124
49,2023,11,1,logistic_regression,1,0.675225869144732
49,2023,12,1,logistic_regression,1,0.6997648064865084
49,2024,1,1,logistic_regression,1,0.594252880487071
49,2024,2,1,logistic_regression,1,0.7323018430415233
49,2024,3,1,logistic_regression,1,0.7789254464032965
49,2024,4,1,logistic_regression,1,0.7435952772663061
49,2024,5,1,logistic_regression,1,0.8776015954204724
49,2024,6,0,logistic_regression,1,0.7275472499527886
50,2023,8,1,logistic_regression,0,0.2345222435968709
50,2023,9,1,logistic_regression,0,0.2352961044471665
50,2023,10,1,logistic_regression,0,0.3914651231876526
50,2023,11,1,logistic_regression,1,0.5032279324171478
50,2023,12,0,logistic_regression,1,0.7360621526331002
50,2024,1,0,logistic_regression,0,0.37215505702167156
50,2024,2,0,logistic_regression,1,0.6399593241934161
50,2024,3,0,logistic_regression,1,0.7305176751608948
50,2024,4,0,logistic_regression,1,0.779670997533187
50,2024,5,0,logistic_regression,1,0.8397855838463905
50,2024,6,0,logistic_regression,1,0.713914009976061
51,2023,8,1,logistic_regression,0,0.14807570187563537
51,2023,9,1,logistic_regression,0,0.15537628952728236
51,2023,10,1,logistic_regression,0,0.3889048379377161
51,2023,11,1,logistic_regression,1,0.5615137265910377
51,2023,12,0,logistic_regression,1,0.613998556617127
51,2024,1,0,logistic_regression,0,0.2879976464526711
51,2024,2,0,logistic_regression,1,0.5524489346529362
51,2024,3,0,logistic_regression,1,0.5847906747011976
51,2024,4,0,logistic_regression,1,0.7526331781420874
51,2024,5,0,logistic_regression,1,0.7562634736645795
51,2024,6,0,logistic_regression,1,0.6630606692013882
52,2023,8,1,logistic_regression,0,0.43014767208633664
52,2023,9,1,logistic_regression,0,0.3432973263422995
52,2023,10,1,logistic_regression,0,0.007764654672386788
52,2023,11,1,logistic_regression,1,0.6232343977717396
52,2023,12,1,logistic_regression,1,0.6252605542242056
52,2024,1,1,logistic_regression,1,0.7452844166816928
52,2024,2,1,logistic_regression,1,0.7593940335613693
52,2024,3,1,logistic_regression,1,0.8029475476847007
52,2024,4,1,logistic_regression,1,0.9226117334946068
52,2024,5,0,logistic_regression,1,0.94310578199918
52,2024,6,1,logistic_regression,1,0.7497844704530103
53,2023,8,0,logistic_regression,0,0.3222826487737707
53,2023,9,0,logistic_regression,0,0.27904709704821334
53,2023,10,0,logistic_regression,0,0.3330805276030997
53,2023,11,0,logistic_regression,1,0.5022592061945893
53,2023,12,1,logistic_regression,1,0.5832080732838829
53,2024,1,1,logistic_regression,0,0.31664101102657893
53,2024,2,1,logistic_regression,1,0.5145930424667882
53,2024,3,1,logistic_regression,1,0.7074151622884045
53,2024,4,1,logistic_regression,1,0.7614425200418007
53,2024,5,1,logistic_regression,1,0.8815011103641379
53,2024,6,1,logistic_regression,1,0.7692586192145104
54,2023,8,0,logistic_regression,0,0.3299786658372741
54,2023,9,0,logistic_regression,0,0.2915912449439105
54,2023,10,0,logistic_regression,0,0.35026619056442043
54,2023,11,0,logistic_regression,1,0.5344369997337595
54,2023,12,1,logistic_regression,1,0.6338631296706735
54,2024,1,1,logistic_regression,0,0.32659675455720644
54,2024,2,1,logistic_regression,1,0.5405541651166198
54,2024,3,1,logistic_regression,1,0.7291161292913749
54,2024,4,1,logistic_regression,1,0.7669141366691269
54,2024,5,1,logistic_regression,1,0.8866248322529081
54,2024,6,1,logistic_regression,1,0.7783439053499889
55,2023,8,0,logistic_regression,0,0.2771650024045605
55,2023,9,0,logistic_regression,0,0.2529261930337445
55,2023,10,0,logistic_regression,0,0.29491224875148825
55,2023,11,1,logistic_regression,0,0.37328371204623934
55,2023,12,1,logistic_regression,0,0.49769089795890187
55,2024,1,1,logistic_regression,0,0.2695993846758709
55,2024,2,0,logistic_regression,1,0.5343906493385303
55,2024,3,0,logistic_regression,1,0.5007699853641857
55,2024,4,0,logistic_regression,1,0.6594385750948645
55,2024,5,0,logistic_regression,1,0.7728008754490772
55,2024,6,1,logistic_regression,1,0.6638414624939115
56,2023,8,0,logistic_regression,0,0.27699094854844863
56,2023,9,0,logistic_regression,0,0.2539655854596668
56,2023,10,0,logistic_regression,0,0.2801572170794678
56,2023,11,1,logistic_regression,0,0.38027110189230784
56,2023,12,1,logistic_regression,1,0.5006284737652954
56,2024,1,1,logistic_regression,0,0.2657328467273436
56,2024,2,0,logistic_regression,1,0.5454006541551211
56,2024,3,0,logistic_regression,1,0.510413268998005
56,2024,4,0,logistic_regression,1,0.6704366328206212
56,2024,5,0,logistic_regression,1,0.7743576470274555
56,2024,6,1,logistic_regression,1,0.6619675264694399
57,2023,8,0,logistic_regression,0,0.10644155234399842
57,2023,9,0,logistic_regression,0,0.14627318853202662
57,2023,10,0,logistic_regression,0,0.19430811049118427
57,2023,11,0,logistic_regression,0,0.30303449915596
57,2023,12,0,logistic_regression,0,0.3951912697646512
57,2024,1,0,logistic_regression,0,0.21989292632573001
57,2024,2,1,logistic_regression,0,0.32467647577467923
57,2024,3,1,logistic_regression,0,0.3720900878782674
57,2024,4,1,logistic_regression,0,0.48875759789785644
57,2024,5,1,logistic_regression,1,0.6455249600279351
57,2024,6,1,logistic_regression,0,0.4755499310168952
58,2023,8,0,logistic_regression,0,0.09849901728810097
58,2023,9,0,logistic_regression,0,0.1364121625469786
58,2023,10,0,logistic_regression,0,0.197298125745665
58,2023,11,0,logistic_regression,0,0.2935881092614695
58,2023,12,0,logistic_regression,0,0.3908458061541921
58,2024,1,0,logistic_regression,0,0.20176943295064653
58,2024,2,1,logistic_regression,0,0.3207951577191377
58,2024,3,1,logistic_regression,0,0.3484621560929983
58,2024,4,1,logistic_regression,1,0.503060559913088
58,2024,5,1,logistic_regression,1,0.6397374754159169
58,2024,6,1,logistic_regression,0,0.42183362018248366
59,2023,8,0,logistic_regression,0,0.13168692178211355
59,2023,9,0,logistic_regression,0,0.17930350624080504
59,2023,10,0,logistic_regression,0,0.22428327162802408
59,2023,11,0,logistic_regression,0,0.32734040613683557
59,2023,12,0,logistic_regression,0,0.412286818573019
59,2024,1,1,logistic_regression,0,0.21882898056628555
59,2024,2,1,logistic_regression,0,0.3716201384708692
59,2024,3,1,logistic_regression,0,0.36958219487868393
59,2024,4,0,logistic_regression,1,0.6292851135670292
59,2024,5,0,logistic_regression,1,0.5058565945742475
59,2024,6,0,logistic_regression,1,0.6230910658623701
60,2023,8,0,logistic_regression,1,0.58590835168932
60,2023,9,0,logistic_regression,0,0.18225603202257734
60,2023,10,0,logistic_regression,0,0.36255626185950984
60,2023,11,0,logistic_regression,1,0.6759907528753927
60,2023,12,0,logistic_regression,1,0.5555456674808585
60,2024,1,1,logistic_regression,0,0.0680429557280359
60,2024,2,1,logistic_regression,1,0.999168607308579
60,2024,3,1,logistic_regression,1,0.5264071617815079
60,2024,4,0,logistic_regression,1,0.6769948689874716
60,2024,5,0,logistic_regression,1,0.5929684880628286
60,2024,6,0,logistic_regression,1,0.5125438458655877
61,2023,8,0,logistic_regression,0,0.2867301197064279
61,2023,9,0,logistic_regression,0,0.36276897106964
61,2023,10,1,logistic_regression,0,0.3046575862191015
61,2023,11,1,logistic_regression,0,0.36051727741235523
61,2023,12,1,logistic_regression,0,0.4561542301314636
61,2024,1,0,logistic_regression,0,0.38715851341879953
61,2024,2,0,logistic_regression,1,0.5607234144386318
61,2024,3,0,logistic_regression,1,0.6506675055042622
61,2024,4,0,logistic_regression,1,0.6937020726355856
61,2024,5,0,logistic_regression,1,0.8124809181761897
61,2024,6,0,logistic_regression,1,0.6889795754303687
62,2023,8,0,logistic_regression,0,0.29540233976405494
62,2023,9,0,logistic_regression,0,0.36924397973614315
62,2023,10,1,logistic_regression,0,0.29567752115727813
62,2023,11,1,logistic_regression,0,0.3779428714697103
62,2023,12,1,logistic_regression,0,0.4459687391331758
62,2024,1,0,logistic_regression,0,0.4002124626107948
62,2024,2,0,logistic_regression,1,0.5625997003968908
62,2024,3,0,logistic_regression,1,0.6563384815140811
62,2024,4,0,logistic_regression,1,0.6969188799997916
62,2024,5,0,logistic_regression,1,0.810897875220997
62,2024,6,0,logistic_regression,1,0.7019545863367409
63,2023,8,0,logistic_regression,0,0.36376409501959256
63,2023,9,0,logistic_regression,0,0.2040397004146546
63,2023,10,0,logistic_regression,0,0.2894863528366362
63,2023,11,1,logistic_regression,0,0.43130561001033124
63,2023,12,1,logistic_regression,1,0.514519122666674
63,2024,1,1,logistic_regression,0,0.3171623049168052
63,2024,2,0,logistic_regression,1,0.6079150586852154
63,2024,3,1,logistic_regression,1,0.607523442041468
63,2024,4,1,logistic_regression,1,0.7679406898099407
63,2024,5,1,logistic_regression,1,0.8269149539989685
63,2024,6,1,logistic_regression,1,0.8617237368794282
64,2023,8,1,logistic_regression,1,0.9722784933943959
64,2023,9,1,logistic_regression,1,0.8990022161917305
64,2023,10,0,logistic_regression,1,0.7943292692892273
64,2023,11,0,logistic_regression,1,0.5015870908298474
64,2023,12,0,logistic_regression,1,0.8927811728703318
64,2024,1,1,logistic_regression,1,0.7513523279085339
64,2024,2,1,logistic_regression,1,0.8860036557038521
64,2024,3,1,logistic_regression,1,0.8988340593392026
64,2024,4,1,logistic_regression,1,0.9678378877780197
64,2024,5,1,logistic_regression,1,0.9821263012033877
64,2024,6,1,logistic_regression,1,0.9867778444916161
65,2023,8,1,logistic_regression,1,0.7743824610704164
65,2023,9,1,logistic_regression,1,0.6686127330512722
65,2023,10,0,logistic_regression,1,0.7744543668100612
65,2023,11,0,logistic_regression,1,0.8756631681830681
65,2023,12,0,logistic_regression,1,0.8324988048668508
65,2024,1,1,logistic_regression,1,0.723881770460396
65,2024,2,1,logistic_regression,1,0.8064425221921194
65,2024,3,1,logistic_regression,1,0.8416849661526256
65,2024,4,1,logistic_regression,1,0.9258493983872395
65,2024,5,1,logistic_regression,1,0.9366409939364283
65,2024,6,1,logistic_regression,1,0.9451383268281279
66,2023,8,0,logistic_regression,0,0.47930058690857025
66,2023,9,0,logistic_regression,0,0.26954124524065853
66,2023,10,0,logistic_regression,0,0.2653099144656469
66,2023,11,1,logistic_regression,0,0.3549403558612847
66,2023,12,1,logistic_regression,0,0.434234082642247
66,2024,1,1,logistic_regression,0,0.324016131609628
66,2024,2,0,logistic_regression,1,0.6397839277459747
66,2024,3,1,logistic_regression,1,0.6377112674919085
66,2024,4,1,logistic_regression,1,0.788588205936201
66,2024,5,1,logistic_regression,1,0.8762871637258847
66,2024,6,1,logistic_regression,1,0.9000806955476418
67,2023,8,1,logistic_regression,0,0.3133280434996308
67,2023,9,0,logistic_regression,0,0.46918956925294897
67,2023,10,0,logistic_regression,0,0.43502973270983786
67,2023,11,0,logistic_regression,1,0.5045857771638422
67,2023,12,0,logistic_regression,1,0.5917759324908854
67,2024,1,1,logistic_regression,0,0.3679187950184767
67,2024,2,1,logistic_regression,1,0.5590118251265923
67,2024,3,1,logistic_regression,1,0.6266770222409203
67,2024,4,0,logistic_regression,1,0.7637286977854867
67,2024,5,0,logistic_regression,1,0.8269800706909592
67,2024,6,0,logistic_regression,1,0.7940212619220152
68,2023,8,1,logistic_regression,0,0.23479938622746446
68,2023,9,0,logistic_regression,0,0.33672367100470507
68,2023,10,0,logistic_regression,1,0.50401385701606
68,2023,11,0,logistic_regression,1,0.5258475405065652
68,2023,12,0,logistic_regression,0,0.47586582466252453
68,2024,1,1,logistic_regression,0,0.34421484787628076
68,2024,2,1,logistic_regression,0,0.49475465864991597
68,2024,3,1,logistic_regression,0,0.49297896744129405
68,2024,4,0,logistic_regression,1,0.7375213863046217
68,2024,5,0,logistic_regression,1,0.7015242439787659
68,2024,6,0,logistic_regression,1,0.7350339958268415
69,2023,8,1,logistic_regression,1,0.9988330115707937
69,2023,9,1,logistic_regression,1,0.9994312775629098
69,2023,10,1,logistic_regression,1,0.9995670889693767
69,2023,11,1,logistic_regression,1,0.9993542948333447
69,2023,12,1,logistic_regression,1,0.9994076050398625
69,2024,1,1,logistic_regression,1,0.9978717097905343
69,2024,2,1,logistic_regression,1,0.9990756270494434
69,2024,3,1,logistic_regression,1,0.9994716222129
69,2024,4,1,logistic_regression,1,0.9992511431661532
69,2024,5,1,logistic_regression,1,0.9997137701617145
69,2024,6,1,logistic_regression,1,0.9993742722554417
70,2023,8,1,logistic_regression,1,0.6525105006791381
70,2023,9,1,logistic_regression,1,0.5849702001227238
70,2023,10,0,logistic_regression,1,0.6393944423231606
70,2023,11,0,logistic_regression,1,0.6425417516154626
70,2023,12,0,logistic_regression,1,0.7825327230693112
70,2024,1,0,logistic_regression,1,0.6402965604013923
70,2024,2,0,logistic_regression,1,0.7508000428265568
70,2024,3,1,logistic_regression,1,0.7706243171769245
70,2024,4,1,logistic_regression,1,0.7767725717134516
70,2024,5,1,logistic_regression,1,0.851637273364277
70,2024,6,0,logistic_regression,1,0.8271523232994517
71,2023,8,1,logistic_regression,1,0.6335100371761847
71,2023,9,1,logistic_regression,1,0.5452414276619343
71,2023,10,0,logistic_regression,1,0.6686273106714435
71,2023,11,0,logistic_regression,1,0.653601208369066
71,2023,12,0,logistic_regression,1,0.7966786652507941
71,2024,1,0,logistic_regression,1,0.6522570786882784
71,2024,2,0,logistic_regression,1,0.7473888285942717
71,2024,3,1,logistic_regression,1,0.7606415961647739
71,2024,4,1,logistic_regression,1,0.7860268253506753
71,2024,5,1,logistic_regression,1,0.8477766063082333
71,2024,6,0,logistic_regression,1,0.8268851949758053
72,2023,8,1,logistic_regression,0,0.19821407916276274
72,2023,9,1,logistic_regression,0,0.18102455104805124
72,2023,10,1,logistic_regression,0,0.2583124333474894
72,2023,11,0,logistic_regression,0,0.4180472942213428
72,2023,12,1,logistic_regression,0,0.44823778708297535
72,2024,1,1,logistic_regression,0,0.3408539276359427
72,2024,2,1,logistic_regression,1,0.5034623435052555
72,2024,3,1,logistic_regression,1,0.5334563875782997
72,2024,4,1,logistic_regression,1,0.7066422355217221
72,2024,5,1,logistic_regression,1,0.706006685561808
72,2024,6,0,logistic_regression,1,0.8092726541620332
73,2023,8,1,logistic_regression,0,0.36384279133304276
73,2023,9,1,logistic_regression,0,0.40213688285337135
73,2023,10,1,logistic_regression,0,0.48761450910144416
73,2023,11,0,logistic_regression,1,0.621433023543706
73,2023,12,1,logistic_regression,1,0.6289366644174963
73,2024,1,1,logistic_regression,1,0.6814586113926582
73,2024,2,1,logistic_regression,1,0.511033830436435
73,2024,3,1,logistic_regression,1,0.7721223169432021
73,2024,4,1,logistic_regression,1,0.8886235749526324
73,2024,5,1,logistic_regression,1,0.9228916738660626
73,2024,6,0,logistic_regression,1,0.9282701846399042
74,2023,8,1,logistic_regression,0,0.30974815816483986
74,2023,9,1,logistic_regression,0,0.3228603200596909
74,2023,10,1,logistic_regression,0,0.3573224199230521
74,2023,11,1,logistic_regression,1,0.584657355460316
74,2023,12,1,logistic_regression,1,0.6569980624031236
74,2024,1,1,logistic_regression,0,0.41929343941105107
74,2024,2,1,logistic_regression,1,0.7764475724040537
74,2024,3,0,logistic_regression,1,0.7930104306637111
74,2024,4,0,logistic_regression,1,0.8408476911405115
74,2024,5,0,logistic_regression,1,0.890116018849961
74,2024,6,1,logistic_regression,1,0.8124444362933313
75,2023,8,1,logistic_regression,0,0.3461505255692992
75,2023,9,1,logistic_regression,0,0.364815829516289
75,2023,10,1,logistic_regression,0,0.4001974996941283
75,2023,11,1,logistic_regression,1,0.5938738277448296
75,2023,12,1,logistic_regression,1,0.6853669979020346
75,2024,1,1,logistic_regression,0,0.4822676487500466
75,2024,2,1,logistic_regression,1,0.7970482377038548
75,2024,3,0,logistic_regression,1,0.8349136949518402
75,2024,4,0,logistic_regression,1,0.8465403457378587
75,2024,5,0,logistic_regression,1,0.9038636643423937
75,2024,6,1,logistic_regression,1,0.8186396461833454
76,2023,8,0,logistic_regression,0,0.17965270696761312
76,2023,9,0,logistic_regression,0,0.20842730880728044
76,2023,10,0,logistic_regression,0,0.2830679849176661
76,2023,11,0,logistic_regression,0,0.36875755543741734
76,2023,12,0,logistic_regression,0,0.44329483145534593
76,2024,1,0,logistic_regression,0,0.32304160502537854
76,2024,2,0,logistic_regression,0,0.47928011461018893
76,2024,3,0,logistic_regression,0,0.43465507398756814
76,2024,4,1,logistic_regression,1,0.5868960499189952
76,2024,5,1,logistic_regression,1,0.6254011089913205
76,2024,6,1,logistic_regression,1,0.5914535265906445
77,2023,8,1,logistic_regression,1,0.8778066584076357
77,2023,9,1,logistic_regression,1,0.9393116738046793
77,2023,10,1,logistic_regression,1,0.9478455522757858
77,2023,11,1,logistic_regression,1,0.9579501066458141
77,2023,12,1,logistic_regression,1,0.9750781837183791
77,2024,1,1,logistic_regression,1,0.9368034850177798
77,2024,2,1,logistic_regression,1,0.9783316212210842
77,2024,3,1,logistic_regression,1,0.9804893053681834
77,2024,4,1,logistic_regression,1,0.9697832682422286
77,2024,5,1,logistic_regression,1,0.9897995227067172
77,2024,6,1,logistic_regression,1,0.9860680113899846
78,2023,8,1,logistic_regression,0,0.10383465178111806
78,2023,9,1,logistic_regression,0,0.10547430622709413
78,2023,10,1,logistic_regression,0,0.15701711483536845
78,2023,11,0,logistic_regression,0,0.330100514540763
78,2023,12,0,logistic_regression,0,0.11761299247213258
78,2024,1,0,logistic_regression,0,0.29862512436361477
78,2024,2,0,logistic_regression,0,0.47135134876069856
78,2024,3,0,logistic_regression,0,0.36900608100036764
78,2024,4,0,logistic_regression,0,0.4792958485335426
78,2024,5,0,logistic_regression,1,0.5818304153954733
78,2024,6,0,logistic_regression,1,0.5214980183748924
79,2023,8,1,logistic_regression,0,0.14911883084308114
79,2023,9,1,logistic_regression,0,0.15579299922518855
79,2023,10,1,logistic_regression,0,0.2072966543696526
79,2023,11,0,logistic_regression,0,0.390124727738814
79,2023,12,0,logistic_regression,0,0.4306567817319652
79,2024,1,0,logistic_regression,0,0.3716883676202659
79,2024,2,0,logistic_regression,1,0.5531241287309446
79,2024,3,0,logistic_regression,0,0.45477045705103036
79,2024,4,0,logistic_regression,1,0.5462299266336172
79,2024,5,0,logistic_regression,1,0.6552313457763643
79,2024,6,0,logistic_regression,1,0.6094525813857039
80,2023,8,1,logistic_regression,0,0.16708638479214816
80,2023,9,0,logistic_regression,0,0.1956383834145947
80,2023,10,0,logistic_regression,0,0.22879646186051314
80,2023,11,0,logistic_regression,0,0.3482169892598341
80,2023,12,1,logistic_regression,1,0.5119050492627369
80,2024,1,1,logistic_regression,0,0.27088824371540987
80,2024,2,1,logistic_regression,0,0.4219757235654508
81,2023,8,1,logistic_regression,0,0.16513187051777717
81,2023,9,0,logistic_regression,0,0.21508356492178565
81,2023,10,0,logistic_regression,0,0.22149336402244255
81,2023,11,0,logistic_regression,0,0.34944131962316277
81,2023,12,1,logistic_regression,0,0.49632491114622174
81,2024,1,1,logistic_regression,0,0.28006123340101635
81,2024,2,1,logistic_regression,0,0.42769018419765825
81,2024,3,0,logistic_regression,0,0.48066125362969536
81,2024,4,0,logistic_regression,0,0.28381705570783816
81,2024,5,0,logistic_regression,1,0.6151087892749342
81,2024,6,0,logistic_regression,1,0.6019239184700831
82,2023,8,0,logistic_regression,0,0.11300455460024539
82,2023,9,0,logistic_regression,0,0.12742529665331673
82,2023,10,1,logistic_regression,0,0.17125224919831625
82,2023,11,1,logistic_regression,0,0.2229237000470934
82,2023,12,1,logistic_regression,0,0.40029862843454356
82,2024,1,0,logistic_regression,0,0.3413830351864602
82,2024,2,0,logistic_regression,0,0.18670030924977327
82,2024,3,0,logistic_regression,0,0.13084650451701474
82,2024,4,0,logistic_regression,0,0.40657700190434726
82,2024,5,0,logistic_regression,1,0.5919444002312362
82,2024,6,0,logistic_regression,1,0.6529938339637567
83,2023,8,0,logistic_regression,0,0.12649867655574915
83,2023,9,0,logistic_regression,0,0.13906245909119466
83,2023,10,1,logistic_regression,0,0.18182943386699843
83,2023,11,1,logistic_regression,0,0.24518681409673088
83,2023,12,1,logistic_regression,0,0.4204411996312272
83,2024,1,0,logistic_regression,0,0.3575748687494284
83,2024,2,0,logistic_regression,0,0.1546246338390496
83,2024,3,0,logistic_regression,0,0.2705624417292421
83,2024,4,0,logistic_regression,1,0.5625025975351348
83,2024,5,0,logistic_regression,1,0.5848048885040971
83,2024,6,0,logistic_regression,1,0.6794539277073726
84,2023,8,0,logistic_regression,0,0.13385934478161962
84,2023,9,0,logistic_regression,0,0.1617304595887806
84,2023,10,0,logistic_regression,0,0.22858514672369593
84,2023,11,0,logistic_regression,0,0.31049293319315974
84,2023,12,0,logistic_regression,0,0.4294104239237219
84,2024,1,0,logistic_regression,0,0.24505169947609495
84,2024,2,0,logistic_regression,0,0.4015386429874666
84,2024,3,0,logistic_regression,0,0.45884278641279863
84,2024,4,1,logistic_regression,1,0.5567210074979948
84,2024,5,1,logistic_regression,1,0.6412311260634262
84,2024,6,1,logistic_regression,1,0.572903550099896
85,2023,8,0,logistic_regression,0,0.08711875838275786
85,2023,9,0,logistic_regression,0,0.09342060968558924
85,2023,10,0,logistic_regression,0,0.14422156476916906
85,2023,11,0,logistic_regression,0,0.21574805611691864
85,2023,12,0,logistic_regression,0,0.34037894256143664
85,2024,1,0,logistic_regression,0,0.18832212202325233
85,2024,2,1,logistic_regression,0,0.28852653839196574
85,2024,3,1,logistic_regression,0,0.28210456574280884
85,2024,4,1,logistic_regression,0,0.3844945746326326
85,2024,5,0,logistic_regression,1,0.5840799134733268
85,2024,6,0,logistic_regression,0,0.4067251014507753
86,2023,8,1,logistic_regression,0,0.1730370804152447
86,2023,9,0,logistic_regression,0,0.173702698805383
86,2023,10,0,logistic_regression,0,0.21536820074492868
86,2023,11,0,logistic_regression,0,0.38209404514606554
86,2023,12,0,logistic_regression,1,0.5298385804906383
86,2024,1,0,logistic_regression,0,0.3009623630190472
86,2024,2,1,logistic_regression,0,0.420370393234629
86,2024,3,1,logistic_regression,0,0.38297408882119804
86,2024,4,1,logistic_regression,1,0.5391689576008722
86,2024,5,0,logistic_regression,1,0.6534888706856777
86,2024,6,0,logistic_regression,0,0.4274211011088025
87,2023,8,0,logistic_regression,0,0.19523196506242
87,2023,9,0,logistic_regression,0,0.2217505924428981
87,2023,10,0,logistic_regression,0,0.3126617750588667
87,2023,11,0,logistic_regression,0,0.3662771075433516
87,2023,12,0,logistic_regression,0,0.4125914367440294
87,2024,1,0,logistic_regression,0,0.2962744024051851
87,2024,2,0,logistic_regression,0,0.4791843383077296
87,2024,3,0,logistic_regression,1,0.5608510267197967
87,2024,4,0,logistic_regression,1,0.5545015347353455
87,2024,5,1,logistic_regression,1,0.6934354745224922
87,2024,6,1,logistic_regression,1,0.522797704725709
88,2023,8,0,logistic_regression,0,0.35005956282530143
88,2023,9,0,logistic_regression,0,0.32340003549380225
88,2023,10,0,logistic_regression,0,0.37476154042647036
88,2023,11,0,logistic_regression,0,0.48596883445289757
88,2023,12,0,logistic_regression,1,0.5880410379743788
88,2024,1,0,logistic_regression,0,0.4193645591906702
88,2024,2,1,logistic_regression,1,0.5619773770204345
88,2024,3,1,logistic_regression,1,0.6038388739042505
88,2024,4,1,logistic_regression,1,0.5773958181330069
88,2024,5,1,logistic_regression,1,0.7968619206502534
88,2024,6,1,logistic_regression,1,0.5780026918282487
89,2023,8,0,logistic_regression,0,0.3635998660775844
89,2023,9,0,logistic_regression,0,0.3832584775430119
89,2023,10,0,logistic_regression,0,0.43356001179161574
89,2023,11,0,logistic_regression,1,0.5424289093083653
89,2023,12,0,logistic_regression,1,0.5752809619555551
89,2024,1,0,logistic_regression,0,0.4655974504734783
89,2024,2,1,logistic_regression,1,0.6228332255383967
89,2024,3,1,logistic_regression,1,0.6862031435531821
89,2024,4,1,logistic_regression,1,0.663260521913664
89,2024,5,1,logistic_regression,1,0.8360438688875346
89,2024,6,1,logistic_regression,1,0.6866167832898294
90,2023,8,1,logistic_regression,0,0.1465887953284719
90,2023,9,1,logistic_regression,0,0.14471176781207076
90,2023,10,1,logistic_regression,0,0.258200887608134
90,2023,11,0,logistic_regression,0,0.3875517163509906
90,2023,12,0,logistic_regression,0,0.4500437847582254
90,2024,1,0,logistic_regression,0,0.31625614601011887
90,2024,2,0,logistic_regression,0,0.3722657905268729
90,2024,3,0,logistic_regression,0,0.3910135762531719
90,2024,4,0,logistic_regression,0,0.4721119078099294
90,2024,5,0,logistic_regression,1,0.5626124137011488
90,2024,6,0,logistic_regression,0,0.35232380423255044
91,2023,8,1,logistic_regression,0,0.14146656657033224
91,2023,9,1,logistic_regression,0,0.1357850981747227
91,2023,10,1,logistic_regression,0,0.24239996798276606
91,2023,11,0,logistic_regression,0,0.39224685635853496
91,2023,12,0,logistic_regression,0,0.45910126729209166
91,2024,1,0,logistic_regression,0,0.30523527924950455
91,2024,2,0,logistic_regression,0,0.36614013025565234
91,2024,3,0,logistic_regression,0,0.402655402833046
91,2024,4,0,logistic_regression,0,0.49988110165799754
91,2024,5,0,logistic_regression,1,0.5323132930331154
91,2024,6,0,logistic_regression,0,0.35591935957771015
92,2023,8,0,logistic_regression,0,0.10178861024723719
92,2023,9,0,logistic_regression,0,0.11781343476508174
92,2023,10,0,logistic_regression,0,0.20139979678081085
92,2023,11,0,logistic_regression,0,0.24734922246594127
92,2023,12,1,logistic_regression,0,0.3393885233518009
92,2024,1,1,logistic_regression,0,0.1909571400964064
92,2024,2,1,logistic_regression,0,0.2826120807193159
92,2024,3,0,logistic_regression,0,0.4226747203420573
92,2024,4,0,logistic_regression,0,0.4844105185768441
92,2024,5,0,logistic_regression,1,0.547717110475569
92,2024,6,0,logistic_regression,0,0.30907539490675023
93,2023,8,0,logistic_regression,0,0.08855238739497487
93,2023,9,0,logistic_regression,0,0.11906031044434934
93,2023,10,0,logistic_regression,0,0.20604592351218687
93,2023,11,0,logistic_regression,0,0.25854534596916834
93,2023,12,1,logistic_regression,0,0.2989385140189777
93,2024,1,1,logistic_regression,0,0.2042276563947935
93,2024,2,1,logistic_regression,0,0.2896834590815015
93,2024,3,0,logistic_regression,0,0.396074400412923
93,2024,4,0,logistic_regression,0,0.3876418481516244
93,2024,5,0,logistic_regression,1,0.5458639641520592
93,2024,6,0,logistic_regression,0,0.2931162234446759
94,2023,8,1,logistic_regression,0,0.4440609255607495
94,2023,9,1,logistic_regression,0,0.40522381674252517
94,2023,10,1,logistic_regression,0,0.48034650876491913
94,2023,11,1,logistic_regression,1,0.7144938586412305
94,2023,12,1,logistic_regression,1,0.6396191490341908
94,2024,1,1,logistic_regression,1,0.5306674997199486
94,2024,2,1,logistic_regression,1,0.7618795366045971
94,2024,3,1,logistic_regression,1,0.5434385347430131
94,2024,4,0,logistic_regression,1,0.7762658415949544
94,2024,5,0,logistic_regression,1,0.6836447807355434
94,2024,6,1,logistic_regression,1,0.6479036861653862
95,2023,8,0,logistic_regression,0,0.27510953289856505
95,2023,9,0,logistic_regression,0,0.28092529910298125
95,2023,10,1,logistic_regression,0,0.3624150767927352
95,2023,11,1,logistic_regression,0,0.3619289454547682
95,2023,12,1,logistic_regression,1,0.5411289547429651
95,2024,1,0,logistic_regression,0,0.46743462167335
95,2024,2,0,logistic_regression,1,0.5637809217539841
95,2024,3,0,logistic_regression,1,0.6161524088262175
95,2024,4,0,logistic_regression,1,0.6314244373983761
95,2024,5,0,logistic_regression,1,0.730217383200797
95,2024,6,0,logistic_regression,0,0.4044906186299919
96,2023,8,0,logistic_regression,0,0.26680673581493713
96,2023,9,0,logistic_regression,0,0.274115283871806
96,2023,10,1,logistic_regression,0,0.36287108109355026
96,2023,11,1,logistic_regression,0,0.36996227066851506
96,2023,12,1,logistic_regression,1,0.5422638350188735
96,2024,1,0,logistic_regression,0,0.4496145274622518
96,2024,2,0,logistic_regression,1,0.548899716093707
96,2024,3,0,logistic_regression,1,0.603114176735871
96,2024,4,0,logistic_regression,1,0.6219486948027623
96,2024,5,1,logistic_regression,1,0.728371949876496
96,2024,6,1,logistic_regression,1,0.6246016322521725
97,2023,8,1,logistic_regression,0,0.1992104338563389
97,2023,9,1,logistic_regression,0,0.27044837179495823
97,2023,10,1,logistic_regression,0,0.3337629432841923
97,2023,11,1,logistic_regression,1,0.5061785500195796
97,2023,12,1,logistic_regression,1,0.56187210230923
97,2024,1,1,logistic_regression,0,0.48246090741887604
97,2024,2,0,logistic_regression,1,0.6627411962665338
97,2024,3,0,logistic_regression,1,0.6714095117706211
97,2024,4,0,logistic_regression,1,0.6526765694853668
97,2024,5,0,logistic_regression,1,0.7744845926584347
97,2024,6,0,logistic_regression,1,0.5201884979181475
98,2023,8,1,logistic_regression,0,0.17863194436693292
98,2023,9,1,logistic_regression,0,0.27516868458029947
98,2023,10,1,logistic_regression,0,0.3240376411924059
98,2023,11,1,logistic_regression,0,0.49444952603462555
98,2023,12,1,logistic_regression,1,0.5424296669011226
98,2024,1,1,logistic_regression,0,0.46443584568599616
98,2024,2,0,logistic_regression,1,0.6494835182817054
98,2024,3,0,logistic_regression,1,0.6747438625858755
98,2024,4,0,logistic_regression,1,0.6362720655030305
98,2024,5,0,logistic_regression,1,0.7665697488701673
98,2024,6,0,logistic_regression,1,0.5270361071509055
99,2023,8,0,logistic_regression,0,0.36160409464235177
99,2023,9,1,logistic_regression,0,0.27444286012379193
99,2023,10,1,logistic_regression,0,0.44298483439270897
99,2023,11,1,logistic_regression,1,0.5146205021338408
99,2023,12,1,logistic_regression,1,0.6478074357071804
99,2024,1,1,logistic_regression,0,0.44477776567745025
99,2024,2,1,logistic_regression,1,0.6553785263433592
99,2024,3,1,logistic_regression,1,0.5190487996019186
99,2024,4,1,logistic_regression,1,0.8296826552205329
99,2024,5,1,logistic_regression,1,0.837920536983353
99,2024,6,1,logistic_regression,1,0.8412714065752198
100,2023,8,0,logistic_regression,1,0.6590254946491448
100,2023,9,1,logistic_regression,1,0.7270701855041207
100,2023,10,1,logistic_regression,1,0.7826447971448978
100,2023,11,1,logistic_regression,1,0.7736994387543557
100,2023,12,1,logistic_regression,1,0.816068573754976
100,2024,1,1,logistic_regression,1,0.7424909446791919
100,2024,2,1,logistic_regression,1,0.9213361587018123
100,2024,3,1,logistic_regression,1,0.9332968031609613
100,2024,4,1,logistic_regression,1,0.9598090227174696
100,2024,5,1,logistic_regression,1,0.9805513990240027
100,2024,6,1,logistic_regression,1,0.9733062551640466
101,2023,8,1,logistic_regression,0,0.46269082368865716
101,2023,9,1,logistic_regression,1,0.6488589016575985
101,2023,10,1,logistic_regression,1,0.6884169142547152
101,2023,11,1,logistic_regression,1,0.7923420363396171
101,2023,12,1,logistic_regression,1,0.7556750887073441
101,2024,1,1,logistic_regression,1,0.8026269854304192
101,2024,2,1,logistic_regression,1,0.889778776107339
101,2024,3,1,logistic_regression,1,0.9037624092689253
101,2024,4,1,logistic_regression,1,0.9050793836873234
101,2024,5,1,logistic_regression,1,0.9296543989730955
101,2024,6,1,logistic_regression,1,0.8811778616854744
102,2023,8,1,logistic_regression,0,0.36779344700577854
102,2023,9,1,logistic_regression,1,0.5647624028025093
102,2023,10,1,logistic_regression,1,0.6047687773713255
102,2023,11,1,logistic_regression,1,0.732266639627308
102,2023,12,1,logistic_regression,1,0.6714775170279764
102,2024,1,1,logistic_regression,1,0.7609361481774762
102,2024,2,1,logistic_regression,1,0.8487600823806574
102,2024,3,1,logistic_regression,1,0.8656658606628634
102,2024,4,1,logistic_regression,1,0.8689146653291141
102,2024,5,1,logistic_regression,1,0.9030035323612181
102,2024,6,1,logistic_regression,1,0.7404099678475355
103,2023,8,1,logistic_regression,0,0.1309134122540248
103,2023,9,0,logistic_regression,0,0.17797838644327235
103,2023,10,0,logistic_regression,0,0.2544414564472805
103,2023,11,0,logistic_regression,0,0.2901813160626246
103,2023,12,0,logistic_regression,0,0.44675287416707143
103,2024,1,0,logistic_regression,0,0.22373335248694368
103,2024,2,0,logistic_regression,0,0.3277976744975154
103,2024,3,0,logistic_regression,0,0.358775628728739
103,2024,4,0,logistic_regression,0,0.4140514153451514
103,2024,5,0,logistic_regression,0,0.47549908090938153
103,2024,6,0,logistic_regression,0,0.32731376372629484
104,2023,8,1,logistic_regression,0,0.12693663491115903
104,2023,9,0,logistic_regression,0,0.18018360249650753
104,2023,10,0,logistic_regression,0,0.24598351808570462
104,2023,11,0,logistic_regression,0,0.3004480338724464
104,2023,12,0,logistic_regression,0,0.4470808054646456
104,2024,1,0,logistic_regression,0,0.2141451796875739
104,2024,2,0,logistic_regression,0,0.34391261198319234
104,2024,3,0,logistic_regression,0,0.326311334532112
104,2024,4,0,logistic_regression,0,0.4126048569821861
104,2024,5,0,logistic_regression,0,0.4811778500474489
104,2024,6,0,logistic_regression,0,0.3409111606493797
105,2023,8,1,logistic_regression,0,0.3280327442901019
105,2023,9,1,logistic_regression,0,0.3377466889062253
105,2023,10,1,logistic_regression,0,0.3943951124983915
105,2023,11,1,logistic_regression,1,0.6528832671128131
105,2023,12,1,logistic_regression,1,0.80934395055825
105,2024,1,1,logistic_regression,1,0.5221606968324677
105,2024,2,0,logistic_regression,1,0.739838337708374
105,2024,3,0,logistic_regression,1,0.6341358264779968
105,2024,4,0,logistic_regression,1,0.7265253069609114
105,2024,5,0,logistic_regression,1,0.8028421710572143
105,2024,6,0,logistic_regression,1,0.6996312388302163
106,2023,8,1,logistic_regression,0,0.3164149549699564
106,2023,9,1,logistic_regression,0,0.3309992250085535
106,2023,10,1,logistic_regression,0,0.3831670754742198
106,2023,11,1,logistic_regression,1,0.5624846102256406
106,2023,12,1,logistic_regression,0,0.44924434665592233
106,2024,1,1,logistic_regression,1,0.5329465647445792
106,2024,2,0,logistic_regression,1,0.7552357782007066
106,2024,3,0,logistic_regression,0,0.35950219382306525
106,2024,4,0,logistic_regression,1,0.7332719355807991
106,2024,5,0,logistic_regression,1,0.8004696566095771
106,2024,6,0,logistic_regression,1,0.7427837196778312
107,2023,8,1,logistic_regression,1,0.9728210901863611
107,2023,9,1,logistic_regression,1,0.9901298995082486
107,2023,10,1,logistic_regression,1,0.9970785563963515
107,2023,11,1,logistic_regression,1,0.9953563754305084
107,2023,12,1,logistic_regression,1,0.992278906669543
107,2024,1,1,logistic_regression,1,0.9809106983651914
107,2024,2,1,logistic_regression,1,0.9977373654393753
107,2024,3,1,logistic_regression,1,0.9987415099141351
107,2024,4,1,logistic_regression,1,0.9985896964315483
107,2024,5,1,logistic_regression,1,0.9991219529461702
107,2024,6,1,logistic_regression,1,0.9990667856822539
108,2023,8,0,logistic_regression,0,0.29935340440978625
108,2023,9,0,logistic_regression,0,0.3567313251568981
108,2023,10,0,logistic_regression,0,0.43009484396494846
108,2023,11,0,logistic_regression,0,0.4614747100645792
108,2023,12,0,logistic_regression,1,0.5122354205685766
108,2024,1,0,logistic_regression,0,0.37021170632774836
108,2024,2,0,logistic_regression,1,0.5781751075885057
108,2024,3,0,logistic_regression,1,0.575904309705187
108,2024,4,1,logistic_regression,1,0.6854489246380094
108,2024,5,1,logistic_regression,1,0.769891561035038
108,2024,6,1,logistic_regression,1,0.7068718063707362
109,2023,8,0,logistic_regression,1,0.5271602681492785
109,2023,9,0,logistic_regression,1,0.536900652529044
109,2023,10,0,logistic_regression,1,0.5567770469421877
109,2023,11,0,logistic_regression,1,0.5495254695543474
109,2023,12,0,logistic_regression,1,0.5138830915126622
109,2024,1,0,logistic_regression,0,0.36510623855929186
109,2024,2,0,logistic_regression,1,0.6769782048472125
109,2024,3,0,logistic_regression,1,0.7438887221704867
109,2024,4,0,logistic_regression,1,0.7548329955221839
109,2024,5,0,logistic_regression,1,0.8740187858541845
109,2024,6,1,logistic_regression,1,0.7371005799274356
110,2023,8,1,logistic_regression,1,0.526005488609993
110,2023,9,1,logistic_regression,1,0.5768396991967161
110,2023,10,1,logistic_regression,1,0.6073533899571582
110,2023,11,1,logistic_regression,1,0.7348192456755844
110,2023,12,1,logistic_regression,1,0.7119038964312067
110,2024,1,1,logistic_regression,1,0.6102492112678034
110,2024,2,1,logistic_regression,1,0.8505972315268038
110,2024,3,1,logistic_regression,1,0.816998118065517
110,2024,4,0,logistic_regression,1,0.879743243421998
110,2024,5,0,logistic_regression,1,0.8915868737029253
110,2024,6,1,logistic_regression,1,0.8000163965067004
111,2023,8,1,logistic_regression,1,0.9109071788267222
111,2023,9,1,logistic_regression,1,0.9164294837034711
111,2023,10,1,logistic_regression,1,0.9440524834838384
111,2023,11,1,logistic_regression,1,0.9671867373940674
111,2023,12,1,logistic_regression,1,0.9818437238930499
111,2024,1,1,logistic_regression,1,0.9617511510802451
111,2024,2,1,logistic_regression,1,0.9730417355854263
111,2024,3,1,logistic_regression,1,0.9763828703651111
111,2024,4,1,logistic_regression,1,0.9808373536895176
111,2024,5,1,logistic_regression,1,0.9788471476915269
111,2024,6,1,logistic_regression,1,0.9821211639776121
112,2023,8,1,logistic_regression,0,0.3198262823948908
112,2023,9,1,logistic_regression,0,0.4277898760710675
112,2023,10,1,logistic_regression,1,0.5514892292590172
112,2023,11,1,logistic_regression,1,0.6213976587711838
112,2023,12,0,logistic_regression,1,0.7662548385171858
112,2024,1,0,logistic_regression,0,0.491691574500418
112,2024,2,0,logistic_regression,1,0.6812138211496994
112,2024,3,0,logistic_regression,1,0.7032330011735944
112,2024,4,0,logistic_regression,1,0.7095673999135848
112,2024,5,1,logistic_regression,1,0.7463769912901043
112,2024,6,1,logistic_regression,1,0.5808247114213546
113,2023,8,1,logistic_regression,0,0.1814669242516781
113,2023,9,1,logistic_regression,0,0.3079734475986778
113,2023,10,1,logistic_regression,0,0.40894426878974277
113,2023,11,1,logistic_regression,0,0.47231091068028475
113,2023,12,0,logistic_regression,1,0.6800450847424624
113,2024,1,0,logistic_regression,0,0.28556788131442057
113,2024,2,0,logistic_regression,1,0.5330805799647707
113,2024,3,0,logistic_regression,1,0.5895544456542957
113,2024,4,0,logistic_regression,1,0.6309948970778575
113,2024,5,0,logistic_regression,1,0.6948757802819335
113,2024,6,0,logistic_regression,1,0.5944006808921165
114,2023,8,1,logistic_regression,0,0.1581252738306872
114,2023,9,1,logistic_regression,0,0.26552790016538846
114,2023,10,1,logistic_regression,0,0.2651713556174073
114,2023,11,1,logistic_regression,0,0.3042350995773857
114,2023,12,0,logistic_regression,1,0.5968460913097147
114,2024,1,0,logistic_regression,0,0.12560556511988455
114,2024,2,0,logistic_regression,0,0.47034220469567084
114,2024,3,0,logistic_regression,1,0.5092206148008949
114,2024,4,0,logistic_regression,1,0.6113920286417347
114,2024,5,0,logistic_regression,1,0.6530271251293747
114,2024,6,0,logistic_regression,1,0.5432301130301168
115,2023,8,1,logistic_regression,1,0.6064567701469189
115,2023,9,1,logistic_regression,1,0.6237200636187034
115,2023,10,1,logistic_regression,1,0.8027287920130279
115,2023,11,1,logistic_regression,1,0.8829912960720852
115,2023,12,1,logistic_regression,1,0.9252674008185968
115,2024,1,1,logistic_regression,1,0.8357948647090444
115,2024,2,1,logistic_regression,1,0.9360160936524475
115,2024,3,1,logistic_regression,1,0.9564882067062376
115,2024,4,1,logistic_regression,1,0.9729444939402709
115,2024,5,1,logistic_regression,1,0.9784829966773734
115,2024,6,1,logistic_regression,1,0.9519626859325615
116,2023,8,1,logistic_regression,0,0.23050060058916647
116,2023,9,1,logistic_regression,0,0.209286891977205
116,2023,10,1,logistic_regression,0,0.4583632053593232
116,2023,11,1,logistic_regression,1,0.5995128398447928
116,2023,12,1,logistic_regression,1,0.6187257955170198
116,2024,1,1,logistic_regression,0,0.36109704254159986
116,2024,2,1,logistic_regression,1,0.6614238313927425
116,2024,3,1,logistic_regression,1,0.5860887766830621
116,2024,4,1,logistic_regression,1,0.7739404398986564
116,2024,5,0,logistic_regression,1,0.8659274497514482
116,2024,6,0,logistic_regression,1,0.7348621386651668
117,2023,8,1,logistic_regression,0,0.25209488081192144
117,2023,9,1,logistic_regression,0,0.23238017459614846
117,2023,10,1,logistic_regression,0,0.47249207898403567
117,2023,11,1,logistic_regression,1,0.6046800834105486
117,2023,12,1,logistic_regression,1,0.6502421773283303
117,2024,1,1,logistic_regression,0,0.37122877594677905
117,2024,2,1,logistic_regression,1,0.6838079616595447
117,2024,3,1,logistic_regression,1,0.5923019382108599
117,2024,4,1,logistic_regression,1,0.7962374535226409
117,2024,5,0,logistic_regression,1,0.8704777447038663
117,2024,6,0,logistic_regression,1,0.762566348436612
118,2023,8,1,logistic_regression,1,0.9419407357254945
118,2023,9,1,logistic_regression,1,0.9123305783349043
118,2023,10,1,logistic_regression,1,0.9585864871637133
118,2023,11,1,logistic_regression,1,0.9787310278920085
118,2023,12,1,logistic_regression,1,0.9713416701051473
118,2024,1,1,logistic_regression,1,0.9259794807444466
118,2024,2,1,logistic_regression,1,0.9811483012376812
118,2024,3,1,logistic_regression,1,0.9694382435124951
118,2024,4,1,logistic_regression,1,0.9888286969885329
118,2024,5,1,logistic_regression,1,0.9877288614313603
118,2024,6,1,logistic_regression,1,0.9858613059615934
119,2023,8,1,logistic_regression,1,0.9393148004071188
119,2023,9,1,logistic_regression,1,0.8803058932668767
119,2023,10,1,logistic_regression,1,0.8979781273856369
119,2023,11,1,logistic_regression,1,0.9460892388686317
119,2023,12,1,logistic_regression,1,0.953267519901864
119,2024,1,1,logistic_regression,1,0.8700078463732709
119,2024,2,1,logistic_regression,1,0.9565592849931556
119,2024,3,1,logistic_regression,1,0.9234352624673654
119,2024,4,1,logistic_regression,1,0.9676344007228683
119,2024,5,1,logistic_regression,1,0.9744901553010451
119,2024,6,1,logistic_regression,1,0.9609934592905047
120,2023,8,0,logistic_regression,0,0.058617921873878064
120,2023,9,1,logistic_regression,0,0.05821226852516264
120,2023,10,1,logistic_regression,0,0.11051599336239029
120,2023,11,1,logistic_regression,0,0.1753788352877167
120,2023,12,1,logistic_regression,0,0.3853642508819812
120,2024,1,0,logistic_regression,0,0.10881708983532021
120,2024,2,1,logistic_regression,0,0.25324211132889907
120,2024,3,1,logistic_regression,0,0.37664643897497674
120,2024,4,1,logistic_regression,0,0.49271719780749645
120,2024,5,0,logistic_regression,1,0.6199432621400449
120,2024,6,1,logistic_regression,0,0.44672004682106725
121,2023,8,0,logistic_regression,0,0.10854648976264587
121,2023,9,1,logistic_regression,0,0.1038505272045714
121,2023,10,1,logistic_regression,0,0.16952884785997302
121,2023,11,1,logistic_regression,0,0.24549944066146925
121,2023,12,1,logistic_regression,0,0.4929732312382158
121,2024,1,0,logistic_regression,0,0.29816220606315297
121,2024,2,1,logistic_regression,0,0.4808680785127157
121,2024,3,1,logistic_regression,1,0.520031956704701
121,2024,4,1,logistic_regression,1,0.606686022172884
121,2024,5,0,logistic_regression,1,0.7487879294665968
121,2024,6,1,logistic_regression,1,0.6251940525613706
122,2023,8,1,logistic_regression,1,0.5633545480770884
122,2023,9,1,logistic_regression,1,0.7104663873518927
122,2023,10,1,logistic_regression,1,0.9547107800718431
122,2023,11,1,logistic_regression,1,0.9344545024833636
122,2023,12,1,logistic_regression,1,0.9271111109600417
122,2024,1,1,logistic_regression,1,0.8385304240425395
122,2024,2,1,logistic_regression,1,0.9449842771349856
122,2024,3,1,logistic_regression,1,0.9359511016771751
122,2024,4,1,logistic_regression,1,0.983020024855606
122,2024,5,0,logistic_regression,1,0.989261461723412
122,2024,6,0,logistic_regression,1,0.9764300286236763
124,2023,8,0,logistic_regression,0,0.4478753543172686
124,2023,9,1,logistic_regression,0,0.40246478114498146
124,2023,10,1,logistic_regression,1,0.5345522802747152
124,2023,11,1,logistic_regression,0,0.48442213302341514
124,2023,12,0,logistic_regression,1,0.7449064702705844
124,2024,1,1,logistic_regression,1,0.6090223787083358
124,2024,2,1,logistic_regression,1,0.6182956415167069
124,2024,3,1,logistic_regression,1,0.523834537855232
124,2024,4,0,logistic_regression,1,0.684170131512437
124,2024,5,0,logistic_regression,1,0.6803942319117126
125,2023,8,1,logistic_regression,1,0.6283275082126563
125,2023,9,1,logistic_regression,1,0.7194596700993071
125,2023,10,1,logistic_regression,1,0.9306615279594425
125,2023,11,1,logistic_regression,1,0.9174582827579185
125,2023,12,1,logistic_regression,1,0.9303261757710426
125,2024,1,1,logistic_regression,1,0.8316709335493173
125,2024,2,1,logistic_regression,1,0.9523821466551452
125,2024,3,1,logistic_regression,1,0.93182153315813
125,2024,4,1,logistic_regression,1,0.98141116836696
125,2024,5,0,logistic_regression,1,0.9814418744594897
125,2024,6,0,logistic_regression,1,0.9686834270836672
126,2023,8,1,logistic_regression,1,0.6633014495512314
126,2023,9,1,logistic_regression,0,0.3985809492893543
126,2023,10,1,logistic_regression,1,0.7275034646032535
126,2023,11,1,logistic_regression,1,0.6528077115289338
126,2023,12,1,logistic_regression,1,0.8937787112644894
126,2024,1,1,logistic_regression,1,0.7725838449848168
126,2024,2,0,logistic_regression,1,0.8809787917728041
126,2024,3,0,logistic_regression,1,0.8395567349615979
126,2024,4,1,logistic_regression,1,0.8740960195109798
126,2024,5,1,logistic_regression,1,0.9004167491109911
126,2024,6,1,logistic_regression,1,0.8355910952829042
127,2023,8,1,logistic_regression,0,0.3069760808091315
127,2023,9,1,logistic_regression,0,0.39019193441825356
127,2023,10,1,logistic_regression,1,0.5207126423300574
127,2023,11,1,logistic_regression,1,0.7068519780338293
127,2023,12,0,logistic_regression,1,0.7727760110677776
127,2024,1,1,logistic_regression,1,0.523115183145248
127,2024,2,1,logistic_regression,1,0.6972274669641553
127,2024,3,1,logistic_regression,1,0.7086752145432949
127,2024,4,1,logistic_regression,1,0.7988513640448025
127,2024,5,1,logistic_regression,1,0.8190566156316927
127,2024,6,1,logistic_regression,1,0.7776637578183052
128,2023,8,1,logistic_regression,0,0.4441816675295081
128,2023,9,0,logistic_regression,0,0.38856944914806163
128,2023,10,0,logistic_regression,0,0.495463424146778
128,2023,11,0,logistic_regression,1,0.5535977921892026
128,2023,12,0,logistic_regression,1,0.7088102199812355
128,2024,1,0,logistic_regression,0,0.4289041024775643
128,2024,2,0,logistic_regression,1,0.6363024096163774
128,2024,3,1,logistic_regression,1,0.6343838118812118
128,2024,4,1,logistic_regression,1,0.6961792726098665
128,2024,5,1,logistic_regression,1,0.7964074389713279
128,2024,6,0,logistic_regression,1,0.7646850833759415
129,2023,8,1,logistic_regression,0,0.4236484255003913
129,2023,9,0,logistic_regression,0,0.3885380253525701
129,2023,10,0,logistic_regression,0,0.47602922307722373
129,2023,11,0,logistic_regression,1,0.5293852909284259
129,2023,12,0,logistic_regression,1,0.6873413845289589
129,2024,1,0,logistic_regression,0,0.42116749538554177
129,2024,2,0,logistic_regression,1,0.618683195510063
129,2024,3,1,logistic_regression,1,0.6184413711460942
129,2024,4,1,logistic_regression,1,0.6804556717860316
129,2024,5,1,logistic_regression,1,0.7829180569007262
129,2024,6,0,logistic_regression,1,0.7454165703004016
131,2023,8,0,logistic_regression,0,0.12290894355778041
131,2023,9,0,logistic_regression,0,0.131767653316304
131,2023,10,0,logistic_regression,0,0.1676228070971874
131,2023,11,0,logistic_regression,0,0.2891669511092823
131,2023,12,0,logistic_regression,0,0.3766902910343729
131,2024,1,0,logistic_regression,0,0.17218346110983646
131,2024,2,0,logistic_regression,0,0.3346204997530186
131,2024,3,1,logistic_regression,0,0.35469238685633026
131,2024,4,1,logistic_regression,1,0.5112701733616546
131,2024,5,1,logistic_regression,1,0.5729623025237359
131,2024,6,0,logistic_regression,1,0.5640590117744283
132,2023,8,0,logistic_regression,0,0.12807874391312046
132,2023,9,0,logistic_regression,0,0.13512909901727208
132,2023,10,0,logistic_regression,0,0.16258521141522
132,2023,11,0,logistic_regression,0,0.23356741154316196
132,2023,12,0,logistic_regression,0,0.3244745366631864
132,2024,1,0,logistic_regression,0,0.18538308197181042
132,2024,2,0,logistic_regression,0,0.2621469029421961
132,2024,3,0,logistic_regression,0,0.2816034846399776
132,2024,4,0,logistic_regression,0,0.3309594751028698
132,2024,5,0,logistic_regression,0,0.40572126016641424
132,2024,6,0,logistic_regression,0,0.26555920060082067
133,2023,8,0,logistic_regression,0,0.22705087806782653
133,2023,9,0,logistic_regression,0,0.2321003326393817
133,2023,10,0,logistic_regression,0,0.2452519238833475
133,2023,11,0,logistic_regression,0,0.30150394643713874
133,2023,12,0,logistic_regression,0,0.4193620101351991
133,2024,1,0,logistic_regression,0,0.2735669663597298
133,2024,2,0,logistic_regression,0,0.37273031364727366
133,2024,3,0,logistic_regression,0,0.42529412742512857
133,2024,4,0,logistic_regression,0,0.43179347706970594
133,2024,5,0,logistic_regression,1,0.5831298426630158
133,2024,6,0,logistic_regression,0,0.4078967581947346
134,2023,8,0,logistic_regression,0,0.2089777749791218
134,2023,9,0,logistic_regression,0,0.200835751833932
134,2023,10,0,logistic_regression,0,0.311646516708454
134,2023,11,0,logistic_regression,0,0.3435784461396672
134,2023,12,0,logistic_regression,0,0.40218256035666716
134,2024,1,0,logistic_regression,0,0.23886136845177738
134,2024,2,0,logistic_regression,0,0.33798618843341527
134,2024,3,0,logistic_regression,0,0.3575657544446092
134,2024,4,0,logistic_regression,0,0.46732801860410494
134,2024,5,0,logistic_regression,0,0.48984582303237817
134,2024,6,0,logistic_regression,0,0.3795194043143035
135,2023,8,0,logistic_regression,0,0.3615550152536313
135,2023,9,0,logistic_regression,0,0.3217414111295677
135,2023,10,0,logistic_regression,0,0.34658716572136195
135,2023,11,0,logistic_regression,0,0.37825125180571284
135,2023,12,0,logistic_regression,1,0.5179646974804802
135,2024,1,0,logistic_regression,0,0.3669489057402955
135,2024,2,0,logistic_regression,0,0.4912406489549118
135,2024,3,0,logistic_regression,1,0.5784325960710103
135,2024,4,0,logistic_regression,0,0.4937196541885022
135,2024,5,0,logistic_regression,1,0.7073784379613851
135,2024,6,0,logistic_regression,1,0.5201935493415163
136,2023,8,1,logistic_regression,0,0.2863574826503728
136,2023,9,1,logistic_regression,0,0.2165355286292178
136,2023,10,1,logistic_regression,0,0.42990566312267325
136,2023,11,1,logistic_regression,1,0.6305449213201462
136,2023,12,1,logistic_regression,1,0.65830243448493
136,2024,1,1,logistic_regression,0,0.40326508738345773
136,2024,2,0,logistic_regression,1,0.6925191643891866
136,2024,3,0,logistic_regression,1,0.6049721831249721
136,2024,4,0,logistic_regression,1,0.7215105997201925
136,2024,5,0,logistic_regression,1,0.7826095181083523
136,2024,6,1,logistic_regression,1,0.6081847610751246
137,2023,8,1,logistic_regression,1,0.9666986538756444
137,2023,9,1,logistic_regression,1,0.9791419399582311
137,2023,10,1,logistic_regression,1,0.9902702973760242
137,2023,11,1,logistic_regression,1,0.975714770624563
137,2023,12,1,logistic_regression,1,0.9718789229381367
137,2024,1,1,logistic_regression,1,0.9581998948677082
137,2024,2,1,logistic_regression,1,0.9872212787183696
137,2024,3,1,logistic_regression,1,0.9860174951077364
137,2024,4,1,logistic_regression,1,0.9930430398661697
137,2024,5,0,logistic_regression,1,0.9924226966732026
137,2024,6,1,logistic_regression,1,0.9805490149399658
138,2023,8,1,logistic_regression,1,0.8323926457599515
138,2023,9,1,logistic_regression,1,0.5474547038475693
138,2023,10,1,logistic_regression,1,0.8904089787450141
138,2023,11,1,logistic_regression,1,0.8873443468742879
138,2023,12,1,logistic_regression,1,0.9422977620674675
138,2024,1,1,logistic_regression,1,0.9299610813966265
138,2024,2,1,logistic_regression,1,0.9756159932378314
138,2024,3,1,logistic_regression,1,0.9866643733096345
138,2024,4,1,logistic_regression,1,0.9655229754522088
138,2024,5,0,logistic_regression,1,0.9878697568356966
138,2024,6,1,logistic_regression,1,0.9449635224471318
139,2023,8,1,logistic_regression,0,0.226467629999857
139,2023,9,0,logistic_regression,0,0.29992146609748743
139,2023,10,0,logistic_regression,0,0.4625006208816272
139,2023,11,0,logistic_regression,1,0.5975825138294747
139,2023,12,0,logistic_regression,1,0.7136540921209638
139,2024,1,0,logistic_regression,0,0.4811552523090591
139,2024,2,1,logistic_regression,1,0.605996578766849
139,2024,3,1,logistic_regression,1,0.6682050645610302
139,2024,4,1,logistic_regression,1,0.602522035432945
139,2024,5,1,logistic_regression,1,0.766722670267055
139,2024,6,1,logistic_regression,0,0.49335991764884335
140,2023,8,1,logistic_regression,1,0.8815175817600186
140,2023,9,1,logistic_regression,1,0.9312828491727321
140,2023,10,1,logistic_regression,1,0.9820939756266789
140,2023,11,1,logistic_regression,1,0.9910424712657678
140,2023,12,1,logistic_regression,1,0.9811449164264159
140,2024,1,1,logistic_regression,1,0.9577187012710798
140,2024,2,1,logistic_regression,1,0.9842756945010506
140,2024,3,1,logistic_regression,1,0.9908103233873203
140,2024,4,1,logistic_regression,1,0.9829080390638749
140,2024,5,1,logistic_regression,1,0.9908180838986879
140,2024,6,1,logistic_regression,1,0.9773278896871579
143,2023,12,1,logistic_regression,1,0.9835438809514189
143,2024,1,1,logistic_regression,0,0.335870804206388
143,2024,2,1,logistic_regression,1,0.9820888768694642
143,2024,3,1,logistic_regression,1,0.9890352159486493
143,2024,4,1,logistic_regression,1,0.9938471941628475
143,2024,5,0,logistic_regression,1,0.9989827343161308
143,2024,6,1,logistic_regression,1,0.9981013101994584
1,2023,8,1,random_forest,1,0.6546663980936065
1,2023,9,1,random_forest,1,0.5859606938090017
1,2023,10,1,random_forest,1,0.6954012410863468
1,2023,11,1,random_forest,1,0.6988759256474926
1,2023,12,0,random_forest,1,0.5571193178815604
1,2024,1,1,random_forest,1,0.5496728223339202
1,2024,2,1,random_forest,1,0.6086740230866771
1,2024,3,1,random_forest,1,0.5777387212388895
1,2024,4,1,random_forest,1,0.624264511811655
1,2024,5,1,random_forest,1,0.6555303685944015
1,2024,6,1,random_forest,1,0.7015307321599882
2,2023,8,1,random_forest,1,0.8850880580123452
2,2023,9,1,random_forest,1,0.887080173036046
2,2023,10,1,random_forest,1,0.8131265589148228
2,2023,11,0,random_forest,1,0.8221403097758336
2,2023,12,1,random_forest,1,0.7947590193465511
2,2024,1,1,random_forest,1,0.8260336585504747
2,2024,2,1,random_forest,1,0.7541642373632704
2,2024,3,1,random_forest,1,0.7838895154985916
2,2024,4,1,random_forest,1,0.8442072731063539
2,2024,5,0,random_forest,1,0.8267781696583898
2,2024,6,0,random_forest,1,0.7825782877915668
3,2023,8,1,random_forest,1,0.830742327367691
3,2023,9,1,random_forest,1,0.8388322691422178
3,2023,10,1,random_forest,1,0.8285348277992763
3,2023,11,0,random_forest,1,0.7633661836738471
3,2023,12,1,random_forest,1,0.6542324194152379
3,2024,1,1,random_forest,1,0.713283519992863
3,2024,2,1,random_forest,1,0.689335705183537
3,2024,3,1,random_forest,1,0.7760207486894225
3,2024,4,1,random_forest,1,0.7355841003857749
3,2024,5,0,random_forest,1,0.7639452185448643
3,2024,6,0,random_forest,1,0.767789693457364
4,2023,8,1,random_forest,1,0.6069231933961318
4,2023,9,1,random_forest,1,0.581438734872875
4,2023,10,1,random_forest,1,0.6126066130673948
4,2023,11,0,random_forest,1,0.579066321535143
4,2023,12,1,random_forest,1,0.6422551305100437
4,2024,1,1,random_forest,1,0.6473813188839858
4,2024,2,1,random_forest,1,0.6888402308220495
4,2024,3,1,random_forest,1,0.7246340517643326
4,2024,4,1,random_forest,1,0.637760022513761
4,2024,5,1,random_forest,1,0.6310038561087413
4,2024,6,0,random_forest,1,0.6442553481048454
5,2023,8,1,random_forest,1,0.6205889381174586
5,2023,9,1,random_forest,1,0.5599814690488609
5,2023,10,1,random_forest,1,0.6376013696561277
5,2023,11,0,random_forest,1,0.5922863329455121
5,2023,12,1,random_forest,1,0.6449332661415842
5,2024,1,1,random_forest,1,0.6436255347282288
5,2024,2,1,random_forest,1,0.6604035227870633
5,2024,3,1,random_forest,1,0.7052796233768704
5,2024,4,1,random_forest,1,0.6522098283973837
5,2024,5,1,random_forest,1,0.6397349811577359
5,2024,6,0,random_forest,1,0.6071140944656696
6,2023,8,0,random_forest,1,0.7002589140517541
6,2023,9,1,random_forest,1,0.7083431580497026
6,2023,10,1,random_forest,1,0.6259868730572796
6,2023,11,1,random_forest,1,0.6018222771941637
6,2023,12,1,random_forest,1,0.6890268984536605
6,2024,1,1,random_forest,1,0.6697174627760547
6,2024,2,1,random_forest,1,0.6380620635309956
6,2024,3,1,random_forest,1,0.6936384222456221
6,2024,4,1,random_forest,1,0.6549208281648061
6,2024,5,1,random_forest,1,0.6553012498434726
6,2024,6,1,random_forest,1,0.6678528871312067
7,2023,8,0,random_forest,1,0.7266010723824979
7,2023,9,1,random_forest,1,0.6977412301842841
7,2023,10,1,random_forest,1,0.5921704390432292
7,2023,11,1,random_forest,1,0.5861089111717396
7,2023,12,1,random_forest,1,0.6812555124865568
7,2024,1,1,random_forest,1,0.6900720532989006
7,2024,2,1,random_forest,1,0.6674185152769959
7,2024,3,1,random_forest,1,0.6678041120786944
7,2024,4,1,random_forest,1,0.6681801519650443
7,2024,5,1,random_forest,1,0.6521647039791103
7,2024,6,1,random_forest,1,0.6871086393969503
8,2023,8,1,random_forest,0,0.4158883898268375
8,2023,9,1,random_forest,0,0.4826304739665601
8,2023,10,1,random_forest,1,0.5402703768314938
8,2023,11,0,random_forest,1,0.5079539135891884
8,2023,12,0,random_forest,1,0.5097603733257371
8,2024,1,1,random_forest,1,0.5285288434760347
8,2024,2,1,random_forest,1,0.5950347187227101
8,2024,3,1,random_forest,1,0.6837403592335414
8,2024,4,1,random_forest,1,0.5951180101588471
8,2024,5,1,random_forest,1,0.5926400669655626
8,2024,6,0,random_forest,1,0.5925320828701138
9,2023,8,1,random_forest,1,0.6031319599136825
9,2023,9,0,random_forest,1,0.5968174497251418
9,2023,10,0,random_forest,1,0.6853463530903183
9,2023,11,1,random_forest,1,0.6878714538916253
9,2023,12,1,random_forest,1,0.6245749836717357
9,2024,1,1,random_forest,1,0.603051613992227
9,2024,2,1,random_forest,1,0.5912035356833871
9,2024,3,1,random_forest,1,0.6478260496284871
9,2024,4,0,random_forest,1,0.6684162336939081
9,2024,5,0,random_forest,1,0.6524624480194575
9,2024,6,0,random_forest,1,0.6445839613825477
10,2023,8,1,random_forest,1,0.6186691368516174
10,2023,9,1,random_forest,1,0.6294911605682239
10,2023,10,1,random_forest,1,0.642752238349652
10,2023,11,1,random_forest,1,0.7000854801339174
10,2023,12,0,random_forest,1,0.597881861360289
10,2024,1,0,random_forest,1,0.6578826021665406
10,2024,2,0,random_forest,1,0.6150316201574335
10,2024,3,0,random_forest,1,0.597367132268428
10,2024,4,1,random_forest,1,0.6019340323184753
10,2024,5,1,random_forest,1,0.646337404997433
10,2024,6,1,random_forest,1,0.637528312976161
11,2023,8,1,random_forest,1,0.5096484766747942
11,2023,9,1,random_forest,1,0.5234875424442258
11,2023,10,1,random_forest,1,0.5451324804654856
11,2023,11,1,random_forest,1,0.6510399037371162
11,2023,12,1,random_forest,1,0.5860926777677722
11,2024,1,1,random_forest,1,0.5899029015159268
11,2024,2,1,random_forest,1,0.6146065569374493
11,2024,3,0,random_forest,1,0.679040359797683
11,2024,4,1,random_forest,1,0.5537977683561993
11,2024,5,1,random_forest,1,0.642984798528494
11,2024,6,1,random_forest,1,0.6586422605661711
13,2023,8,1,random_forest,1,0.6762562270704364
13,2023,9,1,random_forest,1,0.7765763686514905
13,2023,10,1,random_forest,1,0.7551611841695266
13,2023,11,1,random_forest,1,0.7095252861940619
13,2023,12,1,random_forest,1,0.69865132560432
13,2024,1,1,random_forest,1,0.7907250481894336
13,2024,2,1,random_forest,1,0.7622844260756675
13,2024,3,1,random_forest,1,0.7878176107284621
13,2024,4,1,random_forest,1,0.8210463756524111
13,2024,5,1,random_forest,1,0.7783253932057494
13,2024,6,0,random_forest,1,0.7727481212338105
14,2023,8,1,random_forest,1,0.7292523355101761
14,2023,9,1,random_forest,1,0.6573406180466647
14,2023,10,1,random_forest,1,0.6384176610961886
14,2023,11,1,random_forest,1,0.5770244433635277
14,2023,12,1,random_forest,1,0.6673124913416574
14,2024,1,1,random_forest,1,0.713445320447704
14,2024,2,1,random_forest,1,0.6497454623945295
14,2024,3,1,random_forest,1,0.6296462157808498
14,2024,4,1,random_forest,1,0.6375321257722673
14,2024,5,1,random_forest,1,0.6729995142053063
14,2024,6,1,random_forest,1,0.6176522883859561
15,2023,8,1,random_forest,1,0.9218543213248483
15,2023,9,1,random_forest,1,0.9268503842163301
15,2023,10,1,random_forest,1,0.7701181520178487
15,2023,11,1,random_forest,1,0.8690916808228031
15,2023,12,1,random_forest,1,0.8659439882002323
15,2024,1,1,random_forest,1,0.8438302138258889
15,2024,2,1,random_forest,1,0.8373146716904318
15,2024,3,1,random_forest,1,0.8801390717102571
15,2024,4,1,random_forest,1,0.8800067311689982
15,2024,5,1,random_forest,1,0.8841981969110194
15,2024,6,1,random_forest,1,0.8983037911220212
16,2023,8,1,random_forest,1,0.9424476982704524
16,2023,9,1,random_forest,1,0.8874650435964714
16,2023,10,1,random_forest,1,0.8788358121970835
16,2023,11,1,random_forest,1,0.8653558660169873
16,2023,12,1,random_forest,1,0.8189032585440738
16,2024,1,1,random_forest,1,0.8950421685503172
16,2024,2,1,random_forest,1,0.8966770594266789
16,2024,3,1,random_forest,1,0.9010533164784401
16,2024,4,1,random_forest,1,0.891779827853735
16,2024,5,1,random_forest,1,0.8854394140817777
16,2024,6,1,random_forest,1,0.9290344412163091
17,2023,8,1,random_forest,1,0.955101741920267
17,2023,9,1,random_forest,1,0.9228878757459197
17,2023,10,1,random_forest,1,0.9077762055248416
17,2023,11,1,random_forest,1,0.9280422005284776
17,2023,12,1,random_forest,1,0.9154073950159125
17,2024,1,1,random_forest,1,0.9584701433805659
17,2024,2,1,random_forest,1,0.8953298117024641
17,2024,3,1,random_forest,1,0.8779114246065547
17,2024,4,1,random_forest,1,0.9431769327071856
17,2024,5,1,random_forest,1,0.926423170605157
17,2024,6,1,random_forest,1,0.9559367961683752
18,2023,8,1,random_forest,1,0.9419340046349665
18,2023,9,1,random_forest,1,0.9563598458457049
18,2023,10,1,random_forest,1,0.8995342706843432
18,2023,11,1,random_forest,1,0.8893969090693986
18,2023,12,1,random_forest,1,0.8728628703193738
18,2024,1,1,random_forest,1,0.8830543778700418
18,2024,2,1,random_forest,1,0.8573838588976328
18,2024,3,1,random_forest,1,0.8696378613690467
18,2024,4,1,random_forest,1,0.8894221270882678
18,2024,5,1,random_forest,1,0.893574477516286
18,2024,6,1,random_forest,1,0.9023370783115513
19,2023,8,1,random_forest,0,0.4136629971103856
19,2023,9,1,random_forest,1,0.5155088104700677
19,2023,10,1,random_forest,0,0.4743210606588617
19,2023,11,1,random_forest,1,0.5533037165421038
19,2023,12,1,random_forest,1,0.5772251667146394
19,2024,1,1,random_forest,1,0.5318639360303277
19,2024,2,1,random_forest,1,0.5750670894092714
19,2024,3,0,random_forest,1,0.5825600245459571
19,2024,4,1,random_forest,1,0.5097426588144316
19,2024,5,1,random_forest,1,0.5566154164953889
19,2024,6,1,random_forest,1,0.5805483976663527
20,2023,8,0,random_forest,1,0.6920346124602349
20,2023,9,1,random_forest,1,0.6571174005631639
20,2023,10,1,random_forest,1,0.6108568112346437
20,2023,11,1,random_forest,1,0.6530717516514389
20,2023,12,0,random_forest,1,0.607115880479591
20,2024,1,0,random_forest,1,0.5848264120385291
20,2024,2,0,random_forest,1,0.6199639747231545
20,2024,3,0,random_forest,1,0.6653648712919358
20,2024,4,0,random_forest,1,0.6355123725157887
20,2024,5,0,random_forest,1,0.6373949554542871
20,2024,6,0,random_forest,1,0.6688533598937005
21,2023,8,0,random_forest,1,0.563023974589996
21,2023,9,0,random_forest,1,0.6264657002875432
21,2023,10,0,random_forest,1,0.6203834292931522
21,2023,11,0,random_forest,1,0.5927743485665358
21,2023,12,0,random_forest,1,0.5560581337795043
21,2024,1,0,random_forest,1,0.5390696479685299
21,2024,2,0,random_forest,1,0.5417689529306857
21,2024,3,0,random_forest,1,0.6430932418498281
21,2024,4,0,random_forest,1,0.5399014442178927
21,2024,5,0,random_forest,1,0.5689846546877019
21,2024,6,1,random_forest,1,0.6155323627993824
22,2023,8,1,random_forest,1,0.7176718690920018
22,2023,9,1,random_forest,1,0.6841521237714746
22,2023,10,1,random_forest,1,0.7695166370479644
22,2023,11,1,random_forest,1,0.8461874148912957
22,2023,12,1,random_forest,1,0.658797955367638
22,2024,1,1,random_forest,1,0.6401892606607406
22,2024,2,1,random_forest,1,0.7049409187964644
22,2024,3,1,random_forest,1,0.7295119629579163
22,2024,4,1,random_forest,1,0.7761818926514846
22,2024,5,1,random_forest,1,0.7437289124689577
22,2024,6,1,random_forest,1,0.7714502619277394
23,2023,8,1,random_forest,1,0.7423427963310986
23,2023,9,1,random_forest,1,0.7574889269647028
23,2023,10,1,random_forest,1,0.8044450434671238
23,2023,11,1,random_forest,1,0.7538229780333191
23,2023,12,1,random_forest,1,0.6817070900146667
23,2024,1,1,random_forest,1,0.7701561465622281
23,2024,2,1,random_forest,1,0.8256908789853078
23,2024,3,1,random_forest,1,0.8386597528262839
23,2024,4,1,random_forest,1,0.8639903835356624
23,2024,5,1,random_forest,1,0.8689555880983979
23,2024,6,1,random_forest,1,0.8373162972742856
24,2023,8,1,random_forest,1,0.7911220529036109
24,2023,9,1,random_forest,1,0.7727888301821227
24,2023,10,1,random_forest,1,0.8248174804274141
24,2023,11,1,random_forest,1,0.8224942093539614
24,2023,12,1,random_forest,1,0.7236523868939915
24,2024,1,1,random_forest,1,0.7366748283562978
24,2024,2,1,random_forest,1,0.7910162658823919
24,2024,3,1,random_forest,1,0.7845838705176726
24,2024,4,1,random_forest,1,0.8155122991691359
24,2024,5,1,random_forest,1,0.8108659095531066
24,2024,6,1,random_forest,1,0.81266295987852
25,2023,8,1,random_forest,1,0.7744478236009777
25,2023,9,1,random_forest,1,0.7515796305392836
25,2023,10,1,random_forest,1,0.713307413146869
25,2023,11,1,random_forest,1,0.7122710737891975
25,2023,12,1,random_forest,1,0.6464775181426407
25,2024,1,1,random_forest,1,0.7617659115338448
25,2024,2,1,random_forest,1,0.743035015460209
25,2024,3,1,random_forest,1,0.7213825007760836
25,2024,4,1,random_forest,1,0.7485185545322244
25,2024,5,1,random_forest,1,0.734752024402101
25,2024,6,1,random_forest,1,0.8267046557335296
26,2023,8,1,random_forest,1,0.5751553421631705
26,2023,9,1,random_forest,1,0.5917354126413279
26,2023,10,1,random_forest,1,0.6656995915167314
26,2023,11,1,random_forest,1,0.7157319291687404
26,2023,12,1,random_forest,1,0.679238057739074
26,2024,1,0,random_forest,1,0.6295822603345758
26,2024,2,0,random_forest,1,0.6426764464990844
26,2024,3,1,random_forest,1,0.6037357251170952
26,2024,4,1,random_forest,1,0.5816390754978308
26,2024,5,1,random_forest,1,0.7508175074978796
26,2024,6,1,random_forest,1,0.701781472871237
27,2023,8,1,random_forest,1,0.6412232023831007
27,2023,9,1,random_forest,1,0.6429849139630616
27,2023,10,1,random_forest,1,0.7103993247023928
27,2023,11,1,random_forest,1,0.6935103996455186
27,2023,12,1,random_forest,1,0.6056064027292982
27,2024,1,0,random_forest,1,0.6447573837384262
27,2024,2,1,random_forest,1,0.6169120179203413
27,2024,3,1,random_forest,1,0.6381198107519448
27,2024,4,1,random_forest,1,0.6618441739013725
27,2024,5,0,random_forest,1,0.6518030329794791
27,2024,6,1,random_forest,1,0.6641824725980284
28,2023,8,0,random_forest,0,0.28697502562482424
28,2023,9,0,random_forest,0,0.3470651014842409
28,2023,10,0,random_forest,0,0.37771868671258074
28,2023,11,0,random_forest,0,0.307656127269252
28,2023,12,0,random_forest,0,0.39168266327569107
28,2024,1,0,random_forest,0,0.39639363812690553
28,2024,2,0,random_forest,0,0.4531088101509936
28,2024,3,0,random_forest,1,0.5044418704961681
28,2024,4,0,random_forest,1,0.5237740920212791
28,2024,5,1,random_forest,1,0.5066452650619598
28,2024,6,1,random_forest,0,0.4292318642103563
29,2023,8,0,random_forest,0,0.45628907300620153
29,2023,9,0,random_forest,1,0.5052766671948676
29,2023,10,0,random_forest,0,0.4878041232965892
29,2023,11,1,random_forest,0,0.4811195509792149
29,2023,12,1,random_forest,1,0.5156457173165951
29,2024,1,1,random_forest,1,0.5697512654761743
29,2024,2,0,random_forest,1,0.6075236786070525
29,2024,3,0,random_forest,1,0.5655653903919587
29,2024,4,0,random_forest,0,0.4909827795658409
29,2024,5,0,random_forest,0,0.4315715542982703
29,2024,6,0,random_forest,0,0.4342448878223004
30,2023,8,1,random_forest,0,0.4630422754109432
30,2023,9,1,random_forest,0,0.49800421517852184
30,2023,10,0,random_forest,1,0.6064886072753772
30,2023,11,0,random_forest,1,0.6114454695349797
30,2023,12,0,random_forest,1,0.5387534334455103
30,2024,1,0,random_forest,1,0.5799193675422237
30,2024,2,0,random_forest,1,0.5589505954641801
30,2024,3,0,random_forest,1,0.6310497617400659
30,2024,4,0,random_forest,1,0.5401889327036038
30,2024,5,0,random_forest,1,0.5491611794093404
30,2024,6,0,random_forest,1,0.5485146076029521
31,2023,8,1,random_forest,0,0.4604124359944364
31,2023,9,1,random_forest,1,0.5324222538534605
31,2023,10,0,random_forest,1,0.6007007599056683
31,2023,11,0,random_forest,0,0.4732233748821803
31,2023,12,0,random_forest,0,0.4928318356600141
31,2024,1,0,random_forest,0,0.4722099830988044
31,2024,2,0,random_forest,1,0.6244747221028976
31,2024,3,0,random_forest,1,0.7440347774669819
31,2024,4,0,random_forest,1,0.690498285873829
31,2024,5,0,random_forest,1,0.7039621447419987
31,2024,6,0,random_forest,1,0.6595024813499957
32,2023,8,0,random_forest,0,0.23079848963117627
32,2023,9,0,random_forest,0,0.29276199033403655
32,2023,10,0,random_forest,0,0.26998640903667154
32,2023,11,0,random_forest,0,0.2828550264853536
32,2023,12,0,random_forest,0,0.2712893868446688
32,2024,1,0,random_forest,0,0.33543051496154913
32,2024,2,0,random_forest,0,0.32734728780028016
32,2024,3,0,random_forest,0,0.2747690876688843
32,2024,4,0,random_forest,0,0.2535345611385279
32,2024,5,0,random_forest,0,0.24460607400817774
32,2024,6,0,random_forest,0,0.25850996830028555
33,2023,8,0,random_forest,0,0.21114931432054976
33,2023,9,0,random_forest,0,0.30073526702123854
33,2023,10,0,random_forest,0,0.31257709953824925
33,2023,11,0,random_forest,0,0.27794294779307
33,2023,12,0,random_forest,0,0.3572858960731028
33,2024,1,0,random_forest,0,0.3164350111188724
33,2024,2,0,random_forest,0,0.39790918324591207
33,2024,3,0,random_forest,0,0.39149294818143393
33,2024,4,0,random_forest,0,0.3734992852547302
33,2024,5,0,random_forest,0,0.35903882892170763
33,2024,6,0,random_forest,0,0.3614946560775586
34,2023,8,0,random_forest,0,0.31472397966545224
34,2023,9,0,random_forest,0,0.2882615860777732
34,2023,10,0,random_forest,0,0.2745835467387306
34,2023,11,0,random_forest,0,0.2937723376362362
34,2023,12,0,random_forest,0,0.36692755477282785
34,2024,1,0,random_forest,0,0.3891964323405336
34,2024,2,0,random_forest,0,0.4489134137109369
34,2024,3,0,random_forest,0,0.3565993670530267
34,2024,4,0,random_forest,0,0.40800534543774614
34,2024,5,1,random_forest,0,0.3575367351014794
34,2024,6,1,random_forest,0,0.3859163867321015
35,2023,8,0,random_forest,0,0.44389295010122803
35,2023,9,0,random_forest,0,0.4788953400539286
35,2023,10,0,random_forest,1,0.5045202109370732
35,2023,11,0,random_forest,1,0.5213348925940231
35,2023,12,0,random_forest,1,0.5357599728682457
35,2024,1,0,random_forest,1,0.5603440280644023
35,2024,2,0,random_forest,1,0.5768623117658193
35,2024,3,0,random_forest,1,0.7262888519953195
35,2024,4,0,random_forest,1,0.6180805915823642
35,2024,5,0,random_forest,1,0.698145838718737
35,2024,6,0,random_forest,1,0.5606879350784831
36,2023,8,0,random_forest,0,0.4231771267082315
36,2023,9,0,random_forest,0,0.4559603983950985
36,2023,10,0,random_forest,0,0.4555315745306157
36,2023,11,0,random_forest,0,0.44874529387735684
36,2023,12,0,random_forest,0,0.4690821938868838
36,2024,1,0,random_forest,1,0.5065078616687376
36,2024,2,0,random_forest,1,0.5380414456181278
36,2024,3,0,random_forest,1,0.653702675516949
36,2024,4,0,random_forest,1,0.5362721211190629
36,2024,5,0,random_forest,1,0.5522791578657441
36,2024,6,0,random_forest,1,0.5482436441637993
37,2023,8,0,random_forest,0,0.30586846887263736
37,2023,9,0,random_forest,0,0.4304243856211038
37,2023,10,0,random_forest,0,0.46471341642572145
37,2023,11,1,random_forest,0,0.3928666111565676
37,2023,12,1,random_forest,1,0.5045357311499308
37,2024,1,1,random_forest,0,0.46654126829552034
37,2024,2,1,random_forest,1,0.6214994048782548
37,2024,3,1,random_forest,1,0.5540718860682657
37,2024,4,1,random_forest,1,0.5243821004679737
37,2024,5,0,random_forest,1,0.6092394142511939
37,2024,6,0,random_forest,1,0.6243575900396471
38,2023,8,0,random_forest,0,0.1745715508798139
38,2023,9,0,random_forest,0,0.24554123375007592
38,2023,10,0,random_forest,0,0.2169102720158882
38,2023,11,1,random_forest,0,0.23002965937146508
38,2023,12,1,random_forest,0,0.3333832443659815
38,2024,1,1,random_forest,0,0.3540925042742776
38,2024,2,1,random_forest,0,0.3496758146173465
38,2024,3,1,random_forest,0,0.43296754396898396
38,2024,4,1,random_forest,0,0.30242718157566373
38,2024,5,0,random_forest,0,0.3837024448263994
38,2024,6,0,random_forest,0,0.42796061858069
39,2023,8,0,random_forest,0,0.3366066138588917
39,2023,9,0,random_forest,0,0.4561837441795738
39,2023,10,0,random_forest,0,0.47369151200892123
39,2023,11,0,random_forest,0,0.44932537031598446
39,2023,12,0,random_forest,1,0.5099455172983047
39,2024,1,0,random_forest,0,0.4941081999365507
39,2024,2,0,random_forest,0,0.4586699673340208
39,2024,3,0,random_forest,1,0.5771842712210996
39,2024,4,0,random_forest,1,0.5614010262454519
39,2024,5,0,random_forest,1,0.5395769997592491
39,2024,6,0,random_forest,1,0.5212150923742271
40,2023,8,0,random_forest,0,0.3263609120372572
40,2023,9,0,random_forest,0,0.4031897996347846
40,2023,10,0,random_forest,1,0.5127333410319059
40,2023,11,0,random_forest,0,0.4315659940726764
40,2023,12,0,random_forest,1,0.5203768566309268
40,2024,1,0,random_forest,1,0.582697017223175
40,2024,2,0,random_forest,1,0.528268856059305
40,2024,3,0,random_forest,1,0.5661104023891487
40,2024,4,0,random_forest,0,0.46698940635554775
40,2024,5,0,random_forest,0,0.4673794688997113
40,2024,6,0,random_forest,0,0.41703680949927535
41,2023,8,1,random_forest,1,0.8842623497449318
41,2023,9,1,random_forest,1,0.7468435391766864
41,2023,10,1,random_forest,1,0.8137094506869068
41,2023,11,1,random_forest,1,0.764179574112239
41,2023,12,1,random_forest,1,0.747577174873974
41,2024,1,1,random_forest,1,0.7588247185939987
41,2024,2,1,random_forest,1,0.7141766760847212
41,2024,3,1,random_forest,1,0.7299506591943918
41,2024,4,1,random_forest,1,0.7779338920217604
41,2024,5,1,random_forest,1,0.7730392974456967
41,2024,6,0,random_forest,1,0.784460313741688
42,2023,8,1,random_forest,1,0.8783344968955114
42,2023,9,1,random_forest,1,0.7451948090752155
42,2023,10,1,random_forest,1,0.7983674155065087
42,2023,11,1,random_forest,1,0.7534591155285821
42,2023,12,1,random_forest,1,0.7332686817062175
42,2024,1,1,random_forest,1,0.7494127098508684
42,2024,2,1,random_forest,1,0.7099305412244525
42,2024,3,1,random_forest,1,0.7452667300060053
42,2024,4,1,random_forest,1,0.7875146091170879
42,2024,5,1,random_forest,1,0.7745698428261483
42,2024,6,0,random_forest,1,0.8014298993399845
43,2023,8,1,random_forest,0,0.41229325092382285
43,2023,9,1,random_forest,0,0.44213127688508846
43,2023,10,1,random_forest,0,0.45041985183907873
43,2023,11,0,random_forest,0,0.48447384501582474
43,2023,12,0,random_forest,1,0.5544450792273488
43,2024,1,0,random_forest,1,0.5772856398701078
43,2024,2,0,random_forest,0,0.4908314972983662
43,2024,3,0,random_forest,1,0.5599926989961936
43,2024,4,0,random_forest,1,0.5120140198938237
43,2024,5,0,random_forest,1,0.5491074910517096
43,2024,6,1,random_forest,1,0.5637502426066153
44,2023,8,1,random_forest,0,0.3680592042522576
44,2023,9,1,random_forest,0,0.4536577718448902
44,2023,10,1,random_forest,1,0.5078784373471517
44,2023,11,0,random_forest,0,0.4588500835515607
44,2023,12,0,random_forest,1,0.532407627057496
44,2024,1,0,random_forest,1,0.5391537114412164
44,2024,2,0,random_forest,1,0.6484688779289128
44,2024,3,0,random_forest,1,0.6660573603491787
44,2024,4,0,random_forest,1,0.6211584794644793
44,2024,5,0,random_forest,1,0.6614594593018014
44,2024,6,1,random_forest,1,0.558996787075683
45,2023,8,1,random_forest,1,0.6353510727697804
45,2023,9,1,random_forest,1,0.6262215929636951
45,2023,10,1,random_forest,1,0.7450897873500052
45,2023,11,1,random_forest,1,0.6252944927990723
45,2023,12,1,random_forest,1,0.6164772848499966
45,2024,1,1,random_forest,1,0.6014259544609557
45,2024,2,1,random_forest,1,0.676059389303497
45,2024,3,1,random_forest,1,0.686519801885857
45,2024,4,1,random_forest,1,0.6346973017109322
45,2024,5,1,random_forest,1,0.6471777038717008
45,2024,6,1,random_forest,1,0.622038876508092
46,2023,8,0,random_forest,1,0.5519020608597209
46,2023,9,0,random_forest,1,0.609329343341583
46,2023,10,1,random_forest,1,0.6281635812644287
46,2023,11,1,random_forest,1,0.5039047231703107
46,2023,12,1,random_forest,1,0.5052121748851731
46,2024,1,1,random_forest,1,0.553745604799147
46,2024,2,1,random_forest,1,0.6642861760769524
46,2024,3,1,random_forest,1,0.6627442626060273
46,2024,4,1,random_forest,1,0.6124231372270043
46,2024,5,1,random_forest,1,0.67775757628564
46,2024,6,1,random_forest,1,0.6393383115745829
47,2023,8,1,random_forest,1,0.8303729491093248
47,2023,9,1,random_forest,1,0.8751355703189608
47,2023,10,1,random_forest,1,0.8028992761557437
47,2023,11,0,random_forest,1,0.7731245183989476
47,2023,12,0,random_forest,1,0.7077778354067088
47,2024,1,1,random_forest,1,0.7191166791039546
47,2024,2,1,random_forest,1,0.6901276559626756
47,2024,3,1,random_forest,1,0.7449468311176414
47,2024,4,0,random_forest,1,0.7467767184215715
47,2024,5,0,random_forest,1,0.7569588876721551
47,2024,6,0,random_forest,1,0.7546509386636909
48,2023,8,0,random_forest,1,0.6308747578129825
48,2023,9,0,random_forest,1,0.6343781985240242
48,2023,10,0,random_forest,1,0.5170641688874072
48,2023,11,0,random_forest,1,0.5638944663783908
48,2023,12,0,random_forest,1,0.6135569771591164
48,2024,1,1,random_forest,1,0.6017367995645964
48,2024,2,1,random_forest,1,0.5669410304611683
48,2024,3,1,random_forest,1,0.7105837166000478
48,2024,4,1,random_forest,1,0.5990402745047315
48,2024,5,1,random_forest,1,0.640488039908154
48,2024,6,1,random_forest,1,0.6710890994314587
49,2023,8,1,random_forest,1,0.549892595849782
49,2023,9,1,random_forest,1,0.5302906883669468
49,2023,10,1,random_forest,1,0.6477582096415236
49,2023,11,1,random_forest,1,0.6024218990003604
49,2023,12,1,random_forest,1,0.5965661790930319
49,2024,1,1,random_forest,1,0.6203414345107634
49,2024,2,1,random_forest,1,0.5891378564713255
49,2024,3,1,random_forest,1,0.6045747261670232
49,2024,4,1,random_forest,1,0.5160670857726155
49,2024,5,1,random_forest,1,0.601497512278835
49,2024,6,0,random_forest,1,0.6953131645006523
50,2023,8,1,random_forest,0,0.3504841677975748
50,2023,9,1,random_forest,0,0.32916854528994416
50,2023,10,1,random_forest,0,0.4015277444811853
50,2023,11,1,random_forest,1,0.5303420610162495
50,2023,12,0,random_forest,1,0.548855856691491
50,2024,1,0,random_forest,1,0.5079791245567616
50,2024,2,0,random_forest,1,0.5410621148459607
50,2024,3,0,random_forest,0,0.4794602031470109
50,2024,4,0,random_forest,0,0.4898083742928323
50,2024,5,0,random_forest,1,0.5083708482115278
50,2024,6,0,random_forest,0,0.48122725422567253
51,2023,8,1,random_forest,0,0.4788474506899763
51,2023,9,1,random_forest,1,0.5234527690202736
51,2023,10,1,random_forest,1,0.6557020695081588
51,2023,11,1,random_forest,1,0.612496897350272
51,2023,12,0,random_forest,1,0.5505532605725985
51,2024,1,0,random_forest,1,0.5644530008694727
51,2024,2,0,random_forest,1,0.5547886065475072
51,2024,3,0,random_forest,1,0.5661203195361165
51,2024,4,0,random_forest,1,0.5600304905103151
51,2024,5,0,random_forest,1,0.5811220955110777
51,2024,6,0,random_forest,1,0.5529658436656865
52,2023,8,1,random_forest,1,0.6731010200271094
52,2023,9,1,random_forest,1,0.6910391953040755
52,2023,10,1,random_forest,1,0.6431765303315963
52,2023,11,1,random_forest,1,0.6293969964623454
52,2023,12,1,random_forest,1,0.6247465214606062
52,2024,1,1,random_forest,1,0.6548889588314106
52,2024,2,1,random_forest,1,0.7026488243090611
52,2024,3,1,random_forest,1,0.7164984809130163
52,2024,4,1,random_forest,1,0.7684977470214123
52,2024,5,0,random_forest,1,0.7602937054043745
52,2024,6,1,random_forest,1,0.6590831937944974
53,2023,8,0,random_forest,0,0.3753672129535131
53,2023,9,0,random_forest,0,0.41983927108179797
53,2023,10,0,random_forest,0,0.4865711452281479
53,2023,11,0,random_forest,1,0.5184520588588085
53,2023,12,1,random_forest,1,0.5967255885293364
53,2024,1,1,random_forest,1,0.5530014459164954
53,2024,2,1,random_forest,1,0.5596869680841638
53,2024,3,1,random_forest,1,0.6627595015575249
53,2024,4,1,random_forest,1,0.5944694938470605
53,2024,5,1,random_forest,1,0.6206824848935787
53,2024,6,1,random_forest,1,0.5911735532018394
54,2023,8,0,random_forest,0,0.48064648804349946
54,2023,9,0,random_forest,1,0.5675567993787213
54,2023,10,0,random_forest,1,0.5180628802694607
54,2023,11,0,random_forest,1,0.5406467668767378
54,2023,12,1,random_forest,1,0.5382162013222778
54,2024,1,1,random_forest,1,0.5289692263795487
54,2024,2,1,random_forest,1,0.6458604003752986
54,2024,3,1,random_forest,1,0.6579056755602788
54,2024,4,1,random_forest,1,0.577022104684917
54,2024,5,1,random_forest,1,0.6019042048216922
54,2024,6,1,random_forest,1,0.6259518859157782
55,2023,8,0,random_forest,0,0.3729281884075224
55,2023,9,0,random_forest,0,0.48888314191202786
55,2023,10,0,random_forest,1,0.5249433355665161
55,2023,11,1,random_forest,0,0.4564176508628022
55,2023,12,1,random_forest,1,0.5481960309434561
55,2024,1,1,random_forest,1,0.5132078889724381
55,2024,2,0,random_forest,1,0.6583780204964464
55,2024,3,0,random_forest,1,0.5951262434577227
55,2024,4,0,random_forest,1,0.5763797086519893
55,2024,5,0,random_forest,1,0.6169397899301388
55,2024,6,1,random_forest,1,0.5829256542718478
56,2023,8,0,random_forest,0,0.4629776861527444
56,2023,9,0,random_forest,1,0.5275362866977865
56,2023,10,0,random_forest,1,0.5552653431195634
56,2023,11,1,random_forest,0,0.49672686132260896
56,2023,12,1,random_forest,1,0.5806131310331282
56,2024,1,1,random_forest,1,0.5309167593889281
56,2024,2,0,random_forest,1,0.6342153212206605
56,2024,3,0,random_forest,1,0.6050308312333023
56,2024,4,0,random_forest,1,0.5748859760753746
56,2024,5,0,random_forest,1,0.6251602527119895
56,2024,6,1,random_forest,1,0.6665648360750418
57,2023,8,0,random_forest,0,0.25467160164160707
57,2023,9,0,random_forest,0,0.28681457284192613
57,2023,10,0,random_forest,0,0.3352982831991068
57,2023,11,0,random_forest,0,0.34956032140094373
57,2023,12,0,random_forest,0,0.4223316544990709
57,2024,1,0,random_forest,0,0.322698613292445
57,2024,2,1,random_forest,0,0.2856878951604652
57,2024,3,1,random_forest,0,0.2787459855254343
57,2024,4,1,random_forest,0,0.2139096264515117
57,2024,5,1,random_forest,0,0.3386501105830181
57,2024,6,1,random_forest,0,0.3296710463927988
58,2023,8,0,random_forest,0,0.25075242707475115
58,2023,9,0,random_forest,0,0.25610561620720246
58,2023,10,0,random_forest,0,0.259004123405861
58,2023,11,0,random_forest,0,0.35412469975876804
58,2023,12,0,random_forest,0,0.3362733434430628
58,2024,1,0,random_forest,0,0.34451734300722175
58,2024,2,1,random_forest,0,0.3603937566729527
58,2024,3,1,random_forest,0,0.23508450258167077
58,2024,4,1,random_forest,0,0.2853190319334865
58,2024,5,1,random_forest,0,0.3430022787861702
58,2024,6,1,random_forest,0,0.33737032997741195
59,2023,8,0,random_forest,0,0.24767304450046287
59,2023,9,0,random_forest,0,0.2649614096791448
59,2023,10,0,random_forest,0,0.22218544098439286
59,2023,11,0,random_forest,0,0.21671224510413684
59,2023,12,0,random_forest,0,0.30773437050856
59,2024,1,1,random_forest,0,0.39235308712265815
59,2024,2,1,random_forest,0,0.4791842192189308
59,2024,3,1,random_forest,0,0.3787473110037146
59,2024,4,0,random_forest,0,0.4169953979299401
59,2024,5,0,random_forest,0,0.4371388827180172
59,2024,6,0,random_forest,0,0.3226138581611329
60,2023,8,0,random_forest,1,0.7360259706033948
60,2023,9,0,random_forest,1,0.6640078050177647
60,2023,10,0,random_forest,1,0.5729343571970276
60,2023,11,0,random_forest,1,0.6661689099337549
60,2023,12,0,random_forest,1,0.737371326054543
60,2024,1,1,random_forest,1,0.8353513088848278
60,2024,2,1,random_forest,1,0.7835990035523682
60,2024,3,1,random_forest,1,0.7251391552805725
60,2024,4,0,random_forest,1,0.7181575031115456
60,2024,5,0,random_forest,1,0.5764478045984663
60,2024,6,0,random_forest,0,0.36656966157992155
61,2023,8,0,random_forest,0,0.4765856816288055
61,2023,9,0,random_forest,1,0.5866639559655868
61,2023,10,1,random_forest,0,0.4694544913740849
61,2023,11,1,random_forest,0,0.4739114039885673
61,2023,12,1,random_forest,1,0.572433765413656
61,2024,1,0,random_forest,1,0.5498235606342295
61,2024,2,0,random_forest,1,0.5886392055322014
61,2024,3,0,random_forest,1,0.601518285421563
61,2024,4,0,random_forest,1,0.5829127562504487
61,2024,5,0,random_forest,0,0.47136229464650864
61,2024,6,0,random_forest,1,0.5499994978095667
62,2023,8,0,random_forest,0,0.46130282788475846
62,2023,9,0,random_forest,1,0.5478609197684063
62,2023,10,1,random_forest,0,0.42007025551688604
62,2023,11,1,random_forest,0,0.46496697779050994
62,2023,12,1,random_forest,1,0.547701123188659
62,2024,1,0,random_forest,1,0.5171772664409913
62,2024,2,0,random_forest,1,0.6180616017692693
62,2024,3,0,random_forest,1,0.6057201534730078
62,2024,4,0,random_forest,1,0.6112102932215131
62,2024,5,0,random_forest,0,0.49383990693055335
62,2024,6,0,random_forest,1,0.5156245060938016
63,2023,8,0,random_forest,1,0.6469165978690044
63,2023,9,0,random_forest,1,0.5909014719461794
63,2023,10,0,random_forest,1,0.535153880913868
63,2023,11,1,random_forest,1,0.6095264293582862
63,2023,12,1,random_forest,1,0.5870663014922787
63,2024,1,1,random_forest,1,0.5690079736508474
63,2024,2,0,random_forest,1,0.5843714656809158
63,2024,3,1,random_forest,1,0.5199549141535373
63,2024,4,1,random_forest,1,0.5489568113553847
63,2024,5,1,random_forest,1,0.5535248835365305
63,2024,6,1,random_forest,1,0.6050600638733297
64,2023,8,1,random_forest,1,0.9237086270477574
64,2023,9,1,random_forest,1,0.9292110558551184
64,2023,10,0,random_forest,1,0.8965808548962699
64,2023,11,0,random_forest,1,0.7260726652186936
64,2023,12,0,random_forest,1,0.6829660663310138
64,2024,1,1,random_forest,1,0.6960685628486778
64,2024,2,1,random_forest,1,0.6745103974372019
64,2024,3,1,random_forest,1,0.788475482835529
64,2024,4,1,random_forest,1,0.7655649009248776
64,2024,5,1,random_forest,1,0.8061910787736165
64,2024,6,1,random_forest,1,0.8159055874136089
65,2023,8,1,random_forest,1,0.8560895637433432
65,2023,9,1,random_forest,1,0.8099389248528817
65,2023,10,0,random_forest,1,0.7543730043833495
65,2023,11,0,random_forest,1,0.7239771433883939
65,2023,12,0,random_forest,1,0.6347884142999087
65,2024,1,1,random_forest,1,0.735628065003803
65,2024,2,1,random_forest,1,0.7022483995947506
65,2024,3,1,random_forest,1,0.7551869272688996
65,2024,4,1,random_forest,1,0.7275632959259257
65,2024,5,1,random_forest,1,0.6935241731013074
65,2024,6,1,random_forest,1,0.7400302896246341
66,2023,8,0,random_forest,1,0.7609094661489406
66,2023,9,0,random_forest,1,0.7131497851056379
66,2023,10,0,random_forest,1,0.5766301810298348
66,2023,11,1,random_forest,1,0.6141539586487069
66,2023,12,1,random_forest,1,0.6049234428624181
66,2024,1,1,random_forest,1,0.595685353911717
66,2024,2,0,random_forest,1,0.5773509666598757
66,2024,3,1,random_forest,1,0.5190405785708203
66,2024,4,1,random_forest,1,0.5895413813425502
66,2024,5,1,random_forest,1,0.6760281873489391
66,2024,6,1,random_forest,1,0.692179181313191
67,2023,8,1,random_forest,1,0.5799317143981636
67,2023,9,0,random_forest,1,0.7119033358659822
67,2023,10,0,random_forest,1,0.5580090536340562
67,2023,11,0,random_forest,1,0.507531490246071
67,2023,12,0,random_forest,1,0.6169872774171914
67,2024,1,1,random_forest,1,0.5928600491762889
67,2024,2,1,random_forest,1,0.586354069318465
67,2024,3,1,random_forest,1,0.6460355530918156
67,2024,4,0,random_forest,1,0.6682792565494006
67,2024,5,0,random_forest,1,0.5924986467938207
67,2024,6,0,random_forest,1,0.6735848336541681
68,2023,8,1,random_forest,1,0.559790985663843
68,2023,9,0,random_forest,1,0.6408399959821934
68,2023,10,0,random_forest,1,0.5078178058057128
68,2023,11,0,random_forest,0,0.4806227695786159
68,2023,12,0,random_forest,1,0.516319807046461
68,2024,1,1,random_forest,0,0.44806671624725214
68,2024,2,1,random_forest,0,0.3551166453805987
68,2024,3,1,random_forest,0,0.48874588320756024
68,2024,4,0,random_forest,1,0.553602553925109
68,2024,5,0,random_forest,1,0.5966731983587764
68,2024,6,0,random_forest,1,0.5193575431051134
69,2023,8,1,random_forest,1,0.938420557498661
69,2023,9,1,random_forest,1,0.9569361268069485
69,2023,10,1,random_forest,1,0.9419960475353093
69,2023,11,1,random_forest,1,0.939073645770646
69,2023,12,1,random_forest,1,0.9099667870774475
69,2024,1,1,random_forest,1,0.9438598815085559
69,2024,2,1,random_forest,1,0.9188352617375782
69,2024,3,1,random_forest,1,0.9171912240779317
69,2024,4,1,random_forest,1,0.9634012191555422
69,2024,5,1,random_forest,1,0.930692443744504
69,2024,6,1,random_forest,1,0.9235475785180722
70,2023,8,1,random_forest,1,0.8399159814546735
70,2023,9,1,random_forest,1,0.7965089367339931
70,2023,10,0,random_forest,1,0.8280686009520918
70,2023,11,0,random_forest,1,0.7158734316305179
70,2023,12,0,random_forest,1,0.6225649628481142
70,2024,1,0,random_forest,1,0.6275270584742362
70,2024,2,0,random_forest,1,0.696592051514204
70,2024,3,1,random_forest,1,0.7675472340862136
70,2024,4,1,random_forest,1,0.7570806943841222
70,2024,5,1,random_forest,1,0.7902119829880391
70,2024,6,0,random_forest,1,0.7439096999299061
71,2023,8,1,random_forest,1,0.8352914914755446
71,2023,9,1,random_forest,1,0.8069596037483088
71,2023,10,0,random_forest,1,0.8378050002480887
71,2023,11,0,random_forest,1,0.748246250668428
71,2023,12,0,random_forest,1,0.6843074404903873
71,2024,1,0,random_forest,1,0.7141072773721622
71,2024,2,0,random_forest,1,0.7143025284897009
71,2024,3,1,random_forest,1,0.7741153023115909
71,2024,4,1,random_forest,1,0.7722763023093678
71,2024,5,1,random_forest,1,0.8068219650148606
71,2024,6,0,random_forest,1,0.7511726874806863
72,2023,8,1,random_forest,0,0.4381597005617271
72,2023,9,1,random_forest,1,0.5436621591629266
72,2023,10,1,random_forest,1,0.5440780329459278
72,2023,11,0,random_forest,1,0.5152840860461978
72,2023,12,1,random_forest,1,0.545998790091092
72,2024,1,1,random_forest,1,0.5544622268587657
72,2024,2,1,random_forest,0,0.3904935653558357
72,2024,3,1,random_forest,0,0.44307329434730536
72,2024,4,1,random_forest,1,0.610065243031572
72,2024,5,1,random_forest,1,0.6762894458990591
72,2024,6,0,random_forest,1,0.6945332012931756
73,2023,8,1,random_forest,1,0.6152169987633848
73,2023,9,1,random_forest,1,0.7154448072011002
73,2023,10,1,random_forest,1,0.6474435746987661
73,2023,11,0,random_forest,1,0.5602307568291148
73,2023,12,1,random_forest,1,0.6875707580669497
73,2024,1,1,random_forest,1,0.6767797569280862
73,2024,2,1,random_forest,1,0.6330288326149677
73,2024,3,1,random_forest,1,0.6695824798587852
73,2024,4,1,random_forest,1,0.7704002741202768
73,2024,5,1,random_forest,1,0.7479846190783072
73,2024,6,0,random_forest,1,0.7960764448324369
74,2023,8,1,random_forest,1,0.5448940519313594
74,2023,9,1,random_forest,1,0.5409952487773891
74,2023,10,1,random_forest,1,0.5156975552939512
74,2023,11,1,random_forest,1,0.5635274099206622
74,2023,12,1,random_forest,1,0.6735658937974323
74,2024,1,1,random_forest,1,0.7627115992636708
74,2024,2,1,random_forest,1,0.7340571811900719
74,2024,3,0,random_forest,1,0.7241880160519673
74,2024,4,0,random_forest,1,0.7008447545807974
74,2024,5,0,random_forest,1,0.7073148457317289
74,2024,6,1,random_forest,1,0.6070357327289756
75,2023,8,1,random_forest,1,0.6318244471418828
75,2023,9,1,random_forest,1,0.5853549334425975
75,2023,10,1,random_forest,1,0.5344084943138047
75,2023,11,1,random_forest,1,0.568471338111296
75,2023,12,1,random_forest,1,0.6766120758130033
75,2024,1,1,random_forest,1,0.7028491511667933
75,2024,2,1,random_forest,1,0.7575527219307804
75,2024,3,0,random_forest,1,0.7221679744513317
75,2024,4,0,random_forest,1,0.7208643579886279
75,2024,5,0,random_forest,1,0.7272253662865772
75,2024,6,1,random_forest,1,0.573269490162282
76,2023,8,0,random_forest,0,0.26634116349717885
76,2023,9,0,random_forest,0,0.3118599340090254
76,2023,10,0,random_forest,0,0.3479580511791872
76,2023,11,0,random_forest,0,0.36067193992153934
76,2023,12,0,random_forest,0,0.36982610636833607
76,2024,1,0,random_forest,0,0.3675987184334285
76,2024,2,0,random_forest,0,0.25581976334206563
76,2024,3,0,random_forest,0,0.35391729964528457
76,2024,4,1,random_forest,0,0.29238273555862876
76,2024,5,1,random_forest,0,0.34176031776746585
76,2024,6,1,random_forest,0,0.28484549305202916
77,2023,8,1,random_forest,1,0.9061514236965972
77,2023,9,1,random_forest,1,0.9199050864711021
77,2023,10,1,random_forest,1,0.8876400753849712
77,2023,11,1,random_forest,1,0.8571058352906831
77,2023,12,1,random_forest,1,0.8062754755055426
77,2024,1,1,random_forest,1,0.8190473253026547
77,2024,2,1,random_forest,1,0.838813881143802
77,2024,3,1,random_forest,1,0.8738304427921537
77,2024,4,1,random_forest,1,0.8382897788320899
77,2024,5,1,random_forest,1,0.8009760978628978
77,2024,6,1,random_forest,1,0.869805602268441
78,2023,8,1,random_forest,0,0.26141656441289585
78,2023,9,1,random_forest,0,0.28611970438830153
78,2023,10,1,random_forest,0,0.33421375953858046
78,2023,11,0,random_forest,0,0.3951486878839401
78,2023,12,0,random_forest,0,0.3970634776751197
78,2024,1,0,random_forest,0,0.4530360619251576
78,2024,2,0,random_forest,0,0.3901866707312296
78,2024,3,0,random_forest,0,0.3354012069642127
78,2024,4,0,random_forest,0,0.2826397469878164
78,2024,5,0,random_forest,0,0.328148409330645
78,2024,6,0,random_forest,0,0.2659464054092732
79,2023,8,1,random_forest,0,0.2962872232532336
79,2023,9,1,random_forest,0,0.3482984281190203
79,2023,10,1,random_forest,0,0.4505113979511918
79,2023,11,0,random_forest,0,0.42006191542098287
79,2023,12,0,random_forest,1,0.5258229555058134
79,2024,1,0,random_forest,1,0.5517795381539612
79,2024,2,0,random_forest,0,0.45048018445740107
79,2024,3,0,random_forest,0,0.3850111874235871
79,2024,4,0,random_forest,0,0.3872245615521192
79,2024,5,0,random_forest,0,0.4377078348139923
79,2024,6,0,random_forest,0,0.3114772324504884
80,2023,8,1,random_forest,1,0.5142755061152101
80,2023,9,0,random_forest,0,0.41555520797522355
80,2023,10,0,random_forest,0,0.4351010900053176
80,2023,11,0,random_forest,0,0.43612301859496566
80,2023,12,1,random_forest,0,0.4975896038959137
80,2024,1,1,random_forest,0,0.45353841968926484
80,2024,2,1,random_forest,0,0.3371007493566808
81,2023,8,1,random_forest,0,0.48007766154174314
81,2023,9,0,random_forest,0,0.4839698720738266
81,2023,10,0,random_forest,0,0.4220825846875255
81,2023,11,0,random_forest,0,0.4274120990782446
81,2023,12,1,random_forest,1,0.5204884747127958
81,2024,1,1,random_forest,0,0.38605743756867594
81,2024,2,1,random_forest,0,0.33236295572162117
81,2024,3,0,random_forest,0,0.36535300310455576
81,2024,4,0,random_forest,0,0.4114678762962442
81,2024,5,0,random_forest,0,0.4924877670848278
81,2024,6,0,random_forest,0,0.45002695458189457
82,2023,8,0,random_forest,0,0.24050488820370888
82,2023,9,0,random_forest,0,0.20968966905758063
82,2023,10,1,random_forest,0,0.25812722276632144
82,2023,11,1,random_forest,0,0.38162430631306127
82,2023,12,1,random_forest,0,0.4306531273730417
82,2024,1,0,random_forest,1,0.5416397685188582
82,2024,2,0,random_forest,0,0.49042103060192505
82,2024,3,0,random_forest,0,0.4574629890205383
82,2024,4,0,random_forest,0,0.38124142744050027
82,2024,5,0,random_forest,0,0.3168093448815699
82,2024,6,0,random_forest,0,0.26899699692894796
83,2023,8,0,random_forest,0,0.2837929063029589
83,2023,9,0,random_forest,0,0.2244257126883761
83,2023,10,1,random_forest,0,0.27899829197093595
83,2023,11,1,random_forest,0,0.3764427015445799
83,2023,12,1,random_forest,0,0.4518509211917377
83,2024,1,0,random_forest,1,0.5957129944279639
83,2024,2,0,random_forest,1,0.5286612772480092
83,2024,3,0,random_forest,1,0.5606161367162459
83,2024,4,0,random_forest,1,0.5328319736876383
83,2024,5,0,random_forest,0,0.49741459347142153
83,2024,6,0,random_forest,0,0.43417076468480803
84,2023,8,0,random_forest,0,0.27765664643604165
84,2023,9,0,random_forest,0,0.34736958395899237
84,2023,10,0,random_forest,0,0.47167260978935455
84,2023,11,0,random_forest,0,0.4724377451173884
84,2023,12,0,random_forest,0,0.4909089279054433
84,2024,1,0,random_forest,0,0.37894571321360415
84,2024,2,0,random_forest,0,0.3940446996116421
84,2024,3,0,random_forest,0,0.4137002224625528
84,2024,4,1,random_forest,0,0.42186766440884804
84,2024,5,1,random_forest,0,0.4726306530054201
84,2024,6,1,random_forest,0,0.45847886291640416
85,2023,8,0,random_forest,0,0.21952441378283463
85,2023,9,0,random_forest,0,0.2036555969699227
85,2023,10,0,random_forest,0,0.22012535819845827
85,2023,11,0,random_forest,0,0.3011802495249143
85,2023,12,0,random_forest,0,0.37668613707790893
85,2024,1,0,random_forest,0,0.37601126426755666
85,2024,2,1,random_forest,0,0.26368731550221963
85,2024,3,1,random_forest,0,0.2487763633012061
85,2024,4,1,random_forest,0,0.189259575344017
85,2024,5,0,random_forest,0,0.35008469778121337
85,2024,6,0,random_forest,0,0.31281590897005374
86,2023,8,1,random_forest,0,0.36546352076409294
86,2023,9,0,random_forest,0,0.46085530623766574
86,2023,10,0,random_forest,0,0.42015172318640986
86,2023,11,0,random_forest,0,0.45145521946549555
86,2023,12,0,random_forest,0,0.4086974359995411
86,2024,1,0,random_forest,0,0.35388166879977156
86,2024,2,1,random_forest,0,0.2858131628795908
86,2024,3,1,random_forest,0,0.2926499428255134
86,2024,4,1,random_forest,0,0.34026544149057175
86,2024,5,0,random_forest,0,0.4778720912447388
86,2024,6,0,random_forest,0,0.38088285631740165
87,2023,8,0,random_forest,0,0.4375844235896032
87,2023,9,0,random_forest,1,0.5169145667321652
87,2023,10,0,random_forest,1,0.5966201467812322
87,2023,11,0,random_forest,1,0.5615664687234397
87,2023,12,0,random_forest,1,0.5293641009252832
87,2024,1,0,random_forest,1,0.6031407485467101
87,2024,2,0,random_forest,1,0.6157203943409032
87,2024,3,0,random_forest,1,0.6867995420229942
87,2024,4,0,random_forest,1,0.6345366822360856
87,2024,5,1,random_forest,1,0.6321694641646355
87,2024,6,1,random_forest,1,0.5485981936368994
88,2023,8,0,random_forest,1,0.5830266174693403
88,2023,9,0,random_forest,1,0.6886361721974246
88,2023,10,0,random_forest,1,0.607690138273064
88,2023,11,0,random_forest,1,0.5719819722038318
88,2023,12,0,random_forest,1,0.601476334989024
88,2024,1,0,random_forest,1,0.6212252059492107
88,2024,2,1,random_forest,1,0.619497185142088
88,2024,3,1,random_forest,1,0.698971616233453
88,2024,4,1,random_forest,1,0.698020167946947
88,2024,5,1,random_forest,1,0.7196788571796875
88,2024,6,1,random_forest,1,0.6841870713336642
89,2023,8,0,random_forest,1,0.6291347598815278
89,2023,9,0,random_forest,1,0.7249954128786797
89,2023,10,0,random_forest,1,0.6378020627756231
89,2023,11,0,random_forest,1,0.6432148942120974
89,2023,12,0,random_forest,1,0.6897590553829078
89,2024,1,0,random_forest,1,0.7043748647873584
89,2024,2,1,random_forest,1,0.6833949046167542
89,2024,3,1,random_forest,1,0.742782325301631
89,2024,4,1,random_forest,1,0.7184536679782438
89,2024,5,1,random_forest,1,0.7254401609314965
89,2024,6,1,random_forest,1,0.7008322666882216
90,2023,8,1,random_forest,0,0.13474716325400823
90,2023,9,1,random_forest,0,0.23374533564532612
90,2023,10,1,random_forest,0,0.24237444233830435
90,2023,11,0,random_forest,0,0.3084962977878467
90,2023,12,0,random_forest,0,0.4443562397297513
90,2024,1,0,random_forest,0,0.4047265101677775
90,2024,2,0,random_forest,0,0.3328608547164044
90,2024,3,0,random_forest,0,0.26975185922812484
90,2024,4,0,random_forest,0,0.2326525833343445
90,2024,5,0,random_forest,0,0.22493804252438346
90,2024,6,0,random_forest,0,0.25046835446067195
91,2023,8,1,random_forest,0,0.25925359017797706
91,2023,9,1,random_forest,0,0.2759223046724826
91,2023,10,1,random_forest,0,0.27716191942759094
91,2023,11,0,random_forest,0,0.30644553497580984
91,2023,12,0,random_forest,0,0.43284267316991193
91,2024,1,0,random_forest,0,0.42099225025990444
91,2024,2,0,random_forest,0,0.3422546319414516
91,2024,3,0,random_forest,0,0.26538370639542747
91,2024,4,0,random_forest,0,0.25651682536140163
91,2024,5,0,random_forest,0,0.2826268745706756
91,2024,6,0,random_forest,0,0.2883369775792116
92,2023,8,0,random_forest,0,0.1901156535972341
92,2023,9,0,random_forest,0,0.2650556458544052
92,2023,10,0,random_forest,0,0.22577193196956644
92,2023,11,0,random_forest,0,0.24832749125110473
92,2023,12,1,random_forest,0,0.3522073539634526
92,2024,1,1,random_forest,0,0.27218969725183195
92,2024,2,1,random_forest,0,0.2740670639119632
92,2024,3,0,random_forest,0,0.4191340582616562
92,2024,4,0,random_forest,0,0.473510221037513
92,2024,5,0,random_forest,0,0.4167699865228046
92,2024,6,0,random_forest,0,0.3148078891595347
93,2023,8,0,random_forest,0,0.19488931034732074
93,2023,9,0,random_forest,0,0.237446594927088
93,2023,10,0,random_forest,0,0.2126741109515086
93,2023,11,0,random_forest,0,0.23290853268750317
93,2023,12,1,random_forest,0,0.3384314533189175
93,2024,1,1,random_forest,0,0.26978624325161243
93,2024,2,1,random_forest,0,0.2576167182728282
93,2024,3,0,random_forest,0,0.4024901660998851
93,2024,4,0,random_forest,0,0.43431013869352825
93,2024,5,0,random_forest,0,0.4522516981854024
93,2024,6,0,random_forest,0,0.35941438103458323
94,2023,8,1,random_forest,1,0.7439295662122642
94,2023,9,1,random_forest,1,0.6706321487127205
94,2023,10,1,random_forest,1,0.6690269392272502
94,2023,11,1,random_forest,1,0.6020210913970723
94,2023,12,1,random_forest,1,0.5828765862816834
94,2024,1,1,random_forest,1,0.6653171839299022
94,2024,2,1,random_forest,1,0.6642161622848219
94,2024,3,1,random_forest,1,0.5829246543835146
94,2024,4,0,random_forest,1,0.5332469181870595
94,2024,5,0,random_forest,1,0.5991118726184725
94,2024,6,1,random_forest,1,0.5282037892219217
95,2023,8,0,random_forest,0,0.38356069566548784
95,2023,9,0,random_forest,0,0.45293138991683946
95,2023,10,1,random_forest,1,0.503609391926889
95,2023,11,1,random_forest,1,0.5020934947136143
95,2023,12,1,random_forest,0,0.4552542922592166
95,2024,1,0,random_forest,0,0.4962318238396365
95,2024,2,0,random_forest,0,0.48605967242786646
95,2024,3,0,random_forest,1,0.5693271264832485
95,2024,4,0,random_forest,1,0.6124165712732944
95,2024,5,0,random_forest,1,0.6912504819723734
95,2024,6,0,random_forest,1,0.6253466132363672
96,2023,8,0,random_forest,0,0.3744174796145338
96,2023,9,0,random_forest,0,0.4527777687650571
96,2023,10,1,random_forest,0,0.4747510805636686
96,2023,11,1,random_forest,0,0.48221472435017715
96,2023,12,1,random_forest,0,0.4295760402528474
96,2024,1,0,random_forest,0,0.4232857188317273
96,2024,2,0,random_forest,1,0.5079602206642125
96,2024,3,0,random_forest,1,0.5610202269894958
96,2024,4,0,random_forest,1,0.5685809252793138
96,2024,5,1,random_forest,1,0.6493888431494039
96,2024,6,1,random_forest,1,0.6403689104572036
97,2023,8,1,random_forest,0,0.3991165862049818
97,2023,9,1,random_forest,0,0.4782938161977915
97,2023,10,1,random_forest,0,0.4617425699790249
97,2023,11,1,random_forest,0,0.4331051674514807
97,2023,12,1,random_forest,1,0.5793108200558906
97,2024,1,1,random_forest,1,0.6426347917840805
97,2024,2,0,random_forest,1,0.7381866047249332
97,2024,3,0,random_forest,1,0.6931653562319134
97,2024,4,0,random_forest,1,0.6693256895899437
97,2024,5,0,random_forest,1,0.6311637397958229
97,2024,6,0,random_forest,1,0.5687392757058486
98,2023,8,1,random_forest,0,0.36133907318588065
98,2023,9,1,random_forest,0,0.4618205538963619
98,2023,10,1,random_forest,0,0.4785377293196017
98,2023,11,1,random_forest,0,0.4362863170867299
98,2023,12,1,random_forest,1,0.5118856498531626
98,2024,1,1,random_forest,1,0.6392057097714934
98,2024,2,0,random_forest,1,0.7223367632558112
98,2024,3,0,random_forest,1,0.6954805802699146
98,2024,4,0,random_forest,1,0.6757774294099531
98,2024,5,0,random_forest,1,0.6260804901024847
98,2024,6,0,random_forest,1,0.5666378730040895
99,2023,8,0,random_forest,1,0.658609193812393
99,2023,9,1,random_forest,1,0.701805566277703
99,2023,10,1,random_forest,1,0.6246455955351704
99,2023,11,1,random_forest,1,0.6607611655837391
99,2023,12,1,random_forest,1,0.5210911263073056
99,2024,1,1,random_forest,1,0.6050121421690857
99,2024,2,1,random_forest,1,0.639760517987112
99,2024,3,1,random_forest,1,0.6023132898633133
99,2024,4,1,random_forest,1,0.5636846379046483
99,2024,5,1,random_forest,1,0.6294234518671796
99,2024,6,1,random_forest,1,0.6951225112247208
100,2023,8,0,random_forest,1,0.8457708861838634
100,2023,9,1,random_forest,1,0.8786066475460778
100,2023,10,1,random_forest,1,0.8221230234546051
100,2023,11,1,random_forest,1,0.7204639336700435
100,2023,12,1,random_forest,1,0.795384440231709
100,2024,1,1,random_forest,1,0.8733537291366984
100,2024,2,1,random_forest,1,0.7259375597001695
100,2024,3,1,random_forest,1,0.768967056811735
100,2024,4,1,random_forest,1,0.8847146222697071
100,2024,5,1,random_forest,1,0.8623654669496352
100,2024,6,1,random_forest,1,0.8730712629994605
101,2023,8,1,random_forest,1,0.7440699095013099
101,2023,9,1,random_forest,1,0.7403279683706754
101,2023,10,1,random_forest,1,0.7822103706811798
101,2023,11,1,random_forest,1,0.8008013287867012
101,2023,12,1,random_forest,1,0.7439700626225235
101,2024,1,1,random_forest,1,0.7921970502344161
101,2024,2,1,random_forest,1,0.7811871643141444
101,2024,3,1,random_forest,1,0.7697582329936346
101,2024,4,1,random_forest,1,0.7311587637356564
101,2024,5,1,random_forest,1,0.6746759587226311
101,2024,6,1,random_forest,1,0.6654941475831612
102,2023,8,1,random_forest,1,0.7729860947980224
102,2023,9,1,random_forest,1,0.7800932969262006
102,2023,10,1,random_forest,1,0.8279084316998827
102,2023,11,1,random_forest,1,0.8120618768090665
102,2023,12,1,random_forest,1,0.7685130308882154
102,2024,1,1,random_forest,1,0.8034545659704587
102,2024,2,1,random_forest,1,0.778691075215712
102,2024,3,1,random_forest,1,0.7755345991398721
102,2024,4,1,random_forest,1,0.7322298833882702
102,2024,5,1,random_forest,1,0.7211774297500815
102,2024,6,1,random_forest,1,0.6617450438780647
103,2023,8,1,random_forest,0,0.22894430833469903
103,2023,9,0,random_forest,0,0.2818680844855471
103,2023,10,0,random_forest,0,0.30421895986593045
103,2023,11,0,random_forest,0,0.2493711086079089
103,2023,12,0,random_forest,0,0.37735443984626993
103,2024,1,0,random_forest,0,0.33914801791403476
103,2024,2,0,random_forest,0,0.2940363638828224
103,2024,3,0,random_forest,0,0.2654364613668881
103,2024,4,0,random_forest,0,0.19623314442793843
103,2024,5,0,random_forest,0,0.25815925158913744
103,2024,6,0,random_forest,0,0.24702545048298888
104,2023,8,1,random_forest,0,0.2691604155882296
104,2023,9,0,random_forest,0,0.34134198256707504
104,2023,10,0,random_forest,0,0.39598609719126626
104,2023,11,0,random_forest,0,0.29696010415907886
104,2023,12,0,random_forest,0,0.3923267667700519
104,2024,1,0,random_forest,0,0.36839355750041325
104,2024,2,0,random_forest,0,0.4125339434451749
104,2024,3,0,random_forest,0,0.3907226716592792
104,2024,4,0,random_forest,0,0.39082500206395604
104,2024,5,0,random_forest,0,0.41960284139541665
104,2024,6,0,random_forest,0,0.34413289710044936
105,2023,8,1,random_forest,1,0.5911692551502432
105,2023,9,1,random_forest,1,0.5566576657625735
105,2023,10,1,random_forest,1,0.5605103731150421
105,2023,11,1,random_forest,1,0.5389198833962318
105,2023,12,1,random_forest,0,0.49612391925761246
105,2024,1,1,random_forest,1,0.5580077353045285
105,2024,2,0,random_forest,1,0.5937076639171579
105,2024,3,0,random_forest,1,0.5641029070867313
105,2024,4,0,random_forest,1,0.5809888985124375
105,2024,5,0,random_forest,1,0.594512779462238
105,2024,6,0,random_forest,1,0.6116134231942485
106,2023,8,1,random_forest,1,0.5172369472588957
106,2023,9,1,random_forest,1,0.5012927546188022
106,2023,10,1,random_forest,1,0.5905140341766166
106,2023,11,1,random_forest,1,0.6031382785014106
106,2023,12,1,random_forest,1,0.5439321204145763
106,2024,1,1,random_forest,1,0.5881216079036471
106,2024,2,0,random_forest,1,0.5533395433604841
106,2024,3,0,random_forest,1,0.5481135189522033
106,2024,4,0,random_forest,0,0.47974866096101776
106,2024,5,0,random_forest,1,0.5037244988275862
106,2024,6,0,random_forest,1,0.5294126118590895
107,2023,8,1,random_forest,1,0.9284409253579141
107,2023,9,1,random_forest,1,0.9295351324126856
107,2023,10,1,random_forest,1,0.9104243355300438
107,2023,11,1,random_forest,1,0.8786039825545271
107,2023,12,1,random_forest,1,0.8793708077948734
107,2024,1,1,random_forest,1,0.9049869884721727
107,2024,2,1,random_forest,1,0.9323411134461353
107,2024,3,1,random_forest,1,0.9187019137653306
107,2024,4,1,random_forest,1,0.9225889539972953
107,2024,5,1,random_forest,1,0.9212606895191118
107,2024,6,1,random_forest,1,0.9273872094527132
108,2023,8,0,random_forest,1,0.5182990813511289
108,2023,9,0,random_forest,1,0.5818793705613102
108,2023,10,0,random_forest,1,0.6156636396313236
108,2023,11,0,random_forest,1,0.5259933000394308
108,2023,12,0,random_forest,1,0.5428791849405696
108,2024,1,0,random_forest,1,0.548693047146582
108,2024,2,0,random_forest,0,0.48952666449111176
108,2024,3,0,random_forest,1,0.5789284464048361
108,2024,4,1,random_forest,1,0.5546981756961394
108,2024,5,1,random_forest,1,0.6246002612262974
108,2024,6,1,random_forest,1,0.5847937915119072
109,2023,8,0,random_forest,1,0.7709708219854373
109,2023,9,0,random_forest,1,0.7987157458138189
109,2023,10,0,random_forest,1,0.785835522247104
109,2023,11,0,random_forest,1,0.6754358022747353
109,2023,12,0,random_forest,1,0.6942617116176389
109,2024,1,0,random_forest,1,0.7109295711104051
109,2024,2,0,random_forest,1,0.7274162766106047
109,2024,3,0,random_forest,1,0.7935187164324794
109,2024,4,0,random_forest,1,0.7844095404172164
109,2024,5,0,random_forest,1,0.8097410978010624
109,2024,6,1,random_forest,1,0.7935732735029437
110,2023,8,1,random_forest,1,0.803120860253998
110,2023,9,1,random_forest,1,0.8068388126268212
110,2023,10,1,random_forest,1,0.6546538181836685
110,2023,11,1,random_forest,1,0.6273306799219563
110,2023,12,1,random_forest,1,0.6691188153002038
110,2024,1,1,random_forest,1,0.738137653864504
110,2024,2,1,random_forest,1,0.7295363484850964
110,2024,3,1,random_forest,1,0.6891325194406847
110,2024,4,0,random_forest,1,0.7247288294508568
110,2024,5,0,random_forest,1,0.74267132684904
110,2024,6,1,random_forest,1,0.7560802547961126
111,2023,8,1,random_forest,1,0.8134078881482626
111,2023,9,1,random_forest,1,0.7401247475544653
111,2023,10,1,random_forest,1,0.8290956312395197
111,2023,11,1,random_forest,1,0.839339414287781
111,2023,12,1,random_forest,1,0.7279601108737889
111,2024,1,1,random_forest,1,0.7113704531205232
111,2024,2,1,random_forest,1,0.6891038060081747
111,2024,3,1,random_forest,1,0.71037563619385
111,2024,4,1,random_forest,1,0.6832028526559626
111,2024,5,1,random_forest,1,0.6272578713394964
111,2024,6,1,random_forest,1,0.7176872112969307
112,2023,8,1,random_forest,1,0.5785497625702627
112,2023,9,1,random_forest,1,0.6117618593632779
112,2023,10,1,random_forest,1,0.6568409425551031
112,2023,11,1,random_forest,1,0.6654715198216657
112,2023,12,0,random_forest,1,0.6202636319678391
112,2024,1,0,random_forest,1,0.5960512145971105
112,2024,2,0,random_forest,1,0.5945919566425524
112,2024,3,0,random_forest,1,0.579020343692026
112,2024,4,0,random_forest,1,0.5780203648847855
112,2024,5,1,random_forest,1,0.568006169281405
112,2024,6,1,random_forest,1,0.5837624756049598
113,2023,8,1,random_forest,0,0.4556013445862258
113,2023,9,1,random_forest,0,0.4464462682539453
113,2023,10,1,random_forest,1,0.5309320411106886
113,2023,11,1,random_forest,1,0.5715785274718462
113,2023,12,0,random_forest,1,0.5782128985859052
113,2024,1,0,random_forest,1,0.5781707967879911
113,2024,2,0,random_forest,1,0.631664633955184
113,2024,3,0,random_forest,1,0.5762801756247394
113,2024,4,0,random_forest,0,0.4427744224645564
113,2024,5,0,random_forest,0,0.4482596751732992
113,2024,6,0,random_forest,0,0.4337593158724436
114,2023,8,1,random_forest,1,0.5911339848390305
114,2023,9,1,random_forest,0,0.4988568693506897
114,2023,10,1,random_forest,1,0.507635837848648
114,2023,11,1,random_forest,1,0.5809377693241271
114,2023,12,0,random_forest,1,0.5591923745678014
114,2024,1,0,random_forest,1,0.5621965257738512
114,2024,2,0,random_forest,1,0.5948888739837452
114,2024,3,0,random_forest,1,0.5971996198207318
114,2024,4,0,random_forest,1,0.5969663069623298
114,2024,5,0,random_forest,1,0.5711995754343158
114,2024,6,0,random_forest,1,0.5404755947703694
115,2023,8,1,random_forest,1,0.7986901308064793
115,2023,9,1,random_forest,1,0.814240536507797
115,2023,10,1,random_forest,1,0.830028970446758
115,2023,11,1,random_forest,1,0.7894099749419066
115,2023,12,1,random_forest,1,0.75056728703522
115,2024,1,1,random_forest,1,0.7973621451447154
115,2024,2,1,random_forest,1,0.7992442815883467
115,2024,3,1,random_forest,1,0.8577836906215908
115,2024,4,1,random_forest,1,0.768845171439414
115,2024,5,1,random_forest,1,0.803013680286621
115,2024,6,1,random_forest,1,0.7993831644116302
116,2023,8,1,random_forest,1,0.5438343521299878
116,2023,9,1,random_forest,0,0.48593359136752307
116,2023,10,1,random_forest,0,0.43346307256792765
116,2023,11,1,random_forest,0,0.4975009035265636
116,2023,12,1,random_forest,1,0.5637748418066638
116,2024,1,1,random_forest,0,0.4666315485251633
116,2024,2,1,random_forest,0,0.4345021993859111
116,2024,3,1,random_forest,1,0.6386222002848302
116,2024,4,1,random_forest,1,0.6003284963033935
116,2024,5,0,random_forest,1,0.6118263197169371
116,2024,6,0,random_forest,1,0.6375371057013615
117,2023,8,1,random_forest,1,0.5948734037024893
117,2023,9,1,random_forest,1,0.5745418582809113
117,2023,10,1,random_forest,1,0.5439334270057271
117,2023,11,1,random_forest,1,0.5798130901616768
117,2023,12,1,random_forest,1,0.5768528079899209
117,2024,1,1,random_forest,1,0.5707955127005275
117,2024,2,1,random_forest,1,0.5427582374907924
117,2024,3,1,random_forest,1,0.7159807149355482
117,2024,4,1,random_forest,1,0.6466375447246115
117,2024,5,0,random_forest,1,0.6346558583158679
117,2024,6,0,random_forest,1,0.6403491548446918
118,2023,8,1,random_forest,1,0.9411158625063871
118,2023,9,1,random_forest,1,0.9130179823469374
118,2023,10,1,random_forest,1,0.9329514296048742
118,2023,11,1,random_forest,1,0.903549772237859
118,2023,12,1,random_forest,1,0.9103576437793371
118,2024,1,1,random_forest,1,0.9093359344481511
118,2024,2,1,random_forest,1,0.9139394205296105
118,2024,3,1,random_forest,1,0.8817694504283983
118,2024,4,1,random_forest,1,0.9474897473027708
118,2024,5,1,random_forest,1,0.9107154721896726
118,2024,6,1,random_forest,1,0.9244502437267278
119,2023,8,1,random_forest,1,0.6827044974894344
119,2023,9,1,random_forest,1,0.6260077717077039
119,2023,10,1,random_forest,1,0.6719768942403277
119,2023,11,1,random_forest,1,0.6468014580594367
119,2023,12,1,random_forest,1,0.635520412920289
119,2024,1,1,random_forest,1,0.6450960388198913
119,2024,2,1,random_forest,1,0.6488957056217591
119,2024,3,1,random_forest,1,0.6338917760026939
119,2024,4,1,random_forest,1,0.6334374075282176
119,2024,5,1,random_forest,1,0.5812461650699506
119,2024,6,1,random_forest,1,0.5484736922178922
120,2023,8,0,random_forest,0,0.29441727094205156
120,2023,9,1,random_forest,0,0.41935920908814417
120,2023,10,1,random_forest,0,0.4195801796321375
120,2023,11,1,random_forest,0,0.3739870266496502
120,2023,12,1,random_forest,0,0.48691195181402086
120,2024,1,0,random_forest,1,0.5044986506119057
120,2024,2,1,random_forest,0,0.43553632918348995
120,2024,3,1,random_forest,0,0.3435129559279756
120,2024,4,1,random_forest,0,0.3468076150635923
120,2024,5,0,random_forest,0,0.4970482551291756
120,2024,6,1,random_forest,0,0.4475626210925092
121,2023,8,0,random_forest,0,0.27476206696864464
121,2023,9,1,random_forest,0,0.307507819614205
121,2023,10,1,random_forest,0,0.4768540897481885
121,2023,11,1,random_forest,0,0.4420383894667816
121,2023,12,1,random_forest,1,0.5234924587790456
121,2024,1,0,random_forest,1,0.5350876125702451
121,2024,2,1,random_forest,1,0.5926344556911006
121,2024,3,1,random_forest,1,0.536781122261752
121,2024,4,1,random_forest,0,0.454331710001774
121,2024,5,0,random_forest,1,0.5570214855722035
121,2024,6,1,random_forest,0,0.4680964721225206
122,2023,8,1,random_forest,1,0.8719588195492513
122,2023,9,1,random_forest,1,0.8909615046414712
122,2023,10,1,random_forest,1,0.8827299046619602
122,2023,11,1,random_forest,1,0.8890820207964769
122,2023,12,1,random_forest,1,0.8377271415239004
122,2024,1,1,random_forest,1,0.8915708703149475
122,2024,2,1,random_forest,1,0.8971333817299054
122,2024,3,1,random_forest,1,0.8942581101826302
122,2024,4,1,random_forest,1,0.9209833667147367
122,2024,5,0,random_forest,1,0.8893093252429827
122,2024,6,0,random_forest,1,0.8996396337064401
124,2023,8,0,random_forest,1,0.6896246032627357
124,2023,9,1,random_forest,1,0.7217084699881171
124,2023,10,1,random_forest,1,0.6639048936457159
124,2023,11,1,random_forest,1,0.6050261264841762
124,2023,12,0,random_forest,1,0.6103222687340922
124,2024,1,1,random_forest,1,0.5628424500231574
124,2024,2,1,random_forest,1,0.5351419147655009
124,2024,3,1,random_forest,1,0.5861578213889063
124,2024,4,0,random_forest,1,0.6016695829209101
124,2024,5,0,random_forest,1,0.5685128677912865
125,2023,8,1,random_forest,1,0.9018059929181679
125,2023,9,1,random_forest,1,0.9041570897615733
125,2023,10,1,random_forest,1,0.8840460901132036
125,2023,11,1,random_forest,1,0.870003059074238
125,2023,12,1,random_forest,1,0.8341589057790185
125,2024,1,1,random_forest,1,0.875116788339978
125,2024,2,1,random_forest,1,0.8707196658120104
125,2024,3,1,random_forest,1,0.8739694539981118
125,2024,4,1,random_forest,1,0.9069183086518162
125,2024,5,0,random_forest,1,0.8884707407148382
125,2024,6,0,random_forest,1,0.9302201387454626
126,2023,8,1,random_forest,1,0.7559256483715391
126,2023,9,1,random_forest,1,0.798661103052916
126,2023,10,1,random_forest,1,0.7465490282804523
126,2023,11,1,random_forest,1,0.6665901613024175
126,2023,12,1,random_forest,1,0.6260384031025803
126,2024,1,1,random_forest,1,0.6853803494147378
126,2024,2,0,random_forest,1,0.7110362179700391
126,2024,3,0,random_forest,1,0.650830226042241
126,2024,4,1,random_forest,1,0.6250744720742534
126,2024,5,1,random_forest,1,0.6407551170144087
126,2024,6,1,random_forest,1,0.6467506163771047
127,2023,8,1,random_forest,1,0.5654812583012515
127,2023,9,1,random_forest,1,0.5791259673772303
127,2023,10,1,random_forest,1,0.6215259548699318
127,2023,11,1,random_forest,1,0.6433755916319818
127,2023,12,0,random_forest,1,0.6006340239236152
127,2024,1,1,random_forest,1,0.5476978514523516
127,2024,2,1,random_forest,1,0.6163229020867971
127,2024,3,1,random_forest,0,0.49292527216921384
127,2024,4,1,random_forest,1,0.5846880317404657
127,2024,5,1,random_forest,1,0.5541145556931817
127,2024,6,1,random_forest,1,0.6542662910948356
128,2023,8,1,random_forest,1,0.5655527462910545
128,2023,9,0,random_forest,1,0.6049920641096839
128,2023,10,0,random_forest,1,0.620677264372481
128,2023,11,0,random_forest,1,0.5150242002681874
128,2023,12,0,random_forest,0,0.499094951361526
128,2024,1,0,random_forest,1,0.5836307023784796
128,2024,2,0,random_forest,1,0.6113688006891109
128,2024,3,1,random_forest,1,0.6757096773811768
128,2024,4,1,random_forest,1,0.6542971752062067
128,2024,5,1,random_forest,1,0.6781922227383392
128,2024,6,0,random_forest,1,0.591509656368606
129,2023,8,1,random_forest,1,0.5879943573759052
129,2023,9,0,random_forest,1,0.5985635645774552
129,2023,10,0,random_forest,1,0.6180134369049393
129,2023,11,0,random_forest,1,0.5218983712036733
129,2023,12,0,random_forest,1,0.5108717824540019
129,2024,1,0,random_forest,1,0.5511137387265477
129,2024,2,0,random_forest,1,0.5957160518808213
129,2024,3,1,random_forest,1,0.6540231691415973
129,2024,4,1,random_forest,1,0.6257894234828075
129,2024,5,1,random_forest,1,0.676600566679838
129,2024,6,0,random_forest,1,0.5492835689620396
131,2023,8,0,random_forest,0,0.30280084874074564
131,2023,9,0,random_forest,0,0.30415872001484395
131,2023,10,0,random_forest,0,0.49657506603580914
131,2023,11,0,random_forest,1,0.5647080556115209
131,2023,12,0,random_forest,1,0.5971463647778137
131,2024,1,0,random_forest,1,0.5611575143790001
131,2024,2,0,random_forest,1,0.5248652631876651
131,2024,3,1,random_forest,1,0.5084899121015986
131,2024,4,1,random_forest,0,0.4488161563479028
131,2024,5,1,random_forest,0,0.48445213858707536
131,2024,6,0,random_forest,0,0.4345631607939845
132,2023,8,0,random_forest,0,0.2749323890155902
132,2023,9,0,random_forest,0,0.3149178756607004
132,2023,10,0,random_forest,0,0.3381799424220145
132,2023,11,0,random_forest,0,0.29751665632589985
132,2023,12,0,random_forest,0,0.3428455381426892
132,2024,1,0,random_forest,0,0.38531172934498886
132,2024,2,0,random_forest,0,0.3701013095605965
132,2024,3,0,random_forest,0,0.3065241768751974
132,2024,4,0,random_forest,0,0.2521368407917295
132,2024,5,0,random_forest,0,0.28848157178746164
132,2024,6,0,random_forest,0,0.273798600156292
133,2023,8,0,random_forest,0,0.3178580460161454
133,2023,9,0,random_forest,0,0.46113614507003736
133,2023,10,0,random_forest,1,0.5377367918879326
133,2023,11,0,random_forest,0,0.4327333939395108
133,2023,12,0,random_forest,1,0.5467981736663249
133,2024,1,0,random_forest,0,0.49405352329495
133,2024,2,0,random_forest,1,0.526251425244563
133,2024,3,0,random_forest,1,0.5600147262631335
133,2024,4,0,random_forest,0,0.4856749749569258
133,2024,5,0,random_forest,1,0.502995263274519
133,2024,6,0,random_forest,0,0.4974959427032951
134,2023,8,0,random_forest,0,0.41125745431966326
134,2023,9,0,random_forest,0,0.3841903980250375
134,2023,10,0,random_forest,0,0.32121262658273925
134,2023,11,0,random_forest,0,0.3203737243388281
134,2023,12,0,random_forest,0,0.37451648979945273
134,2024,1,0,random_forest,0,0.38395463572197386
134,2024,2,0,random_forest,0,0.3653829571362762
134,2024,3,0,random_forest,0,0.3801068958279963
134,2024,4,0,random_forest,0,0.33091450096807806
134,2024,5,0,random_forest,0,0.357720153014976
134,2024,6,0,random_forest,0,0.31031601472207604
135,2023,8,0,random_forest,0,0.4353302934070864
135,2023,9,0,random_forest,0,0.44666903588527496
135,2023,10,0,random_forest,0,0.46255864048757606
135,2023,11,0,random_forest,0,0.4407439995348479
135,2023,12,0,random_forest,1,0.514297774509215
135,2024,1,0,random_forest,1,0.5217033379500141
135,2024,2,0,random_forest,1,0.5713879327105176
135,2024,3,0,random_forest,1,0.5851698713503299
135,2024,4,0,random_forest,1,0.5639312358509482
135,2024,5,0,random_forest,1,0.6072291902891696
135,2024,6,0,random_forest,1,0.528629725107568
136,2023,8,1,random_forest,0,0.4816914232455516
136,2023,9,1,random_forest,1,0.5923555229275054
136,2023,10,1,random_forest,1,0.599949190621884
136,2023,11,1,random_forest,1,0.7409340300175633
136,2023,12,1,random_forest,1,0.6280565982924716
136,2024,1,1,random_forest,1,0.6586404337776766
136,2024,2,0,random_forest,1,0.6927273939583062
136,2024,3,0,random_forest,1,0.6891557601520637
136,2024,4,0,random_forest,1,0.640514927499882
136,2024,5,0,random_forest,1,0.6687533254643347
136,2024,6,1,random_forest,1,0.5976158027272813
137,2023,8,1,random_forest,1,0.8914781136799121
137,2023,9,1,random_forest,1,0.90156966850104
137,2023,10,1,random_forest,1,0.8604415028285954
137,2023,11,1,random_forest,1,0.8043248278649527
137,2023,12,1,random_forest,1,0.836349628775821
137,2024,1,1,random_forest,1,0.913824156442779
137,2024,2,1,random_forest,1,0.8765031831385413
137,2024,3,1,random_forest,1,0.858650562551909
137,2024,4,1,random_forest,1,0.9163224169035533
137,2024,5,0,random_forest,1,0.8805272583711864
137,2024,6,1,random_forest,1,0.8463860679647129
138,2023,8,1,random_forest,1,0.8337276266568535
138,2023,9,1,random_forest,1,0.8297001393762048
138,2023,10,1,random_forest,1,0.8142177771979959
138,2023,11,1,random_forest,1,0.6996689663217337
138,2023,12,1,random_forest,1,0.7160981260862389
138,2024,1,1,random_forest,1,0.8045881714106778
138,2024,2,1,random_forest,1,0.8055628020630408
138,2024,3,1,random_forest,1,0.818679641549075
138,2024,4,1,random_forest,1,0.7818046282225236
138,2024,5,0,random_forest,1,0.7739911178255252
138,2024,6,1,random_forest,1,0.782807778903732
139,2023,8,1,random_forest,1,0.5771650705513749
139,2023,9,0,random_forest,1,0.6904079274665521
139,2023,10,0,random_forest,1,0.6316249505259234
139,2023,11,0,random_forest,1,0.6186723905026703
139,2023,12,0,random_forest,1,0.5861020802947279
139,2024,1,0,random_forest,1,0.6379641097153593
139,2024,2,1,random_forest,1,0.6364458364201738
139,2024,3,1,random_forest,1,0.6364432060396467
139,2024,4,1,random_forest,1,0.5951332523320215
139,2024,5,1,random_forest,1,0.6363236387194194
139,2024,6,1,random_forest,1,0.6193753719083458
140,2023,8,1,random_forest,1,0.8418543673266486
140,2023,9,1,random_forest,1,0.8710035570070829
140,2023,10,1,random_forest,1,0.9152000809317593
140,2023,11,1,random_forest,1,0.8932217079638768
140,2023,12,1,random_forest,1,0.8529173635810197
140,2024,1,1,random_forest,1,0.874450556548818
140,2024,2,1,random_forest,1,0.8074048879121036
140,2024,3,1,random_forest,1,0.8299253445486576
140,2024,4,1,random_forest,1,0.8924506014831168
140,2024,5,1,random_forest,1,0.866190750872683
140,2024,6,1,random_forest,1,0.8475254194882965
143,2023,12,1,random_forest,1,0.8770808002343901
143,2024,1,1,random_forest,1,0.8029728661342678
143,2024,2,1,random_forest,1,0.8954576334594594
143,2024,3,1,random_forest,1,0.9239473626811381
143,2024,4,1,random_forest,1,0.9487145534875704
143,2024,5,0,random_forest,1,0.9188550055987952
143,2024,6,1,random_forest,1,0.9018601702913349
