site_id,year,month,crash_count_2_5km,nearest_crash_distance_km,average_crash_distance_km,crash_happened_in_month_2_5km
1,2017,1,9,0.5728047390257447,1.855952077079012,1
1,2017,2,10,0.5728047390257447,1.7274662017252034,1
1,2017,3,10,0.5981828847941292,1.857090309411862,1
1,2017,4,4,1.5261838842784847,2.174813072238341,1
1,2017,5,8,0.5728047390257447,1.6749438904453835,1
1,2017,6,8,0.5467786747906214,1.5918126938944077,1
1,2017,7,9,0.2468810722563423,1.6994985842632029,1
1,2017,8,13,0.5910382924848491,2.014560665659288,1
1,2017,9,12,1.2916920462534405,2.1472872318377596,1
1,2017,10,11,1.3660552198145135,1.9042378669840099,1
1,2017,11,7,1.658221652598971,2.1129979062749986,1
1,2017,12,6,1.694647162311159,2.2074625505346037,1
1,2018,1,8,0.6458870243292942,1.6814067382809768,1
1,2018,2,13,0.2512816473757054,1.6011728738453952,1
1,2018,3,8,0.2512816473757054,1.3322849698759107,1
1,2018,4,7,0.9005703549965647,1.6307016444295444,1
1,2018,5,8,0.6481972369464827,1.9688643935855121,1
1,2018,6,9,0.6458870243292942,1.7739285671753349,1
1,2018,7,7,1.1098159560943346,1.7137536927597297,1
1,2018,8,4,1.5896657606511648,2.0120189275698337,1
1,2018,9,8,0.8862979036519595,1.6874177702830921,1
1,2018,10,7,0.8311532749631134,1.7315568608835732,1
1,2018,11,10,0.2512816473757054,1.8801592320931413,1
1,2018,12,4,1.749444004740301,2.0507461375769336,1
1,2019,1,8,0.7941015512355367,1.928290718735897,1
1,2019,2,8,1.6285755706313605,1.962710877322205,1
1,2019,3,10,0.5728047390257447,1.894165425746334,1
1,2019,4,8,0.2056366520774073,1.7445800153143631,1
1,2019,5,9,0.9507599906286304,1.7978713200226513,1
1,2019,6,7,1.4845376863546,2.0455695852968456,1
1,2019,7,8,0.2056366520774073,1.78443912840473,1
1,2019,8,6,0.5972105578423624,1.4880857213621894,1
1,2019,9,10,0.1456083565023246,1.8826972098549575,1
1,2019,10,13,1.1589177332827492,1.9986259193324634,1
1,2019,11,10,0.2417782945238176,1.5227796077164557,1
1,2019,12,3,0.1848954267263072,1.5048905843682292,1
1,2020,1,9,1.507524187378473,1.9605512072723106,1
1,2020,2,12,1.1307375817597187,1.8955935840554543,1
1,2020,3,3,1.07999839464503,1.6187485227222915,1
1,2020,4,5,1.561109498339752,1.9957947866889587,1
1,2020,5,4,2.000303283521162,2.103343229046867,1
1,2020,6,7,1.9326716106515616,2.2138869195421007,1
1,2020,7,14,0.5972105578423624,2.0110678238780517,1
1,2020,8,8,0.331674015744081,1.885722811569381,1
1,2020,9,13,0.965424576129112,2.118949193773393,1
1,2020,10,11,0.5981828847941292,1.9642428142982025,1
1,2020,11,7,1.047234705139659,1.882111276496648,1
1,2020,12,10,0.5728047390257447,1.7483742234806847,1
1,2021,1,6,0.6336456203489131,1.7446226749949527,1
1,2021,2,7,0.5796882934375847,1.6200490367175402,1
1,2021,3,5,0.649166217845214,1.7323881188878516,1
1,2021,4,5,1.3205848596004512,1.9371782621177338,1
1,2021,5,12,0.7941015512355367,1.9370569711552286,1
1,2021,6,11,0.8283488750018266,1.7030840558812423,1
1,2021,7,6,0.649166217845214,1.7631366508529809,1
1,2021,8,7,1.159095035474123,1.9006663611318984,1
1,2021,9,12,1.055973243327737,1.7989955285311172,1
1,2021,10,8,0.2295573190406159,1.5481497641338289,1
1,2021,11,15,0.1848954267263072,1.7038647548865384,1
1,2021,12,7,1.6285755706313605,1.998014189045749,1
1,2022,1,2,1.5008783173013382,1.6519391112193849,1
1,2022,2,6,1.6418115236439634,2.145632407118163,1
1,2022,3,8,1.024032236294328,2.01347633718528,1
1,2022,4,9,1.706761568805815,2.108890741910479,1
1,2022,5,12,0.805674656424492,1.8970939431205185,1
1,2022,6,19,0.6469479063627595,1.7644818490354597,1
1,2022,7,10,0.5971288813081389,1.4243032953917893,1
1,2022,8,9,0.9748773049347546,2.0459858851024313,1
1,2022,9,14,0.6491662798827775,1.616937536936092,1
1,2022,10,16,0.1575657378048483,1.6690950619811942,1
1,2022,11,15,1.5943673229400344,2.0456138778449064,1
1,2022,12,11,0.7661127499923202,1.8119470128465716,1
1,2023,1,9,1.6098303011599076,2.130187367191991,1
1,2023,2,9,0.6350758040337076,1.9361424707925852,1
1,2023,3,12,0.5054871997538742,1.7074568899994198,1
1,2023,4,16,0.213385482366535,1.734902264865613,1
1,2023,5,15,0.2519582970061602,1.7524946372134724,1
1,2023,6,10,0.6495912428318457,1.6294312922708172,1
1,2023,7,9,0.2519582970061602,1.3623361456402643,1
1,2023,8,11,1.5106646000662165,1.9312140133671711,1
1,2023,9,17,0.7419231183789851,1.7492855526813502,1
1,2023,10,13,0.2519582970061602,1.8288043803525211,1
1,2023,11,20,0.2519582970061602,1.8638263996211992,1
1,2023,12,9,0.2519582970061602,1.6429384123222306,1
1,2024,1,6,0.6495912428318457,1.4865630217709176,1
1,2024,2,11,0.7676317600574872,1.9722748220519057,1
1,2024,3,5,1.3989183390484226,1.8336135866805552,1
1,2024,4,11,0.1877411540581442,1.5798226212013455,1
1,2024,5,10,0.2519582970061602,1.8040182934746583,1
1,2024,6,10,0.8774619598670225,1.8788239674440923,1
1,2024,7,7,0.7318217565974703,1.8470291484901882,1
1,2024,8,12,0.2515973551979599,1.5564362611337066,1
1,2024,9,16,0.6494165555204929,1.882450807199849,1
1,2024,10,22,0.1877277464249541,1.8214248116872178,1
1,2024,11,6,0.883704139132326,1.4981823500952107,1
1,2024,12,6,0.9986043874111888,1.7588670623552105,1
2,2017,1,12,0.217599535438059,1.612336016190393,1
2,2017,2,5,0.9661820397295944,1.3226490469877425,1
2,2017,3,9,0.9661820397295944,1.9162984742141431,1
2,2017,4,8,0.1382308183811662,1.5124218965260439,1
2,2017,5,12,0.1382308183811662,1.6695119757409522,1
2,2017,6,17,0.2513456970542899,1.5658487192166934,1
2,2017,7,8,0.217599535438059,1.7789977384155788,1
2,2017,8,16,0.1382308183811662,1.6119566581477116,1
2,2017,9,11,1.3291616761742333,2.2338675027725157,1
2,2017,10,5,1.034888731153732,1.701941992670431,1
2,2017,11,11,0.9847327347325482,1.8546385529825906,1
2,2017,12,8,0.8943735301815771,1.676805536718084,1
2,2018,1,9,0.9929984014672424,1.6593971397074958,1
2,2018,2,9,0.0660776105202289,1.5035055705282194,1
2,2018,3,13,0.0488118568723446,1.68368874946232,1
2,2018,4,4,1.0910924595917366,1.8181103641248864,1
2,2018,5,13,0.0488118568723446,1.4204226311003518,1
2,2018,6,11,0.058601870143023,1.5136320658244828,1
2,2018,7,14,0.9392369506634652,1.7226920707438929,1
2,2018,8,13,0.0624090346974545,1.3788986560126952,1
2,2018,9,14,0.1382308183811662,1.8765631248775576,1
2,2018,10,12,0.8956206250176786,1.6222598772263888,1
2,2018,11,12,0.6088205486363271,1.697336292685888,1
2,2018,12,7,0.5245493013972407,1.456548483510797,1
2,2019,1,8,0.1513106882629191,1.5016474465648026,1
2,2019,2,10,1.181488109712544,1.9099287791826416,1
2,2019,3,10,0.1513106882629191,1.4589361946880053,1
2,2019,4,9,0.1513106882629191,1.538222407541821,1
2,2019,5,13,0.8399377657457658,1.621496301315843,1
2,2019,6,6,1.3358024756974824,1.630002191597133,1
2,2019,7,9,0.8063571493378555,1.671752892829121,1
2,2019,8,8,0.7829207725996964,1.692322202064804,1
2,2019,9,5,1.0207043886703082,1.7851916862163641,1
2,2019,10,12,0.144974771763006,1.506488199831037,1
2,2019,11,14,1.0464170928722925,1.798616482018801,1
2,2019,12,11,1.076970305612582,1.5983628064168,1
2,2020,1,10,0.3108616313605019,1.700032801852768,1
2,2020,2,3,1.0016660684921104,1.3657648198259607,1
2,2020,3,6,0.9847327347325482,1.6561290455797122,1
2,2020,4,3,1.176237973372245,1.6424142830473987,1
2,2020,5,3,1.0464170928722925,1.4475668152618286,1
2,2020,6,7,1.0833459670416643,1.6850560589447838,1
2,2020,7,8,0.6101523520003217,1.4421147297785457,1
2,2020,8,7,1.1302232739570273,1.794113484140513,1
2,2020,9,12,0.5236650417567879,1.3547613369079852,1
2,2020,10,9,1.0813156011829144,1.6617658808211926,1
2,2020,11,7,1.0612392761234546,1.6146935573329821,1
2,2020,12,9,0.340597181002522,1.4697947016987334,1
2,2021,1,9,0.0356162343921443,1.4310439785784426,1
2,2021,2,7,0.0494496934165794,1.3077588792717212,1
2,2021,3,7,0.3282955914794209,1.5559620654542674,1
2,2021,4,4,1.1790896652692135,1.5793965018335656,1
2,2021,5,11,0.144974771763006,1.6565118706931181,1
2,2021,6,16,0.3864310446751497,1.6940118085291882,1
2,2021,7,10,0.4921575543326958,1.5811256579289268,1
2,2021,8,8,0.9654520805374778,1.7695250085467735,1
2,2021,9,10,0.5236650417567879,1.6038732907010118,1
2,2021,10,17,0.144974771763006,1.376834383998186,1
2,2021,11,16,0.144974771763006,1.4605765138542335,1
2,2021,12,8,0.8933446158883731,1.7043569629228386,1
2,2022,1,10,0.144974771763006,1.350565952754652,1
2,2022,2,11,0.1540866261938494,1.5201662180378686,1
2,2022,3,14,0.144974771763006,1.6108195463918256,1
2,2022,4,8,0.1449746042088844,1.397411166654776,1
2,2022,5,12,0.1449746042088844,1.6733437916112266,1
2,2022,6,7,0.9752981643742208,1.5928530072654732,1
2,2022,7,10,0.3479083704719635,1.3814413084031316,1
2,2022,8,11,0.1140551667545227,1.4869944131614607,1
2,2022,9,11,0.9931560271401276,1.5185657265855037,1
2,2022,10,13,0.8484886225494015,1.780252516325415,1
2,2022,11,11,0.5000529579356451,1.6417278223726202,1
2,2022,12,10,1.0705065114177037,1.8462274007610233,1
2,2023,1,6,0.85180198298307,1.6769011700384944,1
2,2023,2,7,0.7198963303908384,1.805599201444022,1
2,2023,3,11,0.85180198298307,1.9429550053057154,1
2,2023,4,10,0.9356035924539674,1.4324752468086168,1
2,2023,5,12,0.6379680433846832,1.6341729713723039,1
2,2023,6,20,0.0356034298384892,1.6279074329322623,1
2,2023,7,11,0.0356034298384892,1.5136714997258274,1
2,2023,8,12,0.2847944747610374,1.4770924265064493,1
2,2023,9,14,0.0228928735192007,1.6826829367522476,1
2,2023,10,15,0.5001630124833852,1.629911713736989,1
2,2023,11,13,0.1622101419758527,1.4838081015133728,1
2,2023,12,7,1.04948975960278,1.621333348493309,1
2,2024,1,6,1.2980041286190271,1.5451049901754796,1
2,2024,2,7,2.143912938765802,2.317688001980503,1
2,2024,3,8,0.1274205488666126,1.2000019675058367,1
2,2024,4,6,1.172503045337702,1.5986358539090533,1
2,2024,5,10,0.3320262854257723,1.6883593967533497,1
2,2024,6,13,1.0291193571935189,1.6204557960078718,1
2,2024,7,7,1.0681374023458536,1.9625437779402333,1
2,2024,8,11,0.5486366996468082,1.5504887553057878,1
2,2024,9,14,0.9878919166513904,1.6801651593012346,1
2,2024,10,12,1.0284525415113752,1.665779428184747,1
2,2024,11,12,0.719915475108797,1.5631297175174137,1
2,2024,12,7,1.3527421046536607,1.9302305523704866,1
3,2017,1,12,0.2480497366510082,1.6074502191200792,1
3,2017,2,5,0.9797568889579952,1.333301679173242,1
3,2017,3,8,0.9797568889579952,1.8431373094212014,1
3,2017,4,8,0.1299972934344288,1.514143948257963,1
3,2017,5,12,0.1299972934344288,1.6810936801469485,1
3,2017,6,17,0.264608105046415,1.5777893109221346,1
3,2017,7,7,0.2480497366510082,1.6713219261502592,1
3,2017,8,16,0.1299972934344288,1.6141001774460473,1
3,2017,9,12,1.3391688654479346,2.261271361199215,1
3,2017,10,4,1.0489000752880682,1.5074032526348609,1
3,2017,11,11,0.9999895869771706,1.8488362751279679,1
3,2017,12,8,0.8815583029911164,1.6786451232219812,1
3,2018,1,9,1.0231400908711197,1.6678086038192632,1
3,2018,2,9,0.0853804971649203,1.5113527300418748,1
3,2018,3,13,0.0338127585002413,1.6863654351429749,1
3,2018,4,5,1.103695282082207,1.9532719957868452,1
3,2018,5,13,0.0338127585002413,1.4182562264275111,1
3,2018,6,11,0.0699392761880614,1.5154427450736867,1
3,2018,7,14,0.9525796239679186,1.7250290168657476,1
3,2018,8,13,0.0739119494694472,1.3830448394188306,1
3,2018,9,14,0.1299972934344288,1.8721034968894272,1
3,2018,10,12,0.9238056100790109,1.6237761654590648,1
3,2018,11,12,0.5964512166069205,1.7049818220428021,1
3,2018,12,7,0.5579313240561913,1.4690671566722815,1
3,2019,1,8,0.1418602032924802,1.5021944619549827,1
3,2019,2,10,1.191884534593013,1.923924694256978,1
3,2019,3,10,0.1418602032924802,1.4680969999505187,1
3,2019,4,9,0.1418602032924802,1.5467750511776142,1
3,2019,5,13,0.8288184803884062,1.6345100196197038,1
3,2019,6,6,1.342994319636614,1.6269556564831185,1
3,2019,7,9,0.8042794134987387,1.6835391817765342,1
3,2019,8,8,0.7808490146865151,1.6976756243815863,1
3,2019,9,5,1.0342790441545342,1.7958401806243234,1
3,2019,10,12,0.1380776771688201,1.5083501289223173,1
3,2019,11,14,1.057862446591111,1.8076040338810702,1
3,2019,12,10,1.0683155587352182,1.5216520296990972,1
3,2020,1,10,0.3239959053207637,1.705022589497912,1
3,2020,2,3,1.0274687462169738,1.3770651898663573,1
3,2020,3,6,0.9999895869771706,1.6629839699187503,1
3,2020,4,3,1.2142149595680394,1.6489569057330495,1
3,2020,5,3,1.057862446591111,1.4442895116949284,1
3,2020,6,7,1.093583305627711,1.6933137534854656,1
3,2020,7,8,0.6245192441916381,1.4502046316136679,1
3,2020,8,7,1.1678549120632036,1.8058613080295516,1
3,2020,9,12,0.5564668721375796,1.3586699601292782,1
3,2020,10,9,1.0683155587352182,1.6572322829411115,1
3,2020,11,7,1.0976594088154477,1.6356043004216896,1
3,2020,12,9,0.3679390654682842,1.4706559798149705,1
3,2021,1,8,0.0434587668736136,1.31033311392675,1
3,2021,2,7,0.0333416594065353,1.3073314416823976,1
3,2021,3,7,0.3086083727544801,1.558216708416028,1
3,2021,4,4,1.1485141742283993,1.5819772847521283,1
3,2021,5,10,0.1380776771688201,1.5765434130630014,1
3,2021,6,15,0.3748371386305747,1.6453147048249586,1
3,2021,7,10,0.4780393340001312,1.5798833533169672,1
3,2021,8,8,0.9790190144291044,1.7717616862907701,1
3,2021,9,10,0.557003408192626,1.6139169310932886,1
3,2021,10,18,0.1380776771688201,1.4462139485290366,1
3,2021,11,16,0.1380776771688201,1.4706217733898674,1
3,2021,12,8,0.903529074740871,1.7142580555224558,1
3,2022,1,11,0.1380776771688201,1.4583630423681697,1
3,2022,2,11,0.1252820184688461,1.5278299115938234,1
3,2022,3,14,0.1380776771688201,1.612911797301292,1
3,2022,4,8,0.1380774868321945,1.404260454988933,1
3,2022,5,12,0.1380774868321945,1.6771292052165483,1
3,2022,6,7,0.9613605119778554,1.5937097146350039,1
3,2022,7,10,0.3627127482617671,1.3874796789960044,1
3,2022,8,11,0.1261236652603976,1.4983745051149315,1
3,2022,9,11,1.006751666184147,1.5229577688162728,1
3,2022,10,13,0.8331014552505125,1.785703908476972,1
3,2022,11,11,0.4879540568173793,1.6451281147776322,1
3,2022,12,10,1.0853994053645004,1.846249200969769,1
3,2023,1,6,0.8659383586662442,1.6828250302420746,1
3,2023,2,7,0.7058770358578692,1.8112702139002423,1
3,2023,3,10,0.8659383586662442,1.8967683246235771,1
3,2023,4,10,0.913456487594359,1.4382860472757888,1
3,2023,5,11,0.6239738192942721,1.565014666003889,1
3,2023,6,20,0.0431141732799433,1.6307210886281596,1
3,2023,7,11,0.0431141732799433,1.518590053014505,1
3,2023,8,12,0.2872679991193163,1.483014088152956,1
3,2023,9,14,0.0173062483344605,1.6855725058704238,1
3,2023,10,15,0.4880717251845609,1.634004672850229,1
3,2023,11,13,0.1749033200585895,1.4914200122925771,1
3,2023,12,7,1.0855976360093578,1.6375904964334738,1
3,2024,1,6,1.264743319172366,1.5439133176520279,1
3,2024,2,7,2.14741240887622,2.319760800497825,1
3,2024,3,8,0.1167968617186964,1.2086483061365842,1
3,2024,4,6,1.210459278897986,1.598155820376964,1
3,2024,5,10,0.3452669675409494,1.7051179578720848,1
3,2024,6,13,1.015568332997639,1.6250300854410542,1
3,2024,7,6,1.104723043554531,1.8828236828260325,1
3,2024,8,11,0.5621065776622867,1.560251577429893,1
3,2024,9,14,0.963086758574637,1.6896638807573088,1
3,2024,10,12,1.043218818935923,1.6707583314266674,1
3,2024,11,12,0.7059297798786609,1.5654451496253579,1
3,2024,12,7,1.339220198951964,1.9230374363772096,1
4,2017,1,2,1.5237236020446052,1.8514707796235643,1
4,2017,2,2,1.8370232285029395,2.051907791754907,1
4,2017,4,3,2.194150411978995,2.312669899105955,1
4,2017,5,2,1.120528702351061,1.6254242498646976,1
4,2017,6,2,1.7366309541747893,1.782923921122061,1
4,2017,7,2,1.8057848846523896,1.8352347826580053,1
4,2017,8,1,1.7366309541747893,1.7366309541747893,1
4,2017,9,1,1.8057848846523896,1.8057848846523896,1
4,2017,10,2,2.0849659462329795,2.125518348686882,1
4,2017,11,3,1.9245446325590148,2.0516420950673453,1
4,2018,2,1,1.4117104924533537,1.4117104924533537,1
4,2018,4,4,0.5717449897854103,1.5546898287834399,1
4,2018,5,1,2.367483496222712,2.367483496222712,1
4,2018,6,1,1.0164212042756156,1.0164212042756156,1
4,2018,7,1,1.986251197193952,1.986251197193952,1
4,2018,9,3,1.5726205221295044,1.9629869134931692,1
4,2018,10,4,0.3091272463351798,1.5051504841682353,1
4,2018,11,2,1.274399057293307,1.8104392025439395,1
4,2018,12,2,1.4117104924533537,1.4580709982792732,1
4,2019,3,2,1.9256791840256964,2.028347140953177,1
4,2019,4,1,2.177075568722331,2.177075568722331,1
4,2019,6,1,2.255552508950566,2.255552508950566,1
4,2019,7,2,1.5238010118780685,1.6302341967805751,1
4,2019,8,3,1.736667381683082,2.035217813940722,1
4,2019,9,2,1.4503365357673823,1.4846624277207396,1
4,2019,10,2,1.4562997873084749,1.787351086691491,1
4,2019,12,1,2.2363938087113686,2.2363938087113686,1
4,2020,1,2,0.7102917009010489,1.452239423616791,1
4,2020,4,1,1.9101542823290736,1.9101542823290736,1
4,2020,5,2,1.3112414164951007,1.6476675007089878,1
4,2020,6,2,1.4508370828018329,1.813926475001054,1
4,2020,8,3,1.3838870333250777,1.8339412592170088,1
4,2020,9,1,2.177075568722331,2.177075568722331,1
4,2020,12,1,2.346350058866083,2.346350058866083,1
4,2021,1,1,2.31423821170352,2.31423821170352,1
4,2021,2,3,0.8090647182600744,1.328714833610819,1
4,2021,3,2,0.3116012702139466,1.244308568707111,1
4,2021,4,1,0.3116638581551975,0.3116638581551975,1
4,2021,6,2,1.3838870333250777,1.5602772075040798,1
4,2021,7,1,1.8813198230030608,1.8813198230030608,1
4,2021,8,1,1.7197247343687374,1.7197247343687374,1
4,2021,9,3,1.0482244790152275,1.437246533590933,1
4,2021,10,1,2.2033380985045783,2.2033380985045783,1
4,2021,11,2,0.3012681509898917,1.1807477372495152,1
4,2021,12,3,0.7879590983241377,1.6289119966936318,1
4,2022,2,2,1.51046902278897,1.746440131019503,1
4,2022,3,4,0.4434036864171976,1.6835325620608614,1
4,2022,5,3,1.16718748740774,1.583990529683471,1
4,2022,6,3,0.365553925352989,1.1792111796290812,1
4,2022,7,3,0.5553622074550575,1.4909583401697961,1
4,2022,8,2,0.3692747871154211,1.1030785713838065,1
4,2022,9,2,0.6096762448777414,1.0113111170013456,1
4,2022,10,2,1.4129459891249498,1.4129459891249498,1
4,2023,2,4,0.8317590768167766,1.7314806777945035,1
4,2023,3,2,0.3116016589948649,0.944630903403545,1
4,2023,4,2,0.1030021094240753,0.8036297513815618,1
4,2023,5,1,0.3726741699902174,0.3726741699902174,1
4,2023,6,6,0.3671070622974553,1.244310422822779,1
4,2023,7,3,1.2798960649989155,1.8704524584942714,1
4,2023,8,2,0.392137822280279,1.2615979976373934,1
4,2023,9,1,2.127484406820936,2.127484406820936,1
4,2023,10,1,0.4027561194962873,0.4027561194962873,1
4,2023,11,4,0.0974555955845561,1.135796031355506,1
4,2023,12,2,1.837023631215952,2.1078796269387063,1
4,2024,2,1,2.0961879059702087,2.0961879059702087,1
4,2024,3,1,0.3110117707731504,0.3110117707731504,1
4,2024,4,1,1.9871615125378344,1.9871615125378344,1
4,2024,5,1,2.1303202043115195,2.1303202043115195,1
4,2024,6,3,0.3671070622974553,1.3104295874952216,1
4,2024,7,2,1.6645627068819528,1.8215366208055046,1
4,2024,8,3,1.4437146693576317,1.8149614981890319,1
4,2024,9,5,1.2733708645647897,1.9122016286809163,1
4,2024,10,2,1.1973485905620005,1.7582183206130142,1
4,2024,11,3,0.3578291057825842,1.471189406426397,1
4,2024,12,1,2.2618949801829777,2.2618949801829777,1
5,2017,1,2,1.5224182765244312,1.8515937475055115,1
5,2017,2,2,1.838137843715926,2.052861015003535,1
5,2017,4,3,2.1928126496217444,2.3123086584659998,1
5,2017,5,2,1.123664061740275,1.6263611055664544,1
5,2017,6,2,1.73754273806511,1.7821070406345494,1
5,2017,7,2,1.8045110161481852,1.8337428565893146,1
5,2017,8,1,1.73754273806511,1.73754273806511,1
5,2017,9,1,1.8045110161481852,1.8045110161481852,1
5,2017,10,2,2.083726604467804,2.1256238161608048,1
5,2017,11,3,1.9232958705457188,2.0513376795198157,1
5,2018,2,1,1.4103789638051656,1.4103789638051656,1
5,2018,4,4,0.5696090746213797,1.556619341957773,1
5,2018,5,1,2.368160047024489,2.368160047024489,1
5,2018,6,1,1.023785494646686,1.023785494646686,1
5,2018,7,1,1.98604373473994,1.98604373473994,1
5,2018,9,3,1.5731404735872343,1.9610827173833698,1
5,2018,10,4,0.3080911397418702,1.503344329260446,1
5,2018,11,2,1.2810064877668328,1.8129507404654095,1
5,2018,12,2,1.4103789638051656,1.4567505161695566,1
5,2019,3,2,1.9244362234578407,2.027094851300534,1
5,2019,4,1,2.179152412834698,2.179152412834698,1
5,2019,6,1,2.253182319346488,2.253182319346488,1
5,2019,7,2,1.5224949892481534,1.6300372476872584,1
5,2019,8,3,1.7375795061263637,2.0360471692114346,1
5,2019,9,2,1.458196345858758,1.4874532795611426,1
5,2019,10,2,1.4549794743976356,1.7889137185017678,1
5,2019,12,1,2.242362963718231,2.242362963718231,1
5,2020,1,2,0.7090296914614799,1.4526194200602738,1
5,2020,4,1,1.9076384434942455,1.9076384434942455,1
5,2020,5,2,1.3180776359830435,1.6509597111881618,1
5,2020,6,2,1.4511703429589715,1.815130525437926,1
5,2020,8,3,1.382547607713709,1.835453161803053,1
5,2020,9,1,2.179152412834698,2.179152412834698,1
5,2020,12,1,2.344765446917675,2.344765446917675,1
5,2021,1,1,2.3129800519271324,2.3129800519271324,1
5,2021,2,3,0.8077581180709308,1.3262294825025907,1
5,2021,3,2,0.3106040896003566,1.2448473987586184,1
5,2021,4,1,0.310664404500402,0.310664404500402,1
5,2021,6,2,1.382547607713709,1.5600635569200363,1
5,2021,7,1,1.8748015305757904,1.8748015305757904,1
5,2021,8,1,1.7167147658178217,1.7167147658178217,1
5,2021,9,3,1.0517620113714776,1.4406099429251025,1
5,2021,10,1,2.209127837974541,2.209127837974541,1
5,2021,11,2,0.3022343221730439,1.1803377211962736,1
5,2021,12,3,0.7887385884438286,1.6290592632351044,1
5,2022,2,2,1.5109032474468131,1.7470010317366644,1
5,2022,3,4,0.4422652630093538,1.683155853333833,1
5,2022,5,3,1.1658535751264798,1.5859039244160458,1
5,2022,6,3,0.3644855569059973,1.1792685562337935,1
5,2022,7,3,0.5561945040267486,1.494147859686907,1
5,2022,8,2,0.3682021416500073,1.1030992793704981,1
5,2022,9,2,0.6084498016895851,1.0100326764626324,1
5,2022,10,2,1.4116155512356796,1.4116155512356796,1
5,2023,2,4,0.8383407337982857,1.7316028367916008,1
5,2023,3,2,0.3106044755056558,0.9444824555802309,1
5,2023,4,2,0.1039183906013578,0.8034330763873624,1
5,2023,5,1,0.371583282506346,0.371583282506346,1
5,2023,6,6,0.36602206792743,1.2446204252340562,1
5,2023,7,3,1.280004199830975,1.871541426842869,1
5,2023,8,2,0.3930379128319363,1.2615677850277702,1
5,2023,9,1,2.125898171442679,2.125898171442679,1
5,2023,10,1,0.3995598972372566,0.3995598972372566,1
5,2023,11,4,0.0965871666660616,1.1369542479008776,1
5,2023,12,2,1.8381382461429323,2.1087751470432163,1
5,2024,2,1,2.094530166324914,2.094530166324914,1
5,2024,3,1,0.3099874640782097,0.3099874640782097,1
5,2024,4,1,1.9870532762592488,1.9870532762592488,1
5,2024,5,1,2.1290585565937508,2.1290585565937508,1
5,2024,6,3,0.36602206792743,1.3141647700897114,1
5,2024,7,2,1.6602463185142275,1.8192507486121732,1
5,2024,8,3,1.4423922534413205,1.8156172059927222,1
5,2024,9,5,1.279975361486314,1.9125496416971086,1
5,2024,10,2,1.1900268389125055,1.7537860331307114,1
5,2024,11,3,0.3567528360272894,1.4699242176300134,1
5,2024,12,1,2.260443226182022,2.260443226182022,1
6,2017,1,6,0.712285066851623,1.5874205115047586,1
6,2017,2,5,0.3508391096085228,1.5353420740825037,1
6,2017,3,8,0.712285066851623,1.511648301360678,1
6,2017,4,6,1.0380414388567445,1.6748352878107564,1
6,2017,5,6,1.2980214726481842,1.9540995036652145,1
6,2017,6,6,0.5254975920021572,1.6060499112423097,1
6,2017,7,6,1.249867608977192,1.7284602929106516,1
6,2017,8,4,1.1995056025584916,1.4295230813144024,1
6,2017,9,6,0.6214885503063148,1.4853701432746689,1
6,2017,10,5,0.3597275958153735,1.1064679278583185,1
6,2017,11,7,0.2546498464761961,0.7619734306804105,1
6,2017,12,7,0.9898935630508244,1.895925312516581,1
6,2018,1,9,0.8816761570804429,1.8226614764484752,1
6,2018,2,2,1.5640592142849088,1.8764075853428492,1
6,2018,3,5,0.6387833634572643,1.8493983156858433,1
6,2018,4,7,0.328136117534793,1.6428540076782128,1
6,2018,5,7,0.6214885503063148,1.4106636030224498,1
6,2018,6,6,0.5696799830708486,1.652669478034545,1
6,2018,7,5,1.1641900948360386,1.7932268750273608,1
6,2018,8,4,0.62603125194371,1.458536817979191,1
6,2018,9,5,1.8174478810852768,2.1960372552069956,1
6,2018,10,6,0.3143213021613817,0.8387293476050705,1
6,2018,11,6,0.6083653981974312,1.5320474456951045,1
6,2018,12,5,0.2003643004808122,1.3309163013000664,1
6,2019,1,5,1.1807588081583726,1.8556016249034237,1
6,2019,2,6,0.4425523775541927,1.1430347052567464,1
6,2019,3,6,0.2032493011944094,1.596926302236317,1
6,2019,4,4,0.3820549183127724,1.372815729491531,1
6,2019,5,8,0.5164550448311122,1.447414929141978,1
6,2019,6,9,0.2451870154221798,1.0652316359917557,1
6,2019,7,9,0.4257662174834668,1.7006266614346173,1
6,2019,8,7,0.28235422106525,1.4376186127464805,1
6,2019,9,3,0.309818558549881,1.040889168380944,1
6,2019,10,7,1.2176019347613056,1.579751471142844,1
6,2019,11,3,1.2194381100326286,1.2380279379184742,1
6,2019,12,7,0.3281693759438243,1.2702751512553394,1
6,2020,1,4,0.2433573231693747,1.2357703764436878,1
6,2020,2,5,0.1512132706491838,1.0787583686807893,1
6,2020,3,4,0.712285066851623,1.4422050928037535,1
6,2020,4,3,1.1304798670897216,1.8079981426489118,1
6,2020,5,6,0.4490120053605089,1.417633418108659,1
6,2020,6,4,1.207120874744103,1.4272647671297676,1
6,2020,7,4,1.5301471882121804,1.842008631297911,1
6,2020,8,9,0.3508792418289024,1.1011859555325143,1
6,2020,9,7,0.2898817495253076,1.2186820028162568,1
6,2020,10,6,0.2905732992394289,1.4349439315922574,1
6,2020,11,3,0.4016315887693101,1.1988651969472846,1
6,2020,12,4,0.6513603429354966,1.5644952305029163,1
6,2021,1,7,1.2565472750999438,1.7535764351501968,1
6,2021,2,5,0.3281693759438243,1.6502625059428744,1
6,2021,3,5,0.2884791913116335,1.4355152308078523,1
6,2021,4,4,0.4579882174929626,1.3190579833096407,1
6,2021,5,9,0.4983910526250436,1.4500096110328515,1
6,2021,6,6,0.4209928804737535,1.4872210463554312,1
6,2021,7,2,1.0445160700264091,1.652971194686145,1
6,2021,8,4,0.8387222620428075,1.6139669510912236,1
6,2021,9,6,0.6576055831449157,1.6200782912403913,1
6,2021,10,4,1.2565472750999438,1.7907786884745251,1
6,2021,11,7,0.7193250481311524,1.481766941679814,1
6,2021,12,5,1.2176019347613056,1.6474532791371117,1
6,2022,1,4,0.2032493011944094,0.8048327621696906,1
6,2022,2,4,1.1194011084118591,1.6359958629894125,1
6,2022,3,7,0.153804271046909,1.351593273649168,1
6,2022,4,5,0.7122846346941715,1.6433557226866078,1
6,2022,5,8,0.2935105039902991,1.3426409121737963,1
6,2022,6,10,0.8209316311706106,1.7845655254389718,1
6,2022,7,11,0.3748548688988607,1.3546028160501817,1
6,2022,8,2,1.2125709755070662,1.3713591443620259,1
6,2022,9,1,1.9604053573690228,1.9604053573690228,1
6,2022,10,8,0.350879557535949,1.194120341593676,1
6,2022,11,3,0.2303141247916984,0.8596149844232192,1
6,2022,12,5,0.3953902804955059,1.8062335001190093,1
6,2023,1,7,0.6257769660271179,1.7683404569513772,1
6,2023,2,3,0.4273861847251095,1.4908341999187336,1
6,2023,3,5,0.247364776475267,0.6513952604072256,1
6,2023,4,6,0.6214881917790852,1.5231011206047185,1
6,2023,5,8,1.2121048259570022,1.6546673337099895,1
6,2023,6,12,0.1917211478861746,1.2061771311024978,1
6,2023,7,4,0.3792956527410215,0.9228307342946434,1
6,2023,8,2,2.1854951460748437,2.272499636911041,1
6,2023,9,8,0.6613711709252066,1.7301340914860042,1
6,2023,10,7,0.6613711709252066,1.6580967627242007,1
6,2023,11,7,1.2063649097229403,1.528253527910397,1
6,2023,12,9,0.2293449689334121,1.5941776606013713,1
6,2024,1,6,0.3508394441005898,1.6077367739896002,1
6,2024,2,10,0.5281149691818722,1.6588990213531083,1
6,2024,3,9,0.4664179613766656,1.4914077386131905,1
6,2024,4,7,0.9499396571651434,1.4582119351604546,1
6,2024,5,6,0.3281364825875404,0.9629620271851528,1
6,2024,6,4,0.1654463889514285,1.5434471211274885,1
6,2024,7,12,0.259753427931819,1.3406332547564819,1
6,2024,8,10,0.6322337121218891,1.656746186366918,1
6,2024,9,8,0.1650468698158649,1.6518513208963543,1
6,2024,10,8,1.211438908060175,1.990985832186599,1
6,2024,11,8,0.3281364825875404,1.2651994290122799,1
6,2024,12,7,0.2962236408985413,1.5202134887021939,1
7,2017,1,6,0.7046653771024022,1.5814238452462286,1
7,2017,2,5,0.364439040317364,1.5348272575118074,1
7,2017,3,8,0.7046653771024022,1.501148939069221,1
7,2017,4,6,1.0259949031931603,1.66756105568614,1
7,2017,5,6,1.2860157578811988,1.947349720538776,1
7,2017,6,6,0.5394176198786687,1.6076814045694807,1
7,2017,7,6,1.2393960327263678,1.725710335011523,1
7,2017,8,4,1.2127547983419196,1.430501998338859,1
7,2017,9,6,0.6086672294543868,1.4787821342080791,1
7,2017,10,5,0.3734252945229073,1.1047749710899977,1
7,2017,11,7,0.2423233629470043,0.7561115511050619,1
7,2017,12,7,1.0031777246611917,1.8943721964893123,1
7,2018,1,9,0.8949683593198834,1.8140752976107402,1
7,2018,2,2,1.5772349890528037,1.8782095283637115,1
7,2018,3,5,0.6350507970549503,1.8498694194394638,1
7,2018,4,7,0.3413264861620478,1.6452212171863112,1
7,2018,5,7,0.6086672294543868,1.4078967624544032,1
7,2018,6,6,0.5600963063554992,1.6475359019117386,1
7,2018,7,5,1.1652711246561631,1.7951993224136082,1
7,2018,8,4,0.6397840077478486,1.4588185907134381,1
7,2018,9,5,1.807030120453084,2.19015464475535,1
7,2018,10,6,0.3270673494382436,0.8359003738074557,1
7,2018,11,6,0.6206572044982679,1.53003466300315,1
7,2018,12,5,0.1875637552530532,1.3247815106183085,1
7,2019,1,5,1.1940143581432874,1.849552414026699,1
7,2019,2,6,0.4410703888416891,1.1380566611900476,1
7,2019,3,7,0.1901896913524149,1.7200363431351475,1
7,2019,4,4,0.3683193287922048,1.360865485082023,1
7,2019,5,8,0.5303943836363272,1.4423460061685074,1
7,2019,6,9,0.2312171631365017,1.0606580508010317,1
7,2019,7,9,0.4117780252505843,1.696387281657068,1
7,2019,8,7,0.2877280520294484,1.4324831708399919,1
7,2019,9,3,0.3017114735250626,1.038577483685763,1
7,2019,10,7,1.2056027874754007,1.5751900407127775,1
7,2019,11,3,1.2057723510877654,1.2265613172391288,1
7,2019,12,7,0.3413574645963081,1.269207317936514,1
7,2020,1,4,0.2293800919356108,1.2262310409114845,1
7,2020,2,5,0.1440118841298681,1.075594020983225,1
7,2020,3,4,0.7046653771024022,1.4323685948156442,1
7,2020,4,3,1.1196524251907718,1.8055223597114018,1
7,2020,5,6,0.4622490908456654,1.4126497638060485,1
7,2020,6,4,1.195124702294759,1.4218218310368826,1
7,2020,7,4,1.5433292852750224,1.844422372335941,1
7,2020,8,9,0.3644832956799593,1.0999833606134493,1
7,2020,9,7,0.301023283310721,1.2142786499307676,1
7,2020,10,6,0.3037956823562052,1.4307205180243932,1
7,2020,11,3,0.4155618872148265,1.1972893723878275,1
7,2020,12,4,0.6379520500402127,1.5582559260653928,1
7,2021,1,7,1.2462479758610283,1.7460308120243595,1
7,2021,2,5,0.3413574645963081,1.6499306651070296,1
7,2021,3,5,0.2956373743763815,1.432850897060203,1
7,2021,4,4,0.4562137737969593,1.3227244294333071,1
7,2021,5,9,0.4863397763883905,1.4426842936094044,1
7,2021,6,6,0.4196342563185297,1.4790903008827607,1
7,2021,7,2,1.0324567437454564,1.6456929153973308,1
7,2021,8,4,0.8318460010112464,1.606518202058977,1
7,2021,9,6,0.6708770721300528,1.6140116398985072,1
7,2021,10,4,1.2462479758610283,1.7877245089877818,1
7,2021,11,7,0.7067159746492373,1.4742601246782772,1
7,2021,12,5,1.2056027874754007,1.6375544037344714,1
7,2022,1,4,0.1901896913524149,0.8028106532382091,1
7,2022,2,4,1.1095961420408256,1.6322524075408305,1
7,2022,3,7,0.1634532357172739,1.3466799260781492,1
7,2022,4,5,0.7046649546623772,1.6366732708967509,1
7,2022,5,8,0.2992145586768444,1.3380549572981646,1
7,2022,6,10,0.8139669118356628,1.7793863149640015,1
7,2022,7,11,0.3654815439916801,1.3518502221137985,1
7,2022,8,2,1.1991524675915004,1.3712409386975222,1
7,2022,9,1,1.973588703335297,1.973588703335297,1
7,2022,10,8,0.3644836186599524,1.1943514802902744,1
7,2022,11,3,0.2174756320228207,0.8478219154751535,1
7,2022,12,5,0.3950080562898463,1.8064437876120292,1
7,2023,1,7,0.6171732024990721,1.7623741800994783,1
7,2023,2,3,0.4262151711215736,1.4921194886085203,1
7,2023,3,5,0.2410612653281595,0.6434789965179716,1
7,2023,4,6,0.6086668708654894,1.5169028758347316,1
7,2023,5,8,1.1986870417067597,1.6489532586368683,1
7,2023,6,12,0.1797518279461127,1.201043573188106,1
7,2023,7,4,0.3662285253613984,0.9233694844745721,1
7,2023,8,2,2.1770202711111253,2.262454437037223,1
7,2023,9,8,0.6746635841909137,1.727042912405363,1
7,2023,10,7,0.6746635841909137,1.6550418503405955,1
7,2023,11,7,1.194366054861406,1.5235102930334528,1
7,2023,12,9,0.2164909371625732,1.5870146470015634,1
7,2024,1,6,0.3644393741584616,1.6054079809213861,1
7,2024,2,10,0.517389536011132,1.6523840253134743,1
7,2024,3,9,0.4796525258141892,1.4896681333384505,1
7,2024,4,7,0.9627116500331808,1.4554902410402317,1
7,2024,5,6,0.3413268502749113,0.9625649629913386,1
7,2024,6,4,0.1551591488282572,1.5332284908820342,1
7,2024,7,12,0.2514638637595086,1.342678476934223,1
7,2024,8,10,0.6237362815078827,1.6527565988593877,1
7,2024,9,8,0.1547625021505757,1.6460267822785435,1
7,2024,10,8,1.198020676775256,1.9880490198381329,1
7,2024,11,8,0.3413268502749113,1.265500064227316,1
7,2024,12,7,0.3019537658905868,1.518720206844326,1
8,2017,1,3,0.6881207695781812,1.188596229687749,1
8,2017,2,2,0.3405216999148432,1.1080576228435375,1
8,2017,3,6,0.7446055285622974,1.6899034035316356,1
8,2017,4,1,1.174067012461205,1.174067012461205,1
8,2017,5,5,1.4410707412353525,1.8339262156064187,1
8,2017,6,3,0.5794912524970697,1.8007129092553138,1
8,2017,7,8,0.7106060770668973,1.7106511446439012,1
8,2017,8,3,1.8903205616569363,2.127497596525142,1
8,2017,9,4,0.6162060840575472,1.6712308488215988,1
8,2017,10,2,1.505821763777614,1.5763074725898605,1
8,2017,11,2,0.6353376017889893,1.1180814950753755,1
8,2017,12,3,1.7004141505300354,2.018972939077781,1
8,2018,1,5,1.515110306197752,1.8344668824095323,1
8,2018,2,1,1.8548956210051024,1.8548956210051024,1
8,2018,3,2,0.5243640740809966,0.669733890209502,1
8,2018,4,4,0.7446055285622974,1.493177246646214,1
8,2018,5,6,0.7040046752139811,1.6325600113549088,1
8,2018,6,3,0.9474804464047216,1.7258318841298423,1
8,2018,7,4,0.2248680196407543,1.322293304620917,1
8,2018,8,3,0.3614577759707414,1.413402154893875,1
8,2018,9,3,0.703692635310152,1.4784126766756636,1
8,2018,10,7,0.7106060770668973,1.9751046735165503,1
8,2018,11,4,1.2032120256378014,1.550761180807482,1
8,2018,12,2,0.9474804464047216,1.6892636447516134,1
8,2019,1,5,1.1411202055197398,1.7148803683254628,1
8,2019,2,1,1.8032002243989305,1.8032002243989305,1
8,2019,3,4,1.3676036455425162,2.002612325499203,1
8,2019,4,1,1.8606600404660856,1.8606600404660856,1
8,2019,5,4,0.2248680196407543,0.9023751640396783,1
8,2019,6,4,0.7229852564400361,1.5564726872444106,1
8,2019,7,3,0.4794709297278682,1.3117018410409969,1
8,2019,8,8,0.7020169823683924,1.5505306427440588,1
8,2019,9,3,0.418580701162376,0.6499917203330329,1
8,2019,10,4,0.2203671086322294,0.979730344152455,1
8,2019,11,2,1.8392608311029264,2.0696523036638177,1
8,2019,12,2,0.1513678819898614,1.1179986880022939,1
8,2020,1,2,2.14232664569221,2.299365796749636,1
8,2020,2,2,0.744545377980336,1.5489366533110551,1
8,2020,3,2,1.4788408571986578,1.7079104796822937,1
8,2020,5,2,0.5635811677989592,1.4367590366056842,1
8,2020,6,4,0.285593875225008,1.337504640141748,1
8,2020,7,1,0.8154363513465884,0.8154363513465884,1
8,2020,8,2,0.729008021660373,1.3721621758852065,1
8,2020,9,5,0.2203671086322294,1.3785229839198594,1
8,2020,10,2,0.9377514269597856,1.6839878686817613,1
8,2020,11,3,0.2203671086322294,1.320505638262375,1
8,2021,1,2,0.9361932435033812,1.4436617370210578,1
8,2021,2,1,0.2203671086322294,0.2203671086322294,1
8,2021,3,2,0.744545377980336,0.744545377980336,1
8,2021,4,3,0.5610285294989786,1.431147425483024,1
8,2021,5,1,2.0087208346008905,2.0087208346008905,1
8,2021,6,5,0.4866321054639654,1.537205375686177,1
8,2021,7,3,1.750857513490415,1.9173905947958156,1
8,2021,8,6,0.687882999679991,1.6973461609818832,1
8,2021,9,5,1.3446385337717957,1.916002948774381,1
8,2021,10,2,0.5635811677989592,1.191760894993825,1
8,2021,11,3,0.744545377980336,1.3517460512815438,1
8,2021,12,2,0.5080750022075556,1.3135548158371284,1
8,2022,1,1,0.2473030139752308,0.2473030139752308,1
8,2022,2,3,1.516714542188657,1.7775571623637525,1
8,2022,3,1,1.7170388549018931,1.7170388549018931,1
8,2022,4,2,0.9319766543684423,1.5445294768163662,1
8,2022,5,10,0.6611343522563925,1.5228311207080423,1
8,2022,6,7,1.6143987266672513,1.9304580795336612,1
8,2022,7,3,1.1357286076178934,1.789027007825328,1
8,2022,8,3,0.5635811562384598,0.8998741010868224,1
8,2022,9,8,1.053547517389355,1.985878157917404,1
8,2022,10,8,0.7445455708874094,1.7756470154902373,1
8,2022,11,5,0.7087011588033805,1.573229105958823,1
8,2022,12,5,1.866239632912656,2.0641975903679812,1
8,2023,1,5,1.0922952709621547,1.2503770241932497,1
8,2023,2,2,0.7087011156083146,0.8630442774807452,1
8,2023,3,6,0.7445455531936264,1.444552727902801,1
8,2023,4,2,2.0987491262826032,2.2349633647230642,1
8,2023,5,11,0.5410723586444006,1.7525939274237035,1
8,2023,6,4,0.245743381660023,1.4488264759442981,1
8,2023,7,2,1.2265360539198111,1.4125658489720043,1
8,2023,8,1,1.5731881131985164,1.5731881131985164,1
8,2023,9,5,0.6773218756795099,1.7571989388752367,1
8,2023,10,9,1.4818281744426365,1.8898067048255038,1
8,2023,11,3,0.245743381660023,1.3974605551767307,1
8,2023,12,2,0.7033912327577903,1.3052556894531615,1
8,2024,1,2,1.260718336680555,1.4329304017045352,1
8,2024,2,3,0.7239461733534134,1.2030422551165605,1
8,2024,3,2,2.0036368936889386,2.14014017785143,1
8,2024,4,3,0.4258833362881175,1.517167246151146,1
8,2024,5,4,1.6743865337501038,2.0659150217916045,1
8,2024,6,5,0.4867229022677105,1.0759252117505749,1
8,2024,7,3,1.717304317954784,1.9499930894331856,1
8,2024,8,5,1.042878344773175,1.761744453646956,1
8,2024,9,2,1.717666040584578,2.0426067465918716,1
8,2024,10,5,0.6600975594823677,1.8016835405403466,1
8,2024,11,6,1.064277425629368,1.78873493870707,1
8,2024,12,4,1.718074063476157,2.0378482232735733,1
9,2017,1,3,0.7784916171932129,1.2255265545407776,1
9,2017,2,3,0.5309648871712361,1.4189055357930138,1
9,2017,3,6,0.7816300371838224,1.4757068537279432,1
9,2017,4,1,0.6667413051796952,0.6667413051796952,1
9,2017,5,5,0.9364861049445328,1.3507649515297362,1
9,2017,6,1,0.0645225977973125,0.0645225977973125,1
9,2017,7,6,0.1954716869955481,1.231576452796513,1
9,2017,8,2,1.5003233682618728,1.6850573379279716,1
9,2017,9,6,0.8623565019661867,1.8330278414924963,1
9,2017,10,3,1.134959166906343,1.4423731133552833,1
9,2017,11,3,0.1431697360511741,1.1874999601400014,1
9,2017,12,3,1.3635227153503178,1.7492187352008957,1
9,2018,1,4,1.0027815893853131,1.3509326640950303,1
9,2018,2,2,1.4431233336726716,1.8995951676632024,1
9,2018,3,2,0.0843340442178519,0.19299189602112915,1
9,2018,4,6,1.1182812080025355,1.5605138205274711,1
9,2018,5,6,1.181512063888149,1.7276935451021078,1
9,2018,6,2,0.4371128374790087,1.416641672032428,1
9,2018,7,4,0.7404631942579121,1.3955762049423894,1
9,2018,8,3,0.1543611453571146,1.5770812996573789,1
9,2018,9,3,0.2381033489990317,1.0382553943048902,1
9,2018,10,4,0.1954716869955481,1.4723831585377016,1
9,2018,11,6,0.8224885296181774,1.4837793694226662,1
9,2018,12,3,0.4371128374790087,1.5772907541329495,1
9,2019,1,6,0.7544772924027194,1.7096011886037676,1
9,2019,2,2,2.020973671848225,2.034752961970402,1
9,2019,3,4,0.8623197803367846,1.815225791491827,1
9,2019,4,1,1.3460257684679395,1.3460257684679395,1
9,2019,5,5,0.7404631942579121,1.5577257620358578,1
9,2019,6,4,0.2645404779629248,1.1142732007646563,1
9,2019,7,5,0.2582835404897937,1.644547562045054,1
9,2019,8,9,0.2645404779629248,1.5552477791477086,1
9,2019,9,3,0.0645225977973125,0.5135794286771223,1
9,2019,10,4,0.1752918043083565,0.7276914928955239,1
9,2019,11,2,1.7846991071348977,1.881537889354751,1
9,2019,12,2,0.6669478581038082,1.4894866496042214,1
9,2020,1,1,2.2492526645507587,2.2492526645507587,1
9,2020,2,2,1.2601980134069817,1.5567629458314627,1
9,2020,3,3,0.9737941362873476,1.5557459700610428,1
9,2020,5,2,0.580261498515956,1.1947084823594214,1
9,2020,6,4,0.7131168106848643,1.3332279353906202,1
9,2020,7,1,1.2890564306448824,1.2890564306448824,1
9,2020,8,3,0.3322835313038679,1.2937419948711277,1
9,2020,9,6,0.7359737566654612,1.6180139364877968,1
9,2020,10,2,1.0897834067363257,1.5655145735105,1
9,2020,11,3,0.7359737566654612,1.2219679918030482,1
9,2021,1,2,0.4399290436591092,1.453362342517583,1
9,2021,2,1,0.7359737566654612,0.7359737566654612,1
9,2021,3,2,1.2601980134069817,1.2601980134069817,1
9,2021,4,4,0.5774141522077174,1.4610692040908433,1
9,2021,5,1,2.233902206545201,2.233902206545201,1
9,2021,6,5,0.3711700317903391,1.2034204978481091,1
9,2021,7,3,2.1171686917990225,2.1763974923846283,1
9,2021,8,5,0.2640778071796742,1.3218279739671965,1
9,2021,9,4,0.8391378819228867,1.706022753028888,1
9,2021,10,3,0.580261498515956,1.7153147863100913,1
9,2021,11,3,1.2601980134069817,1.781258358457725,1
9,2021,12,2,0.4537240994349243,1.0287111556014394,1
9,2022,1,2,0.2684266623131007,1.2953625262066595,1
9,2022,2,2,1.0125932400203874,1.5331209663898682,1
9,2022,3,1,2.2142920542174043,2.2142920542174043,1
9,2022,4,3,1.4474518173937114,1.9583550411775317,1
9,2022,5,11,0.1790316587406449,1.2871849119975747,1
9,2022,6,7,1.1744921846898555,1.9009686315320937,1
9,2022,7,3,1.4763621596024503,1.8062001832586312,1
9,2022,8,5,0.5802615713146185,1.6016866396662426,1
9,2022,9,10,0.5565855838042041,1.6764842893012102,1
9,2022,10,8,1.2601982045800797,1.7942967476496041,1
9,2022,11,5,0.1935367967026514,1.2692729477824563,1
9,2022,12,6,1.4232110312306114,1.8615712768550745,1
9,2023,1,5,0.6651936141349566,1.364879822464339,1
9,2023,2,3,0.1935367536317446,1.0024803986100959,1
9,2023,3,5,1.2601981869029764,1.5635884348597258,1
9,2023,4,3,1.856486289555388,2.1564725656799,1
9,2023,5,11,0.3199380984249124,1.7084919003772925,1
9,2023,6,6,0.7577107767935017,1.8942707645809493,1
9,2023,7,3,0.736481521286701,1.7090816613220257,1
9,2023,8,1,2.037314074090508,2.037314074090508,1
9,2023,9,6,0.1619495494828116,1.4281767836950578,1
9,2023,10,6,0.9765666064323548,1.3452948665245643,1
9,2023,11,4,0.7577107767935017,1.7253482703367777,1
9,2023,12,2,1.1765095973901103,1.35140911332428,1
9,2024,1,3,0.8676696637740839,1.7175169958965408,1
9,2024,2,3,0.2649049848132846,0.7127377677381492,1
9,2024,3,2,1.6634671749841845,1.7143145124235324,1
9,2024,4,3,0.089978947297039,1.0676218957874866,1
9,2024,5,3,1.1607187262653755,1.8283176102944052,1
9,2024,6,6,0.5774145407454986,1.4021859717359657,1
9,2024,7,3,1.3599212452477103,1.5491798445772063,1
9,2024,8,5,0.5297214133815278,1.3640623108463612,1
9,2024,9,2,2.215134597345705,2.269149346461247,1
9,2024,10,5,0.1787136776531378,1.5714467721751069,1
9,2024,11,7,0.666741219270801,1.7400633785123654,1
9,2024,12,3,1.4928439424818465,1.8524153290392782,1
10,2017,1,19,0.6225241747634096,1.6474759784678015,1
10,2017,2,16,0.9221202636529084,1.6259745526346818,1
10,2017,3,14,0.4948670039603525,1.606658315104099,1
10,2017,4,7,0.6730066442340795,1.3064763432460498,1
10,2017,5,14,0.769918169404957,1.5103167367947488,1
10,2017,6,17,0.2315695511619128,1.442402288356494,1
10,2017,7,12,0.8124906557726187,1.5896353521393694,1
10,2017,8,6,0.642296682908059,1.3918809819277038,1
10,2017,9,21,0.5376696114417847,1.530168430952728,1
10,2017,10,16,0.6225241747634096,1.7933172167254174,1
10,2017,11,14,0.1263564330907043,1.5353031452988417,1
10,2017,12,12,0.587091856845389,1.611399435007731,1
10,2018,1,11,1.0003232585375847,1.9836763401587731,1
10,2018,2,10,0.5052952878047562,1.634874038098595,1
10,2018,3,12,0.6076279011263225,1.667886754403331,1
10,2018,4,16,0.6978571725868349,1.6842093439876071,1
10,2018,5,17,0.90642196736212,1.508742336854543,1
10,2018,6,13,1.0592630565105767,1.787649881043822,1
10,2018,7,17,0.6225241747634096,1.4923013412099768,1
10,2018,8,9,0.5692912484928482,1.3483451403092064,1
10,2018,9,18,0.2273358643755277,1.7270841073849725,1
10,2018,10,17,0.584760104347587,1.6437363919589152,1
10,2018,11,14,0.6452707955100573,1.7225463047783538,1
10,2018,12,11,0.6208067427515672,1.406253976253219,1
10,2019,1,11,0.6561755829376649,1.6615656767595581,1
10,2019,2,19,0.5778243539914022,1.7576119652712279,1
10,2019,3,13,0.600410675700293,1.4524861198537997,1
10,2019,4,17,0.7702362946482809,1.4881148623187463,1
10,2019,5,17,0.2303916443545331,1.44117609768626,1
10,2019,6,13,0.4786827760302317,1.7380449327880583,1
10,2019,7,8,0.7886315020926874,1.4160958584280534,1
10,2019,8,15,0.5091180620524155,1.6332546646644295,1
10,2019,9,8,1.5176572687069063,1.8412893200602007,1
10,2019,10,11,1.2010014677032863,1.67866016809038,1
10,2019,11,16,0.1270696797295646,1.4642533634156467,1
10,2019,12,11,1.3060176045091083,2.0228566965099466,1
10,2020,1,14,0.8508464146549964,1.5250068439763005,1
10,2020,2,19,0.8539588459214312,1.6678745453230306,1
10,2020,3,5,0.587091856845389,1.6399501854641922,1
10,2020,4,2,0.8389165293649731,1.1928355678193943,1
10,2020,5,8,1.5465330647071251,1.8167900230895064,1
10,2020,6,8,0.9595857465312316,1.6694313666019946,1
10,2020,7,8,1.1037984065568145,1.798583128290691,1
10,2020,8,11,0.6611494245855455,1.5785620398353586,1
10,2020,9,8,0.9945174225063692,2.058015053392037,1
10,2020,10,14,0.4879935148090071,1.2296618542827464,1
10,2020,11,7,0.8084609118549927,1.5867016958653404,1
10,2020,12,6,1.1151465687231403,1.6022218372370018,1
10,2021,1,1,2.209153868928757,2.209153868928757,1
10,2021,2,5,0.1309027217619533,1.4025876167622706,1
10,2021,3,3,1.3263529170249315,1.8930405887467832,1
10,2021,4,8,0.7697639577186487,1.6921610267428495,1
10,2021,5,9,0.5270886006562951,1.3665930552484846,1
10,2021,6,16,0.6925973494614691,1.6531583618187422,1
10,2021,7,5,0.8988145437456201,1.4387485971933955,1
10,2021,8,6,0.9683690872738998,1.5324345281001548,1
10,2021,9,13,0.5307601619565633,1.5623014299131215,1
10,2021,10,19,0.6934052455285967,1.5652897978137645,1
10,2021,11,8,1.0430505464873026,1.6321633662026374,1
10,2021,12,7,0.875727971633715,1.7111906753548873,1
10,2022,1,11,0.0689183553388934,1.3215204725221088,1
10,2022,2,12,0.569696385956002,1.676367711415801,1
10,2022,3,10,1.2191980599779098,1.7798652186035593,1
10,2022,4,10,0.5106477731685561,1.3585335422625198,1
10,2022,5,27,0.1270697731614227,1.2971198805697413,1
10,2022,6,20,0.6976562271736075,1.511755718157239,1
10,2022,7,11,0.8084614107629163,1.4558337435509265,1
10,2022,8,15,0.5307603490961963,1.3475159334852869,1
10,2022,9,24,0.5057645721386188,1.54896054047558,1
10,2022,10,18,1.0596499074890644,1.7741021208138354,1
10,2022,11,11,0.8358619776043913,1.6860852674596374,1
10,2022,12,16,0.5332231162455978,1.5794724589634173,1
10,2023,1,20,0.0332911339414821,1.5903913684189839,1
10,2023,2,6,0.9081666711088564,1.53772897846061,1
10,2023,3,8,0.477870899093536,1.5188025463651609,1
10,2023,4,9,1.0287591141059182,1.5690355828284754,1
10,2023,5,20,0.4975206707537428,1.4789558287777678,1
10,2023,6,13,0.5058649344198863,1.3233778338107243,1
10,2023,7,13,0.1310818636762712,1.7657466907212853,1
10,2023,8,15,0.6999139775798093,1.4596911795743566,1
10,2023,9,14,0.2304183582496645,1.5302683436720221,1
10,2023,10,13,0.5921547596300091,1.3899164614417656,1
10,2023,11,16,0.1310818636762712,1.3392321003648746,1
10,2023,12,7,0.2304183582496645,1.5049636096245815,1
10,2024,1,16,0.6298265753385365,1.744128104308199,1
10,2024,2,11,1.0288909155384844,1.894711554685237,1
10,2024,3,17,0.5293969090358481,1.6255791713076404,1
10,2024,4,11,0.6492430952465228,1.5079759928940297,1
10,2024,5,18,0.7448353004751503,1.7020755275994328,1
10,2024,6,14,0.859721165305564,1.573533885403538,1
10,2024,7,8,0.2307998291682023,1.6730854323975648,1
10,2024,8,8,0.6124229556052188,1.550304261284555,1
10,2024,9,19,1.1950102246844363,1.6989189031410579,1
10,2024,10,14,0.2922363258038432,1.4718751978272078,1
10,2024,11,7,0.7104326495463485,1.5632848496554683,1
10,2024,12,14,0.2304183582496645,1.785809258224022,1
11,2017,1,19,0.4328978573316764,1.642913667845639,1
11,2017,2,15,1.0327934359455082,1.5688757705155116,1
11,2017,3,14,0.399349070198403,1.6088657499185692,1
11,2017,4,7,0.629101499755234,1.337532024745259,1
11,2017,5,14,0.8072916677635681,1.4898718752813445,1
11,2017,6,17,0.1503468887674124,1.4253536732194194,1
11,2017,7,12,0.835074279464786,1.5859435369046384,1
11,2017,8,6,0.8271517197795832,1.399956684942663,1
11,2017,9,21,0.7248345542847314,1.5279450217772668,1
11,2017,10,15,0.4328978573316764,1.7514848322713459,1
11,2017,11,13,0.2991234091737366,1.485816196550721,1
11,2017,12,12,0.4337854794326746,1.58228615293544,1
11,2018,1,11,0.8892539861442712,1.9554439741840797,1
11,2018,2,10,0.5584027189488532,1.6112784172617638,1
11,2018,3,12,0.7947999699069678,1.668266056587976,1
11,2018,4,17,0.7915485147218829,1.719489894774301,1
11,2018,5,16,0.7330385600153819,1.4730778089701442,1
11,2018,6,13,0.9789900779965656,1.7659645441856002,1
11,2018,7,17,0.4328978573316764,1.4714212407543876,1
11,2018,8,9,0.7243505236641543,1.418005629101865,1
11,2018,9,18,0.3322979115239493,1.7100521985932575,1
11,2018,10,17,0.4002414848427479,1.6511846210940635,1
11,2018,11,14,0.7970991827126749,1.7187562814736985,1
11,2018,12,11,0.6517091893803096,1.4184933407773166,1
11,2019,1,12,0.7802728440221746,1.6936338916493556,1
11,2019,2,20,0.7155715044608854,1.8145638908516228,1
11,2019,3,13,0.5668712767656481,1.4563046612238248,1
11,2019,4,18,0.7399680756856281,1.5296343761276805,1
11,2019,5,16,0.1503468887674124,1.3705911715114936,1
11,2019,6,13,0.6360656337268189,1.7676124106892588,1
11,2019,7,8,0.9739297050727472,1.464220128573551,1
11,2019,8,15,0.6329056202403363,1.615098873383153,1
11,2019,9,10,1.459068282349936,1.92965935099106,1
11,2019,10,11,1.1173575709152457,1.6559915704714783,1
11,2019,11,16,0.3014733620763615,1.4709543314212825,1
11,2019,12,11,1.2346110416909093,2.0014844353375008,1
11,2020,1,15,0.6813430645309292,1.5415085409951206,1
11,2020,2,18,0.7189791907686133,1.6059510450664312,1
11,2020,3,6,0.4337854794326746,1.7033358259663147,1
11,2020,4,2,0.9178280442027918,1.2262895792589483,1
11,2020,5,9,1.4064506882412613,1.8726226754795985,1
11,2020,6,9,0.9766745694624144,1.7253753145217372,1
11,2020,7,8,1.1702427503352355,1.7591631705728168,1
11,2020,8,11,0.8446433743709769,1.5720703140973635,1
11,2020,9,8,1.002802964255351,2.034696902835156,1
11,2020,10,16,0.5424397252104173,1.3984635820587725,1
11,2020,11,8,0.8276136444360935,1.7243981907997545,1
11,2020,12,6,1.0211783818877431,1.5857033683748287,1
11,2021,1,2,2.202453279029847,2.3189990126253663,1
11,2021,2,6,0.3021323184849542,1.6440034872947333,1
11,2021,3,3,1.4734000609714093,1.8917349869177202,1
11,2021,4,9,0.8067576958437749,1.7571181819029396,1
11,2021,5,9,0.6395268012690746,1.3312569223444486,1
11,2021,6,17,0.7896099043353287,1.710845659019732,1
11,2021,7,6,0.764448807883772,1.515147684881562,1
11,2021,8,7,0.9209809002622557,1.5951424131066243,1
11,2021,9,13,0.6410907896299699,1.5684376048630644,1
11,2021,10,19,0.7425071253191194,1.561063704636006,1
11,2021,11,8,1.0941909287046614,1.618510427367478,1
11,2021,12,7,0.9977048431463712,1.7480667912638321,1
11,2022,1,10,0.2476127760395123,1.2615493037369547,1
11,2022,2,12,0.6606397386125622,1.6614064717532366,1
11,2022,3,10,1.252963698429023,1.8225046561269003,1
11,2022,4,10,0.6992355251767981,1.3694252738579942,1
11,2022,5,27,0.3014734620025776,1.296029897357576,1
11,2022,6,20,0.7488435701413869,1.4979320490540904,1
11,2022,7,10,0.827614202820706,1.3473350368493675,1
11,2022,8,16,0.6410909914240601,1.423108596177249,1
11,2022,9,23,0.631915527208451,1.5168383985045524,1
11,2022,10,18,0.9797206733885953,1.7516971227642066,1
11,2022,11,13,0.8459829187366655,1.7855424974970826,1
11,2022,12,16,0.723140718236623,1.5361009631570193,1
11,2023,1,21,0.1708082533438516,1.6567774984348462,1
11,2023,2,6,0.8846112178979976,1.5421967959674598,1
11,2023,3,9,0.6647259126522218,1.664616198718247,1
11,2023,4,9,0.968559433567238,1.5755742977641827,1
11,2023,5,20,0.6298928685708176,1.524085347522288,1
11,2023,6,15,0.4405157272180463,1.5057763913173512,1
11,2023,7,12,0.3064510547689477,1.660919173490105,1
11,2023,8,16,0.8726622967477079,1.5377011482397982,1
11,2023,9,14,0.0612302495371845,1.5254170654024122,1
11,2023,10,13,0.6425592751490949,1.4373932304205976,1
11,2023,11,18,0.3064510547689477,1.4549292684780832,1
11,2023,12,7,0.0612302495371845,1.428933960050345,1
11,2024,1,16,0.4405157272180463,1.7280375266747305,1
11,2024,2,10,1.1300473571121976,1.7746650130128743,1
11,2024,3,18,0.3404579622470723,1.6707948779205233,1
11,2024,4,12,0.724349331108404,1.5825773852622296,1
11,2024,5,19,0.5650883354807922,1.7790921322746147,1
11,2024,6,14,0.7515099906533967,1.593928955619092,1
11,2024,7,9,0.0617651326891776,1.7327135018752053,1
11,2024,8,8,0.5885825180809121,1.5340858611286865,1
11,2024,9,19,1.1442614337685784,1.6908199486776747,1
11,2024,10,14,0.3764644366667862,1.4837880611023395,1
11,2024,11,7,0.5274359957983984,1.559721580526334,1
11,2024,12,14,0.0612302495371845,1.7528698551847566,1
12,2017,1,3,0.2367609091145143,1.0797629161705296,1
12,2017,2,7,1.082021257873889,1.849305501254495,1
12,2017,3,6,1.725424482489115,2.1811522939113437,1
12,2017,4,2,1.7806509713906362,1.898304341809518,1
12,2017,5,6,0.2078142590751528,1.1174997212461826,1
12,2017,6,9,0.6252742225628614,1.768007251438704,1
12,2017,7,3,2.0708746938882503,2.238306827849685,1
12,2017,8,4,0.6733804198024781,1.7673967209755892,1
12,2017,9,4,1.804581685068624,2.1783472985118384,1
12,2017,10,5,1.2804711456077462,1.8481754175875253,1
12,2017,11,9,1.5062318970512616,1.9460116288666782,1
12,2017,12,1,2.0461154350063664,2.0461154350063664,1
12,2018,1,4,0.8242469967128095,1.754644558328756,1
12,2018,2,1,0.7451323090253823,0.7451323090253823,1
12,2018,3,5,1.55985618757376,1.7652290144068743,1
12,2018,4,7,0.2367609091145143,1.582836107929299,1
12,2018,5,9,1.7050154977301812,2.163676201798628,1
12,2018,6,6,1.6779130180615018,2.199623833630518,1
12,2018,7,3,0.1295415645620874,1.2306930991330287,1
12,2018,8,3,0.7410805474701012,1.597833386957232,1
12,2018,9,4,1.3096036184170974,1.7245272322188554,1
12,2018,10,2,1.9010735081041632,1.9371153170769797,1
12,2018,11,12,0.9838418927300768,1.8670704611278213,1
12,2018,12,10,0.786847249501425,1.8910775351509919,1
12,2019,1,3,2.074425536683949,2.1450883849784605,1
12,2019,2,6,1.7750626668477776,2.1595131618266357,1
12,2019,3,4,1.3908080546154598,1.9718225037096384,1
12,2019,4,6,0.2391412264567471,1.65900630777846,1
12,2019,5,5,0.492551036114562,1.41611680777865,1
12,2019,6,4,0.5894250287137145,1.658952746431768,1
12,2019,7,5,0.1995176347570615,1.0030331134764818,1
12,2019,8,6,0.8242469967128095,1.7150989593745738,1
12,2019,9,3,1.8176984229958544,2.0354459834599754,1
12,2019,10,9,0.492551036114562,1.7839478923632248,1
12,2019,11,7,0.1438093822114793,1.6300631777584411,1
12,2019,12,5,2.000004315063229,2.079036971101534,1
12,2020,1,4,0.6432168564708552,1.711087920039688,1
12,2020,2,3,1.6070293073836273,1.8835314632465676,1
12,2020,3,3,1.0178295287130337,1.8917229220395313,1
12,2020,4,2,0.1747305925936843,1.2313623990298375,1
12,2020,5,4,1.60843365744954,2.0696093631554477,1
12,2020,6,5,1.63599280033453,1.9829299439010661,1
12,2020,7,2,0.2832530847634395,0.9007072398792074,1
12,2020,8,3,0.6252742225628614,0.9631957536335615,1
12,2020,9,6,0.9838418927300768,1.9615865594793327,1
12,2020,10,5,0.2832530847634395,1.2664926640675076,1
12,2020,11,4,0.8839368691806,1.8921959155004124,1
12,2020,12,4,0.2771335707877728,1.7295626075254307,1
12,2021,1,3,0.8043465716661216,1.737184743501354,1
12,2021,2,6,0.1786182260922558,1.580248647987655,1
12,2021,3,3,0.8242469967128095,1.1972141775689644,1
12,2021,4,3,1.1146801710591272,1.9083179243964707,1
12,2021,5,3,2.1132464495143832,2.1455407109013147,1
12,2021,6,5,1.276499517508925,1.9844147060468238,1
12,2021,7,2,1.8705031412132325,1.9724643389485907,1
12,2021,8,3,0.1003480242083959,1.50958632761635,1
12,2021,9,7,0.1295415645620874,1.6821438069398524,1
12,2021,10,8,0.1220947811053407,1.723313546550894,1
12,2021,11,6,0.5894250287137145,1.6232490921526803,1
12,2021,12,3,0.9738217437609584,1.8263044214473914,1
12,2022,1,3,0.8043465716661216,1.655033686139003,1
12,2022,2,5,1.1812102880557112,1.9441797222685246,1
12,2022,3,4,0.7754375714954295,1.631752296885802,1
12,2022,4,3,0.8343706371662447,1.754734759366432,1
12,2022,5,7,1.0197046289090468,1.9080658483960116,1
12,2022,6,7,0.3953643437077272,1.4748201537411976,1
12,2022,7,6,0.4912459954519138,1.9561986032947718,1
12,2022,8,5,2.1795895886088523,2.312029217491033,1
12,2022,9,8,0.1403188168830715,1.571849077503181,1
12,2022,10,8,0.0952760851534097,1.4456549438095427,1
12,2022,11,8,0.2832528003655671,1.6121526789691125,1
12,2022,12,2,1.299293305940647,1.382139567337746,1
12,2023,1,6,0.8043476025890326,1.6405558908459525,1
12,2023,2,2,2.0329972218036256,2.1684455779624088,1
12,2023,3,5,1.4954220047977242,1.9841429242004807,1
12,2023,4,3,0.2804286113025405,1.074685435499368,1
12,2023,5,5,0.8182509648273557,1.9174082047323118,1
12,2023,6,11,0.2804286113025405,1.525482769762399,1
12,2023,7,7,0.8043476025890326,1.9194627363378827,1
12,2023,8,3,0.4574878081040164,1.3730582979866963,1
12,2023,9,6,1.253039075590706,1.9099864976339436,1
12,2023,10,8,0.7339638246072304,1.8940772119519929,1
12,2023,11,4,0.7339638246072304,1.584181554317598,1
12,2023,12,4,0.7339638246072304,1.6636752006368618,1
12,2024,1,6,0.0959371058743287,1.5094699798813584,1
12,2024,2,5,0.8043476025890326,1.7879135196171556,1
12,2024,3,3,1.607796369988097,2.0906886051462603,1
12,2024,4,8,0.2804286113025405,1.6540705595988299,1
12,2024,5,5,0.200169249609022,1.4606276722389864,1
12,2024,6,5,2.103191599294019,2.2373459057376412,1
12,2024,7,5,1.184732493780611,1.5455999593198517,1
12,2024,8,5,1.4782941485929713,1.859675729813419,1
12,2024,9,8,0.131850682629748,1.4173444126401096,1
12,2024,10,5,0.4899473031868944,1.3508783828636373,1
12,2024,11,5,0.4574878081040164,1.3074387770895364,1
12,2024,12,4,0.5938344526053994,1.5579195539391746,1
13,2017,1,24,0.6912316378433583,1.743486699894745,1
13,2017,2,27,0.75844458163773,1.6715770756197468,1
13,2017,3,31,0.5759406609458076,1.809096047152377,1
13,2017,4,27,0.7373258325574342,1.7349193081731882,1
13,2017,5,30,0.753904439721509,1.7751837639840267,1
13,2017,6,29,0.140257108652021,1.608593743201628,1
13,2017,7,20,0.7976130952916236,1.5152449711033014,1
13,2017,8,18,0.5442510433442292,1.7311766877150983,1
13,2017,9,34,0.3265897798874802,1.5510479482095585,1
13,2017,10,27,0.6912316378433583,1.7234449128081875,1
13,2017,11,36,0.5897391620982524,1.579752819328761,1
13,2017,12,18,1.0355267182656551,1.8092739952742218,1
13,2018,1,16,1.0294818098183864,1.7174738192618597,1
13,2018,2,22,0.4296499924413101,1.6586659888382107,1
13,2018,3,23,0.4296499924413101,1.8789127379085484,1
13,2018,4,19,0.7339928714639532,1.8137867368966907,1
13,2018,5,33,0.1637699288332066,1.648632499909601,1
13,2018,6,21,0.7401711290244616,1.6732570621145304,1
13,2018,7,16,0.6923677339360135,1.678645575425812,1
13,2018,8,30,0.3382393960338093,1.5182583764299291,1
13,2018,9,22,0.5015422060911382,1.9039723893532978,1
13,2018,10,42,0.6470604524490194,1.6221139974699579,1
13,2018,11,26,0.4296499924413101,1.5939028516488243,1
13,2018,12,23,0.1426955127335493,1.5732577472192275,1
13,2019,1,20,0.6240107995468984,1.5072898106466286,1
13,2019,2,22,0.3999524091403861,1.4875151117580045,1
13,2019,3,18,0.3382393960338093,1.7187376053083603,1
13,2019,4,26,0.5759406609458076,1.8431107355571554,1
13,2019,5,17,1.2202538880727354,1.9294280846593432,1
13,2019,6,28,0.3614359187444228,1.941174686336714,1
13,2019,7,16,0.9251255289468608,1.7025373901883405,1
13,2019,8,14,0.7456113937780368,1.5221858142407214,1
13,2019,9,27,0.5015422060911382,1.7111860060592545,1
13,2019,10,35,0.0432795027278217,1.7040333283691897,1
13,2019,11,18,0.7123481365394414,1.6603894270163204,1
13,2019,12,24,0.065744194149084,1.5995509004429147,1
13,2020,1,18,0.4311521687860973,1.663523792978586,1
13,2020,2,13,0.8259584383442696,1.6085101008580058,1
13,2020,3,13,0.5759406609458076,1.70575784455268,1
13,2020,4,5,1.2042778234178646,1.7503269025652828,1
13,2020,5,7,1.10909412117918,1.5546240421982058,1
13,2020,6,15,0.8259584383442696,1.7453358043846732,1
13,2020,7,15,1.0537109226564665,1.717467494204911,1
13,2020,8,14,0.7281946926632381,1.6852349595961005,1
13,2020,9,19,0.5544749749556159,1.6451327610453348,1
13,2020,10,17,0.7828959313072236,1.6015481227615496,1
13,2020,11,10,0.6906647001418142,1.5346111142341796,1
13,2020,12,14,0.7401711290244616,1.7149320519711764,1
13,2021,1,14,1.2810735629826664,1.8553302404829934,1
13,2021,2,10,0.8481125147763126,1.8967643255822586,1
13,2021,3,19,0.7924876463029871,1.8449234158618895,1
13,2021,4,14,0.748686068973986,1.468072856171568,1
13,2021,5,19,0.8455521889680114,1.7348404003136797,1
13,2021,6,22,0.9660943529953008,1.7512909405060042,1
13,2021,7,13,1.058988516038026,1.938807560545957,1
13,2021,8,17,0.6503739718698379,1.6375913085198632,1
13,2021,9,24,0.0219299792725935,1.5710819478349982,1
13,2021,10,32,0.7718413971601152,1.7613607296935403,1
13,2021,11,20,1.150400468291289,1.8314265013112838,1
13,2021,12,9,1.004880331108965,1.8049550825025906,1
13,2022,1,22,0.72126271907797,1.5734073909986916,1
13,2022,2,23,0.837862603520753,1.9126384822997622,1
13,2022,3,32,0.5481095394244714,1.7384850793454552,1
13,2022,4,23,0.7956363446732363,1.8008783459514717,1
13,2022,5,20,0.8546568730956849,1.732330000278139,1
13,2022,6,21,0.5058337357514661,1.6165543061298673,1
13,2022,7,25,0.9201985112123507,2.0029604446949003,1
13,2022,8,24,0.3977580046926859,1.5441689678950183,1
13,2022,9,26,0.3637252086273985,1.6442249177028785,1
13,2022,10,41,0.3637252086273985,1.7003423934874191,1
13,2022,11,26,0.5522504985428162,1.6952302917765922,1
13,2022,12,19,0.3637252086273985,1.579560992366352,1
13,2023,1,16,0.5966567202607055,1.604990452081372,1
13,2023,2,20,0.5859356387285927,1.7505573784650543,1
13,2023,3,24,1.0214663623007936,1.738192536153072,1
13,2023,4,23,0.4144424359848435,1.6948267274763902,1
13,2023,5,20,0.3983569879680306,1.6840998846140292,1
13,2023,6,26,0.5300521698479919,1.660943270385006,1
13,2023,7,19,0.708549108425486,1.6450076754539353,1
13,2023,8,22,0.3166765662093482,1.5768796147040793,1
13,2023,9,27,0.3506130912392759,1.7326571182979618,1
13,2023,10,40,0.4144424359848435,1.679552728241778,1
13,2023,11,38,0.3506130912392759,1.5942933490840572,1
13,2023,12,18,0.4129330031296046,1.7120918028423082,1
13,2024,1,19,0.8795510041870331,1.559539887689116,1
13,2024,2,20,0.9660162283546344,1.8523595732478533,1
13,2024,3,25,0.363725237769287,1.7623090622506976,1
13,2024,4,20,0.467762452166693,1.7553715247875776,1
13,2024,5,21,0.5536756255139443,1.6287316878086968,1
13,2024,6,18,0.363725237769287,1.699783865999127,1
13,2024,7,22,1.014370101538633,1.8046769249494417,1
13,2024,8,12,0.6928443116061475,1.5905339322971004,1
13,2024,9,25,0.5408303575241604,1.5688755368177894,1
13,2024,10,26,0.743639546637526,1.6859326020494088,1
13,2024,11,29,0.4144424359848435,1.6705278456900596,1
13,2024,12,28,0.8649016830774353,1.9133971058891424,1
14,2017,1,11,0.4689875597449324,1.2992632768688892,1
14,2017,2,8,0.4646641206399541,1.336617328944411,1
14,2017,3,14,0.609353955135064,1.4974054166557962,1
14,2017,4,3,1.893397642533092,2.1391629223390702,1
14,2017,5,7,0.4944469367133339,1.4060558759266966,1
14,2017,6,5,0.6673953452830623,1.4442545447095205,1
14,2017,7,8,0.8745469321967562,1.3641927550962274,1
14,2017,8,10,0.713864168983392,1.2011549567739528,1
14,2017,9,11,0.4689875597449324,1.4087815071462748,1
14,2017,10,10,0.609353955135064,1.5119035108795291,1
14,2017,11,7,0.9392423964729912,1.3801903430571958,1
14,2017,12,9,0.53650840388754,1.5433047977893706,1
14,2018,1,8,0.8524774768794824,1.4929693824799737,1
14,2018,2,6,0.8254475394400057,1.3146077161991128,1
14,2018,3,5,0.4991699907267911,1.2056198686757882,1
14,2018,4,7,0.609353955135064,1.2708794025168408,1
14,2018,5,11,0.9392423964729912,1.489032258083286,1
14,2018,6,9,0.7134202711625635,1.6075585769420948,1
14,2018,7,9,0.7420270981545696,1.440911281945129,1
14,2018,8,5,0.4646641206399541,0.7672264869912723,1
14,2018,9,10,0.7299776242213862,1.6031446173391335,1
14,2018,10,7,0.9392423964729912,1.557563800363577,1
14,2018,11,7,0.6226884233515501,1.3952809507779824,1
14,2018,12,11,0.609353955135064,1.3341908991677638,1
14,2019,1,3,0.7122013902088613,1.3396560574773195,1
14,2019,2,7,0.7943054635865398,1.406374335704685,1
14,2019,3,9,0.5886078198588617,1.360415244626517,1
14,2019,4,8,0.9941843849798124,1.6636463041112581,1
14,2019,5,9,0.4087581184046598,1.2296922731883742,1
14,2019,6,15,0.7663136267025601,1.5467264072166558,1
14,2019,7,9,0.5565380190989395,1.1262562849601445,1
14,2019,8,13,0.3788280906175597,1.2876484180028493,1
14,2019,9,9,0.7803060451618079,1.6969445423955924,1
14,2019,10,18,0.2119249664687008,1.2345529104043125,1
14,2019,11,9,0.5565380190989395,1.1690741214935976,1
14,2019,12,6,0.833650584426131,1.5576976573406542,1
14,2020,1,8,0.4705504686181588,0.9746229192754386,1
14,2020,2,8,0.8488371394620007,1.4109174330041505,1
14,2020,3,8,0.4771799987273241,1.6606751215973679,1
14,2020,4,2,0.9046088856655358,1.0060907619577344,1
14,2020,5,8,0.713864168983392,1.5378148645976912,1
14,2020,6,8,0.6500043390685433,1.402247703458375,1
14,2020,7,15,0.6123610718567317,1.1028365272903227,1
14,2020,8,10,0.8139890845226188,1.7747695801647378,1
14,2020,9,7,0.2487662224620193,0.9381137299753194,1
14,2020,10,7,0.97595606320854,1.364560570821857,1
14,2020,11,5,0.7663136267025601,1.8758012251462604,1
14,2020,12,8,0.9792922313407152,1.5048067746459584,1
14,2021,1,8,0.677003751749183,1.5163001601566786,1
14,2021,2,4,0.4648293729448624,1.3189620637238244,1
14,2021,3,14,0.174123504905797,1.09628781879744,1
14,2021,4,9,0.668613227549173,1.6576245085376147,1
14,2021,5,9,0.6162929729357516,1.4628682213353137,1
14,2021,6,17,0.6155149494100721,1.5885962674213376,1
14,2021,7,14,0.6162929729357516,1.4694876636565166,1
14,2021,8,15,0.4647714992127915,1.5084683535080037,1
14,2021,9,18,0.907656590651574,1.5411018065989366,1
14,2021,10,12,0.3255894111153533,1.3047899514119292,1
14,2021,11,10,0.7291183181902986,1.2959773470965648,1
14,2021,12,13,0.6717188772048872,1.4881942799568826,1
14,2022,1,8,0.7291183181902986,2.0290334059092903,1
14,2022,2,9,0.6409576151223836,1.3707605555097913,1
14,2022,3,11,0.3763684925064577,0.9967343778256037,1
14,2022,4,17,0.7542174837839589,1.353070620901578,1
14,2022,5,18,0.5924245385878,1.2991982871346859,1
14,2022,6,18,0.4804730815855922,1.236834907958429,1
14,2022,7,8,0.8451730376963841,1.5346288489031927,1
14,2022,8,10,0.8353629503125412,1.4911566157239746,1
14,2022,9,18,0.4097938106937112,1.536940752131582,1
14,2022,10,15,0.4647709383851299,1.40000132367548,1
14,2022,11,17,0.5960276547693736,1.2039909968973443,1
14,2022,12,7,0.7694430821666292,1.571046981014369,1
14,2023,1,14,0.8477116086668359,1.4399606713844884,1
14,2023,2,5,0.4648295332116056,1.5352252785468532,1
14,2023,3,6,0.1806274971169315,1.0822448221595324,1
14,2023,4,15,0.1808946449063071,1.4435269041016874,1
14,2023,5,15,0.6428221895303634,1.392299102049552,1
14,2023,6,18,0.4646644081414458,1.6204751816855352,1
14,2023,7,9,0.7510654920757018,1.1543425661197486,1
14,2023,8,10,0.3767804536573402,1.2603099412757044,1
14,2023,9,15,0.2028736409237667,1.3039836042565618,1
14,2023,10,9,0.2576441613820477,1.5758177282188046,1
14,2023,11,7,0.7510654920757018,1.4131003481422735,1
14,2023,12,10,0.4087299635240112,1.2825440439447837,1
14,2024,1,4,0.9598894444258111,1.621663916166587,1
14,2024,2,5,0.7507709851427345,1.7005072802285361,1
14,2024,3,12,0.1876512277951104,1.0742357804832512,1
14,2024,4,9,0.4032808447671549,1.1447943830845404,1
14,2024,5,24,0.3620103632570672,1.4678603208775225,1
14,2024,6,17,0.7510654920757018,1.4182799377895183,1
14,2024,7,12,0.4086298149977476,1.2649972065229367,1
14,2024,8,18,0.6164687150943657,1.3048869392081268,1
14,2024,9,12,0.995002055321384,1.5910466086238408,1
14,2024,10,14,0.202922220805461,1.305970210679846,1
14,2024,11,5,0.9533952636711248,1.68500376771753,1
14,2024,12,8,0.4646644081414458,1.0249570791144134,1
15,2017,1,6,1.3832418019285164,1.7183134788688796,1
15,2017,2,13,0.843018685212302,1.8134063646624101,1
15,2017,3,12,0.1391218553050522,1.1529613447221154,1
15,2017,4,19,0.2241904376723003,1.5651588076069596,1
15,2017,5,10,0.2722518005098556,1.289947364593687,1
15,2017,6,10,0.2241904376723003,1.5632670637021753,1
15,2017,7,24,0.2086339269853622,1.7816063462068275,1
15,2017,8,21,0.3277063782388874,1.5634850970146725,1
15,2017,9,12,0.1391218553050522,1.4536316544727288,1
15,2017,10,12,0.1391218553050522,1.2401038906893713,1
15,2017,11,18,0.4198960497942809,1.4209329217213147,1
15,2017,12,14,0.6689646218547473,1.5053977522993933,1
15,2018,1,12,0.1391218553050522,1.3140124333420742,1
15,2018,2,9,0.1128220764506384,1.2564004450597226,1
15,2018,3,11,0.8146319928801867,1.609026763279256,1
15,2018,4,20,0.1391218553050522,1.5091925740552194,1
15,2018,5,12,0.8752982862962676,1.732519370924951,1
15,2018,6,12,1.5213669732399762,1.858584550539138,1
15,2018,7,24,0.4023647183663519,1.6664125495438842,1
15,2018,8,11,0.5272252304932186,1.8789958503190152,1
15,2018,9,9,1.465412935760925,1.725481759058668,1
15,2018,10,13,0.1391218553050522,1.2487324194813678,1
15,2018,11,10,0.5237837691691103,1.3412773557749982,1
15,2018,12,14,0.4613069526188462,1.7079285651100489,1
15,2019,1,4,1.1801659627060086,1.5118988370385253,1
15,2019,2,13,0.2722518005098556,1.4804005730969285,1
15,2019,3,10,1.0740944268547417,1.7008692704385449,1
15,2019,4,16,0.1288961949713488,1.5639296651218322,1
15,2019,5,27,0.1288961949713488,1.4201254964647,1
15,2019,6,18,0.5177448992576511,1.5612846869943857,1
15,2019,7,13,0.9348360174280418,1.9312024058590287,1
15,2019,8,19,0.1804514305779052,1.4914767659677115,1
15,2019,9,13,0.1288961949713488,1.4154493546531521,1
15,2019,10,17,0.1274446814351888,1.27279850362204,1
15,2019,11,15,0.3185256352518569,1.5766288118958292,1
15,2019,12,13,0.1274446814351888,1.3231023856019113,1
15,2020,1,14,0.390585204242722,1.3835745871147438,1
15,2020,2,5,1.4163759545321226,1.9346684628538615,1
15,2020,3,10,0.6484591798638261,1.561996253804626,1
15,2020,4,6,0.2155915673187744,1.1073310764360025,1
15,2020,5,13,0.6421947210733613,1.5295784552240568,1
15,2020,6,11,0.7516400121671291,1.770293624990402,1
15,2020,7,8,0.4671869641327213,1.5621403715832294,1
15,2020,8,9,0.1238665942785792,1.5046237228109915,1
15,2020,9,11,0.1754970047058588,1.3925616316946567,1
15,2020,10,11,0.2713100314339325,1.259417307150373,1
15,2020,11,5,0.9019269025277744,1.3889269511170794,1
15,2020,12,11,0.5528015462394936,1.5579019114152877,1
15,2021,1,7,0.7679601816751823,1.4131741329419596,1
15,2021,2,8,0.1315769459228364,1.4435719884313851,1
15,2021,3,7,0.6421947210733613,1.138426625085474,1
15,2021,4,7,0.1315769459228364,1.3743491848867717,1
15,2021,5,12,0.6687413880509671,1.7579731461807624,1
15,2021,6,14,0.3507892457465835,1.5576126333489353,1
15,2021,7,15,0.793001199620106,1.7822120850848655,1
15,2021,8,11,0.1315769459228364,1.361189741935195,1
15,2021,9,21,0.3466241525299998,1.6000931688085696,1
15,2021,10,16,0.1274446814351888,1.3602426381690997,1
15,2021,11,8,1.030989003669745,1.607804564173038,1
15,2021,12,18,0.1315769459228364,1.630428480932739,1
15,2022,1,16,0.1754970047058588,1.466162516236282,1
15,2022,2,12,0.4649610352634921,1.7998684186816192,1
15,2022,3,9,0.1754970047058588,1.3763824827171827,1
15,2022,4,9,0.1089933273245832,1.159041834103443,1
15,2022,5,17,0.0158172116742671,1.3867501527078596,1
15,2022,6,19,0.6336828389790555,1.391305343241471,1
15,2022,7,22,0.1396460579657895,1.7451864901655854,1
15,2022,8,16,0.8024782968505857,1.67545578499726,1
15,2022,9,23,0.4586787588436633,1.524160089082798,1
15,2022,10,19,0.1396460579657895,1.3893565357845878,1
15,2022,11,12,1.3716627978628992,1.791462779538923,1
15,2022,12,21,0.1396460579657895,1.4756145308587432,1
15,2023,1,17,0.1396460846526524,1.6642703210663035,1
15,2023,2,17,0.4522371731667265,1.547078688974141,1
15,2023,3,9,1.6463149527581973,1.9068078286143704,1
15,2023,4,14,0.5496384235066666,1.5904682177938112,1
15,2023,5,18,0.1305640941706267,1.5666553561678562,1
15,2023,6,19,0.1925399847299671,1.3302404608411658,1
15,2023,7,12,0.8677960441974597,1.6508655724041728,1
15,2023,8,7,0.17350780811272,1.3362864935295085,1
15,2023,9,16,0.015484989460337,1.459524793828754,1
15,2023,10,10,0.4609011319819763,1.6321416606291526,1
15,2023,11,11,0.5814400539121662,1.3555226855443727,1
15,2023,12,14,1.0497498850560227,1.7905441324236446,1
15,2024,1,17,0.2922043080684015,1.4984823379279157,1
15,2024,2,22,0.2238699059139872,1.367304001240226,1
15,2024,3,15,0.7665736726725595,1.4944117324461448,1
15,2024,4,12,0.4613066351274308,1.4054408047976112,1
15,2024,5,12,0.2155915730259547,1.342934271049187,1
15,2024,6,24,0.6851292572440559,1.824760335949745,1
15,2024,7,16,0.3566627890058514,1.5690084121968786,1
15,2024,8,13,0.1921272857658855,1.2983536379712237,1
15,2024,9,26,0.2710344633798309,1.5878782712421093,1
15,2024,10,20,0.5184436167448687,1.6643422343701832,1
15,2024,11,12,0.5085077845604565,1.5801484987546088,1
15,2024,12,14,0.1305640941706267,1.4790773964704649,1
16,2017,1,11,0.3919858349949714,1.3831096055169796,1
16,2017,2,19,0.6023945975790037,1.358829129065723,1
16,2017,3,17,0.3225070843358801,1.433568945233637,1
16,2017,4,9,0.2198052314392602,1.7230611873188548,1
16,2017,5,22,0.2319666610745609,1.610076743917527,1
16,2017,6,25,0.483356529317855,1.4226845644122634,1
16,2017,7,16,0.4485275163984999,1.7770337863240324,1
16,2017,8,20,0.0861111394016346,1.4163234489331753,1
16,2017,9,24,0.1148053862321363,1.4717031343059135,1
16,2017,10,19,0.0293419813917238,1.4908410884821588,1
16,2017,11,15,0.0861111394016346,1.3926393908080625,1
16,2017,12,13,0.0293419813917238,1.469369615198682,1
16,2018,1,25,0.6268199339564567,1.8413669366937315,1
16,2018,2,17,0.4485275163984999,1.6186166316530797,1
16,2018,3,22,0.2027765098640472,1.171669793868427,1
16,2018,4,17,0.1148053862321363,1.1187595189934376,1
16,2018,5,23,0.3320764936272349,1.4660201159668542,1
16,2018,6,33,0.2198052314392602,1.3803166381976508,1
16,2018,7,21,0.0293419813917238,1.355288311372427,1
16,2018,8,16,0.0293419813917238,1.2437844023495996,1
16,2018,9,28,0.4041021468549574,1.6523037154421212,1
16,2018,10,26,0.38903011610076,1.5201432293677826,1
16,2018,11,23,0.0861111394016346,1.4337307825570746,1
16,2018,12,13,0.2823876506068705,1.3641598814673928,1
16,2019,1,14,0.2153955814899715,1.6739011667225199,1
16,2019,2,28,0.0776841245939647,1.4214766484566004,1
16,2019,3,14,0.5863953500718694,1.866424808964157,1
16,2019,4,15,0.822608099101928,1.4726867051225467,1
16,2019,5,19,0.2274802437431689,1.4172541628749946,1
16,2019,6,15,0.0833088089295654,1.408609392632774,1
16,2019,7,15,0.0422726721392146,1.3666712041759934,1
16,2019,8,12,0.2739831782766594,1.1804912882625704,1
16,2019,9,20,0.7461350801331028,1.5336456353047863,1
16,2019,10,23,0.7036687621998091,1.6847422102977496,1
16,2019,11,16,0.3225070843358801,1.642437552444799,1
16,2019,12,12,0.874196450932026,1.619357515924147,1
16,2020,1,18,0.5980555256500308,1.4859711795769959,1
16,2020,2,21,0.0776841245939647,1.4322720518620748,1
16,2020,3,10,0.0336129274013391,1.1952124993929245,1
16,2020,4,1,0.8823343899624689,0.8823343899624689,1
16,2020,5,6,0.8895904751661294,1.7840823740743958,1
16,2020,6,15,0.7481909171780163,1.5808479569111273,1
16,2020,7,14,0.6219685532386378,1.4934712590303003,1
16,2020,8,19,0.197391138168009,1.3870063516116855,1
16,2020,9,22,0.3917997300731686,1.3529233616987697,1
16,2020,10,21,0.4051380857786835,1.764658952947041,1
16,2020,11,15,0.8284086333936673,1.7335791721186926,1
16,2020,12,15,0.2731494933905233,1.4625303825704994,1
16,2021,1,12,0.7461350801331028,1.5868939156780506,1
16,2021,2,13,0.1308129901473083,1.5577307181550444,1
16,2021,3,13,0.0293419813917238,1.510159667394681,1
16,2021,4,14,0.0861111394016346,1.4755242281344376,1
16,2021,5,17,0.1743637491059119,1.5166700003882345,1
16,2021,6,23,0.5884875320231375,1.42349622346058,1
16,2021,7,10,0.1998047649496033,1.3482493495814591,1
16,2021,8,20,0.5450592110687588,1.4129268171627425,1
16,2021,9,17,0.6048283428594567,1.2813839673057343,1
16,2021,10,29,0.137883553213243,1.5661228674772523,1
16,2021,11,9,0.6402178574926396,1.7551854656359551,1
16,2021,12,19,0.2731494933905233,1.5819106461735495,1
16,2022,1,15,0.7986431238877681,1.4203324177273398,1
16,2022,2,20,0.1148053862321363,1.213257566007412,1
16,2022,3,15,0.3302006588158759,1.5920511507680104,1
16,2022,4,20,0.0980844717675528,1.3223608482941818,1
16,2022,5,24,0.2347152335758947,1.6465014954172272,1
16,2022,6,24,0.0537698756006116,1.4618938945249307,1
16,2022,7,16,0.0980844717675528,1.3789337670487736,1
16,2022,8,15,0.2731502403943794,1.5137545397969652,1
16,2022,9,33,0.0807278454895994,1.6825347776322428,1
16,2022,10,27,0.3049757221126102,1.5119381306181194,1
16,2022,11,28,0.3204619494637391,1.2602986348288112,1
16,2022,12,29,0.3553727118299925,1.3862633561205133,1
16,2023,1,16,0.0524003732704772,1.228020630596338,1
16,2023,2,24,0.3043274898140116,1.3783814741767981,1
16,2023,3,27,0.1090527661211763,1.4522902772699238,1
16,2023,4,17,0.4833527681078802,1.4755974329595904,1
16,2023,5,27,0.3089885099995141,1.4703544092393093,1
16,2023,6,21,0.219805230240883,1.1070786582785073,1
16,2023,7,18,0.1065217221115148,1.2564730222465865,1
16,2023,8,12,0.2358753971371688,1.3155319895763526,1
16,2023,9,19,1.0317658331261583,1.6745332493185376,1
16,2023,10,23,0.0422727491067651,1.2983736883146029,1
16,2023,11,29,0.219805230240883,1.3799754582504682,1
16,2023,12,21,0.2796490121915296,1.6595014271067348,1
16,2024,1,12,0.3225070729553134,1.4976403944080348,1
16,2024,2,20,0.0999788258547395,1.6133547372750954,1
16,2024,3,20,0.2363312025172371,1.4020143892390755,1
16,2024,4,25,0.0999788258547395,1.2668387182777527,1
16,2024,5,18,0.3354147230480209,1.2472011932630784,1
16,2024,6,22,0.0422727491067651,1.5094406828151385,1
16,2024,7,9,0.3352352155891938,1.2785556414763053,1
16,2024,8,22,0.2726332698386604,1.6323914376837578,1
16,2024,9,22,0.2199298688496748,1.419432436296174,1
16,2024,10,18,0.3395084153097016,1.440908399804452,1
16,2024,11,26,0.3354147230480209,1.3380469803352366,1
16,2024,12,15,0.1942277849865993,1.365016123535792,1
17,2017,1,11,0.3988258616434118,1.3848085333368894,1
17,2017,2,19,0.605892072344454,1.3605735916958852,1
17,2017,3,18,0.3260534266112102,1.4938283790319753,1
17,2017,4,9,0.2232013196454198,1.7255846972324735,1
17,2017,5,22,0.2392843209503697,1.6099430029457091,1
17,2017,6,25,0.4915948559860134,1.4245264569097116,1
17,2017,7,16,0.4444441588689381,1.777929997168241,1
17,2017,8,20,0.0889996346065085,1.4164222014901098,1
17,2017,9,24,0.110381926988489,1.4727809694721288,1
17,2017,10,19,0.0231110096458788,1.4908268174212158,1
17,2017,11,15,0.0889996346065085,1.39167569328281,1
17,2017,12,13,0.0231110096458788,1.4720222944894001,1
17,2018,1,25,0.6343193147853669,1.8437068465459499,1
17,2018,2,17,0.4444441588689381,1.6197137712999727,1
17,2018,3,22,0.2099118436220026,1.1741898648110898,1
17,2018,4,17,0.110381926988489,1.1191192203187195,1
17,2018,5,23,0.3393782327763861,1.4675324178016813,1
17,2018,6,33,0.2232013196454198,1.3821463289594456,1
17,2018,7,21,0.0231110096458788,1.3585705500013863,1
17,2018,8,16,0.0231110096458788,1.2462745857103705,1
17,2018,9,28,0.4087328516766421,1.6544777652639495,1
17,2018,10,26,0.386467249820909,1.5213386426881472,1
17,2018,11,23,0.0889996346065085,1.4350706009660894,1
17,2018,12,13,0.2901905005952588,1.3673442711222814,1
17,2019,1,14,0.220298428390965,1.6719518069135628,1
17,2019,2,28,0.0804993314595831,1.4225014737479482,1
17,2019,3,14,0.5933299693029511,1.8695319548932385,1
17,2019,4,15,0.8289340414230822,1.4750006686534654,1
17,2019,5,19,0.2351604554433255,1.4198510870197043,1
17,2019,6,15,0.0869988567652524,1.408434635188277,1
17,2019,7,15,0.044232562459053,1.3664479424758347,1
17,2019,8,13,0.2775095008989957,1.2866106469908798,1
17,2019,9,21,0.7416164008117851,1.5797743020582138,1
17,2019,10,23,0.7013975156850509,1.6854983545929736,1
17,2019,11,16,0.3260534266112102,1.645213529163924,1
17,2019,12,12,0.8824253164973435,1.6215279747761224,1
17,2020,1,18,0.5953791315033854,1.487746562009868,1
17,2020,2,21,0.0804993314595831,1.4328139138655338,1
17,2020,3,10,0.0276870969519236,1.1980661843369944,1
17,2020,4,1,0.8797972836382131,0.8797972836382131,1
17,2020,5,6,0.8875894382608662,1.78230915476436,1
17,2020,6,15,0.7434081632582554,1.5825635453839106,1
17,2020,7,14,0.6281048715411273,1.4924980253365643,1
17,2020,8,19,0.2052493931188544,1.3862828831547587,1
17,2020,9,22,0.3951794279566555,1.3538270854610703,1
17,2020,10,21,0.4008729390719348,1.7627183400937723,1
17,2020,11,15,0.8363808201781493,1.7339495594534529,1
17,2020,12,15,0.2798993069954389,1.4629421548823482,1
17,2021,1,12,0.7416164008117851,1.587817754120554,1
17,2021,2,13,0.1390878534009977,1.5592778249488783,1
17,2021,3,13,0.0231110096458788,1.5093696477028984,1
17,2021,4,14,0.0889996346065085,1.476596213174883,1
17,2021,5,17,0.1776808332680605,1.5189439089566825,1
17,2021,6,23,0.5967571705756266,1.425176235883757,1
17,2021,7,10,0.2062123314302019,1.3493736493362474,1
17,2021,8,20,0.5505228829602256,1.413870459824707,1
17,2021,9,17,0.6072958871565012,1.2836756207880102,1
17,2021,10,29,0.1335977633638111,1.5662661235956974,1
17,2021,11,9,0.6375076567924038,1.7566230984919695,1
17,2021,12,19,0.2798993069954389,1.584085615422041,1
17,2022,1,15,0.8061980414438936,1.4223014023818288,1
17,2022,2,20,0.110381926988489,1.2139705342913572,1
17,2022,3,15,0.3346398802074144,1.594224516623789,1
17,2022,4,20,0.0935997845678984,1.3255695602255713,1
17,2022,5,24,0.2319993028836706,1.6477567823959847,1
17,2022,6,24,0.0486367915595324,1.4626997923039438,1
17,2022,7,16,0.0935997845678984,1.3788633427860526,1
17,2022,8,15,0.2799000410315868,1.5153397622211258,1
17,2022,9,33,0.0835854525191079,1.6840848882143777,1
17,2022,10,27,0.3110230204586292,1.5133794323542498,1
17,2022,11,29,0.3230759795103429,1.3039412880123986,1
17,2022,12,29,0.3540835649568594,1.3889033460468023,1
17,2023,1,16,0.0467985029763616,1.2280104091045643,1
17,2023,2,24,0.3119022083491271,1.3784525533866379,1
17,2023,3,27,0.1171606937313984,1.4519294333727113,1
17,2023,4,17,0.4915910527593067,1.4757632970949954,1
17,2023,5,27,0.3165114568853878,1.4712786958493165,1
17,2023,6,21,0.2232013048687681,1.1097717666440243,1
17,2023,7,18,0.1020595083806966,1.2576021624499276,1
17,2023,8,12,0.2318156877828883,1.317141254072643,1
17,2023,9,19,1.0297622161201256,1.672415125121426,1
17,2023,10,23,0.0442325707647843,1.2995441051682703,1
17,2023,11,29,0.2232013048687681,1.380744317867453,1
17,2023,12,21,0.2831632638369274,1.659912467480088,1
17,2024,1,12,0.3260534060468389,1.4998906294287544,1
17,2024,2,20,0.102974102428239,1.6136765779105524,1
17,2024,3,20,0.2421452917135947,1.402988529005688,1
17,2024,4,25,0.102974102428239,1.2663996975733125,1
17,2024,5,18,0.3352133549727645,1.2481277208877013,1
17,2024,6,22,0.0442325707647843,1.5110754060634966,1
17,2024,7,9,0.3350226805429265,1.2784798359436527,1
17,2024,8,22,0.2793839557079885,1.6348791038273391,1
17,2024,9,22,0.2233314100694659,1.4194851948284588,1
17,2024,10,18,0.3390101494854034,1.4416393572169894,1
17,2024,11,26,0.3352133549727645,1.3406812691641248,1
17,2024,12,15,0.1975506768248882,1.3659814286217233,1
18,2017,1,6,1.3998010003692751,1.7244105417716504,1
18,2017,2,13,0.8576996496154057,1.8164872804421572,1
18,2017,3,12,0.1368575286845503,1.1566878867856714,1
18,2017,4,19,0.2224330836219878,1.5688633922779966,1
18,2017,5,10,0.2566517969105999,1.2915013371567492,1
18,2017,6,10,0.2224330836219878,1.5680651941531427,1
18,2017,7,23,0.1915346927775084,1.750268022525156,1
18,2017,8,22,0.3284880950113368,1.6089616516199803,1
18,2017,9,12,0.1368575286845503,1.4559008628490073,1
18,2017,10,12,0.1368575286845503,1.2387314801328893,1
18,2017,11,18,0.4225498754649645,1.4201723257443062,1
18,2017,12,14,0.6540290156037216,1.5116803124961298,1
18,2018,1,12,0.1368575286845503,1.3158310859186024,1
18,2018,2,9,0.1134592678812344,1.2588990561163032,1
18,2018,3,11,0.820308150068098,1.6118317590015032,1
18,2018,4,20,0.1368575286845503,1.5141252780835557,1
18,2018,5,12,0.8894595320714609,1.739106649074831,1
18,2018,6,12,1.5376299419025945,1.8595524570332096,1
18,2018,7,24,0.4016285855646398,1.671864043814946,1
18,2018,8,11,0.5138309739488162,1.8816602853859743,1
18,2018,9,9,1.4805062937695983,1.7345920480905201,1
18,2018,10,13,0.1368575286845503,1.2486013798348377,1
18,2018,11,10,0.5094338136407699,1.344162846029477,1
18,2018,12,14,0.4621166424629185,1.7105364456046102,1
18,2019,1,4,1.184410061949468,1.5124718340451107,1
18,2019,2,13,0.2566517969105999,1.480547579526972,1
18,2019,3,10,1.0889724594450017,1.709535276914755,1
18,2019,4,16,0.1267299731946162,1.5656514461018067,1
18,2019,5,27,0.1267299731946162,1.422509975676243,1
18,2019,6,18,0.5185515944675873,1.5691929005888066,1
18,2019,7,13,0.9419031268117984,1.9295831969151476,1
18,2019,8,19,0.1697330440007441,1.491483769387474,1
18,2019,9,13,0.1267299731946162,1.4157494482657282,1
18,2019,10,17,0.1280159031831887,1.272331346251941,1
18,2019,11,15,0.3192890835685659,1.5811956757510335,1
18,2019,12,13,0.1280159031831887,1.327057615471086,1
18,2020,1,14,0.3913751632148566,1.385893123339709,1
18,2020,2,5,1.4003717030349847,1.9336173163894255,1
18,2020,3,10,0.631711570525104,1.559385628186392,1
18,2020,4,6,0.1994919016360082,1.1111425134805175,1
18,2020,5,13,0.62547837215733,1.5308701265187883,1
18,2020,6,11,0.7344741187187295,1.7727862303209354,1
18,2020,7,8,0.4725013793664609,1.5682716902248144,1
18,2020,8,9,0.1274524039704566,1.5054717746315256,1
18,2020,9,11,0.1669332587214441,1.3977531267941439,1
18,2020,10,11,0.2568186190044766,1.2571519266539044,1
18,2020,11,5,0.919091170318545,1.3965815766206897,1
18,2020,12,11,0.5393379664649225,1.5602749480810951,1
18,2021,1,7,0.7542001291988041,1.416125486881453,1
18,2021,2,8,0.1305635030422675,1.44570039608953,1
18,2021,3,7,0.62547837215733,1.1319389390302137,1
18,2021,4,7,0.1305635030422675,1.3774318183088299,1
18,2021,5,12,0.6538132574921113,1.7606115136192362,1
18,2021,6,14,0.3423462257498262,1.552824579577185,1
18,2021,7,14,0.8098600829846692,1.7382009547832118,1
18,2021,8,11,0.1305635030422675,1.3628188907747634,1
18,2021,9,21,0.3305388717599873,1.6029717991219792,1
18,2021,10,16,0.1280159031831887,1.3593835801702703,1
18,2021,11,8,1.0444527860902024,1.6079441741847602,1
18,2021,12,18,0.1305635030422675,1.6303739085230577,1
18,2022,1,16,0.1669332587214441,1.4697548709956352,1
18,2022,2,12,0.4655288226328147,1.8061837602217201,1
18,2022,3,9,0.1669332587214441,1.3787714486572373,1
18,2022,4,9,0.1078701697131399,1.1634174327140023,1
18,2022,5,17,0.0129135895425151,1.3875341091803743,1
18,2022,6,19,0.634498188874263,1.3996719344609598,1
18,2022,7,22,0.1426484588459473,1.7445065278232226,1
18,2022,8,16,0.7854147699699955,1.679893673149928,1
18,2022,9,23,0.4594756370139088,1.53184219680913,1
18,2022,10,19,0.1426484588459473,1.3930393648761334,1
18,2022,11,12,1.3580960952654784,1.7955830579095142,1
18,2022,12,21,0.1426484588459473,1.48120792470137,1
18,2023,1,17,0.1426484834533742,1.6618659754425225,1
18,2023,2,17,0.4531965380574747,1.5463082771554129,1
18,2023,3,9,1.661462070686364,1.9047490961280076,1
18,2023,4,14,0.5424727376531183,1.592475954538454,1
18,2023,5,18,0.135584364687218,1.5710659742906357,1
18,2023,6,19,0.1757543656030683,1.3314663931991364,1
18,2023,7,12,0.8845514427434695,1.6514749077577282,1
18,2023,8,7,0.1649661223582031,1.3358758660219778,1
18,2023,9,15,0.0125949373347865,1.3944078469318666,1
18,2023,10,10,0.4622043960605724,1.6338013518018517,1
18,2023,11,12,0.5908231317544937,1.4532862212035573,1
18,2023,12,14,1.0605957186175492,1.796460423734186,1
18,2024,1,17,0.2929768326417744,1.5033643400073622,1
18,2024,2,22,0.222111554896333,1.3705422940404062,1
18,2024,3,15,0.7528655850750481,1.4980702780740154,1
18,2024,4,12,0.4621163306152117,1.4095402804280137,1
18,2024,5,12,0.199491917803051,1.3486815116891833,1
18,2024,6,23,0.6684165407439332,1.79800808183915,1
18,2024,7,16,0.3399294316246872,1.57059858443029,1
18,2024,8,13,0.1928657486540018,1.299695030844081,1
18,2024,9,26,0.2565277534758387,1.5871289303338263,1
18,2024,10,20,0.5279859456920118,1.667592291015421,1
18,2024,11,12,0.5093222727981077,1.5883668837537759,1
18,2024,12,14,0.135584364687218,1.4859975660077276,1
19,2017,1,19,0.5225242051917403,1.6970529309838036,1
19,2017,2,15,1.0499790706324836,1.6197018692993501,1
19,2017,3,13,0.5153999046230957,1.6038065820586191,1
19,2017,4,7,0.7436219409685496,1.3887127497364844,1
19,2017,5,14,0.8863555143656494,1.5682102540930916,1
19,2017,6,16,0.2304035025095313,1.421795121848319,1
19,2017,7,12,0.91108868446702,1.6454860665579796,1
19,2017,8,6,0.7269704678466405,1.4294354435669776,1
19,2017,9,21,0.6310963114301095,1.593418977604765,1
19,2017,10,16,0.5225242051917403,1.843962296308791,1
19,2017,11,13,0.27277667587224,1.5395934172558101,1
19,2017,12,12,0.5673517847224172,1.6585564527196015,1
19,2018,1,11,1.0222893990409974,2.0071346047736953,1
19,2018,2,10,0.6260880535994491,1.6933646723923765,1
19,2018,3,12,0.700210876975843,1.7378647922431227,1
19,2018,4,17,0.8355780507587036,1.7931050215595954,1
19,2018,5,17,0.7715772986782514,1.560436496391854,1
19,2018,6,14,1.106488225664065,1.8717292457951547,1
19,2018,7,17,0.5225242051917403,1.5384457908141764,1
19,2018,8,9,0.7157544299705442,1.4309895962392256,1
19,2018,9,17,0.3619778854971455,1.7032434524081934,1
19,2018,10,17,0.517528640361123,1.6943986232063104,1
19,2018,11,14,0.7918946730464431,1.7833626059775458,1
19,2018,12,11,0.5294507505645741,1.4336354044115047,1
19,2019,1,12,0.8009800899039109,1.7856778080267335,1
19,2019,2,19,0.7241920097197488,1.8364217579230926,1
19,2019,3,13,0.6767803047364868,1.5416817432362218,1
19,2019,4,17,0.763166092814793,1.5480682095453424,1
19,2019,5,16,0.2304035025095313,1.427465214894585,1
19,2019,6,13,0.6250797567142486,1.837405905591226,1
19,2019,7,8,0.8733857891954426,1.4737840938509725,1
19,2019,8,15,0.6533182227685368,1.6667625687348049,1
19,2019,9,8,1.5232294907569606,1.8700540767047862,1
19,2019,10,11,1.2459528765210377,1.7580913397160993,1
19,2019,11,16,0.273202982326616,1.5329454044712745,1
19,2019,12,11,1.3604350900874351,2.1006464399111735,1
19,2020,1,14,0.7157401839942249,1.5626518128176028,1
19,2020,2,19,0.7715772986782514,1.7067150642390825,1
19,2020,3,5,0.5673517847224172,1.6782557657972845,1
19,2020,4,2,0.9725531354489314,1.3065498577597814,1
19,2020,5,8,1.5403197345968864,1.876242109265247,1
19,2020,6,8,0.861522090363501,1.6614376819367307,1
19,2020,7,8,1.1634598413591033,1.8261053513959584,1
19,2020,8,10,0.7418643372174688,1.553533308081753,1
19,2020,9,6,1.0978799287483323,1.9293389280616289,1
19,2020,10,15,0.6091070797530397,1.3991832225108778,1
19,2020,11,7,0.7108706880611333,1.5982573218684206,1
19,2020,12,6,1.151740758727858,1.6590623580677848,1
19,2021,1,1,2.1000813984015188,2.1000813984015188,1
19,2021,2,5,0.2774605670041107,1.5295319351816103,1
19,2021,3,3,1.3430531657757527,1.9144328681911424,1
19,2021,4,8,0.8860251474031293,1.755904192641979,1
19,2021,5,9,0.6689269464017472,1.4257211187423153,1
19,2021,6,16,0.8312707399490388,1.7171736361255772,1
19,2021,7,5,0.7525084666953138,1.4159521011515384,1
19,2021,8,6,1.0385937118474613,1.5225436146959346,1
19,2021,9,13,0.6721000097451626,1.6239271611562975,1
19,2021,10,19,0.8145136862815552,1.604645417345593,1
19,2021,11,8,1.1893082183219537,1.717120423633615,1
19,2021,12,7,1.0206565959172913,1.7756297584281004,1
19,2022,1,11,0.1952475107290631,1.3892649040102434,1
19,2022,2,11,0.7057235518817109,1.6588746851894773,1
19,2022,3,10,1.339531908110856,1.8825836384079235,1
19,2022,4,10,0.6344676175411421,1.4402477392133424,1
19,2022,5,27,0.2732030728520885,1.3537257296819878,1
19,2022,6,20,0.8196991082631571,1.5311832563611465,1
19,2022,7,10,0.7108712275058011,1.3914465544689143,1
19,2022,8,15,0.6721002018314743,1.4290829173408464,1
19,2022,9,24,0.6503803480320829,1.6091710030774289,1
19,2022,10,18,1.0643035775786658,1.8067557984607892,1
19,2022,11,12,0.939332261978308,1.8233627503796381,1
19,2022,12,16,0.6481821724833983,1.6297168699581568,1
19,2023,1,19,0.1137237281074323,1.5959636341507855,1
19,2023,2,6,0.993138048237706,1.6335814065277485,1
19,2023,3,8,0.6068156792894069,1.6003612497489004,1
19,2023,4,9,1.0949719660152288,1.6340290837044036,1
19,2023,5,20,0.6430845782553833,1.5586661492643263,1
19,2023,6,14,0.5274631595051921,1.464827331215838,1
19,2023,7,11,0.2769275810472609,1.6790069265937846,1
19,2023,8,15,0.8412957087439207,1.5406188961819558,1
19,2023,9,13,0.1318525213319767,1.5342106026578646,1
19,2023,10,13,0.7128739113412899,1.4758220529563306,1
19,2023,11,17,0.2769275810472609,1.4498121230158214,1
19,2023,12,6,0.1318525213319767,1.3351315657833849,1
19,2024,1,16,0.5274631595051921,1.7728614588037166,1
19,2024,2,9,1.1732094237572983,1.804377267805652,1
19,2024,3,17,0.427476952752042,1.687968743607032,1
19,2024,4,12,0.7916442406072781,1.6468546176322187,1
19,2024,5,18,0.6197082229412082,1.7720431433440222,1
19,2024,6,13,0.885859258787271,1.5710061135154971,1
19,2024,7,7,0.1319377719319736,1.6289212484410716,1
19,2024,8,8,0.694839902807252,1.6199986035339837,1
19,2024,9,19,1.2748751848461557,1.766417000452328,1
19,2024,10,14,0.4212854622502527,1.5441074238412416,1
19,2024,11,7,0.5901568097767518,1.620988269581608,1
19,2024,12,14,0.1318525213319767,1.8079050219759132,1
20,2017,1,3,1.6414865274263395,1.9544760388438494,1
20,2017,2,5,1.1075783124406209,2.0132116648084364,1
20,2017,3,12,1.2668117818140532,2.021167813600478,1
20,2017,4,4,1.2480253514982935,1.639379743616446,1
20,2017,5,16,1.0467198988582556,1.7600271416092432,1
20,2017,6,10,0.6233696192115556,1.8293245786623238,1
20,2017,7,5,1.3615976971294146,1.7178299672586916,1
20,2017,8,7,1.1075783124406209,1.9298563713855243,1
20,2017,9,6,1.2181569216614632,1.6433563785395844,1
20,2017,10,7,1.4359041599925897,1.9942156692022814,1
20,2017,11,5,1.66674856800848,2.2144914338290795,1
20,2017,12,8,0.3439487981386385,1.8551166993334085,1
20,2018,1,3,1.4693496490445292,1.7703957316708674,1
20,2018,2,6,0.8566552273539908,1.577722534340241,1
20,2018,3,8,0.6397055794821604,1.8610336731527783,1
20,2018,4,4,0.5721411268023607,1.617272653328198,1
20,2018,5,9,0.6397055794821604,1.7441915801572763,1
20,2018,6,6,1.2181569216614632,1.8250292119751634,1
20,2018,7,4,1.780203815682269,1.9846150400781315,1
20,2018,8,5,1.467500438775107,1.7109266783195056,1
20,2018,9,2,0.9822701127224704,1.5748797770115783,1
20,2018,10,10,0.8803049513658298,1.8622053048785354,1
20,2018,11,7,1.6118506953583764,1.9623665472909584,1
20,2018,12,2,1.966206881541908,2.090778776016103,1
20,2019,1,3,1.3615976971294146,1.9841396969982636,1
20,2019,2,7,1.0168925903338335,1.8841412609530717,1
20,2019,3,5,1.436379036784561,1.8769371026369388,1
20,2019,4,2,1.857860490321202,1.9259498049355557,1
20,2019,5,7,0.92544816115454,2.023484861060371,1
20,2019,6,7,0.9880893561182889,1.9573103883498806,1
20,2019,7,3,1.1067974229343656,1.269222905940592,1
20,2019,8,6,0.6397061411576099,1.6545389200760068,1
20,2019,9,6,1.6414865274263395,2.0673216069487323,1
20,2019,10,13,1.3882360036621084,2.12339767942922,1
20,2019,11,11,1.4210808716720915,1.996061178897593,1
20,2019,12,8,0.4722111585202608,1.3947707731185812,1
20,2020,1,6,1.875113755338922,2.270671719741897,1
20,2020,2,7,1.2399233943855172,1.5740493197857188,1
20,2020,3,6,1.339913502469356,1.8086949152700342,1
20,2020,4,1,1.3470186681048646,1.3470186681048646,1
20,2020,5,7,1.0235999740129054,2.056052773275177,1
20,2020,6,6,0.6397061411576099,1.8836268976886448,1
20,2020,7,1,2.3327646165688773,2.3327646165688773,1
20,2020,8,6,1.391209865045136,1.7420096555501647,1
20,2020,9,6,0.8239454560438583,1.9902941089842832,1
20,2020,10,12,0.8213053912004672,1.8423499301690285,1
20,2020,11,3,1.875113755338922,2.1646080098601073,1
20,2020,12,6,1.328555462908542,1.8831021544134856,1
20,2021,1,6,1.348902827846261,1.9968875210784536,1
20,2021,2,8,0.3439487981386385,1.3607555523122228,1
20,2021,3,3,1.6776344152801244,2.059040426454526,1
20,2021,4,1,1.6063841491008355,1.6063841491008355,1
20,2021,5,6,0.6397058539681932,1.707316620460021,1
20,2021,6,10,1.013747824715212,1.7187143920736254,1
20,2021,7,4,0.114134014114356,0.8735021086062134,1
20,2021,8,8,0.5955362927712416,1.8839990718735564,1
20,2021,9,3,1.8750115662732625,2.234353481008752,1
20,2021,10,15,0.8881244267879552,1.7472419292190828,1
20,2021,11,4,1.1732614395477925,1.8665763921886764,1
20,2021,12,5,1.216129882804358,1.8389151260315906,1
20,2022,1,8,0.9868562918771134,1.8521542306669687,1
20,2022,2,5,1.5635175262734329,1.957518547665614,1
20,2022,3,5,0.8248799338202778,1.4471505451088382,1
20,2022,4,10,1.1067965592791578,1.829403311551491,1
20,2022,5,11,1.01982875679602,1.9555079082026587,1
20,2022,6,5,1.01982875679602,1.6042834020829928,1
20,2022,7,8,0.330688248799861,1.5737327371826666,1
20,2022,8,3,0.961731203737294,1.332255863151002,1
20,2022,9,10,1.4363787805246702,2.063455529804881,1
20,2022,10,11,0.9046808865073296,1.8241504651048237,1
20,2022,11,14,1.2066869693482598,1.9144099509609773,1
20,2022,12,8,1.4758170943919109,2.0424922355219777,1
20,2023,1,11,0.2951922272898416,1.528524067366324,1
20,2023,2,8,0.8263315134499459,1.4614899184398935,1
20,2023,3,5,0.7216798097810364,1.3269038139891693,1
20,2023,4,14,0.3562566513846195,1.7525531073107306,1
20,2023,5,7,0.3237278456320683,1.4766505929074811,1
20,2023,6,4,1.070426163860183,1.6654714745757384,1
20,2023,7,6,0.7030981463144491,1.8344355172167488,1
20,2023,8,4,0.2679972885112314,1.5790173503967138,1
20,2023,9,6,0.5191017147536294,1.475398003739901,1
20,2023,10,6,1.3262799347192291,1.9797407937731164,1
20,2023,11,8,0.5151868202096483,1.635305281409006,1
20,2023,12,10,0.3562566513846195,1.7401169513055224,1
20,2024,1,4,0.7216760724725301,1.3382358611008651,1
20,2024,2,5,0.810499223532659,1.3287533824510287,1
20,2024,3,7,0.6397057796316009,1.5117369145857988,1
20,2024,4,9,0.7829702539571298,1.80967833159331,1
20,2024,5,4,0.7436453651478605,1.3599337802185714,1
20,2024,6,8,1.602139272131937,1.9580620857183415,1
20,2024,7,10,0.5252694391921314,1.8327644352008754,1
20,2024,8,7,0.611094956561675,1.6652489125677843,1
20,2024,9,10,1.1076893862594106,1.9392248498479934,1
20,2024,10,10,1.0575059084105145,1.7422131118227224,1
20,2024,11,8,1.6063293844345772,2.0330656254656785,1
20,2024,12,5,1.4154226711855922,2.1160251727891763,1
21,2017,1,2,1.129603806293413,1.3799469875413384,1
21,2017,2,1,0.5649087226543109,0.5649087226543109,1
21,2017,3,3,0.4929037557597381,1.2237874462793341,1
21,2017,4,2,0.70612881189004,1.5567286452996263,1
21,2017,5,5,0.1989391401635915,1.2020008894167327,1
21,2017,6,5,1.3579599266634197,1.5890215129402783,1
21,2017,7,2,1.027951319780144,1.3234006300380305,1
21,2017,8,2,1.4523994873837438,1.8696198711398495,1
21,2017,9,1,2.4130797516526514,2.4130797516526514,1
21,2017,10,1,1.5368569355590669,1.5368569355590669,1
21,2017,11,3,0.17597482600313,1.3684247577357007,1
21,2017,12,2,1.464861283341618,1.7872736502965756,1
21,2018,2,4,0.2758477566694975,0.9820975244922726,1
21,2018,3,5,1.129603806293413,1.489948474449444,1
21,2018,4,5,1.1144347714833789,1.6745181267796247,1
21,2018,5,1,1.8148647676440284,1.8148647676440284,1
21,2018,6,7,0.0171727049789573,1.1162034434524515,1
21,2018,7,5,0.1338683309938209,1.4381527574390927,1
21,2018,8,4,0.5231755325165234,1.3151064952681866,1
21,2018,10,9,0.179505314622649,1.3472329739861826,1
21,2018,11,5,0.2378687437900378,0.7024019806236728,1
21,2018,12,2,0.9933810106056442,1.594945796964256,1
21,2019,1,3,0.2758477566694975,1.2208589700266348,1
21,2019,2,2,1.5484489615575086,1.7220112189704446,1
21,2019,3,3,0.5465227446841906,1.1435312862703249,1
21,2019,4,2,1.1285402974749363,1.764070951929531,1
21,2019,5,5,0.3004862693864009,1.2034830773785408,1
21,2019,6,3,0.1881522368947526,1.0707139164650439,1
21,2019,7,1,1.071326512062739,1.071326512062739,1
21,2019,8,6,0.6189097458220614,1.3471306041147508,1
21,2019,9,2,1.0146128850326008,1.051641269717274,1
21,2019,10,6,0.6189097458220614,1.2143783754600754,1
21,2019,11,3,0.0714858610890415,1.2695888965560382,1
21,2019,12,2,1.6383404263261825,1.775528129074213,1
21,2020,1,1,1.0032805987510565,1.0032805987510565,1
21,2020,2,2,0.7358498282445134,1.4077332936111966,1
21,2020,3,1,1.5799865969202105,1.5799865969202105,1
21,2020,6,1,1.0940581935938387,1.0940581935938387,1
21,2020,7,3,1.3684432792829797,1.6432985882274274,1
21,2020,8,8,0.6789365037202938,1.163238443428799,1
21,2020,9,3,0.4689008909295867,1.377703922698896,1
21,2020,10,4,0.9334680410800568,1.3434798919497632,1
21,2020,11,2,1.5010805506550038,1.5337345578956234,1
21,2021,1,2,1.1777674757117007,1.3890180603549152,1
21,2021,2,5,1.2819840893577503,1.9466053335880005,1
21,2021,3,4,0.0275268821878698,1.090859310756962,1
21,2021,4,6,0.0192473202622082,1.4849489978852475,1
21,2021,5,2,1.1365490411152015,1.506366301342338,1
21,2021,6,2,1.634630161455094,1.638104074828469,1
21,2021,7,4,0.4689004990604143,1.3431753982965478,1
21,2021,8,3,0.2467391953214699,0.9583259770091835,1
21,2021,9,7,0.0192473202622082,0.7119059505606243,1
21,2021,10,4,1.6084472288713914,1.9789949641779205,1
21,2021,11,3,1.5755171785782698,1.597093330579999,1
21,2021,12,5,0.567655571291666,1.5159099207134823,1
21,2022,1,4,1.2449729322098453,1.495939329010707,1
21,2022,2,1,2.4865036044646702,2.4865036044646702,1
21,2022,3,1,1.7328076916282409,1.7328076916282409,1
21,2022,4,1,1.7045817529773652,1.7045817529773652,1
21,2022,5,4,0.4569489363578038,1.1380460269230794,1
21,2022,6,12,0.1041216021086917,1.4780042228918042,1
21,2022,7,1,1.0719467970692915,1.0719467970692915,1
21,2022,8,3,1.3684431819670466,1.4550204833974136,1
21,2022,9,5,0.4003730972765978,1.4390927255268675,1
21,2022,10,5,1.1795523986469432,1.6106923484779312,1
21,2022,11,2,0.5676556035572261,0.797559023550283,1
21,2022,12,2,1.02746244354334,1.081791344482487,1
21,2023,1,3,1.3644609910956946,1.68837895086299,1
21,2023,2,3,1.3502196050352786,1.3689584241828594,1
21,2023,3,2,0.933467965097159,1.1608402038347094,1
21,2023,4,3,0.5206570971390605,1.1570635705407395,1
21,2023,5,6,0.7139968260637728,1.6197571579861056,1
21,2023,6,2,1.1296038884048152,1.2158003353773519,1
21,2023,7,3,0.3277664028700653,1.0376250595209806,1
21,2023,8,4,0.6189927961738393,1.5226305465795051,1
21,2023,9,6,1.5797537076455568,1.9956095987296687,1
21,2023,10,3,1.538502112128891,1.7263527128252418,1
21,2023,11,2,1.8187883634369868,1.8267208919040214,1
21,2023,12,6,0.6189927961738393,1.211528371147045,1
21,2024,1,5,0.5233045361218887,1.4631833130097267,1
21,2024,2,5,0.5673732611477409,1.4214739510236005,1
21,2024,3,4,0.8685398918350627,1.4208113250636996,1
21,2024,4,2,2.15340005895582,2.204859325398121,1
21,2024,5,4,0.5938928774512994,1.1386182927462514,1
21,2024,6,4,0.9462977821873186,1.5387306005114998,1
21,2024,7,5,1.199683514054473,1.6093689833093756,1
21,2024,8,3,0.5110444154690144,1.4446110294226309,1
21,2024,9,4,0.4649017311467938,1.1486313384515046,1
21,2024,10,4,0.0451600254438853,0.9203533450236133,1
21,2024,11,6,0.9798578767988548,1.4543962455514832,1
22,2017,1,4,0.0776974030931749,0.4804107391890189,1
22,2017,2,5,0.4808053240656536,1.0036329894011171,1
22,2017,3,8,0.4568847044380671,1.2512048605744428,1
22,2017,4,4,0.0662484838058237,0.8853408317305409,1
22,2017,5,1,1.4312319875604458,1.4312319875604458,1
22,2017,6,5,0.5939393105114195,1.0906050733019892,1
22,2017,7,7,0.590272423988211,1.0933410820572662,1
22,2017,8,2,1.075288078015396,1.4105799763049225,1
22,2017,9,6,0.0696895283873554,0.8972799136696858,1
22,2017,10,4,0.5400316189165775,1.3184115278037325,1
22,2017,11,3,0.497610732700632,0.68981297677723,1
22,2017,12,4,0.1121931901366689,0.8190653083302579,1
22,2018,1,4,0.2076282008171072,1.0223568293423582,1
22,2018,2,2,0.0572372428232815,1.2043784735443206,1
22,2018,3,3,0.4808053240656536,0.5579707775281003,1
22,2018,4,2,1.8117177047576256,1.8273271238995514,1
22,2018,5,2,0.7097306002967129,0.742489095445001,1
22,2018,6,1,1.2728106747158237,1.2728106747158237,1
22,2018,7,2,0.809163804510786,0.9195642158822013,1
22,2018,8,4,0.982530197524281,1.3876154674939858,1
22,2018,9,6,1.4406765128515158,1.7274689625852055,1
22,2018,10,7,0.1122393965547955,1.0415833667063201,1
22,2018,11,5,0.3232527395617918,1.0844956218195665,1
22,2018,12,4,0.2406759840725424,0.7892620129651413,1
22,2019,1,2,0.6025209858484071,1.5501278630410245,1
22,2019,2,3,0.0790007620268402,0.9744946365803594,1
22,2019,3,8,0.0711884094725745,1.4224780901887355,1
22,2019,4,8,0.0711884094725745,0.9931462059093235,1
22,2019,5,4,0.0674981438349853,1.4501247849354253,1
22,2019,6,5,0.5518917063110345,1.1070596654323048,1
22,2019,7,3,0.5913219559883384,0.8582752962607886,1
22,2019,8,2,0.5825935574445379,0.9636917882814855,1
22,2019,9,4,0.5424346440932546,0.9933134078565682,1
22,2019,10,3,0.0674981438349853,0.6851894063689191,1
22,2019,11,5,0.6105230858692337,0.9927232597654093,1
22,2019,12,5,1.2428982493943184,1.584590117695311,1
22,2020,1,4,0.695258924244894,1.474762392839971,1
22,2020,2,5,0.2022387423685853,1.3781515382098577,1
22,2020,3,2,0.2573704741276255,0.2942943723673942,1
22,2020,4,2,0.9224310827434448,1.1798542678209607,1
22,2020,5,3,1.1972612837173109,1.4011611615915438,1
22,2020,6,3,1.246407987471339,1.6518124057952683,1
22,2020,7,1,1.5422873815963438,1.5422873815963438,1
22,2020,8,4,0.8582421492795519,0.9746641308168554,1
22,2020,9,8,0.4181496265271003,0.9893849551371351,1
22,2020,10,1,1.727761663941296,1.727761663941296,1
22,2020,11,3,0.5518917063110345,0.9319654163136987,1
22,2020,12,4,0.5913219559883384,1.0706432099544192,1
22,2021,1,5,0.0587906699108896,1.1866443617400824,1
22,2021,2,2,0.520274949241404,1.260270794912382,1
22,2021,3,5,0.5518917063110345,1.1870459602128958,1
22,2021,4,4,0.5949623374557252,1.3189214173869392,1
22,2021,5,5,0.7876019342177573,1.2865036689296094,1
22,2021,6,5,0.0793117909341544,1.4570684149569524,1
22,2021,7,5,0.5172080137359926,1.1188920973524776,1
22,2021,8,2,0.4811800969694104,0.7680425805729361,1
22,2021,9,4,0.8048609334394271,1.1921739853732476,1
22,2021,10,6,0.5518917063110345,1.6096451970373604,1
22,2021,11,3,0.1720663238410003,0.7734514126677698,1
22,2021,12,2,0.900976300155404,1.5454375377498004,1
22,2022,1,5,0.7492618159000063,1.2445090902270153,1
22,2022,2,4,0.5518917063110345,1.530402282381683,1
22,2022,3,4,0.6025209858484071,1.0854556361341596,1
22,2022,4,7,0.3048167823113297,1.148781439638636,1
22,2022,5,6,0.0674985631357648,0.9989126680684349,1
22,2022,6,5,0.2966995716110254,1.2320994142417632,1
22,2022,7,5,0.147774635200932,1.1822209473767944,1
22,2022,8,7,0.2187599836888977,0.9537987485394129,1
22,2022,9,6,0.5913225358143006,1.5466413818842453,1
22,2022,10,4,0.5267108109110289,1.253462407081556,1
22,2022,11,5,0.3196567876580641,0.9185236354802292,1
22,2022,12,4,0.5518918612144547,1.1762920040506863,1
22,2023,1,7,0.0711886672470015,1.2428225543039086,1
22,2023,2,4,0.4035696882207474,1.191140359681438,1
22,2023,3,4,1.0539957602132164,1.3960352017478863,1
22,2023,4,8,0.5903726778864627,0.8284223192454605,1
22,2023,5,6,0.3168332666185089,0.9979023511960926,1
22,2023,6,8,0.593939322660869,1.281515257836699,1
22,2023,7,6,0.593939322660869,1.2208712039910343,1
22,2023,8,4,0.6341017184077538,1.1753898867826595,1
22,2023,9,6,0.5690732983552195,1.0470624822046724,1
22,2023,10,1,0.0582138987563448,0.0582138987563448,1
22,2023,11,6,0.0696897577590173,1.231923101595027,1
22,2023,12,3,0.4010451335965427,1.1790032336649803,1
22,2024,1,10,0.2233865332157793,0.9258949820113255,1
22,2024,2,5,0.5986930232292116,0.8672732227291192,1
22,2024,3,2,0.4814681550637603,1.160241388756086,1
22,2024,4,3,0.0696897577590173,1.1701707459396598,1
22,2024,5,8,0.2026410300180292,1.4727345701152323,1
22,2024,6,5,0.3168332666185089,0.766030816183509,1
22,2024,7,3,1.210795931131602,1.407759636277066,1
22,2024,8,6,0.4915193130992471,1.1317891871780854,1
22,2024,9,3,0.5516332563614829,1.0020178951926864,1
22,2024,10,9,0.574205755469451,1.4090482962859858,1
22,2024,11,7,0.1011376986377645,0.9056252406726347,1
22,2024,12,2,0.2213795313444723,0.3936748931997863,1
23,2017,1,4,0.0867197386043845,0.508283716307814,1
23,2017,2,5,0.4517379363082595,1.0279554374202455,1
23,2017,3,8,0.3793734527154647,1.2285480007543454,1
23,2017,4,4,0.0704345956272285,0.9255304287346736,1
23,2017,5,1,1.4882165086461157,1.4882165086461157,1
23,2017,6,5,0.515098274141603,1.1046316629911508,1
23,2017,7,7,0.4852860039769631,1.1133502089820995,1
23,2017,8,2,1.0956587295462878,1.4074092331954238,1
23,2017,9,6,0.0458267904051945,0.852128006659251,1
23,2017,10,4,0.4691480252512492,1.3084429688427182,1
23,2017,11,3,0.4299370274850014,0.6547449082403546,1
23,2017,12,4,0.1253867491997752,0.8623278832846379,1
23,2018,1,4,0.2051994966703534,1.060872866709411,1
23,2018,2,2,0.0506390950928222,1.2055915503984327,1
23,2018,3,3,0.4517379363082595,0.6078948705051188,1
23,2018,4,2,1.87967259515746,1.89556396763601,1
23,2018,5,2,0.6190531998488593,0.6953097562645221,1
23,2018,6,1,1.3533744860924477,1.3533744860924477,1
23,2018,7,2,0.7744549098928869,0.9507967256126799,1
23,2018,8,4,0.9995193017925852,1.3852956702156582,1
23,2018,9,6,1.4979594941642902,1.7515787646637524,1
23,2018,10,7,0.1254489988041674,1.0226929648263532,1
23,2018,11,4,0.2340222031612589,0.7291077115177491,1
23,2018,12,4,0.2451554453177326,0.7847580244456871,1
23,2019,1,1,0.6039555370395059,0.6039555370395059,1
23,2019,2,3,0.0400257345978792,0.961939878853019,1
23,2019,3,8,0.0460629877842163,1.4254895418439726,1
23,2019,4,8,0.0460629877842163,0.9836369701772101,1
23,2019,5,3,0.0717185917753764,1.1122546432590414,1
23,2019,6,5,0.4462606148710354,1.0775675648227643,1
23,2019,7,3,0.5130852996682886,0.8849282383290272,1
23,2019,8,2,0.522214962009906,0.9390904116574446,1
23,2019,9,4,0.4867549602068524,1.013591844780032,1
23,2019,10,3,0.0717185917753764,0.6808789476948944,1
23,2019,11,5,0.6384436228373279,1.045272700489269,1
23,2019,12,5,1.235768589292365,1.5919852357927327,1
23,2020,1,4,0.7700529276990474,1.48964114662535,1
23,2020,2,5,0.2790100743915583,1.4198124566477868,1
23,2020,3,2,0.3365590421437128,0.34378716302754897,1
23,2020,4,2,0.914625038300492,1.2047393885324422,1
23,2020,5,3,1.108967061944142,1.3961217303676137,1
23,2020,6,3,1.3368228402354505,1.701919745231409,1
23,2020,7,1,1.4373935536553626,1.4373935536553626,1
23,2020,8,4,0.8872952813509205,0.988849839208729,1
23,2020,9,8,0.5119467122212201,1.0132748516355208,1
23,2020,10,1,1.7225244164353946,1.7225244164353946,1
23,2020,11,3,0.4462606148710354,0.9176330711587756,1
23,2020,12,4,0.5130852996682886,1.0352538441712031,1
23,2021,1,5,0.0540524320240204,1.1779506124527315,1
23,2021,2,2,0.4232165527292655,1.2638282703417942,1
23,2021,3,5,0.4462606148710354,1.1629951000139098,1
23,2021,4,4,0.4904683219506652,1.3106053755444897,1
23,2021,5,5,0.8248022855671405,1.3151173952739208,1
23,2021,6,4,0.0865365791722937,1.1985889609788345,1
23,2021,7,5,0.6236538200823735,1.1929484191849433,1
23,2021,8,2,0.4491152061330038,0.7932282356386426,1
23,2021,9,4,0.7719889134195592,1.1885205538787669,1
23,2021,10,6,0.4462606148710354,1.5791671631398962,1
23,2021,11,3,0.0788887699371283,0.7947227593874474,1
23,2021,12,2,0.8079065899931896,1.4479030455599329,1
23,2022,1,5,0.7383341225546479,1.2215371171103968,1
23,2022,2,4,0.4462606148710354,1.4549952513923632,1
23,2022,3,4,0.6039555370395059,1.1081699969430983,1
23,2022,4,7,0.3884322531648231,1.182574576414703,1
23,2022,5,6,0.0460626754598919,0.9720713234069346,1
23,2022,6,5,0.3119428869308711,1.2346302234573074,1
23,2022,7,5,0.0411180795421467,1.1591905544842933,1
23,2022,8,7,0.2012576492158933,0.964428024448826,1
23,2022,9,6,0.5130857836046033,1.5360304345547375,1
23,2022,10,4,0.6063799314591612,1.2428007467488453,1
23,2022,11,5,0.3380636072359012,0.9338532632542893,1
23,2022,12,4,0.4462607626850366,1.1487604680010917,1
23,2023,1,7,0.0460626838737444,1.266043351553087,1
23,2023,2,4,0.3717343858945183,1.2278254610622232,1
23,2023,3,4,1.1322648479848023,1.3979798778498371,1
23,2023,4,8,0.5801670371250044,0.826124897809303,1
23,2023,5,6,0.2129341356860331,1.0253880100987625,1
23,2023,6,8,0.5150982354422479,1.2896286812771358,1
23,2023,7,6,0.5150982354422479,1.1802436004094627,1
23,2023,8,4,0.6474425369649387,1.2080214383285286,1
23,2023,9,6,0.493801486854781,1.0430129318463286,1
23,2023,10,1,0.0556588213854839,0.0556588213854839,1
23,2023,11,6,0.0458262838055374,1.245436729244493,1
23,2023,12,3,0.2986278045120932,1.2013142975633786,1
23,2024,1,10,0.1461250549772741,0.9328975361934875,1
23,2024,2,5,0.4946987579936645,0.8262490936772519,1
23,2024,3,2,0.446136501913416,1.1938027674027294,1
23,2024,4,3,0.0458262838055374,1.2045469312810324,1
23,2024,5,8,0.2210345481769629,1.4806564792130468,1
23,2024,6,5,0.2129341356860331,0.6789214826035274,1
23,2024,7,3,1.301005577405791,1.4533406799777289,1
23,2024,8,6,0.5928856393485304,1.1175214725110751,1
23,2024,9,3,0.4460215724930624,1.0170770754260214,1
23,2024,10,9,0.4677397190025964,1.3912202446480082,1
23,2024,11,7,0.0929013280287133,0.884015460727711,1
23,2024,12,2,0.2218307184546872,0.40793291390045827,1
24,2017,1,4,0.0532070091648134,0.49594498511338064,1
24,2017,2,5,0.4725254967877279,1.0205082873676792,1
24,2017,3,8,0.4183292594034981,1.2437490327121727,1
24,2017,4,4,0.03347256842925,0.9048083327741747,1
24,2017,5,1,1.476101399095067,1.476101399095067,1
24,2017,6,5,0.5532269875641986,1.1079806586884275,1
24,2017,7,7,0.5237864775538525,1.1096219015201014,1
24,2017,8,2,1.0989264479950227,1.4199738708493832,1
24,2017,9,6,0.0342502867371812,0.8687895415404586,1
24,2017,10,4,0.504727123430482,1.3190640979798045,1
24,2017,11,3,0.4731612015298723,0.6705212774740893,1
24,2017,12,4,0.0964758516452309,0.843806945958877,1
24,2018,1,4,0.2120968501611242,1.0514624728827433,1
24,2018,2,2,0.0097701906243286,1.1894070899814722,1
24,2018,3,3,0.4725254967877279,0.5952944181063863,1
24,2018,4,2,1.8625984493160737,1.8783591091899985,1
24,2018,5,2,0.6469883518381273,0.7028099569998303,1
24,2018,6,1,1.3299484762494107,1.3299484762494107,1
24,2018,7,2,0.798371469739467,0.9412741602138374,1
24,2018,8,4,1.0050909614541288,1.3968209333226285,1
24,2018,9,6,1.4857135623924025,1.7457566788213794,1
24,2018,10,7,0.0965386047306632,1.0291378589805926,1
24,2018,11,4,0.2770383393587339,0.73629078767311,1
24,2018,12,4,0.2503829437507527,0.7894767947292136,1
24,2019,1,1,0.6137687037891029,0.6137687037891029,1
24,2019,2,3,0.0384674875503806,0.9686106995958911,1
24,2019,3,8,0.0363300957909568,1.4283646672573567,1
24,2019,4,8,0.0363300957909568,0.9909112486653361,1
24,2019,5,3,0.0353073811455147,1.1047005895399058,1
24,2019,6,5,0.4890926671396642,1.093399212029309,1
24,2019,7,3,0.5510318919437545,0.8819805107074689,1
24,2019,8,2,0.5544935742045645,0.9588377354642446,1
24,2019,9,4,0.5279392026505072,1.005818653327092,1
24,2019,10,3,0.0353073811455147,0.67686696477586,1
24,2019,11,5,0.6377344064469396,1.03095447299585,1
24,2019,12,5,1.2500436230128955,1.5963939717031694,1
24,2020,1,4,0.7490675006500953,1.4879954183644195,1
24,2020,2,5,0.2551354324763167,1.4122779361274298,1
24,2020,3,2,0.2959065158311288,0.3238719620413033,1
24,2020,4,2,0.928781238355601,1.205627198365423,1
24,2020,5,3,1.149329230398418,1.4046240855923973,1
24,2020,6,3,1.2948903507386906,1.686472491470262,1
24,2020,7,1,1.475774959233149,1.475774959233149,1
24,2020,8,4,0.9047430518597775,0.9826672665585228,1
24,2020,9,8,0.4809159617056672,1.009558031337972,1
24,2020,10,1,1.7363797601462192,1.7363797601462192,1
24,2020,11,3,0.4890926671396642,0.9310800128297169,1
24,2020,12,4,0.5510318919437545,1.0563888663639038,1
24,2021,1,5,0.0111051717739686,1.174688661190563,1
24,2021,2,2,0.4658034480907377,1.2662796915340544,1
24,2021,3,5,0.4890926671396642,1.1770223226292478,1
24,2021,4,4,0.5284443299076855,1.3103281651202798,1
24,2021,5,5,0.820689623444335,1.3143157667681173,1
24,2021,6,4,0.0537045350859964,1.1980684813516436,1
24,2021,7,5,0.5832927370977121,1.1685524336703197,1
24,2021,8,2,0.4710071873791531,0.7919386765331192,1
24,2021,9,4,0.7959256069162516,1.1977406829207489,1
24,2021,10,6,0.4890926671396642,1.5966048491345326,1
24,2021,11,3,0.1065452278548811,0.7887220347026208,1
24,2021,12,2,0.8499030370534157,1.4868073132069621,1
24,2022,1,5,0.7604614486839271,1.234067757878278,1
24,2022,2,4,0.4890926671396642,1.4875557131644437,1
24,2022,3,4,0.6137687037891029,1.1099333359965087,1
24,2022,4,7,0.3471351016249083,1.176662240229651,1
24,2022,5,6,0.0353075595206162,0.9752923447644618,1
24,2022,6,5,0.314092218305973,1.2412604160721323,1
24,2022,7,5,0.083471002551882,1.1731675325254483,1
24,2022,8,7,0.1890946275465043,0.9664242047058884,1
24,2022,9,6,0.5510324051821548,1.5420951297712353,1
24,2022,10,4,0.5663029495445399,1.252454842517616,1
24,2022,11,5,0.3392918751967677,0.932547596624594,1
24,2022,12,4,0.4890928119394058,1.166596398094942,1
24,2023,1,7,0.0363300260911214,1.2601234644999084,1
24,2023,2,4,0.3687347924451988,1.2136981121993768,1
24,2023,3,4,1.1098954492651554,1.404135357723072,1
24,2023,4,8,0.6132268977596785,0.8258456954096066,1
24,2023,5,6,0.2561559545994838,1.0138015061536902,1
24,2023,6,8,0.5532269637638471,1.289916689024313,1
24,2023,7,6,0.5532269637638471,1.1975142128953886,1
24,2023,8,4,0.6526871738235572,1.1994548530724476,1
24,2023,9,6,0.5308154689638822,1.0513980224192088,1
24,2023,10,1,0.0128992323074021,0.0128992323074021,1
24,2023,11,6,0.0342499100407464,1.245150748527376,1
24,2023,12,3,0.3418345317101814,1.1986264642659945,1
24,2024,1,10,0.1637094447485368,0.9336479076543345,1
24,2024,2,5,0.5321784076983903,0.8437729635342018,1
24,2024,3,2,0.469223926994934,1.1872229443446036,1
24,2024,4,3,0.0342499100407464,1.186372907693211,1
24,2024,5,8,0.1954436971564125,1.479741726982195,1
24,2024,6,5,0.2561559545994838,0.7175385380493837,1
24,2024,7,3,1.2591052578562518,1.4404222057663556,1
24,2024,8,6,0.5573126614909993,1.1233910100845514,1
24,2024,9,3,0.4888617529073353,1.0173301627657707,1
24,2024,10,9,0.5083873852715507,1.4022422706036588,1
24,2024,11,7,0.0683365709508917,0.894110839729413,1
24,2024,12,2,0.2280746421586038,0.41059153130656845,1
25,2017,1,5,0.1771035489366154,0.8016097673413658,1
25,2017,2,2,0.4675621285808219,0.5459958688993662,1
25,2017,3,5,0.4166728265622194,0.967454591373681,1
25,2017,4,2,0.2563552337551474,1.285346853958736,1
25,2017,5,4,0.2563552337551474,0.6925157263561145,1
25,2017,6,8,0.566550656096394,1.292135806972001,1
25,2017,8,1,0.5498972282344228,0.5498972282344228,1
25,2017,9,4,0.0920220676854521,0.8988492212782603,1
25,2017,10,5,0.4881125559643033,0.947409884463253,1
25,2017,11,2,0.6560204024056382,1.1539943505811352,1
25,2017,12,1,0.6564483437125093,0.6564483437125093,1
25,2018,1,3,0.5531190281577755,1.1725353390624125,1
25,2018,2,2,0.7870223312193475,1.319207767822547,1
25,2018,3,3,0.4627839857770631,0.7289271535981922,1
25,2018,5,11,0.3299864598235507,0.964276377621692,1
25,2018,6,2,0.4805284458519515,0.5684883947822303,1
25,2018,7,4,0.3589322730985133,0.9488220339908735,1
25,2018,8,4,0.2563552337551474,0.9979407921530645,1
25,2018,9,4,0.6172340935025369,0.7428063740206392,1
25,2018,10,9,0.1673994688681867,0.8914173777843324,1
25,2018,11,5,0.499146448862299,0.9532220844211544,1
25,2018,12,5,0.2563552337551474,0.5995307538021687,1
25,2019,1,2,0.657864374295413,1.1301763247470362,1
25,2019,2,6,0.3006876571208314,1.3614341693497496,1
25,2019,3,2,0.5332878433699576,1.192340523897852,1
25,2019,4,2,1.0068866746225562,1.1810942700270577,1
25,2019,5,4,0.6752836338057593,1.231021017362323,1
25,2019,6,1,2.251944825421759,2.251944825421759,1
25,2019,7,3,0.6172340935025369,0.716661247592043,1
25,2019,8,3,0.6102614233705405,0.9594493992370238,1
25,2019,9,6,0.4670887882289473,1.4799079462553368,1
25,2019,10,1,1.0769322410684643,1.0769322410684643,1
25,2019,11,7,1.0147641884238288,1.5245370934939844,1
25,2019,12,1,1.8513932044257464,1.8513932044257464,1
25,2020,1,2,1.1759322968842667,1.7612617523334153,1
25,2020,2,2,1.3202458105685184,1.3377738380000388,1
25,2020,3,5,0.2589193664914798,0.8941488292603326,1
25,2020,4,1,0.5068081258820694,0.5068081258820694,1
25,2020,5,2,0.0939370802994473,0.3148935758198883,1
25,2020,6,1,0.9350243305203828,0.9350243305203828,1
25,2020,7,5,0.4709712467440539,0.8319525809202937,1
25,2020,8,5,0.2589193664914798,0.7107432221096686,1
25,2020,9,1,0.9938846354976708,0.9938846354976708,1
25,2020,10,3,1.0147969951909157,1.554211522061759,1
25,2020,11,4,0.5327810973360804,0.7383314954080197,1
25,2020,12,2,0.2589193664914798,0.2589193664914798,1
25,2021,1,4,0.5428746260956906,0.6962900108888203,1
25,2021,2,1,1.2077684843859389,1.2077684843859389,1
25,2021,3,5,0.4978549017081194,1.1798152337434198,1
25,2021,4,2,0.283044995473231,0.8016454030208747,1
25,2021,5,4,1.0106826535563116,1.7954850338426829,1
25,2021,6,3,0.4644921100029671,0.6866118584595305,1
25,2021,7,8,1.0572269581418037,1.6807666720810457,1
25,2021,8,3,1.9229585681284196,2.205594102588537,1
25,2021,9,4,0.2575596074448487,0.9176085729683882,1
25,2021,10,4,0.4763351466375578,1.3304400537122254,1
25,2021,11,3,0.2575596074448487,0.536417572675612,1
25,2021,12,4,1.1472228395918116,1.3776183541406402,1
25,2022,1,2,1.3821489894179624,1.5224138278016435,1
25,2022,2,3,1.3506960397734094,1.6138836030522656,1
25,2022,3,1,2.0426089972465578,2.0426089972465578,1
25,2022,4,5,0.2816045392621853,1.0060846635770924,1
25,2022,5,3,0.9418145219842904,1.3851251037050145,1
25,2022,6,7,0.6426326247287936,1.269642482885477,1
25,2022,7,5,0.6426326247287936,1.4441322111428083,1
25,2022,8,7,0.2575603278022221,0.8705062806865023,1
25,2022,9,7,0.4586635615725452,0.9425103152004108,1
25,2022,10,6,0.1470299083367008,0.9252966822994658,1
25,2022,11,5,0.6489860335812961,1.0329837836759725,1
25,2022,12,2,0.2589197213322884,0.5807125284819661,1
25,2023,1,1,0.793079002903055,0.793079002903055,1
25,2023,2,1,0.2549090662869028,0.2549090662869028,1
25,2023,3,2,0.4895878918968904,1.2062729060058464,1
25,2023,4,4,0.3376016105962587,1.1788332891838336,1
25,2023,5,2,0.599339421768625,0.7671014975923525,1
25,2023,6,4,0.0624453839488995,0.9194539209833648,1
25,2023,7,10,0.0920219550379557,1.2073474311657206,1
25,2023,8,2,0.3888943676471381,0.9092494217880986,1
25,2023,9,3,0.475391000457524,1.1670136485016134,1
25,2023,10,2,0.7380809524316994,0.9440522890363299,1
25,2023,11,9,0.286959199262412,1.0872026979633924,1
25,2023,12,3,0.6116077782252509,1.0386399534420827,1
25,2024,1,5,0.3554131515360607,0.789214097531464,1
25,2024,2,3,0.2007758502908726,0.4868733095184686,1
25,2024,4,7,0.2563556281158892,1.1960296741982022,1
25,2024,5,5,0.2007758502908726,0.7871542452411253,1
25,2024,6,6,0.2580838696970979,1.2182818566594864,1
25,2024,7,6,0.6169845099268851,1.6229674067310007,1
25,2024,8,8,0.223067246737974,1.2020082272407362,1
25,2024,9,6,0.1486867128323737,0.8473729701566389,1
25,2024,10,8,0.4560268431046287,1.3688117122098014,1
25,2024,11,5,0.2580838696970979,0.9595864339446291,1
25,2024,12,3,1.021609374679169,1.5403315918647065,1
26,2017,1,13,0.4922624569901646,1.385851251981169,1
26,2017,2,10,0.6665835765754434,1.5851588470998943,1
26,2017,3,14,0.4263346075856091,1.4252596191053344,1
26,2017,4,7,0.7037543104113548,1.481846745383472,1
26,2017,5,14,0.4514184558892191,1.8928767154407342,1
26,2017,6,18,0.4537167495880173,1.8835703637023928,1
26,2017,7,13,0.4263346075856091,1.5167078372479033,1
26,2017,8,5,0.5813507655997331,1.4097890735324188,1
26,2017,9,15,0.4537167495880173,1.549719031625305,1
26,2017,10,12,0.4703357863231983,1.6392376100045791,1
26,2017,11,16,0.4168822242278401,1.7951479596619364,1
26,2017,12,6,0.8645802138413542,1.2279717481712413,1
26,2018,1,13,0.2477938782411377,1.6246256983562999,1
26,2018,2,10,0.7649564499615652,1.8108459513797084,1
26,2018,3,11,0.2025075949446629,1.293937204877365,1
26,2018,4,13,0.4263346075856091,1.5655355287781243,1
26,2018,5,14,0.6432103653962307,1.74113223545819,1
26,2018,6,12,0.4032713933902989,1.6347832569363974,1
26,2018,7,9,0.2025075949446629,1.6754667033412294,1
26,2018,8,6,0.524639403663708,1.4749494095139843,1
26,2018,9,10,0.4351122669121979,1.5637270993463825,1
26,2018,10,11,0.2129045338782392,1.366144136831721,1
26,2018,11,15,0.4139751422669348,1.4332181013997456,1
26,2018,12,14,0.6968006066944293,1.6154198922151024,1
26,2019,1,15,0.5228011313514065,1.4864237122032287,1
26,2019,2,12,0.2023608597870788,1.231267238381642,1
26,2019,3,14,0.4480939134647393,1.5515096153290269,1
26,2019,4,10,0.4456967967731007,1.3810044326586852,1
26,2019,5,15,0.8204744244298576,1.7672889222941814,1
26,2019,6,9,0.3882485034973902,1.2821344119384916,1
26,2019,7,9,0.2067149603364942,1.6274204502228995,1
26,2019,8,10,1.5090224085538972,2.045034219535344,1
26,2019,9,18,0.4245628675533563,1.684118633531949,1
26,2019,10,10,0.1585749622362059,1.2916430044952742,1
26,2019,11,14,0.8352493355815039,1.6014737542842905,1
26,2019,12,12,0.901037339116601,1.632433301272482,1
26,2020,1,14,0.4755453778522267,1.5503427685902291,1
26,2020,2,6,0.2023608597870788,0.8707573379386738,1
26,2020,3,7,0.8947100932563463,1.8483053224319168,1
26,2020,4,2,1.6455108855577596,1.7954453868928737,1
26,2020,5,6,0.2903701892907045,1.5531027697031001,1
26,2020,6,9,0.2023608597870788,1.616099165812493,1
26,2020,7,18,0.901037339116601,1.6570136611814392,1
26,2020,8,9,0.3759747495539524,1.4379421723509704,1
26,2020,9,8,0.7297181477118779,1.576605208284426,1
26,2020,10,11,0.2151953437356744,1.6187296409300271,1
26,2020,11,6,0.5914966500662047,1.581260602494573,1
26,2020,12,7,0.6523695828662015,1.1168298159778118,1
26,2021,1,3,1.0647654611366149,1.5237578107451586,1
26,2021,2,9,0.6020650635371926,1.445719181844608,1
26,2021,3,6,1.014319568643721,1.809525187660027,1
26,2021,4,8,0.2210510178208747,1.2833799188090296,1
26,2021,5,10,0.5150261048106669,1.7142897057571223,1
26,2021,6,9,0.4403491056203304,1.7533248964118462,1
26,2021,7,7,0.3759747495539524,1.622547128261532,1
26,2021,8,7,0.5071015618020814,1.4431750134913561,1
26,2021,9,13,0.8691914549388524,1.678248703109338,1
26,2021,10,15,0.2151953437356744,1.747802461388135,1
26,2021,11,7,1.3188901520170306,2.016176157723647,1
26,2021,12,10,0.1474854513344942,1.2676591850283914,1
26,2022,1,11,1.078673536513054,1.828374756551668,1
26,2022,2,11,1.1215007627519502,1.8571868354208478,1
26,2022,3,11,0.1524219745641591,1.5420467060385015,1
26,2022,4,15,0.215196137882743,1.8286751366916125,1
26,2022,5,9,0.7213363297317095,1.8081910933262257,1
26,2022,6,11,0.5456767316569131,1.818601756205942,1
26,2022,7,12,0.3261064209444853,1.7818623456876324,1
26,2022,8,14,0.8840702533731076,1.8403639090218158,1
26,2022,9,18,0.8351731922823666,1.7510992715246374,1
26,2022,10,19,0.5595876547970317,1.6724815662641752,1
26,2022,11,11,0.4613755084504095,1.5795740347415597,1
26,2022,12,10,0.4318129746732314,1.7286510613179515,1
26,2023,1,17,0.4572963906883064,1.5878871667652419,1
26,2023,2,6,0.420286590641986,1.5403125347959257,1
26,2023,3,11,0.9847227047539152,1.6870638140969931,1
26,2023,4,12,0.589955577750785,1.5988667542890653,1
26,2023,5,12,0.9036482185511652,1.9448756243166387,1
26,2023,6,15,0.6600619512401782,1.5352237919231275,1
26,2023,7,3,1.237147182778526,1.9857136152086283,1
26,2023,8,10,0.8187152527208825,1.4725879082522564,1
26,2023,9,9,0.4202860733090914,1.3584234580014107,1
26,2023,10,22,0.4227754909540424,1.5615526924897276,1
26,2023,11,10,1.1210221369059796,1.784435318133942,1
26,2023,12,8,0.4468886290146289,1.6194859250735116,1
26,2024,1,12,0.45351836215065,1.5829739285820363,1
26,2024,2,13,0.5108585961085852,1.233970250659186,1
26,2024,3,12,0.8815078228688025,1.834760325255932,1
26,2024,4,14,0.6504152004036697,1.7696019322140981,1
26,2024,5,18,0.6288637872053785,1.5316116533585447,1
26,2024,6,15,0.45351836215065,1.532554136281885,1
26,2024,7,8,1.167980375898507,1.9766971293861615,1
26,2024,8,10,0.5111901001979244,1.2500294869486512,1
26,2024,9,13,0.2127909008669006,1.4159357324927602,1
26,2024,10,11,0.5260982709194912,1.3728490702270089,1
26,2024,11,17,0.2129044423932126,1.6584511053404674,1
26,2024,12,11,0.5108621746346269,1.7850849008162546,1
27,2017,1,7,1.0364916348105069,1.7433624745107792,1
27,2017,2,10,0.3687714128294511,1.4107377901754259,1
27,2017,3,13,0.9193514584589496,2.020767049107235,1
27,2017,4,5,1.7766517426114692,2.1022887918747624,1
27,2017,5,5,0.8122197177710565,1.565269549136016,1
27,2017,6,11,0.1796248143072265,1.765767159134324,1
27,2017,7,6,0.9080648984736368,1.9201151287457636,1
27,2017,8,10,0.2937296458828914,1.6311891649509835,1
27,2017,9,5,2.132233155477992,2.2801734328750545,1
27,2017,10,9,0.8304517859365469,1.956972937489247,1
27,2017,11,9,0.9033861975280532,1.830348749212618,1
27,2017,12,5,1.0936623654931437,1.8938735776320441,1
27,2018,1,7,0.5796925179270553,2.0343419943891425,1
27,2018,2,9,0.1201131224783921,1.5016887790904199,1
27,2018,3,3,1.463692570125934,1.9396466326351536,1
27,2018,4,5,0.1968096587405648,1.7219734226161592,1
27,2018,5,4,0.4177827731687452,1.6681747221703787,1
27,2018,6,5,0.7107426725994828,1.429768465062946,1
27,2018,7,8,0.630372478009967,1.6583193105786889,1
27,2018,8,13,0.2173038658909166,1.5007354055007058,1
27,2018,9,11,1.0216373334199622,1.7496887039442115,1
27,2018,10,10,1.0451599899115585,1.8179027128197682,1
27,2018,11,16,0.1843595071471985,1.8789739553236986,1
27,2018,12,10,0.8707172385693573,1.5093037799065072,1
27,2019,1,11,0.4320601989191904,1.6212645264723156,1
27,2019,2,10,1.751691832549623,2.1761845005628655,1
27,2019,3,5,0.2173038658909166,1.839630885805827,1
27,2019,4,11,0.8977389042573948,1.9607820704789114,1
27,2019,5,14,0.4375980694762312,1.751263553267689,1
27,2019,6,16,0.4496316647031622,1.804529752234762,1
27,2019,7,12,0.0499430184000953,1.4661495979123595,1
27,2019,8,13,0.2173038658909166,1.3766298115349498,1
27,2019,9,6,1.1866199374832582,1.6587633852338062,1
27,2019,10,8,1.0936623654931437,1.6047704372908906,1
27,2019,11,11,0.2182171142843153,1.5236944967129846,1
27,2019,12,7,0.2173038658909166,1.5716502688865641,1
27,2020,1,10,1.0451599899115585,1.9380904960076397,1
27,2020,2,8,0.5370305129406732,1.5441174441301213,1
27,2020,3,5,1.1866199374832582,1.3496811438197533,1
27,2020,4,7,1.3628417672765634,1.9639042219209646,1
27,2020,5,7,0.878149073687548,1.8279008629659674,1
27,2020,6,3,1.734256683055739,2.0509577175445384,1
27,2020,7,4,1.331059776110576,1.7816296971528918,1
27,2020,8,6,0.5865827239357724,1.534691034747157,1
27,2020,9,5,1.7977551395567135,2.1409537639599323,1
27,2020,10,6,1.5695300263769276,1.965814674959845,1
27,2020,11,8,0.9583597812555524,1.8009876030835856,1
27,2020,12,9,0.0851604256456624,1.2039160625788206,1
27,2021,1,10,0.0851604256456624,1.4369888732928406,1
27,2021,2,5,1.6883857080964093,1.9458586529369921,1
27,2021,3,9,0.1614419325303725,1.4289664557365889,1
27,2021,4,10,0.5132841643850321,1.7568971318013133,1
27,2021,5,4,1.1877943021180275,1.6894086940949415,1
27,2021,6,15,0.2182171142843153,1.6579982463903298,1
27,2021,7,10,1.0179737903264527,1.5359070546938696,1
27,2021,8,6,0.1925001700890046,1.7031985860923993,1
27,2021,9,7,0.2789049327976221,1.6393856864649643,1
27,2021,10,17,0.8094948300131822,1.8558048453780331,1
27,2021,11,5,0.9222112663452012,1.775616386769104,1
27,2021,12,6,0.4375980694762312,1.4828360992836116,1
27,2022,1,8,0.173782879145851,1.307067653904183,1
27,2022,2,3,1.4067995723721969,1.784355837810101,1
27,2022,3,9,0.1925001700890046,1.3793051176141502,1
27,2022,4,11,0.7121182639687774,1.5216634347630928,1
27,2022,5,12,0.7121182639687774,1.7667452918784499,1
27,2022,6,18,1.0971062710669166,1.8280724855896098,1
27,2022,7,8,0.58456673900692,1.8387756739886598,1
27,2022,8,12,0.0461758185906686,1.2057530846506128,1
27,2022,9,12,1.0971062710669166,1.859519182338266,1
27,2022,10,13,0.8584735296032356,1.716621403247982,1
27,2022,11,10,0.2178795595380596,1.7416659976574358,1
27,2022,12,7,1.185628743043429,1.9629730735444824,1
27,2023,1,15,0.2196489311280474,1.588567542913851,1
27,2023,2,13,0.2437983300201249,1.9106721114365388,1
27,2023,3,9,0.2282152890980559,1.6936164065905766,1
27,2023,4,12,0.4056373680902399,1.868928316693341,1
27,2023,5,15,0.2845844404894591,1.9431797062029708,1
27,2023,6,4,1.3103512394215298,1.893612905096509,1
27,2023,7,7,1.112701423352713,1.702552843760105,1
27,2023,8,10,0.5464828954991506,2.0217201617419964,1
27,2023,9,18,0.7366839944583462,1.6368974122336473,1
27,2023,10,17,0.0945782587361903,1.7210960114931888,1
27,2023,11,8,0.0945782587361903,1.6779506103136654,1
27,2023,12,8,0.0330812458542066,1.4131708673471346,1
27,2024,1,9,0.2196132444516644,1.9226074281158343,1
27,2024,2,8,0.8090595224036938,1.710823644276541,1
27,2024,3,11,0.5135554074323164,1.6306209726923433,1
27,2024,4,12,1.3281287170357146,1.9061868114408516,1
27,2024,5,15,0.2196132444516644,1.7226594578503633,1
27,2024,6,20,0.7904320128034635,1.760855135030885,1
27,2024,7,11,0.6153117234673142,1.8319385776818249,1
27,2024,8,4,1.4957535713659549,1.6223909969638795,1
27,2024,9,16,0.2211546312280845,1.5873010044677809,1
27,2024,10,11,0.2370939194787908,1.6420641845849424,1
27,2024,11,17,1.0366725014125904,1.7613215960957023,1
27,2024,12,6,2.1753946530032,2.3174825634258,1
28,2017,5,1,2.258132701161923,2.258132701161923,1
28,2017,6,1,0.7439857619358945,0.7439857619358945,1
28,2017,10,1,2.192193702603338,2.192193702603338,1
28,2017,12,1,1.651614574674895,1.651614574674895,1
28,2018,4,1,0.2226893300296929,0.2226893300296929,1
28,2018,5,1,2.420631460346444,2.420631460346444,1
28,2018,6,3,1.0413763568400063,1.6468162715790153,1
28,2018,9,2,1.0254815522962366,1.4618533432952097,1
28,2019,2,1,1.871685786278816,1.871685786278816,1
28,2019,4,1,2.4861038420132204,2.4861038420132204,1
28,2019,5,1,0.4465930061894954,0.4465930061894954,1
28,2019,8,2,0.0344719734964169,0.5334820544312647,1
28,2019,9,1,1.0324921353661125,1.0324921353661125,1
28,2019,10,1,2.107964644262325,2.107964644262325,1
28,2019,12,1,1.7964519427110537,1.7964519427110537,1
28,2020,1,1,2.066700586882804,2.066700586882804,1
28,2020,5,1,2.359143381663791,2.359143381663791,1
28,2020,7,1,0.3510569607975182,0.3510569607975182,1
28,2020,9,3,0.1728745544253608,1.3369415033489966,1
28,2020,11,1,1.0069058714616332,1.0069058714616332,1
28,2021,3,1,0.7211920181969257,0.7211920181969257,1
28,2021,4,1,0.3567610386027542,0.3567610386027542,1
28,2021,7,1,1.6516065087878076,1.6516065087878076,1
28,2021,8,1,0.7641896040380216,0.7641896040380216,1
28,2021,10,1,1.0650685254554542,1.0650685254554542,1
28,2022,5,1,2.055990219206405,2.055990219206405,1
28,2022,9,1,2.0667003507946853,2.0667003507946853,1
28,2023,3,2,2.224370326259443,2.294514386391057,1
28,2023,7,2,0.351232932361681,0.5576661896510139,1
28,2024,3,1,0.7640994469403468,0.7640994469403468,1
28,2024,5,2,1.871580591770563,2.1638948382010783,1
28,2024,8,1,0.3055260271881297,0.3055260271881297,1
28,2024,11,1,0.7439858970694819,0.7439858970694819,1
28,2024,12,1,0.318721843564029,0.318721843564029,1
29,2017,3,1,2.285874501381299,2.285874501381299,1
29,2017,5,1,1.3570905602593384,1.3570905602593384,1
29,2017,6,3,1.4460490679427564,1.910640319057977,1
29,2017,7,1,1.8413992875736915,1.8413992875736915,1
29,2017,12,2,0.1327364944045055,1.3083778260573091,1
29,2018,1,1,1.496132801926827,1.496132801926827,1
29,2018,2,1,1.3502442036393243,1.3502442036393243,1
29,2018,4,2,0.6799095118671583,1.2649196716245124,1
29,2018,5,1,1.935733517604509,1.935733517604509,1
29,2018,6,1,1.4680963442184205,1.4680963442184205,1
29,2018,7,1,0.4742372250279857,0.4742372250279857,1
29,2018,9,1,1.4460490679427564,1.4460490679427564,1
29,2018,10,1,0.6810873905548093,0.6810873905548093,1
29,2018,11,3,0.4514872235465608,0.9983386379257976,1
29,2018,12,1,0.1477831973700675,0.1477831973700675,1
29,2019,1,1,0.6799095118671583,0.6799095118671583,1
29,2019,2,1,1.7968946835029045,1.7968946835029045,1
29,2019,3,2,2.0418775266208886,2.262572758439585,1
29,2019,5,1,2.37135071350262,2.37135071350262,1
29,2019,6,2,0.7409737723437337,1.3988459803686517,1
29,2019,7,2,2.0418775266208886,2.0418775266208886,1
29,2019,8,2,1.4451100673898063,1.7703687332340592,1
29,2019,9,1,2.0418775266208886,2.0418775266208886,1
29,2019,10,1,2.0576323436992325,2.0576323436992325,1
29,2019,12,1,0.2653889960688197,0.2653889960688197,1
29,2020,2,1,2.4846836495423608,2.4846836495423608,1
29,2020,5,1,2.3303635813230765,2.3303635813230765,1
29,2020,6,1,2.4608584526671566,2.4608584526671566,1
29,2020,7,1,1.935467249875992,1.935467249875992,1
29,2020,8,2,1.0168113042399034,1.7019301275856158,1
29,2021,1,1,2.156269071651976,2.156269071651976,1
29,2021,6,1,1.6990495123737517,1.6990495123737517,1
29,2021,8,1,2.1089891488462507,2.1089891488462507,1
29,2021,9,2,0.473546011164818,0.4912060577622913,1
29,2022,3,2,0.5308115526787736,1.2863445396498312,1
29,2022,5,3,0.4735462045778855,1.3764754678110476,1
29,2022,8,1,2.416620503437524,2.416620503437524,1
29,2022,9,3,1.3936055546512978,1.9167992180536324,1
29,2022,10,1,0.887883637305591,0.887883637305591,1
29,2022,11,1,0.8255759209414341,0.8255759209414341,1
29,2022,12,1,0.4735462045778855,0.4735462045778855,1
29,2023,1,6,1.8909519104600188,2.0168601545945584,1
29,2023,2,2,1.1370816759570868,1.5574253981867918,1
29,2023,5,1,0.451487182714855,0.451487182714855,1
29,2023,6,3,1.208649257839419,1.2885729390265441,1
29,2023,7,1,2.299611095849196,2.299611095849196,1
29,2023,9,2,0.9080839244904216,1.527558227222158,1
29,2023,10,2,2.281630968224698,2.3655211906212914,1
29,2023,12,2,0.8255558744834847,1.3970241162083419,1
29,2024,1,4,1.770837674447483,2.2002593611961188,1
29,2024,2,1,0.1051422880621086,0.1051422880621086,1
29,2024,3,2,1.029861741377572,1.664736418613384,1
29,2024,4,3,0.7789955037609106,1.6324219475157415,1
29,2024,5,1,1.8018525208834748,1.8018525208834748,1
29,2024,6,1,1.8895975136669023,1.8895975136669023,1
29,2024,7,2,2.0545526733077817,2.227667255772624,1
29,2024,9,2,2.0545526733077817,2.237902352661231,1
29,2024,10,1,0.349790802409236,0.349790802409236,1
29,2024,11,2,0.5817776879786019,0.8926192221438056,1
29,2024,12,1,1.7453131811589175,1.7453131811589175,1
30,2017,1,1,0.6323358695186848,0.6323358695186848,1
30,2017,2,3,1.4096576076554754,1.8799498030318975,1
30,2017,3,2,0.2481549755930206,1.1754784329020083,1
30,2017,4,1,0.3061171340931901,0.3061171340931901,1
30,2017,5,2,1.9019011576574731,2.1897083809226934,1
30,2017,6,1,1.858371038918264,1.858371038918264,1
30,2017,7,3,0.4929680871513897,1.4361164920735625,1
30,2017,8,1,1.639774367980171,1.639774367980171,1
30,2017,9,3,0.8959231077936696,1.0928218267689251,1
30,2017,10,4,0.870066335739142,1.3170949592647347,1
30,2017,11,2,0.585123441648819,1.0149633983595978,1
30,2018,1,3,0.8751631601169725,0.9467606523267916,1
30,2018,3,3,1.9210758901366625,2.1286557979732366,1
30,2018,4,1,0.6327461893039764,0.6327461893039764,1
30,2018,5,3,0.6734863154491636,1.207421292601917,1
30,2018,6,2,0.9501261477186465,1.6371231363048602,1
30,2018,7,1,0.585123441648819,0.585123441648819,1
30,2018,8,2,0.999109849185772,1.4913468010249784,1
30,2018,9,4,0.999109849185772,1.225865310549896,1
30,2018,10,1,0.999109849185772,0.999109849185772,1
30,2018,11,2,0.9561760783825836,1.0295926171936778,1
30,2018,12,1,0.2438893609432326,0.2438893609432326,1
30,2019,2,4,0.2481549755930206,0.9256204624811197,1
30,2019,4,1,2.1886790112897376,2.1886790112897376,1
30,2019,5,1,2.1438797580138,2.1438797580138,1
30,2019,6,1,2.040070212612,2.040070212612,1
30,2019,8,1,0.6327461893039764,0.6327461893039764,1
30,2019,10,2,0.673376333043575,1.0594736858808396,1
30,2019,11,1,1.0010440236110365,1.0010440236110365,1
30,2019,12,3,0.2342572276174079,0.9077205809029403,1
30,2020,2,2,0.2342572276174079,0.6570901844990157,1
30,2020,3,2,1.162741651683762,1.7326527772881728,1
30,2020,6,1,1.0010440236110365,1.0010440236110365,1
30,2020,7,1,1.1896757243569898,1.1896757243569898,1
30,2020,8,4,0.7994604517894438,1.5272448563228604,1
30,2020,10,2,0.9662793632140776,1.3020209981121347,1
30,2020,11,3,0.2153694626545844,0.993923178147705,1
30,2020,12,1,0.9746222852655042,0.9746222852655042,1
30,2021,1,2,2.20078304269885,2.2068666972886923,1
30,2021,2,2,1.00460951361589,1.1944629149679642,1
30,2021,3,2,0.0870359217656279,0.5440399726883322,1
30,2021,6,2,0.918430679428327,0.9597373515196818,1
30,2021,7,1,0.973929065150087,0.973929065150087,1
30,2021,8,1,2.368658742097397,2.368658742097397,1
30,2021,9,1,1.094942528411846,1.094942528411846,1
30,2021,10,2,0.6143016403621704,0.8623391945614267,1
30,2021,11,2,0.748036751855109,1.0312356954631154,1
30,2021,12,2,0.2545728319582004,0.36657334881503023,1
30,2022,2,2,1.0010440236110365,1.0010440236110365,1
30,2022,3,2,0.6327461893039764,1.0974759429612067,1
30,2022,4,4,0.0675299963710661,1.4436029148852705,1
30,2022,5,2,0.139108173260946,1.231832692287149,1
30,2022,6,2,2.111351461113456,2.2633478265219678,1
30,2022,8,2,0.5979543594951413,1.40308891424136,1
30,2022,9,1,0.0675299963710661,0.0675299963710661,1
30,2022,11,1,1.5622055256191676,1.5622055256191676,1
30,2022,12,2,0.6447350437239399,1.0244042344686837,1
30,2023,3,1,1.0821344898253822,1.0821344898253822,1
30,2023,4,1,1.490889323383678,1.490889323383678,1
30,2023,5,1,2.168035126423447,2.168035126423447,1
30,2023,6,2,0.3046522923388739,0.6518811527089092,1
30,2023,7,2,0.934564352505533,1.03706412800404,1
30,2023,8,3,1.0638752512651608,1.601236954162242,1
30,2023,9,1,0.3600898357176282,0.3600898357176282,1
30,2023,10,5,0.2940216976558216,1.0553050416383283,1
30,2023,11,1,1.5163715879452102,1.5163715879452102,1
30,2023,12,1,0.6449574553167287,0.6449574553167287,1
30,2024,3,1,2.1378319921474325,2.1378319921474325,1
30,2024,4,1,0.782755052531899,0.782755052531899,1
30,2024,5,2,1.079932676382377,1.4164871699725063,1
30,2024,6,1,1.9024367164868925,1.9024367164868925,1
30,2024,8,2,0.894151552983782,1.1451385897468649,1
30,2024,9,2,0.9338978441846724,1.3436206635038932,1
30,2024,10,1,2.0466515604622613,2.0466515604622613,1
30,2024,11,3,0.906390663414062,1.5782386182167114,1
31,2017,1,1,0.6710781130490187,0.6710781130490187,1
31,2017,2,3,1.415992471736521,1.8837123686166357,1
31,2017,3,2,0.2885972750427022,1.1949032599867453,1
31,2017,4,1,0.3065173633353048,0.3065173633353048,1
31,2017,5,1,1.9431999510471116,1.9431999510471116,1
31,2017,6,1,1.8994389337011588,1.8994389337011588,1
31,2017,7,3,0.4963568550423735,1.4248747524397956,1
31,2017,8,1,1.6803351849578487,1.6803351849578487,1
31,2017,9,3,0.901469448067234,1.1090737945753684,1
31,2017,10,4,0.8969571551116572,1.3481171444295375,1
31,2017,11,2,0.6232662459133044,1.014647827521661,1
31,2018,1,3,0.9098233671385284,0.9766357790413801,1
31,2018,3,3,1.882284868525452,2.1100701248509854,1
31,2018,4,1,0.6460633607418259,0.6460633607418259,1
31,2018,5,3,0.7013295222842867,1.203196044684442,1
31,2018,6,2,0.9859603468908924,1.6534482417127567,1
31,2018,7,1,0.6232662459133044,0.6232662459133044,1
31,2018,8,2,1.035442917810491,1.502866356121434,1
31,2018,9,5,1.035442917810491,1.496240360516317,1
31,2018,10,1,1.035442917810491,1.035442917810491,1
31,2018,11,2,0.9920692927489844,1.066271939025192,1
31,2018,12,1,0.2049692230418667,0.2049692230418667,1
31,2019,2,4,0.2885972750427022,0.9268948477557658,1
31,2019,4,1,2.1851232628943364,2.1851232628943364,1
31,2019,5,1,2.119305431526011,2.119305431526011,1
31,2019,6,1,2.0429716276309806,2.0429716276309806,1
31,2019,8,1,0.6460633607418259,0.6460633607418259,1
31,2019,10,2,0.7012173057217073,1.0540131877420458,1
31,2019,11,1,1.0373586722301171,1.0373586722301171,1
31,2019,12,3,0.2745535329637769,0.9463480168502111,1
31,2020,2,2,0.2745535329637769,0.698310621135947,1
31,2020,3,2,1.168885444282202,1.718210725287215,1
31,2020,6,1,1.0373586722301171,1.0373586722301171,1
31,2020,7,1,1.1634490474709236,1.1634490474709236,1
31,2020,8,4,0.8325137815086281,1.5401916305203651,1
31,2020,10,2,0.9849112856604092,1.2982509887752636,1
31,2020,11,3,0.1764527276818127,0.9906512754390132,1
31,2020,12,1,0.9946484790313276,0.9946484790313276,1
31,2021,1,2,2.161960994136997,2.171073693475469,1
31,2021,2,2,1.035124932255452,1.2131676103859605,1
31,2021,3,2,0.0489558108914341,0.5431572415607756,1
31,2021,6,2,0.9467998738170758,0.9920792730235964,1
31,2021,7,1,1.007699244197189,1.007699244197189,1
31,2021,8,1,2.4101308266383663,2.4101308266383663,1
31,2021,9,1,1.0697262212337708,1.0697262212337708,1
31,2021,10,2,0.6272418725235305,0.8581940625995118,1
31,2021,11,2,0.7530792159898043,1.037520277193317,1
31,2021,12,2,0.2953386763832887,0.39528166864837677,1
31,2022,2,2,1.0373586722301171,1.0373586722301171,1
31,2022,3,2,0.6460633607418259,1.0864150858894521,1
31,2022,4,4,0.0300005173127875,1.4515025638367978,1
31,2022,5,2,0.1006417025882419,1.212176007868393,1
31,2022,6,2,2.152780727825361,2.3049152990449504,1
31,2022,8,2,0.6288631031572185,1.4167971938851598,1
31,2022,9,1,0.0300005173127875,0.0300005173127875,1
31,2022,11,2,1.5267666458431677,2.006772716949335,1
31,2022,12,2,0.683567360350926,1.0636729019178754,1
31,2023,3,1,1.0881432863215663,1.0881432863215663,1
31,2023,4,1,1.4520303073422964,1.4520303073422964,1
31,2023,5,1,2.13377049199222,2.13377049199222,1
31,2023,6,2,0.3433883408692276,0.6894157151173532,1
31,2023,7,2,0.9720474986981866,1.0747315049037818,1
31,2023,8,3,1.1009687814762452,1.6179170313015856,1
31,2023,9,1,0.3989772861886512,0.3989772861886512,1
31,2023,10,5,0.3349867463279167,1.0737933252127039,1
31,2023,11,1,1.4792553374842945,1.4792553374842945,1
31,2023,12,1,0.683801019882743,0.683801019882743,1
31,2024,3,1,2.1348989445896365,2.1348989445896365,1
31,2024,4,1,0.7790105323102959,0.7790105323102959,1
31,2024,5,2,1.1216547791426394,1.4577801658356484,1
31,2024,6,1,1.9437680852949508,1.9437680852949508,1
31,2024,8,2,0.9101738868144664,1.1730973787681447,1
31,2024,9,2,0.9654537222024772,1.379831450654492,1
31,2024,10,1,2.049148062203636,2.049148062203636,1
31,2024,11,3,0.9440467154021076,1.58025154939527,1
32,2017,1,4,0.7798789462478296,1.746743843987934,1
32,2017,2,1,1.8462134095138325,1.8462134095138325,1
32,2017,3,4,2.0639854171552496,2.105173291856257,1
32,2017,4,2,1.9786503972363017,2.0317247990381624,1
32,2017,5,2,1.6935015599301777,2.005183941115227,1
32,2017,6,1,2.2354146863256066,2.2354146863256066,1
32,2017,7,3,1.596059569315625,1.810844277889631,1
32,2017,8,3,1.8403791383619563,2.245531662547767,1
32,2017,9,1,2.1878787329808427,2.1878787329808427,1
32,2017,10,3,1.5376196932401451,1.7652208413747363,1
32,2017,11,2,1.834863316347336,2.0158337417399212,1
32,2017,12,1,2.0343333192588293,2.0343333192588293,1
32,2018,1,3,1.387855586679252,1.9692732526978645,1
32,2018,2,1,2.498583956858562,2.498583956858562,1
32,2018,3,2,1.23140584270391,1.7146409560968592,1
32,2018,4,2,1.6174906786692536,1.7276615689416137,1
32,2018,5,3,1.188737405054208,1.5686491390138482,1
32,2018,6,6,1.2491815432742035,2.0616287633543497,1
32,2018,7,1,1.435019902157025,1.435019902157025,1
32,2018,8,2,0.1837314052573096,1.0956858166223538,1
32,2018,9,5,1.23466656600818,1.850908966773377,1
32,2018,10,3,0.9241974157645956,1.597181313721837,1
32,2018,11,2,1.8378324592139736,1.9322618411272066,1
32,2018,12,1,1.4426662885468788,1.4426662885468788,1
32,2019,1,6,1.443016773489428,1.9801552626882062,1
32,2019,2,2,1.3348633697353232,1.761617601528945,1
32,2019,3,3,1.8890128777563504,2.1502305316810353,1
32,2019,4,2,1.8599330187259115,2.083660200726926,1
32,2019,5,1,2.3372095020026604,2.3372095020026604,1
32,2019,6,2,1.6644202404364403,1.8723804271146702,1
32,2019,7,4,1.7600490456899165,2.127101256155881,1
32,2019,8,2,1.4238577982415734,1.7259979702721977,1
32,2019,9,1,1.738738486252274,1.738738486252274,1
32,2019,10,2,1.3454897027842203,1.6594015029121756,1
32,2019,11,1,1.7644576816663708,1.7644576816663708,1
32,2019,12,3,1.1580670204762862,1.8418282589847192,1
32,2020,1,4,1.8707058336117075,2.1934944317113816,1
32,2020,2,2,1.8454251801751251,2.0016689948526807,1
32,2020,3,2,2.025531644215623,2.0506394624019015,1
32,2020,4,2,1.0928322715678838,1.725177747589626,1
32,2020,5,1,2.49667244656286,2.49667244656286,1
32,2020,6,2,0.8426939085433537,1.4167530226040308,1
32,2020,7,3,1.1869526253760838,1.9357318125999872,1
32,2020,8,4,1.658589368721018,2.0298398837327154,1
32,2020,9,3,1.6975977768772126,2.0529026092306015,1
32,2020,10,4,1.9733133030401309,2.1645603650811926,1
32,2020,11,1,1.6798965489290731,1.6798965489290731,1
32,2020,12,5,1.567770326063987,2.0723231841598597,1
32,2021,2,2,1.2830805384224475,1.4071961156928126,1
32,2021,3,2,2.0063850604632,2.1717972524206397,1
32,2021,4,2,2.078311401440247,2.127544961359198,1
32,2021,5,1,2.49667244656286,2.49667244656286,1
32,2021,6,1,2.3725832045954327,2.3725832045954327,1
32,2021,8,2,2.023921846784582,2.0348409266378775,1
32,2021,9,2,1.9195677264317763,2.133973918534321,1
32,2021,10,2,1.3958128954203897,1.6609994311796943,1
32,2021,12,5,1.948486771775621,2.1492968780910755,1
32,2022,2,3,1.8236048360274288,1.973822647243974,1
32,2022,3,1,2.0102286024148643,2.0102286024148643,1
32,2022,4,3,1.7409849382964342,2.097658590672585,1
32,2022,5,1,2.4586951694572976,2.4586951694572976,1
32,2022,6,3,1.7368134834367084,1.8806407557562534,1
32,2022,7,1,2.0765444837127056,2.0765444837127056,1
32,2022,8,2,2.212568986255341,2.266579050259809,1
32,2022,10,2,1.461725047048354,1.8688549148064175,1
32,2022,11,3,1.628666075276449,1.9534227841185323,1
32,2022,12,1,2.398864672356533,2.398864672356533,1
32,2023,1,3,1.391078241214668,1.831227255220534,1
32,2023,2,1,2.125264448676425,2.125264448676425,1
32,2023,3,1,2.295753009307361,2.295753009307361,1
32,2023,4,2,1.3850420566627804,1.5670777117448287,1
32,2023,5,3,1.2466651183264494,1.7455515678537923,1
32,2023,6,3,0.7529737524825716,1.2999692239770677,1
32,2023,7,2,1.2491818417482776,1.8738828937963867,1
32,2023,8,2,2.3984658624912325,2.432278972607188,1
32,2023,9,4,1.39133763788485,2.1257402862843344,1
32,2023,10,5,1.0960866979632182,1.6532374473964349,1
32,2023,12,1,2.397631842224812,2.397631842224812,1
32,2024,1,3,1.346401904122833,1.8756887485247768,1
32,2024,2,3,2.034970756693137,2.1622535193235937,1
32,2024,3,2,1.446709282323369,1.7139877768205518,1
32,2024,5,1,2.495154520026584,2.495154520026584,1
32,2024,6,1,1.8848932882232865,1.8848932882232865,1
32,2024,8,3,0.5397215116978911,1.2174100136772077,1
32,2024,9,1,2.24418902671864,2.24418902671864,1
32,2024,11,2,1.9723436168576032,2.158836918398798,1
33,2017,1,3,0.7616541784805909,1.4811972188695937,1
33,2017,2,1,1.8569813824804664,1.8569813824804664,1
33,2017,3,4,2.056914654964119,2.106930866102377,1
33,2017,4,2,1.9611437411564647,2.031909540928857,1
33,2017,5,2,1.7120574356129603,2.0052116093876444,1
33,2017,6,1,2.217368607719925,2.217368607719925,1
33,2017,7,3,1.5769053184343385,1.8117031040194644,1
33,2017,8,2,1.833562773435223,2.120472590668227,1
33,2017,9,1,2.1938903270623245,2.1938903270623245,1
33,2017,10,3,1.518471371514409,1.768924307400443,1
33,2017,11,2,1.8472782990275043,2.023259674920504,1
33,2017,12,1,2.025584754787231,2.025584754787231,1
33,2018,1,3,1.3691707134249296,1.9518720655740813,1
33,2018,3,2,1.2125466020245617,1.711863967626003,1
33,2018,4,2,1.5988346047413482,1.7241365712522543,1
33,2018,5,3,1.169583994987204,1.5650584077212553,1
33,2018,6,6,1.2300354021350095,2.0524020136399836,1
33,2018,7,1,1.4536502984886048,1.4536502984886048,1
33,2018,8,2,0.1664637196414667,1.0901626112352705,1
33,2018,9,5,1.215516404063478,1.8421370201931058,1
33,2018,10,3,0.906475757593325,1.590048148499396,1
33,2018,11,2,1.8494385377631604,1.9332787172547254,1
33,2018,12,1,1.423571981898105,1.423571981898105,1
33,2019,1,6,1.4239203150005997,1.973244470866404,1
33,2019,2,2,1.3157086646621463,1.7520431202204167,1
33,2019,3,3,1.8971449372542328,2.151588047753711,1
33,2019,4,2,1.8698416727141856,2.0801905097389812,1
33,2019,5,1,2.324729111012884,2.324729111012884,1
33,2019,6,2,1.645286118014543,1.864762288793165,1
33,2019,7,4,1.7661165379337105,2.1397828063534785,1
33,2019,8,2,1.4424951657837706,1.7293758705931466,1
33,2019,9,1,1.7407294627366052,1.7407294627366052,1
33,2019,10,2,1.3271797034483095,1.6586466168618708,1
33,2019,11,1,1.7486971170845536,1.7486971170845536,1
33,2019,12,3,1.1389309312206346,1.8326805659072603,1
33,2020,1,4,1.8557812193772492,2.188106085259258,1
33,2020,2,2,1.8553194867295173,2.0143287804928285,1
33,2020,3,2,2.0143730764896435,2.03820420123514,1
33,2020,4,2,1.0742709594465996,1.7201627603044298,1
33,2020,6,2,0.8244498701822761,1.4103960851258857,1
33,2020,7,2,1.1686486987356584,1.6551889124674686,1
33,2020,8,4,1.6413891189639933,2.0183993587209805,1
33,2020,9,2,1.7034754837862442,1.8371633681074178,1
33,2020,10,4,1.990113530275432,2.1614461348781426,1
33,2020,11,1,1.6659765284904444,1.6659765284904444,1
33,2020,12,4,1.5488790080107666,1.9623645968066663,1
33,2021,2,2,1.2834305967765516,1.4093011982546426,1
33,2021,3,2,1.9937511528036995,2.1592401016062928,1
33,2021,4,2,2.0645597689286057,2.129860894164268,1
33,2021,6,1,2.3851664518699303,2.3851664518699303,1
33,2021,8,2,2.0135443269727062,2.032023194701581,1
33,2021,9,2,1.9007569225319871,2.127853366072118,1
33,2021,10,2,1.414456978230634,1.6784859875232436,1
33,2021,12,4,1.9652977623788075,2.0625683685072964,1
33,2022,2,3,1.8352095239453712,1.9772072281103663,1
33,2022,3,1,2.016458513679358,2.016458513679358,1
33,2022,4,3,1.7219048219165458,2.0914288892544612,1
33,2022,5,1,2.451924980625565,2.451924980625565,1
33,2022,6,3,1.719092983403756,1.8770773074321532,1
33,2022,7,1,2.0580139214112187,2.0580139214112187,1
33,2022,8,2,2.195846517814714,2.2540707155334063,1
33,2022,10,2,1.4427156877550893,1.8664661144306156,1
33,2022,11,3,1.612909751935444,1.9482363136375538,1
33,2022,12,1,2.408627266973286,2.408627266973286,1
33,2023,1,3,1.3745737549617962,1.8240137772783516,1
33,2023,2,1,2.1434318868646205,2.1434318868646205,1
33,2023,3,1,2.310838983142022,2.310838983142022,1
33,2023,4,2,1.3663015330915325,1.548681730982517,1
33,2023,5,3,1.2295113196644776,1.7432509443737885,1
33,2023,6,3,0.7368264670617932,1.2818891431006605,1
33,2023,7,1,1.230035700477329,1.230035700477329,1
33,2023,8,2,2.3925438117618043,2.419852914682888,1
33,2023,9,4,1.3726114194554997,2.1262781642412736,1
33,2023,10,5,1.0851529188744105,1.6442341305064783,1
33,2023,12,1,2.4073823547971283,2.4073823547971283,1
33,2024,1,3,1.328095347422716,1.8790556418055422,1
33,2024,2,3,2.039690376900211,2.1695689597226093,1
33,2024,3,2,1.428400352963598,1.7134204423514818,1
33,2024,5,1,2.4943415404227864,2.4943415404227864,1
33,2024,6,1,1.9006742554682352,1.9006742554682352,1
33,2024,8,3,0.5451392331961485,1.2117448845299033,1
33,2024,9,1,2.2251849154659293,2.2251849154659293,1
33,2024,11,2,1.989060934427973,2.1647259095158855,1
34,2017,5,1,2.2485818327540787,2.2485818327540787,1
34,2017,6,1,0.7529669333907744,0.7529669333907744,1
34,2017,10,1,2.180873913244663,2.180873913244663,1
34,2017,12,1,1.6630813145472425,1.6630813145472425,1
34,2018,4,1,0.217261508311376,0.217261508311376,1
34,2018,5,1,2.4178517966032502,2.4178517966032502,1
34,2018,6,3,1.0523831165600082,1.6490303357429223,1
34,2018,9,2,1.0364217378341576,1.4730259078420929,1
34,2019,2,1,1.8603027563378356,1.8603027563378356,1
34,2019,4,1,2.497312221544568,2.497312221544568,1
34,2019,5,1,0.4385067934384032,0.4385067934384032,1
34,2019,8,2,0.039744820979494,0.5416056672992936,1
34,2019,9,1,1.0434665136190933,1.0434665136190933,1
34,2019,10,1,2.104372194129478,2.104372194129478,1
34,2019,12,1,1.8074296144077449,1.8074296144077449,1
34,2020,1,1,2.063115253156352,2.063115253156352,1
34,2020,5,1,2.347849365779806,2.347849365779806,1
34,2020,7,1,0.351326856809664,0.351326856809664,1
34,2020,9,3,0.169479763137893,1.3346111321496859,1
34,2020,11,1,1.017807219872617,1.017807219872617,1
34,2021,3,1,0.7199097516544486,0.7199097516544486,1
34,2021,4,1,0.3580295095752228,0.3580295095752228,1
34,2021,7,1,1.6630722743304531,1.6630722743304531,1
34,2021,8,1,0.7638125797544161,0.7638125797544161,1
34,2021,10,1,1.0663341770758468,1.0663341770758468,1
34,2022,5,1,2.066047659349249,2.066047659349249,1
34,2022,9,1,2.063115020728681,2.063115020728681,1
34,2023,3,2,2.2351966419470783,2.2985656220318527,1
34,2023,7,2,0.3499666939202084,0.55684374480368,1
34,2024,3,1,0.7637207956871516,0.7637207956871516,1
34,2024,5,2,1.8601979056984763,2.1528642200564074,1
34,2024,8,1,0.2991697326569316,0.2991697326569316,1
34,2024,11,1,0.7529670724827694,0.7529670724827694,1
34,2024,12,1,0.3280504191785571,0.3280504191785571,1
35,2017,1,5,0.2338381470190031,1.384042539882016,1
35,2017,2,2,2.117602445572903,2.2335024113279323,1
35,2017,3,1,2.1622092667441954,2.1622092667441954,1
35,2017,5,2,2.0547330285835934,2.2282137281401235,1
35,2017,6,1,0.7298402834511651,0.7298402834511651,1
35,2017,7,2,2.005990731347037,2.0402932485727243,1
35,2017,8,1,0.4508907134471412,0.4508907134471412,1
35,2017,9,2,1.2878132476504809,1.818607812366721,1
35,2017,10,4,1.31474802526277,1.9831481847400179,1
35,2017,11,2,0.6254320064887855,0.971677227314151,1
35,2017,12,3,1.5639451276767091,1.714999627000462,1
35,2018,1,2,0.6893698524852023,0.7620633207445405,1
35,2018,3,4,0.9891894384997474,1.3798989155504042,1
35,2018,4,4,1.7110111384044795,2.080675530364164,1
35,2018,5,6,0.6893698524852023,1.4146382881553132,1
35,2018,7,1,2.0309601729049787,2.0309601729049787,1
35,2018,9,4,0.3593665676813681,1.3309072054064572,1
35,2018,10,6,0.8347567890038787,1.7963967036340487,1
35,2018,11,3,0.5593877497284416,1.659439804011157,1
35,2018,12,2,1.298224419717908,1.6645922963114432,1
35,2019,2,4,1.2074190704931245,1.8556015604839582,1
35,2019,3,2,1.6907871240734789,2.0266854859072234,1
35,2019,4,2,1.7661992559259811,1.8995553272986865,1
35,2019,5,3,1.6398289956407857,1.9616211915582398,1
35,2019,6,2,1.2074190704931245,1.6944822439989982,1
35,2019,7,1,1.8768458037465867,1.8768458037465867,1
35,2019,8,3,1.1054731596234784,1.7430172693002206,1
35,2019,9,2,1.780001816230561,1.962232937784731,1
35,2019,10,4,0.6254320064887855,1.4124068817182813,1
35,2019,11,5,1.699238197091189,1.9982230395712404,1
35,2020,1,3,0.5255652937449071,1.6250510680008257,1
35,2020,2,1,2.162673049709623,2.162673049709623,1
35,2020,6,1,1.6949178667320923,1.6949178667320923,1
35,2020,7,1,2.2705683652227657,2.2705683652227657,1
35,2020,8,3,1.3296520816013897,1.7978357316975673,1
35,2020,9,1,1.9379490342768635,1.9379490342768635,1
35,2020,11,2,1.0789917553028123,1.4096243882521393,1
35,2020,12,2,0.4228928460369326,1.3629641783078175,1
35,2021,1,1,2.161315762231317,2.161315762231317,1
35,2021,2,2,1.7126751091745611,1.8596392673860227,1
35,2021,3,2,0.834756338360314,1.4264276764641706,1
35,2021,4,2,1.7189805999780108,1.9398640343812223,1
35,2021,5,2,0.9222596505393132,1.4301043424080884,1
35,2021,7,2,0.094732009446539,0.5084958299929261,1
35,2021,9,1,1.7990460071241603,1.7990460071241603,1
35,2021,10,2,1.495993711350697,1.6538015683696914,1
35,2021,11,1,2.068526854138206,2.068526854138206,1
35,2021,12,2,2.215196591380398,2.308361477305181,1
35,2022,1,2,1.5276365832441896,1.6633412951841748,1
35,2022,2,3,1.9379490342768635,2.047375859992382,1
35,2022,3,3,1.1760585334813538,1.774835639229492,1
35,2022,4,3,0.5042555546008259,1.251699362882223,1
35,2022,6,1,1.6695060437522338,1.6695060437522338,1
35,2022,7,4,1.213212777140536,1.603313877127223,1
35,2022,8,1,1.4274222610487377,1.4274222610487377,1
35,2022,9,2,1.671463128013127,1.7679185142479303,1
35,2022,10,2,1.3486574616097196,1.5016864884067025,1
35,2022,11,1,1.8086637852308884,1.8086637852308884,1
35,2022,12,3,1.346155270268278,1.9886227301648922,1
35,2023,1,2,1.3003063736188831,1.595920564080493,1
35,2023,2,1,1.537367047311842,1.537367047311842,1
35,2023,3,2,1.910349799393949,2.1610038635278466,1
35,2023,4,1,1.314748049390248,1.314748049390248,1
35,2023,5,4,0.3293110305067115,1.361449931374199,1
35,2023,6,5,0.0269483618522276,1.3089857967318124,1
35,2023,7,5,0.7433241341912616,1.4646112038682195,1
35,2023,9,4,1.70711420544467,2.1292043954391766,1
35,2023,10,2,1.8198919389679544,2.0174396812998445,1
35,2024,2,1,1.937445887325524,1.937445887325524,1
35,2024,3,3,1.2970350935302275,1.928939693889338,1
35,2024,4,1,2.304581274369768,2.304581274369768,1
35,2024,5,2,0.8376107897040348,1.5464873661691036,1
35,2024,6,3,1.7146434765413303,1.926691437208964,1
35,2024,7,2,1.4714723980243944,1.5738556709000098,1
35,2024,8,1,1.365641401085982,1.365641401085982,1
35,2024,9,1,1.595047576027814,1.595047576027814,1
35,2024,10,1,2.366258127902292,2.366258127902292,1
35,2024,11,3,2.056401307261609,2.2089963417251006,1
36,2017,1,5,0.3048479116258866,1.4310242127035901,1
36,2017,2,2,2.1501131340507733,2.286093186107448,1
36,2017,3,1,2.22600380127738,2.22600380127738,1
36,2017,5,2,2.0840199693664982,2.2669606969534524,1
36,2017,6,1,0.7936454338636033,0.7936454338636033,1
36,2017,7,2,2.008652559016857,2.0809681635701507,1
36,2017,8,1,0.4339874436005369,0.4339874436005369,1
36,2017,9,2,1.277035263583188,1.849554250873655,1
36,2017,10,3,1.3621604519953052,1.8858813311459361,1
36,2017,11,2,0.6899028137912102,0.9583722552590295,1
36,2017,12,3,1.622635562117607,1.7724671036701931,1
36,2018,1,2,0.6752105057581042,0.7891196921640955,1
36,2018,3,4,0.9272758518614678,1.401682189532348,1
36,2018,4,3,1.7558002576444032,2.0097078790535132,1
36,2018,5,6,0.6752105057581042,1.413845082929564,1
36,2018,7,1,2.039304229788069,2.039304229788069,1
36,2018,9,4,0.3404740641147926,1.3408326935540271,1
36,2018,10,6,0.9030288785700868,1.7903837710229846,1
36,2018,11,3,0.5439984731459961,1.6544575112349624,1
36,2018,12,2,1.3720958320869705,1.7057000309375199,1
36,2019,2,4,1.197281962569559,1.884552766317898,1
36,2019,3,2,1.751632410670968,2.059778096729785,1
36,2019,4,2,1.7911932905481995,1.9170655829074081,1
36,2019,5,3,1.5567200962240784,1.979408721685622,1
36,2019,6,2,1.197281962569559,1.683603257280099,1
36,2019,7,1,1.8931629466626236,1.8931629466626236,1
36,2019,8,3,1.0938497522480304,1.750985665096777,1
36,2019,9,2,1.809390941873409,2.007463516888235,1
36,2019,10,4,0.6899028137912102,1.4499287359948823,1
36,2019,11,6,1.6103897045511186,2.102402038814635,1
36,2020,1,3,0.5908560415568331,1.6384075322245895,1
36,2020,2,1,2.22676966053958,2.22676966053958,1
36,2020,6,1,1.7565490057501942,1.7565490057501942,1
36,2020,7,1,2.288221612716401,2.288221612716401,1
36,2020,8,3,1.3964766019990609,1.8494221540451588,1
36,2020,9,1,2.0138444008331056,2.0138444008331056,1
36,2020,11,2,0.9870101257240048,1.3829987925859992,1
36,2020,12,2,0.489734808757274,1.410350970333871,1
36,2021,1,1,2.2253375830312536,2.2253375830312536,1
36,2021,2,2,1.7134251224175971,1.8931291377945554,1
36,2021,3,2,0.9023368588106844,1.4616000964052545,1
36,2021,4,2,1.690429161549868,1.9574808109154413,1
36,2021,5,2,0.985712626920662,1.4997785138768838,1
36,2021,7,2,0.1751616347433619,0.580437130832012,1
36,2021,9,1,1.825173903624089,1.825173903624089,1
36,2021,10,2,1.5629245455302947,1.6875063943592634,1
36,2021,11,1,2.07178132055098,2.07178132055098,1
36,2021,12,2,2.2818489640501225,2.3657943204261342,1
36,2022,1,2,1.5899007499824442,1.7075373268032665,1
36,2022,2,3,2.0138444008331056,2.106536853269998,1
36,2022,3,3,1.1721858676866312,1.8064776698249476,1
36,2022,4,3,0.4839288136901161,1.2355417303452005,1
36,2022,6,1,1.7216368506742232,1.7216368506742232,1
36,2022,7,4,1.124847830120519,1.6045191956686464,1
36,2022,8,1,1.4899001013151216,1.4899001013151216,1
36,2022,9,2,1.6964501138917996,1.7346912546634055,1
36,2022,10,2,1.415762176871218,1.559878543476422,1
36,2022,11,1,1.8686291932295591,1.8686291932295591,1
36,2022,12,3,1.3473942994361685,1.990947898754315,1
36,2023,1,2,1.2918900537625435,1.6075724011643815,1
36,2023,2,1,1.5960462321851057,1.5960462321851057,1
36,2023,3,2,1.9741194888073728,2.2325070667450246,1
36,2023,4,1,1.3621604513793864,1.3621604513793864,1
36,2023,5,4,0.3972695556155265,1.4029434513288024,1
36,2023,6,5,0.1182423929949091,1.336019391916629,1
36,2023,7,5,0.7295058392769465,1.4823298100378355,1
36,2023,9,4,1.752253920352553,2.144053363660838,1
36,2023,10,2,1.8904309328512816,2.0860349816236705,1
36,2024,2,1,2.0129116519601307,2.0129116519601307,1
36,2024,3,3,1.288333660251047,1.944032474751585,1
36,2024,4,1,2.3811467044613464,2.3811467044613464,1
36,2024,5,2,0.905269894867099,1.61700416972426,1
36,2024,6,3,1.7153222062509004,1.9458888363796383,1
36,2024,7,2,1.4514885867429013,1.6027012404455518,1
36,2024,8,1,1.4376121925741705,1.4376121925741705,1
36,2024,9,1,1.6576728638070537,1.6576728638070537,1
36,2024,10,1,2.3982127724963407,2.3982127724963407,1
36,2024,11,3,2.0830311991553745,2.220723187366827,1
37,2017,1,5,0.7455031593699614,1.5549694065453807,1
37,2017,2,3,1.230033425598217,1.5026117514249577,1
37,2017,3,3,1.1378770027881937,1.4982106407639524,1
37,2017,4,4,0.020727290223475,1.1542735149517196,1
37,2017,5,2,1.21573109335893,1.6632813127620016,1
37,2017,6,5,0.8922435510874686,1.6950150719610586,1
37,2017,7,3,1.230033425598217,1.5179548538746603,1
37,2017,8,2,1.206674217907474,1.251493556249759,1
37,2017,9,4,1.6895038449704585,1.954026580331913,1
37,2017,10,5,0.7816644130757577,1.4861297746714979,1
37,2017,11,4,0.7458798609816674,0.992362129981436,1
37,2017,12,3,1.6285362574100315,1.7479826746345088,1
37,2018,1,4,1.1567019601339674,1.6480854996447456,1
37,2018,2,4,0.7458798609816674,1.3670138889301333,1
37,2018,3,4,1.1569890685069064,1.730515683875048,1
37,2018,5,5,0.1202049321952553,1.130017521529675,1
37,2018,6,5,0.7467926729380316,1.2951433599569195,1
37,2018,7,4,0.3144082352206467,1.1908068773051446,1
37,2018,8,5,0.3824794910714483,1.3319549600498017,1
37,2018,9,4,1.296312894592044,1.6721579338142338,1
37,2018,10,5,0.1342843491397079,0.8606172565370844,1
37,2018,11,3,1.537556673862733,1.6245421736405266,1
37,2018,12,5,0.3962230132583119,1.1835187990419338,1
37,2019,1,7,1.094203137606027,1.6323492950989533,1
37,2019,2,6,1.1558803475061443,1.6177062397677497,1
37,2019,3,2,1.7369806019549032,1.789256691160932,1
37,2019,4,1,1.8341885363053816,1.8341885363053816,1
37,2019,5,7,1.0895775104118255,1.5618853006942028,1
37,2019,6,4,1.8149642744094308,1.9521196090631072,1
37,2019,7,3,1.2526896763984623,1.99360160271881,1
37,2019,8,2,1.4163575797119343,1.6541406529003453,1
37,2019,9,7,1.1493842823935991,1.793505056778317,1
37,2019,10,1,1.1307943152604818,1.1307943152604818,1
37,2019,11,6,0.7463835273203202,1.5482573083661242,1
37,2019,12,9,0.0148457347470406,1.4452759155398451,1
37,2020,1,3,1.2923153134098029,2.0112907627173087,1
37,2020,2,9,1.0750169988651936,1.639276708537079,1
37,2020,5,2,1.6889595532345612,2.019563689441893,1
37,2020,6,4,0.7463835273203202,1.5487006760686746,1
37,2020,7,5,1.4012335752314444,1.7126283160986762,1
37,2020,8,6,1.5324657007391635,1.73847613801222,1
37,2020,9,8,1.094203137606027,1.6340135747911813,1
37,2020,10,6,1.823264979518069,1.923439585405091,1
37,2020,11,8,0.3851051356850427,1.3040125271066187,1
37,2020,12,4,0.3851051356850427,1.5851423693121949,1
37,2021,1,3,0.3067279024623506,0.7879615508057802,1
37,2021,2,1,1.6801445388283107,1.6801445388283107,1
37,2021,3,7,1.2222673522697052,1.5346888068421396,1
37,2021,4,4,0.8075082532514279,1.537946992642962,1
37,2021,5,6,0.3851051356850427,1.4712061449614282,1
37,2021,6,4,1.3510096126332332,1.6247423339510119,1
37,2021,7,4,0.7451189427074608,1.5147169609101732,1
37,2021,8,5,1.360554968887916,1.7670207253572492,1
37,2021,9,8,0.8468890104930045,1.6952506158419745,1
37,2021,10,3,1.3365425160585302,1.7372673125571536,1
37,2021,11,5,1.1552966499539743,1.2425796167460876,1
37,2021,12,6,1.0087779606449312,1.6440519830812041,1
37,2022,1,4,1.2744718123222063,1.6827881313341602,1
37,2022,2,5,0.4020775808791889,1.4689184893134875,1
37,2022,3,8,0.3067279024623506,1.4874187805464123,1
37,2022,4,5,0.2096412719678333,1.2098211795637088,1
37,2022,5,7,1.1352866244106783,1.5144353536565434,1
37,2022,6,11,0.3963334776345142,1.3551376956195993,1
37,2022,7,4,1.089577509547638,1.4758839617978925,1
37,2022,8,4,1.5804508298990132,1.912014255184067,1
37,2022,9,8,0.0566064519749827,1.3021101942983337,1
37,2022,10,9,1.089577509547638,1.6301925572240685,1
37,2022,11,6,1.1940982449303903,1.730623441123251,1
37,2022,12,3,1.1558795573859324,1.7019887279507941,1
37,2023,1,4,1.314022539284626,1.663541581661629,1
37,2023,2,3,0.6273928388753862,1.2429198400653243,1
37,2023,3,3,0.722283921638122,1.1604388009176168,1
37,2023,4,6,1.286888019493344,1.7592605177611251,1
37,2023,5,4,1.1567012253179796,1.7424363658241337,1
37,2023,6,7,0.6563685034154958,1.6968404070275054,1
37,2023,7,1,1.2670125080094825,1.2670125080094825,1
37,2023,8,3,1.08957752786398,1.3785891129796293,1
37,2023,9,3,1.402799125530309,1.7302089268750824,1
37,2023,10,5,1.4133501393982717,1.7083633520573929,1
37,2023,11,6,0.9564332032760526,1.5556057563742194,1
37,2023,12,7,1.1031416403850092,1.5424469034854622,1
37,2024,1,7,0.5532273116959254,1.3110638704837914,1
37,2024,2,3,0.3964000255507486,1.3082907376261452,1
37,2024,3,4,1.602136750543862,1.9396915776855903,1
37,2024,4,5,1.1332241429656853,1.437926887926381,1
37,2024,5,9,0.0806894479452646,1.3293756746796956,1
37,2024,6,2,1.4047932582928673,1.8877522989744029,1
37,2024,7,6,1.286991895931799,1.774494630671119,1
37,2024,8,3,1.275281987443626,1.6390851806005975,1
37,2024,9,6,1.2492369919668609,1.526817485532966,1
37,2024,10,5,1.225147662877346,1.6773301124182562,1
37,2024,11,4,1.179889943924988,1.4823437816816893,1
37,2024,12,5,0.5999150652795877,1.6832397951686318,1
38,2017,1,5,0.7535366109196303,1.5537895675494648,1
38,2017,2,3,1.2305601867409128,1.5038848668762004,1
38,2017,3,3,1.1467270646859715,1.4933624450977974,1
38,2017,4,4,0.0136812075898313,1.1541464644442905,1
38,2017,5,2,1.2395824745215591,1.678805241701692,1
38,2017,6,5,0.9190617602983072,1.684408698972487,1
38,2017,7,3,1.2305601867409128,1.5251321710945935,1
38,2017,8,2,1.2302341299064288,1.257263317916951,1
38,2017,9,4,1.6956130383308032,1.9574032180399068,1
38,2017,10,5,0.810489794101033,1.499661522506765,1
38,2017,11,4,0.7536969360962639,1.0001705723794503,1
38,2017,12,3,1.641351823125218,1.752431353725849,1
38,2018,1,4,1.1751550622754154,1.6610041771632085,1
38,2018,2,4,0.7536969360962639,1.366572667980609,1
38,2018,3,4,1.1595327334265728,1.7359988766452408,1
38,2018,5,5,0.1372434588702996,1.1350680192053857,1
38,2018,6,5,0.7584675715434172,1.295537251660814,1
38,2018,7,4,0.3003599294153556,1.1805463968199188,1
38,2018,8,5,0.3688643158175389,1.3280990867744538,1
38,2018,9,4,1.2842925059274732,1.6581515949770276,1
38,2018,10,5,0.1512932451781018,0.8637899955148656,1
38,2018,11,3,1.517257764733268,1.617651567974897,1
38,2018,12,5,0.3711735496156235,1.1810537587027339,1
38,2019,1,7,1.099472801155971,1.6382206499509075,1
38,2019,2,6,1.1743037653554675,1.6147286986565572,1
38,2019,3,2,1.7394925020245977,1.7886337809099264,1
38,2019,4,1,1.8423849978250288,1.8423849978250288,1
38,2019,5,7,1.0648990037611707,1.556958791751194,1
38,2019,6,4,1.8265607273331963,1.9544581958493412,1
38,2019,7,3,1.2631164745615104,1.9934119927781555,1
38,2019,8,2,1.4130008955154272,1.6507180687128942,1
38,2019,9,7,1.1521449565720785,1.7965445169885705,1
38,2019,10,1,1.1450318460845508,1.1450318460845508,1
38,2019,11,6,0.7580357523492315,1.5570513388961864,1
38,2019,12,9,0.0144081593649241,1.4448783395464722,1
38,2020,1,3,1.280587570513299,1.995383181163889,1
38,2020,2,9,1.066573130644449,1.6366960765103253,1
38,2020,5,2,1.6950783075100662,2.017999158878293,1
38,2020,6,4,0.7580357523492315,1.5540921353536756,1
38,2020,7,5,1.3904411031970576,1.704626760296478,1
38,2020,8,6,1.524336663977599,1.7313182452453117,1
38,2020,9,8,1.099472801155971,1.640729966921311,1
38,2020,10,6,1.823014230010708,1.9290510961294254,1
38,2020,11,8,0.3711426885431294,1.3023500311789706,1
38,2020,12,4,0.3711426885431294,1.583429056389536,1
38,2021,1,3,0.3218064787158571,0.8047607033766347,1
38,2021,2,1,1.6673207160539765,1.6673207160539765,1
38,2021,3,7,1.2105821422539274,1.5327011856271684,1
38,2021,4,4,0.8237231645210654,1.531446251325553,1
38,2021,5,5,0.3711426885431294,1.2659591430425539,1
38,2021,6,4,1.3258664134182274,1.6179780896571518,1
38,2021,7,4,0.7531521368800947,1.525888613169733,1
38,2021,8,5,1.342427042794348,1.7547286731413656,1
38,2021,9,8,0.8454555968349923,1.6947306940688944,1
38,2021,10,3,1.343002201777319,1.7373655655190934,1
38,2021,11,5,1.1578847402855597,1.240401739182298,1
38,2021,12,6,1.012255872807596,1.6371901651453058,1
38,2022,1,4,1.2642309106467051,1.6804363798482842,1
38,2022,2,5,0.3863536339047742,1.4694271914498476,1
38,2022,3,7,0.3218064787158571,1.353604680898529,1
38,2022,4,5,0.2354214775626741,1.2165202334332679,1
38,2022,5,7,1.1135364121883276,1.51097538445863,1
38,2022,6,11,0.4101279437628225,1.3507111329662889,1
38,2022,7,4,1.0648990042821178,1.4609676196958334,1
38,2022,8,4,1.5552007606264258,1.8981104651446419,1
38,2022,9,9,0.0737741704123308,1.4425986052087076,1
38,2022,10,9,1.0648990042821178,1.6237478827585663,1
38,2022,11,6,1.217344859703508,1.7370411991908734,1
38,2022,12,2,1.1743029774373306,1.2990262463962639,1
38,2023,1,4,1.3007234738755715,1.6570471838724778,1
38,2023,2,3,0.6562256586801746,1.2463389666089932,1
38,2023,3,3,0.7385041330525283,1.1637319616837107,1
38,2023,4,6,1.2755641091710364,1.7553500288681814,1
38,2023,5,4,1.175154340334884,1.7324414792465541,1
38,2023,6,7,0.6275349977708808,1.691827883569993,1
38,2023,7,1,1.2588465022254045,1.2588465022254045,1
38,2023,8,3,1.064899022072556,1.3705145478972038,1
38,2023,9,3,1.4292734670964782,1.7289374034846183,1
38,2023,10,5,1.3920043012683785,1.7116914638424803,1
38,2023,11,5,0.9822920794210293,1.3774120765250788,1
38,2023,12,7,1.0785460371806217,1.5409750362066614,1
38,2024,1,7,0.5558838373070107,1.3152875133734574,1
38,2024,2,3,0.4102371133193551,1.2939051032252105,1
38,2024,3,4,1.6026680326108402,1.9415226567775177,1
38,2024,4,5,1.1425417177468655,1.4349359932459975,1
38,2024,5,9,0.0978053120226015,1.3225226724977739,1
38,2024,6,2,1.4094516378872248,1.8853486933665846,1
38,2024,7,6,1.27567597412331,1.768290079806257,1
38,2024,8,3,1.26505481051804,1.6318942387231816,1
38,2024,9,6,1.2493015504635785,1.5280614383105897,1
38,2024,10,5,1.2116354331613328,1.6784550692594997,1
38,2024,11,4,1.1975033049138364,1.4919815544757635,1
38,2024,12,4,0.6184121776902208,1.4865352443573054,1
39,2017,1,1,2.07185925318306,2.07185925318306,1
39,2017,2,2,1.4708013383747691,1.8037140804305092,1
39,2017,3,2,0.9557056130078088,1.4758192632802407,1
39,2017,4,1,2.002834281662642,2.002834281662642,1
39,2017,5,3,0.0896484566871228,1.0508201235721248,1
39,2017,6,4,0.1968778550383085,1.580235340980027,1
39,2017,7,1,0.920481471178996,0.920481471178996,1
39,2017,8,4,1.8338285155777376,1.9365353502390972,1
39,2017,9,2,1.9428501950284736,2.02652043153818,1
39,2017,10,1,0.2014099584105309,0.2014099584105309,1
39,2017,12,1,0.962000174247724,0.962000174247724,1
39,2018,1,1,1.4815293274195964,1.4815293274195964,1
39,2018,3,3,1.622588826438061,1.9418283100957814,1
39,2018,4,3,0.962000174247724,1.0081589703548273,1
39,2018,5,4,0.2104161721468425,1.3098911905449244,1
39,2018,6,2,1.5127910190536076,1.9864380333897638,1
39,2018,7,1,1.3990042595668135,1.3990042595668135,1
39,2018,8,4,0.6610331499996378,1.276199578385048,1
39,2018,9,1,1.6212709264932936,1.6212709264932936,1
39,2018,10,1,1.8820327645616628,1.8820327645616628,1
39,2018,11,1,0.962000174247724,0.962000174247724,1
39,2019,1,1,1.343932719936894,1.343932719936894,1
39,2019,2,2,0.9611746643963096,1.177752698180878,1
39,2019,4,3,1.7066127459603886,1.9625579557556272,1
39,2019,6,3,1.4719419560249718,1.5701066053908554,1
39,2019,7,2,1.7789089024707694,1.997367529559587,1
39,2019,8,1,1.3232912726947057,1.3232912726947057,1
39,2019,9,4,0.4294023613938236,1.1303386928626338,1
39,2019,10,1,1.3411678286150537,1.3411678286150537,1
39,2019,12,1,0.2014099584105309,0.2014099584105309,1
39,2020,1,1,1.2699076819955224,1.2699076819955224,1
39,2020,3,1,1.5486957483951918,1.5486957483951918,1
39,2020,5,3,0.0396879699505211,1.1503443783800813,1
39,2020,6,2,1.5127910190536076,1.6431710701369768,1
39,2020,7,1,1.3946343922214854,1.3946343922214854,1
39,2020,8,1,1.601152403880692,1.601152403880692,1
39,2020,9,4,0.9611746643963096,1.8961332472918488,1
39,2020,10,3,1.1972069802414032,1.403073891750114,1
39,2020,11,3,1.343932719936894,1.768051665730544,1
39,2020,12,1,1.948033662895235,1.948033662895235,1
39,2021,1,1,1.5507232483849829,1.5507232483849829,1
39,2021,2,1,1.5566859497561991,1.5566859497561991,1
39,2021,3,2,1.6982451540967456,1.9462465093904333,1
39,2021,5,2,1.4775777377880317,1.5973806556990888,1
39,2021,6,4,0.9611746643963096,1.583884661244673,1
39,2021,7,1,0.652834155901889,0.652834155901889,1
39,2021,8,3,1.9527418588754688,2.0082024845300146,1
39,2021,9,1,2.2513696657238014,2.2513696657238014,1
39,2021,10,2,1.017275815059455,1.3672296943348003,1
39,2021,11,1,1.4719419560249718,1.4719419560249718,1
39,2021,12,1,1.4918622455764774,1.4918622455764774,1
39,2022,1,2,1.332248196613138,1.69194481512258,1
39,2022,3,1,1.8370726420419348,1.8370726420419348,1
39,2022,4,1,2.0665988057316618,2.0665988057316618,1
39,2022,6,1,1.3070239952478049,1.3070239952478049,1
39,2022,7,1,0.94226944842352,0.94226944842352,1
39,2022,9,2,1.1601163332882984,1.3201782725571274,1
39,2022,10,5,0.2565057407550482,1.3271941034410386,1
39,2022,11,1,1.9396976612057448,1.9396976612057448,1
39,2023,1,1,1.4317427401208151,1.4317427401208151,1
39,2023,2,2,0.4950359513811493,0.9633893457509822,1
39,2023,3,1,0.2104160285432028,0.2104160285432028,1
39,2023,5,2,0.8812587034907912,1.6586000431828536,1
39,2023,6,4,1.8492866288367087,1.951852029168835,1
39,2023,7,3,0.5034615599208292,1.4217800737464872,1
39,2023,9,3,0.9295455716405646,1.5560224746765823,1
39,2023,10,1,1.600895962598079,1.600895962598079,1
39,2023,11,1,0.8997289455796078,0.8997289455796078,1
39,2023,12,2,0.8255900029767407,1.1263968401051323,1
39,2024,1,2,2.183694589218068,2.3230310990880723,1
39,2024,2,3,0.8286474647717741,1.5647362082693814,1
39,2024,3,1,1.3417518038536425,1.3417518038536425,1
39,2024,5,2,1.4360864383940757,1.6936740104923098,1
39,2024,6,1,1.8932270778173572,1.8932270778173572,1
39,2024,8,1,1.4013021727798751,1.4013021727798751,1
39,2024,9,3,1.8476099711682388,2.173903880413183,1
39,2024,10,1,1.3441093693540616,1.3441093693540616,1
39,2024,11,6,1.3509054131799492,1.8554033029373658,1
39,2024,12,1,1.4883547130529284,1.4883547130529284,1
40,2017,1,1,2.1196757702727,2.1196757702727,1
40,2017,2,2,1.5239721655750522,1.84871529920835,1
40,2017,3,2,0.989316907559012,1.4873278936504724,1
40,2017,4,1,2.0421938651473237,2.0421938651473237,1
40,2017,5,3,0.0514466057508963,1.0308015102395105,1
40,2017,6,4,0.2477527759015075,1.6063095333659805,1
40,2017,7,1,0.929654621826088,0.929654621826088,1
40,2017,8,4,1.8785458117507297,1.9825115023379012,1
40,2017,9,2,1.9963482139122877,2.0799522039436935,1
40,2017,10,1,0.2538645886947975,0.2538645886947975,1
40,2017,12,1,0.908658129164189,0.908658129164189,1
40,2018,1,1,1.5358016538293244,1.5358016538293244,1
40,2018,3,3,1.5752407015176364,1.9398264283257447,1
40,2018,4,3,0.908658129164189,0.9906921400943665,1
40,2018,5,4,0.2643405555941521,1.3478983562812341,1
40,2018,6,2,1.4590476067933087,1.9328081653673115,1
40,2018,7,2,1.453294570422836,1.9653739292847563,1
40,2018,8,4,0.7152758521751112,1.2768370237321396,1
40,2018,9,1,1.6753646235978936,1.6753646235978936,1
40,2018,10,1,1.9355166779941289,1.9355166779941289,1
40,2018,11,1,0.908658129164189,0.908658129164189,1
40,2019,1,1,1.3982153144542675,1.3982153144542675,1
40,2019,2,2,0.9078405895357856,1.1782282171989893,1
40,2019,4,3,1.757862578490747,2.0077112794850156,1
40,2019,6,3,1.5251200648068008,1.6236977333436233,1
40,2019,7,2,1.826038729869417,2.0472533278579386,1
40,2019,8,1,1.2699274000795486,1.2699274000795486,1
40,2019,9,4,0.3761071145422934,1.129661046598348,1
40,2019,10,1,1.3447927325210964,1.3447927325210964,1
40,2019,12,1,0.2538645886947975,0.2538645886947975,1
40,2020,1,1,1.3233844464428195,1.3233844464428195,1
40,2020,3,1,1.60295435413297,1.60295435413297,1
40,2020,5,3,0.0916705768171874,1.2031590957073892,1
40,2020,6,2,1.4590476067933087,1.6395419131965867,1
40,2020,7,1,1.4489193398088525,1.4489193398088525,1
40,2020,8,1,1.597024732066689,1.597024732066689,1
40,2020,9,4,0.9078405895357856,1.8959229844428287,1
40,2020,10,3,1.145498560688729,1.4025539969866152,1
40,2020,11,3,1.3982153144542675,1.8170190940512827,1
40,2020,12,1,2.001478021612184,2.001478021612184,1
40,2021,1,1,1.6031286648225165,1.6031286648225165,1
40,2021,2,1,1.503332682975315,1.503332682975315,1
40,2021,3,2,1.7506671833827727,1.997136740375283,1
40,2021,5,2,1.53183542179093,1.6499005212433349,1
40,2021,6,4,0.9078405895357856,1.5956734055436221,1
40,2021,7,1,0.7028607402002399,0.7028607402002399,1
40,2021,8,3,2.006105969827594,2.0563216446240142,1
40,2021,9,1,2.239363117802616,2.239363117802616,1
40,2021,10,3,1.065671895375713,1.7669778405320893,1
40,2021,11,1,1.5251200648068008,1.5251200648068008,1
40,2021,12,1,1.4696794403329414,1.4696794403329414,1
40,2022,1,2,1.386420212596048,1.692358559132944,1
40,2022,3,1,1.8904206923433249,1.8904206923433249,1
40,2022,4,1,2.119965696926901,2.119965696926901,1
40,2022,6,1,1.3601922688814914,1.3601922688814914,1
40,2022,7,1,0.8889375033259665,0.8889375033259665,1
40,2022,9,2,1.2144009303307786,1.3744565677429663,1
40,2022,10,5,0.3102657203561647,1.3574131474046873,1
40,2022,11,1,1.886354652639476,1.886354652639476,1
40,2023,1,1,1.4463317968772682,1.4463317968772682,1
40,2023,2,2,0.532786724672938,0.9895592607751031,1
40,2023,3,1,0.2643404145813245,0.2643404145813245,1
40,2023,5,2,0.9355324005035318,1.7122414203718503,1
40,2023,6,4,1.8179773299315456,1.930865048539167,1
40,2023,7,3,0.5408348386598263,1.4358810810888887,1
40,2023,9,3,0.9426654447090598,1.5961162486803098,1
40,2023,10,1,1.5967731393433386,1.5967731393433386,1
40,2023,11,1,0.9167001555484908,0.9167001555484908,1
40,2023,12,2,0.8798590071574538,1.180671844608253,1
40,2024,1,1,2.219713117571598,2.219713117571598,1
40,2024,2,3,0.8744027219071554,1.610069727767139,1
40,2024,3,1,1.3454145677979472,1.3454145677979472,1
40,2024,5,2,1.4901658524378685,1.7473933199427147,1
40,2024,6,1,1.9435723551909048,1.9435723551909048,1
40,2024,8,1,1.4555803977273305,1.4555803977273305,1
40,2024,9,3,1.8028467067379863,2.1853089066291025,1
40,2024,10,1,1.3983922193375666,1.3983922193375666,1
40,2024,11,6,1.405193424586861,1.8780507810019043,1
40,2024,12,1,1.54105581154589,1.54105581154589,1
41,2017,1,5,1.071546499954948,1.3566414894384606,1
41,2017,2,7,0.901089097062318,1.5822954959101103,1
41,2017,3,10,0.0307836481862531,0.9826323671001965,1
41,2017,4,9,0.6059474395678961,1.391859583823594,1
41,2017,5,8,0.6547162255592985,1.301648007494561,1
41,2017,6,10,0.5859814902404777,1.2549045291461738,1
41,2017,7,9,0.4653839933642657,1.3692088960699476,1
41,2017,8,7,0.1487815310722878,1.2298101072503402,1
41,2017,9,7,0.711578376694361,1.3272386892705483,1
41,2017,10,8,0.392048185489904,1.435973599780803,1
41,2017,11,6,0.1366942229534765,1.2347393807600169,1
41,2017,12,6,0.2696729875016266,1.077834925349989,1
41,2018,1,11,0.2261487729805024,1.2151326943220015,1
41,2018,2,3,0.0307836481862531,1.5164854074573615,1
41,2018,3,6,0.4841960354854869,1.179192131729995,1
41,2018,4,3,0.711578376694361,1.5318188298111177,1
41,2018,5,8,0.4653839933642657,1.3185095675199638,1
41,2018,6,8,0.1850109809438886,0.925099040626205,1
41,2018,7,4,0.742810989900633,1.5018556272995642,1
41,2018,8,7,0.4030255691565506,1.1082655121146119,1
41,2018,9,11,0.0797827228275069,1.1028085640009626,1
41,2018,10,7,0.1299725005692526,0.950232797376147,1
41,2018,11,8,0.5429695496752248,1.4171565400169481,1
41,2018,12,8,0.4563834045171455,1.1475801813292181,1
41,2019,1,5,0.0904065087370408,0.812667356491902,1
41,2019,2,8,0.4427661833486179,1.6518632702303326,1
41,2019,3,8,0.391695436855666,1.1962629214732927,1
41,2019,4,9,0.6524659856642433,1.523662889225022,1
41,2019,5,6,0.8321125540772982,1.5916970862478295,1
41,2019,6,12,0.3052115530696947,1.1668808955324133,1
41,2019,7,3,1.737232295891943,2.140668702342955,1
41,2019,8,5,0.4883892848581306,0.8439876418497907,1
41,2019,9,9,0.4656772642878278,1.2112236843618438,1
41,2019,10,7,1.1944261352475714,1.5382420340446923,1
41,2019,11,12,0.3195104772954836,1.1596479435764635,1
41,2019,12,7,0.4352314696323787,1.1223822789176736,1
41,2020,1,6,1.098819158904902,1.5571434672372642,1
41,2020,2,4,1.046562143299684,1.4953046724846855,1
41,2020,3,4,0.8334077136512776,1.1966152969404478,1
41,2020,4,2,1.0092295908903708,1.350419253371843,1
41,2020,5,3,0.7703252104589203,1.4024474488617307,1
41,2020,6,5,0.4990382739272228,1.3126329471981046,1
41,2020,7,10,0.4185385196345239,0.9714787614059868,1
41,2020,8,6,0.1364585273120972,1.0913516368209808,1
41,2020,9,7,0.667276283255522,1.0201416693126786,1
41,2020,10,9,0.706313714402403,1.4855557945499942,1
41,2020,11,5,0.6580422490702601,1.45582117366135,1
41,2020,12,3,0.2284085426219228,1.2327835002739966,1
41,2021,1,7,0.2284085426219228,1.0827525282550243,1
41,2021,2,4,0.7415060275844206,1.355515543172969,1
41,2021,3,5,0.0321983793932165,0.9294859745307134,1
41,2021,4,8,0.3038061089100227,1.1545926677339164,1
41,2021,5,3,0.5360243041116715,0.7836440260012445,1
41,2021,6,8,0.4015843586680783,1.1484410920968924,1
41,2021,7,5,0.7415060275844206,1.393729499906731,1
41,2021,8,4,1.2409737041894875,1.5527904094758362,1
41,2021,9,5,1.137388000724757,1.7667543847108977,1
41,2021,10,11,0.706313714402403,1.503786331038939,1
41,2021,11,5,0.688512944401951,1.2428274674563327,1
41,2021,12,12,0.1952585586358161,1.3782430615301946,1
41,2022,1,8,0.706313714402403,1.52974919608714,1
41,2022,2,3,1.296225349431681,1.8444750714914957,1
41,2022,3,5,0.6438643465786821,1.100606194367172,1
41,2022,4,8,0.8882928463466473,1.5968816392415577,1
41,2022,5,18,0.2172709310144579,1.1831410728939509,1
41,2022,6,16,0.393178087508685,1.2857499279659832,1
41,2022,7,8,1.4665743626877898,1.801948832931553,1
41,2022,8,7,0.4015917152632526,1.1683045236298952,1
41,2022,9,8,0.217270602264698,1.1213990261439326,1
41,2022,10,12,0.217270602264698,1.1557340014735498,1
41,2022,11,9,0.4308572862625792,1.2557741289491064,1
41,2022,12,8,0.4315134837639729,1.1965138283449281,1
41,2023,1,4,0.428045979746556,1.2271505769277147,1
41,2023,2,7,0.2172706531705624,1.389399246937362,1
41,2023,3,6,0.2284079112140168,0.9125422247210467,1
41,2023,4,8,0.0068734777299701,1.346544949106756,1
41,2023,5,7,0.6689929439387633,1.5697053972803225,1
41,2023,6,13,0.004749086655543,1.3507967341639513,1
41,2023,7,9,0.004749086655543,1.225132325628207,1
41,2023,8,4,0.004749086655543,0.8312363621063295,1
41,2023,9,7,0.7530423652995221,1.4862942883447807,1
41,2023,10,9,0.4221146334852386,1.2422651426962754,1
41,2023,11,9,0.066438414862862,0.8615050751875756,1
41,2023,12,5,0.4030257953847746,0.9279376186490864,1
41,2024,1,4,0.7428111848288839,1.7505925902572805,1
41,2024,2,9,0.004749086655543,0.8357273232202065,1
41,2024,3,18,0.004749086655543,1.2683338163065043,1
41,2024,4,11,0.4785708323198512,1.46283848709605,1
41,2024,5,9,0.7428111848288839,1.449135589351978,1
41,2024,6,7,0.1633424141679662,1.0768900090833031,1
41,2024,7,8,0.7424976240280087,1.4436951938316969,1
41,2024,8,5,0.6674105127491543,1.5210726461258062,1
41,2024,9,2,1.1095861876055757,1.4424827332129957,1
41,2024,10,6,0.908986668909568,1.6497126926233505,1
41,2024,11,9,0.004749086655543,1.0450981549799327,1
41,2024,12,6,0.972565459411557,1.4511769200085085,1
42,2017,1,5,1.073067790211059,1.3654156972192468,1
42,2017,2,7,0.8906494119461441,1.5813779490968753,1
42,2017,3,10,0.0522262170228875,0.9757190639409931,1
42,2017,4,9,0.5846587045588473,1.3939630627286368,1
42,2017,5,8,0.6746006590669117,1.2999529609370652,1
42,2017,6,10,0.6069732876813312,1.2550960016314339,1
42,2017,7,9,0.4801394535760364,1.3717604809744026,1
42,2017,8,7,0.1274703671256385,1.2290350368927176,1
42,2017,9,7,0.7328384537970908,1.3164689950118156,1
42,2017,10,8,0.4133117670511716,1.436102755442278,1
42,2017,11,6,0.1540029409029883,1.2339811839733579,1
42,2017,12,6,0.2483825743226856,1.064449006583598,1
42,2018,1,11,0.2047100961858326,1.2156519469339324,1
42,2018,2,3,0.0522262170228875,1.51139316582993,1
42,2018,3,6,0.5055153138350484,1.166479010288517,1
42,2018,4,3,0.7328384537970908,1.5497492752704864,1
42,2018,5,8,0.4801394535760364,1.3218802294450858,1
42,2018,6,8,0.1638389124933602,0.919816233128098,1
42,2018,7,4,0.7215669709029272,1.5112010730800776,1
42,2018,8,7,0.3818011513394767,1.1015374097628203,1
42,2018,9,11,0.0588119966166707,1.1050134577744342,1
42,2018,10,7,0.1088481765348353,0.9410722680206633,1
42,2018,11,8,0.5642831647759657,1.416958320269843,1
42,2018,12,8,0.4362965904141918,1.1487637439167595,1
42,2019,1,5,0.0694545715345855,0.8160227101040374,1
42,2019,2,8,0.4228673694398005,1.6367085814927602,1
42,2019,3,8,0.4128106483841965,1.211644228838833,1
42,2019,4,9,0.6728302068013773,1.517634580652361,1
42,2019,5,6,0.8108616887906575,1.5767846973492023,1
42,2019,6,12,0.2840070542473378,1.1610759930899106,1
42,2019,7,3,1.735935308821047,2.1267630070523507,1
42,2019,8,5,0.5018116355281789,0.8631987913481307,1
42,2019,9,9,0.4803564955502575,1.210108881107204,1
42,2019,10,7,1.2155370353065107,1.5396572099930517,1
42,2019,11,12,0.2982262717776315,1.1578187957264487,1
42,2019,12,7,0.4564977676668089,1.1206364974003127,1
42,2020,1,6,1.0775023555820749,1.5405801368983776,1
42,2020,2,4,1.0663789577236849,1.5128665651286692,1
42,2020,3,4,0.8121214405173969,1.186059049716743,1
42,2020,4,2,1.0270306568641856,1.3489764822030663,1
42,2020,5,3,0.7908978268825311,1.4098964572229988,1
42,2020,6,5,0.5119305764058506,1.307041289458954,1
42,2020,7,10,0.4398048351173418,0.974335940222236,1
42,2020,8,6,0.1153482457972545,1.091292410677531,1
42,2020,9,7,0.6863440628977687,1.0297810927133662,1
42,2020,10,9,0.7276207682294643,1.4889675700299616,1
42,2020,11,5,0.6791751345479571,1.4602631414844058,1
42,2020,12,3,0.2070874795372374,1.2129233581107364,1
42,2021,1,7,0.2070874795372374,1.0825340335657125,1
42,2021,2,4,0.720256516960545,1.3394468687540033,1
42,2021,3,5,0.0536443308015467,0.9295122798550544,1
42,2021,4,8,0.2826020335449797,1.1599809846281455,1
42,2021,5,3,0.5147370933784144,0.7623574709690915,1
42,2021,6,8,0.4212104907574877,1.143540027593576,1
42,2021,7,5,0.720256516960545,1.3832949579793012,1
42,2021,8,4,1.2560416286889984,1.561911687783547,1
42,2021,9,5,1.1585152040168991,1.7645171028803381,1
42,2021,10,11,0.7276207682294643,1.5004794692604528,1
42,2021,11,5,0.667225436241158,1.2393839684318293,1
42,2021,12,12,0.2150967006413734,1.3815913393999042,1
42,2022,1,8,0.7276207682294643,1.5284780185968474,1
42,2022,2,3,1.2794641987884527,1.835876969462715,1
42,2022,3,5,0.6543631576474535,1.1089262389448185,1
42,2022,4,8,0.8676114825490613,1.5846854451793344,1
42,2022,5,17,0.2385270508482594,1.1160442697574675,1
42,2022,6,16,0.4145115514249192,1.288944605265065,1
42,2022,7,8,1.4492471063008112,1.7883096713091664,1
42,2022,8,7,0.3803661738494461,1.1648868994467532,1
42,2022,9,8,0.2385267268250025,1.127508769783314,1
42,2022,10,12,0.2385267268250025,1.1596749532220845,1
42,2022,11,9,0.422866778635788,1.2500214803524499,1
42,2022,12,8,0.4527797904817593,1.2059852698134939,1
42,2023,1,4,0.4259306663795453,1.2388608698196797,1
42,2023,2,7,0.2385267780756716,1.3873186832873177,1
42,2023,3,6,0.2070868533694303,0.9155874746198789,1
42,2023,4,8,0.0274663627756467,1.3455257493549189,1
42,2023,5,7,0.6714691903205919,1.564567134275175,1
42,2023,6,13,0.0246472337913802,1.3484660873247558,1
42,2023,7,9,0.0246472337913802,1.2212036751019733,1
42,2023,8,4,0.0246472337913802,0.8516507825603886,1
42,2023,9,7,0.7324246638657165,1.4843200631719462,1
42,2023,10,9,0.4434403322514414,1.243238401323723,1
42,2023,11,9,0.0878605467924918,0.8588866225522029,1
42,2023,12,5,0.3818013804862519,0.9240626238039951,1
42,2024,1,4,0.7215671672722027,1.7418503780646626,1
42,2024,2,9,0.0246472337913802,0.8411799473570116,1
42,2024,3,18,0.0246472337913802,1.2747280016684854,1
42,2024,4,11,0.4998377630738073,1.458557474620915,1
42,2024,5,8,0.7215671672722027,1.318608218996501,1
42,2024,6,7,0.1845945980714657,1.0887863505098563,1
42,2024,7,8,0.721252765935792,1.4363430607668202,1
42,2024,8,5,0.6870695953239704,1.5088248348274926,1
42,2024,9,2,1.0882584113996157,1.4305898207331782,1
42,2024,10,6,0.9127758003734562,1.647158995800044,1
42,2024,11,9,0.0246472337913802,1.0483274011226016,1
42,2024,12,6,0.9937589142630046,1.4632609259924017,1
43,2017,1,3,1.2078306765579814,1.4684322420272837,1
43,2017,2,3,0.6088858292465377,1.1337726388219875,1
43,2017,4,1,1.4195237208226503,1.4195237208226503,1
43,2017,5,1,0.8813097815708899,0.8813097815708899,1
43,2017,6,2,1.4609478241699554,1.7622876669964906,1
43,2017,8,1,1.258912541483018,1.258912541483018,1
43,2017,9,1,0.2226763660847596,0.2226763660847596,1
43,2017,10,3,0.0170005796090257,0.749507171158634,1
43,2017,11,2,2.10722073011256,2.157591238924524,1
43,2018,2,1,1.8258659536025377,1.8258659536025377,1
43,2018,3,2,0.9272447687046308,0.945264069424052,1
43,2018,4,2,1.8985559004197787,1.9258271710540127,1
43,2018,5,1,1.279128927471571,1.279128927471571,1
43,2018,6,2,1.2840495476211131,1.8133613272215445,1
43,2018,7,3,0.4298082933019829,0.8869033752701535,1
43,2018,8,2,0.6224377722974972,1.0546998898958995,1
43,2018,9,1,1.324968592694146,1.324968592694146,1
43,2018,10,3,0.9272447687046308,1.6995412724562284,1
43,2018,11,2,0.9793908541164812,0.9861605447279258,1
43,2019,1,2,0.4071122283688435,0.8225367475160735,1
43,2019,2,1,2.485646287821905,2.485646287821905,1
43,2019,4,4,0.0265414279196241,0.6649521579942811,1
43,2019,5,6,0.2585771219095304,1.1487016660295362,1
43,2019,6,4,0.2206149543784943,0.5649180023504214,1
43,2019,7,2,1.1072089972703656,1.1956292724457394,1
43,2019,8,2,0.6531031169582201,1.0807551718287876,1
43,2019,9,3,0.782305179914545,1.007956655842876,1
43,2019,10,2,0.1124194012545725,0.35927019770860963,1
43,2019,11,1,1.8336236570316888,1.8336236570316888,1
43,2019,12,2,1.2270634504384832,1.276249070712193,1
43,2020,2,2,0.3561854994428393,1.3354710505565026,1
43,2020,3,1,0.6061209941626468,0.6061209941626468,1
43,2020,5,2,0.0265414279196241,1.1116109490162387,1
43,2020,8,1,2.207054349359568,2.207054349359568,1
43,2020,9,3,0.4794757937553311,1.0277722102464126,1
43,2020,10,3,0.8552567623299472,1.8574824914796448,1
43,2020,11,3,0.4309481962956576,1.1070582951196704,1
43,2020,12,1,1.2298404674886998,1.2298404674886998,1
43,2021,3,2,0.6250310451800084,0.7552532652947798,1
43,2021,4,6,0.017000785751257,0.933758604381319,1
43,2021,5,3,0.017000785751257,0.7033394603754659,1
43,2021,6,2,0.322287887266876,0.7230360432914638,1
43,2021,7,2,1.2405611310108515,1.2432746349668955,1
43,2021,8,1,0.6701218385013665,0.6701218385013665,1
43,2021,9,5,0.2642253891942398,0.9562349705359778,1
43,2021,10,4,0.2530980864381397,1.3204152568847702,1
43,2021,11,2,1.1633752591913546,1.5148250340762717,1
43,2021,12,3,0.9794200112826904,1.765009811085813,1
43,2022,2,1,2.060523336570371,2.060523336570371,1
43,2022,5,5,0.7582273362677543,1.2203696579063164,1
43,2022,6,3,0.8773656930337385,1.1998597479379078,1
43,2022,9,2,1.8662748180789024,1.9128283174071143,1
43,2022,10,2,1.61918114963624,1.8886695718600925,1
43,2022,11,2,1.6285590929017968,1.8445413066524528,1
43,2022,12,2,1.753368371293785,1.8423941414047147,1
43,2023,1,1,1.4575368227564167,1.4575368227564167,1
43,2023,2,1,1.1237853004878442,1.1237853004878442,1
43,2023,3,2,1.1237853004878442,1.1831789468972167,1
43,2023,4,2,0.4520186504071854,0.7157049432008687,1
43,2023,5,3,0.2794295586143745,1.3348573616785717,1
43,2023,6,1,1.6158002516998653,1.6158002516998653,1
43,2023,7,2,1.145405420022497,1.2801551512925262,1
43,2023,8,3,0.8980112945298157,1.4916914690379874,1
43,2023,9,1,1.224079901132164,1.224079901132164,1
43,2023,10,2,1.2778553768464915,1.7970367424719682,1
43,2023,11,2,0.4366384798321797,0.8900304318871978,1
43,2023,12,1,1.013260954173045,1.013260954173045,1
43,2024,1,3,0.9632837846852172,1.1224650297657492,1
43,2024,2,3,0.8621102090694637,1.3008675479271326,1
43,2024,3,2,1.091368991921522,1.7147363728806444,1
43,2024,4,3,1.3165974623361267,1.6331587889603743,1
43,2024,5,1,1.8289093666376528,1.8289093666376528,1
43,2024,7,2,0.7823875990292357,1.1808681900311222,1
43,2024,9,1,0.4127866282924916,0.4127866282924916,1
43,2024,10,2,0.3318311042847223,1.1567380832251752,1
43,2024,11,4,1.2481138335224398,1.7767411496556411,1
43,2024,12,1,0.0517688207933376,0.0517688207933376,1
44,2017,1,3,1.2085896885701894,1.4666738977830045,1
44,2017,2,3,0.6272264814324509,1.1413853445459952,1
44,2017,4,1,1.4136557127381264,1.4136557127381264,1
44,2017,5,1,0.8831620627553569,0.8831620627553569,1
44,2017,6,2,1.4618146584759364,1.7681497102627506,1
44,2017,8,1,1.2608830541845235,1.2608830541845235,1
44,2017,9,1,0.2184230618562191,0.2184230618562191,1
44,2017,10,3,0.0274436230318238,0.7511587271694738,1
44,2017,11,2,2.095484109908396,2.1576434761726135,1
44,2018,2,1,1.8163649453459376,1.8163649453459376,1
44,2018,3,2,0.920322232951782,0.9391019481018683,1
44,2018,4,2,1.899409335505506,1.9229439802436814,1
44,2018,5,1,1.2815753347086942,1.2815753347086942,1
44,2018,6,2,1.2864475855793975,1.8208144037288898,1
44,2018,7,3,0.4185684775240062,0.8896356503516948,1
44,2018,8,2,0.6072683529495005,1.0454722953574362,1
44,2018,9,1,1.3316432788192856,1.3316432788192856,1
44,2018,10,3,0.920322232951782,1.7011852677164612,1
44,2018,11,2,0.9743820879336108,0.9813088397180236,1
44,2019,1,2,0.3997364649109616,0.821640302003991,1
44,2019,2,1,2.499073881742026,2.499073881742026,1
44,2019,4,4,0.0243036958266002,0.6610711886223116,1
44,2019,5,6,0.2649206279264149,1.1504252055658204,1
44,2019,6,4,0.2163864153238487,0.5651054962180054,1
44,2019,7,2,1.1046552224497064,1.195551404014552,1
44,2019,8,2,0.6467441404950414,1.0854906783118796,1
44,2019,9,3,0.7799218216665464,1.0086512655880993,1
44,2019,10,2,0.1217621715169063,0.36111753320367834,1
44,2019,11,1,1.8274283836635483,1.8274283836635483,1
44,2019,12,2,1.228636221262293,1.2808650118128297,1
44,2020,2,2,0.3644308047382296,1.3394834321921492,1
44,2020,3,1,0.6004728948904504,0.6004728948904504,1
44,2020,5,2,0.0243036958266002,1.1163640915071895,1
44,2020,8,1,2.218907294965641,2.218907294965641,1
44,2020,9,3,0.484204814497321,1.0248619380483783,1
44,2020,10,3,0.8561662223408342,1.8540544974026494,1
44,2020,11,3,0.4437536839388351,1.1085991844625316,1
44,2020,12,1,1.235432949571416,1.235432949571416,1
44,2021,3,2,0.6096156852923728,0.7437397853715709,1
44,2021,4,6,0.0274431380047369,0.9381877946291509,1
44,2021,5,3,0.0274431380047369,0.707627722017271,1
44,2021,6,2,0.31705478720874,0.7293440687289967,1
44,2021,7,2,1.2418370272850554,1.2445612778446025,1
44,2021,8,1,0.6697610198488405,0.6697610198488405,1
44,2021,9,5,0.2659156086145877,0.9548348534849523,1
44,2021,10,4,0.2454086809469818,1.3223956662260412,1
44,2021,11,2,1.161682619665417,1.5108222597001184,1
44,2021,12,3,0.9743931160139668,1.7680835109149131,1
44,2022,2,1,2.071402719420078,2.071402719420078,1
44,2022,5,5,0.7468974821719078,1.2210146703543883,1
44,2022,6,3,0.861155672889944,1.1895835484183799,1
44,2022,9,2,1.8599619140773276,1.9105102834247538,1
44,2022,10,2,1.6366053103241365,1.8937754541613248,1
44,2022,11,2,1.620049932325664,1.845726419107126,1
44,2022,12,2,1.7630387326722765,1.8524381524862865,1
44,2023,1,1,1.4532397671799486,1.4532397671799486,1
44,2023,2,1,1.1416344502756863,1.1416344502756863,1
44,2023,3,2,1.1416344502756863,1.1931324656618651,1
44,2023,4,2,0.4679600537705833,0.7211712616117116,1
44,2023,5,3,0.2700452595534525,1.3365895569814323,1
44,2023,6,1,1.616883039183339,1.616883039183339,1
44,2023,7,2,1.1439025010021544,1.2763119516525183,1
44,2023,8,3,0.8991356087446828,1.49462623656323,1
44,2023,9,1,1.2214532814621368,1.2214532814621368,1
44,2023,10,2,1.2671168063416232,1.7927263218181375,1
44,2023,11,2,0.424746893251126,0.8875142480318792,1
44,2023,12,1,1.012661409881091,1.012661409881091,1
44,2024,1,3,0.9578820765404354,1.1207894003415841,1
44,2024,2,3,0.8632710525716389,1.3031839357088904,1
44,2024,3,2,1.090269362657597,1.7163239553573535,1
44,2024,4,3,1.3335426073815562,1.6378110429131727,1
44,2024,5,1,1.8303900948871208,1.8303900948871208,1
44,2024,7,2,0.7800161387368485,1.1840393403438068,1
44,2024,9,1,0.4039223086002539,0.4039223086002539,1
44,2024,10,2,0.3267714329923875,1.155063785179172,1
44,2024,11,4,1.2504200589148315,1.7750522186298319,1
44,2024,12,1,0.0571465286474943,0.0571465286474943,1
45,2017,1,3,0.971682172016907,1.6818747832395762,1
45,2017,2,2,0.9963124228747088,1.5768217346892477,1
45,2017,3,3,0.7305914198111383,1.1888132177887887,1
45,2017,4,4,0.2023803167661397,0.892390590096293,1
45,2017,5,4,0.2115781572347219,1.490360577039786,1
45,2017,6,3,1.076972762957212,1.8316094770577604,1
45,2017,7,2,1.1546235290306506,1.642406121782975,1
45,2017,8,4,0.6942682419281258,1.3059218215399606,1
45,2017,9,1,0.9784870956662088,0.9784870956662088,1
45,2017,10,6,0.9499420312850853,1.4270177410818456,1
45,2017,11,5,0.6639943444720787,1.2088890505205678,1
45,2017,12,3,0.6316180697894231,1.0309999320258385,1
45,2018,1,3,0.1738575158500725,1.4516545758599142,1
45,2018,2,4,1.068121962405144,1.9579367756323127,1
45,2018,3,4,0.9304682014965476,1.131649799078012,1
45,2018,4,2,0.7307921387118186,0.7871995082331598,1
45,2018,5,2,0.5743958037551735,1.3938546322412453,1
45,2018,6,5,1.2275200976956508,1.8064702727521655,1
45,2018,7,2,0.7328663687365855,1.0326830991903502,1
45,2018,9,6,0.6658974682027125,1.265886900728894,1
45,2018,10,4,0.7305914198111383,1.6464346884913432,1
45,2018,11,2,0.8809567173148145,1.5166753934746344,1
45,2018,12,4,1.3079766043016572,1.638181597282887,1
45,2019,1,4,0.7348349209877374,1.6934374502242207,1
45,2019,2,1,0.9963124228747088,0.9963124228747088,1
45,2019,3,2,1.667797042865333,1.942422355028191,1
45,2019,4,3,1.8913731429880771,2.0934418106287374,1
45,2019,5,3,0.0528762781953187,1.0708973642775956,1
45,2019,6,1,0.8068511415533084,0.8068511415533084,1
45,2019,7,4,0.7298238459907528,1.284329049124899,1
45,2019,8,2,2.022624598553579,2.1198361328723143,1
45,2019,9,4,0.7348349209877374,1.3906654365213615,1
45,2019,10,2,0.2364287264822491,0.3962213704940974,1
45,2019,11,1,1.841108438860793,1.841108438860793,1
45,2019,12,5,1.8828014680917595,2.0542109304107004,1
45,2020,1,2,1.000885789629759,1.661064069154098,1
45,2020,2,4,0.0528762781953187,0.9115947741271928,1
45,2020,3,1,0.6653318072157468,0.6653318072157468,1
45,2020,5,4,0.6832177747095876,1.4120613107635924,1
45,2020,6,2,0.6653318072157468,1.1127424350935238,1
45,2020,7,1,2.271600648936898,2.271600648936898,1
45,2020,8,7,0.472996040468775,1.5672331645940656,1
45,2020,9,1,0.2115781572347219,0.2115781572347219,1
45,2020,10,1,2.1902862561190903,2.1902862561190903,1
45,2020,11,4,0.2115781572347219,1.2036843215495054,1
45,2020,12,4,0.3663090443815778,1.1550191974952755,1
45,2021,1,2,0.5397786797951256,0.6961008884798361,1
45,2021,2,3,0.4810172790344402,1.3858568893828298,1
45,2021,3,4,0.5692279092685589,1.1651992457058684,1
45,2021,4,1,2.1862342168466724,2.1862342168466724,1
45,2021,5,1,1.0582995382625662,1.0582995382625662,1
45,2021,6,2,1.423316855030268,1.5355431784245752,1
45,2021,7,2,0.8810922401862408,1.6532703961834123,1
45,2021,8,4,1.4947022699238257,1.603259314958406,1
45,2021,9,6,0.5999272211960157,1.6608702436870217,1
45,2021,10,3,0.2364287264822491,1.6636229005202339,1
45,2021,11,3,0.5397786797951256,1.5250384213700101,1
45,2021,12,3,1.2206833465010436,1.7516044970569915,1
45,2022,1,2,2.218848519207955,2.2618156815921253,1
45,2022,2,2,0.1338194895553439,1.177035122227061,1
45,2022,3,2,0.4580477738122429,0.7663753960758692,1
45,2022,4,1,1.776530410212006,1.776530410212006,1
45,2022,5,5,0.5338860561597597,0.8369883207219238,1
45,2022,6,5,0.4284160942557861,0.9247824172119021,1
45,2022,7,4,0.734835055014253,1.397289124256563,1
45,2022,8,3,0.741143121888713,1.2489175311272713,1
45,2022,9,4,0.23642874080951,0.8161441544846929,1
45,2022,10,5,0.6496838732322994,0.9083878201021355,1
45,2022,11,4,0.4729961032897247,1.57949196053397,1
45,2022,12,6,0.2346333193897373,1.1717721724679793,1
45,2023,1,8,0.7719917921522017,1.3311693570059446,1
45,2023,2,2,0.7361894594652019,1.414842430747781,1
45,2023,3,2,1.9225240078521568,2.0137265873583043,1
45,2023,4,8,0.3645553046284753,0.9781526006446609,1
45,2023,5,5,0.2341381074030354,0.8913178700884922,1
45,2023,6,7,0.7184624644808519,1.6637965057830026,1
45,2023,7,6,0.8854545578646328,1.687508264699546,1
45,2023,8,4,1.0724671067628837,1.4772895435939317,1
45,2023,9,5,0.7431381159989032,1.5511033640609897,1
45,2023,10,8,0.4757815743372409,1.366369140713748,1
45,2023,11,1,1.8038273681925645,1.8038273681925645,1
45,2023,12,6,0.8323361339417382,1.5141915764978489,1
45,2024,1,6,0.2534392158880837,1.111735191521752,1
45,2024,2,3,0.8044669191944448,1.3934919026694266,1
45,2024,3,4,0.2341381074030354,0.9806086321000651,1
45,2024,4,4,0.1286176968885223,0.6716962197305159,1
45,2024,5,5,0.5406664026267539,1.1343952288147814,1
45,2024,6,1,0.4685020327748794,0.4685020327748794,1
45,2024,7,2,0.9820023519520412,1.3252469414063188,1
45,2024,8,2,0.2336181681832279,0.9510548495219121,1
45,2024,9,5,0.6420272088488209,0.8621319490979019,1
45,2024,10,7,0.7670535774001503,1.4356973121723615,1
45,2024,11,2,2.273820773401672,2.332280322649558,1
45,2024,12,4,1.975104028765897,2.238210937944272,1
46,2017,1,3,0.9755684412131675,1.663748739990926,1
46,2017,2,2,0.9806124160082286,1.5613604576952158,1
46,2017,3,3,0.7168183823025578,1.1841986284349504,1
46,2017,4,4,0.1811818962586797,0.8873553762770103,1
46,2017,5,4,0.22811121395148,1.4883876353258503,1
46,2017,6,3,1.074217315139469,1.813547784984616,1
46,2017,7,2,1.1802179185954118,1.6401880222560652,1
46,2017,8,4,0.7165599351089005,1.3103227895729557,1
46,2017,9,1,0.9692528665791204,0.9692528665791204,1
46,2017,10,6,0.9347587083042296,1.4117832938959098,1
46,2017,11,5,0.6502741325521187,1.1963763057812997,1
46,2017,12,3,0.6179615427880358,1.0137222336163205,1
46,2018,1,3,0.1523731568670323,1.439776953342351,1
46,2018,2,4,1.0550163523279164,1.9378017890400505,1
46,2018,3,4,0.915682610040618,1.114540268711067,1
46,2018,4,2,0.7157107374966045,0.775035763288627,1
46,2018,5,2,0.561332599494663,1.400209771958596,1
46,2018,6,5,1.237535632347314,1.8002758578497116,1
46,2018,7,2,0.72162307614014,1.0127670039169991,1
46,2018,9,6,0.6886169259330199,1.2557404216444394,1
46,2018,10,4,0.7168183823025578,1.6245714370711424,1
46,2018,11,2,0.8780615408136218,1.5011022475261262,1
46,2018,12,4,1.289197052557186,1.6329779618640339,1
46,2019,1,4,0.7210720705092248,1.6705024838079572,1
46,2019,2,1,0.9806124160082286,0.9806124160082286,1
46,2019,3,2,1.696891670200704,1.944317255728305,1
46,2019,4,3,1.862091471342646,2.069925222479814,1
46,2019,5,3,0.0297141527359126,1.0500844672817418,1
46,2019,6,1,0.7979881284534426,0.7979881284534426,1
46,2019,7,4,0.7515913001304639,1.2877240199948048,1
46,2019,8,2,2.052145972838907,2.1219444070474065,1
46,2019,9,4,0.7210720705092248,1.3860979016572084,1
46,2019,10,2,0.216300331598738,0.3850807523270443,1
46,2019,11,1,1.837966368044661,1.837966368044661,1
46,2019,12,5,1.85883890276396,2.030692014104143,1
46,2020,1,2,0.986228442187706,1.6409456070010418,1
46,2020,2,4,0.0297141527359126,0.8981141023533271,1
46,2020,3,1,0.6880799761879921,0.6880799761879921,1
46,2020,5,4,0.669477601581083,1.3936264006545613,1
46,2020,6,2,0.6880799761879921,1.1391006107663095,1
46,2020,7,1,2.2478711430460327,2.2478711430460327,1
46,2020,8,7,0.4979940498336782,1.5652612200261813,1
46,2020,9,1,0.22811121395148,0.22811121395148,1
46,2020,10,1,2.1650758514233908,2.1650758514233908,1
46,2020,11,4,0.22811121395148,1.2022651585864688,1
46,2020,12,4,0.3510387840588569,1.1505385144024696,1
46,2021,1,2,0.5161707123222123,0.6771091583090607,1
46,2021,2,3,0.4540865073136049,1.378398365281045,1
46,2021,3,4,0.5665218741318847,1.15630017491985,1
46,2021,4,1,2.165116239856959,2.165116239856959,1
46,2021,5,1,1.031393757622887,1.031393757622887,1
46,2021,6,2,1.4533446536908017,1.536989642079714,1
46,2021,7,2,0.8687868449090621,1.6334900452634473,1
46,2021,8,4,1.5108058029647975,1.6183548524949019,1
46,2021,9,6,0.5865401583176054,1.6492228625033263,1
46,2021,10,3,0.216300331598738,1.6396806479400958,1
46,2021,11,3,0.5161707123222123,1.5007961989874383,1
46,2021,12,3,1.2023202008637082,1.7310276819614856,1
46,2022,1,2,2.2046438566597786,2.241465235126878,1
46,2022,2,2,0.1113211581778102,1.1593177240334167,1
46,2022,3,2,0.4379472941704775,0.7424026005023225,1
46,2022,4,1,1.7517005488360322,1.7517005488360322,1
46,2022,5,5,0.5072833787778445,0.8325523242430476,1
46,2022,6,5,0.4086591831910162,0.9130840308745831,1
46,2022,7,4,0.721072219188412,1.3897411933548112,1
46,2022,8,3,0.7154812753068609,1.2437629441570748,1
46,2022,9,4,0.2163003875785396,0.796922426986123,1
46,2022,10,5,0.6719148107666002,0.9047895159198006,1
46,2022,11,4,0.4979941270134725,1.5770313819004267,1
46,2022,12,6,0.2144553214631871,1.166677322440923,1
46,2023,1,8,0.7736186268177873,1.3300533693661376,1
46,2023,2,2,0.7165013217301676,1.3957441758371847,1
46,2023,3,2,1.9508265065420007,2.0154212189069316,1
46,2023,4,8,0.3492759681488248,0.9547710368637436,1
46,2023,5,5,0.2139052199307305,0.8837383530860798,1
46,2023,6,7,0.6923483901425342,1.659013506876544,1
46,2023,7,6,0.8708778988333424,1.683549675436991,1
46,2023,8,4,1.0756445945766755,1.4709940735583655,1
46,2023,9,5,0.7293434522745911,1.549088433547564,1
46,2023,10,8,0.500736234696732,1.361317286103172,1
46,2023,11,1,1.780287636357358,1.780287636357358,1
46,2023,12,6,0.8308806030225709,1.5087165026485545,1
46,2024,1,6,0.2338762957689081,1.1141858396598947,1
46,2024,2,3,0.7744299641961861,1.3699765231623067,1
46,2024,3,4,0.2139052199307305,0.9591706207414928,1
46,2024,4,4,0.1068840794065689,0.6513514304474077,1
46,2024,5,5,0.517082487637322,1.1179259958476349,1
46,2024,6,1,0.4555143431148175,0.4555143431148175,1
46,2024,7,2,0.9664606600900107,1.3320231987848477,1
46,2024,8,2,0.2133795394165308,0.9554826384481078,1
46,2024,9,5,0.6283409606602091,0.8416190039329535,1
46,2024,10,7,0.7609927300441224,1.4152000378101717,1
46,2024,11,2,2.303664153721119,2.3411402834231887,1
46,2024,12,4,1.9763648448473123,2.22032482489893,1
47,2017,1,11,0.9524695712098704,1.784504024534379,1
47,2017,2,11,0.4973456146842951,1.667293452747254,1
47,2017,3,11,1.1984392053377575,1.809260078632012,1
47,2017,4,11,0.8891205181914112,1.9561377146573833,1
47,2017,5,14,0.1880649597681683,1.5954009202818562,1
47,2017,6,10,0.4900102103845402,1.7819084044078433,1
47,2017,7,12,0.9452705949423996,1.6530648124105012,1
47,2017,8,15,0.4892440303630616,1.595891741222769,1
47,2017,9,13,1.044320633636293,1.905781530956927,1
47,2017,10,15,0.6918992266466787,1.5896668538250611,1
47,2017,11,12,0.4165050268700417,1.665692539000368,1
47,2017,12,16,0.296839135738135,1.945540192238567,1
47,2018,1,8,0.296839135738135,1.8169855360623406,1
47,2018,2,11,0.8482466586362563,1.510860521847462,1
47,2018,3,13,1.2467212897683853,1.8072831883646714,1
47,2018,4,9,0.4938598621775737,1.640749007826444,1
47,2018,5,12,0.3074374376670653,1.742996639346219,1
47,2018,6,9,0.3393278725159605,1.7762383369628891,1
47,2018,7,13,0.303988373132366,1.5770133597641744,1
47,2018,8,7,1.1953762988832408,1.8012038343287358,1
47,2018,9,13,0.7985448675791155,1.7280527633937888,1
47,2018,10,6,1.0059800568457933,1.5692712214424196,1
47,2018,11,11,0.5663588656698867,1.5347068329343563,1
47,2018,12,10,0.7985448675791155,1.5766773644814438,1
47,2019,1,14,0.296839135738135,1.7552847240463512,1
47,2019,2,16,0.1993510749430678,1.692538206030941,1
47,2019,3,13,1.052022068789244,1.7518634467426,1
47,2019,4,9,0.6672930175301721,1.7611976061071475,1
47,2019,5,17,0.4913465772369996,1.4484301878780395,1
47,2019,6,10,0.4299128907325536,1.3766435627941696,1
47,2019,7,10,1.0798235624194052,1.8104141858647587,1
47,2019,8,11,0.1036306054625107,1.7640585705857894,1
47,2019,9,23,0.7722270720813612,1.6373124657795146,1
47,2019,10,17,0.4823606933382556,1.8024899222864175,1
47,2019,11,8,0.9096757510997798,2.051187484025466,1
47,2019,12,12,0.6918992266466787,1.5327394723978138,1
47,2020,1,14,1.1865218101108566,1.8189325149681503,1
47,2020,2,14,0.9372606683120762,1.7370299117102472,1
47,2020,3,8,0.9441082017991712,1.4902841738594625,1
47,2020,4,8,1.1368601036084092,1.841432613319723,1
47,2020,5,12,0.4414873920992929,1.5676181524421364,1
47,2020,6,11,0.7631657858446177,1.4587919782542011,1
47,2020,7,13,0.1880649597681683,1.4627311187837682,1
47,2020,8,15,0.4112216924825708,1.5921794477679123,1
47,2020,9,16,0.6136087758196558,1.7110797226918364,1
47,2020,10,10,0.7041537111730128,1.6552949753805795,1
47,2020,11,9,1.052022068789244,1.7401310816680775,1
47,2020,12,12,0.2842887357284997,1.4788367059344412,1
47,2021,1,7,1.0059800568457933,1.8287839976384415,1
47,2021,2,7,1.1072797086900947,1.953363647299905,1
47,2021,3,8,0.3658430318283218,1.8774277584567283,1
47,2021,4,7,0.361168568309053,1.3114568415093317,1
47,2021,5,14,0.9006509171709872,1.707181544715673,1
47,2021,6,16,0.9096757510997798,1.9339405586486098,1
47,2021,7,8,0.7705898970618004,1.645782851758688,1
47,2021,8,10,1.322826085852724,1.9881804598131052,1
47,2021,9,22,0.361168568309053,1.602986091099804,1
47,2021,10,12,0.3951125655843388,1.6172808902690654,1
47,2021,11,14,0.1140620021334496,1.8900324188092181,1
47,2021,12,12,0.296839135738135,1.3013434795014283,1
47,2022,1,9,1.0735582660951,1.793883685235598,1
47,2022,2,13,0.4823606933382556,1.4556551720617372,1
47,2022,3,10,0.7618895833150029,1.7154719329216555,1
47,2022,4,18,0.3275290697571493,1.7483001354252936,1
47,2022,5,18,0.5608470063930275,1.562000138291731,1
47,2022,6,29,0.2904711349109571,1.6065566094801311,1
47,2022,7,12,0.4414872542503082,1.5257366622239743,1
47,2022,8,12,1.1326668895621477,1.5498942487530174,1
47,2022,9,21,0.1125331309066045,1.6170311995470357,1
47,2022,10,15,0.6089882286472684,1.2726350890473308,1
47,2022,11,24,0.2231090716169168,1.7688456775368782,1
47,2022,12,14,0.0277256664627138,1.4037062508699307,1
47,2023,1,11,0.4211956548526926,1.6025814843774526,1
47,2023,2,11,0.4823598300687542,1.4945683209887435,1
47,2023,3,10,1.0531297302362914,2.0073521737685915,1
47,2023,4,19,0.2123218513854509,1.7241989737160375,1
47,2023,5,24,0.1925283829380124,1.652102101994234,1
47,2023,6,21,0.0285207654001178,1.6801214093340495,1
47,2023,7,18,0.3879018686000862,1.498691491494871,1
47,2023,8,17,0.6452566039561753,1.5246339196057037,1
47,2023,9,22,0.4237564652912149,1.743121156895847,1
47,2023,10,16,0.5712960087920681,1.395280373861392,1
47,2023,11,18,0.3987519245887239,1.713988606753755,1
47,2023,12,7,1.2668097450210034,1.8467366482004564,1
47,2024,1,6,0.8180384258455099,1.560029547069007,1
47,2024,2,15,0.5710832998798305,1.578314865290778,1
47,2024,3,9,0.949836263247276,1.775678702044249,1
47,2024,4,11,0.4831326639337598,1.5284998480028038,1
47,2024,5,11,0.9322311466615236,1.7922332478173217,1
47,2024,6,19,0.9298128089686064,1.6636560280168187,1
47,2024,7,8,0.774058252000407,1.3243336173204645,1
47,2024,8,12,0.8958074912026862,1.7004420908371387,1
47,2024,9,18,1.2171731063809736,1.7051216121020323,1
47,2024,10,22,0.666099761786241,1.7252154324121498,1
47,2024,11,12,0.3853900222147872,1.5808692357132343,1
47,2024,12,10,1.066721248905858,1.809797768791056,1
48,2017,1,1,0.1343128715996684,0.1343128715996684,1
48,2017,3,2,2.0787371077067465,2.173801547974878,1
48,2017,4,2,0.1343128715996684,1.0195576065588328,1
48,2017,5,2,1.0317027920506956,1.6206116973155291,1
48,2017,6,3,1.4196806788588212,1.677415304882852,1
48,2017,7,2,1.60843132271232,1.69635257641871,1
48,2017,8,1,0.1343128715996684,0.1343128715996684,1
48,2017,9,2,0.1600533177190416,0.6323082121418667,1
48,2017,10,3,0.5110516294894971,1.552444048699417,1
48,2017,11,2,0.9746791512847014,1.5807295317542507,1
48,2018,1,1,2.0955792403008617,2.0955792403008617,1
48,2018,2,1,1.6977791401089464,1.6977791401089464,1
48,2018,3,2,0.9686208588462016,1.1774838662287161,1
48,2018,6,4,0.4590947195787818,1.381351088307151,1
48,2018,8,3,0.1366437260859958,0.538477429447225,1
48,2018,9,4,0.9640415349007458,1.2246102339339495,1
48,2018,10,3,0.8009007219943969,1.14784874472272,1
48,2018,11,3,0.9686208588462016,1.8492403754752544,1
48,2018,12,1,1.104563106564692,1.104563106564692,1
48,2019,1,1,2.319885331199746,2.319885331199746,1
48,2019,2,2,1.2136810857282885,1.5963056009816627,1
48,2019,3,3,1.0846109827859691,1.617583300816543,1
48,2019,4,2,2.223519787913628,2.3585503554917415,1
48,2019,5,1,1.0682210777652463,1.0682210777652463,1
48,2019,7,1,1.2136810857282885,1.2136810857282885,1
48,2019,8,1,2.366734661287407,2.366734661287407,1
48,2019,10,2,0.6044378434705325,0.6044378434705325,1
48,2019,11,3,1.0984417056553006,1.744560575982532,1
48,2019,12,3,0.0946118339438604,1.076591839851141,1
48,2020,1,2,1.9961045175065284,2.097887603713224,1
48,2020,4,1,0.7227237475018371,0.7227237475018371,1
48,2020,5,3,0.0979845731349511,1.5680752918813823,1
48,2020,7,3,1.00453776323237,1.7974407590319046,1
48,2020,8,1,0.1476496961480473,0.1476496961480473,1
48,2020,10,1,1.4041734529904613,1.4041734529904613,1
48,2020,11,1,1.2197465414570372,1.2197465414570372,1
48,2021,1,3,1.0984417056553006,1.5939747929343546,1
48,2021,2,1,1.8157367163026303,1.8157367163026303,1
48,2021,3,1,0.342029103441807,0.342029103441807,1
48,2021,4,3,0.1476496961480473,0.8778796647594841,1
48,2021,5,3,0.3121552882922508,1.4528099895233346,1
48,2021,6,2,1.9148047582639884,2.0956347585446644,1
48,2021,7,2,1.195879013944784,1.5554626083177632,1
48,2021,8,4,0.5787522968329313,1.2842031669610878,1
48,2021,10,1,1.4544989614270123,1.4544989614270123,1
48,2021,12,1,0.3739116820634858,0.3739116820634858,1
48,2022,1,1,1.9150462026907424,1.9150462026907424,1
48,2022,4,3,1.27716194264684,1.6487609458353443,1
48,2022,5,5,0.1465998684909158,0.8450484846176544,1
48,2022,6,6,0.0906132339997812,0.9694399159882717,1
48,2022,7,8,0.1043120393719768,0.9757586082574746,1
48,2022,8,2,0.1043120393719768,0.1193126453908549,1
48,2022,9,6,1.7931542204933384,2.184922815164269,1
48,2022,10,2,0.8304447459855375,1.4170385510557995,1
48,2022,11,1,2.33760359123679,2.33760359123679,1
48,2022,12,3,1.2741914293976793,1.7132449758491919,1
48,2023,1,3,1.3348349760930471,1.8614145837940645,1
48,2023,2,3,0.6214203571367245,1.1378242906043827,1
48,2023,3,4,1.461632624582677,1.7403760439110663,1
48,2023,4,1,1.7827422557632095,1.7827422557632095,1
48,2023,5,1,0.1023235058187259,0.1023235058187259,1
48,2023,6,2,0.5784503896265331,1.169459745357453,1
48,2023,7,2,1.2130538565276534,1.747117283869394,1
48,2023,8,2,0.3231798415542857,1.2017013691439091,1
48,2023,9,3,0.5768412935253665,1.53743028597148,1
48,2023,10,2,1.5006072656725145,1.559316558652746,1
48,2023,11,1,1.0675529493587943,1.0675529493587943,1
48,2023,12,1,2.198867271448212,2.198867271448212,1
48,2024,1,1,1.7842742283997155,1.7842742283997155,1
48,2024,4,3,0.1308055808580628,1.306165995180567,1
48,2024,5,1,1.9599118421737127,1.9599118421737127,1
48,2024,6,3,0.0979853472739607,1.3364530810694288,1
48,2024,8,2,1.0674561045521278,1.717298978411034,1
48,2024,9,5,0.273533250484859,0.6967087629891898,1
48,2024,10,2,0.9591145644628244,1.0803999703425633,1
48,2024,11,1,2.215063978876078,2.215063978876078,1
48,2024,12,1,2.137886214251488,2.137886214251488,1
49,2017,1,1,1.7134618977586,1.7134618977586,1
49,2017,2,1,2.388844659260618,2.388844659260618,1
49,2017,5,4,0.7269586856770051,1.392916849464616,1
49,2017,6,1,1.6699736307674071,1.6699736307674071,1
49,2017,8,2,0.7956432159624844,1.5443254772754096,1
49,2017,9,3,1.9415798827232496,2.2983325080821375,1
49,2017,11,1,1.052683829403806,1.052683829403806,1
49,2017,12,1,2.3177579886362425,2.3177579886362425,1
49,2018,1,1,2.30462047922731,2.30462047922731,1
49,2018,2,1,2.251370641170533,2.251370641170533,1
49,2018,3,1,1.8111533179955288,1.8111533179955288,1
49,2018,4,2,0.6656843814225538,1.2001447016126234,1
49,2018,5,1,1.3061062460234714,1.3061062460234714,1
49,2018,6,1,1.4650723712202205,1.4650723712202205,1
49,2018,7,3,1.052683829403806,1.8899312281433704,1
49,2018,8,2,0.2015800380500005,1.0515792531267272,1
49,2018,9,1,1.9011891904175329,1.9011891904175329,1
49,2018,10,3,0.4673806297877964,1.261556336970416,1
49,2018,11,1,2.3177579886362425,2.3177579886362425,1
49,2019,1,2,1.1814143234352552,1.5554460049541623,1
49,2019,2,1,2.2930077385883347,2.2930077385883347,1
49,2019,3,1,2.4397070827151186,2.4397070827151186,1
49,2019,4,1,1.743155485841306,1.743155485841306,1
49,2019,6,1,1.4748082945680976,1.4748082945680976,1
49,2019,7,1,1.9825069484730569,1.9825069484730569,1
49,2019,8,1,0.7985210472110564,0.7985210472110564,1
49,2019,9,2,1.9218725376041723,2.1039273757206316,1
49,2019,10,1,1.629063209660152,1.629063209660152,1
49,2019,12,5,0.1234067758240826,1.3173950090582671,1
49,2020,3,2,1.7950580654159516,1.9980870353369808,1
49,2020,4,1,2.407215996004721,2.407215996004721,1
49,2020,6,1,2.3646836739894748,2.3646836739894748,1
49,2020,7,1,2.4067788635869314,2.4067788635869314,1
49,2020,8,1,0.0979055639650331,0.0979055639650331,1
49,2020,9,3,0.847963812545173,1.4732512124203787,1
49,2020,10,1,2.1150227728145468,2.1150227728145468,1
49,2021,2,1,0.067314495716316,0.067314495716316,1
49,2021,4,1,1.9859769595520589,1.9859769595520589,1
49,2021,7,2,1.8209922211601148,1.8790398163975919,1
49,2021,10,1,1.7134618977586,1.7134618977586,1
49,2021,11,1,2.260508336320469,2.260508336320469,1
49,2021,12,1,1.653384865947807,1.653384865947807,1
49,2022,1,2,0.3273458295936652,0.891941104332292,1
49,2022,2,3,0.6644062073836293,1.2380528676210922,1
49,2022,3,2,1.4597527033770104,1.5954369442727057,1
49,2022,4,4,0.6055042539673943,1.4835166326185385,1
49,2022,5,3,0.2563298880673322,1.6730599827008066,1
49,2022,6,2,1.2512069010638327,1.3630074034071522,1
49,2022,7,3,1.1924528765905922,1.6723357140754282,1
49,2022,8,1,2.280577026041096,2.280577026041096,1
49,2022,9,1,1.547774266885772,1.547774266885772,1
49,2022,11,1,1.2832644738548955,1.2832644738548955,1
49,2022,12,1,2.475814434227765,2.475814434227765,1
49,2023,1,3,0.0625698815812415,0.6340547518555324,1
49,2023,3,2,0.0625698815812415,1.0379210858013126,1
49,2023,4,1,1.6699732538251475,1.6699732538251475,1
49,2023,5,2,0.9629721618296088,1.4706070603432966,1
49,2023,6,3,1.934543437799596,1.9958169414980613,1
49,2023,8,2,1.249162679275334,1.773400060903516,1
49,2023,9,1,0.0630533454372152,0.0630533454372152,1
49,2023,10,3,1.4741255014953507,1.756711955271488,1
49,2023,11,1,0.3703187691878364,0.3703187691878364,1
49,2023,12,1,0.9652884390636634,0.9652884390636634,1
49,2024,2,2,0.0630533454372152,1.1901576901678979,1
49,2024,3,2,0.3703187691878364,1.400429629992169,1
49,2024,4,1,1.6506230276490976,1.6506230276490976,1
49,2024,5,2,0.4487834748156215,0.9138710352573233,1
49,2024,6,5,0.0630533454372152,1.1281471375527796,1
49,2024,7,3,1.6101308996704802,2.0642089135597197,1
49,2024,8,1,2.248004058697808,2.248004058697808,1
49,2024,9,3,1.7497423393043148,1.9418044056201058,1
49,2024,10,6,0.7004940029060103,1.7683419387341954,1
49,2024,11,3,1.750899828791097,2.096207336176981,1
50,2017,1,2,2.150457514956884,2.1754454212379297,1
50,2017,2,7,0.1169822984997357,1.3902467531671052,1
50,2017,3,5,0.939647410382474,1.5173319230288684,1
50,2017,4,2,0.944930123986881,1.0472596756979402,1
50,2017,5,7,0.1167571050929842,1.6802871082106126,1
50,2017,6,9,0.919186228058299,1.846997958564498,1
50,2017,7,4,0.939647410382474,2.007736095221122,1
50,2017,8,5,1.179537774976989,1.8168780577233545,1
50,2017,9,4,1.2791555520750155,1.890674053777725,1
50,2017,10,10,0.8745930254062941,1.853818751399153,1
50,2017,11,6,0.919186228058299,1.8206957828425663,1
50,2017,12,4,1.4157109364608726,1.9665427308509433,1
50,2018,1,3,0.919186228058299,1.3530393971729644,1
50,2018,2,1,2.246598281726188,2.246598281726188,1
50,2018,3,3,0.2257486807717298,1.218453915934543,1
50,2018,5,7,0.8745930254062941,1.5272073940998343,1
50,2018,6,4,1.570080814277685,1.9452728112961886,1
50,2018,7,5,0.5385112766445647,1.3656765255496095,1
50,2018,8,4,1.1785203518029372,1.549722600413703,1
50,2018,9,4,1.0801830284258314,1.7060041922350102,1
50,2018,10,7,0.6305425857620968,1.574537839412984,1
50,2018,11,4,1.6700885905936909,2.069063950410298,1
50,2018,12,4,0.6203200973421747,1.302662338660611,1
50,2019,1,6,1.4763502593624025,2.1751917307244195,1
50,2019,2,7,0.2834308545587853,1.45704913291733,1
50,2019,3,4,0.5393707346576073,1.0166060516816777,1
50,2019,4,3,1.8427568318112997,2.185501976490397,1
50,2019,5,2,1.651422326902873,2.0054701795612226,1
50,2019,6,5,1.2784271025969451,1.9059304805025898,1
50,2019,7,4,0.151516290419839,1.2157311551509078,1
50,2019,8,4,1.1787122371176326,1.7896519924554424,1
50,2019,9,5,1.5189484885171596,1.986977084196548,1
50,2019,10,5,1.7540909741745958,2.290352539254265,1
50,2019,11,2,1.3481583931640746,1.8275415283594008,1
50,2019,12,8,1.0507228202701353,1.7243158547067199,1
50,2020,1,6,0.5941804671442826,1.6443493404161724,1
50,2020,2,4,2.0926752565473925,2.280631669522366,1
50,2020,3,3,1.6153973885579376,1.958892321460489,1
50,2020,5,6,0.9391275378023848,1.5057649046338693,1
50,2020,6,3,1.189439890847933,1.6502457478657329,1
50,2020,7,1,1.896130182999581,1.896130182999581,1
50,2020,8,4,1.6287904702138971,2.096008135112084,1
50,2020,9,4,0.6312009287111932,1.772225419109537,1
50,2020,10,7,0.9847176464908513,1.9018459755114816,1
50,2020,11,2,1.1504721578144257,1.521413495124875,1
50,2020,12,3,1.1744592296861385,2.0165930517894637,1
50,2021,1,3,0.7435490392436334,1.3597083653227096,1
50,2021,3,2,1.7432757326080308,2.1195347739481907,1
50,2021,4,2,1.2784271025969451,1.6232239036691072,1
50,2021,5,4,1.7432757326080308,2.084137776609521,1
50,2021,6,8,0.5612023635135949,1.5200946664119972,1
50,2021,7,3,1.4619116660319624,2.006465208065394,1
50,2021,8,5,0.9898276459603688,1.720558579484462,1
50,2021,9,5,0.8760022288755105,1.6475980998403936,1
50,2021,10,5,1.3874670650066818,2.0808394599880264,1
50,2021,11,3,2.1108344005428603,2.224396601266489,1
50,2021,12,5,0.8680079492153716,1.421950681266201,1
50,2022,1,4,1.5263444932785355,2.070565623992909,1
50,2022,2,3,0.437115565857313,1.5250787772759182,1
50,2022,3,5,1.1317957817554258,1.8658588371234388,1
50,2022,4,3,1.8883258551082336,2.065579653494508,1
50,2022,5,4,0.93912737480017,1.6562544162444608,1
50,2022,6,2,0.9588563234620938,1.502606631291338,1
50,2022,7,6,1.3150796805237774,2.0147626937840726,1
50,2022,8,3,1.0264337087158983,1.5206483199166216,1
50,2022,9,9,0.9650345207768544,1.7323665889998858,1
50,2022,10,5,1.4133783125529682,1.874737480983057,1
50,2022,11,4,1.853095315109932,2.1336993211768434,1
50,2022,12,3,1.2317202705011328,1.7423539598538706,1
50,2023,1,4,1.697754359966042,1.9485738995894066,1
50,2023,2,5,1.697754359966042,1.8301069941820427,1
50,2023,3,2,0.835734594218467,1.2667444770922545,1
50,2023,4,7,0.8340062179264484,1.5500071129051765,1
50,2023,5,4,1.004273735118323,1.491768182150592,1
50,2023,6,3,1.3844322553533277,1.819425232138016,1
50,2023,7,3,0.9563007520452056,1.926729284125881,1
50,2023,8,2,1.1324446128501373,1.7872565839882315,1
50,2023,9,3,1.572961470016418,2.146651915110126,1
50,2023,10,8,0.3045015746406724,1.5407049123065377,1
50,2023,11,1,0.8680079492153716,0.8680079492153716,1
50,2023,12,7,0.3964693011610681,1.6992685901316003,1
50,2024,1,3,1.0193703015260016,1.661730542491309,1
50,2024,2,1,1.1397922113886765,1.1397922113886765,1
50,2024,3,1,1.1932454622335498,1.1932454622335498,1
50,2024,4,4,0.8340062179264484,1.524906988501788,1
50,2024,5,5,0.7679150747094647,1.8978191937507116,1
50,2024,6,6,1.0658860870378812,2.0360830371362,1
50,2024,7,5,1.565290189776133,1.953611048869782,1
50,2024,8,2,2.17107718748563,2.2734829341276948,1
50,2024,9,8,1.415780087786245,2.1320214584274275,1
50,2024,10,3,1.6982834922789765,2.0672813295516215,1
50,2024,11,4,0.657339188392043,1.8142188810018653,1
50,2024,12,4,1.1108302549793685,1.8699501125223819,1
51,2017,1,2,2.1476753209727386,2.1706321611648782,1
51,2017,2,7,0.1205053255634731,1.3905587588701518,1
51,2017,3,5,0.9438444248283876,1.5174301603054436,1
51,2017,4,2,0.937464781101532,1.0489661635469751,1
51,2017,5,7,0.1251123444105709,1.682656093077042,1
51,2017,6,9,0.9144487713507876,1.8475428705528216,1
51,2017,7,4,0.9438444248283876,2.0092217696450705,1
51,2017,8,5,1.1783489982747346,1.8176303570771744,1
51,2017,9,4,1.2687978075670128,1.8858626963278085,1
51,2017,10,10,0.8704510007508275,1.856314045272913,1
51,2017,11,6,0.9144487713507876,1.8232523018783013,1
51,2017,12,4,1.4195960119572513,1.9703445792105443,1
51,2018,1,3,0.9144487713507876,1.348145675522041,1
51,2018,2,1,2.2377267155204845,2.2377267155204845,1
51,2018,3,3,0.2295070549251646,1.2153267278216386,1
51,2018,5,7,0.8704510007508275,1.5270537280170806,1
51,2018,6,4,1.5739208742599389,1.9437555724659465,1
51,2018,7,5,0.5486395836167138,1.370386573233648,1
51,2018,8,4,1.1828664475016406,1.5466878059845488,1
51,2018,9,4,1.0745216639176378,1.7056182877251373,1
51,2018,10,7,0.6347717920319448,1.5763965407826799,1
51,2018,11,4,1.6739164011248429,2.0705832630314376,1
51,2018,12,4,0.6164238326160176,1.3038766318418817,1
51,2019,1,6,1.4732474722843367,2.1777523034497475,1
51,2019,2,8,0.2794759815823515,1.585904981428693,1
51,2019,3,4,0.5494947756942558,1.020734754463369,1
51,2019,4,3,1.8465555967759075,2.191153009343502,1
51,2019,5,2,1.6563009216830602,2.0097852052728538,1
51,2019,6,5,1.268074149675451,1.904210639161834,1
51,2019,7,4,0.1551454059869002,1.2151844064149846,1
51,2019,8,4,1.1830578896353054,1.7922313001606884,1
51,2019,9,5,1.5119992072304005,1.9875843532763358,1
51,2019,10,5,1.7537003609463109,2.287555388899868,1
51,2019,11,2,1.3548113700364206,1.8318578759331587,1
51,2019,12,8,1.0558254695378455,1.724341032228124,1
51,2020,1,6,0.5831193396578204,1.6420566101739917,1
51,2020,2,4,2.0882689913219874,2.278986205014914,1
51,2020,3,3,1.6213726761030496,1.9589500456076943,1
51,2020,5,6,0.9433212212903628,1.5052287677063376,1
51,2020,6,3,1.17933125078809,1.6472568356512234,1
51,2020,7,2,1.9013528465756304,2.1994434251789374,1
51,2020,8,4,1.6227382816627554,2.095196099562904,1
51,2020,9,4,0.6354191588745876,1.7751251946871387,1
51,2020,10,7,0.9835997517358122,1.9007052709376429,1
51,2020,11,2,1.1459070396745406,1.5207678388382568,1
51,2020,12,3,1.178635039652126,2.0145682948191967,1
51,2021,1,3,0.7409484312315366,1.3606133288120796,1
51,2021,3,1,1.7380181268437749,1.7380181268437749,1
51,2021,4,2,1.268074149675451,1.619940635858641,1
51,2021,5,4,1.7380181268437749,2.084212827393504,1
51,2021,6,8,0.5716486204614173,1.5241247212967124,1
51,2021,7,3,1.4588979535145337,2.004270562458249,1
51,2021,8,5,0.9940203294973016,1.7219422920418044,1
51,2021,9,5,0.8718859747988492,1.6510252663813112,1
51,2021,10,5,1.3908621883821222,2.0796575042417764,1
51,2021,11,3,2.114606944919579,2.225086040822165,1
51,2021,12,5,0.8639144910607662,1.425680486915885,1
51,2022,1,4,1.5374594629774536,2.0758107863878923,1
51,2022,2,3,0.4331668628105703,1.5240781071762923,1
51,2022,3,5,1.1261067542202088,1.8637727028144444,1
51,2022,4,3,1.885627382846567,2.0675159289717553,1
51,2022,5,4,0.9433210624913008,1.6590525459840646,1
51,2022,6,2,0.9630497365616204,1.5058531674967996,1
51,2022,7,6,1.3192286053217577,2.016138518340353,1
51,2022,8,3,1.0375477957609096,1.5291229785113212,1
51,2022,9,9,0.969227855729645,1.7329379384378842,1
51,2022,10,5,1.417259341403176,1.8756025140009538,1
51,2022,11,4,1.8568927520440623,2.130727823632953,1
51,2022,12,3,1.2259301315710136,1.7407879493018328,1
51,2023,1,5,1.7015751396000498,2.0601926602791663,1
51,2023,2,5,1.7015751396000498,1.8339139090770797,1
51,2023,3,2,0.836247306175331,1.2689112228876904,1
51,2023,4,7,0.8231163928293025,1.5489332498975743,1
51,2023,5,4,1.0084642405784563,1.487515906648951,1
51,2023,6,3,1.3883464346215606,1.8188436930775655,1
51,2023,7,3,0.9557697551795612,1.9270023364545381,1
51,2023,8,2,1.136624216268215,1.791904059959836,1
51,2023,9,3,1.5779194788143531,2.1499708593145446,1
51,2023,10,8,0.3084417958522266,1.5420794124572594,1
51,2023,11,1,0.8639144910607662,0.8639144910607662,1
51,2023,12,7,0.400546061706893,1.7004191061698768,1
51,2024,1,3,1.0139526199347637,1.6595198184258007,1
51,2024,2,1,1.1439710157123784,1.1439710157123784,1
51,2024,3,1,1.19445793664155,1.19445793664155,1
51,2024,4,4,0.8231163928293025,1.5218767472263262,1
51,2024,5,5,0.7639952209487062,1.8982816459524579,1
51,2024,6,6,1.0700748279125214,2.0363213199842893,1
51,2024,7,5,1.569127729814015,1.9515308707167087,1
51,2024,8,2,2.1787671350237394,2.279215403272951,1
51,2024,9,8,1.4196669212616948,2.1336317839371772,1
51,2024,10,3,1.6888504925464327,2.0657650963342786,1
51,2024,11,4,0.6615684844741305,1.8165025523981686,1
51,2024,12,4,1.1059114735679814,1.8662589279094712,1
52,2017,1,11,0.6787335939772439,1.6883155958065827,1
52,2017,2,16,1.357947203551514,1.8844675411943808,1
52,2017,3,20,0.4378192623287829,1.8109564137244596,1
52,2017,4,12,0.7699926504499535,1.868927471356819,1
52,2017,5,16,0.6564714655027142,1.7258170657635898,1
52,2017,6,17,0.9805140284571778,1.8072248934649637,1
52,2017,7,10,0.6787335939772439,1.6933552782204917,1
52,2017,8,18,0.6282568864430738,1.5952649616804846,1
52,2017,9,20,0.602366288424867,1.8559167772465166,1
52,2017,10,13,0.9145056581577112,1.9448369684083302,1
52,2017,11,14,0.3295428438879623,1.6220617310875158,1
52,2017,12,16,1.1803705669500923,1.8699400428246689,1
52,2018,1,9,0.2285605610302623,1.4961783792698757,1
52,2018,2,12,0.2267571578438302,1.2749735010877508,1
52,2018,3,13,0.684602359859656,1.7914761343284757,1
52,2018,4,20,0.4937470640652727,1.6702988875620783,1
52,2018,5,15,0.2895110933439924,1.9822921982639972,1
52,2018,6,11,0.1145204773394853,1.4519825851977473,1
52,2018,7,9,0.2554551330810186,1.5313883521364446,1
52,2018,8,13,0.2789473206642921,1.5636645800783207,1
52,2018,9,10,0.5305795117033972,1.3787541567449648,1
52,2018,10,19,0.798315030966984,1.6996932295713585,1
52,2018,11,17,0.4653811020605709,1.5966277481113527,1
52,2018,12,12,0.6890919173102353,1.7184367084060845,1
52,2019,1,13,0.7953997676367409,1.8467492330720536,1
52,2019,2,11,0.2285948199465151,1.7007311707521402,1
52,2019,3,11,0.6265647956148387,1.6663764331939896,1
52,2019,4,17,0.8028829648059509,1.7689857272376828,1
52,2019,5,11,1.014405709632216,1.7140381278576706,1
52,2019,6,18,0.5918663027879525,1.7850911490384958,1
52,2019,7,15,0.514267899368567,1.6914178676035896,1
52,2019,8,16,0.7414194670457248,1.6436850069385742,1
52,2019,9,11,1.2044842745885835,1.973644196897873,1
52,2019,10,9,1.1669304767397153,1.88503834400838,1
52,2019,11,8,1.651741878577063,1.9835000297304024,1
52,2019,12,9,0.0465936026314612,1.9531888471814567,1
52,2020,1,13,1.2462583966947551,1.731436401056763,1
52,2020,2,16,1.1693967102824163,1.9036807385621766,1
52,2020,3,11,0.2511880981224165,1.2266053084609807,1
52,2020,4,2,1.3354637573888215,1.5676023899254592,1
52,2020,5,5,1.528266299728828,1.7778959278866449,1
52,2020,6,11,0.2457771177775056,1.7032374980598832,1
52,2020,7,11,0.7874372017454071,1.579596148931074,1
52,2020,8,8,1.0375587906959902,1.9372699909140676,1
52,2020,9,12,0.7181573688507863,1.5989024352377161,1
52,2020,10,12,0.6728511395076101,1.5972229773346476,1
52,2020,11,9,0.3973054038091387,1.6561185781527454,1
52,2020,12,9,0.6905576442430283,1.606623122707652,1
52,2021,1,5,0.5361349756029339,1.4807167246232709,1
52,2021,2,9,0.8312950942158986,1.7905797701832635,1
52,2021,3,9,0.5795263910714213,1.6740047642129854,1
52,2021,4,10,1.4254333991925878,2.0486078333818796,1
52,2021,5,11,0.9100886745118026,1.6848047032623215,1
52,2021,6,9,0.1715996269259536,1.779290797809785,1
52,2021,7,11,0.9989788146726948,1.7233261117290086,1
52,2021,8,7,0.5579429310919286,1.6317442751325086,1
52,2021,9,16,0.2240957027614604,1.771299510998432,1
52,2021,10,19,0.9944874099754132,2.0465496039486304,1
52,2021,11,9,1.0964963216366257,1.817304450172518,1
52,2021,12,6,1.1699198711069427,1.6918221185444482,1
52,2022,1,10,1.542688268604722,1.9400326848596674,1
52,2022,2,16,1.1514226234603644,2.0598694734701923,1
52,2022,3,16,0.228595227394431,1.7036677766451116,1
52,2022,4,15,1.008203002230558,1.7964185872672325,1
52,2022,5,26,0.2285952368516227,1.733372051001448,1
52,2022,6,8,1.046536647905464,1.697062210775608,1
52,2022,7,15,0.6682172016202621,1.6146653414985377,1
52,2022,8,16,0.5579432556381424,1.618635524218009,1
52,2022,9,19,0.4718967874814403,1.5941459816761991,1
52,2022,10,14,0.036539506229796,1.7239990001721284,1
52,2022,11,16,0.6905578438416224,1.706980096805488,1
52,2022,12,13,1.506598250985742,2.056950491028594,1
52,2023,1,6,1.9358048153816168,2.1783265866040287,1
52,2023,2,8,1.0320567261304456,1.6413174115155789,1
52,2023,3,18,1.008203012619383,1.8009752639397272,1
52,2023,4,14,0.0484342491092603,1.7442777855818312,1
52,2023,5,18,0.5706715429904587,1.570192915818746,1
52,2023,6,14,0.1608746508150268,1.4879959106047795,1
52,2023,7,12,1.5641562009735694,2.0825989344681664,1
52,2023,8,16,1.0043498088703238,1.8369806371235744,1
52,2023,9,19,0.6144001529667945,1.635875430300154,1
52,2023,10,16,0.4455088984492905,1.875141229139616,1
52,2023,11,19,0.5930583370450511,1.5004541368711504,1
52,2023,12,10,1.0081109745660828,1.8276214328947067,1
52,2024,1,14,0.2568132194957897,1.5462464838429006,1
52,2024,2,9,0.6728511211033699,1.8755804483271394,1
52,2024,3,17,1.1154284318045813,1.7375613146204094,1
52,2024,4,5,0.2592015726001352,1.6421023754752526,1
52,2024,5,16,0.2285952852988824,1.5603384892069958,1
52,2024,6,15,1.314668953032914,1.9271245679013191,1
52,2024,7,14,1.067960858182208,1.9279715185951272,1
52,2024,8,10,0.5585294820787826,1.9678433843859082,1
52,2024,9,11,0.3495900964470501,1.714424886098187,1
52,2024,10,18,0.8421543415633221,1.8096974551711815,1
52,2024,11,13,0.0484342491092603,1.7543589131074495,1
52,2024,12,8,0.8812595607957624,1.5613976692180729,1
53,2017,1,8,0.653488609438449,1.3607519070183778,1
53,2017,2,16,1.448526738175727,2.0225238551540676,1
53,2017,3,15,0.8099015579962003,1.5961096393927072,1
53,2017,4,10,0.851789902219798,1.6938731708334456,1
53,2017,5,14,0.9319795598912916,1.9465105029315073,1
53,2017,6,14,0.8192557229996311,1.805425428604045,1
53,2017,7,13,0.7854304865202691,1.7913741273797692,1
53,2017,8,13,0.0957863198497724,1.482497934449095,1
53,2017,9,17,0.2619455487911307,1.544389774932507,1
53,2017,10,11,0.3287576108924129,1.806266641293063,1
53,2017,11,17,0.3120601105811238,1.9032447326288775,1
53,2017,12,18,1.030801411283049,1.7507935479521708,1
53,2018,1,8,0.7182938755890873,1.6032467922036209,1
53,2018,2,14,0.0546145038340862,1.4523813998848776,1
53,2018,3,13,0.9881663049619406,1.7355439312882885,1
53,2018,4,21,0.0862613187435329,1.4973758192232576,1
53,2018,5,16,1.1773534528416074,1.8083363686850022,1
53,2018,6,12,0.6908956496055395,1.4344868940133162,1
53,2018,7,9,1.0234828402620777,1.7052322644399664,1
53,2018,8,11,0.8838786970187598,1.4149581558691404,1
53,2018,9,11,0.444945837374764,1.7049497066965953,1
53,2018,10,16,0.7720056133789822,1.8617864377727533,1
53,2018,11,14,0.7737797380511735,1.777117178111016,1
53,2018,12,12,0.3120601105811238,1.6565396867576483,1
53,2019,1,15,0.7876870005562415,1.9701308072850838,1
53,2019,2,12,0.9244709348231476,1.8307650509600386,1
53,2019,3,11,0.3979713668975683,1.6513078211917447,1
53,2019,4,15,1.0674839017654043,1.9246769538988147,1
53,2019,5,13,0.7435324481873867,1.638690698613811,1
53,2019,6,14,0.4846338531030721,1.7631114025292607,1
53,2019,7,14,0.9323015794767424,1.6564346446515794,1
53,2019,8,12,0.851789902219798,1.6705357298433068,1
53,2019,9,8,1.7091216370628108,2.005697548070305,1
53,2019,10,9,0.9982931218983075,1.7960482812883025,1
53,2019,11,7,1.0518642568037426,1.4459468475694304,1
53,2019,12,8,0.9779023507403432,1.8605043399113037,1
53,2020,1,12,0.3451651644730419,1.7229242537300895,1
53,2020,2,14,1.005678352908166,1.9855357859852436,1
53,2020,3,11,0.4449234637048967,1.1936662459699592,1
53,2020,4,2,0.93853847276813,0.9952013647859363,1
53,2020,5,6,0.9055191790835048,1.715379271357385,1
53,2020,6,10,0.8917747040548334,1.4382451743665734,1
53,2020,7,12,0.6350070770860625,1.7361679215260066,1
53,2020,8,8,0.5815438529042422,1.6642167383477682,1
53,2020,9,10,0.2980606138576051,1.7637949708905534,1
53,2020,10,13,0.059950975093986,1.49871363333672,1
53,2020,11,9,0.2544697055422117,1.48517611045745,1
53,2020,12,9,1.074032122256381,1.7737032503935148,1
53,2021,1,6,0.6949171760359907,1.8791736084682051,1
53,2021,2,10,0.3472719443234566,1.7236564308103854,1
53,2021,3,8,0.0525880679724456,1.3769368490035971,1
53,2021,4,7,0.8917747040548334,1.5174445755700294,1
53,2021,5,14,1.4497035973430543,1.9856569618026825,1
53,2021,6,9,0.9881903898613998,1.6385128576610473,1
53,2021,7,11,0.71562307421255,1.6649691296228957,1
53,2021,8,8,0.4456168563208353,1.6629068332022505,1
53,2021,9,13,0.4456168563208353,1.6215411774467463,1
53,2021,10,17,0.7068325619067122,1.8486534179414595,1
53,2021,11,11,1.7303533661820376,2.101230792304391,1
53,2021,12,4,0.8917747040548334,1.2802595882101784,1
53,2022,1,9,1.6121790399311764,2.0350123450990636,1
53,2022,2,14,0.6534776150566483,1.8932532946497638,1
53,2022,3,16,0.5841625600034154,1.6619813283649576,1
53,2022,4,12,0.6658581211355802,1.5315926484015527,1
53,2022,5,22,0.4812143333338865,1.5968615794258658,1
53,2022,6,11,1.0568837084964375,1.8301443394777586,1
53,2022,7,15,0.6439806398883245,1.7624715284075088,1
53,2022,8,18,0.2476813196012636,1.6646484707275548,1
53,2022,9,22,0.6672823472399658,1.8154042586687344,1
53,2022,10,13,1.009845634257348,1.8716209931890284,1
53,2022,11,17,0.5240016105264642,1.762867005647664,1
53,2022,12,10,1.0638418631533313,1.8282811104077896,1
53,2023,1,6,1.8290763859166643,2.082002461323578,1
53,2023,2,9,0.8343756629124649,1.8470773694438616,1
53,2023,3,15,0.6658581523732673,1.906420551244891,1
53,2023,4,14,0.9772107377141466,1.8099552133474057,1
53,2023,5,15,0.4530183366190817,1.3556270961109338,1
53,2023,6,12,0.4055978843367369,1.7077616019652802,1
53,2023,7,12,1.1911377808968049,1.8499886686600358,1
53,2023,8,15,0.9956630778262284,1.5562395457643547,1
53,2023,9,19,0.584146921782488,1.6148018201192709,1
53,2023,10,16,0.7294647689514175,1.9097541491901122,1
53,2023,11,19,0.7774366508313852,1.5122581160138957,1
53,2023,12,8,1.5615639345930832,2.0552596847053133,1
53,2024,1,14,0.7524632713788537,1.735955576597031,1
53,2024,2,9,1.0259253662324654,1.8689652824874987,1
53,2024,3,17,0.4368607383383701,1.6877738420089146,1
53,2024,4,6,0.7453160302404859,1.7208259214407982,1
53,2024,5,16,0.4404453696815302,1.3911884976772728,1
53,2024,6,15,1.2748862529506542,2.0890684010728013,1
53,2024,7,12,0.315460118925952,1.8436032422711606,1
53,2024,8,9,0.4450131397732212,1.8454530387430144,1
53,2024,9,12,0.8166883025778949,1.8559224808283599,1
53,2024,10,21,0.9958496319915412,2.0122435646174672,1
53,2024,11,14,0.4368607383383701,1.641712175848297,1
53,2024,12,10,0.5920061903217019,1.5926622590304162,1
54,2017,1,8,0.66777800066283,1.3604762937310648,1
54,2017,2,16,1.4625099099997023,2.017633751327884,1
54,2017,3,15,0.7951119263920957,1.5944033878067638,1
54,2017,4,11,0.8398427378359306,1.763655449003043,1
54,2017,5,14,0.9187862390018438,1.9380702026602585,1
54,2017,6,14,0.8112933390664467,1.7988906117305785,1
54,2017,7,13,0.7775137483492872,1.7907327849586065,1
54,2017,8,13,0.0891215854622062,1.4738082029903987,1
54,2017,9,17,0.2655417362500083,1.5414314909756452,1
54,2017,10,12,0.3203662011689882,1.8640070772780828,1
54,2017,11,17,0.2969692306145667,1.8966349849411055,1
54,2017,12,18,1.023529551462068,1.7504296106559556,1
54,2018,1,8,0.7105937804259784,1.5959454806377973,1
54,2018,2,14,0.0481933008088888,1.4465454964300704,1
54,2018,3,13,1.0009398287971305,1.7314567465427226,1
54,2018,4,21,0.0906691802764716,1.496008505333007,1
54,2018,5,17,1.1619991369466816,1.848174303737709,1
54,2018,6,12,0.6769155668351238,1.431148232293486,1
54,2018,7,9,1.0125266012364291,1.7001781899030493,1
54,2018,8,11,0.8709284565694275,1.4096932853713582,1
54,2018,9,11,0.4300586769308381,1.6959694960474891,1
54,2018,10,16,0.7642624342213258,1.852856371861971,1
54,2018,11,14,0.7590991143233708,1.768673285152845,1
54,2018,12,12,0.2969692306145667,1.6527667372264334,1
54,2019,1,15,0.7797608837554733,1.9645955726942304,1
54,2019,2,12,0.9167451318453772,1.8268012305742989,1
54,2019,3,11,0.38410790595546,1.6472506666598732,1
54,2019,4,15,1.072479095205619,1.91693085598605,1
54,2019,5,13,0.7358931317982963,1.6356474358823165,1
54,2019,6,14,0.4697579513598763,1.758546278683974,1
54,2019,7,14,0.9191075909880712,1.6523325134537237,1
54,2019,8,12,0.8398427378359306,1.663440657621585,1
54,2019,9,8,1.7099143677468795,2.0012935133616505,1
54,2019,10,9,0.9911194454887444,1.7934117382199064,1
54,2019,11,7,1.0579238765572978,1.4471567489218682,1
54,2019,12,8,0.9628725269655756,1.8565027008015227,1
54,2020,1,12,0.3528830528762094,1.718329660035334,1
54,2020,2,14,1.0035913885292185,1.9802190498325467,1
54,2020,3,11,0.4300466382636215,1.186410098285277,1
54,2020,4,2,0.9352886142441806,0.9966062454007392,1
54,2020,5,6,0.9147863073739572,1.7147809930012514,1
54,2020,6,10,0.8913479787518738,1.4361984451697067,1
54,2020,7,12,0.625415435798973,1.7320518603634933,1
54,2020,8,8,0.5757809171675392,1.6658892825839144,1
54,2020,9,10,0.284478441113661,1.7534487586234906,1
54,2020,10,13,0.0653889444169305,1.4941708525532333,1
54,2020,11,9,0.2463660937429722,1.4823654106237687,1
54,2020,12,9,1.0606218627790949,1.76840165088854,1
54,2021,1,6,0.6805877009369375,1.8712026125397083,1
54,2021,2,10,0.3360056521649293,1.7207630763031243,1
54,2021,3,8,0.046277642963568,1.3732870243007635,1
54,2021,4,7,0.8913479787518738,1.5186666720387596,1
54,2021,5,14,1.4462046868478944,1.9804544310828465,1
54,2021,6,9,1.000962445149392,1.636947780685277,1
54,2021,7,11,0.7078877013091226,1.6622931604326951,1
54,2021,8,8,0.4307294696462653,1.659148697320189,1
54,2021,9,13,0.4307294696462653,1.6194456478867232,1
54,2021,10,17,0.6990705035185301,1.8463816333037968,1
54,2021,11,11,1.7166267892165403,2.09572117840479,1
54,2021,12,4,0.8913479787518738,1.2746922297829943,1
54,2022,1,9,1.625362516985709,2.0327678661072586,1
54,2022,2,14,0.6677670538236479,1.8919748676304071,1
54,2022,3,16,0.5710907011922809,1.6578861279035468,1
54,2022,4,12,0.6586860660972754,1.5281751256308684,1
54,2022,5,22,0.4663348018794246,1.5929709918733672,1
54,2022,6,11,1.05219936062561,1.8276177066847397,1
54,2022,7,15,0.6505251155585546,1.7558404254719082,1
54,2022,8,17,0.2323919349163696,1.6106267724339236,1
54,2022,9,22,0.6590188184600252,1.8090095142402987,1
54,2022,10,13,0.9946137084245504,1.867198339702386,1
54,2022,11,17,0.5148956996901388,1.7577431683476032,1
54,2022,12,10,1.0699665731587136,1.8253943290595598,1
54,2023,1,6,1.8274177128460505,2.0791331788260976,1
54,2023,2,9,0.8263561359822972,1.8436051616303861,1
54,2023,3,15,0.6586860973227173,1.899257501312864,1
54,2023,4,14,0.9621866337278204,1.8045272998107331,1
54,2023,5,15,0.4451376143457284,1.3555736753979635,1
54,2023,6,12,0.3902289246368746,1.7011537823784433,1
54,2023,7,12,1.1907530836544031,1.8488451259133132,1
54,2023,8,15,0.9884856859392298,1.5541619383093628,1
54,2023,9,19,0.5710669092064361,1.6096164549855783,1
54,2023,10,16,0.7202445156964002,1.904117346806604,1
54,2023,11,19,0.7696686595995297,1.5084594476912458,1
54,2023,12,8,1.550982215179767,2.0481744504640997,1
54,2024,1,14,0.7375519333119046,1.7295365515078278,1
54,2024,2,9,1.0125262794320422,1.8652910849969142,1
54,2024,3,17,0.4405683865507688,1.6849043997309667,1
54,2024,4,6,0.7300583578156186,1.71888565760565,1
54,2024,5,16,0.4259334456955406,1.3869189380814915,1
54,2024,6,15,1.2772052897016182,2.085909803507877,1
54,2024,7,12,0.319309472051116,1.8387509651174974,1
54,2024,8,9,0.4301250856864826,1.842968636605052,1
54,2024,9,12,0.8032195904473481,1.8548902878325562,1
54,2024,10,21,0.988671887029393,2.00799935255502,1
54,2024,11,14,0.4405683865507688,1.6399981482824553,1
54,2024,12,10,0.5825190002393397,1.5907187731892163,1
55,2017,1,5,0.4165801406463716,1.0480061742432283,1
55,2017,2,1,2.276127666840201,2.276127666840201,1
55,2017,3,8,1.1866470831400766,1.7240885621348465,1
55,2017,4,5,1.2387976727509835,1.6688762760625386,1
55,2017,5,4,0.8639965526379672,1.659968047777964,1
55,2017,6,10,1.1239887422984287,1.460931730135201,1
55,2017,8,3,1.1925412690022816,1.6114737178281613,1
55,2017,9,3,1.566625877886882,2.035696543141439,1
55,2017,10,6,0.150120542738165,1.522847239470693,1
55,2017,11,2,1.577643075230533,1.6660670929486783,1
55,2017,12,5,0.9346402542483084,1.800338676705462,1
55,2018,1,5,0.3110726698408146,1.3182021284637861,1
55,2018,2,5,0.8943834777174132,1.2917668342094213,1
55,2018,3,7,0.6827058988115504,1.6034976048787597,1
55,2018,4,3,1.061139869030409,1.858461175118953,1
55,2018,5,3,0.150120542738165,1.3929258983488229,1
55,2018,6,5,0.7577860019438425,1.4779965995540858,1
55,2018,7,3,1.2794219095438717,1.595855146194676,1
55,2018,8,4,1.347873588338295,1.5783509871617831,1
55,2018,9,5,0.3967640373329337,1.1576262722860453,1
55,2018,10,5,0.0895233381056256,1.4001078518555656,1
55,2018,11,3,1.47453722920979,1.717967390523711,1
55,2018,12,7,1.1925412690022816,1.7756366018363179,1
55,2019,1,5,1.0536020446812808,1.644460229120794,1
55,2019,2,5,0.6047840026592094,1.5561123417214175,1
55,2019,3,6,0.130758200862247,1.2963590753961742,1
55,2019,4,5,1.1527296266609253,1.5766454423954734,1
55,2019,5,4,0.6463959577523021,1.3911034365714423,1
55,2019,6,4,0.4140297598293477,1.525858500118558,1
55,2019,7,1,1.565902765122245,1.565902765122245,1
55,2019,8,3,0.7649339189457809,1.3628967456169965,1
55,2019,9,3,0.5578210330046032,1.0920718963602172,1
55,2019,10,5,0.720593815506179,1.346599550576975,1
55,2019,11,4,1.0029196395809128,1.5370321988981714,1
55,2019,12,3,1.2498133794180526,1.7125283553128419,1
55,2020,1,5,1.154085636371473,1.385321919959342,1
55,2020,2,5,1.4622088223466798,1.8430968821391698,1
55,2020,3,4,0.4550252882496054,1.474211088476279,1
55,2020,4,1,1.2218539553800922,1.2218539553800922,1
55,2020,5,4,0.4654380118440783,1.1464358231071845,1
55,2020,6,1,0.486573964918993,0.486573964918993,1
55,2020,7,3,0.9346639590628796,1.503943118886448,1
55,2020,8,4,0.5940881481414683,1.363388102252666,1
55,2020,9,4,0.6058104370281789,1.3255553331284933,1
55,2020,10,7,1.1046985857677665,1.6186585230883581,1
55,2020,11,3,1.476493344768537,1.5352785810564695,1
55,2020,12,4,0.2015247456513993,1.0623028789025075,1
55,2021,1,3,1.358045069617226,1.7014581903106982,1
55,2021,2,4,0.6058104370281789,1.4782564412746209,1
55,2021,3,4,1.1395117411573814,1.618418147737278,1
55,2021,4,4,0.5826048033713814,1.5297801829730913,1
55,2021,5,2,0.915361649368707,1.0825875143933799,1
55,2021,6,7,1.528082698766701,1.796125763607313,1
55,2021,7,5,1.089397633650001,1.479474018844115,1
55,2021,8,6,1.0494180270785374,1.5157532860733383,1
55,2021,9,1,1.053250842214667,1.053250842214667,1
55,2021,10,5,0.1695593464568889,0.9870450062547349,1
55,2021,11,8,1.51338791559597,1.8962720535176045,1
55,2021,12,2,0.7450325439317562,1.2177637256301255,1
55,2022,1,2,1.148470954340403,1.4941413167486213,1
55,2022,2,2,1.4544382352056568,1.610052868476345,1
55,2022,3,5,0.0979932478471851,1.0570274715245145,1
55,2022,4,4,0.289738182236622,1.0965946755045768,1
55,2022,5,2,1.6529674711087,1.683453288589749,1
55,2022,6,7,0.2207314858753035,1.167120948417222,1
55,2022,7,2,1.440294491165053,1.5686570647997382,1
55,2022,8,2,1.2222060391844618,1.4277760453100075,1
55,2022,9,3,0.5785542232211413,1.3474583277687266,1
55,2022,10,2,1.526485582243268,1.8009821302086864,1
55,2022,11,3,0.149574239944794,1.3423642732551544,1
55,2022,12,4,0.9827852647410475,1.7223664855696812,1
55,2023,1,3,1.5659030520663455,1.8981370932935906,1
55,2023,2,3,0.5624983282049727,1.4455123850136218,1
55,2023,3,6,1.0246096004685092,1.8611589995586024,1
55,2023,4,2,0.6058101074143805,1.0726544324849256,1
55,2023,5,4,0.1908145848387944,0.9595978401612778,1
55,2023,6,7,0.2891664029877605,1.1984850689909619,1
55,2023,8,5,0.6463955917074021,1.414578831533309,1
55,2023,9,7,0.6971423978675922,1.4622347007013443,1
55,2023,11,4,1.304584215249607,1.571144915273744,1
55,2024,1,2,1.5394987575554708,1.6898969627781137,1
55,2024,2,5,0.1691470193552457,1.4035091499556318,1
55,2024,3,5,1.1307700284511593,1.7078494768573993,1
55,2024,4,2,1.838360123277457,2.1565127562161894,1
55,2024,5,4,0.9200178493039728,1.5476101793188515,1
55,2024,6,3,0.6495477468679799,1.4935823959476657,1
55,2024,7,3,0.6393717868316098,1.2274071615669133,1
55,2024,8,4,1.4489558790971655,1.6485416312685885,1
55,2024,9,5,0.0146917205652868,1.2779311370499025,1
55,2024,10,4,0.2459497860152909,0.6525170893249894,1
55,2024,11,2,1.283816882294282,1.524722854994702,1
55,2024,12,3,1.2498650030401457,1.4209500317491488,1
56,2017,1,5,0.4199774132028807,1.0514105022042657,1
56,2017,2,1,2.2928037266456025,2.2928037266456025,1
56,2017,3,8,1.20036921994449,1.7284228971220839,1
56,2017,4,5,1.256719634938266,1.6704998056780678,1
56,2017,5,4,0.8673864545562936,1.6651270474074054,1
56,2017,6,10,1.1260439868221606,1.4657392309428434,1
56,2017,8,3,1.205884508011719,1.6172279280451096,1
56,2017,9,3,1.5591742512543951,2.0302250120530103,1
56,2017,10,6,0.1463762270221473,1.53019686914773,1
56,2017,11,2,1.5799886118598852,1.6732130338628963,1
56,2017,12,5,0.9333679667062676,1.8076342132667116,1
56,2018,1,5,0.3074574823152891,1.3203306736659186,1
56,2018,2,5,0.8934940138627661,1.2957196531454889,1
56,2018,3,7,0.685848739464307,1.6079795374258026,1
56,2018,4,3,1.078375227562999,1.8710142139778123,1
56,2018,5,3,0.1463762270221473,1.3903308811936492,1
56,2018,6,5,0.7572006169365529,1.4816965048978326,1
56,2018,7,3,1.2808754466917922,1.6060076332149433,1
56,2018,8,4,1.330654770940281,1.5771069596943743,1
56,2018,9,5,0.3933271191602615,1.1598368912883052,1
56,2018,10,5,0.0856444035284011,1.40099579543973,1
56,2018,11,3,1.4822666656859875,1.7211846883809834,1
56,2018,12,7,1.205884508011719,1.780658432009749,1
56,2019,1,5,1.051001518201379,1.6453344945870092,1
56,2019,2,5,0.6082969952065711,1.5652217609733632,1
56,2019,3,6,0.1338887440898756,1.298685131410597,1
56,2019,4,5,1.1546915452889068,1.5825284321766913,1
56,2019,5,4,0.6500383790252623,1.3922905970449173,1
56,2019,6,4,0.423924001585186,1.5409887933509345,1
56,2019,7,1,1.5603578667497295,1.5603578667497295,1
56,2019,8,3,0.7731173593179068,1.3701373091759743,1
56,2019,9,3,0.540866744550077,1.0951233473507997,1
56,2019,10,5,0.7236728364789035,1.3476421829240084,1
56,2019,11,4,0.983529553398058,1.5364642553764427,1
56,2019,12,3,1.260259311966918,1.7216944610960239,1
56,2020,1,5,1.13506244787067,1.3890500506885333,1
56,2020,2,5,1.4653839364895385,1.852127620938634,1
56,2020,3,4,0.4736061224297682,1.4822479628954122,1
56,2020,4,1,1.233627568837163,1.233627568837163,1
56,2020,5,4,0.4618444062114991,1.139849716041942,1
56,2020,6,1,0.4692574311464836,0.4692574311464836,1
56,2020,7,3,0.9379941697352446,1.5092855365576054,1
56,2020,8,4,0.5975996940737816,1.3646008590832852,1
56,2020,9,4,0.609183219710961,1.3312690190853151,1
56,2020,10,7,1.1068606475827665,1.6205017620069955,1
56,2020,11,3,1.4781337961382937,1.5379480458458001,1
56,2020,12,4,0.2050815468864106,1.0651679854444513,1
56,2021,1,3,1.3609028983157847,1.7069044952015702,1
56,2021,2,4,0.609183219710961,1.4823242054550128,1
56,2021,3,4,1.1391110604308663,1.6110451976644191,1
56,2021,4,4,0.5862674500071541,1.536522883130817,1
56,2021,5,2,0.9118217037581072,1.0860405078625126,1
56,2021,6,7,1.5302377373346017,1.8015718689822537,1
56,2021,7,5,1.0859092400769648,1.4786569975327934,1
56,2021,8,6,1.046720816317928,1.5162802881779094,1
56,2021,9,1,1.0506572621704175,1.0506572621704175,1
56,2021,10,5,0.1727735491091174,0.9896175962794604,1
56,2021,11,8,1.522293757366668,1.9015662305027807,1
56,2021,12,2,0.741491881662481,1.2151839413974888,1
56,2022,1,2,1.166016493570543,1.4949570115485247,1
56,2022,2,2,1.466302897461734,1.617866510056384,1
56,2022,3,5,0.094937632210957,1.0556763698040248,1
56,2022,4,4,0.2931090384183504,1.1023615527674309,1
56,2022,5,2,1.6532196920665518,1.6933650671661944,1
56,2022,6,7,0.2170255536886877,1.1679813430514592,1
56,2022,7,2,1.4448313547781746,1.573444749956403,1
56,2022,8,2,1.2186814583072385,1.423224551494772,1
56,2022,9,3,0.5981256419699299,1.352582761976029,1
56,2022,10,2,1.5248179295105453,1.804259017341268,1
56,2022,11,3,0.1457763837636722,1.3446332713549491,1
56,2022,12,4,0.9912521561620188,1.7253602830315184,1
56,2023,1,3,1.560358144526405,1.8906194977488628,1
56,2023,2,3,0.5589246700936478,1.431639817330631,1
56,2023,3,5,1.0333466037876746,1.7364942697836496,1
56,2023,4,2,0.6091828940290676,1.0817444109347352,1
56,2023,5,4,0.1791547020984216,0.9587198529583356,1
56,2023,6,7,0.2925370876908647,1.1966841846332645,1
56,2023,8,5,0.6500380159229286,1.4250214683600988,1
56,2023,9,7,0.7000007175304581,1.4688845346193322,1
56,2023,11,4,1.323410246080288,1.5872590811941745,1
56,2024,1,2,1.5543059278404028,1.6893385369282836,1
56,2024,2,5,0.175430052407243,1.408821848148026,1
56,2024,3,5,1.127238651330007,1.7146282321600477,1
56,2024,4,2,1.822449130176792,2.1527882005361825,1
56,2024,5,5,0.923504126026778,1.7424330038316236,1
56,2024,6,3,0.6309555691871662,1.4872431868653937,1
56,2024,7,3,0.6430006857002972,1.2342410097427112,1
56,2024,8,4,1.4678786133724353,1.651036782868462,1
56,2024,9,5,0.015049711109789,1.2780334442170593,1
56,2024,10,4,0.2493282800323426,0.6541680633269803,1
56,2024,11,2,1.3024338562292537,1.5359178992774154,1
56,2024,12,3,1.2602466313857783,1.4254405134814847,1
57,2017,2,1,0.2107343316243126,0.2107343316243126,1
57,2017,3,1,0.3690970967534358,0.3690970967534358,1
57,2017,5,1,1.5453842847375945,1.5453842847375945,1
57,2017,11,3,0.7165984731072361,1.3447632364216675,1
57,2017,12,1,0.5206197929936612,0.5206197929936612,1
57,2018,2,2,1.7914329168194725,2.125462271127511,1
57,2018,4,3,0.1112230449153054,1.4201197120123383,1
57,2018,6,3,0.925023686057658,1.5559718768462847,1
57,2018,8,1,2.4692496302482416,2.4692496302482416,1
57,2018,9,2,1.1380507570738028,1.473592229918352,1
57,2018,10,2,1.0901462172799985,1.7748189213577739,1
57,2018,11,1,0.1386876499502417,0.1386876499502417,1
57,2018,12,1,2.459491625435549,2.459491625435549,1
57,2019,1,1,2.459491625435549,2.459491625435549,1
57,2019,4,1,1.2299608214116482,1.2299608214116482,1
57,2019,5,2,1.895284066390324,2.1773878459129365,1
57,2019,7,2,0.9884896403736912,1.7159589428193032,1
57,2019,8,2,1.1107322827687227,1.4861905127557424,1
57,2019,9,1,2.2039706047433167,2.2039706047433167,1
57,2019,10,1,1.6751284478761808,1.6751284478761808,1
57,2019,11,1,2.029723021536955,2.029723021536955,1
57,2019,12,1,2.477336370316733,2.477336370316733,1
57,2020,1,1,2.4639747191490944,2.4639747191490944,1
57,2020,2,3,0.1359345192705173,1.635147408142356,1
57,2020,4,1,2.2039706047433167,2.2039706047433167,1
57,2020,5,1,2.3656536273911097,2.3656536273911097,1
57,2020,8,2,2.382664190215021,2.430000280265877,1
57,2020,10,1,1.8723856837031696,1.8723856837031696,1
57,2021,2,3,2.249442665023572,2.4001260901448513,1
57,2021,4,1,1.5210918993371776,1.5210918993371776,1
57,2021,6,2,1.6477045487976545,1.7942936094929611,1
57,2021,9,3,0.8958013330683725,1.415704640383221,1
57,2021,10,1,2.459491625435549,2.459491625435549,1
57,2021,12,1,1.650612846426889,1.650612846426889,1
57,2022,1,1,2.468671627984758,2.468671627984758,1
57,2022,3,1,2.459491625435549,2.459491625435549,1
57,2022,5,1,2.1839541260426105,2.1839541260426105,1
57,2022,8,1,2.203970946265828,2.203970946265828,1
57,2022,9,1,1.4077386925571458,1.4077386925571458,1
57,2022,11,3,0.2107604751739852,0.9207103659023747,1
57,2022,12,3,2.389276934151394,2.4311030791459594,1
57,2023,2,1,2.029723184750538,2.029723184750538,1
57,2023,3,1,0.5276930903192357,0.5276930903192357,1
57,2023,4,2,1.5366909825548152,1.8709195396092864,1
57,2023,7,1,0.518252671703422,0.518252671703422,1
57,2023,9,1,2.3994002664315937,2.3994002664315937,1
57,2023,10,1,1.887648379105596,1.887648379105596,1
57,2023,11,2,2.389585924542327,2.418641184550837,1
57,2023,12,1,2.258214162148686,2.258214162148686,1
57,2024,1,1,1.0024495923230847,1.0024495923230847,1
57,2024,2,1,2.030213822342674,2.030213822342674,1
57,2024,4,3,0.7886664930226194,1.8398010021407618,1
57,2024,5,2,0.4525694226624885,1.4672418502395148,1
57,2024,6,2,1.8847586591320515,2.188307341200913,1
57,2024,7,2,0.2658096748966974,1.337703655423983,1
57,2024,11,3,1.4901160461255802,2.141673113083908,1
57,2024,12,1,2.4215739568500583,2.4215739568500583,1
58,2017,2,1,0.2472661290935755,0.2472661290935755,1
58,2017,3,1,0.3338614457234755,0.3338614457234755,1
58,2017,5,1,1.5057068725770957,1.5057068725770957,1
58,2017,7,1,2.490451900393681,2.490451900393681,1
58,2017,11,3,0.7533351423771548,1.3559278756036865,1
58,2017,12,1,0.5574257119479443,0.5574257119479443,1
58,2018,2,2,1.750105677631476,2.1232147070179606,1
58,2018,4,3,0.1474583936195168,1.4567489423734516,1
58,2018,6,3,0.8881396641205322,1.543282381127005,1
58,2018,8,1,2.4987745741500222,2.4987745741500222,1
58,2018,9,2,1.122605979803827,1.4611899624502918,1
58,2018,10,2,1.1269034024062825,1.8116135694053639,1
58,2018,11,1,0.1750493071352522,0.1750493071352522,1
58,2018,12,1,2.4963237364044453,2.4963237364044453,1
58,2019,1,1,2.4963237364044453,2.4963237364044453,1
58,2019,4,1,1.2167241917394809,1.2167241917394809,1
58,2019,5,2,1.8859118390882288,2.191117787746337,1
58,2019,7,2,0.9516339462853304,1.7157693219891144,1
58,2019,8,2,1.1475132876503862,1.5155876244834632,1
58,2019,9,1,2.1646598171592,2.1646598171592,1
58,2019,10,1,1.6638728598216646,1.6638728598216646,1
58,2019,11,1,1.989291241052348,1.989291241052348,1
58,2020,1,1,2.499037447701625,2.499037447701625,1
58,2020,2,3,0.1722776704740347,1.668041368742454,1
58,2020,4,1,2.1646598171592,2.1646598171592,1
58,2020,5,1,2.357022968060175,2.357022968060175,1
58,2020,8,1,2.341386006757902,2.341386006757902,1
58,2020,10,1,1.909212696660687,1.909212696660687,1
58,2021,2,3,2.212634242514955,2.387938257505014,1
58,2021,4,1,1.483707162062096,1.483707162062096,1
58,2021,6,2,1.6845213318754282,1.8203013093603253,1
58,2021,9,3,0.9325625510356946,1.4015808004840948,1
58,2021,10,1,2.4963237364044453,2.4963237364044453,1
58,2021,12,1,1.6874313306696278,1.6874313306696278,1
58,2022,1,1,2.498192513392575,2.498192513392575,1
58,2022,3,1,2.4963237364044453,2.4963237364044453,1
58,2022,5,1,2.1741127761501877,2.1741127761501877,1
58,2022,8,1,2.16466016308063,2.16466016308063,1
58,2022,9,1,1.419234021055609,1.419234021055609,1
58,2022,11,3,0.2472825988327222,0.9304541283228994,1
58,2022,12,3,2.4261185394493245,2.466161017419575,1
58,2023,2,1,1.989291403994464,1.989291403994464,1
58,2023,3,1,0.5644028342995573,0.5644028342995573,1
58,2023,4,2,1.5070923096416269,1.8364715308782906,1
58,2023,7,1,0.5549711626870428,0.5549711626870428,1
58,2023,9,1,2.38990268496147,2.38990268496147,1
58,2023,10,1,1.848194569617708,1.848194569617708,1
58,2023,11,2,2.3803216203827797,2.432426485921785,1
58,2023,12,1,2.221416981681528,2.221416981681528,1
58,2024,1,1,0.965572751223485,0.965572751223485,1
58,2024,2,1,1.989780347193821,1.989780347193821,1
58,2024,4,3,0.8121262369377472,1.8635531221715158,1
58,2024,5,2,0.4892732034771072,1.4802321160237413,1
58,2024,6,2,1.9243240698107504,2.189795991478893,1
58,2024,7,2,0.3024142307067749,1.3710906462960313,1
58,2024,11,3,1.453043606254965,2.1276262659388503,1
58,2024,12,1,2.456268302925012,2.456268302925012,1
59,2017,1,1,2.1086162888911844,2.1086162888911844,1
59,2017,2,1,0.2637171081054904,0.2637171081054904,1
59,2017,3,2,1.0966248349009668,1.393042020721059,1
59,2017,4,1,1.3962363062498977,1.3962363062498977,1
59,2017,5,1,1.646336402196944,1.646336402196944,1
59,2017,6,2,0.5370504782597816,1.3113760452400673,1
59,2017,7,1,0.8686797613057774,0.8686797613057774,1
59,2017,8,3,0.862777155987927,1.0492035996308784,1
59,2017,9,6,0.4553852815449944,1.0343404769584599,1
59,2017,12,4,0.5363396527431875,1.2925070585583147,1
59,2018,2,3,0.9055441677491062,1.83300926263374,1
59,2018,3,2,1.305137937640313,1.427781139378895,1
59,2018,5,4,0.7542242172632414,1.1970539951124228,1
59,2018,6,4,0.8657807161788252,1.1598410226855176,1
59,2018,7,1,0.7309350577035447,0.7309350577035447,1
59,2018,8,3,0.877454981955276,1.3199318309438635,1
59,2018,9,1,1.735679824591061,1.735679824591061,1
59,2018,10,1,0.8598029317360397,0.8598029317360397,1
59,2018,11,2,0.5985625821568341,0.8077830819596536,1
59,2018,12,3,0.9137189767088592,1.8314263358339138,1
59,2019,1,3,0.6980618271164909,1.530350289004277,1
59,2019,2,2,1.117842786305448,1.372074436810367,1
59,2019,3,3,0.8408599321083491,1.0425133840788205,1
59,2019,4,2,0.2510552028456519,0.5795069356721488,1
59,2019,5,4,0.5088126412955094,1.0487598192669265,1
59,2019,6,3,1.0379126499595883,1.365095174217748,1
59,2019,7,3,0.8774887579642995,1.3746844423761404,1
59,2019,8,3,0.4640902262353528,1.134077709654559,1
59,2019,9,6,0.5141901551230399,0.9807248283606618,1
59,2019,11,3,0.6875233290508256,1.4789196432144296,1
59,2019,12,4,1.1363289057732844,1.5186667551447963,1
59,2020,1,3,0.3924897266755987,0.7468432682347302,1
59,2020,2,2,0.7237435392368007,0.8158511038677232,1
59,2020,3,5,0.6029482291317021,1.6672089128378265,1
59,2020,4,2,2.1638948136734903,2.190162854911856,1
59,2020,5,4,1.1674296588360833,1.6790093655130436,1
59,2020,6,1,0.5836503159558745,0.5836503159558745,1
59,2020,7,3,1.0155239905611428,1.71002315316069,1
59,2020,8,1,2.0599335203276765,2.0599335203276765,1
59,2020,9,1,0.865582580868207,0.865582580868207,1
59,2020,10,1,1.948609568485506,1.948609568485506,1
59,2020,11,1,0.2358473119679569,0.2358473119679569,1
59,2020,12,1,1.4246938194659646,1.4246938194659646,1
59,2021,1,1,0.7696375086366624,0.7696375086366624,1
59,2021,2,2,0.5396818353127719,1.0930091187548578,1
59,2021,3,5,1.80532764713436,2.1659212786964894,1
59,2021,4,1,2.1454998841207003,2.1454998841207003,1
59,2021,5,2,1.7343820151431772,1.9203826048286006,1
59,2021,6,9,0.7566941018972437,1.6767632156916925,1
59,2021,7,2,1.0167093249181924,1.3923497625747987,1
59,2021,8,5,0.5088126412955094,1.0103589636254742,1
59,2021,9,7,0.5287371162176394,0.7530618475785726,1
59,2021,10,1,0.5028848870848969,0.5028848870848969,1
59,2021,11,4,0.5725064540607488,1.2332576998499785,1
59,2021,12,1,1.8578778460498755,1.8578778460498755,1
59,2022,1,1,1.7802939282358958,1.7802939282358958,1
59,2022,2,1,0.9079586684986458,0.9079586684986458,1
59,2022,3,6,0.2358477906540425,1.5059779164361562,1
59,2022,4,1,2.240408660172114,2.240408660172114,1
59,2022,5,4,1.24982343034633,1.698989153139237,1
59,2022,7,2,0.9079585792435644,1.6316350531476236,1
59,2022,9,2,0.5789388968850412,0.9667368382527921,1
59,2022,10,4,0.9445293236120592,1.3907732688614778,1
59,2022,11,6,1.0166539740410825,1.71315725419775,1
59,2022,12,2,1.3923456789846669,1.8929564858615555,1
59,2023,1,4,0.9079585675251068,1.5072327746741667,1
59,2023,2,1,0.7216231431612975,0.7216231431612975,1
59,2023,3,3,1.0159718213852154,2.0051244692956076,1
59,2023,4,1,0.1651192636674692,0.1651192636674692,1
59,2023,6,4,0.2508276650469277,1.2254505867570302,1
59,2023,7,3,0.5867587012165218,1.3750757800516762,1
59,2023,8,3,0.5086873462440641,1.1132370049446794,1
59,2023,9,2,0.6969680848871389,1.3022542970611934,1
59,2023,10,5,1.1077841477334045,1.7226961320449607,1
59,2023,11,5,0.5867587012165218,1.4258763612919552,1
59,2023,12,2,0.759663782251762,1.0203033429654744,1
59,2024,1,1,2.198194956481526,2.198194956481526,1
59,2024,2,2,0.676935133181687,1.2663251593349514,1
59,2024,3,3,1.1499310200879154,1.6501962571753612,1
59,2024,4,4,0.4681186516444546,1.2221034601646752,1
59,2024,5,1,1.6463367786156728,1.6463367786156728,1
59,2024,6,3,0.5789389253988027,1.0567453692726676,1
59,2024,7,1,1.668733211718614,1.668733211718614,1
59,2024,8,1,0.586530801207695,0.586530801207695,1
59,2024,9,2,1.5754088924154177,1.8359643041513354,1
59,2024,10,2,0.1649554491389138,0.7340682893234243,1
59,2024,11,2,0.2069231349699721,0.4006344636290705,1
60,2017,1,1,2.073496588444983,2.073496588444983,1
60,2017,2,1,0.2249503911616838,0.2249503911616838,1
60,2017,3,2,1.0735584386454935,1.3611408884794027,1
60,2017,4,1,1.3942902466552638,1.3942902466552638,1
60,2017,5,1,1.606743791560704,1.606743791560704,1
60,2017,6,2,0.4932180114324697,1.3106446687411593,1
60,2017,7,1,0.9130846420245844,0.9130846420245844,1
60,2017,8,3,0.8377871768302146,1.0422343967277936,1
60,2017,9,6,0.4303886067223452,1.0137890890032875,1
60,2017,10,1,2.493627219206582,2.493627219206582,1
60,2017,12,4,0.5756995311492706,1.3125736299226525,1
60,2018,2,3,0.8904509421585002,1.8174452561347145,1
60,2018,3,2,1.290110264297296,1.4428883383398365,1
60,2018,5,4,0.7952697112979595,1.2193678875029317,1
60,2018,6,4,0.9072861062398376,1.1895564316316372,1
60,2018,7,1,0.697379963765051,0.697379963765051,1
60,2018,8,3,0.9227471517943928,1.3365566443796908,1
60,2018,9,1,1.7778711356651982,1.7778711356651982,1
60,2018,10,1,0.9068116792642524,0.9068116792642524,1
60,2018,11,2,0.5677597105971938,0.8132497700585297,1
60,2018,12,3,0.9551983748606426,1.8407333923075806,1
60,2019,1,3,0.6622753874510777,1.4996988273960656,1
60,2019,2,2,1.0805421203489471,1.3346278483352412,1
60,2019,3,3,0.8823068638936944,1.0584279135804562,1
60,2019,4,2,0.2919277131312349,0.6207290986574039,1
60,2019,5,4,0.4627396083980355,1.0477159461740926,1
60,2019,6,3,1.0568132867139737,1.3764076253116142,1
60,2019,7,3,0.9227977827394692,1.392353948316103,1
60,2019,8,3,0.4315793627929774,1.139162679634896,1
60,2019,9,6,0.4675544057336301,0.9926742405458153,1
60,2019,11,3,0.6549579462154644,1.4775195511223602,1
60,2019,12,4,1.1186851776587727,1.5178815141634088,1
60,2020,1,3,0.4304539829652231,0.7889235094276316,1
60,2020,2,2,0.6898209186759477,0.8196757014297604,1
60,2020,3,5,0.5721209522286204,1.676321521617633,1
60,2020,4,2,2.192030832909415,2.225376064358386,1
60,2020,5,4,1.1519216175901972,1.6870978380269495,1
60,2020,6,1,0.6235250451946444,0.6235250451946444,1
60,2020,7,3,1.0582980571786702,1.7075021118175993,1
60,2020,8,1,2.0442499700173467,2.0442499700173467,1
60,2020,9,1,0.9105555039671138,0.9105555039671138,1
60,2020,10,1,1.976443028958047,1.976443028958047,1
60,2020,11,1,0.1961723338249003,0.1961723338249003,1
60,2020,12,1,1.387670274011756,1.387670274011756,1
60,2021,1,1,0.7354820582990276,0.7354820582990276,1
60,2021,2,2,0.5793411403215103,1.093042465941107,1
60,2021,3,5,1.7928193429860957,2.140638654651924,1
60,2021,4,1,2.173727187632507,2.173727187632507,1
60,2021,5,2,1.776613881574593,1.9360066399162803,1
60,2021,6,8,0.7248206212965153,1.5499951612368497,1
60,2021,7,2,0.9796978857728365,1.3885547182727138,1
60,2021,8,5,0.4627396083980355,0.9994656975887845,1
60,2021,9,7,0.4992973456884109,0.7490896883551946,1
60,2021,10,1,0.5420537918118731,0.5420537918118731,1
60,2021,11,4,0.5293541753002722,1.240113206607898,1
60,2021,12,1,1.8186748217683213,1.8186748217683213,1
60,2022,1,1,1.8096585466675676,1.8096585466675676,1
60,2022,2,1,0.949530484183573,0.949530484183573,1
60,2022,3,6,0.19617280247403,1.5172896531303446,1
60,2022,4,1,2.209079377050147,2.209079377050147,1
60,2022,5,5,1.280661268771789,1.8572259164528813,1
60,2022,7,2,0.9495303849469336,1.638808679026169,1
60,2022,9,2,0.5480045557264486,0.9640613066860241,1
60,2022,10,4,0.9850256564822304,1.4099788822794959,1
60,2022,11,6,1.058268887400196,1.7214251567170038,1
60,2022,12,3,1.4342853449560855,2.11194313118315,1
60,2023,1,3,0.949530373930344,1.2252248272515394,1
60,2023,2,1,0.687661152988813,0.687661152988813,1
60,2023,3,1,0.9904491891759076,0.9904491891759076,1
60,2023,4,1,0.1253846926045477,0.1253846926045477,1
60,2023,6,4,0.291669290234808,1.2631053362889424,1
60,2023,7,3,0.6264025730888577,1.4124113512409693,1
60,2023,8,3,0.4634630363411556,1.0986381027765015,1
60,2023,9,2,0.6611751090723506,1.3069941191588998,1
60,2023,10,5,1.1495539141073294,1.7036985297198328,1
60,2023,11,5,0.6264025730888577,1.4365961786067725,1
60,2023,12,2,0.7267075871350324,0.993518038593464,1
60,2024,1,1,2.1575653364578904,2.1575653364578904,1
60,2024,2,2,0.6437053300270825,1.2319263721035556,1
60,2024,3,3,1.136645884698869,1.6478402216200545,1
60,2024,4,4,0.4531380456911908,1.2298721154413375,1
60,2024,5,1,1.606744168889003,1.606744168889003,1
60,2024,6,3,0.5480045857004429,1.0573797459025613,1
60,2024,7,1,1.698647957975273,1.698647957975273,1
60,2024,8,1,0.6261903227637895,0.6261903227637895,1
60,2024,9,2,1.556591028588155,1.8065184663360554,1
60,2024,10,2,0.1251691585919533,0.7351254519581857,1
60,2024,11,2,0.2481307509020251,0.4412911101553907,1
61,2017,1,5,0.1800877007793744,1.4334068366463848,1
61,2017,2,3,1.720159615817912,2.0677460708155966,1
61,2017,3,2,1.3944631465138615,1.5492447489743342,1
61,2017,4,5,0.3175621201664098,1.0137051644562842,1
61,2017,5,4,1.3944631465138615,1.9832122872179476,1
61,2017,6,6,0.38033248931804,1.5000888453723409,1
61,2017,7,3,0.5931359442639098,1.2974358689515426,1
61,2017,8,3,1.3502889471884922,1.6311717251231646,1
61,2017,9,2,0.1036866695944319,1.2921610249406492,1
61,2017,10,3,2.142967251407173,2.3689420813167783,1
61,2017,11,7,0.1036866695944319,1.2410348383385832,1
61,2017,12,1,1.5193044377891596,1.5193044377891596,1
61,2018,1,5,1.2683337089421869,1.6176814199492804,1
61,2018,2,5,1.6870418959682103,2.1141678398641215,1
61,2018,3,3,1.1230413033604405,1.448565008572876,1
61,2018,4,4,1.6152406083879978,2.069351928966115,1
61,2018,5,8,1.3219383049569606,1.9065691832538443,1
61,2018,6,2,1.8667833233792888,2.008716104815111,1
61,2018,7,6,0.0194167013392457,1.46078258727451,1
61,2018,8,1,1.7090572661337071,1.7090572661337071,1
61,2018,9,3,1.1091435010218829,1.3244112260277465,1
61,2018,10,2,1.371153696634572,1.8099296086710694,1
61,2018,11,5,0.4357596848019402,1.6807049637384908,1
61,2018,12,6,0.7080264077787697,1.6613808471277967,1
61,2019,1,5,0.3173022124592556,1.5360735417903686,1
61,2019,2,4,1.5813917707582543,2.023164252470077,1
61,2019,3,2,1.0378661749388989,1.6050717842447026,1
61,2019,4,6,1.3434102867130897,1.7398276869223148,1
61,2019,5,3,1.253534665142742,1.7383068935825152,1
61,2019,6,5,0.6695694868055202,1.2911940849093937,1
61,2019,7,7,0.4474232679075801,1.4664865138002035,1
61,2019,8,1,2.1580822822792918,2.1580822822792918,1
61,2019,9,5,1.5241317648940538,2.2441169184946537,1
61,2019,10,5,1.4004106072541629,1.8774568157639469,1
61,2019,11,5,0.845233049995783,1.664107890315205,1
61,2019,12,4,0.4316459704026833,1.6173855609993077,1
61,2020,1,3,1.6997385080970475,1.904703584795388,1
61,2020,2,5,0.3953947235866628,1.7313431080996917,1
61,2020,3,3,0.2600757857949736,0.79793200103584,1
61,2020,5,5,1.3987843743368855,1.9095749932686807,1
61,2020,6,4,1.3336438249874434,2.0329332618160993,1
61,2020,7,2,0.2355610079186522,0.3705771461219332,1
61,2020,8,4,1.539597075182962,1.8822438555918688,1
61,2020,9,4,0.3173022124592556,1.2127709465595533,1
61,2020,10,2,1.7175364627150853,1.8206483918457879,1
61,2020,11,1,0.885204603119595,0.885204603119595,1
61,2020,12,2,2.2002601212203623,2.2127461235127845,1
61,2021,1,3,0.7848701307856121,1.7760665849771453,1
61,2021,2,3,1.6017462898077344,1.9359374252217716,1
61,2021,3,3,1.671869594254044,1.875798831431931,1
61,2021,4,4,0.1624830726939404,1.1161777285724157,1
61,2021,5,3,1.425280246349657,1.8993426845095513,1
61,2021,6,3,1.5013499066676883,1.6481698135679081,1
61,2021,7,6,0.157586177042489,1.2687733465107793,1
61,2021,8,3,0.6624770274983933,1.2404868663533548,1
61,2021,9,5,0.248698299367311,0.9820472520252373,1
61,2021,10,7,1.119823889120588,1.8090706420900529,1
61,2021,11,5,0.8672026495960571,1.5347485988233678,1
61,2021,12,2,1.3713086476920255,1.4402359454122322,1
61,2022,1,4,0.5566200448025637,1.4828000735809057,1
61,2022,2,2,2.313885964666815,2.3573313282275246,1
61,2022,3,4,1.2098955431940082,2.0235326333407224,1
61,2022,4,7,0.841233534008585,1.8165928834390577,1
61,2022,5,8,1.378233938487731,2.0611396581847563,1
61,2022,6,4,1.0975260831977467,1.3915432476377982,1
61,2022,7,3,1.2535350363432332,1.6678269761647266,1
61,2022,8,6,1.5852249859370828,1.9869406535415344,1
61,2022,9,2,0.7074507118586889,1.298035670151702,1
61,2022,10,3,1.9402671306273156,2.1828267706345676,1
61,2022,11,3,0.8452327831000283,1.4565035449307795,1
61,2022,12,1,2.208666412281682,2.208666412281682,1
61,2023,1,3,1.505649225449837,2.0434676293910106,1
61,2023,2,6,0.7074507127789758,1.689865981194262,1
61,2023,3,10,0.3637248822238461,1.681523040235075,1
61,2023,4,5,1.471938946235513,1.7839942384754361,1
61,2023,5,6,1.3240948260159195,2.0273891781417452,1
61,2023,6,3,1.0950343688605522,1.3964534227280019,1
61,2023,7,6,0.350637149181964,1.6140143924195816,1
61,2023,8,1,1.2462800088103358,1.2462800088103358,1
61,2023,9,6,0.7002164777518503,1.8233394061858845,1
61,2023,10,4,1.2089105690662545,1.661941114799023,1
61,2023,11,2,1.5006537423396822,1.5602466058100024,1
61,2023,12,3,2.134462745371992,2.2778466586135644,1
61,2024,1,2,0.2766458037077103,0.9510344042764824,1
61,2024,2,3,1.3174700038141778,1.6003358808626,1
61,2024,3,4,1.0950343688605522,1.507087811232749,1
61,2024,5,5,0.6150170488560961,1.6770906220739292,1
61,2024,6,7,0.7080267419853398,1.6769831898444998,1
61,2024,7,6,0.7005148041447492,1.7795416077961992,1
61,2024,8,5,0.7049529260636535,1.7348338523292512,1
61,2024,9,3,0.9576778195141642,1.803904466914293,1
61,2024,10,4,1.1914191678306776,1.5800130045907481,1
61,2024,11,6,0.7080267419853398,1.2333643128982419,1
61,2024,12,2,1.5490916978100282,1.5909425040884968,1
62,2017,1,5,0.2278255206249275,1.437200931141162,1
62,2017,2,2,1.7674731835500788,1.9039666248361224,1
62,2017,3,2,1.346284270489456,1.5492432970983245,1
62,2017,4,5,0.3653542585241202,1.0474998493270504,1
62,2017,5,4,1.346284270489456,1.9806856155810046,1
62,2017,6,6,0.3546161353515141,1.4921010457323263,1
62,2017,7,3,0.640896769891534,1.3133688041980582,1
62,2017,8,3,1.3967824187667413,1.6739508479080218,1
62,2017,9,1,0.1366817532783645,0.1366817532783645,1
62,2017,10,2,2.1868299696226323,2.326920273368108,1
62,2017,11,7,0.1366817532783645,1.2544531462809037,1
62,2017,12,1,1.5053498276390795,1.5053498276390795,1
62,2018,1,5,1.2889521448699397,1.6572150849327485,1
62,2018,2,5,1.734839752789513,2.140197266204854,1
62,2018,3,3,1.075404425500731,1.4646240653455065,1
62,2018,4,4,1.6533291966019732,2.0963837070780187,1
62,2018,5,8,1.343200688272976,1.9243568266587099,1
62,2018,6,2,1.8504637362739955,2.0166656131211482,1
62,2018,7,6,0.0298596852469071,1.49643480757915,1
62,2018,8,1,1.7569340970044494,1.7569340970044494,1
62,2018,9,3,1.1458665576391736,1.353901882447189,1
62,2018,10,2,1.4148338362289536,1.8511792012137485,1
62,2018,11,5,0.4099464270438295,1.6994813216435691,1
62,2018,12,6,0.6602194121309237,1.6625929268515385,1
62,2019,1,5,0.3650917223080181,1.5732033596970847,1
62,2019,2,3,1.5875788631157235,1.8970619730691034,1
62,2019,3,2,0.99007235846581,1.600327156647223,1
62,2019,4,6,1.391436290396972,1.7771521858013493,1
62,2019,5,2,1.2067883467955989,1.3499241978306844,1
62,2019,6,5,0.621740081766063,1.2440386886227572,1
62,2019,7,7,0.4952306008748653,1.4775183514246883,1
62,2019,8,1,2.188444694818207,2.188444694818207,1
62,2019,9,4,1.4760715774580415,2.182847236585436,1
62,2019,10,5,1.353683620356201,1.8942958939611603,1
62,2019,11,5,0.8930347629456339,1.670736429452268,1
62,2019,12,4,0.4784717480519603,1.6489655975381274,1
62,2020,1,3,1.7474969562948537,1.9524279289271105,1
62,2020,2,5,0.3472196000132362,1.7261623689671624,1
62,2020,3,3,0.2189023496953671,0.7966719313545648,1
62,2020,5,5,1.3506047652989135,1.8884026798050937,1
62,2020,6,4,1.3814270244662037,2.078412236402237,1
62,2020,7,2,0.2833212425302863,0.38328034546297596,1
62,2020,8,3,1.542891592980469,1.6866421072388444,1
62,2020,9,4,0.3650917223080181,1.2139300721250545,1
62,2020,10,2,1.760993029712595,1.8186504525657423,1
62,2020,11,1,0.8710094107892583,0.8710094107892583,1
62,2020,12,2,2.1904671454285776,2.218958087070753,1
62,2021,1,3,0.7381725692470692,1.761057887174884,1
62,2021,2,2,1.558897335313964,1.6581880930596067,1
62,2021,3,3,1.6567316025761452,1.899725551561241,1
62,2021,4,4,0.210295551864852,1.1592933015986504,1
62,2021,5,3,1.4695331499657829,1.925127461679604,1
62,2021,6,3,1.5491706973756234,1.6955804608209852,1
62,2021,7,6,0.1098082867731866,1.2837868505967243,1
62,2021,8,3,0.7102772055368753,1.2878697146838969,1
62,2021,9,5,0.2008831775238607,0.9706444433217385,1
62,2021,10,7,1.0736148348850525,1.815431736229627,1
62,2021,11,5,0.9150016308150606,1.5751894620400768,1
62,2021,12,2,1.414820435036966,1.438535244620338,1
62,2022,1,4,0.6044147489303408,1.5066984883250185,1
62,2022,2,2,2.3615374067316925,2.405091455264646,1
62,2022,3,4,1.1624874124706248,2.031860954238228,1
62,2022,4,7,0.8362376285209119,1.8484551101342024,1
62,2022,5,8,1.418474471773958,2.095009703952352,1
62,2022,6,4,1.1360580992545612,1.430675089623428,1
62,2022,7,3,1.206788717384476,1.6444038199959248,1
62,2022,8,6,1.5898982149101368,2.026288054812335,1
62,2022,9,2,0.6596508263394152,1.2866190950253136,1
62,2022,10,3,1.893182654602044,2.1989095533195293,1
62,2022,11,3,0.8930344947018967,1.4820596332178362,1
62,2022,12,1,2.233485652152417,2.233485652152417,1
62,2023,1,2,1.490957473165097,1.8145510961912916,1
62,2023,2,5,0.6596508271730708,1.5377414711543067,1
62,2023,3,9,0.3159260459113798,1.604985227555025,1
62,2023,4,5,1.519720481295468,1.8064158234119163,1
62,2023,5,6,1.3583391615376312,2.0525915357997166,1
62,2023,6,3,1.1338225415021146,1.4384292559699592,1
62,2023,7,6,0.3983898548758152,1.627146090108985,1
62,2023,8,1,1.2923192458506916,1.2923192458506916,1
62,2023,9,6,0.6523990123035577,1.8361291407293745,1
62,2023,10,4,1.1611473139289314,1.6396795787817364,1
62,2023,11,2,1.4562458467053423,1.5570848290467711,1
62,2023,12,3,2.1823027848963683,2.322712527877957,1
62,2024,1,2,0.302089340165968,0.9404302304823744,1
62,2024,2,3,1.3106261577442988,1.6159755327628826,1
62,2024,3,4,1.1338225415021146,1.5380422521124806,1
62,2024,5,5,0.6627793326158359,1.7175807643386036,1
62,2024,6,6,0.6602197454301991,1.5291913011176925,1
62,2024,7,6,0.6831472282938043,1.79716944677742,1
62,2024,8,5,0.7527451306632775,1.7691111776182722,1
62,2024,9,3,1.0054743649651443,1.8436656489702752,1
62,2024,10,4,1.1442408265812165,1.5812169475980054,1
62,2024,11,6,0.6602197454301991,1.2319046430233962,1
62,2024,12,2,1.5034543876990976,1.5920145050147112,1
63,2017,2,1,1.9543070473449309,1.9543070473449309,1
63,2017,3,1,1.325059737415691,1.325059737415691,1
63,2017,4,1,1.1852310343337185,1.1852310343337185,1
63,2017,6,4,0.4680223056402307,1.0969683208793286,1
63,2017,7,3,0.2775658363136527,1.1173292491571827,1
63,2017,8,2,0.3977976701133511,0.4962462714952598,1
63,2017,9,1,0.8659825400788842,0.8659825400788842,1
63,2017,10,2,0.3739692913871498,0.6993526784883736,1
63,2017,11,1,0.8419969351116504,0.8419969351116504,1
63,2017,12,1,1.7652569333387509,1.7652569333387509,1
63,2018,1,1,0.3336381614641895,0.3336381614641895,1
63,2018,2,1,2.456249372147058,2.456249372147058,1
63,2018,3,3,0.8210226179135143,1.4355207588522578,1
63,2018,4,2,0.5393543725373459,0.7885427393275812,1
63,2018,5,2,0.8191763333353216,0.8191763333353216,1
63,2018,6,2,0.3874425944594795,0.606083490096017,1
63,2018,7,3,0.8493967927803736,1.0133938480087143,1
63,2018,8,4,0.8411600673576491,1.1763937729269902,1
63,2018,9,1,2.2847851948711626,2.2847851948711626,1
63,2018,11,1,1.0647862374582842,1.0647862374582842,1
63,2018,12,3,0.973496790979997,1.1961865324989198,1
63,2019,1,1,1.0175155583342737,1.0175155583342737,1
63,2019,2,2,0.908090452775282,0.9629654823538344,1
63,2019,4,3,0.5091342928608769,1.1601973572628541,1
63,2019,5,2,0.8247243857325545,1.3132008517551863,1
63,2019,6,4,0.2439969551521555,0.6209552764310814,1
63,2019,7,7,0.908090452775282,1.5431670654178369,1
63,2019,8,3,0.3625351410991932,0.8486256408311518,1
63,2019,9,5,0.7326452743562148,1.1060487785713575,1
63,2019,10,5,0.7702999236933373,1.4818753632520703,1
63,2019,12,1,1.1259969174588242,1.1259969174588242,1
63,2020,1,1,1.6902953239545595,1.6902953239545595,1
63,2020,2,1,0.8398479306980149,0.8398479306980149,1
63,2020,3,2,0.4266475040463542,0.8396987509043667,1
63,2020,4,1,2.4560526916438605,2.4560526916438605,1
63,2020,5,1,1.2178753519227958,1.2178753519227958,1
63,2020,6,2,0.7437917787951136,0.896563243789341,1
63,2020,7,4,1.101038088113848,1.2568133336712775,1
63,2020,8,2,0.7778134731323381,1.2965114088545246,1
63,2020,10,1,1.048270936184573,1.048270936184573,1
63,2020,11,1,1.7673986604691518,1.7673986604691518,1
63,2021,1,2,0.9480496941598846,1.4396183087688792,1
63,2021,3,1,0.8437037605594279,0.8437037605594279,1
63,2021,4,1,1.2519549374849588,1.2519549374849588,1
63,2021,5,2,0.5171400595412957,0.9321956263041014,1
63,2021,6,2,0.8437037605594279,1.622979874889244,1
63,2021,7,2,0.3336381614641895,0.626748003485109,1
63,2021,8,1,1.0564349884571729,1.0564349884571729,1
63,2021,9,2,0.467719439822141,0.6557116001907844,1
63,2021,12,1,1.802163349787554,1.802163349787554,1
63,2022,1,1,2.2081692896702103,2.2081692896702103,1
63,2022,2,1,0.3336381614641895,0.3336381614641895,1
63,2022,3,2,0.4955980466787692,0.7233670990438165,1
63,2022,4,1,0.5342391501115987,0.5342391501115987,1
63,2022,5,4,0.4677193420916614,1.1418733201712055,1
63,2022,6,2,0.7202137549994181,1.3378342734588227,1
63,2022,7,6,0.3363153982154441,0.9044326933698333,1
63,2022,8,3,0.7853400864995318,1.4208368349012666,1
63,2022,9,1,1.0510792398871618,1.0510792398871618,1
63,2022,10,1,0.9016985944875876,0.9016985944875876,1
63,2022,11,2,1.1000367562454287,1.2588659414588868,1
63,2022,12,4,0.7649890362876841,1.0552448963002523,1
63,2023,1,1,1.6791285482508558,1.6791285482508558,1
63,2023,3,2,0.3803778214371207,0.6360370576568815,1
63,2023,4,1,2.235302534446318,2.235302534446318,1
63,2023,5,7,0.6470263065446622,1.1199168199076266,1
63,2023,6,4,0.8038581228443293,1.2113937998162152,1
63,2023,7,2,1.3177427290705142,1.493598342456026,1
63,2023,8,3,0.468021944701489,1.1014606903306563,1
63,2023,9,3,0.646407099383466,0.8060202165054382,1
63,2023,10,3,0.6910799186094451,0.9638154499426297,1
63,2023,11,1,1.3701893322959418,1.3701893322959418,1
63,2023,12,1,2.2155266462338465,2.2155266462338465,1
63,2024,2,3,0.3320886270044496,1.497042178524364,1
63,2024,3,3,0.7988213628177188,1.0201445917234724,1
63,2024,4,6,0.7311678305362712,1.377759770736142,1
63,2024,5,3,1.0179199149633078,1.6381470009259287,1
63,2024,6,3,0.468021944701489,1.2775703302451866,1
63,2024,7,3,0.3319896417764152,0.8587384554491028,1
63,2024,8,4,0.6685359744422901,1.236542306558501,1
63,2024,9,2,0.8432826196612047,1.342131022012258,1
63,2024,10,1,1.2585540252850584,1.2585540252850584,1
63,2024,12,2,0.445534190772169,0.47506375039502147,1
64,2017,2,1,1.8622104712165133,1.8622104712165133,1
64,2017,3,1,1.1468003951249353,1.1468003951249353,1
64,2017,4,1,0.6242106925621144,0.6242106925621144,1
64,2017,5,2,1.968802672013381,2.129766429364267,1
64,2017,6,5,0.5145514516664663,1.2971375387430921,1
64,2017,7,4,0.7526627676822224,1.4699669444759187,1
64,2017,8,2,0.4462343194372577,0.5682879149889496,1
64,2017,9,1,0.6055124570431849,0.6055124570431849,1
64,2017,10,2,0.685494330549721,0.7189765855880144,1
64,2017,11,1,0.5089944610932017,0.5089944610932017,1
64,2017,12,1,1.6648527340530204,1.6648527340530204,1
64,2018,1,1,0.7729266598075841,0.7729266598075841,1
64,2018,2,1,2.1913376019951087,2.1913376019951087,1
64,2018,3,3,0.4510861676541505,0.6557705952746765,1
64,2018,4,4,0.2002610501319086,1.1902461856476554,1
64,2018,5,2,0.440096553487795,0.440096553487795,1
64,2018,6,2,0.6963799796480771,0.7770447830835314,1
64,2018,7,3,0.0828943552870736,0.14951380918489746,1
64,2018,8,4,0.0287859757630553,0.9000563121211336,1
64,2018,9,1,1.2648785035177852,1.2648785035177852,1
64,2018,10,2,2.0214526678168907,2.1908373266700867,1
64,2018,11,1,0.5506744398610622,0.5506744398610622,1
64,2018,12,3,0.5506744398610622,0.8921773298617092,1
64,2019,1,1,0.0287859757630553,0.0287859757630553,1
64,2019,2,2,0.4461778217549729,0.5610746200840417,1
64,2019,4,4,0.5442804387914995,1.2467747762673071,1
64,2019,5,3,0.8577095865189857,1.6483781587120976,1
64,2019,6,4,0.6899406259790088,0.7633538660359592,1
64,2019,7,8,0.4006287865233877,1.1555200406391082,1
64,2019,8,4,0.6132050852928351,1.2717161971346833,1
64,2019,9,5,0.1711835006651868,0.6911064916395758,1
64,2019,10,5,0.257633138789733,1.0339196484919067,1
64,2019,11,1,1.8928331708767616,1.8928331708767616,1
64,2019,12,1,0.586752416964575,0.586752416964575,1
64,2020,1,2,1.5838796508409727,1.9526456412203017,1
64,2020,2,2,0.6448142181016308,1.3271908660669827,1
64,2020,3,4,0.6745138553084208,1.3412964978997066,1
64,2020,4,1,2.2722301545316723,2.2722301545316723,1
64,2020,5,1,0.1905245950614346,0.1905245950614346,1
64,2020,6,3,0.2679326433362728,0.8372255889612948,1
64,2020,7,4,0.2026617671272899,0.5709836963341783,1
64,2020,8,3,0.2709015755197048,1.1594778118868774,1
64,2020,9,2,1.9071424174310476,1.9348650830265282,1
64,2020,10,1,1.01842549822186,1.01842549822186,1
64,2020,11,1,1.6675507477479814,1.6675507477479814,1
64,2021,1,2,0.5112499120521297,0.7285483434588119,1
64,2021,3,1,0.8702382412504917,0.8702382412504917,1
64,2021,4,1,0.5297877418180158,0.5297877418180158,1
64,2021,5,3,0.5445145867215602,1.4065037536063636,1
64,2021,6,3,0.8702382412504917,1.6537396699900437,1
64,2021,7,2,0.4587554256495338,0.615841042728559,1
64,2021,8,1,0.2275056907519018,0.2275056907519018,1
64,2021,9,2,0.6899406259790088,0.7800894336147502,1
64,2021,12,1,1.7718729752047455,1.7718729752047455,1
64,2022,1,1,2.446037791079399,2.446037791079399,1
64,2022,2,1,0.7729266598075841,0.7729266598075841,1
64,2022,3,2,0.6560150018500494,0.7303936613247817,1
64,2022,4,1,0.5239448296267016,0.5239448296267016,1
64,2022,5,4,0.5867527061462252,0.9196031046419633,1
64,2022,6,3,0.3097500119503305,1.5562944735911544,1
64,2022,7,6,0.2668378067504514,0.7361865982345837,1
64,2022,8,3,0.2691790000391598,0.968599150295565,1
64,2022,9,1,0.5936712797987072,0.5936712797987072,1
64,2022,10,1,0.6402580564678894,0.6402580564678894,1
64,2022,11,2,0.1221055267515044,0.6941925355725624,1
64,2022,12,4,0.183666997784933,0.7248605252642248,1
64,2023,1,1,1.6614919500579424,1.6614919500579424,1
64,2023,3,3,0.2668377882994335,0.956093542550798,1
64,2023,4,1,2.0962831191220648,2.0962831191220648,1
64,2023,5,7,0.1350479564247237,0.8388363711625598,1
64,2023,6,5,0.2672031997922405,1.0361846789607436,1
64,2023,7,3,0.5174400964285207,1.3396772707455735,1
64,2023,8,3,0.4824534173725943,0.9845499761637306,1
64,2023,9,3,0.4865071940407939,0.6117937366527684,1
64,2023,10,3,0.3588119154497499,0.6250761120931414,1
64,2023,11,1,1.522553012883474,1.522553012883474,1
64,2023,12,1,1.274603245049169,1.274603245049169,1
64,2024,2,3,0.7724839363370298,1.4862802877181938,1
64,2024,3,3,0.7637062017521286,0.9668890411107606,1
64,2024,4,6,0.2691790829948229,1.0795800027153462,1
64,2024,5,4,0.6758586144040238,1.303111064825898,1
64,2024,6,2,0.3010797119725177,0.49547541689710717,1
64,2024,7,4,0.2346804150743877,1.228566377348859,1
64,2024,8,4,0.4638718084954614,0.8204443032346332,1
64,2024,9,3,0.8697292230157571,1.4965373886574487,1
64,2024,10,1,1.0119088675327543,1.0119088675327543,1
64,2024,12,2,0.6049707657767777,0.6250429128298765,1
65,2017,2,1,1.7846533712459696,1.7846533712459696,1
65,2017,3,1,1.0608027908642552,1.0608027908642552,1
65,2017,4,1,0.6944261326280244,0.6944261326280244,1
65,2017,5,2,2.0656027662061,2.2207886877959284,1
65,2017,6,4,0.4428106507290698,0.9747796815034621,1
65,2017,7,4,0.6697894484087458,1.4397808229739977,1
65,2017,8,2,0.3004469629640826,0.4236126251663307,1
65,2017,9,1,0.5848144139652801,0.5848144139652801,1
65,2017,10,2,0.5339255228306857,0.6473431598531154,1
65,2017,11,1,0.4850403142758307,0.4850403142758307,1
65,2017,12,1,1.5841554876954984,1.5841554876954984,1
65,2018,1,1,0.6272926735335759,0.6272926735335759,1
65,2018,2,1,2.258244793031716,2.258244793031716,1
65,2018,3,3,0.3169757997720658,0.7293367965524101,1
65,2018,4,4,0.3007733790468958,1.2401561360096531,1
65,2018,5,2,0.3050388883596597,0.3050388883596597,1
65,2018,6,2,0.5511966912867372,0.6802967541323287,1
65,2018,7,3,0.0626514427554073,0.19522113316795173,1
65,2018,8,4,0.1790993673521211,0.9024796032644521,1
65,2018,9,1,1.4422668144030952,1.4422668144030952,1
65,2018,10,2,2.196847870079284,2.32425957253237,1
65,2018,11,1,0.5967308024578166,0.5967308024578166,1
65,2018,12,3,0.5967308024578166,0.8799302380845683,1
65,2019,1,1,0.1790993673521211,0.1790993673521211,1
65,2019,2,2,0.3420519510973845,0.46304466596619337,1
65,2019,4,4,0.3990787664282809,1.2098781476592502,1
65,2019,5,3,0.8093968169779202,1.622687793929517,1
65,2019,6,4,0.5640468871782801,0.6829915640669973,1
65,2019,7,8,0.3420519510973845,1.1835354673960838,1
65,2019,8,4,0.4942925027490906,1.2109996938062966,1
65,2019,9,5,0.2521232928304167,0.6743835587231632,1
65,2019,10,5,0.1052850999109446,0.9895031057965161,1
65,2019,11,1,2.036617227021173,2.036617227021173,1
65,2019,12,1,0.6459700047392631,0.6459700047392631,1
65,2020,1,1,1.5020217048118298,1.5020217048118298,1
65,2020,2,2,0.5135015788296874,1.3388189052254202,1
65,2020,3,4,0.6547849771623404,1.398644611280216,1
65,2020,4,1,2.217772448494135,2.217772448494135,1
65,2020,5,1,0.3625531225188153,0.3625531225188153,1
65,2020,6,3,0.2652467003400496,0.8755683060306111,1
65,2020,7,4,0.336414989589808,0.6607448928630424,1
65,2020,8,2,0.1675922932608101,0.5937925611314471,1
65,2020,9,2,2.056137424849866,2.0726682730696617,1
65,2020,10,1,1.0005027861076037,1.0005027861076037,1
65,2020,11,1,1.586827275853061,1.586827275853061,1
65,2021,1,2,0.5239589835805621,0.8239075568935967,1
65,2021,3,1,0.8249763978596705,0.8249763978596705,1
65,2021,4,1,0.6378553432747702,0.6378553432747702,1
65,2021,5,2,0.4034103624190344,0.7467742410473324,1
65,2021,6,3,0.8249763978596705,1.7042216444841205,1
65,2021,7,2,0.3581313003545095,0.4927119869440427,1
65,2021,8,1,0.3311359820521424,0.3311359820521424,1
65,2021,9,2,0.5640468871782801,0.6945116425189752,1
65,2021,12,1,1.6820412954985262,1.6820412954985262,1
65,2022,1,1,2.3275348585807367,2.3275348585807367,1
65,2022,2,1,0.6272926735335759,0.6272926735335759,1
65,2022,3,2,0.5330463935334514,0.6612304812964783,1
65,2022,4,1,0.3829192242194151,0.3829192242194151,1
65,2022,5,4,0.5640475452916556,0.8930417143793158,1
65,2022,6,2,0.1614257061257822,0.9730118758344147,1
65,2022,7,6,0.2663953771580641,0.6895360073151592,1
65,2022,8,3,0.1885459617376829,0.8946404324224648,1
65,2022,9,1,0.6293930076869694,0.6293930076869694,1
65,2022,10,1,0.6273851514313613,0.6273851514313613,1
65,2022,11,2,0.2427415361376922,0.711932164519796,1
65,2022,12,4,0.0647259526492209,0.6364131016955521,1
65,2023,1,1,1.6729679558654464,1.6729679558654464,1
65,2023,3,3,0.266395344547062,0.9528456156736356,1
65,2023,4,1,2.031175331346164,2.031175331346164,1
65,2023,5,7,0.1385054638228101,0.7708571797433816,1
65,2023,6,5,0.2668155591712855,1.0294154446169423,1
65,2023,7,3,0.6478527881646595,1.4306700597040578,1
65,2023,8,3,0.4506656673349573,0.9142242713173756,1
65,2023,9,3,0.3858679888478824,0.569766260482826,1
65,2023,10,3,0.2329793038334336,0.6020115932455075,1
65,2023,11,1,1.498761189066424,1.498761189066424,1
65,2023,12,1,1.3977284576806293,1.3977284576806293,1
65,2024,2,4,0.6264812599741416,1.699480826826073,1
65,2024,3,3,0.7159844418459845,0.9074910800502147,1
65,2024,4,6,0.267111773626015,1.052773658581907,1
65,2024,5,4,0.5839573924476785,1.3573483197772178,1
65,2024,6,2,0.2633727921016754,0.41370806751176487,1
65,2024,7,4,0.2167752138483022,1.1688961476808644,1
65,2024,8,4,0.3681214704757383,0.820562409415645,1
65,2024,9,3,0.824419068340636,1.4974384287674862,1
65,2024,10,1,1.0391415941799431,1.0391415941799431,1
65,2024,12,2,0.4544126165813724,0.4887668874476314,1
66,2017,2,1,1.983322132065644,1.983322132065644,1
66,2017,3,1,1.3363294028422057,1.3363294028422057,1
66,2017,4,1,1.099836345881969,1.099836345881969,1
66,2017,6,3,0.3823232391292819,0.5479747819419504,1
66,2017,7,3,0.1914278908322541,1.0699296087171866,1
66,2017,8,2,0.3146951225542367,0.41878865647807506,1
66,2017,9,1,0.779974883662503,0.779974883662503,1
66,2017,10,2,0.2944479777312297,0.616637258285161,1
66,2017,11,1,0.7571757897276218,0.7571757897276218,1
66,2017,12,1,1.7913523069393151,1.7913523069393151,1
66,2018,1,1,0.2479931744600429,0.2479931744600429,1
66,2018,2,1,2.377844146246322,2.377844146246322,1
66,2018,3,3,0.7873905709476545,1.3740837210159251,1
66,2018,4,2,0.4634885072823014,0.7129698454343762,1
66,2018,5,2,0.7843881882017146,0.7843881882017146,1
66,2018,6,2,0.3045698871395144,0.5231696572594454,1
66,2018,7,3,0.7837903150668858,0.9477381798022667,1
66,2018,8,4,0.7585535546036322,1.122813322320922,1
66,2018,9,1,2.213653734835153,2.213653734835153,1
66,2018,11,1,0.9796935155848772,0.9796935155848772,1
66,2018,12,3,0.8873951535569025,1.1461509972629278,1
66,2019,1,1,0.9506356080668252,0.9506356080668252,1
66,2019,2,2,0.874780433735365,0.9388310747419806,1
66,2019,4,3,0.4333113233614947,1.1393705770103448,1
66,2019,5,2,0.7417694273793765,1.234824339390439,1
66,2019,6,4,0.1621432089471809,0.5362625687991955,1
66,2019,7,8,0.874780433735365,1.629510431732498,1
66,2019,8,3,0.2778875511761648,0.8074703580496387,1
66,2019,9,5,0.6485531286503302,1.0570251980127898,1
66,2019,10,5,0.7050624668467446,1.4567057042475589,1
66,2019,12,1,1.0407265950301974,1.0407265950301974,1
66,2020,1,1,1.7148486581918885,1.7148486581918885,1
66,2020,2,1,0.8259281566108678,0.8259281566108678,1
66,2020,3,3,0.3409706864423478,1.3247647876144726,1
66,2020,4,1,2.48202789281211,2.48202789281211,1
66,2020,5,1,1.1529458216231598,1.1529458216231598,1
66,2020,6,2,0.6576862318161363,0.8292761296361262,1
66,2020,7,4,1.0264123716254856,1.2124969398936558,1
66,2020,8,2,0.70653474144837,1.2224622772111737,1
66,2020,9,1,2.493726055125003,2.493726055125003,1
66,2020,10,1,0.9676249047779236,0.9676249047779236,1
66,2020,11,1,1.7935676777993474,1.7935676777993474,1
66,2021,1,2,0.8631766789252876,1.3592260784388002,1
66,2021,3,1,0.7609707493421238,0.7609707493421238,1
66,2021,4,1,1.168793702521311,1.168793702521311,1
66,2021,5,2,0.439943331566863,0.8998194162233392,1
66,2021,6,2,0.7609707493421238,1.5425445703618355,1
66,2021,7,2,0.2479931744600429,0.5678156049545823,1
66,2021,8,1,0.9801599238769142,0.9801599238769142,1
66,2021,9,2,0.3820229180741184,0.5714968337081211,1
66,2021,12,1,1.8343696057608003,1.8343696057608003,1
66,2022,1,1,2.2641100080627954,2.2641100080627954,1
66,2022,2,1,0.2479931744600429,0.2479931744600429,1
66,2022,3,2,0.4104357048258399,0.6382715514003972,1
66,2022,4,1,0.4579225705062074,0.4579225705062074,1
66,2022,5,4,0.382022806529076,1.076414145597265,1
66,2022,6,2,0.6531003686287227,1.3187336940950418,1
66,2022,7,6,0.2508140298953301,0.8402318154034906,1
66,2022,8,3,0.738985248703365,1.399125826242184,1
66,2022,9,1,0.9654305531320954,0.9654305531320954,1
66,2022,10,1,0.8155740637471712,0.8155740637471712,1
66,2022,11,2,1.040157130327044,1.2368433249515842,1
66,2022,12,4,0.6813032623663394,1.010633126393103,1
66,2023,1,1,1.6068375245988389,1.6068375245988389,1
66,2023,3,2,0.2982289942986578,0.5564228214093598,1
66,2023,4,1,2.263200979155107,2.263200979155107,1
66,2023,5,7,0.5608899726028513,1.0837008528960321,1
66,2023,6,5,0.7702190421439252,1.427789472554699,1
66,2023,7,3,1.2360054515285084,1.749269651230079,1
66,2023,8,3,0.3823228775278912,1.0508726587004344,1
66,2023,9,3,0.5649369645329347,0.7223215578642286,1
66,2023,10,3,0.618487592458191,0.8827935641967167,1
66,2023,11,1,1.3037398103905218,1.3037398103905218,1
66,2023,12,1,2.1693684414637877,2.1693684414637877,1
66,2024,2,3,0.246511781964801,1.481347435944169,1
66,2024,3,3,0.7137164540943317,0.9694883062455711,1
66,2024,4,6,0.6504989334283269,1.344102735470852,1
66,2024,5,3,1.0029486337381903,1.593743794478238,1
66,2024,6,3,0.3823228775278912,1.2546270208737267,1
66,2024,7,3,0.2464159043592618,0.7831275311841139,1
66,2024,8,4,0.5875572154643118,1.1816293520117127,1
66,2024,9,3,0.7605376194057764,1.6815819638260407,1
66,2024,10,1,1.174542480917062,1.174542480917062,1
66,2024,12,2,0.3693419576461673,0.39448765054912055,1
67,2017,1,7,1.377779991331613,2.14970308528591,1
67,2017,2,3,1.793341476293128,2.0285423251439436,1
67,2017,3,8,0.2280883684181537,1.7468316932657153,1
67,2017,4,4,1.3897121217935855,1.7092265765038355,1
67,2017,5,6,1.1187558021721773,1.4423237877789072,1
67,2017,6,2,0.4435420596060836,1.370013086223754,1
67,2017,8,8,0.1818810978993206,1.6171543840765814,1
67,2017,9,6,1.3728586411953092,1.8326004063926435,1
67,2017,10,5,1.1951680488863925,1.9387297399434409,1
67,2017,11,7,1.2297474830151454,1.7877927009823702,1
67,2017,12,11,0.8141958350570114,1.556658552555239,1
67,2018,1,4,1.4405583376205269,1.8793785123544364,1
67,2018,2,4,1.0629555936892254,1.5350687283176416,1
67,2018,3,1,2.085310771963406,2.085310771963406,1
67,2018,4,6,0.7965941563863194,1.5235384532031429,1
67,2018,5,8,0.6750254426959263,1.709547586987558,1
67,2018,6,6,1.1999952962939553,1.4508437881386247,1
67,2018,7,8,1.2825846880858,1.9501326920069562,1
67,2018,8,7,1.007640188591235,1.7316051646726405,1
67,2018,9,5,1.2297474830151454,1.5527454627888715,1
67,2018,10,8,0.8970695272182442,1.6450229850522633,1
67,2018,11,8,1.3316765195194318,1.733319358524586,1
67,2018,12,6,0.2280883684181537,1.8650846511457893,1
67,2019,1,10,0.6703009501162985,1.8111921433614977,1
67,2019,2,4,0.8776085361579739,1.5338399807577854,1
67,2019,3,6,0.6718051699296427,1.580559655347263,1
67,2019,4,7,0.2273030715358878,1.7400363786176618,1
67,2019,5,6,1.338390321360264,1.9169872808996156,1
67,2019,6,5,1.3327132012814795,1.860240986781014,1
67,2019,7,9,0.486257749716831,1.8225043284322444,1
67,2019,8,4,1.5829239239745585,2.191667756668336,1
67,2019,9,2,1.3090788087137066,1.8625495063248392,1
67,2019,10,5,2.144107091032809,2.228421767611297,1
67,2019,11,10,0.4842364267467073,1.7551135102706101,1
67,2019,12,7,1.3485671890825757,1.9078192592711143,1
67,2020,1,6,1.3957678347163165,1.786375815888797,1
67,2020,2,10,1.3803990598787848,2.033988811771583,1
67,2020,3,3,1.269065853747228,2.037300227584217,1
67,2020,4,1,2.2821163743099544,2.2821163743099544,1
67,2020,5,5,0.837029548693507,1.6912362985614908,1
67,2020,6,4,1.3849719398620692,1.9807279491310392,1
67,2020,7,3,1.004208192248554,1.2468337896831228,1
67,2020,8,5,0.9111308604882464,1.4763511171474104,1
67,2020,9,10,0.6166061509081366,1.6472576151690184,1
67,2020,10,2,1.4072956238660723,1.930902541673694,1
67,2020,11,6,1.269065853747228,1.905544816383433,1
67,2020,12,5,0.1821734288772756,1.0765544526054023,1
67,2021,1,2,1.5774683370726093,2.024409681292975,1
67,2021,2,3,1.6740843438023136,1.9472291684084697,1
67,2021,3,6,0.1821737669741139,1.51700713859493,1
67,2021,4,5,1.4072956238660723,1.988036684721291,1
67,2021,5,2,1.3589408097281857,1.8678674621112128,1
67,2021,6,7,0.1821737669741139,1.4663212817816125,1
67,2021,7,6,1.5774683370726093,2.021417863335902,1
67,2021,8,7,1.180538465435251,1.69067736162179,1
67,2021,9,6,0.6871145456789574,1.7838082073389732,1
67,2021,10,8,0.7576194152845133,1.7117742806545593,1
67,2021,11,5,1.2297644982586031,2.101963979174374,1
67,2021,12,3,1.507633570317094,1.8438641170924956,1
67,2022,1,5,0.1821737669741139,1.2958751694480344,1
67,2022,2,6,0.961126750854213,1.757399748894228,1
67,2022,3,5,0.7576194152845133,1.7261436154369378,1
67,2022,4,7,0.7102738192288929,1.6664165494097414,1
67,2022,5,8,0.6329754453821104,1.5041815404687977,1
67,2022,6,10,0.3476397555122929,1.9279755536678629,1
67,2022,7,12,0.18217377534787,1.6991853180587075,1
67,2022,8,10,0.18217377534787,1.6769342273957022,1
67,2022,9,11,0.6652278788405891,1.4932124645400824,1
67,2022,10,8,1.128909659017154,1.929963884153983,1
67,2022,11,5,1.1238992366955156,1.60928374767779,1
67,2022,12,4,1.0292515227590309,1.4802747442412882,1
67,2023,1,9,0.8438138406076624,1.6471545768134892,1
67,2023,2,8,1.3485661420141783,1.7712282497726508,1
67,2023,3,7,0.8257837772228516,1.5477897441519224,1
67,2023,4,2,1.8082078976244769,2.1403896247312675,1
67,2023,5,8,1.3316761982828884,1.9723597367330246,1
67,2023,6,5,0.181873581363311,1.0629898894331726,1
67,2023,7,10,0.0661062967617774,1.5798833727332313,1
67,2023,8,7,1.0060968702943345,1.7376446810933008,1
67,2023,9,7,0.181873581363311,1.663222886290815,1
67,2023,10,5,1.2109107575007347,1.640106471183347,1
67,2023,11,5,0.8115641806276301,1.3968484118215083,1
67,2023,12,3,1.3494186541938489,1.5725481838688662,1
67,2024,1,5,1.6926518716968066,1.9473033085376337,1
67,2024,2,5,1.0060637969734478,1.395478173427007,1
67,2024,3,5,1.2539558536209088,1.7468215861274978,1
67,2024,4,6,0.390448503317598,1.5710231819601483,1
67,2024,5,6,0.6905543522366461,1.6799597545025122,1
67,2024,6,3,1.6625342630072435,1.9181410537850947,1
67,2024,7,3,1.3513443904772582,1.640678373699613,1
67,2024,8,2,0.9651112457521512,1.2826321711169497,1
67,2024,9,2,1.5698420033767468,1.9332426326998304,1
67,2024,10,11,0.75366600191161,1.695490328910614,1
67,2024,11,3,1.0060637969734478,1.9197000518809315,1
67,2024,12,5,1.1096771309519762,1.7511915470418373,1
68,2017,1,6,1.3862184268370945,2.1025111496235236,1
68,2017,2,3,1.7769728590762015,2.0307445865140146,1
68,2017,3,8,0.2417511752259352,1.7528670967564952,1
68,2017,4,4,1.3987489809467673,1.7116446563825956,1
68,2017,5,6,1.108724267100897,1.4459807169444463,1
68,2017,6,2,0.4313440610562812,1.371971263083131,1
68,2017,8,8,0.166271144115652,1.6178443094721073,1
68,2017,9,6,1.3801344284663537,1.8440137887865446,1
68,2017,10,5,1.214363129349921,1.9517768839470164,1
68,2017,11,7,1.242089626229112,1.7996646657745974,1
68,2017,12,11,0.7950886059637252,1.558140623395598,1
68,2018,1,4,1.451120768021148,1.887931631468819,1
68,2018,2,4,1.0757525708638307,1.5452920366549256,1
68,2018,3,1,2.089028527910924,2.089028527910924,1
68,2018,4,6,0.8104241770350328,1.5243512186867727,1
68,2018,5,6,0.6893350233291541,1.451064901355936,1
68,2018,6,6,1.208724884972487,1.453810230480822,1
68,2018,7,8,1.297014944868711,1.9586779685321547,1
68,2018,8,7,0.989934178431865,1.7344085190945522,1
68,2018,9,5,1.242089626229112,1.557903205043014,1
68,2018,10,7,0.8825478806767393,1.5204877628249596,1
68,2018,11,8,1.3464786348619897,1.7332300830168554,1
68,2018,12,6,0.2417511752259352,1.8745082582749972,1
68,2019,1,10,0.6881319028777484,1.8189465327610812,1
68,2019,2,4,0.8933282679543152,1.5424100773528677,1
68,2019,3,6,0.6861766588006565,1.5826348156124606,1
68,2019,4,7,0.2410036701654349,1.7548457525593892,1
68,2019,5,6,1.3417138464883578,1.9246275615275275,1
68,2019,6,5,1.3466998534826626,1.8694729487673918,1
68,2019,7,9,0.5006097170916586,1.8227825593825275,1
68,2019,8,4,1.569400501152872,2.2002577832193415,1
68,2019,9,2,1.3196709734193366,1.8758142168158687,1
68,2019,10,5,2.1546655063693763,2.237446486946167,1
68,2019,11,10,0.4998754497883654,1.764714179612071,1
68,2019,12,7,1.3494448095235227,1.9052280561698531,1
68,2020,1,6,1.40739844537424,1.7940312817710797,1
68,2020,2,10,1.38894975220686,2.038719354706097,1
68,2020,3,3,1.286211148843033,2.0516537244300155,1
68,2020,4,1,2.301250097167315,2.301250097167315,1
68,2020,5,5,0.8220447611537558,1.6950956186493407,1
68,2020,6,4,1.3702032712410224,1.9828920221639095,1
68,2020,7,3,0.9864738978298072,1.2471220439242752,1
68,2020,8,5,0.927116001049954,1.4789709949506498,1
68,2020,9,10,0.6033067350026895,1.6467806669997944,1
68,2020,10,2,1.417330437439029,1.9438149915317298,1
68,2020,11,6,1.286211148843033,1.9157582063445757,1
68,2020,12,5,0.1666733331654909,1.0817466731860637,1
68,2021,1,2,1.590646163128138,2.0383323015684645,1
68,2021,2,3,1.6653721814229985,1.940720723313661,1
68,2021,3,6,0.1666736928256851,1.518743537001629,1
68,2021,4,5,1.417330437439029,1.991438637200146,1
68,2021,5,2,1.3705035788033602,1.88185897057734,1
68,2021,6,7,0.1666736928256851,1.4756970062473638,1
68,2021,7,6,1.590646163128138,2.0309501055102817,1
68,2021,8,7,1.191869396775057,1.696746820386857,1
68,2021,9,6,0.7062669724606657,1.789903167917094,1
68,2021,10,8,0.7716242990480393,1.7216307254501824,1
68,2021,11,5,1.2406834274868097,2.102107073597879,1
68,2021,12,3,1.5213190954024045,1.846743614024244,1
68,2022,1,5,0.1666736928256851,1.3034139964076696,1
68,2022,2,6,0.9724974645710448,1.7619512247014695,1
68,2022,3,5,0.7716242990480393,1.7297272960976553,1
68,2022,4,7,0.7244910676213181,1.6718102712159875,1
68,2022,5,8,0.6474172114169743,1.5153325693756732,1
68,2022,6,10,0.3323905492453885,1.9313923603505967,1
68,2022,7,12,0.1666736899973354,1.7023996634355794,1
68,2022,8,10,0.1666736899973354,1.6794126766428117,1
68,2022,9,11,0.6796203648202465,1.5022528816464897,1
68,2022,10,8,1.14572902631784,1.9404922432306528,1
68,2022,11,5,1.1407215895752472,1.620225230945818,1
68,2022,12,4,1.0117609534044718,1.4829224362566122,1
68,2023,1,9,0.8278093326162583,1.6537354137616156,1
68,2023,2,8,1.3494437629694502,1.7798711423575537,1
68,2023,3,7,0.827449754269101,1.5552609297649675,1
68,2023,4,2,1.7917083458259608,2.1394061756612697,1
68,2023,5,7,1.3464783117553971,1.9079163299266206,1
68,2023,6,5,0.1663503670497291,1.0575575559945443,1
68,2023,7,10,0.0828085857342157,1.589511546053968,1
68,2023,8,7,0.9883758861288064,1.7425964922027404,1
68,2023,9,6,0.1663503670497291,1.52743285603533,1
68,2023,10,5,1.221968693516259,1.6519836259212919,1
68,2023,11,5,0.8293176649101512,1.410530957123013,1
68,2023,12,3,1.3598297632463845,1.5797684085097845,1
68,2024,1,6,1.6990578390101014,2.046257248911493,1
68,2024,2,5,0.9883424931573568,1.4001911320461586,1
68,2024,3,5,1.267091158606414,1.7544947715623074,1
68,2024,4,6,0.3754459597248235,1.573621545129664,1
68,2024,5,6,0.7048542315392119,1.6851907546485252,1
68,2024,6,3,1.6765993751124737,1.9305524998966963,1
68,2024,7,3,1.3522461118784568,1.646007817706017,1
68,2024,8,2,0.9505830582379398,1.2827027093178964,1
68,2024,9,2,1.5842069186032055,1.9484830543626284,1
68,2024,10,11,0.7676789905874863,1.7041395780077693,1
68,2024,11,3,0.9883424931573568,1.920764157737633,1
68,2024,12,5,1.1219108309971826,1.7465488544750811,1
69,2017,1,16,0.2586276558017038,1.2453703921725137,1
69,2017,2,11,0.3097766643897496,1.1368051005812942,1
69,2017,3,20,0.4486710708710421,1.3557176038969532,1
69,2017,4,18,0.2551335229084664,1.2128130768708343,1
69,2017,5,18,0.585315847235055,1.400210032442836,1
69,2017,6,24,0.3034664916943439,1.2998702748663502,1
69,2017,7,14,0.2105124775917598,1.3363782375333437,1
69,2017,8,17,0.2105124775917598,1.3683087993534315,1
69,2017,9,23,0.1938138548508292,1.1264836770988507,1
69,2017,10,22,0.0587915134990887,1.4714509303450756,1
69,2017,11,26,0.0187613917628084,1.4445107194664237,1
69,2017,12,12,0.5575763285068907,1.433807016588414,1
69,2018,1,17,0.362430128885686,1.292837429260193,1
69,2018,2,18,0.2817965117643425,1.4717292546527645,1
69,2018,3,17,0.2105124775917598,1.1730013569173232,1
69,2018,4,15,0.3410871643340941,1.4774957991239401,1
69,2018,5,27,0.2157864930319071,1.261901509304519,1
69,2018,6,22,0.2365185220129066,1.1596464764317518,1
69,2018,7,11,0.3466279584672385,1.1767437085376014,1
69,2018,8,17,0.6980430929502632,1.7296541307976139,1
69,2018,9,10,0.3966929411369908,1.055353218193724,1
69,2018,10,23,0.3670501185528618,1.282260065294362,1
69,2018,11,16,0.2105124775917598,1.4934071922148136,1
69,2018,12,10,0.2319806816689889,1.1101279293796675,1
69,2019,1,21,0.3865218720907565,1.292725704596321,1
69,2019,2,21,0.2944915184312523,1.5325248791962092,1
69,2019,3,22,0.4227196149969542,1.5466016910291858,1
69,2019,4,17,0.0186201698467805,1.1560368070952767,1
69,2019,5,27,0.0276038711779012,1.3870572921181281,1
69,2019,6,19,0.7503778471603765,1.5537146407624494,1
69,2019,7,29,0.3865218720907565,1.3820644810275742,1
69,2019,8,17,0.2107365266659514,0.957077873038485,1
69,2019,9,29,0.2362693954384554,1.312539639203211,1
69,2019,10,39,0.2319414912728911,1.2647541055114597,1
69,2019,11,31,0.236688699221597,1.292443761039628,1
69,2019,12,19,0.2272523769619283,1.3961875852646728,1
69,2020,1,32,0.2177976879760384,1.4013651938558367,1
69,2020,2,23,0.3373898246511436,1.312773237640087,1
69,2020,3,13,0.4248356090074112,1.3175180980761139,1
69,2020,4,9,0.4801993302413668,1.1680654734773244,1
69,2020,5,18,0.2979403966108379,1.423985416957761,1
69,2020,6,24,0.2944915184312523,1.3994986444752102,1
69,2020,7,15,0.7496182647937262,1.4496540780534604,1
69,2020,8,23,0.481964735461776,1.2165825049503385,1
69,2020,9,25,0.1979073941028906,1.4327921859789798,1
69,2020,10,23,0.2107365266659514,1.0304061620076788,1
69,2020,11,14,0.0526499304785537,1.3099665927336743,1
69,2020,12,16,0.3618593971710827,0.9175838282095199,1
69,2021,1,13,0.3362288346294117,1.4308043283993788,1
69,2021,2,11,0.6904883697032568,1.1818850173171347,1
69,2021,3,18,0.2107365266659514,1.1918637324696346,1
69,2021,4,21,0.1635596022480784,1.5136575387526103,1
69,2021,5,24,0.247615937817352,1.2450224111028605,1
69,2021,6,23,0.1741104918583593,1.3924346016454954,1
69,2021,7,24,0.1173522633010742,1.481576823548832,1
69,2021,8,19,0.4077635584483785,1.3459246948269517,1
69,2021,9,34,0.2370627251252958,1.2398224881639568,1
69,2021,10,43,0.2107365266659514,1.3852192838498079,1
69,2021,11,36,0.2107365266659514,1.2873877269085117,1
69,2021,12,17,0.3953095275031164,0.9367421022187679,1
69,2022,1,14,0.6262795368454492,1.3708772595637178,1
69,2022,2,16,0.2107365266659514,1.5770653415331113,1
69,2022,3,27,0.0186206151933724,1.3589810197901135,1
69,2022,4,20,0.4248357506540192,1.3166833740843118,1
69,2022,5,38,0.2107364568272103,1.2606646426407264,1
69,2022,6,27,0.4801997244665432,1.4813422983467983,1
69,2022,7,13,0.228623090338952,0.9560519362427132,1
69,2022,8,18,0.3672577541471092,1.3529834227797803,1
69,2022,9,30,0.297940898333529,1.2500938861827995,1
69,2022,10,35,0.1821012437542449,1.2253205014616104,1
69,2022,11,25,0.03467939881977,1.3932319458887832,1
69,2022,12,27,0.1878470657040885,1.1689295009146097,1
69,2023,1,14,0.3981150443177604,1.2027060811321117,1
69,2023,2,19,0.2094130756623804,1.4367696286072567,1
69,2023,3,17,0.2979409372596358,1.168009400133681,1
69,2023,4,21,0.1621030056040507,1.2235601877476574,1
69,2023,5,20,0.2104097074936522,1.41674638247479,1
69,2023,6,28,0.2354596856136305,1.4120162613277325,1
69,2023,7,22,0.3616359759814924,1.178359159009938,1
69,2023,8,21,0.199480845055911,1.3159571565582147,1
69,2023,9,35,0.1809355502891822,1.2621180784390589,1
69,2023,10,32,0.4078628354904909,1.5276468188440049,1
69,2023,11,18,0.3924119021591119,1.4369754941896518,1
69,2023,12,27,0.2529222543400696,1.39614637093119,1
69,2024,1,15,0.4471297083809215,1.3572068559046464,1
69,2024,2,13,0.5851337089014284,1.3996948279610602,1
69,2024,3,23,0.4242868515728357,1.3433449171604883,1
69,2024,4,22,0.3670497240842971,1.2053044068630068,1
69,2024,5,27,0.1820804034041764,1.2277400382491337,1
69,2024,6,28,0.2049038523455521,1.2036444767640275,1
69,2024,7,15,0.5850882549883831,1.5382480901318099,1
69,2024,8,14,0.1898161282776515,1.137023460386934,1
69,2024,9,19,0.4660154687932827,1.4351340782194155,1
69,2024,10,37,0.1789426595849574,1.231675219953388,1
69,2024,11,23,0.199480845055911,1.4680336242860363,1
69,2024,12,16,0.6255778910890276,1.4788525006080124,1
70,2017,1,1,0.6913890313285409,0.6913890313285409,1
70,2017,2,3,0.716317020967937,0.9995917671650406,1
70,2017,3,3,0.5001675570524798,1.168455222186025,1
70,2017,5,1,2.267009209944043,2.267009209944043,1
70,2017,6,4,0.8528241873856054,1.4404616696416013,1
70,2017,8,4,0.1901865516471831,1.0070356401707978,1
70,2017,9,3,0.3114354900038177,0.8923120731250211,1
70,2017,10,2,1.2864931186742847,1.8420598780781463,1
70,2017,11,2,0.4038494043479583,0.6063919109731044,1
70,2017,12,1,1.6534560786303758,1.6534560786303758,1
70,2018,1,1,1.8308550967363972,1.8308550967363972,1
70,2018,3,1,1.9261626074084115,1.9261626074084115,1
70,2018,4,7,0.5055058213837926,1.1794648379153558,1
70,2018,5,3,0.1901865516471831,1.010560122371229,1
70,2018,6,1,0.6913890313285409,0.6913890313285409,1
70,2018,7,2,0.5960930814925218,1.4206986169163818,1
70,2018,8,2,0.4240164644935713,1.1297438651167917,1
70,2018,9,5,0.1901865516471831,0.906738279580097,1
70,2018,10,4,1.0786722954430945,1.7100255181055088,1
70,2018,11,1,2.333098579248328,2.333098579248328,1
70,2018,12,3,0.8169401683361049,1.614393371720366,1
70,2019,1,2,0.4044962652835965,1.42763725003774,1
70,2019,2,3,0.2628260794134045,1.5354807221828104,1
70,2019,3,1,1.081089526305339,1.081089526305339,1
70,2019,4,2,1.3059432724961373,1.5380085709337226,1
70,2019,5,7,0.2454368065300869,0.9819455049245484,1
70,2019,6,4,0.5620548488419109,1.0714914805678597,1
70,2019,7,1,1.6335308366958,1.6335308366958,1
70,2019,10,2,0.7043882435786234,1.592356404548953,1
70,2019,11,4,0.1865476774772394,0.8693934440005885,1
70,2019,12,1,0.8289925745814309,0.8289925745814309,1
70,2020,1,3,0.2720649371345744,1.6790404574793503,1
70,2020,3,4,0.4327710102861297,1.3354733353876003,1
70,2020,5,1,0.5620548488419109,0.5620548488419109,1
70,2020,6,2,1.7917319148318387,2.1150170808392357,1
70,2020,8,2,0.2348184255255871,0.3707148436707952,1
70,2020,9,2,0.5620548488419109,0.9916944426830983,1
70,2020,11,1,1.3947327330873078,1.3947327330873078,1
70,2021,2,1,1.274338219380094,1.274338219380094,1
70,2021,3,1,1.5331870803720582,1.5331870803720582,1
70,2021,5,2,0.4050317847192304,1.0098678810882977,1
70,2021,6,3,0.887299354769166,1.8126173687624927,1
70,2021,7,3,0.617853590765878,1.501667303834221,1
70,2021,8,2,0.4157923284571603,1.3909046111787187,1
70,2021,9,2,0.4438587917388444,1.034921448677728,1
70,2021,10,2,1.591689830360112,1.811895827596986,1
70,2021,12,5,0.4044962652835965,1.5286302908363512,1
70,2022,4,3,0.9422471796263274,1.3564118360505917,1
70,2022,6,4,1.2922381313924545,1.6801524139664374,1
70,2022,7,1,2.3478184909325632,2.3478184909325632,1
70,2022,8,7,0.3171498824713636,1.4075527963697003,1
70,2022,9,4,1.0899616077731409,1.805064868433754,1
70,2022,10,3,0.61557877871735,1.0788187681600705,1
70,2022,11,1,1.511589811089416,1.511589811089416,1
70,2022,12,3,0.3171498824713636,1.485047201735596,1
70,2023,1,3,0.6904193851013259,1.161084745189907,1
70,2023,2,3,0.0953958364406987,0.7613922455134126,1
70,2023,3,2,0.0953958364406987,0.35548733033515173,1
70,2023,4,1,0.2927217842154177,0.2927217842154177,1
70,2023,5,1,1.469975248952382,1.469975248952382,1
70,2023,6,3,0.357632390825767,0.9105246360772563,1
70,2023,7,1,1.634144872475778,1.634144872475778,1
70,2023,8,1,0.1309714941956717,0.1309714941956717,1
70,2023,9,1,2.063790567685749,2.063790567685749,1
70,2023,10,2,0.4050633342069002,1.4513992743756445,1
70,2023,11,4,0.6165348175754157,1.3898276271703607,1
70,2023,12,2,1.6225453457797243,2.040139198306482,1
70,2024,1,3,1.4213493333622784,1.4767649601926378,1
70,2024,2,4,1.2842223012729057,1.7362785097498263,1
70,2024,3,2,2.3770792610294387,2.4174061559313387,1
70,2024,5,1,1.4252737063475638,1.4252737063475638,1
70,2024,6,5,0.4977847998277223,1.1462965781343575,1
70,2024,7,6,1.0814685106128648,1.7025314686456638,1
70,2024,8,3,0.6167874714738294,1.4542799888343332,1
70,2024,9,1,2.1556819643498724,2.1556819643498724,1
70,2024,10,1,2.300344377084077,2.300344377084077,1
70,2024,11,2,0.2701839766800479,0.502340675852744,1
70,2024,12,1,1.8241314240798217,1.8241314240798217,1
71,2017,1,1,0.8404455796205156,0.8404455796205156,1
71,2017,2,3,0.7133386789695935,1.0465158387362836,1
71,2017,3,3,0.4895904394040402,1.114058886206135,1
71,2017,5,1,2.1176122644217945,2.1176122644217945,1
71,2017,6,4,0.7143508771175271,1.364419320390841,1
71,2017,8,4,0.1571674901591182,1.0163412419680657,1
71,2017,9,3,0.2957943948172969,0.975680216903887,1
71,2017,10,2,1.285683558351946,1.7842858521521032,1
71,2017,11,2,0.5523241247201554,0.6770243715557364,1
71,2017,12,1,1.691266045767729,1.691266045767729,1
71,2018,1,1,1.9797058191762944,1.9797058191762944,1
71,2018,3,1,1.9218991656935256,1.9218991656935256,1
71,2018,4,7,0.5010202432813678,1.2385795803365782,1
71,2018,5,3,0.1571674901591182,0.9001504492407227,1
71,2018,6,1,0.8404455796205156,0.8404455796205156,1
71,2018,7,2,0.5907322932446107,1.3438593541085964,1
71,2018,8,2,0.4171458950992525,1.2007337669502425,1
71,2018,9,5,0.1571674901591182,0.8973587803094898,1
71,2018,10,4,1.223542011417971,1.7826254272723274,1
71,2018,11,1,2.4819147954126164,2.4819147954126164,1
71,2018,12,3,0.936524367041201,1.6966232042669107,1
71,2019,1,2,0.5529828932208214,1.5001276825829353,1
71,2019,2,3,0.2535981446435393,1.4640176201522486,1
71,2019,3,1,1.0759515074009556,1.0759515074009556,1
71,2019,4,2,1.1566907847347094,1.5378083020787172,1
71,2019,5,7,0.2245923281487172,0.9695361772377913,1
71,2019,6,4,0.5538132232608974,1.036933485535656,1
71,2019,7,1,1.764610786673138,1.764610786673138,1
71,2019,10,2,0.6962863362060461,1.5885352009587108,1
71,2019,11,4,0.1521862477267645,0.8578459802031251,1
71,2019,12,1,0.9780034147242246,0.9780034147242246,1
71,2020,1,3,0.2566420723643287,1.671777410110921,1
71,2020,3,4,0.5817846935507947,1.3887915967641367,1
71,2020,5,1,0.5538132232608974,0.5538132232608974,1
71,2020,6,2,1.9405825711838467,2.1251911569571567,1
71,2020,8,2,0.2019469150492235,0.3516132340587158,1
71,2020,9,2,0.5538132232608974,1.0620182832779195,1
71,2020,11,1,1.2455671779355575,1.2455671779355575,1
71,2021,2,1,1.1250568051342482,1.1250568051342482,1
71,2021,3,1,1.5343326560245054,1.5343326560245054,1
71,2021,5,2,0.3925794329044011,1.0109542945083227,1
71,2021,6,3,0.8808097587028572,1.8602124981107762,1
71,2021,7,3,0.731049086891497,1.6048943687071633,1
71,2021,8,2,0.4088229879786102,1.4530535324891585,1
71,2021,9,3,0.3034604881117752,1.477317292481483,1
71,2021,10,2,1.7321190669341813,1.8801733054163048,1
71,2021,12,5,0.5529828932208214,1.5280243474912947,1
71,2022,2,1,2.364092246996089,2.364092246996089,1
71,2022,4,3,0.9362231205519002,1.3936473431865914,1
71,2022,6,4,1.419208956718623,1.7163946731633017,1
71,2022,7,1,2.199537166945368,2.199537166945368,1
71,2022,8,7,0.3019093283680484,1.384333393619551,1
71,2022,9,4,1.1838065286055512,1.8116928177217297,1
71,2022,10,3,0.6021134952278613,1.0242599534419907,1
71,2022,11,1,1.660466531845581,1.660466531845581,1
71,2022,12,3,0.3019093283680484,1.4893407342143803,1
71,2023,1,4,0.8394722827420138,1.6042886491556811,1
71,2023,2,3,0.070895313690237,0.7956842713610291,1
71,2023,3,2,0.070895313690237,0.3365044299843857,1
71,2023,4,1,0.1887783411752759,0.1887783411752759,1
71,2023,5,1,1.504529341721237,1.504529341721237,1
71,2023,6,3,0.343737929424877,0.9057205256138389,1
71,2023,7,1,1.6691900278650476,1.6691900278650476,1
71,2023,8,1,0.046804426730231,0.046804426730231,1
71,2023,9,1,2.0599752178683266,2.0599752178683266,1
71,2023,10,1,0.3925972601574151,0.3925972601574151,1
71,2023,11,4,0.6032194242717571,1.3669017869270272,1
71,2023,12,2,1.7622058288082147,2.110218354390801,1
71,2024,1,3,1.5702394895863518,1.6250658126099615,1
71,2024,2,4,1.1349453150651376,1.7067916396750948,1
71,2024,3,2,2.228778157231336,2.3435045186023618,1
71,2024,5,1,1.420891583913963,1.420891583913963,1
71,2024,6,5,0.4871738591748655,1.142454768922724,1
71,2024,7,6,1.02366649056033,1.7125810025158978,1
71,2024,8,2,0.6034107452687326,0.9841203080335512,1
71,2024,9,1,2.0072984939711223,2.0072984939711223,1
71,2024,10,1,2.2423535213605863,2.2423535213605863,1
71,2024,11,2,0.2548325347977456,0.5601371149852049,1
71,2024,12,1,1.8200349485921927,1.8200349485921927,1
72,2017,1,3,1.571815686854838,1.683625775064307,1
72,2017,2,1,1.9112056372061563,1.9112056372061563,1
72,2017,3,3,0.5925112548543344,1.6277569567720425,1
72,2017,4,3,0.2507107657287521,1.3104532330293506,1
72,2017,5,3,1.8614178365600795,1.8964516432633094,1
72,2017,6,3,1.9170149027935863,2.0166143125778544,1
72,2017,7,2,1.7465375943060917,2.016130590146922,1
72,2017,8,4,1.8507660614040864,2.1051322013294707,1
72,2017,9,2,0.5925112548543344,1.0226144673723045,1
72,2017,10,3,1.0933027700163618,1.814489199858892,1
72,2017,11,2,1.306187702295612,1.394300972737832,1
72,2017,12,2,1.8657073416814856,1.9664107842636023,1
72,2018,1,3,1.597899922500304,1.9817716100187222,1
72,2018,3,2,2.349776978083343,2.3882732005176592,1
72,2018,4,2,1.8740400582558592,2.108669081040297,1
72,2018,5,3,2.0671142268457188,2.306928521531822,1
72,2018,6,1,1.2076251803001656,1.2076251803001656,1
72,2018,7,2,1.4677504305853817,1.6236145221031384,1
72,2018,8,1,1.3172426051468704,1.3172426051468704,1
72,2018,9,3,2.251495152467696,2.3256354476815964,1
72,2018,10,1,1.31094413819557,1.31094413819557,1
72,2018,11,2,2.0671142268457188,2.1578605757810436,1
72,2018,12,1,1.6304769383120543,1.6304769383120543,1
72,2019,1,1,2.049402296317276,2.049402296317276,1
72,2019,2,2,0.4864587793151995,1.4665249689050508,1
72,2019,3,3,0.8283257565033125,1.7967642828187873,1
72,2019,4,2,1.486039125998622,1.701982721293775,1
72,2019,5,2,0.084888949984071,0.6028241158575973,1
72,2019,6,5,0.5946585431081873,1.3280602782797082,1
72,2019,7,1,1.8270226990266745,1.8270226990266745,1
72,2019,8,5,1.490517646306462,2.1598690708536408,1
72,2019,9,4,1.650410555485366,1.9021296224571713,1
72,2019,10,4,0.1395773811096192,1.4479157096650361,1
72,2019,11,1,0.1069410805169434,0.1069410805169434,1
72,2019,12,4,1.3113838485423754,1.7099555231734636,1
72,2020,1,3,1.9644853955002404,2.064327196169423,1
72,2020,2,5,0.3740721315575288,1.8419865823971384,1
72,2020,4,2,1.5324959855784643,1.837877241897246,1
72,2020,5,3,1.5172238397666502,1.9700088093250485,1
72,2020,6,4,0.2111279399482914,1.7550190031971409,1
72,2020,7,1,2.2281384883837463,2.2281384883837463,1
72,2020,8,3,1.7209754730667512,2.107058102972939,1
72,2020,9,2,1.981753146517216,2.0405729468211726,1
72,2020,10,1,2.2281384883837463,2.2281384883837463,1
72,2020,11,4,1.708793280493533,2.0466923550933105,1
72,2021,1,1,1.8657073416814856,1.8657073416814856,1
72,2021,2,2,1.4958603768624652,1.8427013891647985,1
72,2021,4,3,2.099002176583493,2.1808322479164324,1
72,2021,5,2,1.6466288608081892,2.015001515078536,1
72,2021,6,1,1.97988926829166,1.97988926829166,1
72,2021,9,2,0.935324087790336,1.0648359505027343,1
72,2021,10,2,1.7794786136208949,1.9079252927486032,1
72,2021,11,4,0.0183314138736273,1.4636133726904559,1
72,2021,12,2,2.0385766528126834,2.1786547054512875,1
72,2022,1,2,1.977479094515213,1.9786841814034366,1
72,2022,2,5,1.1550002156613643,1.8409664714702316,1
72,2022,3,1,2.4985324160161686,2.4985324160161686,1
72,2022,4,4,1.630622287519223,2.0275083758793366,1
72,2022,5,4,0.8463195896989193,1.7876836200375696,1
72,2022,6,4,0.7084636145565604,1.5403117491489313,1
72,2022,7,2,1.837725013655168,1.9190475899634314,1
72,2022,8,6,0.7277271430303991,1.619715322579734,1
72,2022,9,5,0.4608980958243863,1.8463367705396418,1
72,2022,10,6,1.5625374195055526,1.909809230841146,1
72,2022,11,4,0.2329411379683819,1.4352343865840356,1
72,2022,12,2,1.0053952350002098,1.6261177366946198,1
72,2023,1,2,1.4397763325071895,1.8854292669085793,1
72,2023,3,4,0.2158812919351973,1.084018160086027,1
72,2023,4,2,2.2201034325423006,2.3468416660681344,1
72,2023,5,4,1.3070879748464534,1.964603332638228,1
72,2023,6,4,1.264383501722791,1.8872963180828388,1
72,2023,7,1,1.7699287665770091,1.7699287665770091,1
72,2023,8,4,0.2310781075673429,1.3679384742392846,1
72,2023,9,1,1.9985787396582777,1.9985787396582777,1
72,2023,10,3,1.514114469535687,1.668635877161848,1
72,2023,11,4,0.4214659107446213,1.8536992187678396,1
72,2023,12,4,2.0018622323169457,2.201522043258451,1
72,2024,1,5,1.2615635109645418,1.82805850942202,1
72,2024,2,4,1.2073524165758016,1.5911940894869083,1
72,2024,3,4,0.0229854166677111,0.9494193898347966,1
72,2024,4,5,0.2734186643204894,0.8044027501280775,1
72,2024,5,8,1.0051835251191628,1.9083010329552323,1
72,2024,6,2,0.0198248918457836,1.0482776323047078,1
72,2024,7,1,2.049901900934474,2.049901900934474,1
72,2024,8,3,1.510440471019921,1.9816799601789015,1
72,2024,9,2,1.8421174697043012,2.1482764324215813,1
72,2024,10,3,2.0224124307610687,2.1173568865181163,1
73,2017,1,3,1.5750424234351126,1.6855617315832587,1
73,2017,2,1,1.9112179540987613,1.9112179540987613,1
73,2017,3,3,0.5923880294447134,1.6278707197242754,1
73,2017,4,3,0.2452240019374092,1.3089656299008625,1
73,2017,5,3,1.861469545167795,1.8940657056814423,1
73,2017,6,3,1.9111363920486295,2.0154597852350373,1
73,2017,7,2,1.7494273873309132,2.019276781894353,1
73,2017,8,4,1.8455027627741536,2.103321421353687,1
73,2017,9,2,0.5923880294447134,1.0225540850288506,1
73,2017,10,3,1.0950241187000975,1.810923535467379,1
73,2017,11,2,1.3138046164501327,1.398050509289157,1
73,2017,12,2,1.8601090507251257,1.9615433004621692,1
73,2018,1,3,1.601070666475344,1.9800878612081714,1
73,2018,3,2,2.342843854475393,2.3813180116578048,1
73,2018,4,2,1.8740534748474589,2.1104460455028065,1
73,2018,5,3,2.0629775501992125,2.3096144846452993,1
73,2018,6,1,1.207493259886526,1.207493259886526,1
73,2018,7,2,1.4702658138858218,1.6248947251035988,1
73,2018,8,1,1.3255163694976335,1.3255163694976335,1
73,2018,9,3,2.258367174117741,2.326230398076355,1
73,2018,10,1,1.3185793741207854,1.3185793741207854,1
73,2018,11,2,2.0629775501992125,2.152392184926785,1
73,2018,12,1,1.6305219978102343,1.6305219978102343,1
73,2019,1,1,2.0494148055361805,2.0494148055361805,1
73,2019,2,2,0.4864022968687447,1.466674596189949,1
73,2019,3,3,0.8283167507188961,1.798498472169382,1
73,2019,4,2,1.4879217116623786,1.702930293120721,1
73,2019,5,2,0.0842027863030328,0.6028283873580896,1
73,2019,6,5,0.5944694603710351,1.3261424997071012,1
73,2019,7,1,1.822593853026646,1.822593853026646,1
73,2019,8,5,1.490530056682838,2.1589240685203412,1
73,2019,9,4,1.652139633468694,1.9020476156996486,1
73,2019,10,4,0.1426782573129826,1.4469918548441514,1
73,2019,11,1,0.1061988083472439,0.1061988083472439,1
73,2019,12,4,1.318341907037867,1.7117198112924827,1
73,2020,1,3,1.962628361374021,2.061460457012677,1
73,2020,2,5,0.3808810258363451,1.841291202701575,1
73,2020,4,2,1.53308854235688,1.8342625830646866,1
73,2020,5,3,1.5169007678663176,1.9732404787366693,1
73,2020,6,4,0.2120700804039607,1.7572122206508536,1
73,2020,7,1,2.2257748112173563,2.2257748112173563,1
73,2020,8,3,1.7210065101594998,2.109992084886409,1
73,2020,9,2,1.9807256502630095,2.040850300983901,1
73,2020,10,1,2.2257748112173563,2.2257748112173563,1
73,2020,11,4,1.7168905103221526,2.049229816204707,1
73,2021,1,1,1.8601090507251257,1.8601090507251257,1
73,2021,2,2,1.4992668061590655,1.84315095476465,1
73,2021,4,3,2.09837367571925,2.182076592686012,1
73,2021,5,2,1.646657479350662,2.0122661931285855,1
73,2021,6,1,1.979946190009653,1.979946190009653,1
73,2021,9,2,0.9353261339639122,1.0648455854104246,1
73,2021,10,2,1.7795236363213758,1.9084552407021564,1
73,2021,11,4,0.0161629883506904,1.4643533797913946,1
73,2021,12,2,2.038489245224469,2.1776738141696677,1
73,2022,1,2,1.9752286586534469,1.97758742433155,1
73,2022,2,5,1.155015347583222,1.8411058315506974,1
73,2022,4,4,1.630651899897377,2.0283203921173323,1
73,2022,5,4,0.8414356537020166,1.7830068163749622,1
73,2022,6,4,0.7154064420039654,1.5421465732451427,1
73,2022,7,2,1.837759451989788,1.9193768716314983,1
73,2022,8,6,0.7341262267512665,1.6199601063853468,1
73,2022,9,5,0.4606989849814554,1.8494396265054782,1
73,2022,10,6,1.562566211418437,1.9061342030947142,1
73,2022,11,4,0.2327492500095626,1.4379730113521614,1
73,2022,12,2,1.0054063050179585,1.6227240093387887,1
73,2023,1,2,1.448035455617765,1.8934351162243406,1
73,2023,3,4,0.2237824782613808,1.0859621213253277,1
73,2023,4,2,2.227787406241304,2.348714624191487,1
73,2023,5,4,1.3144825834514222,1.9643869940082408,1
73,2023,6,4,1.2683454076217726,1.8914582647855873,1
73,2023,7,1,1.7711630203695812,1.7711630203695812,1
73,2023,8,4,0.2236985383364468,1.366411376456578,1
73,2023,9,1,1.9987942936487848,1.9987942936487848,1
73,2023,10,3,1.5128005582880537,1.6701494606588743,1
73,2023,11,4,0.4212323918250125,1.8591438232255386,1
73,2023,12,4,2.002485396873547,2.198990255450833,1
73,2024,1,5,1.2681927284457246,1.8305593905625748,1
73,2024,2,4,1.2072204865575853,1.5943571787338073,1
73,2024,3,4,0.0186280910888089,0.9485675837744096,1
73,2024,4,5,0.2730913173005608,0.8058993569034207,1
73,2024,5,8,1.0052153098197547,1.9100246525441682,1
73,2024,6,2,0.0178302621938861,1.0480583339372245,1
73,2024,7,1,2.049913532018119,2.049913532018119,1
73,2024,8,3,1.5179500847126637,1.9852508053864522,1
73,2024,9,2,1.8483298232404195,2.154326672100421,1
73,2024,10,3,2.0234343083976274,2.116958525638901,1
74,2017,1,11,0.803887922327966,1.4640261937931527,1
74,2017,2,19,0.3060675949668839,1.3409533574229477,1
74,2017,3,21,0.4229548710512988,1.4291258070122443,1
74,2017,4,9,0.2686394462241747,1.1173275816775172,1
74,2017,5,20,0.2565548854245741,1.506548417936029,1
74,2017,6,24,0.04430739062769,1.348619681692499,1
74,2017,7,14,0.2565548854245741,1.894713194766107,1
74,2017,8,19,0.5890893486665856,1.71413936060984,1
74,2017,9,19,0.4782717591360348,1.5012137126152367,1
74,2017,10,21,0.4757029781805166,1.6001225508561767,1
74,2017,11,13,1.237020138587393,1.7231651402068355,1
74,2017,12,12,0.428016138582557,1.5167858889163222,1
74,2018,1,25,0.2283138728593952,1.5269188492296675,1
74,2018,2,14,0.4883403389795086,1.2170178104391325,1
74,2018,3,22,0.8439737533959879,1.6168637967160635,1
74,2018,4,17,0.4908754825911909,1.5112328977305929,1
74,2018,5,20,0.3868111509449523,1.5373566191507853,1
74,2018,6,30,0.6550403920730037,1.6242349575408686,1
74,2018,7,25,0.2565548854245741,1.4476562051140538,1
74,2018,8,11,0.5768960513279274,1.8461872121918759,1
74,2018,9,23,0.4431417362817073,1.408730335472537,1
74,2018,10,25,0.04430739062769,1.4718851304757201,1
74,2018,11,25,0.4757029781805166,1.5398833068508049,1
74,2018,12,13,0.7348280039357321,1.506111730234589,1
74,2019,1,11,0.7584412254655825,1.5014609377649153,1
74,2019,2,25,0.1361431335142103,1.54964768093614,1
74,2019,3,11,0.4509805729074939,1.255342022024352,1
74,2019,4,13,0.451963210816054,1.4065092506360792,1
74,2019,5,22,0.04430739062769,1.6237304272639965,1
74,2019,6,18,0.8554287165577794,1.6789553855303014,1
74,2019,7,11,0.7662714838897868,1.5858129638060887,1
74,2019,8,12,0.5851633211595463,1.4427870227885788,1
74,2019,9,20,0.6438124357155239,1.5412363450140434,1
74,2019,10,27,0.3010950031169017,1.4518564518320145,1
74,2019,11,15,0.6550403920730037,1.5196476829280259,1
74,2019,12,19,0.3060675949668839,1.2744426254965138,1
74,2020,1,16,0.5570977932132986,1.6658836224761062,1
74,2020,2,11,0.5327089374466614,1.3208779245686788,1
74,2020,3,11,1.504569877442779,1.865058064871878,1
74,2020,4,2,1.6522891969054905,1.6652759425926211,1
74,2020,5,9,0.5131165406371221,1.6011168005877257,1
74,2020,6,16,0.4538787668078204,1.3565435522248859,1
74,2020,7,13,0.6825857239000439,1.6810304200983064,1
74,2020,8,15,0.9195299039749562,1.6316606149800295,1
74,2020,9,24,0.2714368382182337,1.3873796075657268,1
74,2020,10,16,1.0483085925389943,1.666093182288095,1
74,2020,11,12,0.5373782875186788,1.426827183465351,1
74,2020,12,13,0.9405837883162604,1.8476109024710066,1
74,2021,1,11,0.7038713903369082,1.4890564786450708,1
74,2021,2,12,0.7558490735065391,1.5426398176870764,1
74,2021,3,13,0.4428269239939794,1.4904145480605797,1
74,2021,4,9,0.3150501936724832,1.63362427564373,1
74,2021,5,12,0.2832231476148407,1.397087980585917,1
74,2021,6,17,0.6576610147884265,1.500621266364696,1
74,2021,7,12,1.0417884791704206,1.5733651118210201,1
74,2021,8,19,0.0505621547267727,1.422142119814451,1
74,2021,9,20,0.5892942432380638,1.5547312444324461,1
74,2021,10,30,0.6667621809650728,1.6383412489527067,1
74,2021,11,12,0.8788173781385824,1.6496595327716816,1
74,2021,12,14,0.9405837883162604,1.532005307886163,1
74,2022,1,12,0.673544381928399,1.2124126423406512,1
74,2022,2,17,0.9487880891648314,1.6897107248879997,1
74,2022,3,10,0.4549777719773081,1.3840231183152976,1
74,2022,4,21,0.842919891025387,1.6801932215393245,1
74,2022,5,24,0.3204574666439598,1.4558272288276488,1
74,2022,6,27,0.6340815023067115,1.5856156013345641,1
74,2022,7,10,0.2832235112530415,1.277844457692018,1
74,2022,8,14,0.9358421319958744,1.6360594620496478,1
74,2022,9,24,0.5131162563200911,1.791191404917493,1
74,2022,10,20,0.2832235112530415,1.4737390340596166,1
74,2022,11,26,0.6984019478313682,1.5953349521501774,1
74,2022,12,21,0.9310731654818608,1.450868238729519,1
74,2023,1,12,0.2609592467721657,1.3962399970556978,1
74,2023,2,19,0.3611003856725641,1.4530125262147457,1
74,2023,3,19,0.8344572302553825,1.6879015340900576,1
74,2023,4,14,0.5189254873704416,1.4790568762019938,1
74,2023,5,19,0.6032939651801277,1.6033351079934837,1
74,2023,6,26,0.2834142296635626,1.768748704088675,1
74,2023,7,20,0.8318474938719052,1.582224202491508,1
74,2023,8,17,0.5135872943992861,1.4755133233264703,1
74,2023,9,7,0.5543688144587062,1.4267129407993926,1
74,2023,10,23,0.8482585314776855,1.661840872796894,1
74,2023,11,33,0.1096945998174502,1.4318102026885782,1
74,2023,12,21,0.2654785765576126,1.4394073431561154,1
74,2024,1,15,0.9342619528163676,1.7125141809861977,1
74,2024,2,18,0.4829761394565962,1.5925172727383534,1
74,2024,3,19,0.299612972029855,1.6069395612059831,1
74,2024,4,22,0.7029354858410853,1.7721200521577947,1
74,2024,5,15,0.90923944483699,1.635199477832845,1
74,2024,6,21,0.5990896390178955,1.5961906436106603,1
74,2024,7,9,1.0713215874727464,1.7587342487236333,1
74,2024,8,16,0.580610530820688,1.4201356922127069,1
74,2024,9,21,0.4299159990615323,1.5594252492229206,1
74,2024,10,18,0.7029288574697342,1.605021453661782,1
74,2024,11,27,0.6655052875560283,1.5445400025953104,1
74,2024,12,14,0.6959805577887853,1.6212202744761057,1
75,2017,1,11,0.7886024231054275,1.4608869006166045,1
75,2017,2,19,0.2883644082214217,1.3299157822669554,1
75,2017,3,21,0.439053074864104,1.4271185392933925,1
75,2017,4,9,0.2848500768785285,1.1164999113029808,1
75,2017,5,20,0.2388833296656495,1.5008915810951333,1
75,2017,6,24,0.0293258170376716,1.339412572154873,1
75,2017,7,14,0.2388833296656495,1.887617404596206,1
75,2017,8,19,0.5864731292548574,1.7046402635658058,1
75,2017,9,19,0.4885374694948259,1.498998795781999,1
75,2017,10,21,0.4579232831283754,1.5931080875556969,1
75,2017,11,13,1.2197219530405323,1.720657130268989,1
75,2017,12,12,0.4159555911887537,1.5142592856490886,1
75,2018,1,24,0.2446696802736319,1.4818418207128905,1
75,2018,2,14,0.4706034332221316,1.2078006394322915,1
75,2018,3,22,0.8423324907188182,1.6087542702328208,1
75,2018,4,17,0.4731361330751757,1.5063618162803558,1
75,2018,5,18,0.3692075654070906,1.423122484840981,1
75,2018,6,30,0.6400851797668212,1.616773100871776,1
75,2018,7,25,0.2388833296656495,1.4395054745583378,1
75,2018,8,11,0.5876386950180751,1.8376999505472655,1
75,2018,9,23,0.4342312287979598,1.400789870186234,1
75,2018,10,25,0.0293258170376716,1.4663834536513716,1
75,2018,11,25,0.4579232831283754,1.5326044190937465,1
75,2018,12,13,0.7245842862235868,1.499839088605575,1
75,2019,1,11,0.7747461480784608,1.496820632925383,1
75,2019,2,25,0.1187417356869373,1.540973506476834,1
75,2019,3,11,0.4367447906215997,1.2550260037270566,1
75,2019,4,13,0.43418166787299,1.4014236000501976,1
75,2019,5,22,0.0293258170376716,1.619973455463384,1
75,2019,6,18,0.8480679563099436,1.6717318222352948,1
75,2019,7,11,0.7490531980563584,1.5752894362005352,1
75,2019,8,12,0.5748529733754333,1.437256171209504,1
75,2019,9,20,0.6263400932247304,1.5377171695800043,1
75,2019,10,27,0.2834026197311985,1.4508436190222982,1
75,2019,11,15,0.6400851797668212,1.5143566615247577,1
75,2019,12,19,0.2883644082214217,1.2719331658600854,1
75,2020,1,16,0.5611498864911206,1.6595719511618818,1
75,2020,2,11,0.5156885989129958,1.3088407378117357,1
75,2020,3,11,1.5131411851163323,1.8612970473837323,1
75,2020,4,2,1.6348340198160918,1.6508830174879607,1
75,2020,5,9,0.5095073093425379,1.5998503492053349,1
75,2020,6,16,0.4367447906215997,1.3526030766568677,1
75,2020,7,13,0.6648251902122092,1.6695762992394625,1
75,2020,8,15,0.9017924239346232,1.627466652615383,1
75,2020,9,24,0.2537558253796421,1.385532953760535,1
75,2020,10,16,1.060074865049618,1.661436015878703,1
75,2020,11,12,0.5309187900983049,1.41980108160406,1
75,2020,12,13,0.9287234531115036,1.8423357513294825,1
75,2021,1,11,0.6893809189996827,1.4842118889966562,1
75,2021,2,12,0.739944285353609,1.5348167056121296,1
75,2021,3,13,0.4339301818842559,1.4874820533321154,1
75,2021,4,9,0.2990328552167216,1.6250638354785183,1
75,2021,5,12,0.2773695055717373,1.3860824593938765,1
75,2021,6,17,0.6400587637296741,1.493184094430598,1
75,2021,7,12,1.0469201227674492,1.575752738435936,1
75,2021,8,19,0.0357498695733143,1.4109174166121665,1
75,2021,9,20,0.5732684071331466,1.5458274517089792,1
75,2021,10,30,0.6519630538520521,1.6355507061339074,1
75,2021,11,12,0.8918596123315445,1.6543287074559434,1
75,2021,12,14,0.9287234531115036,1.5249705466552987,1
75,2022,1,12,0.6558305152542799,1.1998258628731695,1
75,2022,2,17,0.9531345617245442,1.6795505301504223,1
75,2022,3,10,0.4646722769833722,1.377793644271572,1
75,2022,4,21,0.8400732952615267,1.6738926721804628,1
75,2022,5,24,0.3041991370200313,1.448024778651406,1
75,2022,6,27,0.6167158716328468,1.5800218432069382,1
75,2022,7,10,0.2773698639287628,1.2680633696292236,1
75,2022,8,14,0.9452779899573854,1.6340409581303401,1
75,2022,9,24,0.5095070346708853,1.785506058489605,1
75,2022,10,20,0.2773698639287628,1.464569772706732,1
75,2022,11,27,0.6805891951467471,1.622732413716696,1
75,2022,12,21,0.9134075604852772,1.4412314456088433,1
75,2023,1,12,0.2465745057568674,1.3818044754162913,1
75,2023,2,19,0.3633183128255217,1.4448123394397703,1
75,2023,3,19,0.8166256451628588,1.676612233491179,1
75,2023,4,14,0.5092751664364535,1.4730862343696054,1
75,2023,5,20,0.6015507771210574,1.6391345908859023,1
75,2023,6,26,0.2775235835336587,1.7617232800622251,1
75,2023,7,20,0.8190861013194356,1.5753248513369598,1
75,2023,8,17,0.509963843463988,1.470328186950238,1
75,2023,9,8,0.5492941779367381,1.550327509057482,1
75,2023,10,23,0.846592188832218,1.6563088739542797,1
75,2023,11,33,0.1127055192388432,1.4236792793728368,1
75,2023,12,21,0.2511293881393879,1.434563780265395,1
75,2024,1,15,0.9370529125195526,1.7114375861282738,1
75,2024,2,17,0.4664148999220513,1.5329666809135325,1
75,2024,3,19,0.2965490864532398,1.599504126919273,1
75,2024,4,22,0.6886500325852556,1.7608178035099138,1
75,2024,5,15,0.8914905164601726,1.6215787553526246,1
75,2024,6,21,0.5832577771256752,1.5873500419272226,1
75,2024,7,9,1.0600590258237192,1.7530048510164786,1
75,2024,8,16,0.5913190077196318,1.4163002380150107,1
75,2024,9,21,0.4186266761378857,1.5478864903187,1
75,2024,10,18,0.6886442167665336,1.6002406177009223,1
75,2024,11,26,0.6507085718063245,1.4963949174413913,1
75,2024,12,14,0.6816034360029454,1.6165313217614519,1
76,2017,1,6,1.3777333533693323,1.7916267034422848,1
76,2017,2,2,1.1037663811850609,1.6996856263400768,1
76,2017,3,5,1.4345946979968278,1.8964113175228143,1
76,2017,4,4,1.6643498284721592,2.08139942754159,1
76,2017,5,4,1.3986474644240778,1.8277119183682013,1
76,2017,6,5,1.4998658249779775,2.0472308198763636,1
76,2017,7,2,1.93280678933993,2.1192279782261503,1
76,2017,8,4,1.0762379659441927,1.7446468624123725,1
76,2017,9,8,1.5125532656462837,2.132656755093959,1
76,2017,10,8,1.093502114062266,1.8405593327281786,1
76,2017,11,8,1.1037663811850609,1.7328433793958347,1
76,2017,12,2,1.6442499390758458,1.683373155885497,1
76,2018,1,6,1.630089437627422,1.9673162527357675,1
76,2018,2,4,0.7749537851556072,1.6463413088691468,1
76,2018,3,1,2.306210194185091,2.306210194185091,1
76,2018,4,4,0.125795445650854,1.4817357473004285,1
76,2018,5,4,2.1545634018422275,2.314015230696452,1
76,2018,6,2,1.71574040629639,1.9875765857157464,1
76,2018,7,4,1.072339268361915,1.6024680704603642,1
76,2018,8,7,1.1246059396654338,1.704104127986548,1
76,2018,9,2,1.3096573732683996,1.6200076399481942,1
76,2018,10,4,1.9303579066279888,2.2272212414274857,1
76,2018,11,4,1.4366070888606297,1.9597520782875637,1
76,2018,12,3,1.1738392020110342,1.969981523430727,1
76,2019,1,5,1.2731787326319228,1.9302474573964634,1
76,2019,2,2,1.9740831513985737,2.2072427568628457,1
76,2019,3,4,1.1246059396654338,1.6306443402350776,1
76,2019,4,3,1.4131623214044835,1.6376473645750134,1
76,2019,5,3,1.500819563540431,1.8561846078331101,1
76,2019,6,10,0.8967644436925568,1.8537897195528104,1
76,2019,7,5,1.0762379659441927,1.4722498420329828,1
76,2019,8,5,1.800432228715771,2.044392365209595,1
76,2019,9,7,1.122983406759333,2.0340619543282012,1
76,2019,10,9,1.6260088464443652,2.0092579651996707,1
76,2019,11,2,1.809369812827207,1.9688418513374915,1
76,2019,12,4,0.7404295493919398,1.6946492212901254,1
76,2020,1,7,1.2220407115179663,1.9596347862029453,1
76,2020,2,6,0.1211613824446238,1.3478257104512978,1
76,2020,3,3,1.7114787221504753,1.8185642431844637,1
76,2020,4,1,2.0045172162909632,2.0045172162909632,1
76,2020,5,4,1.87000755302566,2.070151215046994,1
76,2020,6,6,0.4765667370878156,1.44557383776076,1
76,2020,7,4,1.669293996641943,2.0766234115737188,1
76,2020,8,5,1.0762379659441927,1.8093930381621282,1
76,2020,9,4,1.335673048582744,1.847183947994636,1
76,2020,10,3,1.7778424053233255,2.1749572817035507,1
76,2020,11,2,2.071801249155002,2.1680914148470443,1
76,2020,12,2,1.4584077369387844,1.6338887748829958,1
76,2021,1,3,2.217870829892768,2.318101721908399,1
76,2021,2,2,1.9293526033945665,2.0902554484994678,1
76,2021,3,3,0.2420159134044736,1.5085211365268645,1
76,2021,4,1,1.9060440463410748,1.9060440463410748,1
76,2021,5,5,0.3769533098416633,1.7078013984576184,1
76,2021,6,13,1.202296020106829,2.002593562423657,1
76,2021,7,5,1.169392912427402,1.8078629556563395,1
76,2021,8,3,0.7404295493919398,1.4977137835139345,1
76,2021,9,6,1.4912661532566411,2.0588563833351636,1
76,2021,10,7,0.7780402892026168,1.7541967257629107,1
76,2021,11,11,0.6192327953712279,1.9173882811742942,1
76,2021,12,1,2.039953997841961,2.039953997841961,1
76,2022,1,1,1.784465258312448,1.784465258312448,1
76,2022,2,3,1.845436124574344,2.018340055707266,1
76,2022,3,7,0.8741849621456671,1.8048755399197822,1
76,2022,4,4,1.2565199384979633,1.7443818951852579,1
76,2022,5,6,0.8372499919844486,1.6161809690964908,1
76,2022,6,8,2.0181268237254497,2.362080938644787,1
76,2022,7,1,2.0386019901106773,2.0386019901106773,1
76,2022,8,8,0.1214545970583708,2.0094919442366184,1
76,2022,9,3,1.4982509286278365,2.1117629144834855,1
76,2022,10,8,0.0791219147553201,1.7053057622896932,1
76,2022,11,5,0.3202122405488741,1.8902636466271847,1
76,2022,12,5,0.7471806065938255,1.5371006190884418,1
76,2023,1,3,0.3078410891311539,0.939069330220743,1
76,2023,2,4,1.9919260896906876,2.1094647066770964,1
76,2023,3,3,1.7631203490359226,1.8405332991554104,1
76,2023,4,8,1.4854383603959174,1.8049787917523694,1
76,2023,5,6,1.3045261075711825,1.9390602831815158,1
76,2023,6,7,1.162524253633708,1.9108578395587408,1
76,2023,7,3,1.2535959489979631,1.6609878435386376,1
76,2023,8,3,0.88637069175416,1.6776491049989646,1
76,2023,9,8,1.2686997615047455,2.008736640799036,1
76,2023,10,6,1.833592299037887,2.10183568378909,1
76,2023,11,3,1.7967966209742552,1.9972095893022972,1
76,2023,12,4,1.6787490364785738,2.036639201950882,1
76,2024,1,7,1.0200526120803977,1.857808765729286,1
76,2024,2,4,0.8278785348423977,1.551662486145335,1
76,2024,3,6,1.076104800022047,1.840419065583937,1
76,2024,4,5,1.8431074083059644,2.0871761740957693,1
76,2024,5,7,0.6899420799590659,1.9713362268143304,1
76,2024,6,8,1.8093701961928683,2.1348818184774676,1
76,2024,7,4,0.4794532764976656,1.388679277515429,1
76,2024,8,4,0.2771001220357662,1.0289352468657111,1
76,2024,9,2,0.0977861161812554,0.7747502723702259,1
76,2024,10,2,2.0757345800204887,2.1725126957969643,1
76,2024,11,4,1.9303576818358452,2.153431788188216,1
76,2024,12,3,1.732290189222192,2.1022717346500683,1
77,2017,1,16,0.4579043573222354,1.4943610173333466,1
77,2017,2,16,0.3468848392466309,1.61715447484097,1
77,2017,3,23,0.4952169586842211,1.648916216899216,1
77,2017,4,17,0.4984876894625004,1.3741837956237957,1
77,2017,5,20,0.1514767017270262,1.4787881121741204,1
77,2017,6,26,0.3291381078899819,1.3953321538599353,1
77,2017,7,14,0.5579540785423536,1.4616942323832216,1
77,2017,8,21,0.2786276279476354,1.4794907570746405,1
77,2017,9,23,0.6172727158383382,1.5481800346486223,1
77,2017,10,19,0.3401408856663086,1.481093565017115,1
77,2017,11,28,0.3292484264708987,1.6002284021805273,1
77,2017,12,9,0.4788954967117288,1.4545877304640755,1
77,2018,1,19,0.2130485947333769,1.5558241384300497,1
77,2018,2,19,0.5257555559448174,1.563289160595199,1
77,2018,3,19,0.2101108636833756,1.3462729223260619,1
77,2018,4,12,0.9144686693320404,1.5040608502581228,1
77,2018,5,28,0.2007288929835747,1.4409869264316557,1
77,2018,6,24,0.3453978402390579,1.3855923373111771,1
77,2018,7,13,0.6202401271083443,1.4474843738311023,1
77,2018,8,17,0.5214338641255079,1.3978451749715775,1
77,2018,9,13,0.1104381604497105,1.1958155584664123,1
77,2018,10,25,0.7204098557157913,1.4241571837332294,1
77,2018,11,16,0.6125229422571362,1.6418887094347032,1
77,2018,12,10,0.7439531683957274,1.6013743224020973,1
77,2019,1,21,0.1121572561812943,1.3178989312848128,1
77,2019,2,18,0.6154135378235542,1.4760483184238369,1
77,2019,3,21,0.7151256261709109,1.6392412605691686,1
77,2019,4,20,0.3291027579214186,1.3590066691034324,1
77,2019,5,25,0.3195681233378583,1.0759955689251497,1
77,2019,6,21,0.1121572561812943,1.553115961310377,1
77,2019,7,32,0.2375462566613869,1.3118083380870453,1
77,2019,8,18,0.0472726275506163,1.4212936408269166,1
77,2019,9,33,0.2375462566613869,1.644863754753827,1
77,2019,10,39,0.2480951060463419,1.4497976461848063,1
77,2019,11,31,0.4779996243289913,1.4384035961657813,1
77,2019,12,21,0.6435842181927066,1.7268055146066335,1
77,2020,1,30,0.38169099051948,1.5480214478488157,1
77,2020,2,25,0.1511668137568596,1.436890121219574,1
77,2020,3,12,0.3460182232671244,1.2471044748766429,1
77,2020,4,7,0.1511668137568596,0.7998213413537397,1
77,2020,5,17,0.504965329960799,1.3303394890522025,1
77,2020,6,24,0.5878632426687231,1.3768903223051367,1
77,2020,7,18,0.5367011005555768,1.6531912857933513,1
77,2020,8,26,0.1484794784021859,1.5677221641636978,1
77,2020,9,23,0.7405472214806704,1.1987459928201911,1
77,2020,10,24,0.6484258794866388,1.3661053692547462,1
77,2020,11,14,0.7185172868184845,1.6867830984557473,1
77,2020,12,18,0.6182596881497278,1.3428898694442908,1
77,2021,1,13,0.1114543078746956,1.4728927109967673,1
77,2021,2,14,0.5806322924052814,1.571799424569159,1
77,2021,3,18,0.6209726498704299,1.4062627480138934,1
77,2021,4,21,0.3195681210159952,1.3898482158489716,1
77,2021,5,23,0.0309237269504938,1.2531549792138326,1
77,2021,6,25,0.0617326588783197,1.3405576405922148,1
77,2021,7,22,0.1450161566608399,1.3432650578363232,1
77,2021,8,21,0.2480951687014468,1.2892930105695382,1
77,2021,9,34,0.0810763622793249,1.3465312184838742,1
77,2021,10,44,0.1761908925827765,1.4575345711283312,1
77,2021,11,31,0.3380536187792657,1.4698640719031133,1
77,2021,12,21,0.7970205223198433,1.5717374421436088,1
77,2022,1,18,0.6198122673413557,1.4612969863207033,1
77,2022,2,15,0.7127239253434906,1.5314818990756787,1
77,2022,3,24,0.2480951687014468,1.5259580355951838,1
77,2022,4,20,0.3443049373426702,1.3002862882304715,1
77,2022,5,37,0.2480951885855396,1.4751729437448116,1
77,2022,6,25,0.3291026167512252,1.44561289750066,1
77,2022,7,17,0.469127669927138,1.3769019526790451,1
77,2022,8,21,0.572083876194117,1.4616550002484392,1
77,2022,9,29,0.4780002200914736,1.4824117901791387,1
77,2022,10,40,0.5363699700868875,1.5521596889821683,1
77,2022,11,27,0.0738075077353036,1.5056991202268568,1
77,2022,12,26,0.3205757856295767,1.2592268943720524,1
77,2023,1,15,0.6892971927129833,1.6179892950998278,1
77,2023,2,19,0.563995535781111,1.4190894748690754,1
77,2023,3,17,0.5049649400699942,1.469156494552641,1
77,2023,4,21,0.0717000295603204,1.2157869589344799,1
77,2023,5,19,0.1297858299094662,1.425934590427743,1
77,2023,6,30,0.2139112588968895,1.4247648848223675,1
77,2023,7,24,0.2375654850872385,1.4010834458792798,1
77,2023,8,21,0.1556042991270121,1.1511987327491127,1
77,2023,9,36,0.3173228724230344,1.477924841525404,1
77,2023,10,30,0.2483189518984445,1.4544594093367738,1
77,2023,11,18,0.3218880266132303,1.6009313062225325,1
77,2023,12,29,0.2483189518984445,1.5151048994904048,1
77,2024,1,16,0.516002877237241,1.5736244271055115,1
77,2024,2,13,0.119487571838355,1.2682800328965012,1
77,2024,3,20,0.0278482594828771,1.3067112691969034,1
77,2024,4,21,0.5070726635016712,1.4848181545091814,1
77,2024,5,25,0.1291088394570073,1.303457741458684,1
77,2024,6,32,0.1419334895090834,1.3955057491580303,1
77,2024,7,17,0.5088458309988184,1.541020318426854,1
77,2024,8,17,0.6095727282601788,1.4436841690033007,1
77,2024,9,21,0.123496145672498,1.2774373811775865,1
77,2024,10,38,0.1118199001024938,1.4217137908644137,1
77,2024,11,20,0.2034524342733202,1.1028267005854477,1
77,2024,12,17,0.6262591484681335,1.6392116470159035,1
78,2017,4,1,1.5238903309343232,1.5238903309343232,1
78,2017,5,1,2.480286197776436,2.480286197776436,1
78,2017,10,1,2.465668073191836,2.465668073191836,1
78,2018,2,1,2.392419521024173,2.392419521024173,1
78,2018,4,1,2.473180630391387,2.473180630391387,1
78,2018,5,1,0.0149303435581905,0.0149303435581905,1
78,2018,10,1,0.8023046760399729,0.8023046760399729,1
78,2018,12,1,0.3890000155670017,0.3890000155670017,1
78,2019,5,1,2.223666384700892,2.223666384700892,1
78,2019,6,3,0.7773715854905696,1.6901411969815576,1
78,2019,7,1,0.4774042784630203,0.4774042784630203,1
78,2019,8,1,2.3131022460812822,2.3131022460812822,1
78,2020,3,2,0.1104110249690492,0.8294520487616244,1
78,2020,5,1,2.2490267364619445,2.2490267364619445,1
78,2020,8,1,0.3774656925898033,0.3774656925898033,1
78,2020,11,1,0.5754836670466926,0.5754836670466926,1
78,2021,5,1,1.56499829494326,1.56499829494326,1
78,2021,8,1,1.981884079080917,1.981884079080917,1
78,2021,9,1,0.178528584903947,0.178528584903947,1
78,2021,10,2,0.560646965550748,0.9578531159834294,1
78,2022,2,1,1.4481976845314968,1.4481976845314968,1
78,2022,4,1,0.0721853207566196,0.0721853207566196,1
78,2022,5,1,0.8594085666274947,0.8594085666274947,1
78,2022,6,2,0.3893854820533363,1.2757540150429776,1
78,2022,9,1,0.3893854820533363,0.3893854820533363,1
78,2023,6,2,1.57125498310774,1.8697983672235123,1
78,2023,11,2,0.2743228988971464,0.38341808445132397,1
78,2024,1,1,2.1593105808013644,2.1593105808013644,1
78,2024,2,1,1.076998644043858,1.076998644043858,1
78,2024,9,2,0.7777068217446235,1.472824080759048,1
78,2024,10,1,1.0773672708468072,1.0773672708468072,1
78,2024,12,1,0.91799064096583,0.91799064096583,1
79,2017,4,1,1.5227708659538304,1.5227708659538304,1
79,2017,5,1,2.4539048692768457,2.4539048692768457,1
79,2017,10,1,2.449099711593657,2.449099711593657,1
79,2018,2,1,2.363410025023513,2.363410025023513,1
79,2018,4,1,2.45695916726777,2.45695916726777,1
79,2018,5,1,0.0296153187467829,0.0296153187467829,1
79,2018,10,1,0.816405112285986,0.816405112285986,1
79,2018,12,1,0.3941851044867313,0.3941851044867313,1
79,2019,5,1,2.196544766697444,2.196544766697444,1
79,2019,6,3,0.7818733488537095,1.6728001212421313,1
79,2019,7,1,0.4831945326114235,0.4831945326114235,1
79,2019,8,1,2.3101221355040047,2.3101221355040047,1
79,2020,3,2,0.089653730070944,0.8180632133249235,1
79,2020,5,1,2.2552945261110846,2.2552945261110846,1
79,2020,8,1,0.3856281484896022,0.3856281484896022,1
79,2020,11,1,0.6025146381466646,0.6025146381466646,1
79,2021,5,1,1.5636140495291513,1.5636140495291513,1
79,2021,8,1,1.9759578965013185,1.9759578965013185,1
79,2021,9,1,0.1796203603679262,0.1796203603679262,1
79,2021,10,2,0.5681534384034711,0.9637214310077311,1
79,2022,2,1,1.419790564233654,1.419790564233654,1
79,2022,4,1,0.0758048972347542,0.0758048972347542,1
79,2022,5,1,0.8638487321903197,0.8638487321903197,1
79,2022,6,2,0.3945645723638389,1.2709718264404715,1
79,2022,9,1,0.3945645723638389,0.3945645723638389,1
79,2023,6,2,1.5698632946349993,1.8560106308001616,1
79,2023,11,2,0.2756494103410936,0.38718411505810957,1
79,2024,1,1,2.131896538486153,2.131896538486153,1
79,2024,2,1,1.1023677424615737,1.1023677424615737,1
79,2024,9,2,0.7821913076142092,1.4611978837271378,1
79,2024,10,1,1.102738108155609,1.102738108155609,1
79,2024,12,1,0.9223851481463397,0.9223851481463397,1
80,2017,1,2,2.324951392391874,2.3893787049351083,1
80,2017,2,3,1.221463533852281,1.8501389918669393,1
80,2017,3,6,1.061299099323194,1.8688717048706893,1
80,2017,4,3,0.0287461910618243,1.2146232055132444,1
80,2017,5,4,0.3698595472559729,1.0562231663488446,1
80,2017,6,2,1.194619827210307,1.2034950973524277,1
80,2017,7,4,0.9964943503533052,1.8663317082345356,1
80,2017,8,2,2.476987303710972,2.48275334858411,1
80,2017,9,2,2.489452034294667,2.4907387024261585,1
80,2017,10,4,2.3687573964141366,2.4544062658149337,1
80,2017,11,1,2.2794407213024286,2.2794407213024286,1
80,2017,12,3,0.6194731363847769,1.8566284207557395,1
80,2018,1,3,1.137069920166594,1.631773527578023,1
80,2018,2,4,2.190877595994139,2.395211906948765,1
80,2018,3,2,1.6818891318337943,2.0727708388849235,1
80,2018,4,1,2.420911826614014,2.420911826614014,1
80,2018,5,6,1.0686560871699216,2.0283643424738673,1
80,2018,6,1,2.453806017478342,2.453806017478342,1
80,2018,7,6,0.05970942106107,1.6188102398434123,1
80,2018,8,1,2.479186307099365,2.479186307099365,1
80,2018,9,5,0.3387764874261574,1.467048052257193,1
80,2018,10,1,2.460213679220815,2.460213679220815,1
80,2018,11,2,1.6966928106419732,2.0112777770634986,1
80,2018,12,2,0.9524624545452351,1.717709171746884,1
80,2019,1,4,0.6335080781553539,1.9824421681185778,1
80,2019,2,4,0.3967889483640125,1.655120490210419,1
80,2019,3,3,2.26650875890258,2.366030693737366,1
80,2019,4,3,0.7111114904419928,1.507146944337508,1
80,2019,5,1,2.479186307099365,2.479186307099365,1
80,2019,6,4,1.012317146333653,1.983036116277366,1
80,2019,7,5,0.5337204886346066,1.49103100743731,1
80,2019,8,2,0.6166449685899709,1.553048501442319,1
80,2019,9,2,2.4829558889485326,2.4829558889485326,1
80,2019,10,8,0.6799515698668797,1.6172111694977276,1
80,2019,11,2,1.236834724106016,1.8598953065272743,1
80,2019,12,1,1.4345777526783894,1.4345777526783894,1
80,2020,1,2,0.5652468600287536,1.0713913188655357,1
80,2020,2,2,0.580645860718377,1.0554126673126656,1
80,2020,4,2,0.8772401407295188,1.2513623368620637,1
80,2020,5,1,0.5480797667533985,0.5480797667533985,1
80,2020,7,2,2.4812881444340062,2.482122016691269,1
80,2020,8,1,2.4707597036576203,2.4707597036576203,1
80,2020,9,3,1.4228699831786813,2.1271357370705735,1
80,2020,10,7,0.7764889377588591,2.0715744043769333,1
80,2020,11,4,2.1426046507057426,2.380039097676821,1
80,2020,12,2,1.1299249106353833,1.666453497410819,1
80,2021,1,1,2.027174333581841,2.027174333581841,1
80,2021,3,2,1.0385058207436089,1.7598969825888076,1
80,2021,4,4,1.1942780346396753,1.9440354513535518,1
80,2021,5,3,1.530179473906954,2.0912189477728993,1
80,2021,6,5,2.1999452790188343,2.3662893859543948,1
80,2021,7,2,0.5337204886346066,0.8190422814491698,1
80,2021,8,1,2.43865779193241,2.43865779193241,1
80,2021,9,2,1.666726347285171,1.9516279986690719,1
80,2021,10,6,0.9766875472394364,1.500156818156148,1
80,2021,11,3,1.0141405475365983,1.9914507618296284,1
80,2021,12,2,2.120912307745157,2.3019340983468446,1
80,2022,1,5,0.3062614533043966,1.4362038049992403,1
80,2022,2,1,0.7920984633684851,0.7920984633684851,1
80,2022,3,7,0.3378312929994961,1.4201879395128902,1
80,2022,4,6,0.7878777989770801,1.9340055153880638,1
80,2022,5,4,0.6244362308127429,1.7512806070271896,1
80,2022,6,4,0.9306707466216362,1.8777732031127878,1
80,2022,7,2,1.030632672499876,1.759402107679626,1
80,2022,8,2,2.0083840746216977,2.187176823130642,1
80,2022,9,6,0.8243859422202646,1.6841999992756564,1
80,2022,10,7,1.2830869468863026,2.216974414786216,1
80,2022,11,8,0.6055114391090576,1.6362341481319245,1
80,2022,12,6,0.4436142198050372,1.5013236212099554,1
80,2023,1,4,0.8327150874771068,1.5158316759052184,1
80,2023,2,5,0.1887661082538757,1.007186008553651,1
80,2023,3,2,2.423868184231931,2.4273941034586457,1
80,2023,4,4,0.6040652043035837,1.6121180049635235,1
80,2023,5,4,0.5345546131268294,1.710476653956008,1
80,2023,6,4,1.5318748216219462,2.112936166091461,1
80,2023,7,3,0.5345546131268294,1.8211597693811268,1
80,2023,8,2,0.929420912040358,1.692760954386717,1
80,2023,9,6,0.1039014776964866,1.797236694953192,1
80,2023,10,5,0.6889404473006076,1.838115157485595,1
80,2023,11,7,0.8885957444072323,1.9613907232839263,1
80,2023,12,7,0.5345546131268294,2.0416214219432987,1
80,2024,1,4,0.5931437878477435,1.631234903101325,1
80,2024,2,2,2.054965467680918,2.139278063547069,1
80,2024,3,6,0.4600565147347492,1.8390631207648307,1
80,2024,4,4,1.2805718899343486,2.003328867865235,1
80,2024,5,2,0.6954955294302615,1.5582034864885068,1
80,2024,6,5,1.077887843540206,1.9463892898768322,1
80,2024,7,3,1.4089453421144809,1.9942161324143386,1
80,2024,8,2,2.445124408811427,2.4503046773215154,1
80,2024,9,3,2.4541677385197147,2.468026755961233,1
80,2024,10,3,1.1378112768007944,1.8034211065289687,1
80,2024,11,3,0.5345546131268294,1.451347267507655,1
80,2024,12,4,1.0568209920981912,1.6508308752328962,1
81,2017,1,2,2.3418522172668657,2.409061320912737,1
81,2017,2,3,1.2419789857791532,1.8700654178085205,1
81,2017,3,6,1.082712735758091,1.88962639451785,1
81,2017,4,3,0.0493561359430484,1.227471296771532,1
81,2017,5,4,0.3874637081533715,1.077374062953627,1
81,2017,6,2,1.1791606026760644,1.2050241977795082,1
81,2017,7,4,1.0198919941946345,1.8871915332121763,1
81,2017,8,1,2.498819778193557,2.498819778193557,1
81,2017,10,4,2.3812805983786047,2.4701520788635785,1
81,2017,11,1,2.29638366310561,2.29638366310561,1
81,2017,12,2,0.6018047612482486,1.5441928352201013,1
81,2018,1,3,1.1587401735628309,1.6517795875173975,1
81,2018,2,3,2.2108851164490253,2.388894481834036,1
81,2018,3,2,1.6995579514434436,2.0930694303176987,1
81,2018,4,1,2.4377492456685594,2.4377492456685594,1
81,2018,5,5,1.0904023251356962,1.955535596072466,1
81,2018,6,1,2.4762704245586087,2.4762704245586087,1
81,2018,7,6,0.0806460103980616,1.633815006524175,1
81,2018,9,5,0.3601650066503364,1.4813306704577889,1
81,2018,10,1,2.482070082390135,2.482070082390135,1
81,2018,11,2,1.714356188145236,2.0307285489430122,1
81,2018,12,2,0.9680754057239284,1.7339256557079157,1
81,2019,1,4,0.6552612621880718,2.0029268346098363,1
81,2019,2,4,0.3771688002342644,1.6545914239633335,1
81,2019,3,2,2.2865215069283638,2.3248914749754,1
81,2019,4,3,0.7243567175911545,1.5139272580488787,1
81,2019,6,3,1.0312522201330223,1.831687959555829,1
81,2019,7,5,0.5552727833736156,1.5082257585834993,1
81,2019,8,1,0.5989929596503346,0.5989929596503346,1
81,2019,9,2,2.499775905691903,2.499775905691903,1
81,2019,10,8,0.7017451844214364,1.6334961746932213,1
81,2019,11,2,1.255345966446771,1.877560936069337,1
81,2019,12,1,1.4556717439856337,1.4556717439856337,1
81,2020,1,2,0.5844858771081629,1.0914085132278442,1
81,2020,2,2,0.6040840345410171,1.0592678583913309,1
81,2020,4,2,0.8806391974775142,1.2634211752068585,1
81,2020,5,1,0.5696908255626306,0.5696908255626306,1
81,2020,7,1,2.499775905691903,2.499775905691903,1
81,2020,8,1,2.492916746201811,2.492916746201811,1
81,2020,9,2,1.4212622591866877,1.953921584189321,1
81,2020,10,7,0.7935657253202133,2.0867192605441973,1
81,2020,11,4,2.1633454092702897,2.399211913768448,1
81,2020,12,2,1.1516026680902924,1.6857981090425267,1
81,2021,1,1,2.04751895651546,2.04751895651546,1
81,2021,3,1,1.060267071046841,1.060267071046841,1
81,2021,4,4,1.1788266545043624,1.9565839058586079,1
81,2021,5,3,1.5144516822416447,2.100313177773003,1
81,2021,6,4,2.1855065751991125,2.3466078408669047,1
81,2021,7,2,0.5552727833736156,0.8389750441170711,1
81,2021,8,1,2.4554345794672416,2.4554345794672416,1
81,2021,9,2,1.6844459138313623,1.9710970540623038,1
81,2021,10,6,0.9929847390842604,1.513903656564808,1
81,2021,11,2,1.0326255941613165,1.7627711701815638,1
81,2021,12,2,2.138098696999339,2.318937301345621,1
81,2022,1,6,0.2860933944428346,1.6117446720323416,1
81,2022,2,1,0.8139409119988901,0.8139409119988901,1
81,2022,3,6,0.3591862782345759,1.2618322183335033,1
81,2022,4,5,0.8093661678314241,1.837931970719655,1
81,2022,5,3,0.6461764309434189,1.5260591151504685,1
81,2022,6,4,0.9510015920609296,1.88867892912522,1
81,2022,7,1,1.0506414235354251,1.0506414235354251,1
81,2022,8,2,2.025613935640227,2.2064369449088392,1
81,2022,9,6,0.8078665307277857,1.694201757492708,1
81,2022,10,6,1.304589186608875,2.1929317436168487,1
81,2022,11,7,0.5877644783870128,1.5249735762243688,1
81,2022,12,6,0.4243836060973459,1.5131516695915161,1
81,2023,1,4,0.8467361224487421,1.5340041500912152,1
81,2023,2,5,0.2100200152062203,1.0277512211803879,1
81,2023,3,2,2.440666203408968,2.4454426955994446,1
81,2023,4,4,0.586284468829071,1.621599982218825,1
81,2023,5,4,0.5561351505097405,1.7312131232016514,1
81,2023,6,3,1.5500637900311356,1.9989263193997981,1
81,2023,7,3,0.5561351505097405,1.8434416717362112,1
81,2023,8,2,0.9512815466124092,1.7150447632371315,1
81,2023,9,6,0.1249202282993481,1.802468229029156,1
81,2023,10,5,0.7032431146939043,1.8560212891820325,1
81,2023,11,7,0.9111146831788722,1.9813542171378098,1
81,2023,12,7,0.5561351505097405,2.062491199530622,1
81,2024,1,3,0.6112372490104959,1.3544653551740435,1
81,2024,2,2,2.072137204279091,2.1563634850632125,1
81,2024,3,6,0.4716209343651203,1.8539731003045594,1
81,2024,4,3,1.2640159345079554,1.8494382861907905,1
81,2024,5,2,0.7172853889946872,1.5775171256497225,1
81,2024,6,4,1.09603216181872,1.8288935268949187,1
81,2024,7,3,1.4295858236128804,2.013749488549284,1
81,2024,8,2,2.463890436190455,2.4707703165892836,1
81,2024,9,2,2.476625080892585,2.4771376389403486,1
81,2024,10,3,1.1339965801282772,1.8167631200587788,1
81,2024,11,3,0.5561351505097405,1.4710920959225333,1
81,2024,12,4,1.06969276326751,1.6684956746168949,1
82,2017,1,1,2.2072915777921693,2.2072915777921693,1
82,2017,2,1,0.6215511985924771,0.6215511985924771,1
82,2017,4,2,1.079649329657396,1.746887709380539,1
82,2017,12,1,2.4766547620121298,2.4766547620121298,1
82,2018,1,1,1.439930669479304,1.439930669479304,1
82,2018,3,1,2.428667336559548,2.428667336559548,1
82,2018,4,1,2.4093451801465062,2.4093451801465062,1
82,2018,8,1,2.474080993776519,2.474080993776519,1
82,2018,9,1,1.872217703098845,1.872217703098845,1
82,2018,10,1,2.090189320053947,2.090189320053947,1
82,2019,2,1,0.1573340186540301,0.1573340186540301,1
82,2019,6,1,2.22793204387405,2.22793204387405,1
82,2019,9,1,1.213879329950797,1.213879329950797,1
82,2020,1,1,2.127628697173748,2.127628697173748,1
82,2020,2,1,1.3802300776802423,1.3802300776802423,1
82,2020,3,1,2.354522986245686,2.354522986245686,1
82,2020,6,1,1.937356719583595,1.937356719583595,1
82,2020,10,1,1.969217701302752,1.969217701302752,1
82,2020,12,1,1.863814750685636,1.863814750685636,1
82,2021,2,1,1.9263523203850348,1.9263523203850348,1
82,2021,3,2,0.8525566966628236,1.361465874741141,1
82,2021,6,1,2.1565839509800115,2.1565839509800115,1
82,2021,7,1,1.9263523203850348,1.9263523203850348,1
82,2021,9,1,0.0925182962466733,0.0925182962466733,1
82,2021,10,1,1.4123439525056258,1.4123439525056258,1
82,2021,11,1,1.836204660855836,1.836204660855836,1
82,2021,12,1,2.0864146205147227,2.0864146205147227,1
82,2022,3,1,0.1928662696869199,0.1928662696869199,1
82,2022,6,2,1.214028313010456,1.5784376268091989,1
82,2022,7,1,2.108435761054741,2.108435761054741,1
82,2022,9,1,2.2808082814684245,2.2808082814684245,1
82,2023,1,1,0.5412726740897681,0.5412726740897681,1
82,2023,3,1,0.0925180911895331,0.0925180911895331,1
82,2023,9,3,1.9514612697887672,2.2719735128289997,1
82,2023,10,1,1.1827324857478267,1.1827324857478267,1
82,2023,11,1,1.8744596751833675,1.8744596751833675,1
82,2023,12,2,0.7732921268167621,1.2003608871471392,1
82,2024,1,1,0.0952933359497456,0.0952933359497456,1
82,2024,2,1,1.9412765730341603,1.9412765730341603,1
82,2024,3,1,2.428667658554053,2.428667658554053,1
82,2024,5,1,2.082428690811846,2.082428690811846,1
82,2024,6,1,2.495367311017395,2.495367311017395,1
82,2024,7,1,2.495246882728321,2.495246882728321,1
82,2024,8,1,1.1819003135065689,1.1819003135065689,1
82,2024,10,2,1.465346883696566,1.6677561149254676,1
82,2024,11,1,2.490931310422773,2.490931310422773,1
82,2024,12,1,0.7734337182460244,0.7734337182460244,1
83,2017,1,2,2.1518028122440835,2.3161323809518146,1
83,2017,2,1,0.5661828428700655,0.5661828428700655,1
83,2017,4,2,1.024208770751676,1.6916830317931213,1
83,2017,12,2,2.425827633584984,2.4565832331744346,1
83,2018,1,1,1.4488065628696958,1.4488065628696958,1
83,2018,3,1,2.3731775025083146,2.3731775025083146,1
83,2018,4,1,2.3562174846835244,2.3562174846835244,1
83,2018,8,1,2.4173871674135885,2.4173871674135885,1
83,2018,9,1,1.8205898838098529,1.8205898838098529,1
83,2018,10,2,2.0390510673830997,2.259437896124515,1
83,2019,2,1,0.1136527158395117,0.1136527158395117,1
83,2019,4,1,2.4558262719911217,2.4558262719911217,1
83,2019,6,1,2.212470245657425,2.212470245657425,1
83,2019,9,1,1.1771432406765483,1.1771432406765483,1
83,2020,1,1,2.075951239637186,2.075951239637186,1
83,2020,2,1,1.324771520499234,1.324771520499234,1
83,2020,3,1,2.3005196734634965,2.3005196734634965,1
83,2020,6,1,1.883145274381625,1.883145274381625,1
83,2020,10,1,1.9142522425615496,1.9142522425615496,1
83,2020,12,1,1.8083405713718896,1.8083405713718896,1
83,2021,2,1,1.8877973266720167,1.8877973266720167,1
83,2021,3,2,0.8594790501082036,1.3387576092957125,1
83,2021,6,1,2.1122193828510185,2.1122193828510185,1
83,2021,7,1,1.8877973266720167,1.8877973266720167,1
83,2021,9,1,0.0394200736078106,0.0394200736078106,1
83,2021,10,1,1.3568789776155488,1.3568789776155488,1
83,2021,11,1,1.8040620432699015,1.8040620432699015,1
83,2021,12,1,2.0353324408056537,2.0353324408056537,1
83,2022,2,1,2.4740930269366643,2.4740930269366643,1
83,2022,3,1,0.1380902399156209,0.1380902399156209,1
83,2022,6,3,1.1772917554794575,1.8570390178421619,1
83,2022,7,1,2.0604385329825363,2.0604385329825363,1
83,2022,9,1,2.2393948675115083,2.2393948675115083,1
83,2023,1,1,0.4859491812645304,0.4859491812645304,1
83,2023,3,1,0.0394196145877569,0.0394196145877569,1
83,2023,9,3,1.8968721272363984,2.2234223498552725,1
83,2023,10,2,1.1460907359764507,1.8068413464060304,1
83,2023,11,1,1.8289934107886971,1.8289934107886971,1
83,2023,12,2,0.7179002737372481,1.1449280176364083,1
83,2024,1,1,0.0421094574106377,0.0421094574106377,1
83,2024,2,1,1.905349490386811,1.905349490386811,1
83,2024,3,1,2.373177823314254,2.373177823314254,1
83,2024,5,1,2.0986011883582165,2.0986011883582165,1
83,2024,6,1,2.439578259514533,2.439578259514533,1
83,2024,7,1,2.439454883685061,2.439454883685061,1
83,2024,8,1,1.1452785237393237,1.1452785237393237,1
83,2024,10,2,1.4283108169090175,1.6219214393091037,1
83,2024,11,1,2.434536039853334,2.434536039853334,1
83,2024,12,1,0.7180418414239119,0.7180418414239119,1
84,2017,1,8,0.7287795505904853,1.4610376271997167,1
84,2017,2,9,1.3818304966955233,1.745522819667176,1
84,2017,3,9,0.8284368704809096,1.6481188774603084,1
84,2017,4,7,1.533988947213026,1.9428547671737835,1
84,2017,5,12,0.5373874197373787,1.3912311738730434,1
84,2017,6,4,1.195841004331387,1.5802925744263714,1
84,2017,7,7,1.0799715223955175,1.6238605248175446,1
84,2017,8,2,0.7478248601335922,1.184297911913204,1
84,2017,9,5,0.6530580535419935,1.8478595178874855,1
84,2017,10,7,1.0679646218265768,1.7422920299209943,1
84,2017,11,4,0.7102685086810443,1.3825545052786978,1
84,2017,12,3,1.8492725014966085,2.0700916237986937,1
84,2018,1,7,0.8055555184628782,1.5089276858254195,1
84,2018,2,3,0.7718097797904454,1.5573598125996426,1
84,2018,3,4,0.78450023982911,1.2542906287742521,1
84,2018,4,4,0.6530580535419935,1.5148551791676785,1
84,2018,5,8,0.8366612038590165,1.6321154101238013,1
84,2018,6,3,0.7163039287931581,1.5058215328688433,1
84,2018,7,5,1.0961807079880856,1.5651849690262507,1
84,2018,8,4,0.7195244204517546,1.1713642602898264,1
84,2018,9,10,0.7693009757227113,1.4951190950385302,1
84,2018,10,3,1.457006879288408,1.849697502037811,1
84,2018,11,10,1.0522356697966813,1.8080357470237214,1
84,2018,12,5,0.901469465290035,1.7285089069405881,1
84,2019,1,6,0.6530580535419935,1.2352455297830467,1
84,2019,2,5,1.195841004331387,1.6984763928900726,1
84,2019,3,5,0.784242987755681,1.794542924852537,1
84,2019,4,14,0.0288714586316036,1.5198861357961957,1
84,2019,5,6,1.2276007574303325,1.6447494638810787,1
84,2019,6,7,0.7953326604548288,1.5928469310775708,1
84,2019,7,6,0.8448723545760878,1.7954570941034387,1
84,2019,8,10,0.9888414902311732,1.787945946692545,1
84,2019,9,7,0.8033131087368257,1.4152041193303597,1
84,2019,10,6,1.4832479162381282,1.9539596406457662,1
84,2019,11,8,0.9818654606160468,1.821377466989526,1
84,2019,12,12,0.920890270211406,1.8646652568887452,1
84,2020,1,8,0.7102685086810443,1.430270789464248,1
84,2020,2,6,0.8366612038590165,1.546486505934164,1
84,2020,3,3,1.9739314114850652,2.1819984672438104,1
84,2020,4,1,1.4851907611188924,1.4851907611188924,1
84,2020,5,2,2.160912350317421,2.262345658910129,1
84,2020,6,5,1.6384113859673015,1.9726527045808766,1
84,2020,7,5,0.8827034189788993,1.8344537433908978,1
84,2020,8,5,0.6025130086429301,1.3356643621969235,1
84,2020,9,5,0.7543209954742838,1.639521168690536,1
84,2020,10,7,1.0470241429332985,1.8480984458703522,1
84,2020,11,9,0.84018668393934,1.4467772281166167,1
84,2020,12,3,1.1385482247099945,1.2257727874967628,1
84,2021,1,6,0.8827034189788993,1.6652196644179247,1
84,2021,2,1,0.9404909583453538,0.9404909583453538,1
84,2021,3,5,1.1926381077802852,1.8852160647074179,1
84,2021,4,3,0.9244482461438186,1.49209463727645,1
84,2021,5,5,0.8591522860280623,1.7381911998618715,1
84,2021,6,7,1.3254152971766082,1.758247555935616,1
84,2021,7,7,0.3880938933561746,1.3528213043147868,1
84,2021,8,5,0.7153923469734855,1.5760993047927023,1
84,2021,9,12,0.4649862076253784,1.5449788975598358,1
84,2021,10,9,0.7602179042714853,1.6169536058394334,1
84,2021,11,4,1.4079964562119611,1.6601527702361616,1
84,2021,12,2,1.6684109220696266,1.7991300560465966,1
84,2022,1,3,0.7100526043274075,1.3452190347760975,1
84,2022,2,8,0.8033131087368257,1.6025641564590973,1
84,2022,3,8,0.8033131087368257,1.7845956053680943,1
84,2022,4,7,0.7957658796081089,1.4624755793273778,1
84,2022,5,11,1.022560921953986,1.7160320412696712,1
84,2022,6,11,0.1417702536053352,1.429392413964127,1
84,2022,7,7,0.8460281496780752,1.6087479666815419,1
84,2022,8,10,0.9120040081985116,1.6346035104742964,1
84,2022,9,10,0.8007357956669573,1.6351095410532348,1
84,2022,10,5,0.7992290489756645,1.7296825557741786,1
84,2022,11,6,0.8556830418089215,1.6043106321226848,1
84,2022,12,5,0.7682574952348277,1.9810170171560153,1
84,2023,1,8,1.3158735492574292,2.0252580405516536,1
84,2023,2,7,0.8321128718860683,1.4661782657348315,1
84,2023,3,6,0.937195261451527,1.8978489394281535,1
84,2023,4,5,1.3491333426379737,1.5823246510024496,1
84,2023,5,8,1.0877585523102875,1.9237452976570732,1
84,2023,6,4,0.6227614378355062,1.5047972333824027,1
84,2023,7,5,1.024400637818401,1.733042007012812,1
84,2023,8,11,0.5501225885770971,1.6398129306960911,1
84,2023,9,12,1.1172516153673453,1.831806948686461,1
84,2023,10,6,0.7700435600160531,1.445440339550273,1
84,2023,11,5,0.6530576920940006,0.9713087791703812,1
84,2023,12,1,1.2599460099882045,1.2599460099882045,1
84,2024,1,6,1.09753972177211,2.008984240005679,1
84,2024,2,9,0.983688236920771,1.6138852283218794,1
84,2024,3,4,0.8040424555969312,1.3721649780578737,1
84,2024,4,2,2.03295483469874,2.118674993641711,1
84,2024,5,7,0.8237460206735638,1.6722175409328597,1
84,2024,6,6,1.603346491467862,1.9279356643908068,1
84,2024,7,8,0.3147693979607353,1.2789295955387252,1
84,2024,8,3,2.1348561242213995,2.332567985848289,1
84,2024,9,12,0.8237810380875343,1.8872413438243285,1
84,2024,10,10,1.2146017342369375,1.6324227492881707,1
84,2024,11,7,0.7139440068830906,1.4342015702073656,1
84,2024,12,8,1.346003069094462,1.6729643349234762,1
85,2017,1,4,1.7152677512855865,2.1956590175926176,1
85,2017,3,2,1.839659437549228,1.9216879658517674,1
85,2017,4,2,1.5905026088532643,1.827362300935047,1
85,2017,5,3,0.6938088123691182,1.3252115839074972,1
85,2017,6,1,0.9079345611456944,0.9079345611456944,1
85,2017,8,3,1.5463982033893429,1.639792199730766,1
85,2017,10,8,1.592027219414892,2.0142090228306584,1
85,2017,11,5,1.4334120157922137,1.8262248542709678,1
85,2017,12,2,1.5463982033893429,1.8530718987760513,1
85,2018,1,3,1.7047200452427782,1.7646806402362685,1
85,2018,3,3,0.1135543167511049,0.8216751137041071,1
85,2018,4,3,1.569059531101065,1.7380131701423593,1
85,2018,5,2,1.667205919822003,1.858860292173254,1
85,2018,6,2,1.6260469656987764,1.718548979750624,1
85,2018,7,3,1.5790596615433892,1.8790523539067507,1
85,2018,8,3,0.5763837683919596,1.6095213607202972,1
85,2018,9,6,1.9545366063499243,2.1958754586506033,1
85,2018,10,3,1.8508105705987947,2.0577493959643185,1
85,2018,11,1,1.5186872645452023,1.5186872645452023,1
85,2018,12,1,2.339846731121444,2.339846731121444,1
85,2019,1,2,1.7526234436053263,1.841845464723463,1
85,2019,2,3,1.5457314999595368,2.1433698382910826,1
85,2019,3,5,1.6352286869737396,1.8569886588166995,1
85,2019,4,4,1.6654301471939976,2.032200311293412,1
85,2019,5,3,1.7844497045227277,2.1958039547254358,1
85,2019,6,3,2.223453982447891,2.345321283399127,1
85,2019,7,4,1.667205919822003,2.019991549028859,1
85,2019,8,1,1.4606395818844038,1.4606395818844038,1
85,2019,9,4,1.3378525150290883,1.7271923465033072,1
85,2019,10,3,2.401932031641257,2.441741591397294,1
85,2019,11,3,1.7938083735038794,2.001356279051763,1
85,2019,12,2,2.254698710903428,2.3482410674964926,1
85,2020,1,4,1.8469334469942411,2.1621869469237036,1
85,2020,2,4,1.4935434448713556,2.0666648164595496,1
85,2020,5,3,1.871867173276535,2.1946717162228784,1
85,2020,6,3,1.871867173276535,2.0828571350701663,1
85,2020,7,1,2.2585658178215477,2.2585658178215477,1
85,2020,8,2,1.5964859056929774,2.018911031662074,1
85,2020,9,5,0.8593095350598652,2.000911476007394,1
85,2020,10,4,1.0441365210011877,1.8139943941286496,1
85,2021,1,1,1.6260469656987764,1.6260469656987764,1
85,2021,2,1,1.592027219414892,1.592027219414892,1
85,2021,3,3,0.8593095350598652,1.9043557871881962,1
85,2021,4,3,2.195099534523546,2.3162523020778414,1
85,2021,5,4,1.6260469656987764,1.766010886088533,1
85,2021,6,3,1.578341679376272,1.6859257300996573,1
85,2021,7,1,1.7844497045227277,1.7844497045227277,1
85,2021,8,3,1.3378520509356908,1.7998617202970841,1
85,2021,9,4,1.667205919822003,2.2240259320593223,1
85,2021,10,4,1.6990503189014192,2.1007208345053563,1
85,2021,12,6,1.0276162929107138,1.6704591622343692,1
85,2022,1,2,2.145592996071129,2.2618556582246168,1
85,2022,2,1,1.5457314999595368,1.5457314999595368,1
85,2022,4,2,0.5098863583148119,1.3959895219649583,1
85,2022,5,5,0.7541823881789093,1.8239007643220944,1
85,2022,6,3,1.4411988559084523,1.6649425517585803,1
85,2022,7,2,1.6489656979406695,1.8880724774397186,1
85,2022,8,4,0.8634840904556585,1.9256504946920672,1
85,2022,9,1,0.85931024771651,0.85931024771651,1
85,2022,10,3,2.0009643224023037,2.321724550520718,1
85,2022,11,2,1.6243357266249547,1.9211460766689314,1
85,2022,12,3,0.6237156830718742,1.7502856989298075,1
85,2023,1,5,1.8858636098077688,2.146059229062267,1
85,2023,2,3,1.5710840256302228,2.014698464847145,1
85,2023,3,8,1.5808224094241168,2.208859796920709,1
85,2023,4,1,0.995584673859513,0.995584673859513,1
85,2023,5,3,1.6787441753143466,1.918344101862435,1
85,2023,6,4,0.872750319100249,1.7908522201001542,1
85,2023,7,2,0.8988912498328602,1.6855651752550598,1
85,2023,8,3,1.01918629298743,1.6854718833100781,1
85,2023,9,3,1.026998179188008,1.805521971802781,1
85,2023,10,5,1.9832706763517032,2.2915764302831128,1
85,2023,11,3,1.624524089427361,1.8850841880968439,1
85,2023,12,2,2.229948025871456,2.3269263241342752,1
85,2024,1,3,2.389928738178767,2.438298123134015,1
85,2024,2,1,1.621417820423047,1.621417820423047,1
85,2024,3,5,1.518599498264492,1.9600835941101724,1
85,2024,4,3,2.172072421098556,2.188044184718,1
85,2024,5,8,0.2421442793115973,1.5156651963468308,1
85,2024,6,2,2.217270565995978,2.2697394316092794,1
85,2024,7,6,1.652197379319135,2.168108513541577,1
85,2024,8,1,1.6018089474519988,1.6018089474519988,1
85,2024,9,3,2.1364318280087,2.161426567915813,1
85,2024,10,8,0.3038789835794576,1.7047752966592908,1
85,2024,11,4,1.5876848862705366,2.1606810234892233,1
85,2024,12,4,1.5936986868848435,2.0944173827075234,1
86,2017,1,3,1.153210055543512,1.750520259082543,1
86,2017,3,2,1.408025114347743,1.4945893668428263,1
86,2017,4,5,1.0310949603354544,1.901473071035906,1
86,2017,5,6,0.1405073135742043,1.7190645352424632,1
86,2017,6,3,1.3429136208464945,1.9354311070050285,1
86,2017,8,3,0.9843075556410744,1.3962622834329634,1
86,2017,10,6,1.0481188496779386,1.3598720905136654,1
86,2017,11,4,0.8712493491540928,1.2158909966734734,1
86,2017,12,1,0.9843075556410744,0.9843075556410744,1
86,2018,1,4,1.1426290437033817,1.4946603539844736,1
86,2018,3,4,0.6756952150343641,1.2979176198845304,1
86,2018,4,4,1.0202534275482082,1.4297756667565238,1
86,2018,5,2,1.1127715961147415,1.4809381187838078,1
86,2018,6,4,1.0936332795082413,1.818299192713408,1
86,2018,7,3,1.0258429912331557,1.5837243604840816,1
86,2018,8,4,1.0452972312282374,1.7098390345935972,1
86,2018,9,5,1.5811536193379094,1.9393153303928563,1
86,2018,10,2,1.3542355733708635,1.459699895381049,1
86,2018,11,2,0.9651809131514194,1.6585846140440366,1
86,2018,12,1,1.7777453818366973,1.7777453818366973,1
86,2019,1,2,1.2844034686492265,1.326692265883198,1
86,2019,2,3,0.983607620859108,1.9332743021568077,1
86,2019,3,5,1.117602011437416,1.579798925594031,1
86,2019,4,4,1.163705368946987,1.782751017372472,1
86,2019,5,2,1.29990448624041,1.8010999611292449,1
86,2019,6,2,2.310156761721704,2.3684473935340895,1
86,2019,7,2,1.1127715961147415,1.210210932301464,1
86,2019,8,2,0.8984940331342482,1.607869415859935,1
86,2019,9,3,1.0644191945652632,1.3821895462261633,1
86,2019,10,1,2.370526060377736,2.370526060377736,1
86,2019,11,3,1.2317223407274036,1.6953101763927148,1
86,2019,12,3,2.023475690358901,2.2283081569344128,1
86,2020,1,4,2.036120830303044,2.1803991015164,1
86,2020,2,4,0.9399424751190244,1.5847290924291038,1
86,2020,3,1,2.4252729580418024,2.4252729580418024,1
86,2020,4,2,2.220947599670197,2.2372085249332248,1
86,2020,5,3,1.4611959677604942,1.7641233665136677,1
86,2020,6,4,1.4611959677604942,2.0237773672270896,1
86,2020,7,1,1.8939782680996329,1.8939782680996329,1
86,2020,8,2,1.0431201413980402,1.637792201790388,1
86,2020,9,8,0.2972474650006655,1.82516607812318,1
86,2020,10,5,1.5544581831883948,1.9816164428540355,1
86,2021,1,2,1.0936332795082413,1.7382192513900194,1
86,2021,2,1,1.0481188496779386,1.0481188496779386,1
86,2021,3,1,0.2972474650006655,0.2972474650006655,1
86,2021,4,1,1.9704462047564093,1.9704462047564093,1
86,2021,5,6,1.0936332795082413,1.6478102671272516,1
86,2021,6,3,1.0169941690513165,1.1386617275573458,1
86,2021,7,1,1.29990448624041,1.29990448624041,1
86,2021,8,3,1.1365594168852553,1.606206165228499,1
86,2021,9,1,1.1127715961147415,1.1127715961147415,1
86,2021,10,3,1.1844883087687978,1.5678052722075473,1
86,2021,12,6,0.4655463981101593,1.4823969246381683,1
86,2022,1,1,2.310156761721704,2.310156761721704,1
86,2022,2,1,0.983607620859108,0.983607620859108,1
86,2022,3,1,2.132660524190862,2.132660524190862,1
86,2022,4,1,0.9277977999489716,0.9277977999489716,1
86,2022,5,4,1.2335275836988342,1.9429006329209928,1
86,2022,6,7,0.8793388268617078,1.9137331938847677,1
86,2022,7,2,1.1080792290268502,1.7651661762012778,1
86,2022,8,4,0.4610651173046263,1.6243734060280217,1
86,2022,9,1,0.2972481865403011,0.2972481865403011,1
86,2022,10,2,1.768318859600983,2.0726307740660395,1
86,2022,11,3,1.073853423527254,1.7720226080342922,1
86,2022,12,3,0.0622572890636671,1.5210665920489583,1
86,2023,1,5,1.473415293823277,1.7305002468519397,1
86,2023,2,3,1.0226648987457412,1.5683954982638657,1
86,2023,3,5,1.0194730923979416,1.5663325790190572,1
86,2023,4,2,1.4806753798884924,1.8600510465254363,1
86,2023,5,4,1.149689398075771,1.7030150413337046,1
86,2023,6,3,1.3552563411185066,1.4096871411741791,1
86,2023,7,2,1.330933213057229,1.6509908377839848,1
86,2023,8,4,0.4569331820045894,1.536769667260252,1
86,2023,9,5,0.4649170136287001,1.8026203521399728,1
86,2023,10,3,1.641893428168015,2.0107327559876076,1
86,2023,11,3,1.0922137792601398,1.472281568145882,1
86,2023,12,1,1.950345479418713,1.950345479418713,1
86,2024,1,1,2.129294145730982,2.129294145730982,1
86,2024,2,3,1.66017197894036,2.094526662688483,1
86,2024,3,5,0.9565026403579182,1.5158401394862522,1
86,2024,4,2,1.6482300359146196,1.7282837371193938,1
86,2024,5,8,0.2965092404076559,1.2211130523404186,1
86,2024,6,3,1.6551731042674076,2.0369184434448058,1
86,2024,7,6,1.0901292208007554,1.9123244755877877,1
86,2024,8,2,1.0640711696483154,1.572857942828303,1
86,2024,9,4,1.6287713715370262,1.8796671351831913,1
86,2024,10,7,0.2585075914350576,1.7050656242154392,1
86,2024,11,1,1.0255951352460762,1.0255951352460762,1
86,2024,12,5,1.0365732763537454,1.760560732097375,1
87,2017,1,4,1.32856070612483,1.768573620925285,1
87,2017,2,6,0.2223450218633681,1.538679704522757,1
87,2017,3,7,1.0884641037556382,1.5704339640002327,1
87,2017,4,3,0.1857595879208208,0.9657157605020927,1
87,2017,5,6,0.6685743058700043,1.5245781776907295,1
87,2017,6,5,1.0459547176283135,1.5681123677998596,1
87,2017,7,3,1.8029529480907929,1.916882105178231,1
87,2017,8,5,1.3635323336611498,1.8773930967392594,1
87,2017,9,3,0.2017743783785737,0.5324445488459605,1
87,2017,10,9,0.1857595879208208,1.424487421037983,1
87,2017,11,4,0.7712504622282194,1.4149022450778341,1
87,2017,12,6,0.0156324332796007,0.9898413844794837,1
87,2018,1,4,0.0156324332796007,1.292058566161768,1
87,2018,2,3,1.134732299690338,1.6489970594919134,1
87,2018,3,2,1.306166949821957,1.5461770270839565,1
87,2018,4,4,0.6124723270965072,1.2729198903065633,1
87,2018,5,4,0.8599482175500073,1.6771215963330766,1
87,2018,6,6,1.1429978705340336,1.6377326326024846,1
87,2018,7,5,1.7284569543607415,1.9474266300957932,1
87,2018,8,6,0.4812146943238929,1.6277379904897697,1
87,2018,9,6,0.6685743058700043,1.3922160680670324,1
87,2018,10,5,1.2347992457341528,1.8334183009145062,1
87,2018,11,3,0.2326316406596124,1.3793692067001473,1
87,2018,12,5,1.2310268687548935,1.640973372816933,1
87,2019,1,5,0.8599482175500073,1.6748960955002565,1
87,2019,2,3,1.4170723183429008,1.6102145226635913,1
87,2019,3,2,2.050928202250777,2.1181672291094378,1
87,2019,4,5,0.6393129520453034,1.3874215926134055,1
87,2019,5,4,1.1870922685534429,1.9478912864128386,1
87,2019,6,1,1.1263955309927218,1.1263955309927218,1
87,2019,7,1,1.938979758055312,1.938979758055312,1
87,2019,8,2,1.8027395278617704,1.9749856046616263,1
87,2019,9,5,0.4844429654895071,1.506639351025843,1
87,2019,10,2,0.7636214273053,1.16157310668362,1
87,2019,11,4,1.4649444529859437,1.8556702090304362,1
87,2019,12,6,1.1756906721090012,1.7995228314887586,1
87,2020,1,2,1.0777132499573936,1.4803233926337813,1
87,2020,2,2,0.6763931530561845,1.2733951446669423,1
87,2020,3,6,0.0743001340368735,1.4134697662812197,1
87,2020,4,4,1.798651564369982,1.9995596410744558,1
87,2020,5,6,1.6304668629719503,1.950427683008842,1
87,2020,6,5,1.0986815869238529,1.7773991159608944,1
87,2020,7,5,1.32856070612483,1.7152661088788919,1
87,2020,8,9,1.0777132499573936,1.7678149891136612,1
87,2020,9,6,1.1868605807585686,1.7925122969757925,1
87,2020,10,8,1.4330030784048768,1.8783343260570835,1
87,2020,11,3,0.8599482175500073,1.6587092762746725,1
87,2020,12,3,0.8701288075165277,1.304339815188366,1
87,2021,1,5,0.7685645927231858,1.585851130995738,1
87,2021,2,2,1.2524761988218411,1.6128706480102775,1
87,2021,3,5,1.4206629963155255,1.799253568887022,1
87,2021,4,3,1.614208542779314,1.7881699884210096,1
87,2021,5,5,0.7036247290274416,1.5074558876317923,1
87,2021,6,5,0.2549787482089486,1.345329515719736,1
87,2021,7,2,1.6531267740311677,1.9151036291786405,1
87,2021,8,8,1.084826272216355,1.7576643472889144,1
87,2021,9,8,1.3531704119407404,1.9575433123790917,1
87,2021,10,5,1.389161706558386,1.8259819959963253,1
87,2021,11,9,1.3315130520802283,1.761487599992937,1
87,2021,12,3,1.6426632171525126,1.7177166437588338,1
87,2022,1,3,1.086914932511775,1.5249369956041414,1
87,2022,2,2,1.4561398008312565,1.7154680649635654,1
87,2022,3,7,0.0260706423662994,1.2334139051502941,1
87,2022,4,2,0.4859451762929208,1.1162927371011098,1
87,2022,5,7,1.122529943278078,1.9923424424237937,1
87,2022,6,8,0.3526635543783861,1.586369354006399,1
87,2022,7,4,1.0192727255160283,1.6640079233272058,1
87,2022,8,6,0.0469068049998189,1.4556128372359225,1
87,2022,9,9,1.452554293180634,1.8698180736069159,1
87,2022,10,7,0.7162168147516315,1.4271658907193736,1
87,2022,11,5,1.5422390168868922,1.7131722383114223,1
87,2022,12,10,0.7162168147516315,1.5201979940329828,1
87,2023,1,3,1.122529957185987,1.6151587423239029,1
87,2023,2,6,1.077712551023014,1.6598488572378398,1
87,2023,3,6,1.1273465867895769,1.6580091518079427,1
87,2023,4,5,1.2203250426754,1.4850009311103443,1
87,2023,5,9,0.229707647628544,1.534727989928635,1
87,2023,6,6,1.234798863859733,1.6499347321841062,1
87,2023,7,5,1.6367796173447813,1.8130546072907248,1
87,2023,8,7,1.4361057188670114,1.8842663480661295,1
87,2023,9,9,0.7706998399660597,1.6840163254744636,1
87,2023,10,8,0.5852998746450848,1.393635397100489,1
87,2023,11,6,0.5828663381935458,1.3273532678468578,1
87,2023,12,2,1.3615623619366872,1.7434604658294464,1
87,2024,1,6,0.7390180663614523,1.595830368875598,1
87,2024,2,3,1.0799013363323051,1.5693798897828115,1
87,2024,3,8,0.8070242018626056,1.5585976397567738,1
87,2024,4,4,1.3025473312582836,1.8496633155302886,1
87,2024,5,7,1.2184407566470488,1.8881974916927835,1
87,2024,6,2,1.5112920216258607,1.595014189348079,1
87,2024,7,7,1.2769765770282038,1.6525201692579639,1
87,2024,8,5,0.3041574618670381,1.2557767108587863,1
87,2024,9,5,0.0257127438273199,1.1792634761809881,1
87,2024,10,13,1.079822347603706,1.8091392969423032,1
87,2024,11,7,0.6715599615776968,1.5679567633369627,1
87,2024,12,10,0.4811335820407706,1.5406901892084846,1
88,2017,1,1,1.070235063197694,1.070235063197694,1
88,2017,2,1,1.2479067531342418,1.2479067531342418,1
88,2017,3,6,0.0562524874014396,0.8609126912884943,1
88,2017,4,2,0.5464830839569265,1.2256680807233147,1
88,2017,5,5,0.6131623833115054,1.054503478251683,1
88,2017,6,5,0.6897553455941897,1.4922947590062674,1
88,2017,7,2,1.199886316450178,1.2034390868314289,1
88,2017,8,2,0.8876725454408154,1.4435667025074461,1
88,2017,9,5,0.6397379451659878,1.0403442121535083,1
88,2017,10,7,0.107228576462863,1.363439656419914,1
88,2017,11,2,2.097999100321719,2.2118962228265264,1
88,2017,12,1,1.070235063197694,1.070235063197694,1
88,2018,2,1,0.3289044799404828,0.3289044799404828,1
88,2018,3,3,0.5210237742876486,0.9520885339324904,1
88,2018,4,5,0.1566000995176591,1.6388816093612284,1
88,2018,5,2,1.8790275314984797,2.1378974077215744,1
88,2018,6,4,0.0854757488801998,0.6777153566473493,1
88,2018,7,3,0.8876725454408154,1.6688216540559637,1
88,2018,9,4,0.4686778548120793,1.4682947907448347,1
88,2018,10,3,0.9985760309818236,1.7368623600272162,1
88,2018,12,1,0.893487434091954,0.893487434091954,1
88,2019,1,2,1.631049643963853,1.9978545332523505,1
88,2019,3,2,1.7479132360513367,1.7530101985659974,1
88,2019,4,1,0.8985031091945227,0.8985031091945227,1
88,2019,5,1,0.588809137569711,0.588809137569711,1
88,2019,6,2,0.8342167797048726,1.3456423372277015,1
88,2019,7,4,1.2451397320418531,1.7832921272549536,1
88,2019,8,1,0.9848989019797848,0.9848989019797848,1
88,2019,9,2,0.0562512730174782,1.1910833812992643,1
88,2019,10,1,2.0673033327839057,2.0673033327839057,1
88,2019,11,3,1.0171596202727209,1.3553615171306592,1
88,2019,12,3,0.7554201732833927,0.897673437975282,1
88,2020,1,5,0.4401439132053295,1.2533301068147724,1
88,2020,2,4,0.4821528705592183,1.448487656112897,1
88,2020,3,4,0.9161984427912144,1.3915950887043904,1
88,2020,4,2,0.7401016160574865,1.590281484045552,1
88,2020,5,3,1.1939982559980251,1.5594225550614087,1
88,2020,6,4,0.9969545046608652,1.5054528932971531,1
88,2020,7,2,0.625780333867041,0.9972491669644743,1
88,2020,8,4,0.5296821030159028,1.0230229415387824,1
88,2020,9,3,0.6387013476564588,1.3469636550821094,1
88,2020,10,2,1.9981107060041807,2.178347417000985,1
88,2020,11,4,0.0897895981396014,0.578717506781387,1
88,2020,12,2,1.0446178692872137,1.0544204903104464,1
88,2021,2,1,2.282091714158484,2.282091714158484,1
88,2021,3,3,0.4579606942361602,0.9290789943590475,1
88,2021,4,1,2.411297266466856,2.411297266466856,1
88,2021,5,3,0.7047578202290105,1.0194305507505004,1
88,2021,6,4,1.2768838480480036,2.06543889000441,1
88,2021,7,4,0.2803198527897004,1.0939996681410578,1
88,2021,8,1,0.7497737738476716,0.7497737738476716,1
88,2021,9,2,1.789090854621752,2.0977079534725136,1
88,2021,10,5,0.4494096389661464,1.6228801963648607,1
88,2021,11,5,0.4494096389661464,1.4045808936744548,1
88,2021,12,4,0.372893285516458,1.587330589688007,1
88,2022,2,1,0.8836417577027954,0.8836417577027954,1
88,2022,3,3,0.6063060899812498,0.8368435863376679,1
88,2022,4,3,1.002160079654107,1.7447450284982888,1
88,2022,5,1,1.8570680100837509,1.8570680100837509,1
88,2022,6,3,1.1783258905161442,1.9991185219407923,1
88,2022,7,2,0.9969543739798532,1.424406864672291,1
88,2022,8,1,0.8606494536646753,0.8606494536646753,1
88,2022,9,3,0.7047581084766079,1.4036051560278224,1
88,2022,10,2,1.1783258905161442,1.5582482304410594,1
88,2022,11,4,1.179548650159621,1.686161792389408,1
88,2022,12,1,2.0117709561665875,2.0117709561665875,1
88,2023,1,2,0.44940956426939,0.9233740244890062,1
88,2023,2,2,0.7047581187747703,1.320593581815598,1
88,2023,3,10,0.44940956426939,0.9340130884169057,1
88,2023,4,2,1.2277194680537002,1.6274345176874827,1
88,2023,6,3,1.606537431996542,2.0460146492088995,1
88,2023,7,3,0.3147196457086512,1.2454204972690708,1
88,2023,8,2,0.3147196457086512,0.5846220643168847,1
88,2023,9,1,2.1517049173674674,2.1517049173674674,1
88,2023,10,4,1.4356649178270238,2.110504241024495,1
88,2023,11,5,0.780998627963708,1.7986567341223654,1
88,2023,12,2,1.9951578343752328,2.165042031403303,1
88,2024,3,4,1.0702352309327676,1.3008383044123613,1
88,2024,4,1,1.860083919999315,1.860083919999315,1
88,2024,5,3,0.0900009406402519,0.38518733682530004,1
88,2024,6,2,1.279570899428857,1.822260965725361,1
88,2024,7,3,0.8606707043822378,1.2089106770244593,1
88,2024,8,4,0.0559684340544894,1.4830899575938536,1
88,2024,10,4,0.6726093307581702,1.0933310065166317,1
88,2024,11,4,0.0561687293580564,1.112727478758842,1
88,2024,12,1,0.4506815853286749,0.4506815853286749,1
89,2017,1,1,1.0771209240683213,1.0771209240683213,1
89,2017,2,1,1.2581007723316022,1.2581007723316022,1
89,2017,3,6,0.0678578644635962,0.8653056717607619,1
89,2017,4,2,0.5536329253825543,1.2346938588624572,1
89,2017,5,5,0.6190623223625112,1.060940188081091,1
89,2017,6,4,0.6955650592754885,1.2418255151026842,1
89,2017,7,2,1.1892234530961403,1.196236937213932,1
89,2017,8,2,0.897116892372007,1.4493362628079807,1
89,2017,9,5,0.6510788488802134,1.0424920181378448,1
89,2017,10,7,0.0957449650463647,1.3689573226521663,1
89,2017,11,2,2.106113331967416,2.2210623814922554,1
89,2017,12,1,1.0771209240683213,1.0771209240683213,1
89,2018,2,1,0.340433981235707,0.340433981235707,1
89,2018,3,3,0.5325935147451092,0.9623753953481876,1
89,2018,4,5,0.1451714245992584,1.6411234083786774,1
89,2018,5,2,1.881514108827919,2.144740818632814,1
89,2018,6,4,0.0932246007652238,0.6852530302199994,1
89,2018,7,3,0.897116892372007,1.6765427064226204,1
89,2018,9,4,0.4804926109337017,1.4784270725406803,1
89,2018,10,3,0.9870823406497246,1.7375238387283076,1
89,2018,12,1,0.8992696436611639,0.8992696436611639,1
89,2019,1,2,1.6393473965012708,2.0074641461917446,1
89,2019,3,2,1.7500840389719488,1.750425262895405,1
89,2019,4,1,0.889062392153227,0.889062392153227,1
89,2019,5,1,0.5994140547023155,0.5994140547023155,1
89,2019,6,2,0.8444290724185038,1.3561967935471968,1
89,2019,7,4,1.250496781333755,1.7881784324846803,1
89,2019,8,1,0.9798652380671252,0.9798652380671252,1
89,2019,9,2,0.0678832406069428,1.2020086240677617,1
89,2019,10,1,2.078560077393653,2.078560077393653,1
89,2019,11,3,1.026958895671109,1.3621112739461683,1
89,2019,12,3,0.7655807075449994,0.9034350772514582,1
89,2020,1,5,0.4286553354236754,1.2577255611202,1
89,2020,2,4,0.4909585954188064,1.457878585291462,1
89,2020,3,4,0.9250718389155572,1.399228816085167,1
89,2020,4,2,0.745775566503139,1.5988016614366396,1
89,2020,5,3,1.199754954300135,1.5684890575151655,1
89,2020,6,4,0.9854629999032478,1.5043255560879158,1
89,2020,7,2,0.6330636445961059,0.9951443985700867,1
89,2020,8,4,0.5411644086357921,1.0267776181250798,1
89,2020,9,3,0.6492456726777701,1.3576724226655548,1
89,2020,10,2,2.0001907651088184,2.1848492152602734,1
89,2020,11,4,0.1013814761949162,0.5889086049982714,1
89,2020,12,2,1.0517757186031174,1.0614717257099502,1
89,2021,2,1,2.282263468937164,2.282263468937164,1
89,2021,3,3,0.4697052885510273,0.9380755560313343,1
89,2021,4,1,2.4212763297758984,2.4212763297758984,1
89,2021,5,3,0.6969911853666962,1.023582906065556,1
89,2021,6,4,1.2871169342048874,2.0699199288330563,1
89,2021,7,4,0.2868994993272298,1.0897450708950038,1
89,2021,8,1,0.7554220194501909,0.7554220194501909,1
89,2021,9,2,1.793089666120315,2.104466458812025,1
89,2021,10,5,0.4609284441775486,1.629198089639301,1
89,2021,11,5,0.4609284441775486,1.415129618328577,1
89,2021,12,4,0.3614068232157872,1.589309284814834,1
89,2022,2,1,0.8930800777404031,0.8930800777404031,1
89,2022,3,3,0.5950896571867248,0.8369298960448323,1
89,2022,4,3,1.0131746397908274,1.754714278982525,1
89,2022,5,1,1.86796463020876,1.86796463020876,1
89,2022,6,3,1.1842051103628624,2.0070997798211416,1
89,2022,7,2,0.9854628702719296,1.4241030736427729,1
89,2022,8,1,0.8509724980240875,0.8509724980240875,1
89,2022,9,3,0.696991472540767,1.407727356826851,1
89,2022,10,2,1.1842051103628624,1.5667968509789247,1
89,2022,11,4,1.185018660509379,1.690983693286284,1
89,2022,12,1,2.0235146057742117,2.0235146057742117,1
89,2023,1,2,0.4609283743712878,0.9252568430233611,1
89,2023,2,2,0.6969914831564471,1.321597416017148,1
89,2023,3,10,0.4609283743712878,0.9381417606465098,1
89,2023,4,2,1.2378864235179372,1.6309115483669574,1
89,2023,6,3,1.6148281013737646,2.049235534791228,1
89,2023,7,3,0.3037122292518923,1.2410715030308472,1
89,2023,8,2,0.3037122292518923,0.5732348130880388,1
89,2023,9,1,2.161715838484377,2.161715838484377,1
89,2023,10,4,1.4460666092437902,2.1157194323491755,1
89,2023,11,5,0.79053085469479,1.8021887374218728,1
89,2023,12,2,2.004843872592861,2.1705884562924487,1
89,2024,3,4,1.077121094974126,1.3085230130592937,1
89,2024,4,1,1.871003777016237,1.871003777016237,1
89,2024,5,3,0.1014905237102353,0.3955141575983514,1
89,2024,6,2,1.2846882612025643,1.8302818557207408,1
89,2024,7,3,0.8700231143571008,1.2153307812329677,1
89,2024,8,5,0.0674646361859115,1.693262325088344,1
89,2024,10,4,0.6828816437241392,1.1028037009157814,1
89,2024,11,4,0.0676612517310091,1.1215444769383476,1
89,2024,12,1,0.4622250663718281,0.4622250663718281,1
90,2017,1,2,0.6914954856469397,1.3159534745991568,1
90,2017,2,2,1.292736276248355,1.3075435483146243,1
90,2017,5,1,0.8445298602309728,0.8445298602309728,1
90,2017,9,3,0.8372810774633065,1.3579958974429915,1
90,2017,10,3,1.3189866453507713,1.6996181977479707,1
90,2018,1,3,0.8142015169090632,1.6381384253535394,1
90,2018,2,1,1.4973576518327838,1.4973576518327838,1
90,2018,3,1,2.3063243236156525,2.3063243236156525,1
90,2018,4,1,0.586742566754394,0.586742566754394,1
90,2018,6,2,0.1949448915348546,1.2713097565199005,1
90,2018,7,3,1.751781840910668,1.9595376570501568,1
90,2018,9,2,1.5947764500297603,1.7284491887272802,1
90,2018,10,2,1.5021815684283495,1.756670414320843,1
90,2019,1,2,1.5978517899237108,1.6447450208316408,1
90,2019,2,1,1.7354395945709784,1.7354395945709784,1
90,2019,3,2,1.2377360591699778,1.6982892431953864,1
90,2019,4,2,1.4819757103590356,1.6319928765568448,1
90,2019,6,1,0.8372810774633065,0.8372810774633065,1
90,2019,9,2,1.4058050326486635,1.7168362007562594,1
90,2019,10,1,1.7505620738709535,1.7505620738709535,1
90,2019,11,2,1.4287581308626038,1.7905677587033972,1
90,2019,12,2,1.5389539616551926,1.6548592780953821,1
90,2020,1,1,1.5978517899237108,1.5978517899237108,1
90,2020,2,2,0.7115189396022686,1.5770402843891407,1
90,2020,3,3,0.5764225575089632,1.3378090846822968,1
90,2020,5,1,1.496063704916042,1.496063704916042,1
90,2020,6,1,1.5978517899237108,1.5978517899237108,1
90,2020,9,2,1.1364604699128664,1.2781867233467896,1
90,2020,10,2,0.9624875329895204,1.1249360427797845,1
90,2020,12,1,1.4888868446444468,1.4888868446444468,1
90,2021,1,1,1.589162389338788,1.589162389338788,1
90,2021,4,1,0.274025865577146,0.274025865577146,1
90,2021,5,3,1.754368032853464,1.8941580603227115,1
90,2021,6,2,1.938520553521678,2.0918199178172694,1
90,2021,10,1,1.4804414617618642,1.4804414617618642,1
90,2021,12,1,2.2530986895572656,2.2530986895572656,1
90,2022,1,1,1.380631987449661,1.380631987449661,1
90,2022,3,1,1.7578797089775675,1.7578797089775675,1
90,2022,4,1,1.5950642731810436,1.5950642731810436,1
90,2022,5,3,0.9577648161777076,1.6458046911071376,1
90,2022,6,2,2.386805877371443,2.3883375220986904,1
90,2022,7,1,1.1392890334458683,1.1392890334458683,1
90,2022,8,1,0.6766118695529002,0.6766118695529002,1
90,2022,10,1,0.1114107463736691,0.1114107463736691,1
90,2022,11,2,1.2369368457004315,1.323135426460853,1
90,2022,12,2,1.399594808043263,1.408408553268127,1
90,2023,1,2,0.5997635250449843,1.2703570508624173,1
90,2023,2,1,0.602184656282143,0.602184656282143,1
90,2023,3,2,0.9068435102166283,1.1901932944200393,1
90,2023,5,1,1.9404112463960248,1.9404112463960248,1
90,2023,6,1,0.7251298588754568,0.7251298588754568,1
90,2023,7,1,1.0665342953030954,1.0665342953030954,1
90,2023,8,2,1.6378263908564443,1.8043217537651732,1
90,2023,9,2,0.5740301993963176,1.5301257592672823,1
90,2023,11,3,0.1043002041462211,1.4482311922038213,1
90,2023,12,3,0.6131278885004893,1.0677998082500768,1
90,2024,2,2,1.9650709162103877,2.0238599750280537,1
90,2024,3,1,1.8882891396089945,1.8882891396089945,1
90,2024,4,1,1.9650709162103877,1.9650709162103877,1
90,2024,5,1,2.1516106578797025,2.1516106578797025,1
90,2024,6,2,1.439248984580294,1.4424387499058127,1
90,2024,7,2,1.1950249901115628,1.3940806733886746,1
90,2024,9,4,1.1381695883290677,1.3687085750819001,1
90,2024,10,1,1.8545155835566656,1.8545155835566656,1
90,2024,12,1,2.2294312796848934,2.2294312796848934,1
91,2017,1,2,0.6801009290829498,1.3026342920152074,1
91,2017,2,2,1.287143151877414,1.301847955097292,1
91,2017,5,1,0.842132275172144,0.842132275172144,1
91,2017,9,3,0.8241331056656304,1.3467566053941844,1
91,2017,10,3,1.3146983883141672,1.6933450762854403,1
91,2018,1,3,0.8118367428327293,1.630771457640811,1
91,2018,2,1,1.4820381851278797,1.4820381851278797,1
91,2018,3,1,2.3019717409229967,2.3019717409229967,1
91,2018,4,1,0.5861997253209866,0.5861997253209866,1
91,2018,6,2,0.1859642634786923,1.2590766705677707,1
91,2018,7,3,1.746526819366477,1.9563982161507576,1
91,2018,9,2,1.589707446318625,1.726137936294716,1
91,2018,10,2,1.4899393567365091,1.7458134920416084,1
91,2019,1,2,1.592195759698137,1.6416703846485265,1
91,2019,2,1,1.7301109627424862,1.7301109627424862,1
91,2019,3,2,1.222771402940718,1.6830656661799703,1
91,2019,4,2,1.470590543300973,1.6185881033241691,1
91,2019,6,1,0.8241331056656304,0.8241331056656304,1
91,2019,9,2,1.390555487193338,1.709841978781997,1
91,2019,10,1,1.745292754748767,1.745292754748767,1
91,2019,11,2,1.4186416025068869,1.7778894498123554,1
91,2019,12,2,1.5361213975888175,1.6506708204502072,1
91,2020,1,1,1.592195759698137,1.592195759698137,1
91,2020,2,2,0.700292024225525,1.5636854142402765,1
91,2020,3,3,0.5732579477605461,1.3269742589140565,1
91,2020,5,1,1.4825931039602276,1.4825931039602276,1
91,2020,6,1,1.592195759698137,1.592195759698137,1
91,2020,9,2,1.140572586697515,1.279135094674308,1
91,2020,10,2,0.957368076720488,1.1195578423974257,1
91,2020,12,1,1.4773412550106897,1.4773412550106897,1
91,2021,1,1,1.573791643981143,1.573791643981143,1
91,2021,4,1,0.265689817481238,0.265689817481238,1
91,2021,5,3,1.7482320775457287,1.8873897759774707,1
91,2021,6,2,1.9230354518067665,2.076334436736701,1
91,2021,10,1,1.469093636886853,1.469093636886853,1
91,2021,12,1,2.237853615035321,2.237853615035321,1
91,2022,1,1,1.378214813424727,1.378214813424727,1
91,2022,3,1,1.7577398915075133,1.7577398915075133,1
91,2022,4,1,1.5900020507110482,1.5900020507110482,1
91,2022,5,3,0.9589560346579488,1.641442234906786,1
91,2022,6,2,2.382431093384612,2.386693427645865,1
91,2022,7,1,1.1280015727109267,1.1280015727109267,1
91,2022,8,1,0.6712035802629779,0.6712035802629779,1
91,2022,10,1,0.0987587064127165,0.0987587064127165,1
91,2022,11,2,1.221959800398294,1.3107496083380445,1
91,2022,12,2,1.3972960300588722,1.404165365604334,1
91,2023,1,2,0.5941742136983419,1.2599398799914452,1
91,2023,2,1,0.5941414762821038,0.5941414762821038,1
91,2023,3,2,0.9043740954788396,1.1879137981467962,1
91,2023,5,1,1.9251674373334269,1.9251674373334269,1
91,2023,6,1,0.7307391391162767,0.7307391391162767,1
91,2023,7,1,1.0519765314950806,1.0519765314950806,1
91,2023,8,2,1.6370189536952688,1.7961858022841288,1
91,2023,9,2,0.5708587361037423,1.526306627082866,1
91,2023,11,3,0.0944409691307998,1.4369056620235094,1
91,2023,12,3,0.6150815816692864,1.0624948621341197,1
91,2024,2,2,1.9498249471195768,2.0168734060849864,1
91,2024,3,1,1.873069397406688,1.873069397406688,1
91,2024,4,1,1.9498249471195768,1.9498249471195768,1
91,2024,5,1,2.136371039601396,2.136371039601396,1
91,2024,6,2,1.4296991718484393,1.4365704048504595,1
91,2024,7,2,1.197517117692684,1.387640140457522,1
91,2024,9,4,1.1233069674057996,1.3604475007753745,1
91,2024,10,1,1.849770080690045,1.849770080690045,1
91,2024,12,1,2.22509984718809,2.22509984718809,1
92,2017,1,2,2.0173277053223315,2.023336707006502,1
92,2017,2,3,1.21982145570609,1.3861308803832992,1
92,2017,3,1,0.4752360421681516,0.4752360421681516,1
92,2017,4,5,1.0125501609433325,1.670183738919383,1
92,2017,5,3,1.2909910691781286,1.7265430169691112,1
92,2017,6,6,1.0470572441662347,1.903341607829758,1
92,2017,7,7,1.5832770809918,2.075882336195343,1
92,2017,8,1,1.1738476006661278,1.1738476006661278,1
92,2017,9,6,1.018733057002254,1.8158969308300692,1
92,2017,10,3,1.080279310604581,1.7504407336203878,1
92,2017,11,8,0.8418822678075149,1.8168943470553034,1
92,2017,12,1,2.2302098083448825,2.2302098083448825,1
92,2018,1,1,2.2940884364984626,2.2940884364984626,1
92,2018,2,4,1.2307647172839482,1.4908954994578933,1
92,2018,3,2,1.3876836411922844,1.5279019541007566,1
92,2018,5,1,2.133074899787118,2.133074899787118,1
92,2018,6,4,0.973291239861649,1.5421191352373476,1
92,2018,7,1,2.0610221994686238,2.0610221994686238,1
92,2018,8,4,1.9636292425920352,2.099169867275071,1
92,2018,9,5,1.525297032048119,1.972772414769068,1
92,2018,10,6,0.5043523505129736,1.3773038311243566,1
92,2018,11,2,1.5753072611813723,1.8612917174640464,1
92,2018,12,1,1.844866220784492,1.844866220784492,1
92,2019,1,1,1.673476196505453,1.673476196505453,1
92,2019,2,2,1.136731767584054,1.4191938355844753,1
92,2019,3,5,0.7786792135078164,1.6349813098170074,1
92,2019,4,4,0.0825860855287026,1.4347885352960605,1
92,2019,5,4,0.9240541479688272,1.9877781815216582,1
92,2019,6,2,0.7786792135078164,1.406453972724235,1
92,2019,7,2,0.9240541479688272,1.4620163539997917,1
92,2019,8,2,1.9328825833384544,1.9961695699086057,1
92,2019,9,8,0.865366905836901,1.6230249614727592,1
92,2019,10,4,1.0087581381564286,1.8425539626032574,1
92,2019,11,3,1.5352627519425863,1.9711941891907692,1
92,2019,12,4,1.833090370696688,2.05265311525262,1
92,2020,1,1,1.58735849115242,1.58735849115242,1
92,2020,2,2,1.3870807067373605,1.5454287997146818,1
92,2020,3,2,0.7786792135078164,1.0348230080424918,1
92,2020,4,1,1.1511144826811524,1.1511144826811524,1
92,2020,5,1,1.6148984141427796,1.6148984141427796,1
92,2020,6,2,2.1446564552504315,2.224844129260992,1
92,2020,8,4,0.7786792135078164,1.4984271267433407,1
92,2020,9,2,0.4765213836840503,1.0233214596265965,1
92,2020,10,3,2.147587266264071,2.240264339346071,1
92,2020,11,4,0.1768865136141475,1.248953279176444,1
92,2020,12,2,1.0740565481323634,1.662286648549928,1
92,2021,1,2,1.844607170747386,2.0932654081821704,1
92,2021,2,2,1.1676447567609194,1.4531556280241178,1
92,2021,3,2,2.0307560904479147,2.091741710143327,1
92,2021,4,6,1.9296627249564875,2.1545076101157954,1
92,2021,5,1,1.164635049053366,1.164635049053366,1
92,2021,6,5,0.8346454081606428,1.4267983859619242,1
92,2021,7,3,1.5660031141161097,2.087171241186546,1
92,2021,8,4,1.6014565685352251,1.8547369711123036,1
92,2021,9,1,1.5660031141161097,1.5660031141161097,1
92,2021,10,3,1.536836789399319,1.9667283948824046,1
92,2021,11,4,1.6012629921244426,1.83266874072669,1
92,2021,12,2,2.0229242517217827,2.1414979066657382,1
92,2022,1,3,1.2667588581022933,1.9303941068449013,1
92,2022,2,1,1.5455690701810827,1.5455690701810827,1
92,2022,3,5,1.5951354141755898,2.15696708013072,1
92,2022,4,2,2.241765958828112,2.2584136422319294,1
92,2022,5,4,0.3148808744664668,0.9978267012898234,1
92,2022,6,8,0.2093959634935466,1.5549016496978085,1
92,2022,7,3,2.030756230808488,2.1317605563998003,1
92,2022,8,4,1.784373578634506,2.142304025346898,1
92,2022,9,5,1.0436816642470297,1.6466488281009048,1
92,2022,10,5,1.3116813893671864,1.918885871173274,1
92,2022,11,3,1.327427090617798,1.8528299864846478,1
92,2023,1,4,1.6009789960198055,1.7821395310234176,1
92,2023,2,3,0.9240541836430168,1.6138681561156591,1
92,2023,4,1,2.180850518156646,2.180850518156646,1
92,2023,5,3,1.1726840837164214,1.3224390674614328,1
92,2023,6,5,0.9090939978808784,1.7518549258114333,1
92,2023,7,6,1.1496310760767072,1.6326819477621501,1
92,2023,8,1,1.837966608571592,1.837966608571592,1
92,2023,9,4,0.8567019171622853,1.8188801574153233,1
92,2023,10,4,0.8346455905617298,1.4995284554282784,1
92,2023,11,1,1.7989955564346063,1.7989955564346063,1
92,2023,12,2,1.8334767370619252,1.8647975712137312,1
92,2024,1,3,1.4652519573002123,1.968119484314003,1
92,2024,2,1,2.144934068838864,2.144934068838864,1
92,2024,3,4,0.4752362322766033,1.4190903340242285,1
92,2024,4,2,1.020092701658016,1.2744547294437492,1
92,2024,5,2,1.6777553995237122,1.6891598877348033,1
92,2024,6,6,0.9645424340596818,1.609093677333673,1
92,2024,7,2,1.117830906143198,1.347969074502597,1
92,2024,8,1,2.162217349829937,2.162217349829937,1
92,2024,9,4,1.1725766846118393,1.6901477487612595,1
92,2024,10,2,1.6056482978792757,1.857713163108409,1
92,2024,11,5,1.5288167572294824,1.56215929764666,1
92,2024,12,2,1.0259106730021237,1.5480123345116779,1
93,2017,1,2,2.011779438676132,2.019197964982843,1
93,2017,2,3,1.2080955061003449,1.3816284761585331,1
93,2017,3,1,0.4718964479264858,0.4718964479264858,1
93,2017,4,5,1.0238272230577743,1.6701637013817652,1
93,2017,5,3,1.3018057775795868,1.7321413626052269,1
93,2017,6,6,1.0430420082704963,1.9029058822756435,1
93,2017,7,7,1.5802845222544422,2.0720722369955733,1
93,2017,8,1,1.1767269215764085,1.1767269215764085,1
93,2017,9,6,1.0210237035422476,1.814740878057935,1
93,2017,10,3,1.0828125311033117,1.7509771934659504,1
93,2017,11,8,0.8431203527547859,1.8157524806408483,1
93,2017,12,1,2.2303681962535995,2.2303681962535995,1
93,2018,1,1,2.2934011085919948,2.2934011085919948,1
93,2018,2,4,1.2326259584748618,1.4879317539878036,1
93,2018,3,2,1.3907883210143466,1.530757941441868,1
93,2018,5,1,2.132898874390363,2.132898874390363,1
93,2018,6,4,0.975333511582704,1.5397863435553905,1
93,2018,7,1,2.0608605543711644,2.0608605543711644,1
93,2018,8,4,1.964110863370588,2.0976962933061527,1
93,2018,9,5,1.5255361480434184,1.9700196465629916,1
93,2018,10,6,0.5044596820550615,1.3774592738935272,1
93,2018,11,2,1.5733679473710986,1.8601241152545556,1
93,2018,12,1,1.8374811069521255,1.8374811069521255,1
93,2019,1,1,1.6742670061824274,1.6742670061824274,1
93,2019,2,2,1.1412269348366668,1.4181858608462816,1
93,2019,3,5,0.7818193319578668,1.6344746625440567,1
93,2019,4,4,0.0771078445035765,1.429435605407467,1
93,2019,5,4,0.9258295200677248,1.9861982744402495,1
93,2019,6,2,0.7818193319578668,1.4050168039747777,1
93,2019,7,2,0.9258295200677248,1.4628504266445137,1
93,2019,8,2,1.924872756525713,1.9884047120556758,1
93,2019,9,8,0.8659817948232994,1.6243355023204502,1
93,2019,10,4,1.0111010807017975,1.840915766545855,1
93,2019,11,3,1.5364159694586852,1.9702142908654665,1
93,2019,12,4,1.8344352100526835,2.056993067987658,1
93,2020,1,1,1.584368312914476,1.584368312914476,1
93,2020,2,2,1.3901883208236334,1.5495741208246372,1
93,2020,3,2,0.7818193319578668,1.0418003141994925,1
93,2020,4,1,1.1389160608191184,1.1389160608191184,1
93,2020,5,1,1.614808122931457,1.614808122931457,1
93,2020,6,2,2.144849676469752,2.219965794240485,1
93,2020,8,4,0.7818193319578668,1.4980627843554408,1
93,2020,9,2,0.4731830912835532,1.024316408799739,1
93,2020,10,3,2.1421381310325525,2.235681315789885,1
93,2020,11,4,0.1655507428623998,1.2487048990101648,1
93,2020,12,2,1.0762359951485625,1.6634806342683879,1
93,2021,1,2,1.851949682237013,2.092471992384783,1
93,2021,2,2,1.1718659790119483,1.4518953260253964,1
93,2021,3,2,2.02483458721091,2.088684605874727,1
93,2021,4,6,1.9303207048077196,2.1521928182051777,1
93,2021,5,1,1.166620911404534,1.166620911404534,1
93,2021,6,5,0.8306985328301919,1.4269881993525186,1
93,2021,7,3,1.555529464966258,2.0808420494706534,1
93,2021,8,4,1.595757115902308,1.8508118177824628,1
93,2021,9,1,1.555529464966258,1.555529464966258,1
93,2021,10,3,1.5277870542804637,1.9637512289447123,1
93,2021,11,4,1.603063069792379,1.8326711960185802,1
93,2021,12,2,2.0336135218429785,2.1424461808943995,1
93,2022,1,3,1.255212019998253,1.9230171492044643,1
93,2022,2,1,1.5489947372198023,1.5489947372198023,1
93,2022,3,5,1.5895613928784418,2.1538208890758743,1
93,2022,4,2,2.248877330272125,2.2656785779977144,1
93,2022,5,4,0.3107579029011707,0.9961795782937597,1
93,2022,6,8,0.2046126973541981,1.5529716033431917,1
93,2022,7,3,2.0248347254681773,2.1324582138005965,1
93,2022,8,4,1.774907882094191,2.1356536657530865,1
93,2022,9,5,1.046011160727445,1.6502007549223987,1
93,2022,10,5,1.3033522551882737,1.9176467250847486,1
93,2022,11,3,1.3306739686703506,1.8557266678042963,1
93,2023,1,4,1.5927331019682418,1.7817199810185926,1
93,2023,2,3,0.925829550714537,1.6156545297241836,1
93,2023,4,1,2.1808905667031517,2.1808905667031517,1
93,2023,5,3,1.176856450688835,1.3253745083823327,1
93,2023,6,5,0.9174732431732702,1.7499426650602707,1
93,2023,7,6,1.1374327578728938,1.627884763253063,1
93,2023,8,1,1.8338660596933305,1.8338660596933305,1
93,2023,9,4,0.8687393029800372,1.8220660444298917,1
93,2023,10,4,0.8307034924787798,1.494266657665182,1
93,2023,11,1,1.800260114557999,1.800260114557999,1
93,2023,12,2,1.826775163192579,1.8614501263795442,1
93,2024,1,3,1.4697125516282572,1.9676496522588336,1
93,2024,2,1,2.1454959853694704,2.1454959853694704,1
93,2024,3,4,0.471896628856196,1.4163560941820794,1
93,2024,4,2,1.0223121319704171,1.2737402531394375,1
93,2024,5,2,1.6703922657821966,1.6822196060452757,1
93,2024,6,6,0.9760444355395396,1.6107415802303742,1
93,2024,7,2,1.1199132478924865,1.3504797669967927,1
93,2024,8,1,2.162209745050077,2.162209745050077,1
93,2024,9,4,1.1745494920225308,1.689565818660134,1
93,2024,10,2,1.598857354117274,1.8534441631616578,1
93,2024,11,5,1.525168374308458,1.5617671179730201,1
93,2024,12,2,1.0147872207199158,1.5423736529825403,1
94,2017,1,3,0.2886635145967774,0.46522620806947873,1
94,2017,2,1,1.979294933466712,1.979294933466712,1
94,2017,3,7,1.3750425890707063,1.8110550045959002,1
94,2017,4,5,0.3185526815005233,1.424738639908418,1
94,2017,5,3,0.7376448955552265,1.2742364281442409,1
94,2017,6,6,1.3242645870632332,1.7188084562803259,1
94,2017,7,7,1.07763325853234,1.4613224486026708,1
94,2017,8,3,1.1039283823494142,1.3950671405990986,1
94,2017,9,9,0.3185526815005233,1.2580680426488062,1
94,2017,10,4,0.8481902213548889,1.4627132580664421,1
94,2017,11,5,1.3703054620669703,1.913403132126915,1
94,2017,12,1,0.4480612223314891,0.4480612223314891,1
94,2018,1,3,0.2848421372866421,0.9336026430122498,1
94,2018,2,4,1.3062435104032566,1.7677551770196833,1
94,2018,3,2,1.2468352675654857,1.529271143765763,1
94,2018,4,5,1.400718873485543,1.6873178624667986,1
94,2018,5,10,1.243918260051629,1.7906518058358813,1
94,2018,6,7,0.8722358004312988,1.6549160099504665,1
94,2018,7,2,1.3719717018949216,1.3734777937460712,1
94,2018,8,4,1.5411531713924829,1.7768056280640607,1
94,2018,9,6,0.3185526815005233,1.6518658603259198,1
94,2018,10,3,1.4644907933020328,1.919337897869304,1
94,2018,11,5,0.4088396900837807,1.429009402454833,1
94,2018,12,3,0.3185526815005233,1.2417388006730015,1
94,2019,1,8,0.5651358385262856,1.8621548096872667,1
94,2019,2,4,0.7135403821233965,1.222257438008208,1
94,2019,3,10,0.2551356114449785,1.573354422670335,1
94,2019,4,7,0.7512473937422064,1.5099496975747566,1
94,2019,5,4,1.375997398720619,1.9923478532072152,1
94,2019,6,6,0.2100408807480786,1.5804549902557457,1
94,2019,7,7,0.4307868054586721,1.5159266148180683,1
94,2019,8,6,1.2162958557934964,1.7268184728623124,1
94,2019,9,9,0.8359559047669783,1.5760592103079862,1
94,2019,10,3,1.2775059232544936,1.652390335527917,1
94,2019,11,4,0.2848421372866421,1.109763330320439,1
94,2019,12,5,1.2151661029974066,1.5629962370334625,1
94,2020,1,10,1.373731316628581,1.8169248877031496,1
94,2020,2,8,0.2100408807480786,1.572504148571046,1
94,2020,3,3,1.4502381125469228,2.011181083656249,1
94,2020,5,1,1.975919381706592,1.975919381706592,1
94,2020,6,6,0.3185526815005233,1.2367379492082307,1
94,2020,7,5,0.4480612223314891,1.2649090225655228,1
94,2020,8,3,1.5476490854914953,1.7765240499735977,1
94,2020,9,7,1.2881671781589443,1.6208038367228799,1
94,2020,10,6,0.0287625808732144,0.9498408002408372,1
94,2020,11,1,1.863683212345064,1.863683212345064,1
94,2020,12,1,1.6931987993034732,1.6931987993034732,1
94,2021,1,3,1.2259598742379365,1.2743048054500719,1
94,2021,2,3,1.1108679301877362,1.3688158227832075,1
94,2021,3,3,1.057307717897827,1.2057745360735799,1
94,2021,4,3,0.4311561263385886,1.4382646937434,1
94,2021,5,3,0.0287625808732144,0.631954873498248,1
94,2021,6,8,0.6884907277601737,1.7110856957537364,1
94,2021,7,3,1.19032351076966,1.7178515365480793,1
94,2021,8,9,0.0287625808732144,1.569044785614043,1
94,2021,9,6,1.258694800088421,1.8478789725199423,1
94,2021,10,6,1.4085144620538457,1.910386675280986,1
94,2021,11,1,2.321510739169007,2.321510739169007,1
94,2021,12,3,2.1671160122725976,2.318738083004203,1
94,2022,1,3,1.233027989741795,1.4550257528295838,1
94,2022,2,7,0.5534146959468862,1.6961661085678477,1
94,2022,3,4,0.9472087083461662,1.6261005140689495,1
94,2022,4,10,0.1723983475605507,1.5588469858797158,1
94,2022,5,12,0.7678053955092712,1.612994099788562,1
94,2022,6,4,1.9971526562866628,2.194201072331052,1
94,2022,7,3,1.3227008385589716,1.4505256462774705,1
94,2022,8,8,0.7544655664684095,1.649197773395597,1
94,2022,9,7,0.4077435870535398,1.470217229485637,1
94,2022,10,8,0.903032545414559,1.9922360464791327,1
94,2022,11,16,0.5412234405373509,1.6601778402848018,1
94,2022,12,8,1.6124275693557464,1.863655421916509,1
94,2023,1,3,0.4543306926314162,1.2212860782134447,1
94,2023,2,3,0.8776749139838264,1.2415297983855804,1
94,2023,3,5,0.2584099696292506,0.9683357600359276,1
94,2023,4,8,0.1750929003820231,1.3087776714470782,1
94,2023,5,5,1.3750421764697287,1.8069145446103068,1
94,2023,6,13,1.021687538972384,1.8159928810616712,1
94,2023,7,8,1.297635170444358,1.7610859660810199,1
94,2023,8,8,0.098916101741943,1.4264069683210583,1
94,2023,9,8,1.08127247789047,1.8274541701111962,1
94,2023,10,6,1.1314057022409778,1.5487452080353508,1
94,2023,11,9,0.3733671561872737,1.7100755190023564,1
94,2023,12,8,1.1544661154392293,1.8064939012251076,1
94,2024,1,4,1.5619102882251954,1.674829289471291,1
94,2024,2,8,0.1755767711997962,1.7615835888927598,1
94,2024,3,6,1.276044931554709,1.7056700239046918,1
94,2024,4,4,0.333160489435306,1.2531267001422148,1
94,2024,5,2,1.0883433418872712,1.3747071985921488,1
94,2024,6,3,1.5462749326993088,2.1185357023463736,1
94,2024,7,1,1.4058741024731594,1.4058741024731594,1
94,2024,8,6,1.3869569765277008,1.893751419537977,1
94,2024,9,5,0.2571790029827503,1.4151462758151694,1
94,2024,10,10,0.6103756453300889,1.6631398669069661,1
94,2024,11,7,0.7698869321649982,1.309349850337555,1
94,2024,12,5,0.1693272301093615,1.2590492074108552,1
95,2017,1,1,1.3518196845331574,1.3518196845331574,1
95,2017,2,1,1.9515441844988908,1.9515441844988908,1
95,2017,3,4,1.1124460108346717,1.6785331551188893,1
95,2017,4,5,0.8365433898047903,1.6890760425398377,1
95,2017,5,3,1.504524113497009,1.8316277915916823,1
95,2017,6,5,0.101658033208813,1.558929347102115,1
95,2017,7,1,2.4392241067318507,2.4392241067318507,1
95,2017,8,2,2.2187784331858333,2.2587679484777814,1
95,2017,9,4,0.2593660735884523,1.5441138221110493,1
95,2017,10,6,0.521530564841779,1.7941915062506781,1
95,2017,11,3,0.9831669145819948,1.6734333947029718,1
95,2017,12,5,0.8365433898047903,1.2100088314875561,1
95,2018,1,3,0.0504861707007095,1.174083616633155,1
95,2018,2,1,1.3126624510883764,1.3126624510883764,1
95,2018,3,3,0.135088468145161,1.2987787018347026,1
95,2018,4,4,0.0817327018779413,1.2616000074816809,1
95,2018,5,7,0.5901081966546824,1.5799917274106414,1
95,2018,6,5,0.0504861707007095,0.9461516773352414,1
95,2018,7,1,1.8100201888970209,1.8100201888970209,1
95,2018,8,6,0.940873738836724,1.7168354762865237,1
95,2018,9,4,0.1145561034792895,1.6153774494725388,1
95,2018,10,8,0.5405299017227208,1.441254285671628,1
95,2018,11,4,2.16057599941823,2.319553662876613,1
95,2018,12,1,1.283084928200444,1.283084928200444,1
95,2019,1,3,0.8582988252189,1.3969490958778306,1
95,2019,2,2,1.306931383152165,1.5207630030290131,1
95,2019,3,4,0.925794133536066,1.4906045909206171,1
95,2019,4,4,0.0511438579491029,1.6313727455272131,1
95,2019,5,4,1.44727063115105,1.8825455109544589,1
95,2019,6,6,0.0879362273268177,1.297260026302276,1
95,2019,7,3,0.8524356539400615,1.3802823323655435,1
95,2019,8,3,1.8563387824559063,2.090341880885021,1
95,2019,9,3,2.157030537340242,2.354692877148208,1
95,2019,10,4,1.639416871588156,1.916491103941528,1
95,2019,11,7,0.0167423588442169,1.6183891020418357,1
95,2019,12,2,1.305653711975231,1.3228258241523139,1
95,2020,1,6,0.0844935028308662,1.3000610808221436,1
95,2020,2,5,0.7330033015044284,1.0226569145030413,1
95,2020,3,5,0.7330033015044284,1.6337693101067743,1
95,2020,5,2,2.229487261585948,2.294161168178917,1
95,2020,6,3,0.8582988252189,1.7669626724687089,1
95,2020,7,5,0.1063953371469501,1.3411164308766228,1
95,2020,8,2,1.061097461434665,1.2927451864179076,1
95,2020,9,3,1.6939713747258558,1.955888036377404,1
95,2020,10,3,1.2983867972600651,1.7982815908809187,1
95,2020,11,1,2.495728256549445,2.495728256549445,1
95,2020,12,2,0.7248889615105321,1.5218443903832404,1
95,2021,1,2,1.695108005925123,1.9080215470786794,1
95,2021,3,3,1.2752928539062998,1.6564818297031654,1
95,2021,4,5,1.011548230218446,1.793146985380961,1
95,2021,5,3,1.7905273986550814,2.179970568046542,1
95,2021,6,8,1.4104794486461911,1.961301687454132,1
95,2021,7,1,2.440155287452253,2.440155287452253,1
95,2021,8,5,1.2955059427244702,2.0338080077025453,1
95,2021,9,3,1.4803704885503082,2.134795497057537,1
95,2021,10,6,1.107685326313266,1.6701008811960687,1
95,2021,11,6,0.8582988252189,1.8748643232010191,1
95,2021,12,2,2.0563901054892018,2.2580693189776673,1
95,2022,1,3,1.2983867972600651,1.603638492257059,1
95,2022,2,2,0.0878926400984362,1.144515635579521,1
95,2022,3,6,1.107685326313266,2.0090688708237074,1
95,2022,4,4,0.1907177945915562,1.1716438689295448,1
95,2022,5,11,1.2765632852730568,1.9112670313726603,1
95,2022,6,8,1.022809165084423,1.7704107102879525,1
95,2022,7,4,1.2232937879098706,1.885902208361962,1
95,2022,8,4,1.3897783660914744,1.736162159864786,1
95,2022,9,12,1.166605541040502,1.6948432966659002,1
95,2022,10,6,0.9410298968620068,1.6872273823384212,1
95,2022,11,5,0.0878926675112339,1.478012897099554,1
95,2022,12,6,1.4138093840498027,1.9175282885502138,1
95,2023,1,2,2.171849206837988,2.3060022348411726,1
95,2023,2,2,1.4808991165873668,1.63266115980503,1
95,2023,3,2,2.179202271011684,2.3325368340903676,1
95,2023,4,6,1.339503345420404,1.8504459695784579,1
95,2023,5,6,1.307240506629966,1.9799303018621215,1
95,2023,6,6,0.5815429024711083,1.4072515991897327,1
95,2023,7,6,0.05048654384896,1.6462481481528968,1
95,2023,8,4,1.709194658727463,1.9603520011529956,1
95,2023,9,4,1.074660663936618,1.7928525921317813,1
95,2023,10,9,0.9421810282625066,2.011863447245136,1
95,2023,11,3,1.2960299840643938,1.6240645577488262,1
95,2023,12,8,0.7783908043615795,1.3493959096071133,1
95,2024,1,5,0.3297511373047688,1.539672061443681,1
95,2024,2,5,1.074660663936618,1.9046172944766782,1
95,2024,3,5,1.417241056892935,1.8023157720459355,1
95,2024,4,2,2.157407042341272,2.2321205371929427,1
95,2024,5,7,1.2886533768115895,1.8005920016081947,1
95,2024,6,4,0.9407613619572198,1.6926206507532644,1
95,2024,7,2,1.61524304967512,2.003554874591586,1
95,2024,8,7,0.5171812951687941,1.3717477105425009,1
95,2024,9,2,1.6183966751694614,1.6237683460549004,1
95,2024,10,6,0.733434699193798,1.5480363022243535,1
95,2024,11,6,0.836542989139117,1.7913926498860586,1
95,2024,12,4,1.4960784782273675,1.892464345450392,1
96,2017,1,1,1.3480808113791778,1.3480808113791778,1
96,2017,2,1,1.9362248325818767,1.9362248325818767,1
96,2017,3,4,1.1043279600527904,1.6638871618349642,1
96,2017,4,5,0.8481027957653527,1.6855369724497595,1
96,2017,5,3,1.490940522173575,1.8263449021196518,1
96,2017,6,5,0.1125960790931764,1.552651867672298,1
96,2017,7,1,2.418653573811623,2.418653573811623,1
96,2017,8,2,2.198200117169709,2.2401954715867607,1
96,2017,9,4,0.2708094355528989,1.5374399067053623,1
96,2017,10,6,0.5330455202422427,1.785204161780338,1
96,2017,11,3,0.974174584369214,1.6607526700573463,1
96,2017,12,5,0.8481027957653527,1.2019513033292462,1
96,2018,1,3,0.0413103158067696,1.1606755934022421,1
96,2018,2,1,1.2920611468865777,1.2920611468865777,1
96,2018,3,3,0.1471774478312184,1.29633677797415,1
96,2018,4,4,0.0733032824496149,1.251521098348653,1
96,2018,5,7,0.6016392441741697,1.5707336617362826,1
96,2018,6,5,0.0413103158067696,0.9404484933015078,1
96,2018,7,1,1.795994228818464,1.795994228818464,1
96,2018,8,6,0.9264644169750248,1.7017557181456366,1
96,2018,9,4,0.1255695677262295,1.602700207174284,1
96,2018,10,8,0.5284062405941006,1.4354112499123546,1
96,2018,11,4,2.149547867937086,2.3080819709410743,1
96,2018,12,1,1.2627399971941118,1.2627399971941118,1
96,2019,1,3,0.844750088718769,1.386549087341636,1
96,2019,2,2,1.3054553219848442,1.5127249542083865,1
96,2019,3,4,0.9152642426365134,1.4746051256176962,1
96,2019,4,4,0.0420522726680875,1.61580701009889,1
96,2019,5,4,1.42996649663084,1.8721352856858868,1
96,2019,6,6,0.0988479770929867,1.292742962028626,1
96,2019,7,3,0.8323954472459351,1.3621899097530565,1
96,2019,8,3,1.842396270347781,2.075874955655084,1
96,2019,9,3,2.146078286901685,2.3456549126447386,1
96,2019,10,4,1.6188441467277177,1.9055620961406867,1
96,2019,11,7,0.0237000928479031,1.6147385433453494,1
96,2019,12,2,1.3043923433100528,1.3124418337841508,1
96,2020,1,6,0.0953686004458055,1.29679140619891,1
96,2020,2,5,0.7192939561959346,1.0082795480623739,1
96,2020,3,5,0.7192939561959346,1.6200438559575558,1
96,2020,5,2,2.221556751512709,2.2892034004620756,1
96,2020,6,3,0.844750088718769,1.753259235504718,1
96,2020,7,5,0.117448461073801,1.3308349513964723,1
96,2020,8,2,1.0533477068260892,1.292140205798325,1
96,2020,9,3,1.7024212215835668,1.95037600328964,1
96,2020,10,3,1.2778103323000043,1.7826790129157637,1
96,2020,11,1,2.4817365092407555,2.4817365092407555,1
96,2020,12,2,0.7224262983863103,1.513624402169221,1
96,2021,1,2,1.6800475418013758,1.8926402579540358,1
96,2021,3,3,1.2555137997893098,1.6414020756850185,1
96,2021,4,5,0.9938230329059824,1.779432535583182,1
96,2021,5,3,1.776471056586412,2.1783711434361392,1
96,2021,6,8,1.390700342528134,1.9454724086112782,1
96,2021,7,1,2.4195849656891,2.4195849656891,1
96,2021,8,5,1.2749445490595206,2.020006458983225,1
96,2021,9,3,1.4922830341896374,2.1286541004340913,1
96,2021,10,6,1.0947205554980208,1.667232683191699,1
96,2021,11,6,0.844750088718769,1.8685034874387663,1
96,2021,12,2,2.0745040908381203,2.2658434599396733,1
96,2022,1,3,1.2778103323000043,1.5844983161011819,1
96,2022,2,2,0.0795914304892004,1.1355328670141762,1
96,2022,3,6,1.0947205554980208,1.9975035585773349,1
96,2022,4,4,0.2020361784363127,1.1736481034536665,1
96,2022,5,11,1.257015715302991,1.8992944561239533,1
96,2022,6,8,1.0034655700339012,1.7556528063249954,1
96,2022,7,4,1.2345908212303909,1.8844205213091278,1
96,2022,8,4,1.3705533690238685,1.7235756298716367,1
96,2022,9,12,1.1498855995866577,1.6843897833861734,1
96,2022,10,6,0.9268211454942348,1.6736969317838855,1
96,2022,11,5,0.0795914547793912,1.4628456997686212,1
96,2022,12,6,1.3961313847749353,1.9046430816581683,1
96,2023,1,2,2.16140254836178,2.2904937445559312,1
96,2023,2,2,1.4855986608370904,1.627775594490482,1
96,2023,3,2,2.165005899692704,2.3185844441936854,1
96,2023,4,6,1.3213912035213498,1.8408121242699635,1
96,2023,5,7,1.3057428835103675,2.0434391206057527,1
96,2023,6,6,0.5930724203466925,1.4017991962248846,1
96,2023,7,6,0.041310675122638,1.633879849968958,1
96,2023,8,4,1.691847449546651,1.943636501573778,1
96,2023,9,4,1.0613091067522054,1.7814230708434504,1
96,2023,10,10,0.928653528530454,2.049032383394169,1
96,2023,11,3,1.2763984124416246,1.6150481272275314,1
96,2023,12,8,0.7599362635966338,1.3378910488093543,1
96,2024,1,5,0.3204196071627615,1.5259554778529671,1
96,2024,2,5,1.0613091067522054,1.890389523242622,1
96,2024,3,5,1.3973416392308609,1.7941595401897081,1
96,2024,4,2,2.146469372020499,2.224548350699161,1
96,2024,5,7,1.2681952086309274,1.7866187943673602,1
96,2024,6,4,0.9265798075164936,1.6840802727007227,1
96,2024,7,2,1.594756491971253,1.989653692052757,1
96,2024,8,7,0.497567649751746,1.3655271111126717,1
96,2024,9,2,1.6052184944666834,1.6069273628321168,1
96,2024,10,6,0.7201064592319906,1.533807191805739,1
96,2024,11,6,0.8481023956357924,1.7848106103073362,1
96,2024,12,4,1.491868200215526,1.8805233880917795,1
97,2017,1,1,2.1332929603188755,2.1332929603188755,1
97,2017,2,1,2.258108939197989,2.258108939197989,1
97,2017,3,4,0.8437909256207041,1.237518017494574,1
97,2017,4,5,1.2421860633827184,1.6235548911853097,1
97,2017,5,4,1.6584118103384424,1.7550441990975725,1
97,2017,6,1,2.453173135707096,2.453173135707096,1
97,2017,7,5,0.2620921096652089,1.3095199414313197,1
97,2017,8,2,2.2667188768324307,2.293282017695617,1
97,2017,9,5,0.2865464718675906,1.7485218076296793,1
97,2017,10,7,0.944966007852162,1.6697769985001638,1
97,2017,11,2,1.6819682800891491,1.723090818707504,1
97,2017,12,6,0.9712544393801896,1.5632501660600708,1
97,2018,1,4,0.2753842224126028,1.3036273351550718,1
97,2018,2,4,1.0992311359526936,1.9084765549512235,1
97,2018,3,5,0.4411978078593082,1.4463752580529108,1
97,2018,4,3,1.6819682800891491,1.8744892528165502,1
97,2018,5,7,1.028093553553669,1.7639190848287267,1
97,2018,6,5,1.4729852425318972,1.813498409484091,1
97,2018,7,5,1.2600464894479355,1.835677081557625,1
97,2018,8,3,0.4411978078593082,1.2773517188636887,1
97,2018,9,1,1.0610700723142743,1.0610700723142743,1
97,2018,10,4,0.2865464718675906,1.6967992675185712,1
97,2018,11,3,1.0361341868125762,1.3671465153703348,1
97,2018,12,6,0.3281803919678862,1.635064986018942,1
97,2019,1,2,1.543261912481181,1.606798731129584,1
97,2019,2,5,0.7226078098670077,1.7395973885883378,1
97,2019,3,4,1.639203024361554,1.7536794453676006,1
97,2019,4,4,1.4271487056918073,2.0284720545541433,1
97,2019,5,6,1.3959473719183542,1.9804652934925926,1
97,2019,6,2,1.9581543535041084,2.12427693905327,1
97,2019,7,3,1.3597333680029318,1.7372893501334268,1
97,2019,8,4,0.9712544393801896,1.441431359090794,1
97,2019,9,9,0.3447325280796506,1.4507023613737915,1
97,2019,10,3,1.4874307819641766,1.9363683704845485,1
97,2019,11,2,1.2122077516953185,1.7279675891279314,1
97,2019,12,3,1.910783362141795,2.2118206892100614,1
97,2020,1,7,0.9735198747528712,1.768182941754413,1
97,2020,2,5,1.2573302858306286,1.6250815208802831,1
97,2020,3,4,1.5924097740660117,2.119271465327392,1
97,2020,4,2,1.027881697049718,1.4930180252769132,1
97,2020,5,3,1.632255784386271,2.114214396205177,1
97,2020,6,5,1.3030135544993524,1.7556970393318596,1
97,2020,7,1,1.9275986057234156,1.9275986057234156,1
97,2020,8,1,1.803299413656687,1.803299413656687,1
97,2020,9,3,1.7299093389007572,1.9396676574585723,1
97,2020,10,4,0.2865464718675906,1.5768722475315224,1
97,2020,11,3,1.6787737122181436,1.8649435582656082,1
97,2020,12,6,1.4067640939247503,2.020935114742761,1
97,2021,1,2,1.187665175578699,1.3987077804907009,1
97,2021,2,4,0.3300328165395649,1.168548553578669,1
97,2021,3,2,1.628388029554347,1.7932711915292276,1
97,2021,4,5,0.0505908269901551,1.5431924179799785,1
97,2021,5,3,1.027881697049718,1.2795506027013592,1
97,2021,6,4,1.4960175704002483,1.8121614524553253,1
97,2021,7,2,1.8569922338910647,2.0775361349540598,1
97,2021,8,2,1.433527486464744,1.5830607216820656,1
97,2021,9,2,0.6299834110064895,0.6762956104367486,1
97,2021,10,9,0.7659918450689294,1.7864160327289167,1
97,2021,11,1,2.4203042457853208,2.4203042457853208,1
97,2021,12,8,1.09808509936158,1.7886214023187583,1
97,2022,1,8,0.2753842224126028,1.6402622568630865,1
97,2022,2,5,1.0813726781028945,1.3523395277337578,1
97,2022,3,4,0.2865464718675906,1.4641632133522855,1
97,2022,4,2,1.672015855607636,1.7259876857413698,1
97,2022,5,7,1.0458821375653593,1.8667191975054802,1
97,2022,6,5,0.1867960615141147,0.7420599875640843,1
97,2022,7,8,1.2473277059869092,1.7586339210925326,1
97,2022,9,9,1.4649498179871498,1.938337591314747,1
97,2022,10,8,0.4489787525968492,1.4700252040075934,1
97,2022,11,8,0.9736613783843124,1.8057425726483212,1
97,2022,12,5,0.4852477786439559,1.220144508301019,1
97,2023,1,5,0.9736613712095348,1.7304490969610729,1
97,2023,2,4,1.3525063650622036,1.7962481178181262,1
97,2023,3,3,1.0278818341134786,1.772314471578737,1
97,2023,4,6,0.4066018605184584,1.6023825875765272,1
97,2023,5,8,1.47506305031982,1.867950056182916,1
97,2023,6,4,1.5882667579073713,1.8549509122304508,1
97,2023,7,4,1.1297943108750348,1.7593844984144515,1
97,2023,8,3,1.6585097056233906,1.9269517433557677,1
97,2023,9,11,0.2753849338890806,1.3803498348322771,1
97,2023,10,4,0.7244429232666313,1.420640225643962,1
97,2023,11,3,0.2827771381236382,1.4795857603723415,1
97,2023,12,4,0.7244429232666313,1.312494532190481,1
97,2024,1,4,0.0486046166916992,1.3256985526035072,1
97,2024,2,4,0.3021735824477013,1.650736326398369,1
97,2024,3,4,1.4368696068880833,1.90202439061395,1
97,2024,4,1,1.0280934184074004,1.0280934184074004,1
97,2024,5,11,0.9735197409284404,1.6481378506627429,1
97,2024,6,5,1.5490127145965564,1.8684544501661786,1
97,2024,7,3,0.7241031155609243,1.0311629323586973,1
97,2024,8,4,1.606226903431525,1.9604032897276147,1
97,2024,9,2,1.09149350525138,1.7077544189574865,1
97,2024,10,10,0.3257661738777991,1.4922592570888398,1
97,2024,11,5,1.7887497456849155,2.006910711133636,1
97,2024,12,3,2.1279221582585475,2.349925282993958,1
98,2017,1,1,2.1157158810440677,2.1157158810440677,1
98,2017,2,1,2.272338326213065,2.272338326213065,1
98,2017,3,4,0.8054887388702697,1.2133211577609615,1
98,2017,4,5,1.2241211186503267,1.6119697105111044,1
98,2017,5,4,1.6685421839634953,1.7477812814498326,1
98,2017,6,1,2.4344216427990464,2.4344216427990464,1
98,2017,7,5,0.24277332502614,1.293645498785016,1
98,2017,8,2,2.281434593773545,2.2933309786633505,1
98,2017,9,5,0.2676919747493336,1.7352083320288632,1
98,2017,10,7,0.9429921884438994,1.6542463164389303,1
98,2017,11,2,1.675643085612544,1.7242889292189814,1
98,2017,12,6,0.9329961141357084,1.5377618056119833,1
98,2018,1,4,0.2561287445277645,1.2766067173881877,1
98,2018,2,4,1.0978250295215806,1.9051323301013512,1
98,2018,3,5,0.4657266958821173,1.4435622140114108,1
98,2018,4,3,1.675643085612544,1.8593042299399247,1
98,2018,5,7,1.0238374290557368,1.7706378678961934,1
98,2018,6,5,1.476249981287331,1.7965473155751674,1
98,2018,7,5,1.2235387847773596,1.816713472955374,1
98,2018,8,2,0.4657266958821173,0.6764214110336063,1
98,2018,9,1,1.0419544607521574,1.0419544607521574,1
98,2018,10,4,0.2676919747493336,1.6817842862372374,1
98,2018,11,3,0.9982975592816526,1.3295199727166696,1
98,2018,12,6,0.3634577002207181,1.626314177150931,1
98,2019,1,2,1.5090516836359869,1.5721710843439154,1
98,2019,2,5,0.7150613953246063,1.7435343170854314,1
98,2019,3,4,1.6064526107847887,1.7328870977877044,1
98,2019,4,4,1.408192723623767,2.0245304464694263,1
98,2019,5,6,1.41069393485712,1.9688834385118736,1
98,2019,6,2,1.9337730076736432,2.119081133403257,1
98,2019,7,3,1.39039937753632,1.762040434636438,1
98,2019,8,4,0.9329961141357084,1.438822791350694,1
98,2019,9,9,0.37384568722962,1.4505059979616257,1
98,2019,10,3,1.4541552954883208,1.9150570205033812,1
98,2019,11,2,1.206561374279202,1.711581041150308,1
98,2019,12,3,1.931907042723637,2.202795850471555,1
98,2020,1,7,0.9353171697912224,1.7584939125240935,1
98,2020,2,5,1.274368214252263,1.6230566417945298,1
98,2020,3,4,1.6133222438490786,2.131957409597712,1
98,2020,4,2,1.023569093185543,1.4786710504295932,1
98,2020,5,3,1.621275980433988,2.101666761397736,1
98,2020,6,5,1.2969022371108792,1.743645610915976,1
98,2020,7,1,1.8944378891598388,1.8944378891598388,1
98,2020,8,1,1.7748936295996285,1.7748936295996285,1
98,2020,9,3,1.744490790658936,1.947480546731722,1
98,2020,10,4,0.2676919747493336,1.5787917553692437,1
98,2020,11,3,1.6724398052151237,1.8657439690775195,1
98,2020,12,6,1.3741661793818956,2.001867736021939,1
98,2021,1,2,1.21513191850449,1.3947568054720214,1
98,2021,2,4,0.3651395882073542,1.1819425300888005,1
98,2021,3,2,1.6153394469069664,1.7745562272903048,1
98,2021,4,5,0.0787393815099484,1.5398502429026724,1
98,2021,5,3,1.023569093185543,1.2698353010541363,1
98,2021,6,4,1.488548891852445,1.7849101221032355,1
98,2021,7,2,1.869085426163413,2.0803935742207798,1
98,2021,8,2,1.4281713675827532,1.5761555057011898,1
98,2021,9,2,0.6632590637934649,0.6891602295590356,1
98,2021,10,9,0.7591084945981028,1.7671185978464006,1
98,2021,11,1,2.42927784538688,2.42927784538688,1
98,2021,12,8,1.0967221536818514,1.7757825216757954,1
98,2022,1,8,0.2561287445277645,1.6202539991189555,1
98,2022,2,5,1.0439973068680062,1.3314972391177458,1
98,2022,3,4,0.2676919747493336,1.4547315962158482,1
98,2022,4,3,1.6778980940433987,1.9786947060905973,1
98,2022,5,7,1.008090831398503,1.8543961379213167,1
98,2022,6,5,0.2019375373709624,0.7567584202420803,1
98,2022,7,8,1.225767258141235,1.7402359690712808,1
98,2022,9,9,1.4656248085232635,1.9290271449325145,1
98,2022,10,8,0.4750374603705131,1.4618831316862968,1
98,2022,11,8,0.9354582620530552,1.787956389800007,1
98,2022,12,5,0.5143903032194004,1.2201797654819162,1
98,2023,1,5,0.9354582550215604,1.7081842315229565,1
98,2023,2,4,1.383289017453906,1.7972781814543235,1
98,2023,3,3,1.0235692233936793,1.7605263537093787,1
98,2023,4,6,0.3921788068279913,1.5880625959873,1
98,2023,5,8,1.4791766331726683,1.8566189547229364,1
98,2023,6,4,1.5584074217860375,1.8492582598699214,1
98,2023,7,4,1.1567264405031683,1.758655376719543,1
98,2023,8,3,1.6352904850518442,1.9085663418937127,1
98,2023,9,11,0.2561294740313759,1.3783595083423463,1
98,2023,10,4,0.7169114894063002,1.400582094596563,1
98,2023,11,3,0.2777525316938746,1.4676043078744252,1
98,2023,12,4,0.7169114894063002,1.3167696773481326,1
98,2024,1,4,0.0768089368312098,1.3270479946814602,1
98,2024,2,4,0.3042409397508437,1.6375040987068141,1
98,2024,3,4,1.4334823321866328,1.8822770176580932,1
98,2024,4,1,1.0238372968185088,1.0238372968185088,1
98,2024,5,11,0.935317034870035,1.640671019135883,1
98,2024,6,5,1.5376034181512073,1.8537418787635633,1
98,2024,7,3,0.7165895097564141,1.0279840808492702,1
98,2024,8,4,1.5789227941915662,1.9627549153643757,1
98,2024,9,2,1.0590579767834394,1.676139864140644,1
98,2024,10,10,0.3607113203141948,1.4853321303387301,1
98,2024,11,5,1.781870028696115,1.9901789800602327,1
98,2024,12,3,2.121283173639,2.3290979881087406,1
99,2017,1,7,0.2057354908762433,1.4303110582479224,1
99,2017,2,13,0.5099533297148242,1.3748133834419367,1
99,2017,3,14,0.6407331089005931,1.6089840790570569,1
99,2017,4,14,0.9568913248122536,1.5356538053658055,1
99,2017,5,12,0.2295570704035776,1.616099696335481,1
99,2017,6,15,0.4678396716706962,1.7587725111606174,1
99,2017,7,12,0.6041053583017757,1.7668676919441435,1
99,2017,8,8,0.4818431059813998,1.6830725761967587,1
99,2017,9,13,0.0719294097159307,1.3323501776745916,1
99,2017,10,15,0.0719294097159307,1.392423206517599,1
99,2017,11,11,0.5337478177972004,1.422097005158112,1
99,2017,12,5,1.1896653300601214,1.9022332044251271,1
99,2018,1,8,0.7194417128564462,1.516751383530598,1
99,2018,2,9,0.2491789007617855,1.6354100881787206,1
99,2018,3,7,0.7446059109702197,1.800178518692163,1
99,2018,4,13,0.1480741786467776,1.3610446935733784,1
99,2018,5,23,0.3086604787574145,1.7133270313396551,1
99,2018,6,13,0.561712775063801,1.6137063716209303,1
99,2018,7,8,0.4071349921178382,1.4016336384427162,1
99,2018,8,6,1.029349116438327,1.730871822421432,1
99,2018,9,15,0.1302453679439912,1.4267562184430125,1
99,2018,10,13,0.4106562444130743,1.4830623671343344,1
99,2018,11,15,0.2703622287306129,1.3163698294517117,1
99,2018,12,14,0.959576212360078,1.7913786438443153,1
99,2019,1,16,0.9891849719207124,1.8058721307485552,1
99,2019,2,10,0.4818431059813998,1.6795969921022802,1
99,2019,3,12,0.6560070675335852,1.7609523033413177,1
99,2019,4,5,1.2315673655345634,2.0834888552574045,1
99,2019,5,13,0.4818431059813998,1.7868764292283668,1
99,2019,6,7,0.4818431059813998,1.045305283981822,1
99,2019,7,18,0.5466151785076337,1.428433096480631,1
99,2019,8,6,0.8328935568815549,1.6089721065452884,1
99,2019,9,11,0.7607880370518324,1.9589892018421133,1
99,2019,10,9,1.3547682716247649,1.8103969410565715,1
99,2019,11,11,0.6567153386835887,1.3509488724851246,1
99,2019,12,11,0.7024600688910165,1.7484775880791823,1
99,2020,1,12,0.2491773531830932,1.4771868165988147,1
99,2020,2,15,0.5668945691930126,1.490518608499219,1
99,2020,3,7,0.69747447627622,1.410658010171257,1
99,2020,4,3,1.3547682716247649,1.8253932900350511,1
99,2020,5,5,0.8117345308146865,1.9063578366119471,1
99,2020,6,9,0.3266733133881993,1.4207542101244843,1
99,2020,7,10,0.4448352866126255,1.7339858238468726,1
99,2020,8,3,0.5309283842778321,1.6165075835182747,1
99,2020,9,11,0.8301598974959156,1.876909097539049,1
99,2020,10,3,1.1873696217075245,1.6808528984734512,1
99,2020,11,5,0.0645375299270855,1.1903506542284,1
99,2020,12,9,1.0820181833342444,1.7861999608228325,1
99,2021,1,4,0.6043614424213104,1.1726082632693995,1
99,2021,2,7,0.2682826750820615,1.3045942188639192,1
99,2021,3,10,0.9932955481403885,1.8587703930084678,1
99,2021,4,5,1.0228406412327755,1.3414088989344923,1
99,2021,5,10,0.2682826750820615,1.467906658295802,1
99,2021,6,9,1.2193509816134842,1.8226599114656754,1
99,2021,7,9,0.8977661593784,1.674536040345567,1
99,2021,8,11,0.6753060486357615,1.505535792135616,1
99,2021,9,10,0.6956874515055941,1.694431839129205,1
99,2021,10,12,0.8478353830795466,1.6912443919473212,1
99,2021,11,11,0.6753060486357615,1.6047242497700915,1
99,2021,12,10,0.2130487314535332,1.6545072938473975,1
99,2022,1,6,0.7228882965784089,1.7467789032679553,1
99,2022,2,10,0.6154023713210711,1.673737270289306,1
99,2022,3,14,0.6154023713210711,1.6600787991889168,1
99,2022,4,12,0.2682826900962946,1.6892178343294688,1
99,2022,5,8,1.1634606177714275,1.7131085360679248,1
99,2022,6,14,0.4582839277732638,1.6708176929977523,1
99,2022,7,14,0.8564943679186454,1.6067383207641195,1
99,2022,8,17,0.1213368948514639,1.6967141243326036,1
99,2022,9,18,0.2682826900962946,1.6333643429573703,1
99,2022,10,12,0.3266731833552658,1.9463269630384916,1
99,2022,11,11,1.1719539898424205,1.9349804288916843,1
99,2022,12,12,0.1755002091068875,1.5290815915003497,1
99,2023,1,12,0.4256617597490093,1.396864708316787,1
99,2023,2,11,0.5420552807732812,1.472722185406539,1
99,2023,3,9,0.2682826914225814,1.6546321238329729,1
99,2023,4,13,0.9899069716184916,1.7835094539547793,1
99,2023,5,10,0.764230828748176,1.7880698989236865,1
99,2023,6,6,1.7077125992169515,2.076304550352448,1
99,2023,7,4,1.5300629745217036,1.92881227678706,1
99,2023,8,12,0.2229181354948372,1.4195163333781171,1
99,2023,9,10,1.1128129113858558,1.7235414598119998,1
99,2023,10,15,0.6516596096762556,1.6800989818598382,1
99,2023,11,12,0.7732234263607035,1.695665890821692,1
99,2023,12,9,0.4142728302323605,1.4445850746882054,1
99,2024,1,12,0.0719290753457296,1.7263323598153224,1
99,2024,2,14,0.2607662815857437,1.2969191622223628,1
99,2024,3,16,1.1629546907802448,1.9388267107006039,1
99,2024,4,13,0.3047742287408895,1.403648670121979,1
99,2024,5,14,0.2063065621957364,1.3940338291786005,1
99,2024,6,12,0.0719290753457296,1.5651558161980905,1
99,2024,7,13,0.2687810507177256,1.5624210294055259,1
99,2024,8,13,0.6420965953397554,1.56536814152926,1
99,2024,9,15,0.268167008068551,1.2176576376682573,1
99,2024,10,15,0.2687810507177256,1.5887502860850873,1
99,2024,11,12,0.5052986503520839,1.587315518476134,1
99,2024,12,7,0.6073960222167558,1.816976100872915,1
100,2017,1,7,0.1996281018935891,1.4341427614666895,1
100,2017,2,13,0.5151843218615455,1.3786483491989485,1
100,2017,3,14,0.6405882890253188,1.6120832211234364,1
100,2017,4,14,0.9628364576883036,1.5395617326190492,1
100,2017,5,12,0.2362408112620208,1.6206346583108298,1
100,2017,6,15,0.4627741247463249,1.7628932112818232,1
100,2017,7,12,0.6101622814112551,1.7729185929534343,1
100,2017,8,8,0.4757951904949246,1.6873026582825559,1
100,2017,9,13,0.0780504924067264,1.3342140292873121,1
100,2017,10,15,0.0780504924067264,1.3961718778055956,1
100,2017,11,11,0.5352470189504991,1.4262438541612719,1
100,2017,12,5,1.195964984835179,1.9080178256273874,1
100,2018,1,8,0.7224477677054076,1.5206751904885307,1
100,2018,2,9,0.2551765338694999,1.639987428959273,1
100,2018,3,7,0.7478271008855665,1.803503919425437,1
100,2018,4,13,0.1419705431323248,1.3624077567906503,1
100,2018,5,23,0.3150766710067283,1.7173255511668348,1
100,2018,6,13,0.5681756242406029,1.6180800343394366,1
100,2018,7,8,0.4138431759224371,1.4053164189814986,1
100,2018,8,6,1.0274010794905166,1.7351780903392948,1
100,2018,9,15,0.1361995064874502,1.4294725465835731,1
100,2018,10,13,0.4166718551416642,1.4862471690925956,1
100,2018,11,15,0.2739684670967078,1.3187612334098486,1
100,2018,12,14,0.9643025406984992,1.7942073258114488,1
100,2019,1,16,0.9845823690155432,1.8087187322933422,1
100,2019,2,10,0.4757951904949246,1.6826037473271165,1
100,2019,3,12,0.6583702413174412,1.7645507068581807,1
100,2019,4,5,1.237876768064195,2.088960122875067,1
100,2019,5,13,0.4757951904949246,1.789942323583163,1
100,2019,6,7,0.4757951904949246,1.0466108821305757,1
100,2019,7,18,0.5479824913452468,1.431760321767725,1
100,2019,8,6,0.8264553147846707,1.6105438322304668,1
100,2019,9,11,0.7583722274929701,1.9625941817477264,1
100,2019,10,9,1.3607918202481268,1.8136824266179932,1
100,2019,11,11,0.6590905169354362,1.3553979892738752,1
100,2019,12,11,0.7079411748844348,1.751595284502056,1
100,2020,1,12,0.2552171723050315,1.4803997327844962,1
100,2020,2,15,0.5615235846068565,1.4951872332313634,1
100,2020,3,7,0.7035155632758019,1.4151341707625253,1
100,2020,4,3,1.3607918202481268,1.831447554114278,1
100,2020,5,5,0.8177042199803124,1.9093577656646086,1
100,2020,6,9,0.3313172686187006,1.4256433671490254,1
100,2020,7,10,0.4499365361887369,1.7385641894136366,1
100,2020,8,3,0.5374636912630595,1.6221227263526223,1
100,2020,9,11,0.8341929622226876,1.8811859978929775,1
100,2020,10,3,1.1817218081569425,1.6815966490256613,1
100,2020,11,5,0.0704980137342897,1.1931289806341212,1
100,2020,12,9,1.0826324130087752,1.7907599451548077,1
100,2021,1,4,0.6104026839023311,1.178509412322442,1
100,2021,2,7,0.2743198916295205,1.3070621501304918,1
100,2021,3,10,0.9973015673648812,1.8625969144433434,1
100,2021,4,5,1.0222617074423836,1.3443059181079007,1
100,2021,5,10,0.2743198916295205,1.472621716792223,1
100,2021,6,9,1.2139100950563746,1.8221685318400154,1
100,2021,7,9,0.903830404443626,1.6784169633720458,1
100,2021,8,11,0.6813342994014995,1.5080451531995522,1
100,2021,9,10,0.6940906933835773,1.6974030914808917,1
100,2021,10,12,0.8516953280561437,1.6927671834629232,1
100,2021,11,11,0.6813342994014995,1.6091809705898432,1
100,2021,12,10,0.2065969357709441,1.6571743423317895,1
100,2022,1,6,0.7259508093859143,1.748549453004711,1
100,2022,2,10,0.621443870541375,1.6768686139519093,1
100,2022,3,14,0.621443870541375,1.6642834884919229,1
100,2022,4,12,0.2743199124296457,1.692038000545122,1
100,2022,5,8,1.1692158683516198,1.7164434085858986,1
100,2022,6,14,0.4643209049351657,1.6728871534809109,1
100,2022,7,14,0.8569065032284952,1.609995950633122,1
100,2022,8,17,0.1151962705047869,1.6982658085445477,1
100,2022,9,18,0.2743199124296457,1.6343445161677446,1
100,2022,10,12,0.3313171408236431,1.9507876841924336,1
100,2022,11,11,1.1782264789261547,1.9406397914420737,1
100,2022,12,12,0.1694799570443335,1.5291641234318367,1
100,2023,1,12,0.4280889980035262,1.3996361404344684,1
100,2023,2,11,0.5453969624596333,1.476610426223529,1
100,2023,3,9,0.2743199136236818,1.6561705610393243,1
100,2023,4,13,0.9854536370224376,1.7849125967423858,1
100,2023,5,10,0.7618142200992936,1.789591285475968,1
100,2023,6,6,1.7105390763028567,2.079877473442256,1
100,2023,7,4,1.5353752811622594,1.931720291458507,1
100,2023,8,12,0.2163981982735184,1.4228138875065515,1
100,2023,9,10,1.1185852198015702,1.7272090306086973,1
100,2023,10,15,0.657716921729374,1.6836021843968634,1
100,2023,11,12,0.7792541057769553,1.7004116415537547,1
100,2023,12,9,0.4082449480260359,1.4470746057016544,1
100,2024,1,12,0.0780501654196454,1.7301841475584627,1
100,2024,2,14,0.2657725242015269,1.300150789696355,1
100,2024,3,16,1.1607508765406254,1.9426590665584096,1
100,2024,4,13,0.3108430567554436,1.4084729775300997,1
100,2024,5,14,0.2002887280114233,1.3965315438583166,1
100,2024,6,12,0.0780501654196454,1.5677240435417297,1
100,2024,7,13,0.2748481777444932,1.566101769067403,1
100,2024,8,13,0.6421333864090202,1.5674824619279635,1
100,2024,9,15,0.2724074776748872,1.2216866226256466,1
100,2024,10,15,0.2748481777444932,1.5919716198838176,1
100,2024,11,12,0.5022422778877569,1.5903338750160654,1
100,2024,12,7,0.613736633915969,1.8219015691943317,1
101,2017,1,4,0.7509325817191811,1.3045455877922079,1
101,2017,2,2,0.8250054636706046,1.3372006096091136,1
101,2017,3,6,0.0350949406238372,0.8768362543534743,1
101,2017,4,2,0.4388330332248166,0.6950157502784828,1
101,2017,5,6,0.5229013748944407,1.1750668315099855,1
101,2017,6,4,0.0228417126975909,0.5685878585500217,1
101,2017,7,6,0.0350949406238372,0.7751618447124397,1
101,2017,8,4,0.0477115750863657,0.9871123419731368,1
101,2017,9,6,0.6356731139979094,1.2534113811726684,1
101,2017,10,4,0.3579284260558177,1.226763409413065,1
101,2017,11,2,0.4031813096949531,0.8732392254954645,1
101,2017,12,1,1.9725748341041909,1.9725748341041909,1
101,2018,1,6,0.2725382704882628,1.202663642963855,1
101,2018,2,5,0.2997271878796883,1.292171510929248,1
101,2018,3,6,0.8867444773852015,1.3586721398168742,1
101,2018,4,5,0.3858665120209471,1.2893247288566494,1
101,2018,5,7,0.7126452144067497,1.2771002365457884,1
101,2018,6,4,0.2736781537175433,1.6524175600649653,1
101,2018,7,8,0.8524317645286906,1.4714530936898735,1
101,2018,8,3,0.2604035524923361,1.0480494228745247,1
101,2018,9,4,0.7221119603504113,1.0192864145241503,1
101,2018,10,6,0.0350949406238372,1.540889471384151,1
101,2018,11,7,0.5005879326298636,1.6341262680900626,1
101,2018,12,1,1.105124125592207,1.105124125592207,1
101,2019,1,2,1.6754894555586772,1.678647665040636,1
101,2019,2,1,2.4920513983758754,2.4920513983758754,1
101,2019,3,7,0.185498850996535,0.7878494881247515,1
101,2019,4,3,0.533041788601397,0.8556296535837659,1
101,2019,5,5,0.0389284634408971,1.1775708610660847,1
101,2019,6,5,0.3270578033428326,0.9185485391193863,1
101,2019,7,3,0.78685192292111,1.2997269827847555,1
101,2019,8,5,0.2078598650722828,0.9378907667033338,1
101,2019,9,3,0.3705298086052138,1.2589676321116632,1
101,2019,10,4,0.185498850996535,0.8622171451332453,1
101,2019,11,3,1.3565887031690202,1.6441453438647866,1
101,2019,12,3,0.5258405290396312,0.9384180266636725,1
101,2020,1,2,0.7378072726136627,1.0262658580639137,1
101,2020,2,1,1.4611356433784346,1.4611356433784346,1
101,2020,3,2,1.2905368546357925,1.4830131550972347,1
101,2020,4,1,2.3347212364339165,2.3347212364339165,1
101,2020,5,1,0.9424120028173546,0.9424120028173546,1
101,2020,6,2,0.4470465084563335,1.2115584255930514,1
101,2020,7,2,0.7320278820897361,1.3083151658301944,1
101,2020,8,2,0.7548993543875738,1.0240286614107934,1
101,2020,9,2,0.185498850996535,0.4482836929785106,1
101,2020,10,3,0.853288408335073,1.0766109899082645,1
101,2020,11,3,0.2516283159949212,0.6680056643471582,1
101,2020,12,1,1.8012144160878398,1.8012144160878398,1
101,2021,1,1,0.3820591508992962,0.3820591508992962,1
101,2021,2,2,1.2666819707101045,1.4655000067949797,1
101,2021,3,6,0.1327179271803827,0.9579279624181617,1
101,2021,4,1,0.9307150560605424,0.9307150560605424,1
101,2021,5,3,1.2334439812754034,1.5768316315705153,1
101,2021,6,6,0.2037581409636253,1.063651394506717,1
101,2021,7,3,0.2772516979748719,0.694113669864055,1
101,2021,8,4,0.2700969103434845,0.7648167829222718,1
101,2021,9,2,1.3692211556239178,1.5852177858558787,1
101,2021,10,3,1.0448993771409445,1.1719937570531558,1
101,2021,11,5,0.2787197288375376,1.0621541081349157,1
101,2021,12,4,0.7057056852253972,1.606080851123753,1
101,2022,1,5,0.5151742247424883,1.1184318528112842,1
101,2022,2,2,1.7847909113396123,1.8380280531148405,1
101,2022,3,2,0.2240046662666414,0.5359449826268755,1
101,2022,4,3,0.3885204702343203,1.18265771577264,1
101,2022,5,6,0.9944172356716368,1.5082926507331493,1
101,2022,6,5,0.1436575270812377,0.703287605962057,1
101,2022,7,4,1.6686298080824895,2.039914667666614,1
101,2022,8,3,1.3715744755791517,1.5493297347079917,1
101,2022,9,5,0.185499250077183,0.9266803231478248,1
101,2022,10,4,0.7802448046407228,1.2471392757833977,1
101,2022,11,4,0.8374722455289594,1.5039669641293398,1
101,2022,12,6,0.0199107687318369,1.1714365808059155,1
101,2023,1,6,0.8280543541463498,1.0115900904375565,1
101,2023,2,4,0.7056686871268274,1.1753780556446842,1
101,2023,3,4,0.2700966949764753,1.0300795615742047,1
101,2023,4,4,0.2951824608211656,1.4031190150171282,1
101,2023,5,5,0.9313666668826174,1.6166227877952728,1
101,2023,6,6,0.0705917128414204,0.6786119789696428,1
101,2023,7,3,0.7896082782281442,1.1931302312116943,1
101,2023,8,3,1.4308913937932886,1.6128478988607193,1
101,2023,9,5,0.2736783512412469,0.9588151192928116,1
101,2023,10,9,0.3718348792503471,1.254521327591464,1
101,2023,11,8,0.1830506703258347,0.8665210192898549,1
101,2023,12,2,0.7551082887845406,0.9896694967720568,1
101,2024,1,4,0.3306692346589363,0.8790130879681668,1
101,2024,2,3,0.1005394549353939,0.4882187977130809,1
101,2024,3,5,0.1830506703258347,0.7495878782834847,1
101,2024,4,4,0.7480352944365417,1.3222459269948799,1
101,2024,5,6,0.5317142632232512,1.5723269516754208,1
101,2024,6,3,0.2824352086798663,0.7677017500282487,1
101,2024,7,2,0.1387054440182316,0.2555522737622503,1
101,2024,8,8,0.3399982723030907,0.9478473221671978,1
101,2024,9,6,0.7777733980561812,1.3984416324373383,1
101,2024,10,7,0.9299908306944102,1.4523481988454847,1
101,2024,11,5,0.0466091905515703,1.29184637606743,1
101,2024,12,8,0.2542260038759173,1.235131432313274,1
102,2017,1,4,0.7586584378497018,1.3104399025010298,1
102,2017,2,2,0.8322483968940669,1.346365075813645,1
102,2017,3,6,0.046226472584104,0.881805979524149,1
102,2017,4,2,0.4394161906273593,0.6978675507602284,1
102,2017,5,6,0.5306024265554551,1.1840480392399109,1
102,2017,6,4,0.0339015627550991,0.5789575457991375,1
102,2017,7,6,0.046226472584104,0.7794825864131507,1
102,2017,8,4,0.0587382453182818,0.9955273534427442,1
102,2017,9,6,0.6413120068445908,1.2580580054769186,1
102,2017,10,4,0.3687115979657192,1.231130826000694,1
102,2017,11,2,0.4133971308690807,0.8838178092913985,1
102,2017,12,1,1.9812323489169332,1.9812323489169332,1
102,2018,1,6,0.2775260297929383,1.208957868789747,1
102,2018,2,5,0.3106457628074169,1.2957941649959852,1
102,2018,3,6,0.8970710516291792,1.3614186471710488,1
102,2018,4,5,0.39619735292967,1.3000275205490128,1
102,2018,5,7,0.7212656048789685,1.2808937127974522,1
102,2018,6,4,0.2802016438243587,1.6614921421984556,1
102,2018,7,8,0.858493605592035,1.4768483991133525,1
102,2018,8,3,0.2669073144761447,1.054883127788434,1
102,2018,9,4,0.7304834077032948,1.0267851277742959,1
102,2018,10,6,0.046226472584104,1.5474210514869784,1
102,2018,11,7,0.5088736439817597,1.639332559726306,1
102,2018,12,1,1.1089832110034847,1.1089832110034847,1
102,2019,1,2,1.6865645810941556,1.6896843376838078,1
102,2019,2,1,2.491562009943737,2.491562009943737,1
102,2019,3,7,0.1745969834663693,0.7912111921918209,1
102,2019,4,3,0.5406064080716089,0.8606623294679543,1
102,2019,5,5,0.0500038687408708,1.1884402681396489,1
102,2019,6,5,0.3162012347852656,0.9236710701793427,1
102,2019,7,3,0.7759621846857461,1.2944481806203312,1
102,2019,8,5,0.2187909725284359,0.9465273233465881,1
102,2019,9,3,0.3814901824174131,1.268077171999604,1
102,2019,10,4,0.1745969834663693,0.866721035425481,1
102,2019,11,3,1.3674083261498051,1.6477671726367917,1
102,2019,12,3,0.5149598944805034,0.9355671521959602,1
102,2020,1,2,0.7480347473117832,1.0360437588320623,1
102,2020,2,1,1.4722062963709297,1.4722062963709297,1
102,2020,3,2,1.2931003696903534,1.4898324753922545,1
102,2020,4,1,2.3238289357069672,2.3238289357069672,1
102,2020,5,1,0.9534838773704618,0.9534838773704618,1
102,2020,6,2,0.4362537423587453,1.2067103877550753,1
102,2020,7,2,0.7421560672552353,1.3188875245541463,1
102,2020,8,2,0.765360539534875,1.030915137544093,1
102,2020,9,2,0.1745969834663693,0.44758365345918977,1
102,2020,10,3,0.8594977835098261,1.0848871518575343,1
102,2020,11,3,0.2580363902921009,0.6723697090696975,1
102,2020,12,1,1.801670256415396,1.801670256415396,1
102,2021,1,1,0.3928211935090466,0.3928211935090466,1
102,2021,2,2,1.2762613169617194,1.475720890739534,1
102,2021,3,6,0.1373443208345373,0.9648720908796932,1
102,2021,4,1,0.941800751744599,0.941800751744599,1
102,2021,5,3,1.2373209487260473,1.578165383388302,1
102,2021,6,6,0.1961649901409104,1.0666188459723083,1
102,2021,7,3,0.2663499790601361,0.6972909220800773,1
102,2021,8,4,0.2753740131189638,0.771371835073851,1
102,2021,9,2,1.3802801735112973,1.5909752149633465,1
102,2021,10,3,1.0491820171255808,1.1797156933656165,1
102,2021,11,5,0.2896387236972848,1.0689704522786498,1
102,2021,12,4,0.71481403872205,1.615965376307109,1
102,2022,1,5,0.5041817492486431,1.1189073920089496,1
102,2022,2,2,1.7942784036213155,1.8434738877241816,1
102,2022,3,2,0.2129908400374014,0.533498842011298,1
102,2022,4,3,0.3994094305027216,1.192639696130004,1
102,2022,5,6,1.0053756396007305,1.5147908957700864,1
102,2022,6,5,0.1506670007178219,0.7106574280032021,1
102,2022,7,4,1.6793538874833305,2.0469410890897866,1
102,2022,8,3,1.3651656777939385,1.5462275629992568,1
102,2022,9,5,0.1745973907552914,0.9285330432201325,1
102,2022,10,4,0.7874453679616588,1.2531294364012624,1
102,2022,11,4,0.8476971573776428,1.508098171947557,1
102,2022,12,6,0.0089805542410918,1.171509109419661,1
102,2023,1,6,0.8244381277405821,1.0160462983785086,1
102,2023,2,4,0.7147726961191495,1.1779185472117524,1
102,2023,3,4,0.2753737807972684,1.039372190159211,1
102,2023,4,4,0.3061013616232521,1.4111500945762359,1
102,2023,5,5,0.9409035818265148,1.6267401409594957,1
102,2023,6,6,0.0599592000385946,0.6761675272440364,1
102,2023,7,3,0.7965397030262825,1.200674745299724,1
102,2023,8,3,1.441078548641685,1.6200201647332804,1
102,2023,9,5,0.2802018439592408,0.9621733900211691,1
102,2023,10,9,0.3825588192772771,1.2619779724110045,1
102,2023,11,8,0.1721478208081718,0.8716220739986444,1
102,2023,12,2,0.7655664368604552,0.9984337491123039,1
102,2024,1,4,0.3198158011973717,0.8829581943589292,1
102,2024,2,3,0.1114917261306753,0.49818291047893853,1
102,2024,3,5,0.1721478208081718,0.7512374037640817,1
102,2024,4,4,0.7549202475120093,1.3307788537979566,1
102,2024,5,6,0.5208445938952672,1.5759700245853623,1
102,2024,6,3,0.2715336048330709,0.7637112046966325,1
102,2024,7,2,0.1448766065504316,0.26399990261717077,1
102,2024,8,8,0.3290998695391158,0.9523564347705257,1
102,2024,9,6,0.7775684891063639,1.4052147562848418,1
102,2024,10,7,0.9377169346968752,1.456313937363131,1
102,2024,11,5,0.0357050118106194,1.295863348242518,1
102,2024,12,8,0.2651483104092484,1.2395166365771328,1
103,2017,1,1,2.1832956359350075,2.1832956359350075,1
103,2017,2,3,1.2403316452213284,1.62681370968804,1
103,2017,3,2,0.726747108834255,1.6095321055412282,1
103,2017,4,3,1.6250468772190352,1.7100707356564044,1
103,2017,6,2,1.7534660635365122,1.7868303327878345,1
103,2017,7,4,1.5363548363527082,1.87007817040783,1
103,2017,9,1,1.6482855002427264,1.6482855002427264,1
103,2017,11,3,1.649909075515976,1.9066738449361418,1
103,2017,12,3,1.602048257734,2.032462909048121,1
103,2018,2,2,1.803867215149608,1.982877982217889,1
103,2018,3,4,1.700462182031223,1.8595391393536982,1
103,2018,5,2,1.35276360422748,1.5005245522351032,1
103,2018,6,2,0.7430065292697773,1.2734368722096927,1
103,2018,7,1,1.8437127594780336,1.8437127594780336,1
103,2018,8,2,1.4058095911997674,1.9485634746668656,1
103,2018,9,1,2.472746959522364,2.472746959522364,1
103,2018,10,2,1.3892959245192695,1.747400589230924,1
103,2018,11,5,1.7574495551985456,1.924377373476259,1
103,2018,12,2,1.3490493148630105,1.6113769794084747,1
103,2019,1,2,1.5362497407045854,1.7119607691137544,1
103,2019,2,1,1.7788986552446164,1.7788986552446164,1
103,2019,3,2,1.5362497407045854,1.6006631119494423,1
103,2019,4,2,0.7885496207193411,0.8039521816895394,1
103,2019,6,1,1.6760130464165806,1.6760130464165806,1
103,2019,7,2,2.1467266528100755,2.1552485434962017,1
103,2019,9,1,0.8790537495739856,0.8790537495739856,1
103,2019,11,3,1.6412032050473908,1.8244812504723686,1
103,2019,12,2,1.6517773991460434,2.067825260351043,1
103,2020,1,2,0.9231995559956778,1.6044915234494224,1
103,2020,2,1,1.304569861197435,1.304569861197435,1
103,2020,3,1,0.0309044264597484,0.0309044264597484,1
103,2020,5,1,2.446635233070693,2.446635233070693,1
103,2020,6,1,2.0894619014317475,2.0894619014317475,1
103,2020,7,1,1.6517773991460434,1.6517773991460434,1
103,2020,9,2,1.80190016740447,1.8891116881043764,1
103,2020,10,2,1.7601099118493522,1.781005039626911,1
103,2020,12,4,1.6303391858971052,1.8766537602293476,1
103,2021,1,4,1.8493674722301128,2.0314795556008103,1
103,2021,2,1,1.80190016740447,1.80190016740447,1
103,2021,4,1,1.80190016740447,1.80190016740447,1
103,2021,5,2,0.8519813194339356,1.3275681816596543,1
103,2021,6,2,0.3948200277911633,0.9256487263367782,1
103,2021,7,4,1.520185227193796,1.7591313812910185,1
103,2021,8,1,2.240289356005534,2.240289356005534,1
103,2021,9,3,0.7633729704258512,1.6945869426479625,1
103,2021,10,1,1.7287844841414248,1.7287844841414248,1
103,2021,11,1,1.80190016740447,1.80190016740447,1
103,2022,1,1,0.3986454284947303,0.3986454284947303,1
103,2022,2,3,1.0868803403215883,1.7253187974127988,1
103,2022,3,1,1.7409647075825774,1.7409647075825774,1
103,2022,4,1,1.9763233824415256,1.9763233824415256,1
103,2022,5,1,1.8355531680926287,1.8355531680926287,1
103,2022,6,5,1.4610915560354096,1.910494384672362,1
103,2022,7,2,1.3045704357855958,1.4848235335288977,1
103,2022,8,4,0.030904817488336,1.6437623446613352,1
103,2022,9,2,1.4564777339018866,1.8742977786181534,1
103,2022,10,1,1.8019006116236205,1.8019006116236205,1
103,2022,11,3,1.3419781136303977,1.7972129904802732,1
103,2023,2,1,1.4482405041619095,1.4482405041619095,1
103,2023,3,4,1.651777581561248,2.046214949608277,1
103,2023,5,3,1.114909985299701,1.499518323489184,1
103,2023,6,5,0.8236936857167694,1.5745528996172187,1
103,2023,7,2,1.3036440946214327,1.7083923927821045,1
103,2023,8,3,0.8622577152674078,1.814861191759942,1
103,2023,9,4,0.2269453413928346,1.4618769268227978,1
103,2023,10,1,1.7770378577825423,1.7770378577825423,1
103,2023,11,1,1.851730660316203,1.851730660316203,1
103,2023,12,1,2.1131406909427763,2.1131406909427763,1
103,2024,1,2,1.5198519953844944,1.6813387696139053,1
103,2024,2,3,1.536354436170688,1.669970359529212,1
103,2024,4,1,2.303646753874353,2.303646753874353,1
103,2024,6,1,1.1474567903361184,1.1474567903361184,1
103,2024,7,1,2.4810992967816112,2.4810992967816112,1
103,2024,8,2,1.0138447991229478,1.7383343271389458,1
103,2024,11,2,1.555213016504017,1.7604061050768065,1
103,2024,12,1,1.8145228901549368,1.8145228901549368,1
104,2017,1,1,2.1873344669790558,2.1873344669790558,1
104,2017,2,3,1.2400637226370712,1.6282516472679205,1
104,2017,3,1,0.7287681238234455,0.7287681238234455,1
104,2017,4,3,1.6237302462170229,1.7116272822154368,1
104,2017,6,2,1.7599805787086882,1.7886996601978313,1
104,2017,7,4,1.5430472714441037,1.8702189271976855,1
104,2017,9,1,1.6468987237190256,1.6468987237190256,1
104,2017,11,3,1.6458778711593935,1.9020477603100387,1
104,2017,12,3,1.60079962332463,2.038700175113999,1
104,2018,2,2,1.8013469698904363,1.9863644518927743,1
104,2018,3,4,1.6969597908564271,1.8561727846102398,1
104,2018,5,2,1.3489744995565545,1.49793661163779,1
104,2018,6,2,0.7420612993307973,1.2717041346106168,1
104,2018,7,1,1.840585609726372,1.840585609726372,1
104,2018,8,2,1.4074044582710894,1.9427039094941465,1
104,2018,9,1,2.474991440879692,2.474991440879692,1
104,2018,10,2,1.381600792502759,1.7407002119249575,1
104,2018,11,5,1.7617799814816753,1.9284054250508178,1
104,2018,12,2,1.339818555803138,1.5998084988614485,1
104,2019,1,2,1.5429312073033346,1.7129543801779699,1
104,2019,2,1,1.7773523712566703,1.7773523712566703,1
104,2019,3,2,1.5429312073033346,1.6058808991165558,1
104,2019,4,2,0.787708523244979,0.8096980841270371,1
104,2019,6,1,1.679839557058536,1.679839557058536,1
104,2019,7,2,2.15766449538382,2.158600239499582,1
104,2019,9,1,0.8816253328668047,0.8816253328668047,1
104,2019,11,3,1.6398451741883178,1.8221900859868267,1
104,2019,12,2,1.647758683718439,2.0594680961786827,1
104,2020,1,2,0.9225974566603004,1.6092746755058471,1
104,2020,2,1,1.3043353025082094,1.3043353025082094,1
104,2020,3,1,0.0195082247507502,0.0195082247507502,1
104,2020,5,1,2.457849188709022,2.457849188709022,1
104,2020,6,1,2.099309311213356,2.099309311213356,1
104,2020,7,1,1.647758683718439,1.647758683718439,1
104,2020,9,2,1.79936542706957,1.8870342443477015,1
104,2020,10,2,1.7644466334380071,1.7819060302537886,1
104,2020,12,4,1.634924632091646,1.8767241244831339,1
104,2021,1,4,1.8461071600548349,2.027783533215442,1
104,2021,2,1,1.79936542706957,1.79936542706957,1
104,2021,4,1,1.79936542706957,1.79936542706957,1
104,2021,5,2,0.8465921086913324,1.324092494594273,1
104,2021,6,2,0.3858969277858883,0.9181432234690857,1
104,2021,7,4,1.5192240930173275,1.7594528936475438,1
104,2021,8,1,2.2540329305758307,2.2540329305758307,1
104,2021,9,3,0.7624824703566987,1.6921881302545068,1
104,2021,10,1,1.7315574856960465,1.7315574856960465,1
104,2021,11,1,1.79936542706957,1.79936542706957,1
104,2022,1,1,0.3973766969402629,0.3973766969402629,1
104,2022,2,3,1.0899200910185831,1.7274569080288515,1
104,2022,3,1,1.7270211552564332,1.7270211552564332,1
104,2022,4,1,1.974703229088348,1.974703229088348,1
104,2022,5,1,1.8325568562617065,1.8325568562617065,1
104,2022,6,5,1.4737301471162887,1.9173779684874794,1
104,2022,7,2,1.3043358690979423,1.4865833021314807,1
104,2022,8,4,0.0195085158010899,1.6403490537366872,1
104,2022,9,2,1.450389828728769,1.8732960803294398,1
104,2022,10,1,1.799365867466399,1.799365867466399,1
104,2022,11,3,1.3385627574209804,1.800134882817848,1
104,2023,2,1,1.446433870559069,1.446433870559069,1
104,2023,3,4,1.6477588640965497,2.0477039178036973,1
104,2023,5,3,1.1074821667915835,1.4992127123242847,1
104,2023,6,5,0.8260797796628955,1.5744399800329285,1
104,2023,7,2,1.3033976848983913,1.710272493899219,1
104,2023,8,3,0.8724134330807825,1.827259083809439,1
104,2023,9,4,0.225680341171791,1.4606804499671937,1
104,2023,10,1,1.7743643810985172,1.7743643810985172,1
104,2023,11,1,1.848134267146484,1.848134267146484,1
104,2023,12,1,2.117147302900047,2.117147302900047,1
104,2024,1,2,1.5188914674103795,1.679302238158653,1
104,2024,2,3,1.543046869949649,1.672613202760232,1
104,2024,4,1,2.2965774050810093,2.2965774050810093,1
104,2024,6,1,1.1471115245183208,1.1471115245183208,1
104,2024,7,1,2.4684018664062104,2.4684018664062104,1
104,2024,8,2,1.0133478117623185,1.7447538409550112,1
104,2024,11,2,1.558869769814907,1.764198879629978,1
104,2024,12,1,1.8203240402970988,1.8203240402970988,1
105,2017,1,1,0.6768111801931288,0.6768111801931288,1
105,2017,2,4,0.2713963180464375,1.1320235419639664,1
105,2017,3,4,2.1310703605728607,2.2612772992024266,1
105,2017,4,1,2.0663995966275444,2.0663995966275444,1
105,2017,5,1,2.0663995966275444,2.0663995966275444,1
105,2017,6,4,0.5617652994231093,1.213989972243352,1
105,2017,7,1,0.5367558341081491,0.5367558341081491,1
105,2017,8,3,1.7701080693884528,2.0082872780732717,1
105,2017,10,3,0.089320027468279,1.3441411296384207,1
105,2017,12,3,1.110942202194388,1.6510238970841182,1
105,2018,1,1,0.526215327941087,0.526215327941087,1
105,2018,2,3,0.0415890305305435,1.3985470074487274,1
105,2018,4,3,1.2275830205917893,1.9339342478655037,1
105,2018,5,3,0.2558977596782376,1.4408931867451786,1
105,2018,6,1,0.089320027468279,0.089320027468279,1
105,2018,7,1,2.112291052445056,2.112291052445056,1
105,2018,8,3,0.5617652994231093,1.6132077529168931,1
105,2018,9,1,2.0968040087737894,2.0968040087737894,1
105,2018,10,2,0.593946396781071,1.3625303219143488,1
105,2018,11,3,0.5529507321284683,1.631726669161366,1
105,2018,12,3,0.4641958483341059,1.3629948458876797,1
105,2019,1,1,2.1267564154772107,2.1267564154772107,1
105,2019,2,2,0.3376108211848478,1.3051179046582715,1
105,2019,3,3,0.7871341964433739,1.3755821372386787,1
105,2019,4,1,2.3937652986125597,2.3937652986125597,1
105,2019,5,1,1.5155129007889243,1.5155129007889243,1
105,2019,6,3,0.7542485376305844,1.7293712485394026,1
105,2019,7,1,1.2994180815213456,1.2994180815213456,1
105,2019,8,3,2.06513736086402,2.2717366080858086,1
105,2019,9,1,2.024352114304322,2.024352114304322,1
105,2019,10,2,0.3058256597171699,1.2176749161248874,1
105,2019,11,2,2.1310550703351883,2.249785594008578,1
105,2019,12,1,0.2168013815586991,0.2168013815586991,1
105,2020,1,1,1.334763223497623,1.334763223497623,1
105,2020,3,1,1.157209212516992,1.157209212516992,1
105,2020,6,2,0.8420134880330843,1.0733855295554018,1
105,2020,7,1,1.8493078824892435,1.8493078824892435,1
105,2020,8,2,0.3369186803060519,0.7241134305088108,1
105,2020,9,2,0.3454465519800105,1.0456651992758639,1
105,2020,11,2,2.06513736086402,2.1264394625740706,1
105,2020,12,1,0.6775240611919154,0.6775240611919154,1
105,2021,1,2,0.526215327941087,1.1264345546517103,1
105,2021,2,2,2.12498063368499,2.176986806630797,1
105,2021,3,2,1.1113081807115697,1.4665501412586708,1
105,2021,4,1,1.1068062695085843,1.1068062695085843,1
105,2021,5,1,1.50436072976389,1.50436072976389,1
105,2021,6,1,1.2883214702244583,1.2883214702244583,1
105,2021,7,3,1.4222984829778074,1.9631143181922415,1
105,2021,8,2,2.111842745850145,2.1394115345931044,1
105,2021,9,1,0.0415890305305435,0.0415890305305435,1
105,2021,10,1,1.1343490867963852,1.1343490867963852,1
105,2021,12,1,2.1186365240602014,2.1186365240602014,1
105,2022,1,1,0.5326015592062784,0.5326015592062784,1
105,2022,2,2,0.7929562635880355,1.0736497513018965,1
105,2022,3,1,2.1908148201124744,2.1908148201124744,1
105,2022,5,2,1.7496125396215634,2.0099009115100106,1
105,2022,6,2,1.474167628966491,1.7725856921088343,1
105,2022,7,2,0.323314167901931,1.2712657678788355,1
105,2022,8,2,0.3376106089102643,0.899226204354798,1
105,2022,9,3,0.2065279248012871,0.38539557270357544,1
105,2022,10,1,0.4191139453096009,0.4191139453096009,1
105,2023,1,1,0.3376106497695919,0.3376106497695919,1
105,2023,2,1,2.3517170908842715,2.3517170908842715,1
105,2023,3,1,0.0399484093638637,0.0399484093638637,1
105,2023,4,3,0.3347023232574069,1.290454897053384,1
105,2023,5,3,1.4303713123272566,1.7488934587076406,1
105,2023,6,2,1.5814508274752217,1.6475021695164576,1
105,2023,7,1,1.1564912368257882,1.1564912368257882,1
105,2023,8,1,2.066973389922143,2.066973389922143,1
105,2023,9,1,2.3518559263279672,2.3518559263279672,1
105,2023,11,5,0.4640975843293371,1.0879385986148136,1
105,2024,1,2,1.7173505323080105,1.7934177345037994,1
105,2024,2,4,0.4161359330389846,1.0859616443385995,1
105,2024,3,3,0.5367554562596036,1.604244076487995,1
105,2024,4,1,1.7870462932659428,1.7870462932659428,1
105,2024,5,1,1.5814508274752217,1.5814508274752217,1
105,2024,6,6,0.6265012070818654,1.638860237266029,1
105,2024,7,2,0.6208548350328897,1.3730068309641017,1
105,2024,9,3,1.0751652657660418,1.4772046374565413,1
105,2024,10,5,1.1113872696845115,1.9353487029084717,1
105,2024,11,3,1.11094246605686,1.8622957260376596,1
106,2017,1,1,0.6495943316135826,0.6495943316135826,1
106,2017,2,4,0.2846145618261744,1.1306146230472827,1
106,2017,3,4,2.1113091991864787,2.239229008312605,1
106,2017,4,1,2.051399582039072,2.051399582039072,1
106,2017,5,1,2.051399582039072,2.051399582039072,1
106,2017,6,4,0.5726062899032376,1.1967636434853932,1
106,2017,7,1,0.5497081758686316,0.5497081758686316,1
106,2017,8,3,1.7518992090922605,1.9914951987914395,1
106,2017,10,3,0.0651823771346616,1.323552477616552,1
106,2017,12,3,1.0837919497536777,1.6329393207730656,1
106,2018,1,1,0.5379262451133479,0.5379262451133479,1
106,2018,2,3,0.0313920896004269,1.3811308263825257,1
106,2018,3,1,2.4992903028722657,2.4992903028722657,1
106,2018,4,3,1.2300016217286778,1.9347543110987717,1
106,2018,5,3,0.2286350352358837,1.424242095381002,1
106,2018,6,1,0.0651823771346616,0.0651823771346616,1
106,2018,7,1,2.0924075077228603,2.0924075077228603,1
106,2018,8,3,0.5726062899032376,1.601689498481625,1
106,2018,9,1,2.072493835413012,2.072493835413012,1
106,2018,10,2,0.5667800585879011,1.3427439183777472,1
106,2018,11,3,0.563993215336173,1.6199735082363267,1
106,2018,12,3,0.4369543196799389,1.3460016550090377,1
106,2019,1,1,2.106982343328242,2.106982343328242,1
106,2019,2,2,0.3508678342864995,1.298847731943111,1
106,2019,3,3,0.7611962362304654,1.3525617177361033,1
106,2019,4,1,2.37793265841615,2.37793265841615,1
106,2019,5,1,1.4886314328818344,1.4886314328818344,1
106,2019,6,3,0.7269763478004707,1.7041997102183402,1
106,2019,7,1,1.272169383915441,1.272169383915441,1
106,2019,8,3,2.050135976395659,2.2518768395223594,1
106,2019,9,1,2.000832906619574,2.000832906619574,1
106,2019,10,2,0.3330932741845191,1.2214293791084245,1
106,2019,11,2,2.1096173126421114,2.2388143038296797,1
106,2019,12,1,0.2435782372104874,0.2435782372104874,1
106,2020,1,1,1.3350858673641777,1.3350858673641777,1
106,2020,3,1,1.1569912415322707,1.1569912415322707,1
106,2020,6,2,0.8147520736450728,1.0461216727068043,1
106,2020,7,1,1.8373273516750968,1.8373273516750968,1
106,2020,8,2,0.3520472463687317,0.7181026618133065,1
106,2020,9,2,0.318174735329421,1.022346351469026,1
106,2020,11,2,2.050135976395659,2.1137629804680285,1
106,2020,12,1,0.687846041551956,0.687846041551956,1
106,2021,1,2,0.5379262451133479,1.1279467988696936,1
106,2021,2,2,2.1050490651332803,2.159130069584121,1
106,2021,3,2,1.0841580772578814,1.4402188768223667,1
106,2021,4,1,1.1100402789649793,1.1100402789649793,1
106,2021,5,1,1.4773595192863749,1.4773595192863749,1
106,2021,6,1,1.291602600318876,1.291602600318876,1
106,2021,7,3,1.42028213321283,1.9503128307288666,1
106,2021,8,2,2.0860305993260595,2.1209604792107304,1
106,2021,9,1,0.0313920896004269,0.0313920896004269,1
106,2021,10,1,1.1071564954026274,1.1071564954026274,1
106,2021,12,1,2.105769034621383,2.105769034621383,1
106,2022,1,1,0.546190555593054,0.546190555593054,1
106,2022,2,2,0.7656834020478085,1.0668150956681708,1
106,2022,3,1,2.164532852315681,2.164532852315681,1
106,2022,5,2,1.7230341855879083,1.988709961554226,1
106,2022,6,2,1.447087974577566,1.7480562578083025,1
106,2022,7,2,0.3490624572356681,1.2832112666200646,1
106,2022,8,2,0.3508676701010383,0.9044006840792677,1
106,2022,9,3,0.2199182346025292,0.39567924842138025,1
106,2022,10,1,0.3951647891580614,0.3951647891580614,1
106,2023,1,1,0.3508677110611765,0.3508677110611765,1
106,2023,2,1,2.351003546522298,2.351003546522298,1
106,2023,3,1,0.0318900078997462,0.0318900078997462,1
106,2023,4,3,0.3074298792538554,1.2742919357512983,1
106,2023,5,3,1.4032348191661916,1.7386217180547394,1
106,2023,6,2,1.5746425800214492,1.6307744638250088,1
106,2023,7,1,1.1560382639996232,1.1560382639996232,1
106,2023,8,1,2.0449918241712064,2.0449918241712064,1
106,2023,9,1,2.351189894876971,2.351189894876971,1
106,2023,11,5,0.4368560836747739,1.0652872693540905,1
106,2024,1,2,1.6942181606149076,1.7720797991083403,1
106,2024,2,4,0.4409053991691442,1.0718930883629292,1
106,2024,3,3,0.5497077957885821,1.5975712347917523,1
106,2024,4,1,1.7604845615019658,1.7604845615019658,1
106,2024,5,1,1.5746425800214492,1.5746425800214492,1
106,2024,6,6,0.6353809852242447,1.624295526337919,1
106,2024,7,2,0.5936838023727898,1.346244644470562,1
106,2024,9,3,1.0786018437537208,1.4720643189578102,1
106,2024,10,5,1.0842363968683897,1.9126280282467483,1
106,2024,11,3,1.0837922144107544,1.8405728162597998,1
107,2017,1,16,0.5145224546372916,1.5162647329349586,1
107,2017,2,15,0.4133234727815405,1.5887103883129237,1
107,2017,3,23,0.5632265971793466,1.6723601990963675,1
107,2017,4,17,0.5149539426938399,1.3888744168684173,1
107,2017,5,20,0.2089539231919342,1.4914419582168408,1
107,2017,6,25,0.3629883536332878,1.3606237116325826,1
107,2017,7,13,0.6180506885016925,1.3799355837351093,1
107,2017,8,21,0.2694189533037252,1.4904890114029494,1
107,2017,9,22,0.6712046927836404,1.5282377529974254,1
107,2017,10,19,0.3619433178920711,1.513829399004662,1
107,2017,11,28,0.3231383369765288,1.6171871096394792,1
107,2017,12,9,0.5192249627080596,1.4741967232590527,1
107,2018,1,19,0.2427904610070654,1.5855251581451422,1
107,2018,2,19,0.5058795260566897,1.582624733630211,1
107,2018,3,19,0.229607159207571,1.368918068632688,1
107,2018,4,13,0.9169167132853608,1.6035839376236494,1
107,2018,5,27,0.1711769286610214,1.425632476496992,1
107,2018,6,24,0.4133234727815405,1.4088391018707156,1
107,2018,7,13,0.5854743032525416,1.460134239254765,1
107,2018,8,17,0.5574438587525563,1.398946758957441,1
107,2018,9,13,0.0705418236910876,1.2142348317016416,1
107,2018,10,25,0.7402497365820175,1.4546256780864204,1
107,2018,11,16,0.6228753257772474,1.65985980054125,1
107,2018,12,9,0.7745058824997585,1.5153071866645602,1
107,2019,1,21,0.0725187754298126,1.3381349458545624,1
107,2019,2,19,0.6526458136548756,1.5492004659112424,1
107,2019,3,21,0.7064016817063866,1.6709597236077134,1
107,2019,4,19,0.3230054346978677,1.3084111915402141,1
107,2019,5,25,0.3148363873068623,1.112501780110287,1
107,2019,6,21,0.0725187754298126,1.572288682935841,1
107,2019,7,32,0.2271019509098286,1.3236713010427492,1
107,2019,8,18,0.0931531977655671,1.4481697439416743,1
107,2019,9,33,0.2271019509098286,1.6620264177982216,1
107,2019,10,38,0.254999323472021,1.4469931164214798,1
107,2019,11,31,0.5272948388932921,1.4626786375841065,1
107,2019,12,20,0.6379404748273791,1.7201790761023799,1
107,2020,1,29,0.4460276249758195,1.5515559880636518,1
107,2020,2,25,0.1047909955586994,1.471078869706918,1
107,2020,3,12,0.4152381781692855,1.2879411656113244,1
107,2020,4,7,0.1047909955586994,0.8068093855345421,1
107,2020,5,17,0.476322327245537,1.3413300761969136,1
107,2020,6,24,0.6448299134803467,1.4007582402907879,1
107,2020,7,18,0.5864129993894158,1.6625455501282385,1
107,2020,8,25,0.1364016523366385,1.5403118329212837,1
107,2020,9,23,0.7918342938639206,1.2394946854074715,1
107,2020,10,24,0.6403667336778545,1.392299511985363,1
107,2020,11,15,0.7493315248956007,1.7728894050308481,1
107,2020,12,18,0.583521173713418,1.3397668187067284,1
107,2021,1,11,0.0933689612597412,1.3252212018300022,1
107,2021,2,14,0.6324689008857558,1.5850173202698978,1
107,2021,3,18,0.586220069202118,1.4540184544210146,1
107,2021,4,21,0.3148364910542861,1.4052943638661641,1
107,2021,5,22,0.0548131223066578,1.233489545480477,1
107,2021,6,25,0.0152634729926295,1.351190628073783,1
107,2021,7,22,0.1577824162035715,1.3747851129825106,1
107,2021,8,21,0.2549995154333812,1.3148327809036755,1
107,2021,9,36,0.0384364521132441,1.4274892853601042,1
107,2021,10,41,0.1976046561340135,1.4117119410905306,1
107,2021,11,30,0.4062636180381002,1.482234649831485,1
107,2021,12,20,0.7918341970502971,1.5490672136276284,1
107,2022,1,18,0.6371354282963014,1.4736302080902768,1
107,2022,2,15,0.6862776744464713,1.5504875929416595,1
107,2022,3,24,0.2549995154333812,1.5621678753168193,1
107,2022,4,20,0.3250935725576185,1.304340023763914,1
107,2022,5,38,0.254999528592581,1.519266289535939,1
107,2022,6,25,0.3230052965396273,1.4650070777170683,1
107,2022,7,17,0.4644213340580219,1.3772661075665598,1
107,2022,8,21,0.6085259846206685,1.4924731431148743,1
107,2022,9,29,0.4763219096018746,1.5136888030144076,1
107,2022,10,39,0.5151177838020417,1.5398604149659656,1
107,2022,11,29,0.0645927576653999,1.59453368884756,1
107,2022,12,26,0.2896657479611433,1.292873044265718,1
107,2023,1,15,0.6562163961179899,1.6150131946800301,1
107,2023,2,19,0.5464138238124265,1.433277005572824,1
107,2023,3,16,0.4763219278341363,1.436823724883998,1
107,2023,4,21,0.0600781857358378,1.2359675454100876,1
107,2023,5,19,0.1669983089590666,1.4487089617542277,1
107,2023,6,30,0.2584164140061487,1.445187554194044,1
107,2023,7,24,0.226983391394854,1.4021965722405605,1
107,2023,8,21,0.2234729767325274,1.172983181678408,1
107,2023,9,36,0.3090756603882701,1.4965995849858067,1
107,2023,10,31,0.2551656871111663,1.5106483166075524,1
107,2023,11,19,0.2909199183332885,1.6738881219769528,1
107,2023,12,27,0.2551656871111663,1.4355647733602734,1
107,2024,1,16,0.5094183751299972,1.575039763161509,1
107,2024,2,12,0.1568169895017851,1.1871351658845881,1
107,2024,3,20,0.0521131936820073,1.3218963814729365,1
107,2024,4,21,0.5439439886916455,1.5175396287240965,1
107,2024,5,25,0.0912400675956099,1.3119896850653703,1
107,2024,6,32,0.1542207489554951,1.4129564141323772,1
107,2024,7,17,0.5418393853114061,1.569452205465308,1
107,2024,8,16,0.6255153418211596,1.3990047701655142,1
107,2024,9,21,0.1938143904776552,1.295893323893948,1
107,2024,10,38,0.0942627524381068,1.4552614860072064,1
107,2024,11,20,0.2247210207685898,1.118053462712419,1
107,2024,12,17,0.6151902362893164,1.6467396824644445,1
108,2017,1,6,1.3736645887115964,1.7261952601365007,1
108,2017,2,4,0.9800871256846624,1.9861512975134046,1
108,2017,3,6,1.423589548740241,1.9817537798431022,1
108,2017,4,5,1.540863768528759,2.093752328374774,1
108,2017,5,4,1.2700731370262222,1.7729566047757974,1
108,2017,6,4,1.4022172504831003,1.908739106473367,1
108,2017,7,2,1.809377246599886,2.011932967705547,1
108,2017,8,4,1.0290943285539498,1.6709481223243041,1
108,2017,9,8,1.401951573097179,2.096304982772209,1
108,2017,10,8,0.969817578097248,1.8017019978628968,1
108,2017,11,9,0.9800871256846624,1.7133275735706928,1
108,2017,12,4,1.51657559501018,1.970764387769392,1
108,2018,1,9,1.6581616791921256,2.0764717461370483,1
108,2018,2,7,0.7326161000262035,1.9444998460475695,1
108,2018,3,2,2.183909559935449,2.3259385213422528,1
108,2018,4,4,0.006279060784837,1.4328732822204342,1
108,2018,5,4,2.1282569174922044,2.2617164197299284,1
108,2018,6,3,1.7331087910404523,2.131065496853008,1
108,2018,7,4,1.0232041347993877,1.5877767006904335,1
108,2018,8,7,1.1990862941234668,1.689177278395178,1
108,2018,9,2,1.181747654633326,1.5572899321952112,1
108,2018,10,6,1.932832209757096,2.261487109346535,1
108,2018,11,4,1.313070370629577,1.9049374629485087,1
108,2018,12,4,1.1245150082424429,2.0203539896880818,1
108,2019,1,5,1.221829254315684,1.8806125474490252,1
108,2019,2,2,1.8517165340406072,2.0870481408597876,1
108,2019,3,5,1.110164310207839,1.742801380323474,1
108,2019,4,3,1.4731439397604642,1.6076910935036868,1
108,2019,5,3,1.3746994013884457,1.7841930529136285,1
108,2019,6,10,0.7729574143524341,1.8030336615206715,1
108,2019,7,5,1.0290943285539498,1.4354585137657496,1
108,2019,8,7,1.68229959669325,2.0999690195228733,1
108,2019,9,8,0.9993175158438016,2.024179560340862,1
108,2019,10,12,1.5970968333908786,2.0702823636615273,1
108,2019,11,3,1.681684673409814,2.0340935331584045,1
108,2019,12,6,0.8684644837291535,1.9130481151970748,1
108,2020,1,7,1.1083199536576565,1.8438691070535118,1
108,2020,2,7,0.2055840563160374,1.4886612499667176,1
108,2020,3,3,1.5964301357820705,1.7126032015674821,1
108,2020,4,1,1.8828783503006976,1.8828783503006976,1
108,2020,5,5,1.7754719558286405,2.12231214480056,1
108,2020,6,8,0.4444339461003634,1.6844896057881324,1
108,2020,7,4,1.5458184164855815,2.016458290711828,1
108,2020,8,5,1.0290943285539498,1.7014806879550428,1
108,2020,9,5,1.212120160098429,1.9241141377822395,1
108,2020,10,2,1.6633649375041597,1.9168311135354263,1
108,2020,11,2,1.946575509736045,2.1695969083774336,1
108,2020,12,3,1.5236324522844005,1.8621865136471316,1
108,2021,1,5,2.0943524986012205,2.3360378216964306,1
108,2021,2,4,1.9318544960812287,2.248168081188161,1
108,2021,3,3,0.1164286187621422,1.3941686032210268,1
108,2021,4,1,1.7774794550434077,1.7774794550434077,1
108,2021,5,5,0.3502155384196861,1.6036232528409244,1
108,2021,6,15,1.2564903077685676,2.0308644746549804,1
108,2021,7,5,1.2774017794395918,1.756937718172432,1
108,2021,8,3,0.8684644837291535,1.4922057110891682,1
108,2021,9,7,1.3743581761994903,2.079635179760398,1
108,2021,10,8,0.877089880171537,1.7801998843509186,1
108,2021,11,12,0.6760344620271052,1.9018354759167104,1
108,2021,12,1,2.0725277068731485,2.0725277068731485,1
108,2022,1,2,1.6596131262742089,2.077688832380897,1
108,2022,2,3,1.723189545697872,1.9361432689522278,1
108,2022,3,9,0.8293864674005171,1.8670817543163827,1
108,2022,4,4,1.1338511178599473,1.6585165434430902,1
108,2022,5,8,0.7747625744486858,1.7763403070000865,1
108,2022,6,7,1.8921932586764545,2.2581014186602277,1
108,2022,7,2,1.923472358792124,2.1981144227406766,1
108,2022,8,8,0.2056689121506202,1.9908649908470295,1
108,2022,9,5,1.6268656582232128,2.2596770902483154,1
108,2022,10,11,0.1398071435190362,1.8804543952015698,1
108,2022,11,5,0.3853074758592757,1.8868663953514804,1
108,2022,12,5,0.6232281818842584,1.4779953674682507,1
108,2023,1,4,0.1827642355618742,1.2656157805705495,1
108,2023,2,4,1.953036026940579,2.0516081288033883,1
108,2023,3,3,1.6403588632066617,1.7275981497252146,1
108,2023,4,8,1.3619139788775343,1.761244425603833,1
108,2023,5,7,1.205477132995202,1.955052923554317,1
108,2023,6,6,1.0339756644820797,1.7248688015219258,1
108,2023,7,3,1.1990862370853763,1.5977063789945312,1
108,2023,8,3,1.0143741911426458,1.680688709475346,1
108,2023,9,7,1.1736932947977632,1.8409688511980902,1
108,2023,10,7,1.7062754756788798,2.0865751534833814,1
108,2023,11,5,1.671102126733846,2.1349872275294706,1
108,2023,12,4,1.5572675433259886,1.9204381411365992,1
108,2024,1,7,1.0729172021369873,1.8097830319332988,1
108,2024,2,4,0.7008249565306558,1.5161350555362256,1
108,2024,3,7,1.0288525421508108,1.8462392997902646,1
108,2024,4,6,1.7155105335755985,2.0983906039734443,1
108,2024,5,9,0.565857418704215,2.008571067811938,1
108,2024,6,8,1.6816850581579506,2.0612169532530094,1
108,2024,7,4,0.4517583761891006,1.3293225427509885,1
108,2024,8,5,0.2671259325767772,1.2681649668520172,1
108,2024,9,2,0.0310257198491779,0.748606533768233,1
108,2024,10,2,2.095065783220637,2.2463146420421265,1
108,2024,11,5,1.9328319610681464,2.161316347334211,1
108,2024,12,4,1.6088160109958691,2.1239469033320395,1
109,2017,1,3,0.4674922534196935,1.0223708901712507,1
109,2017,2,2,2.044134613905127,2.1781128631911795,1
109,2017,3,2,0.6242224310854205,1.4089106636487845,1
109,2017,4,4,0.3930678268893637,1.4176320249519108,1
109,2017,5,5,0.4512831561634144,0.7758296303631482,1
109,2017,6,5,0.638506670263772,1.2081392944839497,1
109,2017,7,4,1.323464708151665,1.7247795880952945,1
109,2017,8,3,0.781139466727131,1.7119089824703486,1
109,2017,9,5,1.2812746925218097,1.983624747793566,1
109,2017,10,3,0.7825340967465204,1.7424714711077567,1
109,2017,11,5,0.3884828082718217,1.3401203374678607,1
109,2017,12,1,2.118974872590534,2.118974872590534,1
109,2018,1,4,0.3910106494060216,1.335047301010683,1
109,2018,2,1,1.3624897041090436,1.3624897041090436,1
109,2018,3,3,0.5687651765459337,1.3394653604520261,1
109,2018,4,7,0.638506670263772,1.4697538915467303,1
109,2018,5,4,0.5869857574183869,1.1926782494020065,1
109,2018,6,3,1.2868930729762051,1.4825277415296698,1
109,2018,7,5,0.7140260625395013,1.5471134475450539,1
109,2018,8,3,1.2821367812560982,1.6535535980082547,1
109,2018,9,4,0.1378753404359344,1.1710491550045716,1
109,2018,10,6,0.985120792289396,1.8018452545970984,1
109,2018,11,2,0.4674922534196935,0.9487837131985043,1
109,2018,12,1,1.5572751720104951,1.5572751720104951,1
109,2019,1,1,2.4393735205486298,2.4393735205486298,1
109,2019,2,5,0.8211038619207177,1.5386481688881062,1
109,2019,3,4,0.8255607674291948,1.6857664478355665,1
109,2019,4,5,0.8382349731926025,1.631691094956743,1
109,2019,5,1,1.947630218878043,1.947630218878043,1
109,2019,6,3,0.6230368631059231,0.9926052821737673,1
109,2019,7,2,0.2478364561427869,0.4279130522078837,1
109,2019,8,3,0.3878554515765447,0.810885593108487,1
109,2019,9,6,1.370196828333026,2.087063859143204,1
109,2019,10,2,0.7048934208122398,0.9548419016005767,1
109,2019,11,9,0.3479246786134015,1.609599993891454,1
109,2019,12,4,1.4542023460579987,1.7432898208336465,1
109,2020,2,3,1.426794111918847,1.9040116179140245,1
109,2020,3,2,0.4138333033164761,0.9129529905324013,1
109,2020,5,1,2.360085729710755,2.360085729710755,1
109,2020,6,1,1.4301183503540258,1.4301183503540258,1
109,2020,7,4,1.5331093311813977,1.9410779435950027,1
109,2020,8,3,0.7510764455676934,1.2532883603236236,1
109,2020,9,4,0.4583549613719813,1.3953917246183902,1
109,2020,10,5,0.1386019214390607,1.409003018923525,1
109,2020,11,3,0.4138333033164761,0.8529513820684475,1
109,2020,12,3,0.2916861715540503,1.1032800338063078,1
109,2021,1,6,0.4519302929909267,1.33652318028175,1
109,2021,4,2,1.4903715145107934,1.9633056003283471,1
109,2021,5,5,0.5264037937737189,1.718159638007664,1
109,2021,6,2,2.412496869753191,2.441020670091966,1
109,2021,7,3,1.7166970991881834,2.2144991355681776,1
109,2021,8,2,1.138248492278165,1.5729371839750148,1
109,2021,9,4,0.1917676826733769,1.5791950669494978,1
109,2021,10,4,0.6386534918863332,1.6162472914859483,1
109,2021,11,5,0.2834370495459161,1.3583711629148865,1
109,2022,1,2,0.5825742192902041,1.2731981146016453,1
109,2022,2,1,2.128531051034091,2.128531051034091,1
109,2022,3,2,0.6386534918863332,1.163175952992248,1
109,2022,4,4,0.954748904726084,1.7870291022398255,1
109,2022,5,9,0.4385221269340382,1.5782013383412448,1
109,2022,6,2,1.7683171503099488,2.1150437737292918,1
109,2022,7,3,0.3484976187618344,1.2994604729198413,1
109,2022,8,2,0.5955962143210674,1.0715728536807434,1
109,2022,9,3,0.4274122243560344,1.1175713007009154,1
109,2022,10,6,0.4352050261862381,1.5086546681164856,1
109,2022,11,2,1.7944380904808312,1.8863464006598694,1
109,2022,12,3,0.4707049618126597,1.3453231968707702,1
109,2023,1,6,1.3978302617997636,1.9524468160503454,1
109,2023,2,1,1.982266049518572,1.982266049518572,1
109,2023,3,4,2.210370140977578,2.313018733647858,1
109,2023,4,7,0.7498938678737341,1.4440804915681993,1
109,2023,5,9,0.6981857647419286,1.6853953811943052,1
109,2023,6,10,0.2711487257273369,1.4821577203578735,1
109,2023,7,7,0.587553505173782,1.3912775470748222,1
109,2023,8,6,0.4586836801709537,1.4498494940120732,1
109,2023,9,3,1.4414154569556208,2.030194633147205,1
109,2023,10,4,1.910966169442586,1.9926516911190602,1
109,2023,11,1,1.847693250549294,1.847693250549294,1
109,2023,12,3,2.080715341178823,2.15104363892166,1
109,2024,1,6,1.0245164164988492,1.65780840712201,1
109,2024,2,4,0.5294819894778671,1.264100855607362,1
109,2024,3,2,1.8848928766683932,2.048712244285407,1
109,2024,4,2,1.5375918022353197,1.6926425263923068,1
109,2024,5,2,2.08401253250659,2.108005207639864,1
109,2024,6,2,0.948007769594225,1.3108825517881286,1
109,2024,8,5,0.6880127161161581,1.2037393643377354,1
109,2024,9,8,0.3483561981970187,1.2775414401856287,1
109,2024,10,2,1.7843058082376324,2.0427884806961694,1
109,2024,11,6,1.222020439638114,1.7148358832661508,1
109,2024,12,2,1.4308002323238946,1.758570747326937,1
110,2017,1,3,0.3429054875353912,0.48560501279225576,1
110,2017,2,1,1.9385338547926647,1.9385338547926647,1
110,2017,3,7,1.457957552992079,1.829988177068437,1
110,2017,4,5,0.373279866995494,1.4718867207022046,1
110,2017,5,3,0.7725734665974601,1.3364674311448936,1
110,2017,6,6,1.3531473196452892,1.757262056102664,1
110,2017,7,7,1.006887857117824,1.5078713489276516,1
110,2017,8,3,1.182309832042422,1.469604488439497,1
110,2017,9,9,0.373279866995494,1.3151826473361063,1
110,2017,10,4,0.909641039242204,1.5100752883226178,1
110,2017,11,4,1.454316144351998,1.8191553877808173,1
110,2017,12,1,0.5114499831180727,0.5114499831180727,1
110,2018,1,3,0.3383611497225913,0.9727864832945206,1
110,2018,2,4,1.3773889048982575,1.8255680253352211,1
110,2018,3,2,1.3355463456515486,1.5588986655950474,1
110,2018,4,5,1.480081369940542,1.746352106012407,1
110,2018,5,10,1.3081021347634645,1.8209466647581096,1
110,2018,6,7,0.818730778670582,1.6877754793827364,1
110,2018,7,2,1.410981276392427,1.4338245766998763,1
110,2018,8,4,1.6090886140346736,1.8359582360675635,1
110,2018,9,7,0.373279866995494,1.802022037962726,1
110,2018,10,3,1.5235566608127915,1.9503522203279309,1
110,2018,11,5,0.4634096116488552,1.4934498086392622,1
110,2018,12,3,0.373279866995494,1.2641530379995556,1
110,2019,1,8,0.4738811208021888,1.8552545221720713,1
110,2019,2,4,0.7733837027017024,1.2638406898586045,1
110,2019,3,10,0.2569390091022612,1.6122245884201984,1
110,2019,4,6,0.6739673123882027,1.372270462981131,1
110,2019,5,4,1.4621370729808172,2.011368273680189,1
110,2019,6,6,0.2324644161701039,1.633668792660159,1
110,2019,7,6,0.348035844790546,1.3835035192730658,1
110,2019,8,5,1.256856829523146,1.6455093655061623,1
110,2019,9,9,0.797006473457232,1.6180037119715713,1
110,2019,10,3,1.3642455585647617,1.6773410409347644,1
110,2019,11,4,0.3383611497225913,1.1393854269030312,1
110,2019,12,5,1.253046228706855,1.6019963061684444,1
110,2020,1,10,1.4589100310729377,1.8587759915436188,1
110,2020,2,8,0.2324644161701039,1.6177037100280676,1
110,2020,3,2,1.471519406965242,1.7539816925080123,1
110,2020,5,1,1.9726510480197168,1.9726510480197168,1
110,2020,6,6,0.373279866995494,1.244395701980135,1
110,2020,7,5,0.5114499831180727,1.3211465598071517,1
110,2020,8,3,1.627936510361894,1.8389942907633905,1
110,2020,9,7,1.3471103668813915,1.687298043937138,1
110,2020,10,6,0.1026517332316727,0.9508138644453016,1
110,2020,11,1,1.8301608807904712,1.8301608807904712,1
110,2020,12,1,1.7408084977539242,1.7408084977539242,1
110,2021,1,3,1.3115783064056157,1.3633123176536266,1
110,2021,2,3,1.1588495020791667,1.4001535119720072,1
110,2021,3,3,1.1233341694670989,1.2450812970888736,1
110,2021,4,3,0.501395903158213,1.4844506438848726,1
110,2021,5,3,0.1026517332316727,0.6986869615982392,1
110,2021,6,7,0.7486060172077964,1.6318486458389476,1
110,2021,7,4,1.2308392408117987,1.9198615038471107,1
110,2021,8,9,0.1026517332316727,1.5732354716066506,1
110,2021,9,6,1.3075907501072388,1.8884480822540521,1
110,2021,10,5,1.4925084837210585,1.8346120303159825,1
110,2021,11,1,2.4002468914303803,2.4002468914303803,1
110,2021,12,2,2.2377348034999733,2.2738513500976367,1
110,2022,1,3,1.3231854140818684,1.489783194082403,1
110,2022,2,7,0.5968660700214328,1.743728359305905,1
110,2022,3,4,1.0037486052331368,1.6451969778916138,1
110,2022,4,10,0.2189639546606435,1.623265413019028,1
110,2022,5,11,0.7577122507375085,1.5680663748682315,1
110,2022,6,4,2.0554472066619125,2.221792721066749,1
110,2022,7,4,1.3763149609165497,1.7467874643893189,1
110,2022,8,8,0.8450262285350266,1.6915418989793647,1
110,2022,9,6,0.4622365293288168,1.3480483757672523,1
110,2022,10,7,0.872750703274186,1.945045905777283,1
110,2022,11,16,0.5752800745203589,1.7085161321872533,1
110,2022,12,8,1.6262326416474555,1.8967263733492539,1
110,2023,1,3,0.517648178397574,1.260198761449961,1
110,2023,2,3,0.9472004841998428,1.3028780487202976,1
110,2023,3,5,0.1891628805991473,0.9828709850521102,1
110,2023,4,8,0.0973016949264319,1.3506400496528472,1
110,2023,5,4,1.4579571368396624,1.6921646677153306,1
110,2023,6,12,1.0773570062932722,1.795620116583919,1
110,2023,7,7,1.226740065445763,1.6978773058396268,1
110,2023,8,8,0.142684942641513,1.4426880680432599,1
110,2023,9,9,1.0652810792675016,1.9401992913606207,1
110,2023,10,6,1.0946868096431823,1.5797400691806915,1
110,2023,11,7,0.4481560207233122,1.5511158389950348,1
110,2023,12,8,1.1442643112650464,1.837618330409277,1
110,2024,1,4,1.5869888385668014,1.7067343823348267,1
110,2024,2,8,0.097891172027832,1.7518436794861816,1
110,2024,3,6,1.362862546225604,1.756780808299343,1
110,2024,4,4,0.2420275760325945,1.2092464436865544,1
110,2024,5,2,1.0497197194181236,1.3502557861259146,1
110,2024,6,2,1.6370304378763614,1.9748658229669345,1
110,2024,7,1,1.4849571125336525,1.4849571125336525,1
110,2024,8,6,1.4753280679497025,1.9432304553269468,1
110,2024,9,5,0.2563254797196005,1.4614962261061226,1
110,2024,10,10,0.5209387227268263,1.7087172107798794,1
110,2024,11,7,0.8289357605880566,1.3639005757782783,1
110,2024,12,5,0.2225152807210032,1.313373810570883,1
111,2017,1,16,0.7781827912110203,1.754177213572597,1
111,2017,2,7,0.8603586606719289,1.8261373827048923,1
111,2017,3,13,0.4607529253987735,1.6070583656717903,1
111,2017,4,10,0.6263128514136174,1.8791993431154754,1
111,2017,5,11,0.7631080950335951,1.7351802282976783,1
111,2017,6,13,0.463973216171158,1.4659431508980103,1
111,2017,7,12,0.3648755660789426,1.6654638856027952,1
111,2017,8,11,0.3648353371930619,1.7970869465530355,1
111,2017,9,19,0.4644552652586829,1.7913362023352122,1
111,2017,10,13,0.3784651302430901,1.4104492162055342,1
111,2017,11,10,0.2596494620539499,1.7515838424683832,1
111,2017,12,11,0.8425049626978954,1.6289107838959438,1
111,2018,1,11,0.8603586606719289,1.6455048547921527,1
111,2018,2,5,0.957210966789274,1.6908234074922752,1
111,2018,3,13,0.8613156345545263,1.6655724729131103,1
111,2018,4,8,0.4479044243698334,1.4541423853438307,1
111,2018,5,11,0.19527464470121,1.4101161093571537,1
111,2018,6,10,1.1696161129589646,2.025387961680965,1
111,2018,7,13,0.3648353371930619,1.509922808555048,1
111,2018,8,7,0.8300917882046874,1.6896310836077137,1
111,2018,9,13,0.8603586606719289,2.078760684412691,1
111,2018,10,12,0.256870506095572,1.3661065185056105,1
111,2018,11,15,0.7645885570136097,1.764821668633777,1
111,2018,12,11,0.1637755769667226,1.2695816690176613,1
111,2019,1,15,0.3648353371930619,1.6108097909459032,1
111,2019,2,11,0.3592948433546613,1.6516878859928994,1
111,2019,3,14,0.8603586606719289,1.6120146775606747,1
111,2019,4,11,1.055561362765804,2.004505598626709,1
111,2019,5,10,0.9669202036174962,1.612924694858372,1
111,2019,6,10,0.8425049626978954,1.511233194786085,1
111,2019,7,11,0.8603586606719289,2.0266001015107467,1
111,2019,8,12,0.1070316186117885,1.246472922300304,1
111,2019,9,19,0.0728621125920939,1.176702743549775,1
111,2019,10,16,0.6321125937156571,1.6795685464057661,1
111,2019,11,17,0.700316905201915,1.7212131793080099,1
111,2019,12,11,0.0778755258988243,1.5490162780317434,1
111,2020,1,16,0.1630325887971091,1.749667469630193,1
111,2020,2,11,1.1353407162139966,1.9822745804915451,1
111,2020,3,3,1.0484806919999126,1.616923490881079,1
111,2020,4,4,1.3009551238596642,1.8936304808458004,1
111,2020,5,5,0.7463898995618911,1.7540996374848412,1
111,2020,6,9,0.4645637591476008,1.1671661677195968,1
111,2020,7,13,0.1637755769667226,1.4146328412536069,1
111,2020,8,9,0.5543258120172668,1.7136749223608465,1
111,2020,9,13,0.7975499256618702,1.9282786558199685,1
111,2020,10,8,0.4747746508743352,1.4223570674931545,1
111,2020,11,2,0.768874897665508,1.484288882537154,1
111,2020,12,9,0.7404678802191059,1.651610466799208,1
111,2021,1,2,0.9583308967784911,1.0069461297721476,1
111,2021,2,8,0.8437989599647681,1.6176345404826615,1
111,2021,3,5,0.9583308967784911,1.6137497450030795,1
111,2021,4,8,0.4238959042137397,1.5761943390730262,1
111,2021,5,8,0.4565531222595387,1.4363168164026991,1
111,2021,6,8,1.2519982821113886,2.028259441190435,1
111,2021,7,8,0.9193341733477004,1.6403598786042877,1
111,2021,8,9,1.2514035602038611,2.1529064511378175,1
111,2021,9,13,0.7631080950335951,1.7029155135184384,1
111,2021,10,9,0.4747746508743352,1.6166790532020956,1
111,2021,11,13,0.1747779370729927,1.7266483692138423,1
111,2021,12,8,0.5485731904922856,1.537437424694183,1
111,2022,1,6,0.3648755660789426,1.5279384414549841,1
111,2022,2,8,0.8603586606719289,1.2293362282009972,1
111,2022,3,13,0.1583319006730354,1.3665895787266793,1
111,2022,4,14,0.4549629753912164,1.5687364779807016,1
111,2022,5,9,0.4512286489201982,1.2946338966748518,1
111,2022,6,10,0.3481781620090356,1.3852204929541856,1
111,2022,7,12,0.1733464535723981,1.400966342616574,1
111,2022,8,10,0.1622821978963054,1.496364970728709,1
111,2022,9,20,0.0932933908436361,1.63392591879858,1
111,2022,10,14,0.1651769601151407,1.327354633939974,1
111,2022,11,14,0.1275646757313983,1.5761216766385113,1
111,2022,12,8,0.4549629753912164,1.3289965265027375,1
111,2023,1,18,0.1737046985971216,1.500001295116186,1
111,2023,2,5,0.1096418483154315,1.199918817868995,1
111,2023,3,7,0.3615001838724807,1.6657739125997462,1
111,2023,4,16,0.2656730376917971,1.5326366315986564,1
111,2023,5,7,0.1649215431664569,1.5053157146426395,1
111,2023,6,8,0.2676414393729015,1.5923954567507181,1
111,2023,7,8,0.7402276662147815,1.7158652546774766,1
111,2023,8,15,0.2656730376917971,1.5815917568405202,1
111,2023,9,16,0.2676414393729015,1.611036824197341,1
111,2023,10,18,0.1275662060102457,1.446979359730334,1
111,2023,11,14,0.4644281746507112,1.3295990888358828,1
111,2023,12,7,0.1088708150105416,1.5396202566585149,1
111,2024,1,10,0.9967451293380516,1.9323769950966176,1
111,2024,2,11,1.023899294424493,1.8481148263585483,1
111,2024,3,5,0.0715157060118229,1.245009711442206,1
111,2024,4,9,0.1275506224756852,1.2343644213193048,1
111,2024,5,17,0.5572162686044559,1.3333669696227006,1
111,2024,6,14,0.3404985091564945,1.4497806125735266,1
111,2024,7,8,0.0984450999776173,1.1806749593247818,1
111,2024,8,13,0.8776654936682913,1.592946423875003,1
111,2024,9,13,1.2523812614104797,1.7681515736754299,1
111,2024,10,14,0.9123573727445744,1.6776345544358011,1
111,2024,11,9,0.1760870374793476,1.4395487161600613,1
111,2024,12,8,0.3643914123840051,1.6838797578205262,1
112,2017,1,2,0.5973479781144552,0.8464713933287089,1
112,2017,2,2,0.3541587173088159,0.7752152549329293,1
112,2017,3,3,0.0625101307646732,0.5807848447084439,1
112,2017,4,2,0.7577983879680722,1.1928919467471044,1
112,2017,5,5,0.5800196624416958,0.853321431616302,1
112,2017,6,5,0.241900576981535,1.0676495647415063,1
112,2017,7,2,0.104866198059244,0.8360752275583162,1
112,2017,8,1,2.175209409356912,2.175209409356912,1
112,2017,9,1,1.0713307591599486,1.0713307591599486,1
112,2017,10,3,1.0713307591599486,1.8773671648428107,1
112,2017,11,3,0.4559852159051004,1.1287776035737889,1
112,2017,12,5,0.5286855899312137,1.527160201021679,1
112,2018,1,6,0.237509266112833,0.9723125949441217,1
112,2018,2,4,0.104866198059244,0.6694571002973169,1
112,2018,3,3,1.5527978902407074,1.9401865664212847,1
112,2018,4,4,0.6974576565676067,1.3756612205584786,1
112,2018,5,2,0.6343930377354631,1.1900035079542985,1
112,2018,6,5,0.104866198059244,1.354900723314263,1
112,2018,7,3,0.9580157723238892,1.2454713100671009,1
112,2018,8,6,0.6426890117373207,1.7867659796963542,1
112,2018,9,6,0.2341189023471959,1.0209192816174246,1
112,2018,10,6,0.9915849484683744,1.3951967469780089,1
112,2018,11,2,0.104866198059244,1.0908899699931167,1
112,2018,12,2,0.6669984837597559,0.8078198252607341,1
112,2019,1,3,0.104866198059244,0.9073287272728603,1
112,2019,2,1,1.3768514080696337,1.3768514080696337,1
112,2019,3,2,0.5800196624416958,1.257832460285182,1
112,2019,4,4,0.104866198059244,1.0669835130179302,1
112,2019,5,6,0.5671927507726982,1.677836012929416,1
112,2019,6,3,0.1604879818721767,0.8309164591522998,1
112,2019,8,2,0.104866198059244,0.8871591709134556,1
112,2019,9,3,0.5455356034511357,1.191814157974597,1
112,2019,10,4,0.57955006127851,1.3013491711901266,1
112,2019,11,2,0.5597807939568186,1.0916110382015678,1
112,2019,12,5,0.5455356034511357,1.4940850159936356,1
112,2020,1,6,0.104866198059244,0.729341804238881,1
112,2020,2,5,0.4774474450020303,1.4127859615350082,1
112,2020,3,3,0.3570610459094696,0.8016662754226435,1
112,2020,5,1,0.9743922065282308,0.9743922065282308,1
112,2020,6,2,1.1771319038225834,1.6317970456276374,1
112,2020,7,2,1.5202835271879578,1.9576449154937878,1
112,2020,9,2,1.5951988891278637,1.7992123258355068,1
112,2020,10,2,0.6343930377354631,1.5416305139547009,1
112,2020,11,1,1.4890561369196234,1.4890561369196234,1
112,2020,12,1,1.8119507216764703,1.8119507216764703,1
112,2021,2,1,2.0977468916336037,2.0977468916336037,1
112,2021,3,1,1.7173172006540809,1.7173172006540809,1
112,2021,4,3,0.6974576565676067,1.115713811928593,1
112,2021,5,5,0.5578899046141809,1.4123571059569118,1
112,2021,6,2,1.225600525314636,1.76326351212508,1
112,2021,7,4,0.0724935583260572,0.6537941298138814,1
112,2021,8,3,0.7952204274388001,1.5676580449978037,1
112,2021,9,1,1.2573867394805118,1.2573867394805118,1
112,2021,10,5,0.6415417076464016,1.3840411393437246,1
112,2021,11,5,0.90128830788905,1.0356193542755803,1
112,2021,12,3,1.2054937446168583,1.6942002381338719,1
112,2022,1,2,0.0625101307646732,1.1817183148500987,1
112,2022,2,3,0.5303200074610022,1.2496579523490219,1
112,2022,3,2,0.2580103513408145,0.6078497064921559,1
112,2022,4,5,0.3883991393010938,0.8268089635643943,1
112,2022,5,6,0.5127614334306398,1.7932389784067035,1
112,2022,6,5,0.7632855017308922,1.2753768495619942,1
112,2022,7,6,1.4665571848664003,1.9605172649479659,1
112,2022,8,3,0.1242862513692813,0.6000090004254099,1
112,2022,9,3,0.8688182788719481,0.9681759187268871,1
112,2022,10,8,0.0146756470422038,1.0298745251855188,1
112,2022,11,1,0.6745791875114335,0.6745791875114335,1
112,2022,12,4,0.0724935318058709,1.1376288638203202,1
112,2023,1,2,0.1015735789763992,0.43242953020996117,1
112,2023,2,1,0.6253454739410849,0.6253454739410849,1
112,2023,3,2,0.5303192998582849,0.5778323868996849,1
112,2023,4,6,0.5984728041620001,1.642998771082895,1
112,2023,5,9,0.7069780343945283,1.4866944887305125,1
112,2023,7,3,0.7069780343945283,1.0800147210332935,1
112,2023,8,3,1.5715384234361065,1.9906408702069254,1
112,2023,9,5,0.4558192495843216,1.2943892999550553,1
112,2023,10,4,1.01784430241086,1.7509901756234985,1
112,2023,11,1,0.5208403274604346,0.5208403274604346,1
112,2023,12,6,0.1510374453619593,1.2277099988209708,1
112,2024,1,4,0.9028678993609444,1.4698028480104823,1
112,2024,2,5,1.0693121742847482,1.873920546893339,1
112,2024,3,1,1.0205612056358608,1.0205612056358608,1
112,2024,4,6,0.531276109809858,1.38689819407299,1
112,2024,5,5,0.5260084503757227,1.4385343892742832,1
112,2024,6,2,0.5127625463997789,0.5608074405668961,1
112,2024,7,2,0.8399070421973954,1.6200669539273749,1
112,2024,8,4,0.3729049623039137,1.1208013029004322,1
112,2024,9,3,0.9984946268426552,1.419167230221633,1
112,2024,10,5,0.8585877293099613,1.5145402950022693,1
112,2024,11,2,1.4603843956012383,1.8233626264971052,1
112,2024,12,1,2.016889791770777,2.016889791770777,1
113,2017,1,3,0.8813231325975702,1.3954687955751612,1
113,2017,2,1,0.3210232865314918,0.3210232865314918,1
113,2017,3,3,0.7689558549707923,1.322055657384684,1
113,2017,4,4,1.888087739389559,2.2399033775353923,1
113,2017,5,4,0.2254514304667599,1.5897209152610072,1
113,2017,6,1,2.1757631383375444,2.1757631383375444,1
113,2017,7,4,0.1550723569053971,0.8856715224382421,1
113,2017,8,3,1.2873066915550602,2.042721199555747,1
113,2017,9,5,0.721969034777538,1.6619178643376997,1
113,2017,10,6,0.2302779289428952,1.633001833135893,1
113,2017,11,4,1.0181352724674608,1.9941550655084297,1
113,2017,12,2,0.8090230246598008,1.2551286622969005,1
113,2018,1,5,1.2482097935916483,1.6849043733137077,1
113,2018,2,2,1.7487929388489545,1.778981898963016,1
113,2018,3,7,0.6485984595782168,1.620236231761972,1
113,2018,4,2,1.6350035471856732,2.0012450956719614,1
113,2018,5,6,1.0026259223386251,1.7399287377238617,1
113,2018,6,2,1.5854421657971451,1.9024055059702092,1
113,2018,7,4,0.9862672885140872,1.5432707186991979,1
113,2018,8,1,1.9877384868782144,1.9877384868782144,1
113,2018,9,3,0.921233053153116,1.5401793817140348,1
113,2018,10,4,0.921233053153116,1.961719711679863,1
113,2018,11,3,0.921233053153116,1.8517637627722037,1
113,2018,12,4,0.040462984765407,1.697814955688431,1
113,2019,1,4,0.1840023824189977,0.9644193310863447,1
113,2019,2,1,0.7680257586048215,0.7680257586048215,1
113,2019,3,6,0.3568106801036458,1.4777296180514885,1
113,2019,4,1,0.4539946812325341,0.4539946812325341,1
113,2019,5,3,0.6495341442850975,1.332101697790442,1
113,2019,6,1,0.8839975406485351,0.8839975406485351,1
113,2019,7,3,0.066677664129965,1.2275685143937365,1
113,2019,8,4,0.3568106801036458,1.8222269482584617,1
113,2019,9,4,0.921233053153116,1.9332813715629489,1
113,2019,10,2,0.7653139041126208,1.5691156686942542,1
113,2019,11,3,0.1254603930221143,1.560270997833807,1
113,2019,12,2,0.6519096746808343,1.1908519498017796,1
113,2020,1,2,1.4330686316803645,1.7080843143387754,1
113,2020,2,1,2.496943298412048,2.496943298412048,1
113,2020,3,3,0.2596870837249567,1.7260115396105034,1
113,2020,4,3,0.1815478690926996,0.9901854852284275,1
113,2020,5,2,0.1643013575932638,0.1643013575932638,1
113,2020,6,2,0.6522809648129867,1.162417230877407,1
113,2020,7,1,2.357749722896148,2.357749722896148,1
113,2020,8,2,1.104428980696279,1.3109067175106834,1
113,2020,9,4,0.5470978098704743,1.4300592107290266,1
113,2020,10,4,0.3568106801036458,1.021818373848383,1
113,2020,11,2,0.1643013575932638,0.9688423821570589,1
113,2020,12,2,2.368414556929856,2.3697058813422966,1
113,2021,1,1,1.337298288587916,1.337298288587916,1
113,2021,2,1,2.0820555641687277,2.0820555641687277,1
113,2021,3,1,1.378922315394843,1.378922315394843,1
113,2021,4,1,2.4251671325949835,2.4251671325949835,1
113,2021,5,4,0.1222590043715367,1.7062818436892453,1
113,2021,6,1,1.3065326977068394,1.3065326977068394,1
113,2021,7,1,1.5469911944994046,1.5469911944994046,1
113,2021,8,4,0.987848789576103,1.8165343746232963,1
113,2021,9,3,1.0468687016176583,1.586594483303987,1
113,2021,10,5,0.5811936566547052,1.5449050211788233,1
113,2021,11,2,1.789636960014518,2.0097151487349683,1
113,2021,12,2,2.1271520881659027,2.27466071398036,1
113,2022,1,2,1.8212787280338096,2.1541261234072744,1
113,2022,2,3,0.6903371923475474,1.5261588112503437,1
113,2022,3,3,0.3276043662734038,1.4430641571087275,1
113,2022,4,2,2.3772171112060043,2.4320953194624306,1
113,2022,5,2,0.6571670021062427,1.5171920566561234,1
113,2022,6,5,0.4408151867234945,1.793587932394375,1
113,2022,7,3,1.514615871385299,1.879180245064777,1
113,2022,8,2,0.5885870080206995,1.1020295881320477,1
113,2022,9,4,0.6011559784246524,1.2388157481468434,1
113,2022,10,2,1.704794755652437,1.8488060908714155,1
113,2022,11,5,1.2521137655798618,2.0583464625844115,1
113,2022,12,1,0.7843739759518145,0.7843739759518145,1
113,2023,1,2,1.9113965038100225,1.9661119079610971,1
113,2023,2,7,0.1570287404519459,1.6546740855630735,1
113,2023,3,9,0.5318099914119551,2.0125944088928764,1
113,2023,4,1,0.1730899968369529,0.1730899968369529,1
113,2023,5,4,1.5633160366925318,1.9155145320867475,1
113,2023,6,8,0.6023333707510268,1.9173706648724644,1
113,2023,7,3,1.697196167553103,2.0013457539585917,1
113,2023,8,2,0.6902407806476695,1.3015019643842827,1
113,2023,9,4,0.2299895516475664,1.400726006158966,1
113,2023,10,2,0.1947754685518228,0.6127434564103773,1
113,2023,11,4,1.981100828373572,2.215306633611704,1
113,2023,12,1,0.2647013265682597,0.2647013265682597,1
113,2024,2,3,1.7719348668399315,1.9137119214321572,1
113,2024,3,4,2.1424537746366776,2.2118499133888223,1
113,2024,4,3,1.346361907866938,1.7261429077572952,1
113,2024,5,3,1.262071979193181,2.0243281285240338,1
113,2024,6,3,0.6023333707510268,1.5511497298103007,1
113,2024,7,2,2.2335964539702946,2.3282284500589596,1
113,2024,8,3,0.8966484366096201,1.8639374839865723,1
113,2024,9,2,1.5867647381476937,1.926319662533941,1
113,2024,10,6,0.9960692021347626,1.9494294196716133,1
113,2024,11,5,0.6023333707510268,1.5806317222867008,1
113,2024,12,5,0.8133723138690333,1.2873261240602623,1
114,2017,1,3,0.8958458133601457,1.4158645650947825,1
114,2017,2,1,0.2945002977573129,0.2945002977573129,1
114,2017,3,3,0.7558432289236151,1.3291497950569273,1
114,2017,4,4,1.9226896069582684,2.2510243921068533,1
114,2017,5,4,0.2391832022553173,1.5874895530110453,1
114,2017,6,1,2.203472114339203,2.203472114339203,1
114,2017,7,4,0.1687552539956328,0.9106472918472555,1
114,2017,8,3,1.2604562997910564,2.0524477596455815,1
114,2017,9,5,0.6895910413387935,1.6556936335811987,1
114,2017,10,6,0.2446241877269072,1.6444542950134444,1
114,2017,11,3,1.0319573828382604,1.8541477290236168,1
114,2017,12,2,0.8065066625115017,1.2617444676609293,1
114,2018,1,5,1.238737576130896,1.6876702621729287,1
114,2018,2,2,1.761820441736804,1.7935201026961596,1
114,2018,3,7,0.6156645760391953,1.6247385173401863,1
114,2018,4,2,1.5917017032681455,1.9845788445321801,1
114,2018,5,6,0.9640532727857748,1.7380400229768809,1
114,2018,6,2,1.576340844419751,1.9092615338541137,1
114,2018,7,4,0.9686920040499696,1.5356815360489338,1
114,2018,8,1,2.014445820098818,2.014445820098818,1
114,2018,9,3,0.931373628645392,1.5281302331189155,1
114,2018,10,3,0.931373628645392,1.8116142904698875,1
114,2018,11,3,0.931373628645392,1.8662093899780998,1
114,2018,12,4,0.0264249175574245,1.694892793075255,1
114,2019,1,4,0.1505912206737387,0.9531449903093254,1
114,2019,2,1,0.749605515104649,0.749605515104649,1
114,2019,3,6,0.3479833527860964,1.4844851400863588,1
114,2019,4,1,0.4450346904049291,0.4450346904049291,1
114,2019,5,3,0.6308874115991003,1.3337855291453262,1
114,2019,6,1,0.8460537917312306,0.8460537917312306,1
114,2019,7,3,0.0610421656616643,1.22433497108959,1
114,2019,8,4,0.3479833527860964,1.828105436437927,1
114,2019,9,4,0.931373628645392,1.9493810037710706,1
114,2019,10,2,0.757835771774501,1.5698126735220415,1
114,2019,11,3,0.1381617371804212,1.5529862143710502,1
114,2019,12,2,0.6420764313317973,1.190595841013407,1
114,2020,1,2,1.3926653719874829,1.6961783565933826,1
114,2020,3,2,0.2510971550618078,1.3591377884075404,1
114,2020,4,3,0.1391055274219887,0.9712260875374955,1
114,2020,5,2,0.1534163465491659,0.1534163465491659,1
114,2020,6,2,0.6092510997959079,1.1487386509599042,1
114,2020,7,1,2.3751489036935785,2.3751489036935785,1
114,2020,8,2,1.1203771505999014,1.3306070882794003,1
114,2020,9,4,0.5903697444168032,1.4594299438578204,1
114,2020,10,4,0.3479833527860964,1.0235159606685498,1
114,2020,11,2,0.1534163465491659,0.9687275240229667,1
114,2020,12,2,2.371357435094454,2.3757959366810937,1
114,2021,1,1,1.3118999669515623,1.3118999669515623,1
114,2021,2,1,2.03861509443999,2.03861509443999,1
114,2021,3,1,1.3362580486727924,1.3362580486727924,1
114,2021,4,1,2.456726689344949,2.456726689344949,1
114,2021,5,4,0.134945340431025,1.724145972471745,1
114,2021,6,1,1.2702497320396755,1.2702497320396755,1
114,2021,7,1,1.5054642981038666,1.5054642981038666,1
114,2021,8,3,0.9490240022579874,1.5935303784362682,1
114,2021,9,2,1.0377292733619468,1.1308309282776632,1
114,2021,10,5,0.5962500038386801,1.5595572644622933,1
114,2021,11,2,1.79822763794394,2.022617587507667,1
114,2021,12,2,2.119449087652966,2.287602391826587,1
114,2022,1,1,1.8126937809748855,1.8126937809748855,1
114,2022,2,3,0.7051840947440594,1.5453938703544756,1
114,2022,3,3,0.3420174212732569,1.4606814611335477,1
114,2022,4,1,2.3880305577923133,2.3880305577923133,1
114,2022,5,2,0.6239780381260096,1.5060042979591615,1
114,2022,6,5,0.4107327361662757,1.798546942212741,1
114,2022,7,3,1.5035564541051294,1.8803858836736822,1
114,2022,8,2,0.6036341067588791,1.1205312810060923,1
114,2022,9,4,0.6161846725207097,1.2337794056147093,1
114,2022,10,2,1.7205465352156777,1.8700318386200754,1
114,2022,11,4,1.2893314859093297,1.979470443572068,1
114,2022,12,1,0.7768081485158965,0.7768081485158965,1
114,2023,1,2,1.8693314757315127,1.953403914592123,1
114,2023,2,7,0.1696898846494401,1.6532525141444236,1
114,2023,3,7,0.4890589663976011,1.879589878384405,1
114,2023,4,1,0.1841413335792149,0.1841413335792149,1
114,2023,5,4,1.5541654909089733,1.910029691855318,1
114,2023,6,7,0.6173551605887483,1.8521255210509497,1
114,2023,7,3,1.6958546695580534,2.0157207640357013,1
114,2023,8,2,0.7050648792157055,1.330437396839823,1
114,2023,9,4,0.2445069900248774,1.4015990847641935,1
114,2023,10,2,0.1784328230501938,0.6112423720069913,1
114,2023,11,4,1.9976749261533648,2.237967024981554,1
114,2023,12,1,0.2413019100034945,0.2413019100034945,1
114,2024,2,3,1.7825022569871765,1.9182633498739463,1
114,2024,3,4,2.1309444219382088,2.1870558825583206,1
114,2024,4,3,1.3675607280395492,1.7332018405769507,1
114,2024,5,3,1.2818030593442222,2.0378319454991054,1
114,2024,6,3,0.6173551605887483,1.5529184543478893,1
114,2024,7,2,2.250816586947757,2.3536292411334276,1
114,2024,8,3,0.8678779771444238,1.872545705515125,1
114,2024,9,2,1.5434873621786664,1.9132917723739484,1
114,2024,10,6,0.9576178051963388,1.9436537320321776,1
114,2024,11,5,0.6173551605887483,1.598487293640158,1
114,2024,12,5,0.8111857148313875,1.299530037893823,1
115,2017,1,1,0.8221221091627279,0.8221221091627279,1
115,2017,2,2,1.5714260546175909,1.811128065241046,1
115,2017,3,1,0.1580874016488811,0.1580874016488811,1
115,2017,5,2,1.8608268624093545,2.118354098363912,1
115,2017,6,2,1.955767294421386,2.1395067556696303,1
115,2017,7,4,1.5714260546175909,1.9348517227592594,1
115,2017,8,1,2.396904836784027,2.396904836784027,1
115,2017,9,1,2.373021599134508,2.373021599134508,1
115,2017,10,3,0.4094003290230014,1.1403922187508175,1
115,2017,11,4,0.5483192715081459,1.5421230367829433,1
115,2017,12,3,2.060033340643576,2.2361030594416786,1
115,2018,1,1,1.8667995821183687,1.8667995821183687,1
115,2018,2,1,1.5714260546175909,1.5714260546175909,1
115,2018,3,2,1.8750448182701227,2.169206504835598,1
115,2018,5,4,0.1580874016488811,1.1674588683897995,1
115,2018,6,2,0.1580874016488811,1.0325727210917146,1
115,2018,7,4,0.0473225638016297,1.6741183443593828,1
115,2018,8,5,0.1113398824242665,0.9195896039148913,1
115,2018,9,2,0.3099174566998808,1.0472668650746197,1
115,2018,11,4,0.5890453519622426,1.9221380289086005,1
115,2018,12,3,1.0652220028527273,1.567745513625187,1
115,2019,1,1,0.5483192715081459,0.5483192715081459,1
115,2019,2,2,1.1245982051438177,1.4772788903570095,1
115,2019,3,3,1.7371125846295388,1.948763956745923,1
115,2019,4,1,2.40539935051116,2.40539935051116,1
115,2019,5,3,0.8958374039438565,1.5714472144669795,1
115,2019,6,1,2.227707814693749,2.227707814693749,1
115,2019,7,2,0.2650161563872822,0.8789391046007141,1
115,2019,8,2,2.4045521708973268,2.4183100612039192,1
115,2019,9,2,1.7850706119897073,2.0406736405975807,1
115,2019,10,4,0.3175278321001121,1.2561036575606979,1
115,2019,11,3,1.6219832178652764,1.8407313148309121,1
115,2019,12,4,0.5569569632626967,1.0857503033731783,1
115,2020,1,1,2.31637777186357,2.31637777186357,1
115,2020,2,1,0.5483192715081459,0.5483192715081459,1
115,2020,3,1,2.250914363190944,2.250914363190944,1
115,2020,5,2,1.7491116870920256,2.0982259859623587,1
115,2020,7,1,2.143877770066347,2.143877770066347,1
115,2020,8,2,2.077236033850845,2.1640751985208944,1
115,2020,9,1,2.255586819180175,2.255586819180175,1
115,2020,10,3,0.4911540088763357,1.5356471331184578,1
115,2020,11,3,1.130584306967543,1.8265742185442766,1
115,2020,12,1,1.1819105585423435,1.1819105585423435,1
115,2021,1,1,1.482255917532753,1.482255917532753,1
115,2021,3,1,2.1945908477450984,2.1945908477450984,1
115,2021,4,1,2.2067143254836767,2.2067143254836767,1
115,2021,5,2,1.1134034525106868,1.737382566460537,1
115,2021,6,4,0.3677935125525836,1.712856473309233,1
115,2021,7,1,0.2153525635058769,0.2153525635058769,1
115,2021,8,2,1.8250449180486876,2.1428885633492416,1
115,2021,9,1,0.3107699412729071,0.3107699412729071,1
115,2021,10,5,0.6340247199672292,1.555360531512073,1
115,2021,11,1,1.884623022303344,1.884623022303344,1
115,2021,12,3,0.0453915734744512,0.8944594128752629,1
115,2022,1,3,1.6852261660826269,2.0777423535450588,1
115,2022,2,1,2.4589636581278858,2.4589636581278858,1
115,2022,3,2,2.2181304393610675,2.354360869821281,1
115,2022,4,2,0.481169656128033,1.3363729081363358,1
115,2022,5,6,0.6935137125879546,1.4183895325939366,1
115,2022,6,6,0.6101591717695681,1.4372589496518315,1
115,2022,7,5,0.580569793154566,1.7807589204920498,1
115,2022,8,4,0.2407388021927506,1.1605985078042353,1
115,2022,9,1,1.8984301583530128,1.8984301583530128,1
115,2022,10,5,0.1428280586925179,1.2432033243227893,1
115,2022,11,3,0.1428280586925179,0.673510285773527,1
115,2022,12,8,0.6261345569799368,1.5782020358620006,1
115,2023,1,4,0.3415651099519604,1.0774758960734574,1
115,2023,2,7,0.9170757547360848,1.709300119796806,1
115,2023,3,4,0.4811696881678378,1.0570264086783399,1
115,2023,4,1,2.4747492835153846,2.4747492835153846,1
115,2023,5,1,1.154843710174517,1.154843710174517,1
115,2023,6,2,0.1163665495926579,0.8760547802103954,1
115,2023,7,4,0.0269614289839742,1.3016789695933708,1
115,2023,8,5,0.0481715929811541,1.4395262990374136,1
115,2023,9,3,0.112747519997752,0.9125227426480768,1
115,2023,10,6,0.1407899146630019,0.9808473845452316,1
115,2023,11,2,0.4520933683592979,1.3986082131175854,1
115,2023,12,3,0.0481715929811541,0.837663382750799,1
115,2024,1,2,0.1011563522122079,1.0905202217289776,1
115,2024,2,1,0.4813093011983142,0.4813093011983142,1
115,2024,3,3,0.4962189264456327,1.225778744589572,1
115,2024,4,5,0.3370073233481868,1.0551108838186534,1
115,2024,5,1,0.3719172835724746,0.3719172835724746,1
115,2024,6,1,0.7547038627708746,0.7547038627708746,1
115,2024,7,2,0.2225726614952376,0.2225726614952376,1
115,2024,8,2,0.7173251220646145,1.175609952588015,1
115,2024,9,2,1.1049786021868484,1.4674292207394743,1
115,2024,10,4,0.1424368090203329,1.271391726346157,1
115,2024,11,1,2.1873531609350456,2.1873531609350456,1
115,2024,12,4,0.2417331167301883,1.317804039142221,1
116,2017,1,6,0.751088224448884,1.820960645366356,1
116,2017,2,5,0.7443189176916304,1.5361014770445707,1
116,2017,3,11,0.199251923635408,1.3059226561640083,1
116,2017,4,8,0.2687303479156053,1.2181510058082563,1
116,2017,5,9,0.3549618894492495,1.4340785191820273,1
116,2017,6,3,0.3615599521309045,1.2789357768318954,1
116,2017,7,4,0.6026428950493613,1.6696801584439154,1
116,2017,8,8,0.8456746140134409,1.8369054487596959,1
116,2017,9,6,0.6066669708161523,1.5121195231455877,1
116,2017,10,6,0.6867546202523567,1.4234809754220732,1
116,2017,11,5,1.952438166458948,2.140723280411555,1
116,2017,12,3,0.6075154015675008,1.4468452820147117,1
116,2018,1,4,0.2886180455370445,0.813183623915386,1
116,2018,2,1,1.8195330292067575,1.8195330292067575,1
116,2018,3,1,1.7572049567009018,1.7572049567009018,1
116,2018,4,8,0.6075154015675008,1.2310174409289565,1
116,2018,5,7,0.8146510038348183,1.669965441091329,1
116,2018,6,4,0.8598163714829953,1.6575401185573952,1
116,2018,7,3,2.023803315033345,2.130103013061215,1
116,2018,8,5,0.7488100385460322,1.5461979421379983,1
116,2018,9,5,0.3725377580946284,1.265844854922311,1
116,2018,10,8,1.0151677932835792,1.7571411365997014,1
116,2018,11,3,1.112464439923702,1.4818836543577607,1
116,2018,12,2,0.834423673049173,1.3914626968668937,1
116,2019,1,8,0.6736598643131959,1.449932090350491,1
116,2019,2,7,0.4515915317259736,1.6169059711288853,1
116,2019,3,4,0.2550757160277464,1.1879543629840328,1
116,2019,5,4,0.3690919324727919,1.1683141419420526,1
116,2019,6,6,0.6116690938813926,1.297787498877691,1
116,2019,7,6,0.3410405583239336,1.3666990068784033,1
116,2019,8,6,0.4981758710908425,1.6344935056635705,1
116,2019,9,8,0.5479504580307817,1.9745157075035014,1
116,2019,10,8,0.1371640402348596,1.3118326367145396,1
116,2019,11,5,0.4452985016269504,1.1060953275583247,1
116,2019,12,6,0.7841897441076133,1.368438980982669,1
116,2020,1,2,0.388234547527576,1.0928445176699355,1
116,2020,2,4,0.4096634165249738,1.0118056522382595,1
116,2020,3,1,2.1566159292045826,2.1566159292045826,1
116,2020,4,2,0.3253485175615618,0.7083191473387767,1
116,2020,5,5,0.8679706569583527,1.488889015398325,1
116,2020,6,2,1.94572718965833,1.9550690412628473,1
116,2020,7,4,0.2663638127101942,1.2656202468340187,1
116,2020,8,3,1.7547417211217775,2.1733805357462495,1
116,2020,9,4,0.7163171455417569,1.4903120611749652,1
116,2020,10,7,0.3690919324727919,1.3323277449694009,1
116,2020,11,1,1.2447186859035593,1.2447186859035593,1
116,2020,12,5,0.299115007310395,0.9588651322203393,1
116,2021,1,3,0.2568643270455815,1.5128991497796929,1
116,2021,2,4,0.3324145229297168,1.5177365635342044,1
116,2021,3,1,2.106761229107997,2.106761229107997,1
116,2021,4,3,1.3221610423694623,1.6693849221955157,1
116,2021,5,4,0.4616903572189246,1.4033459204247434,1
116,2021,6,9,0.2542645779486777,1.3277396664985088,1
116,2021,8,3,1.7547417211217775,2.1603140401642595,1
116,2021,9,3,0.2737497345268898,1.331354754111384,1
116,2021,10,6,0.3007339802043264,1.26814933491041,1
116,2021,11,6,0.680049196247325,1.200321108212669,1
116,2021,12,2,0.2663638127101942,0.42939489299486056,1
116,2022,1,4,0.35162503282435,0.7976859102383098,1
116,2022,2,5,0.5860114185059472,1.1478144321725239,1
116,2022,3,4,0.6116690938813926,1.7827693905619428,1
116,2022,4,3,0.7754389908281093,1.3826853314452787,1
116,2022,5,4,0.3272070513634726,1.4326802323358052,1
116,2022,6,5,0.3201365294061101,1.215254730233791,1
116,2022,7,4,0.4981762299370749,1.3132937690789823,1
116,2022,8,4,0.7522633142766025,1.1869386135927056,1
116,2022,9,8,0.2686281759104033,1.5250936233166108,1
116,2022,10,5,0.2737497821220103,1.5417319108649061,1
116,2022,11,8,0.507414200433886,1.348944813026775,1
116,2022,12,5,0.611669036814665,1.5280710204005215,1
116,2023,1,5,0.501822454901902,1.4681432883309093,1
116,2023,2,2,1.2131132764639605,1.5677953346638698,1
116,2023,3,5,0.4145844753927254,1.6900454717665148,1
116,2023,4,1,2.115442679042894,2.115442679042894,1
116,2023,5,2,1.606892195069708,1.966353034018356,1
116,2023,6,4,0.2627840431736236,1.5483270944373384,1
116,2023,8,7,0.7951755994078157,1.6743065734314295,1
116,2023,9,6,0.9776560027028164,1.8313662334027294,1
116,2023,10,4,0.2627840431736236,1.685003396383399,1
116,2023,11,4,0.26008545134424,0.9911523677909726,1
116,2023,12,3,1.670312158918691,1.9684856563706736,1
116,2024,1,5,0.8496761987636536,1.469126171277256,1
116,2024,2,7,0.26008545134424,1.4622587472338835,1
116,2024,3,7,0.8386500295060053,1.4739406523059961,1
116,2024,4,1,2.156244959443149,2.156244959443149,1
116,2024,5,5,0.2627841282461085,1.1004066249674402,1
116,2024,6,5,1.4508295502455006,1.879024983840079,1
116,2024,7,3,0.6077747360944444,1.6250426094406698,1
116,2024,8,4,1.1086132042918508,1.8601838847133705,1
116,2024,9,5,0.6075434403449484,1.4869478168772279,1
116,2024,10,3,0.2628453236970718,1.2945424508798156,1
116,2024,11,3,0.4983204387552972,1.0296228077029002,1
116,2024,12,5,0.4403291256793152,1.7224194951246574,1
117,2017,1,6,0.751088224448884,1.820960645366356,1
117,2017,2,5,0.7443189176916304,1.5361014770445707,1
117,2017,3,11,0.199251923635408,1.3059226561640083,1
117,2017,4,8,0.2687303479156053,1.2181510058082563,1
117,2017,5,9,0.3549618894492495,1.4340785191820273,1
117,2017,6,3,0.3615599521309045,1.2789357768318954,1
117,2017,7,4,0.6026428950493613,1.6696801584439154,1
117,2017,8,8,0.8456746140134409,1.8369054487596959,1
117,2017,9,6,0.6066669708161523,1.5121195231455877,1
117,2017,10,6,0.6867546202523567,1.4234809754220732,1
117,2017,11,5,1.952438166458948,2.140723280411555,1
117,2017,12,3,0.6075154015675008,1.4468452820147117,1
117,2018,1,4,0.2886180455370445,0.813183623915386,1
117,2018,2,1,1.8195330292067575,1.8195330292067575,1
117,2018,3,1,1.7572049567009018,1.7572049567009018,1
117,2018,4,8,0.6075154015675008,1.2310174409289565,1
117,2018,5,7,0.8146510038348183,1.669965441091329,1
117,2018,6,4,0.8598163714829953,1.6575401185573952,1
117,2018,7,3,2.023803315033345,2.130103013061215,1
117,2018,8,5,0.7488100385460322,1.5461979421379983,1
117,2018,9,5,0.3725377580946284,1.265844854922311,1
117,2018,10,8,1.0151677932835792,1.7571411365997014,1
117,2018,11,3,1.112464439923702,1.4818836543577607,1
117,2018,12,2,0.834423673049173,1.3914626968668937,1
117,2019,1,8,0.6736598643131959,1.449932090350491,1
117,2019,2,7,0.4515915317259736,1.6169059711288853,1
117,2019,3,4,0.2550757160277464,1.1879543629840328,1
117,2019,5,4,0.3690919324727919,1.1683141419420526,1
117,2019,6,6,0.6116690938813926,1.297787498877691,1
117,2019,7,6,0.3410405583239336,1.3666990068784033,1
117,2019,8,6,0.4981758710908425,1.6344935056635705,1
117,2019,9,8,0.5479504580307817,1.9745157075035014,1
117,2019,10,8,0.1371640402348596,1.3118326367145396,1
117,2019,11,5,0.4452985016269504,1.1060953275583247,1
117,2019,12,6,0.7841897441076133,1.368438980982669,1
117,2020,1,2,0.388234547527576,1.0928445176699355,1
117,2020,2,4,0.4096634165249738,1.0118056522382595,1
117,2020,3,1,2.1566159292045826,2.1566159292045826,1
117,2020,4,2,0.3253485175615618,0.7083191473387767,1
117,2020,5,5,0.8679706569583527,1.488889015398325,1
117,2020,6,2,1.94572718965833,1.9550690412628473,1
117,2020,7,4,0.2663638127101942,1.2656202468340187,1
117,2020,8,3,1.7547417211217775,2.1733805357462495,1
117,2020,9,4,0.7163171455417569,1.4903120611749652,1
117,2020,10,7,0.3690919324727919,1.3323277449694009,1
117,2020,11,1,1.2447186859035593,1.2447186859035593,1
117,2020,12,5,0.299115007310395,0.9588651322203393,1
117,2021,1,3,0.2568643270455815,1.5128991497796929,1
117,2021,2,4,0.3324145229297168,1.5177365635342044,1
117,2021,3,1,2.106761229107997,2.106761229107997,1
117,2021,4,3,1.3221610423694623,1.6693849221955157,1
117,2021,5,4,0.4616903572189246,1.4033459204247434,1
117,2021,6,9,0.2542645779486777,1.3277396664985088,1
117,2021,8,3,1.7547417211217775,2.1603140401642595,1
117,2021,9,3,0.2737497345268898,1.331354754111384,1
117,2021,10,6,0.3007339802043264,1.26814933491041,1
117,2021,11,6,0.680049196247325,1.200321108212669,1
117,2021,12,2,0.2663638127101942,0.42939489299486056,1
117,2022,1,4,0.35162503282435,0.7976859102383098,1
117,2022,2,5,0.5860114185059472,1.1478144321725239,1
117,2022,3,4,0.6116690938813926,1.7827693905619428,1
117,2022,4,3,0.7754389908281093,1.3826853314452787,1
117,2022,5,4,0.3272070513634726,1.4326802323358052,1
117,2022,6,5,0.3201365294061101,1.215254730233791,1
117,2022,7,4,0.4981762299370749,1.3132937690789823,1
117,2022,8,4,0.7522633142766025,1.1869386135927056,1
117,2022,9,8,0.2686281759104033,1.5250936233166108,1
117,2022,10,5,0.2737497821220103,1.5417319108649061,1
117,2022,11,8,0.507414200433886,1.348944813026775,1
117,2022,12,5,0.611669036814665,1.5280710204005215,1
117,2023,1,5,0.501822454901902,1.4681432883309093,1
117,2023,2,2,1.2131132764639605,1.5677953346638698,1
117,2023,3,5,0.4145844753927254,1.6900454717665148,1
117,2023,4,1,2.115442679042894,2.115442679042894,1
117,2023,5,2,1.606892195069708,1.966353034018356,1
117,2023,6,4,0.2627840431736236,1.5483270944373384,1
117,2023,8,7,0.7951755994078157,1.6743065734314295,1
117,2023,9,6,0.9776560027028164,1.8313662334027294,1
117,2023,10,4,0.2627840431736236,1.685003396383399,1
117,2023,11,4,0.26008545134424,0.9911523677909726,1
117,2023,12,3,1.670312158918691,1.9684856563706736,1
117,2024,1,5,0.8496761987636536,1.469126171277256,1
117,2024,2,7,0.26008545134424,1.4622587472338835,1
117,2024,3,7,0.8386500295060053,1.4739406523059961,1
117,2024,4,1,2.156244959443149,2.156244959443149,1
117,2024,5,5,0.2627841282461085,1.1004066249674402,1
117,2024,6,5,1.4508295502455006,1.879024983840079,1
117,2024,7,3,0.6077747360944444,1.6250426094406698,1
117,2024,8,4,1.1086132042918508,1.8601838847133705,1
117,2024,9,5,0.6075434403449484,1.4869478168772279,1
117,2024,10,3,0.2628453236970718,1.2945424508798156,1
117,2024,11,3,0.4983204387552972,1.0296228077029002,1
117,2024,12,5,0.4403291256793152,1.7224194951246574,1
118,2017,1,13,0.7985253140743857,1.6991202993930776,1
118,2017,2,16,0.4909480413814281,1.7805320631558936,1
118,2017,3,10,0.6201204396289989,1.4292895891842763,1
118,2017,4,13,0.0414837891567705,1.4768337705216095,1
118,2017,5,19,0.190710370234462,1.6705799736422569,1
118,2017,6,14,1.130890781545694,1.8156365781057728,1
118,2017,7,11,0.0933865827058264,1.1474112676524333,1
118,2017,8,16,0.6294402041289343,1.6134432338761135,1
118,2017,9,10,0.3577711698471253,1.5990788746001,1
118,2017,10,22,0.0340902791913801,1.530338804474386,1
118,2017,11,19,0.596707632851429,1.3988848765529802,1
118,2017,12,14,0.0414837891567705,1.6521040627976489,1
118,2018,1,17,0.2256501226039291,1.1016838370753887,1
118,2018,2,16,0.0761567530281209,1.6301936274948625,1
118,2018,3,12,0.1947186640654413,1.721266853644461,1
118,2018,4,9,0.0403013206699957,1.534122175314884,1
118,2018,5,15,0.1562938284283936,1.4121381396833608,1
118,2018,6,15,0.6470591695442462,1.7718547753360687,1
118,2018,7,14,0.0322521482723648,1.5047132677077502,1
118,2018,8,11,0.6564185851545838,1.6736624639013729,1
118,2018,9,13,0.6201204396289989,1.721905752890172,1
118,2018,10,23,0.3992390843964919,1.771767158629173,1
118,2018,11,14,0.2475122001218746,1.6964752781738248,1
118,2018,12,12,0.2219235018510647,1.7262885857936425,1
118,2019,1,14,0.0833782616285943,1.6779250246471344,1
118,2019,2,8,0.4912596676000684,1.862831890530012,1
118,2019,3,15,0.0171736358898619,1.5256473259519345,1
118,2019,4,11,1.618143781034486,2.1389143919700655,1
118,2019,5,13,0.8257985030890629,1.8769489203276615,1
118,2019,6,19,0.3234520577958774,1.8867037274887934,1
118,2019,7,14,1.0598653032873715,1.816854873068636,1
118,2019,8,14,0.4334520814925898,1.486694134544079,1
118,2019,9,17,0.0769390160068772,1.6906623704256052,1
118,2019,10,14,0.1858640747287448,1.7138110989881332,1
118,2019,11,13,0.1539991643245498,1.6485491705622162,1
118,2019,12,14,0.9969426388405952,1.6960712255922845,1
118,2020,1,17,1.0796773495554226,1.835321554011099,1
118,2020,2,13,0.2015909928038042,1.6531004264327769,1
118,2020,3,7,0.4829876727603364,1.210926984706536,1
118,2020,4,5,0.7622937569919617,1.4687207754919076,1
118,2020,5,12,0.3203514090942558,1.8513052229612457,1
118,2020,6,16,1.1017707485223522,1.7909013023628817,1
118,2020,7,11,0.1058941530765122,1.5339301646300725,1
118,2020,8,11,0.6125788927778567,1.6909152486021446,1
118,2020,9,15,0.109128523655099,1.6130107823192517,1
118,2020,10,16,0.3510488478105451,1.5894946872487339,1
118,2020,11,7,0.5200660518171194,1.3113699272569137,1
118,2020,12,9,0.0906876245309017,1.6958538064098483,1
118,2021,1,12,0.109128523655099,1.4389365328716213,1
118,2021,2,8,0.4334522870121666,1.8661399623295485,1
118,2021,3,8,1.1428091338254778,1.7061137370321093,1
118,2021,4,13,0.2392351012615119,1.7515348642074693,1
118,2021,5,24,0.1932899738885499,1.5138758994240897,1
118,2021,6,22,0.1520789795497825,1.6079927063744464,1
118,2021,7,13,0.3853673324534286,1.3989417764760903,1
118,2021,8,13,1.1793679997023607,2.0283130099525533,1
118,2021,9,10,0.4334522870121666,1.5698370694187342,1
118,2021,10,26,0.0322521482723648,1.6614295764452018,1
118,2021,11,9,0.0423281082372778,1.0233722925248656,1
118,2021,12,11,0.2392351012615119,1.6732351999240829,1
118,2022,1,19,0.7987244112014589,1.9696217367840587,1
118,2022,2,10,0.1376400543063128,1.2544573170886442,1
118,2022,3,15,1.0811951822708503,1.8624996484552403,1
118,2022,4,15,0.0171738892035872,1.6635305463142702,1
118,2022,5,19,0.4917219421300058,1.6849781421949768,1
118,2022,6,17,0.6449145625962729,1.423605992478567,1
118,2022,7,9,1.3664436511831677,1.9682085121015263,1
118,2022,8,17,0.0397749223268766,1.9545801696743326,1
118,2022,9,17,0.62744735947338,1.7517567607220608,1
118,2022,10,23,0.0157317497282423,1.5342990464405606,1
118,2022,11,18,0.24142636280815,1.450473641405417,1
118,2022,12,15,0.2266760273283313,1.9171680388167835,1
118,2023,1,25,0.402743550455917,1.7155423518362891,1
118,2023,2,12,0.9040481285905624,1.6913971652955517,1
118,2023,3,17,0.3805730795111234,1.519035426370287,1
118,2023,4,23,0.0414833834181824,1.8427093220088493,1
118,2023,5,17,1.082636906715602,1.7681041387443854,1
118,2023,6,25,0.0403016824234884,1.637139401618773,1
118,2023,7,10,0.9299588591599902,1.9270946234488775,1
118,2023,8,19,0.0761571569675811,1.6947063705921104,1
118,2023,9,12,0.896279155186396,1.9033659926402617,1
118,2023,10,17,0.3895822189376792,1.7380590734226218,1
118,2023,11,17,0.0987399830124263,1.5889908487088376,1
118,2023,12,16,1.1597326248963264,2.0193911754217475,1
118,2024,1,10,0.0669453576888723,1.7143587151465514,1
118,2024,2,15,0.1137459477503543,1.497966403932796,1
118,2024,3,11,0.7626852639388833,2.0101948802292853,1
118,2024,4,12,0.0832372148308437,1.8084057026811948,1
118,2024,5,13,0.377281721507567,1.7729307891822226,1
118,2024,6,26,0.0403016824234884,1.5120144199731647,1
118,2024,7,14,0.3094625496566295,1.8493114318598942,1
118,2024,8,8,0.6467120069286644,1.7415480660303524,1
118,2024,9,15,1.0827537734086368,1.9112891971093522,1
118,2024,10,16,0.3049496454213877,1.5216263035253712,1
118,2024,11,16,0.2138007395477336,1.4305659915819142,1
118,2024,12,12,0.4912179326500553,1.6702974077302766,1
119,2017,1,13,0.7998866920397462,1.7048185538011749,1
119,2017,2,16,0.4903217885790173,1.7882737771759312,1
119,2017,3,10,0.6257709758406658,1.4367705214078874,1
119,2017,4,13,0.044448199481745,1.4847084963379926,1
119,2017,5,19,0.19014215753779,1.6767751144988312,1
119,2017,6,14,1.130201721681474,1.8189985215469757,1
119,2017,7,11,0.0739574221235596,1.1492237718272844,1
119,2017,8,16,0.6290061902052413,1.6230796954771407,1
119,2017,9,10,0.3675268939434858,1.6086279590980044,1
119,2017,10,22,0.0280153172565261,1.5355909991333867,1
119,2017,11,19,0.6057654626307091,1.4107544534845982,1
119,2017,12,14,0.044448199481745,1.6571738884580445,1
119,2018,1,17,0.2251722496025247,1.1103193119179036,1
119,2018,2,16,0.0845442053461961,1.6344912506823381,1
119,2018,3,12,0.1994750227168643,1.7239301534672837,1
119,2018,4,9,0.0439501080717504,1.5415280064724273,1
119,2018,5,15,0.1609648279906578,1.4170751639901,1
119,2018,6,15,0.6520937879748351,1.7765178883440405,1
119,2018,7,14,0.038161105465324,1.5098604862439866,1
119,2018,8,10,0.6429481136860594,1.6032866619895376,1
119,2018,9,13,0.6257709758406658,1.7287928161775339,1
119,2018,10,23,0.4203501513399403,1.7782132709268657,1
119,2018,11,14,0.252341381519599,1.7048716992838178,1
119,2018,12,12,0.2267218971176749,1.7346150395079167,1
119,2019,1,14,0.0832731987438843,1.685535802319192,1
119,2019,2,8,0.4906667497127722,1.873045691218013,1
119,2019,3,15,0.0318671754434903,1.5364852275184095,1
119,2019,4,11,1.6232620474418178,2.1462430659375573,1
119,2019,5,12,0.8254353866873706,1.8335324360921812,1
119,2019,6,19,0.3222335791389358,1.8953587292736391,1
119,2019,7,14,1.065312066760003,1.8221598270628319,1
119,2019,8,14,0.4384620765622428,1.4943426272035365,1
119,2019,9,17,0.0851892889708726,1.6952154312314396,1
119,2019,10,13,0.1833775627701958,1.657330044903018,1
119,2019,11,12,0.1607807658842487,1.5905849435838553,1
119,2019,12,14,1.0098033128227877,1.7035480357659065,1
119,2020,1,17,1.0916226534289903,1.8449191643554819,1
119,2020,2,13,0.1993339588258762,1.6615245499273372,1
119,2020,3,7,0.5055391457159777,1.2180450810607284,1
119,2020,4,5,0.7743248183364766,1.470961865141914,1
119,2020,5,11,0.3414498234721491,1.796957967871881,1
119,2020,6,16,1.0893661419811806,1.7979812694903874,1
119,2020,7,11,0.1133661232977535,1.5422055609196015,1
119,2020,8,11,0.618226239926698,1.7006982711968421,1
119,2020,9,15,0.0886862352417232,1.6151180750978704,1
119,2020,10,16,0.3739987356435118,1.5945815018812204,1
119,2020,11,7,0.5241503743133743,1.3169151899997409,1
119,2020,12,9,0.0729471104960089,1.706452893346979,1
119,2021,1,12,0.0886862352417232,1.4492782643164768,1
119,2021,2,8,0.4384623042678964,1.8773970636605295,1
119,2021,3,8,1.1440692027301456,1.7105655181408828,1
119,2021,4,13,0.2440325630489825,1.7555670999300383,1
119,2021,5,24,0.1710639110702288,1.5174549426986046,1
119,2021,6,22,0.1720777997738923,1.6156313908535322,1
119,2021,7,13,0.3812689844333224,1.4083002651402536,1
119,2021,8,13,1.1867627773843457,2.0313802468630606,1
119,2021,9,10,0.4384623042678964,1.574130177346111,1
119,2021,10,24,0.038161105465324,1.596804011334023,1
119,2021,11,9,0.0456547047746956,1.0280879624853911,1
119,2021,12,11,0.2440325630489825,1.6839132497298122,1
119,2022,1,19,0.8000880971861654,1.9782412557383882,1
119,2022,2,10,0.1582977853814924,1.2603286040914836,1
119,2022,3,15,1.0968302825306715,1.8745672476806976,1
119,2022,4,15,0.0318676434716487,1.674745434737353,1
119,2022,5,19,0.4918038765732659,1.690906681702835,1
119,2022,6,16,0.6499595244450778,1.3593135803525154,1
119,2022,7,9,1.3894668811669326,1.9772038134210723,1
119,2022,8,16,0.0426870750746349,1.926052219745627,1
119,2022,9,15,0.6377356220628217,1.6595997231751498,1
119,2022,10,23,0.0084385400337564,1.5402653924707226,1
119,2022,11,18,0.2476433617278195,1.4586017387584076,1
119,2022,12,14,0.2247315657265387,1.8880676978794586,1
119,2023,1,25,0.4027155213279872,1.7249599798829411,1
119,2023,2,12,0.916399739177686,1.7027758205666927,1
119,2023,3,16,0.3657673945192489,1.4663964601654906,1
119,2023,4,23,0.0444478346617978,1.849544920111228,1
119,2023,5,17,1.08792820538589,1.7747128175861524,1
119,2023,6,25,0.0439504636077517,1.641631675364806,1
119,2023,7,10,0.9128540318386668,1.9286745066315156,1
119,2023,8,19,0.0845445826126925,1.7007810248900441,1
119,2023,9,12,0.8961626215727317,1.9108333156074364,1
119,2023,10,17,0.3690635975511253,1.7436136914533522,1
119,2023,11,17,0.0947479585850662,1.5978712415553211,1
119,2023,12,16,1.1614724280890076,2.0272211072174944,1
119,2024,1,10,0.071159218936309,1.7211339774257013,1
119,2024,2,15,0.1131449222069575,1.5012966041010003,1
119,2024,3,10,0.7844164314839106,1.9700945415658644,1
119,2024,4,11,0.0831490462378522,1.7522632641211964,1
119,2024,5,13,0.3763136077143035,1.7771240654318463,1
119,2024,6,26,0.0439504636077517,1.515301904711759,1
119,2024,7,14,0.3287992999761938,1.8586213049447065,1
119,2024,8,8,0.6523541266972753,1.7433864762422369,1
119,2024,9,16,1.0880574044184184,1.9543655887291862,1
119,2024,10,16,0.3036441589862045,1.52756072385611,1
119,2024,11,16,0.2201488981265167,1.4350974333778643,1
119,2024,12,12,0.4913331630814672,1.674651392397242,1
120,2017,1,7,0.1331768216411606,1.4581477796966968,1
120,2017,2,5,0.0192557859552208,1.0681297050053415,1
120,2017,3,6,1.4169122083988697,1.8446543059067662,1
120,2017,4,2,1.5621666319872671,1.8544774059892761,1
120,2017,5,3,1.0405187002117011,1.4281597415505756,1
120,2017,6,5,1.6302767163667298,1.77225785048016,1
120,2017,7,4,0.8088103156979661,1.5492156244891606,1
120,2017,8,6,0.0639505430979222,1.3690772435024752,1
120,2017,9,3,1.1621946706993729,1.6174671853623381,1
120,2017,10,3,1.1522589378581904,1.463464187241316,1
120,2017,11,6,1.040846536280015,1.5689676621299977,1
120,2017,12,4,1.3161818806115075,1.7993718065093376,1
120,2018,1,4,0.9474103675637262,1.8235135718710207,1
120,2018,2,7,1.1441865606552248,1.5549087282398875,1
120,2018,3,7,0.3431099381884195,1.4692279139524327,1
120,2018,4,7,0.3868510584174253,1.726080394032039,1
120,2018,5,4,1.517123750348761,1.7656093306896818,1
120,2018,6,7,0.5225374751160233,1.7371845637184555,1
120,2018,7,7,0.0639505430979222,1.513413535252026,1
120,2018,8,4,1.835886096140864,2.1330191464794725,1
120,2018,9,2,0.0552556146891259,0.432032965193546,1
120,2018,10,4,1.214604775209925,1.5757023727687756,1
120,2018,11,3,1.319297773084502,1.8302281012788322,1
120,2018,12,2,0.5493034746397474,1.1439073642875304,1
120,2019,1,6,1.1078666695143808,1.8947253006312188,1
120,2019,2,5,0.0653792016505284,1.227400036454354,1
120,2019,3,3,1.7095830861629613,1.9727245673584426,1
120,2019,4,6,1.358401449424344,1.6962554418634024,1
120,2019,5,5,0.946409551559008,1.7567899031331984,1
120,2019,6,8,1.151707894521636,1.6187669700359812,1
120,2019,7,4,1.415823836979924,1.736230790110886,1
120,2019,8,7,0.0807310078684726,1.340305218248807,1
120,2019,9,3,1.319297773084502,1.378053757203644,1
120,2019,10,3,1.1675247275038618,1.4765059102016502,1
120,2019,11,2,1.2777909450146396,1.447910153979366,1
120,2019,12,4,1.2905406050625237,1.7222402096279403,1
120,2020,1,5,1.1875388675299914,1.8828203311155,1
120,2020,2,3,0.0653792016505284,1.2000791321355184,1
120,2020,3,3,1.421755694050739,1.4921628316179412,1
120,2020,4,3,0.9614295954606208,1.3253949908200184,1
120,2020,5,6,1.7983697881327914,1.9158269832982298,1
120,2020,6,4,1.319297773084502,1.5750194180271126,1
120,2020,7,2,1.3890637181432186,1.9062622793507304,1
120,2020,8,3,1.0964875903774491,1.4681409382203847,1
120,2020,9,4,0.3863439515194917,1.3988419907558027,1
120,2020,10,3,1.7841504677984354,2.0130074958642266,1
120,2020,11,2,1.5355868125275876,1.6332376011792393,1
120,2020,12,4,1.3579839591125011,1.720841960418748,1
120,2021,1,3,1.3629363839570705,1.4720937739541198,1
120,2021,2,8,0.0639505430979222,1.4903057941362756,1
120,2021,3,6,0.0653792016505284,1.562957059614474,1
120,2021,4,3,1.1843954620176094,1.4929690391434132,1
120,2021,5,5,0.7843817943870106,1.6255109814088147,1
120,2021,6,1,0.0807310078684726,0.0807310078684726,1
120,2021,7,4,1.3164683153558687,1.5982467239492442,1
120,2021,8,2,1.7135967342073155,2.031480825966528,1
120,2021,9,4,1.4663759130217662,1.8063805587788626,1
120,2021,10,9,1.195425752452688,1.639301639206223,1
120,2021,11,8,1.3415337618892762,1.8134270977547056,1
120,2021,12,6,0.0639505430979222,1.2120334266835402,1
120,2022,1,4,1.415824081674372,1.8153118924643752,1
120,2022,2,4,0.1965546883083259,1.4017760447950738,1
120,2022,3,6,0.4648661218153165,1.6054868107631968,1
120,2022,4,2,0.8082695416741907,1.3606701748255106,1
120,2022,5,9,0.3863437111907866,1.5107766887594487,1
120,2022,6,10,0.1333451445274101,1.3917974854521902,1
120,2022,7,6,1.271852651618746,1.5577629882106858,1
120,2022,8,8,0.0807303755703785,1.5878361231012308,1
120,2022,9,6,0.1407571177622021,1.4880541794493762,1
120,2022,10,4,1.212401964108909,1.654706013281906,1
120,2022,11,4,1.4770589119848334,1.6154048731868655,1
120,2022,12,1,1.3437602447791366,1.3437602447791366,1
120,2023,1,3,0.7317370887742122,1.3425040472609322,1
120,2023,2,1,2.375524406571147,2.375524406571147,1
120,2023,3,2,1.2284718116076845,1.5138913514904735,1
120,2023,4,4,1.161547823482045,1.9464104115535723,1
120,2023,5,2,1.5977708334423515,1.6962101119563815,1
120,2023,6,2,0.8753411582805243,1.0195848836936625,1
120,2023,7,6,1.2943016729613874,1.8080956981672032,1
120,2023,8,3,1.1884691850646694,1.8071429217379453,1
120,2023,9,6,1.290459894752847,1.7401268107046466,1
120,2023,10,12,0.7026131149714163,1.6200543882591605,1
120,2023,11,6,1.0280643920072168,1.5806316041249386,1
120,2023,12,7,0.0796888176750152,1.1935789372362635,1
120,2024,1,8,0.0186546575602739,1.4636739206187293,1
120,2024,2,1,1.0023843188880348,1.0023843188880348,1
120,2024,3,11,0.5325297559127582,1.4751874251782446,1
120,2024,4,5,1.4642702314013822,1.6830172240160954,1
120,2024,5,7,0.0639501556460159,1.3699600303995483,1
120,2024,6,4,1.3572306333743698,1.7186519835856697,1
120,2024,7,2,0.8383764446985947,1.6515380995760829,1
120,2024,8,7,0.7602594754821549,1.4599013261325229,1
120,2024,9,4,0.0993503329867308,0.8803346007851585,1
120,2024,10,6,1.0464910385045123,1.6203777741844856,1
120,2024,11,3,1.2775661819458333,1.679342406468005,1
120,2024,12,3,0.4549773318868732,1.180388687987836,1
121,2017,1,7,0.1919735435904765,1.5282449005325691,1
121,2017,2,5,0.070635263548222,1.1085743679199795,1
121,2017,3,6,1.3486578763739,1.8637311392953586,1
121,2017,4,2,1.6238967176377734,1.8758865966782374,1
121,2017,5,3,1.0972911398163057,1.435638878644992,1
121,2017,6,5,1.7002188244921024,1.8431674603545738,1
121,2017,7,4,0.7949701095510289,1.5968745375167404,1
121,2017,8,6,0.0233853863864251,1.4112923231240835,1
121,2017,9,3,1.2362372267657191,1.6871763649473948,1
121,2017,10,3,1.2228424229928423,1.5359945904671415,1
121,2017,11,6,1.0893502922351272,1.6097254486662387,1
121,2017,12,4,1.374729055987399,1.8662623471711508,1
121,2018,1,4,0.952016365965906,1.8703001201762413,1
121,2018,2,7,1.1778942223251432,1.5779547978389465,1
121,2018,3,7,0.4114083730611919,1.5405081835695582,1
121,2018,4,7,0.3240849126430894,1.7773844923435294,1
121,2018,5,4,1.5890289264923083,1.837840014353978,1
121,2018,6,7,0.5060344737296568,1.7884049621644447,1
121,2018,7,7,0.0233853863864251,1.5475455336030564,1
121,2018,8,3,1.8620897974928223,2.0489528596056323,1
121,2018,9,2,0.1128890222782275,0.4539295659146282,1
121,2018,10,4,1.2889182184518069,1.5840148699426215,1
121,2018,11,3,1.3517046285333283,1.88045523503848,1
121,2018,12,2,0.6143460903674961,1.18320848446804,1
121,2019,1,4,1.168409434571972,1.6698462016243727,1
121,2019,2,5,0.021704359638009,1.2702544696411242,1
121,2019,3,3,1.7754155462162655,2.0430522835414524,1
121,2019,4,6,1.4300369361003589,1.7675000345229954,1
121,2019,5,5,0.9509537679853176,1.8096842260373784,1
121,2019,6,8,1.189482883202162,1.6838608033347309,1
121,2019,7,4,1.490085889411907,1.806365498153607,1
121,2019,8,7,0.1491322374946934,1.4056948561743499,1
121,2019,9,3,1.3517046285333283,1.4383535706224284,1
121,2019,10,3,1.2408015860604706,1.5485681498918487,1
121,2019,11,2,1.3518777324651068,1.5196722347441693,1
121,2019,12,3,1.3603002678633664,1.5490783431053015,1
121,2020,1,5,1.254136866679476,1.9491606709374971,1
121,2020,2,3,0.021704359638009,1.2316353197899703,1
121,2020,3,3,1.4960242550881675,1.565972818947296,1
121,2020,4,3,1.0323830633523992,1.397525598791913,1
121,2020,5,6,1.724094586010411,1.9157752763601679,1
121,2020,6,4,1.3517046285333283,1.6374684674943718,1
121,2020,7,2,1.4632803375430727,1.9699354091917152,1
121,2020,8,3,1.1677440955222071,1.5389308456542548,1
121,2020,9,4,0.3236683181248588,1.4376954091737026,1
121,2020,10,3,1.8584515202471907,2.0865413721717156,1
121,2020,11,2,1.6091390074430023,1.7061404365889747,1
121,2020,12,4,1.430724181991222,1.7943233596113761,1
121,2021,1,3,1.4371196600743836,1.5459879289355312,1
121,2021,2,7,0.0233853863864251,1.3955975506372102,1
121,2021,3,6,0.021704359638009,1.606061961444911,1
121,2021,4,3,1.254136866679476,1.5638898432185544,1
121,2021,5,5,0.8523338671294762,1.6701179249884355,1
121,2021,6,1,0.1491322374946934,0.1491322374946934,1
121,2021,7,4,1.2779737532834827,1.6352747616236019,1
121,2021,8,2,1.7841647821702575,2.101861743986058,1
121,2021,9,4,1.5406692195173866,1.8725817152798374,1
121,2021,10,9,1.155793948238757,1.695783627101566,1
121,2021,11,8,1.415443572834156,1.8743319137262944,1
121,2021,12,6,0.0233853863864251,1.2398981763639327,1
121,2022,1,4,1.49008613489963,1.8873333409538597,1
121,2022,2,3,0.2571622951643477,1.0756594280043872,1
121,2022,3,5,0.5327146743568302,1.5044718473619185,1
121,2022,4,2,0.7943859432142478,1.3857719770153099,1
121,2022,5,9,0.3236681793488477,1.552344990088753,1
121,2022,6,10,0.1917051392880917,1.4421406208439476,1
121,2022,7,6,1.3319809236322535,1.6037769047813264,1
121,2022,8,6,0.1491317059622196,1.358756478808565,1
121,2022,9,6,0.0973419969078631,1.5156034554755518,1
121,2022,10,4,1.268754876087833,1.724061348061013,1
121,2022,11,4,1.5513003114914274,1.6713245325761683,1
121,2022,12,1,1.3764165913895434,1.3764165913895434,1
121,2023,1,3,0.6834439406205535,1.3513190096033842,1
121,2023,2,1,2.4422791971518807,2.4422791971518807,1
121,2023,3,2,1.29692424255505,1.584014020334961,1
121,2023,4,4,1.1215929185744904,1.9524053403758819,1
121,2023,5,2,1.6190661271579467,1.7426224789517737,1
121,2023,6,2,0.9393256640522308,1.0886364381224718,1
121,2023,7,6,1.2416084156243368,1.8354314990151674,1
121,2023,8,3,1.2615447692250097,1.8592851999242066,1
121,2023,9,5,1.3602151018534268,1.6581866076145881,1
121,2023,10,11,0.7699753120476237,1.5779750973430906,1
121,2023,11,5,1.097007897614215,1.4600951011655496,1
121,2023,12,7,0.1422432632235961,1.2256732754115538,1
121,2024,1,7,0.0681992942038435,1.367347611497133,1
121,2024,2,1,0.9496428515605668,0.9496428515605668,1
121,2024,3,10,0.600142429348129,1.4247720958419217,1
121,2024,4,5,1.5385688318487154,1.7217533953192299,1
121,2024,5,7,0.023385504961761,1.3941577700426626,1
121,2024,6,4,1.428856351388473,1.7912243158954324,1
121,2024,7,1,0.8870457993846368,0.8870457993846368,1
121,2024,8,6,0.7645968726373256,1.3192736882946052,1
121,2024,9,4,0.1584694047332608,0.948496690606334,1
121,2024,10,6,1.1162004720023004,1.665523792884077,1
121,2024,11,3,1.3516554214409868,1.7511691577211141,1
121,2024,12,3,0.5005759378344201,1.237903386574602,1
122,2017,1,7,0.1031318556803977,0.8150508119278463,1
122,2017,2,8,0.1171008548618084,1.2099942534959394,1
122,2017,3,9,0.5285823157046529,1.7547062162150637,1
122,2017,4,8,0.6503551196943734,1.2883451505588257,1
122,2017,5,15,0.6503551196943734,1.2184395435844537,1
122,2017,6,10,0.6392985380269955,1.3499565980566757,1
122,2017,7,8,0.0618205879178491,1.102430079225052,1
122,2017,8,5,0.4600794611025146,1.111692128604333,1
122,2017,9,11,0.4534434414250972,1.4294839748922372,1
122,2017,10,10,0.0618205879178491,1.0249558179278018,1
122,2017,11,5,1.1413657542606228,1.625080194814852,1
122,2017,12,5,0.4045065732924154,1.203414711641393,1
122,2018,1,13,0.4777735604305975,1.5383792943922454,1
122,2018,2,2,1.7793821899095483,1.7865147578775677,1
122,2018,3,8,0.4315058389879121,0.9670085334327851,1
122,2018,4,3,0.7825979762327512,1.1813619683351424,1
122,2018,5,9,0.5973492568408397,1.2765543679633866,1
122,2018,6,7,0.4648309315839816,1.4287517260205038,1
122,2018,7,6,0.1031318556803977,1.008400290595185,1
122,2018,8,7,0.5404741348584123,1.3608435753910484,1
122,2018,9,12,0.4605831013541608,0.9569511348980484,1
122,2018,10,9,0.1948605049766875,1.0401641952126321,1
122,2018,11,11,0.0618205879178491,1.3887440791232992,1
122,2018,12,4,0.1031318556803977,0.9767927874144084,1
122,2019,1,12,0.4648309315839816,1.371365916427818,1
122,2019,2,11,0.454720583567224,1.2033121439973011,1
122,2019,3,9,0.8713844403992274,1.6509049425129592,1
122,2019,4,12,0.351584076542741,1.3086911046509275,1
122,2019,5,9,0.7474067797597599,1.5460114625062074,1
122,2019,6,10,0.5147671592286311,1.315622261520564,1
122,2019,7,6,0.0638288054532069,1.0556109851433193,1
122,2019,8,12,0.5736919227697924,1.5010210974380112,1
122,2019,9,6,0.9741942038768344,1.2932339261338635,1
122,2019,10,9,0.4694416339400487,1.2176349378042848,1
122,2019,11,9,0.6955233863418621,1.2077777125548312,1
122,2019,12,4,0.454720583567224,0.622217426636165,1
122,2020,1,14,0.5411293020958025,1.3968337622571259,1
122,2020,2,4,0.5576823612870788,0.7923084420257644,1
122,2020,3,4,0.5059008573632625,1.2295020923574334,1
122,2020,4,4,0.6424064285288023,1.3525545885089656,1
122,2020,5,8,0.6427051064057865,1.7468500342418727,1
122,2020,6,3,0.6955233863418621,0.8384079412908974,1
122,2020,7,6,0.6955233863418621,1.2956317361697636,1
122,2020,8,6,0.6424064285288023,1.2217545725583434,1
122,2020,9,9,0.4648309315839816,1.288816339320621,1
122,2020,10,8,0.9782412385661122,1.661324923303984,1
122,2020,11,6,0.767825898478106,1.444406113724441,1
122,2020,12,5,0.9514563720774178,1.5412178872155482,1
122,2021,1,4,0.5024649799407357,0.9223753391312621,1
122,2021,2,3,0.6955233863418621,1.158327255003483,1
122,2021,3,8,0.6506216978069607,1.529462498045149,1
122,2021,4,5,0.5747498170989235,1.2784084180756072,1
122,2021,5,12,0.1177098186471313,1.071037580232338,1
122,2021,6,4,0.5704748708724102,1.716307587506759,1
122,2021,7,6,0.4600794611025146,1.1733312279042651,1
122,2021,8,8,0.2584490257287637,1.2162084869015162,1
122,2021,9,15,0.4605831013541608,1.1718848522761758,1
122,2021,10,15,0.1827196654733343,1.297754517364235,1
122,2021,11,2,0.942117444502257,1.4655168927021878,1
122,2021,12,13,0.1827196654733343,1.2128516623276815,1
122,2022,1,8,0.4694414068227939,1.236721852877012,1
122,2022,2,8,0.1990902335775266,0.7166109451591092,1
122,2022,3,4,0.1177098186471313,0.9107744342979202,1
122,2022,4,10,0.5324792591584475,1.234257826871497,1
122,2022,5,19,0.1017577217073283,1.4690172791464726,1
122,2022,6,6,0.5885097354036847,1.1211538163962291,1
122,2022,7,8,0.1827189166192968,1.2370513574388347,1
122,2022,8,10,0.3769588371158196,1.2677609633687572,1
122,2022,9,14,0.1979374775899857,1.4497368809612057,1
122,2022,10,13,0.738850685495736,1.5080742345815104,1
122,2022,11,4,0.1979374775899857,0.9364669932941205,1
122,2022,12,6,0.6883496203675245,1.1421733618662084,1
122,2023,1,5,0.8911994316953129,1.126992881984433,1
122,2023,2,11,0.514307620228245,1.3099748827932884,1
122,2023,3,9,0.4960803853799917,1.201565395412132,1
122,2023,4,6,0.1702166598251911,0.9466665365950268,1
122,2023,5,7,0.6562276475846354,1.3914572125517082,1
122,2023,6,8,0.1031320250700631,1.0817166928797435,1
122,2023,7,7,0.6424060475110398,1.554653390182906,1
122,2023,8,4,1.539998426442669,1.8596276919309944,1
122,2023,9,8,0.1031320250700631,1.384440781135941,1
122,2023,10,18,0.2627043096903182,1.2112676682860224,1
122,2023,11,9,0.5124949365417995,1.2716926392465462,1
122,2023,12,8,0.1813536598946516,0.8975770549778408,1
122,2024,1,6,0.1031320250700631,0.6852480177327266,1
122,2024,2,5,0.4723301234902994,1.1683463348534386,1
122,2024,3,6,0.6840423915921431,1.4598655183494949,1
122,2024,4,12,0.1031320250700631,1.1425219571524778,1
122,2024,5,10,0.0621194760135903,1.5707530313966316,1
122,2024,6,14,0.6755274238095211,1.464450729922745,1
122,2024,7,15,0.6953928845324053,1.2036163249564031,1
122,2024,8,6,0.6509692155497843,1.239507229785817,1
122,2024,9,8,0.7844594656555381,1.5481514413419564,1
122,2024,10,4,0.0657705088576221,1.2807615605404552,1
122,2024,11,8,0.0409356565609732,1.110341393492211,1
122,2024,12,10,0.1702167080840529,1.013954443340436,1
123,2017,1,2,0.4605086665123001,0.8922437033229871,1
123,2017,2,5,1.404747438888231,1.947728974290086,1
123,2017,3,2,1.003453297237208,1.2051663426271466,1
123,2017,4,6,1.2612949740671544,1.6633246668431834,1
123,2017,5,10,0.7011527793411401,1.891008049652115,1
123,2017,6,6,0.0435455585855363,1.8675789133585827,1
123,2017,7,2,2.3961036544352683,2.4178028735414516,1
123,2017,8,13,0.1125390715579824,1.5335177475903885,1
123,2017,9,6,1.2763670680509658,1.9969993859819828,1
123,2017,10,6,0.676279223864025,1.9827654017731513,1
123,2017,11,4,1.5101076123629689,1.9257458974089994,1
123,2017,12,2,1.3726611706122709,1.487318845285137,1
123,2018,1,7,1.484213874487432,1.7966316984029773,1
123,2018,2,4,1.1144298043060146,1.7385959134657465,1
123,2018,3,2,1.77785737077973,1.828409485591394,1
123,2018,4,6,0.7344655798198257,1.874939252894124,1
123,2018,5,5,1.1144298043060146,1.719787937982123,1
123,2018,6,8,1.1144298043060146,1.8579844660424254,1
123,2018,7,5,1.7472268548677696,1.9822995082596222,1
123,2018,8,8,1.1014184987226583,1.7253353773255424,1
123,2018,9,5,1.3924751872560968,1.8482062957087133,1
123,2018,10,12,0.7344655798198257,1.5941139084553708,1
123,2018,11,6,0.8010683265095353,1.800468621470379,1
123,2018,12,8,0.3170801654392879,1.7409185995969285,1
123,2019,1,6,0.3913189915067167,1.7667018600230389,1
123,2019,2,4,1.4460991184341871,1.8232602760760495,1
123,2019,3,4,0.7550602030174892,1.8703816339964883,1
123,2019,4,4,2.017671955374508,2.226073594494335,1
123,2019,5,1,0.317953650448566,0.317953650448566,1
123,2019,6,6,0.7958003263477389,1.7448036268114109,1
123,2019,7,10,1.414687256074415,2.0824040163736948,1
123,2019,8,3,0.317953650448566,0.9891761179216302,1
123,2019,9,2,1.7595483278774229,1.8641829780404278,1
123,2019,10,3,1.509320493430571,1.9124198959351437,1
123,2019,11,8,0.317981969861458,1.7754756815160786,1
123,2019,12,1,1.9161146370017608,1.9161146370017608,1
123,2020,1,5,0.6186490622460098,1.5468374212263738,1
123,2020,2,3,1.8222877472214825,2.022967776713845,1
123,2020,3,3,1.4229237890303728,1.729122093505686,1
123,2020,4,1,2.177097108812859,2.177097108812859,1
123,2020,5,2,2.3653266118133187,2.395211188378136,1
123,2020,6,5,0.6341858923389658,1.6594534261950908,1
123,2020,7,6,1.0840622626061196,1.6794562968512807,1
123,2020,8,1,2.2380514308619133,2.2380514308619133,1
123,2020,9,4,0.317953650448566,1.4096371710745346,1
123,2020,10,1,1.8327318190000452,1.8327318190000452,1
123,2020,11,2,1.319045691366137,1.7105278356603657,1
123,2020,12,3,0.8696211931551515,1.4136714844892901,1
123,2021,3,5,0.7676075870169348,1.8578285329588886,1
123,2021,4,1,0.317953650448566,0.317953650448566,1
123,2021,5,4,0.8757402370048476,1.865499911310323,1
123,2021,6,1,1.9714900405178537,1.9714900405178537,1
123,2021,7,5,0.8757402370048476,1.6908403392966882,1
123,2021,8,4,0.7731791792876865,1.8403478164321898,1
123,2021,9,2,1.777605972594722,2.0078287017283176,1
123,2021,10,4,1.1940207566817584,1.6176231444349383,1
123,2021,11,4,1.6968865237590791,2.1453730260645076,1
123,2021,12,1,0.7998626565567186,0.7998626565567186,1
123,2022,2,3,0.317953650448566,1.251713070634651,1
123,2022,3,4,0.7331783177145921,1.1588592264226742,1
123,2022,4,3,0.6983989172706662,1.0555696484157746,1
123,2022,5,5,0.3179534517928775,1.1716720018642963,1
123,2022,6,2,1.939743679006387,2.1559499837645526,1
123,2022,7,3,0.3024528066764392,1.0823123035360356,1
123,2022,8,4,0.6983989172706662,1.3613414518113387,1
123,2022,9,12,0.6983989172706662,1.4297693882708502,1
123,2022,10,10,0.1290621849986637,1.4910504627382262,1
123,2022,11,6,1.1306450589693733,1.8515615488497261,1
123,2022,12,2,1.932156002307632,2.2127806118202464,1
123,2023,1,3,0.317953451352482,0.8504843546199826,1
123,2023,2,6,1.0665431056303427,1.6708597066577564,1
123,2023,3,4,1.278740360898702,2.0453495800363983,1
123,2023,4,4,1.319323633442388,1.8860045743365257,1
123,2023,5,6,0.1202604305234539,1.1815365044028177,1
123,2023,6,8,1.0728489039664078,1.9307215045326749,1
123,2023,7,7,0.317080487988905,1.4083970517758775,1
123,2023,8,3,0.317080487988905,1.6812987188598552,1
123,2023,9,5,1.4679111385150947,1.881953655793269,1
123,2023,10,8,0.8111202047956927,1.7882201705886769,1
123,2023,11,3,1.1694341436501787,1.7888700615202522,1
123,2023,12,3,0.4632668113747492,1.673411177900458,1
123,2024,1,3,1.4157427318292426,1.973041774442869,1
123,2024,2,5,1.4271904830747335,1.997992216334439,1
123,2024,3,3,1.3496813367664902,1.6042953954044126,1
123,2024,4,4,0.0620419877656747,1.5222777592259122,1
123,2024,5,4,0.7179152282363824,1.323083925259434,1
123,2024,6,1,1.90811776402562,1.90811776402562,1
123,2024,7,1,2.3291746807592486,2.3291746807592486,1
123,2024,8,2,2.1919716544537025,2.2889437330687548,1
123,2024,9,5,0.0822894497979188,1.3725092810777757,1
123,2024,10,5,2.2363605636782764,2.353781653079045,1
123,2024,11,5,1.1312483020654895,1.506042162874372,1
123,2024,12,1,1.8155289028471209,1.8155289028471209,1
124,2017,1,2,0.4616623679915938,0.8871067210179553,1
124,2017,2,5,1.3933969297826947,1.9484596254132724,1
124,2017,3,2,1.004905967580245,1.2106196494052885,1
124,2017,4,6,1.2644763614013748,1.6684796725223403,1
124,2017,5,10,0.6976990269199947,1.8918307989646461,1
124,2017,6,6,0.0452731014529427,1.8720295230146988,1
124,2017,7,2,2.397862530246756,2.42177700103312,1
124,2017,8,13,0.1148204831696243,1.533150870598972,1
124,2017,9,6,1.2789164681859528,1.9973579289124006,1
124,2017,10,6,0.6719822522983498,1.9857450291694498,1
124,2017,11,4,1.5142875047099829,1.9311251630459336,1
124,2017,12,2,1.3629435375873562,1.4815376884189384,1
124,2018,1,7,1.4729155470268651,1.7991446689537665,1
124,2018,2,4,1.1167548680927395,1.7424051578147248,1
124,2018,3,2,1.7866025377281938,1.8352776148210894,1
124,2018,4,6,0.7229537240780789,1.8769936347539442,1
124,2018,5,5,1.1167548680927395,1.7240888242274672,1
124,2018,6,8,1.1167548680927395,1.862080075513434,1
124,2018,7,5,1.749196563687883,1.9826505019660623,1
124,2018,8,8,1.0897187458039927,1.7253665849620623,1
124,2018,9,5,1.3805512984457693,1.8470303241749602,1
124,2018,10,12,0.7229537240780789,1.592680307799469,1
124,2018,11,6,0.7999644394489215,1.8031330144518292,1
124,2018,12,8,0.3142381090803546,1.7435652785915805,1
124,2019,1,6,0.390529290413215,1.7705589161259765,1
124,2019,2,4,1.449208808321468,1.8275021235810416,1
124,2019,3,4,0.7558114024834733,1.8747934708373093,1
124,2019,4,4,2.02286213126656,2.2306044622032384,1
124,2019,5,1,0.3151021734379324,0.3151021734379324,1
124,2019,6,6,0.8031422106358104,1.7513317729035809,1
124,2019,7,10,1.4135880246369483,2.0835116928289743,1
124,2019,8,3,0.3151021734379324,0.9859138069488598,1
124,2019,9,2,1.7688695161037336,1.8656117520595603,1
124,2019,10,3,1.512181646616901,1.917727378985389,1
124,2019,11,8,0.3153089644313195,1.779192298194506,1
124,2019,12,1,1.9211107841954385,1.9211107841954385,1
124,2020,1,5,0.6111638298542978,1.546615921002972,1
124,2020,2,3,1.818030850212224,2.0253368575221153,1
124,2020,3,3,1.4258950313341716,1.7331509478972977,1
124,2020,4,1,2.1760772134530586,2.1760772134530586,1
124,2020,5,2,2.3696566650954263,2.4013753140562972,1
124,2020,6,5,0.6366804885507816,1.6624829742646159,1
124,2020,7,6,1.086461704842708,1.6831449923694228,1
124,2020,8,1,2.243689075687036,2.243689075687036,1
124,2020,9,4,0.3151021734379324,1.408652221500842,1
124,2020,10,1,1.8379759341977264,1.8379759341977264,1
124,2020,11,2,1.318379013974993,1.7111795581898868,1
124,2020,12,3,0.8577061986346468,1.4083751185950446,1
124,2021,3,5,0.7743957898688928,1.8649081466997253,1
124,2021,4,1,0.3151021734379324,0.3151021734379324,1
124,2021,5,4,0.8640754558591747,1.8610680363788248,1
124,2021,6,1,1.9605717207987108,1.9605717207987108,1
124,2021,7,5,0.8640754558591747,1.685838255570791,1
124,2021,8,5,0.7714701578263742,1.9714053916386731,1
124,2021,9,2,1.779125788444324,2.01140743206568,1
124,2021,10,4,1.1964117453759884,1.6194682602115247,1
124,2021,11,4,1.7002794924127265,2.1514984363901384,1
124,2021,12,1,0.802733725412822,0.802733725412822,1
124,2022,2,3,0.3151021734379324,1.2476518234065157,1
124,2022,3,4,0.7216706083709817,1.1479346574086642,1
124,2022,4,3,0.6949383708790399,1.0556171548190223,1
124,2022,5,5,0.315101941066843,1.1674913196062855,1
124,2022,6,2,1.9457982917354293,2.1539780652547718,1
124,2022,7,3,0.2935058326289937,1.0800598721982233,1
124,2022,8,4,0.6949383708790399,1.3560566163866827,1
124,2022,9,12,0.6949383708790399,1.4293243141073158,1
124,2022,10,9,0.1313926169227038,1.3789992513979508,1
124,2022,11,6,1.1325569311040609,1.8558991621341097,1
124,2022,12,2,1.9395725569857816,2.2194156778508765,1
124,2023,1,3,0.3151019420933156,0.8510843486939234,1
124,2023,2,6,1.0564251657454449,1.6702230088320007,1
124,2023,3,4,1.2711761539018935,2.03861064533797,1
124,2023,4,4,1.318655481803419,1.8868868406411807,1
124,2023,5,6,0.1225658952347528,1.182653588094294,1
124,2023,6,8,1.0611095034710345,1.9318714789737992,1
124,2023,7,7,0.3142384231509691,1.410302103184592,1
124,2023,8,3,0.3142384231509691,1.6840197148414457,1
124,2023,9,5,1.4595964773744503,1.8840184645334161,1
124,2023,10,8,0.8101891942468364,1.7877958920274872,1
124,2023,11,3,1.1578230078254472,1.7885647879181594,1
124,2023,12,3,0.4642287466084395,1.6761695794062585,1
124,2024,1,4,1.4146273787485677,2.1059419639197143,1
124,2024,2,5,1.4310845414042186,2.0038150523290748,1
124,2024,3,3,1.3517336601859258,1.6022692380547559,1
124,2024,4,4,0.0589454774834935,1.5238921388312283,1
124,2024,5,4,0.7151059460723155,1.3260106462193584,1
124,2024,6,1,1.9131424306582372,1.9131424306582372,1
124,2024,7,1,2.3350150437023225,2.3350150437023225,1
124,2024,8,2,2.196092246377498,2.29244335739997,1
124,2024,9,5,0.0793036606757805,1.369501038842235,1
124,2024,10,5,2.2419970247522167,2.3580639917693125,1
124,2024,11,5,1.1331273935978334,1.5030556451683919,1
124,2024,12,1,1.8045698564608277,1.8045698564608277,1
125,2017,1,7,0.1137126423400225,0.8040920320904306,1
125,2017,2,8,0.0691603955776422,1.1733794371874122,1
125,2017,3,9,0.526957489597631,1.7473381362741982,1
125,2017,4,8,0.6133180548672821,1.2586090451453746,1
125,2017,5,15,0.6133180548672821,1.21580838492519,1
125,2017,6,10,0.6133180548672821,1.331484223346482,1
125,2017,7,8,0.0654239680197409,1.1124726576332387,1
125,2017,8,5,0.4495988902270194,1.1063241576419502,1
125,2017,9,11,0.4628704265714405,1.4146592819878927,1
125,2017,10,10,0.0654239680197409,1.0126212951746658,1
125,2017,11,5,1.1699350578207446,1.633072009357471,1
125,2017,12,5,0.4180962989351506,1.203227924884749,1
125,2018,1,12,0.4665745504997672,1.451331443730857,1
125,2018,2,2,1.751698336590024,1.792946774346826,1
125,2018,3,8,0.4481205677674836,0.9623396323541077,1
125,2018,4,4,0.7403603427603326,1.4885501018363314,1
125,2018,5,9,0.5931848646206795,1.2610602913017408,1
125,2018,6,7,0.435025135304995,1.4025899503486723,1
125,2018,7,6,0.1137126423400225,0.9979988865717772,1
125,2018,8,7,0.5674058979929087,1.3389790362842415,1
125,2018,9,12,0.4503732533588508,0.9471011097088806,1
125,2018,10,9,0.2080465291195504,1.034552611486189,1
125,2018,11,11,0.0654239680197409,1.3748355048018746,1
125,2018,12,4,0.1137126423400225,0.9520429972901209,1
125,2019,1,12,0.435025135304995,1.3540570584639502,1
125,2019,2,11,0.4495988902270194,1.1939623672694941,1
125,2019,3,9,0.8841677357079833,1.6369989152821232,1
125,2019,4,12,0.3646818782242012,1.3074672161172753,1
125,2019,5,9,0.7049691394490213,1.5343145834914391,1
125,2019,6,10,0.4880345576982001,1.3093883529726391,1
125,2019,7,6,0.0739017791340555,1.052748708411831,1
125,2019,8,12,0.5609370151970975,1.4819701486302967,1
125,2019,9,6,0.924941418526878,1.299210335536069,1
125,2019,10,9,0.4823682382688796,1.2060260410930925,1
125,2019,11,9,0.6533961422277966,1.1989604805052307,1
125,2019,12,4,0.4642419476074075,0.5938762269136217,1
125,2020,1,14,0.5472578602725067,1.3906354065869453,1
125,2020,2,4,0.5817992619887296,0.7764608399735495,1
125,2020,3,4,0.4787067643513291,1.206584052746394,1
125,2020,4,4,0.6059838894987786,1.3483768370075764,1
125,2020,5,8,0.6458980938754074,1.7598863628764863,1
125,2020,6,4,0.6533961422277966,1.246285954221999,1
125,2020,7,6,0.6533961422277966,1.2869763037967707,1
125,2020,8,6,0.6059838894987786,1.1951869967728739,1
125,2020,9,9,0.435025135304995,1.2752134159591622,1
125,2020,10,8,1.007073500214256,1.6523010100045654,1
125,2020,11,6,0.731167363855432,1.4277323205258863,1
125,2020,12,5,0.9101810752767076,1.5151741813585489,1
125,2021,1,4,0.4774386464091509,0.9073842404611392,1
125,2021,2,3,0.6533961422277966,1.1697104259784747,1
125,2021,3,8,0.6133868141671585,1.5009628333723473,1
125,2021,4,5,0.5693624650275537,1.2604388264840591,1
125,2021,5,12,0.1313923780252997,1.0752605921416885,1
125,2021,6,4,0.5562449247644528,1.7078801246138426,1
125,2021,7,6,0.4495988902270194,1.1632856691179672,1
125,2021,8,8,0.2725621579509191,1.2083818006183809,1
125,2021,9,15,0.4503732533588508,1.1567456366382904,1
125,2021,10,15,0.1544323613089377,1.2807811861484757,1
125,2021,11,2,0.9406072717350198,1.449380389521643,1
125,2021,12,13,0.1972970891055074,1.1985707080422912,1
125,2022,1,8,0.482368054649976,1.2193171487205083,1
125,2022,2,8,0.220421657605102,0.7268378373082506,1
125,2022,3,4,0.1313923780252997,0.9010058726528405,1
125,2022,4,10,0.5770251549320867,1.2247743044329875,1
125,2022,5,19,0.1148586155645435,1.4648182939790473,1
125,2022,6,6,0.595148396824405,1.1315719403268567,1
125,2022,7,8,0.1972964667596854,1.2229567813898656,1
125,2022,8,10,0.3899081539907192,1.2502887946573167,1
125,2022,9,14,0.2126721712634459,1.4534558565866178,1
125,2022,10,13,0.6974000342315575,1.5012743699394564,1
125,2022,11,4,0.2126721712634459,0.9478288561137562,1
125,2022,12,6,0.71740720721403,1.1179113376213097,1
125,2023,1,5,0.8421688778579982,1.0994904525010694,1
125,2023,2,11,0.4875952326414188,1.2965833187186149,1
125,2023,3,9,0.4875952326414188,1.1911782701227807,1
125,2023,4,6,0.1831565950657297,0.9534512303896269,1
125,2023,5,7,0.6196288414248703,1.3984457101867025,1
125,2023,6,8,0.1137129556957524,1.07543709591478,1
125,2023,7,7,0.6059835135255105,1.5271076752248083,1
125,2023,8,4,1.5361688650965737,1.8363647027921968,1
125,2023,9,8,0.1137129556957524,1.387194518663196,1
125,2023,10,18,0.2761161764948384,1.2138702045916983,1
125,2023,11,9,0.5611549900729527,1.2550922080493376,1
125,2023,12,8,0.1970768940968964,0.8960995265922421,1
125,2024,1,6,0.1137129556957524,0.6884187757975185,1
125,2024,2,5,0.4638014693103425,1.1639377484303166,1
125,2024,3,6,0.7131695440814623,1.4558652790542197,1
125,2024,4,12,0.1137129556957524,1.136324562846455,1
125,2024,5,10,0.0658598391759754,1.5622569574248326,1
125,2024,6,15,0.6642063800343019,1.519695508795171,1
125,2024,7,15,0.653261209194092,1.1952084613247858,1
125,2024,8,6,0.6150953366261582,1.224116549593847,1
125,2024,9,8,0.7657322304001091,1.5405089491134998,1
125,2024,10,4,0.0165331882501779,1.2765719932970956,1
125,2024,11,8,0.0392219725138235,1.1008703684343635,1
125,2024,12,10,0.1831566438217333,1.012638070635729,1
126,2017,1,3,0.2756890016975833,1.1832442921649673,1
126,2017,2,8,0.7702319913797627,1.3130102809556474,1
126,2017,3,5,1.1364630042939203,1.7007145674072615,1
126,2017,4,3,0.3757732271163549,1.3388144887014481,1
126,2017,5,6,0.1440432280067235,0.9797210504473811,1
126,2017,6,11,0.7453944768236843,1.399138037845631,1
126,2017,7,5,0.7007683197699321,1.1942991937037202,1
126,2017,8,7,1.0845430100115017,1.550597310741286,1
126,2017,9,7,0.7960910254738673,1.5055341940576008,1
126,2017,10,8,0.22494720153357,0.9711975413295901,1
126,2017,11,5,0.0765030837055631,1.1414289998943485,1
126,2017,12,4,0.0515974870182107,0.7828197222172056,1
126,2018,1,5,1.331267763624418,1.5827297699553367,1
126,2018,2,4,0.2256693246903749,1.076760985324827,1
126,2018,3,7,0.5015066974175817,1.376505252762232,1
126,2018,4,5,0.3241900781860147,1.3396522924721581,1
126,2018,5,3,1.0606747136064998,1.562523380243159,1
126,2018,6,7,0.6994306655912969,1.5305662649853988,1
126,2018,7,11,0.5637770813601238,1.1106115680869495,1
126,2018,8,4,0.6755126718880046,1.105702147504494,1
126,2018,9,6,0.9522388338515272,1.3666459757237794,1
126,2018,10,7,0.3757732271163549,1.4412633113782618,1
126,2018,11,7,0.3057581620497282,1.367574389821923,1
126,2018,12,4,0.5830173109503397,0.9775031018828522,1
126,2019,1,4,0.0521385649504134,0.9749902277792719,1
126,2019,2,6,1.4094148981659975,1.9556811182581448,1
126,2019,3,4,0.0521385649504134,1.3873590986997635,1
126,2019,4,5,1.228137930935791,1.5324688660744035,1
126,2019,5,10,0.8232919355855501,1.5007124368857325,1
126,2019,6,5,0.7710474279619239,1.7508609459032178,1
126,2019,7,4,1.2222098175871914,1.5244191980037152,1
126,2019,8,4,0.9741404933566862,1.6599171947191151,1
126,2019,9,7,0.5730212205288221,1.3794073151112372,1
126,2019,10,5,0.5239982451244783,1.5539059129987742,1
126,2019,11,4,0.0521385649504134,0.7705181739599745,1
126,2019,12,2,0.8340091465223491,1.355087077186035,1
126,2020,1,4,1.0940906642534929,1.7161352721830236,1
126,2020,2,3,0.6865462968634113,1.5482446135064027,1
126,2020,3,3,1.590456524587129,2.050726748367229,1
126,2020,4,3,1.6148213425336737,1.8466479176476553,1
126,2020,5,5,0.3057581620497282,1.1938142920485948,1
126,2020,6,2,0.3500521694815889,1.0864298058371598,1
126,2020,7,2,0.7932892862426301,0.943734039024301,1
126,2020,8,2,0.0521385649504134,1.1208573406310756,1
126,2020,9,5,1.0940906642534929,1.4326641166610714,1
126,2020,10,10,0.3241900781860147,1.259817055854394,1
126,2020,11,2,1.0706252398181912,1.6907232036696376,1
126,2020,12,5,0.8587353645414633,1.2526964088577308,1
126,2021,1,3,0.4810590699704595,1.1175150737775466,1
126,2021,2,2,1.438126550319851,1.51429153745349,1
126,2021,3,5,0.3064589051363299,1.3243439398772234,1
126,2021,4,4,1.781703370604822,1.8700720455286632,1
126,2021,5,8,0.4301833583772269,1.4066726347410274,1
126,2021,6,4,0.8578993462190782,1.5519615192846379,1
126,2021,7,5,1.1799794354567523,1.8093620061097802,1
126,2021,9,5,0.9070513752495089,1.2813466078064502,1
126,2021,10,2,0.667896770902944,0.7725789416555613,1
126,2021,11,3,0.2938436269590627,1.1193266575991765,1
126,2021,12,3,1.478465720361392,2.0844457866826755,1
126,2022,1,5,1.1282306346787945,1.5838439175074832,1
126,2022,2,4,0.8699980017952103,1.3296449040915015,1
126,2022,3,2,1.7120917154490252,1.7324513914050967,1
126,2022,4,6,0.7567322546515999,1.6092077633876,1
126,2022,5,9,1.0152860208004773,1.643275141713466,1
126,2022,6,10,0.3500522832552037,1.2274820396853143,1
126,2022,7,8,1.085042506373629,1.5165317335815462,1
126,2022,8,8,0.8707025304258137,1.5501472466882384,1
126,2022,9,7,0.3570390806656102,0.9469354051098383,1
126,2022,10,8,0.1082103565432331,1.2628591999543546,1
126,2022,11,5,0.7710472106924824,1.3422293504913037,1
126,2022,12,3,0.3064594297746263,0.8021000395987677,1
126,2023,1,6,0.393727282589293,1.682605538724383,1
126,2023,2,6,0.0490365491200152,0.8549196674441282,1
126,2023,3,3,0.393727282589293,1.192557903353366,1
126,2023,4,4,0.3242204519581746,1.2026775453375056,1
126,2023,5,13,0.0529627669059482,1.3228790149285623,1
126,2023,6,6,1.087059187662189,1.8259649757684018,1
126,2023,7,8,0.6501610841373114,1.4145024606849446,1
126,2023,8,2,1.2201348641059486,1.5014604885742888,1
126,2023,9,11,0.3124661580842706,1.355160662948119,1
126,2023,10,7,0.3128906416297073,1.5229141696231117,1
126,2023,11,4,0.9009861654447946,1.3405368898532737,1
126,2023,12,7,0.3057583603598351,1.471570282564936,1
126,2024,1,6,0.3574209596647923,1.3599537446179675,1
126,2024,2,1,0.2805537123681924,0.2805537123681924,1
126,2024,3,6,0.87215594422323,1.2417962591083338,1
126,2024,4,6,0.95436824491298,1.8056308782753645,1
126,2024,5,9,0.6690372175594909,1.3642347845573797,1
126,2024,6,7,1.2909425751055266,1.5468604703887157,1
126,2024,7,3,0.3501438928624199,1.3345599715566152,1
126,2024,8,2,1.086715904417436,1.5002702923146365,1
126,2024,9,7,0.2304953486664166,1.5093052545729493,1
126,2024,10,7,0.0525172900916045,1.18111422114521,1
126,2024,11,6,0.4500652647431597,0.8249814132032882,1
126,2024,12,2,1.1250184616334535,1.4890266325765456,1
127,2017,1,2,0.5622287684264334,0.8713112710755213,1
127,2017,2,2,0.3264996118370125,0.8019162079071723,1
127,2017,3,3,0.1925856902681179,0.5320988858618848,1
127,2017,4,2,0.8607938433521802,1.2275529174377025,1
127,2017,5,5,0.522365485726192,0.822483430473279,1
127,2017,6,5,0.1461300762812484,1.0952837537931797,1
127,2017,7,2,0.1359777170896982,0.9160999672660799,1
127,2017,8,1,2.2324498129139605,2.2324498129139605,1
127,2017,9,1,0.9338076438221508,0.9338076438221508,1
127,2017,10,2,0.9338076438221508,1.5534538542426675,1
127,2017,11,3,0.5809080004628204,1.1518694900489994,1
127,2017,12,5,0.434872315209165,1.5377458713828691,1
127,2018,1,6,0.2336751998817355,0.9564706632221883,1
127,2018,2,4,0.1359777170896982,0.65808005383157,1
127,2018,3,3,1.685735694828885,2.016427786518351,1
127,2018,4,4,0.6972701720614533,1.3790807440913613,1
127,2018,5,2,0.5112743206385457,1.0697843497058215,1
127,2018,6,4,0.1359777170896982,1.060701982995099,1
127,2018,7,3,1.059294393258059,1.2685193337423135,1
127,2018,8,5,0.7751631301034185,1.7533648392828531,1
127,2018,9,6,0.233686624397641,1.0082560652365695,1
127,2018,10,6,1.059294393258059,1.463824700336034,1
127,2018,11,2,0.1359777170896982,1.1751425734278964,1
127,2018,12,2,0.5318770212198428,0.6720904551001718,1
127,2019,1,3,0.1359777170896982,0.8943235414792371,1
127,2019,2,1,1.4522371704072958,1.4522371704072958,1
127,2019,3,2,0.522365485726192,1.2894404104755375,1
127,2019,4,4,0.1359777170896982,1.0795117159489684,1
127,2019,5,5,0.5106689103528476,1.5351480384877496,1
127,2019,6,3,0.2918618133008757,0.878965681627136,1
127,2019,8,2,0.1359777170896982,0.8393142512192544,1
127,2019,9,3,0.5570172682424899,1.2634596478387197,1
127,2019,10,4,0.4629429795062471,1.2850382716032942,1
127,2019,11,2,0.6796269838618956,1.1846733947391161,1
127,2019,12,5,0.5570172682424899,1.554688213259439,1
127,2020,1,6,0.1359777170896982,0.7751855495582035,1
127,2020,2,5,0.3396341663266464,1.377863994398433,1
127,2020,3,3,0.3341067735756844,0.8321725150769129,1
127,2020,5,1,0.8507762949469689,0.8507762949469689,1
127,2020,6,2,1.2394081296402073,1.601878674508544,1
127,2020,7,2,1.592937128925911,2.0323884088112814,1
127,2020,9,2,1.719386502565576,1.8980428840276096,1
127,2020,10,2,0.5112743206385457,1.4747822159909627,1
127,2020,11,1,1.5700446507392127,1.5700446507392127,1
127,2020,12,1,1.872612207136442,1.872612207136442,1
127,2021,2,1,2.173100064663184,2.173100064663184,1
127,2021,3,1,1.7857713381528473,1.7857713381528473,1
127,2021,4,3,0.6566572027248989,1.0278055329955926,1
127,2021,5,5,0.4581425011065642,1.4054578465905643,1
127,2021,6,2,1.3057555635562343,1.8331317367629318,1
127,2021,7,4,0.2034577646967369,0.6433697274341118,1
127,2021,8,3,0.6635992677450598,1.5040209637440665,1
127,2021,9,1,1.3113657993469034,1.3113657993469034,1
127,2021,10,5,0.6253815185808081,1.352030725492307,1
127,2021,11,5,0.7678144079446616,0.9811536775468982,1
127,2021,12,3,1.0722450147528448,1.6913264321981696,1
127,2022,1,2,0.1925856902681179,1.2765468001188736,1
127,2022,2,3,0.6509783709044377,1.3369315475153158,1
127,2022,3,2,0.3876811928442918,0.6036233007888201,1
127,2022,4,5,0.2678254734538555,0.726981238528674,1
127,2022,5,6,0.4396592962599423,1.7916127850965478,1
127,2022,6,6,0.6240943105817043,1.4352339221728172,1
127,2022,7,6,1.5010165687395605,1.9802236192839604,1
127,2022,8,3,0.209320970485572,0.6868279588003388,1
127,2022,9,3,0.7298099493010491,0.9250016344904806,1
127,2022,10,8,0.1306566783579337,1.0652479852061914,1
127,2022,11,1,0.7841752646769562,0.7841752646769562,1
127,2022,12,4,0.2034577259811795,1.121215610816377,1
127,2023,1,2,0.0677341195494749,0.3459142049047547,1
127,2023,2,1,0.5024442059860126,0.5024442059860126,1
127,2023,3,2,0.5024442059860126,0.5767109719345866,1
127,2023,4,6,0.7279049341916084,1.623620614007464,1
127,2023,5,9,0.7047353889699786,1.5047296794681324,1
127,2023,7,3,0.7047353889699786,1.1349065217709706,1
127,2023,8,3,1.4809928599452136,1.9648580108290494,1
127,2023,9,6,0.3184695033496846,1.4448506574244975,1
127,2023,10,4,1.1572213901663784,1.8347078217998003,1
127,2023,11,1,0.398949456659494,0.398949456659494,1
127,2023,12,6,0.190014143550661,1.2654354847521396,1
127,2024,1,4,0.7772542017740138,1.3927449113997126,1
127,2024,2,4,1.1632884122809672,1.8015719857077443,1
127,2024,3,1,1.1523790662524704,1.1523790662524704,1
127,2024,4,6,0.4366932262357613,1.377418552442851,1
127,2024,5,5,0.6475975034778164,1.4465884063436287,1
127,2024,6,2,0.4396605689505053,0.5057915364128382,1
127,2024,7,1,0.937405965445817,0.937405965445817,1
127,2024,8,4,0.2395840581651697,1.0798878444664475,1
127,2024,9,3,1.036715193002729,1.4769208700238388,1
127,2024,10,5,0.7655960758937458,1.4148880098211252,1
127,2024,11,2,1.5339243524467536,1.8904996586892926,1
127,2024,12,1,2.079623829250598,2.079623829250598,1
128,2017,1,8,1.030963251692833,1.5533778337033994,1
128,2017,2,9,1.12385409937423,1.7616141729932489,1
128,2017,3,9,1.078914450132788,1.805632984325064,1
128,2017,4,5,1.5252580423821651,1.9545194833520707,1
128,2017,5,17,0.7575139956247854,1.7557027559160314,1
128,2017,6,10,0.5221666300902232,1.7630179244851134,1
128,2017,7,5,1.0764254082167213,1.653001497220058,1
128,2017,8,11,0.3139533593420477,1.250575782842632,1
128,2017,9,10,0.672446631278271,1.789031465070844,1
128,2017,10,8,1.0867136603747465,1.608550851425727,1
128,2017,11,9,0.5216213569636913,1.2373817763938064,1
128,2017,12,8,0.6856610817397822,1.7995219359394852,1
128,2018,1,6,0.5161507864677973,1.2681715058871144,1
128,2018,2,9,0.3395318070114728,1.5033254596953118,1
128,2018,3,7,0.7575139956247854,1.7452211222290774,1
128,2018,4,7,0.4151949282725356,1.4525235144062485,1
128,2018,5,5,1.4997980636511252,1.822325870327619,1
128,2018,6,7,0.6543668656129615,1.6970487335150568,1
128,2018,7,7,0.5695033677899052,1.4561384218252589,1
128,2018,8,9,0.5831225256923293,1.6636693646287268,1
128,2018,9,8,1.0964638301518066,1.9294359468212485,1
128,2018,10,5,0.5695033677899052,1.5261305588853167,1
128,2018,11,6,0.593032943735651,1.5112386878131376,1
128,2018,12,5,1.019101522040697,1.4736994385515,1
128,2019,1,9,1.298297463995389,1.5237902616055967,1
128,2019,2,7,1.4285227816222674,1.7476725342428787,1
128,2019,3,7,1.298297463995389,1.8742369830713557,1
128,2019,4,4,1.12385409937423,1.7045255184594725,1
128,2019,5,9,0.766758460817762,1.9097061491527052,1
128,2019,6,6,1.4285227816222674,1.9186585955304567,1
128,2019,7,5,1.3095474456433187,1.905109264439842,1
128,2019,8,7,0.707773896424272,1.6887923027460958,1
128,2019,9,10,0.6504054697562328,1.4422653374135397,1
128,2019,10,4,1.0755016082712314,1.4134387269601891,1
128,2019,11,6,1.5843306368031451,1.8381938921443366,1
128,2019,12,6,0.707773896424272,1.6833503589182708,1
128,2020,1,6,1.003575271487662,1.6640435371459492,1
128,2020,2,5,0.3139533593420477,1.455361018430704,1
128,2020,3,7,0.6468800834799872,1.7118323811271625,1
128,2020,4,7,0.9651496977611284,1.514622145071965,1
128,2020,5,3,1.5027168232720127,2.0080334889954656,1
128,2020,6,8,0.4267440076533397,1.511249692912505,1
128,2020,7,7,0.3139533593420477,1.57542892696164,1
128,2020,8,1,1.1223520268739362,1.1223520268739362,1
128,2020,9,12,1.3533145750683344,1.8195214967651536,1
128,2020,10,9,0.3139533593420477,1.7858953890507725,1
128,2020,11,6,0.7442802914564067,1.5699377455179269,1
128,2020,12,6,1.1137872595087868,1.8318621021085282,1
128,2021,1,6,1.0041479903996875,1.4442179454918997,1
128,2021,2,4,1.321863147312903,1.90900839239578,1
128,2021,3,7,0.2289445599650269,1.424366193564492,1
128,2021,4,8,1.3200894370412737,1.6625879276927071,1
128,2021,5,11,0.3403251384439646,1.4061037600874557,1
128,2021,6,11,0.0140738028124358,1.32700877233057,1
128,2021,7,8,0.4399837245513867,1.5583812781355288,1
128,2021,8,6,0.4684662563178779,1.6355045901133962,1
128,2021,9,9,0.707773896424272,1.512806239261831,1
128,2021,10,3,1.3074396654045677,1.7270178152353335,1
128,2021,11,8,0.3139533593420477,1.795304945475369,1
128,2021,12,8,0.3395318070114728,1.416972303467715,1
128,2022,1,8,0.8333972779896236,1.4476159487395188,1
128,2022,2,2,1.4915484530476573,1.914698103096597,1
128,2022,3,8,1.0774800663477049,1.7289196192828713,1
128,2022,4,11,0.5199042436433479,1.4062324312611705,1
128,2022,5,11,0.4522363953053016,1.2687871287298615,1
128,2022,6,16,0.9139636233776226,1.5929046644243434,1
128,2022,7,10,0.416442520181674,1.5847857509455276,1
128,2022,8,9,0.3686993200876255,1.3155014110286172,1
128,2022,9,15,0.0561909954083161,1.8288852396027921,1
128,2022,10,10,0.416442520181674,1.4449833648139374,1
128,2022,11,8,0.5184247968922067,1.4632593853633125,1
128,2022,12,11,1.0959701530775592,1.830974955964932,1
128,2023,1,11,1.0788717958835177,1.738384757698396,1
128,2023,2,7,0.7780318052714631,1.6900247330201572,1
128,2023,3,11,0.6072117616786158,1.6241718901942435,1
128,2023,4,4,0.0559828693924902,0.9104517230526977,1
128,2023,5,11,0.7798620923740248,1.7101569949513253,1
128,2023,6,11,1.0033900085617256,1.561911080963982,1
128,2023,7,10,1.0180108203668568,1.9881891844922577,1
128,2023,8,6,0.3658103972041609,1.642990706909487,1
128,2023,9,10,0.2885205489036508,1.4023246911686327,1
128,2023,10,10,1.29833053421737,1.6923533624147584,1
128,2023,11,11,0.6359203723592703,1.4087171227992588,1
128,2023,12,6,1.397651763456952,1.9425703251678232,1
128,2024,1,6,1.0628417673037094,1.5375712094258482,1
128,2024,2,6,1.0390599505231597,1.5422641612812946,1
128,2024,3,8,0.8876378449316648,1.7454127881490307,1
128,2024,4,10,0.8215417022321131,1.602570907781694,1
128,2024,5,24,1.128568344800056,1.8542158077388888,1
128,2024,6,16,0.3658103972041609,1.464548477528931,1
128,2024,7,13,0.9863667145754788,1.4749385121309209,1
128,2024,8,10,0.6387645445152584,1.8208732338903644,1
128,2024,9,13,0.7441171917301621,1.5294615498353954,1
128,2024,10,14,0.3391671226462834,1.5169817553359088,1
128,2024,11,10,0.1787352543746857,1.5959070178878565,1
128,2024,12,12,0.0493180304561352,1.4907817573476085,1
129,2017,1,9,1.0525009727807544,1.6711900869041842,1
129,2017,2,9,1.1150636640858067,1.7754284009040902,1
129,2017,3,9,1.098446500115316,1.8236371454015081,1
129,2017,4,5,1.560685711142321,1.9737734497881756,1
129,2017,5,17,0.7291622620741947,1.7667141038294916,1
129,2017,6,10,0.5533375331382396,1.7737459610253885,1
129,2017,7,5,1.078388029549622,1.6633295862599504,1
129,2017,8,11,0.3409860323837467,1.2647230545649182,1
129,2017,9,10,0.7067036393428899,1.7979638935119002,1
129,2017,10,8,1.0572108227057777,1.6211594246298275,1
129,2017,11,9,0.5566940657197115,1.263290543876786,1
129,2017,12,8,0.7187685236164102,1.8060136136663782,1
129,2018,1,6,0.5430612787729638,1.299152478765887,1
129,2018,2,9,0.3684837595678234,1.5199770161798287,1
129,2018,3,7,0.7291622620741947,1.7480530388888476,1
129,2018,4,7,0.4441088334735325,1.453681647326752,1
129,2018,5,5,1.497272684177437,1.8270802598665121,1
129,2018,6,8,0.6815345593750247,1.8130392652634957,1
129,2018,7,7,0.5410609172468012,1.4547200557372175,1
129,2018,8,9,0.6167202303165432,1.6758391929014942,1
129,2018,9,8,1.1320250025690488,1.9455384323205895,1
129,2018,10,5,0.5410609172468012,1.5257102232104414,1
129,2018,11,6,0.6283829931489175,1.5392526029797782,1
129,2018,12,5,1.048126847842002,1.4986704437859186,1
129,2019,1,9,1.312939239731045,1.5390058863292764,1
129,2019,2,7,1.424847975057962,1.764569396102247,1
129,2019,3,8,1.312939239731045,1.9663793193572399,1
129,2019,4,4,1.1150636640858067,1.7244951758886604,1
129,2019,5,10,0.7384498757106288,1.9684829088847213,1
129,2019,6,6,1.424847975057962,1.9364260518691916,1
129,2019,7,5,1.3202736626320546,1.923055078353641,1
129,2019,8,7,0.7430013015770874,1.7067718488372308,1
129,2019,9,10,0.6706848376649428,1.4518221201402106,1
129,2019,10,4,1.0984431655859528,1.4343564250150265,1
129,2019,11,6,1.6049364565918638,1.8560453087176139,1
129,2019,12,7,0.7430013015770874,1.8230381651342733,1
129,2020,1,6,1.0304058794250175,1.6747393416183176,1
129,2020,2,5,0.3409860323837467,1.4803691327431139,1
129,2020,3,7,0.6820642028374585,1.7381571644644427,1
129,2020,4,7,0.97918439657699,1.5200657146399135,1
129,2020,5,3,1.520868412423813,2.009231625758177,1
129,2020,6,8,0.4614861018205289,1.52752470197558,1
129,2020,7,7,0.3409860323837467,1.586415415103422,1
129,2020,8,1,1.1137552996376845,1.1137552996376845,1
129,2020,9,11,1.3883760201505546,1.7662910473798485,1
129,2020,10,9,0.3409860323837467,1.8000681664359612,1
129,2020,11,6,0.776059194191369,1.5942756120633454,1
129,2020,12,6,1.0844849331117976,1.8372188798478188,1
129,2021,1,6,1.031367549619665,1.4680263244454104,1
129,2021,2,4,1.3557800103609716,1.925479610179242,1
129,2021,3,7,0.2578115233297605,1.4342666110389222,1
129,2021,4,8,1.3347168396249067,1.669483932286859,1
129,2021,5,11,0.3319486242430863,1.4195859165458609,1
129,2021,6,11,0.022055686208685,1.3459942565225331,1
129,2021,7,8,0.4686169411263225,1.5713114689380654,1
129,2021,8,6,0.4401292148058614,1.6357638336878784,1
129,2021,9,9,0.7430013015770874,1.532435722721707,1
129,2021,10,3,1.3414458729316143,1.7352493232927753,1
129,2021,11,8,0.3409860323837467,1.8144956681544566,1
129,2021,12,9,0.3684837595678234,1.5562136699689533,1
129,2022,1,8,0.8671719157955932,1.462123817292026,1
129,2022,2,2,1.5099121496698644,1.9392434621392043,1
129,2022,3,8,1.0675435228509709,1.7397503490295667,1
129,2022,4,11,0.5466951724155412,1.4262159914677808,1
129,2022,5,12,0.4687237830258913,1.386128748687657,1
129,2022,6,16,0.9403648206137925,1.6076470393963114,1
129,2022,7,10,0.4453360670235589,1.602214880749609,1
129,2022,8,8,0.3991554604662751,1.1766484658396037,1
129,2022,9,15,0.0313347558687189,1.8251150291639975,1
129,2022,10,10,0.4453360670235589,1.4603801518465656,1
129,2022,11,8,0.5522740941964028,1.484718377543837,1
129,2022,12,11,1.131531094928916,1.8443190024349483,1
129,2023,1,11,1.0984424607323608,1.7506541379592364,1
129,2023,2,7,0.7942461777823339,1.7008342363305886,1
129,2023,3,11,0.6389263389785875,1.6363246534094094,1
129,2023,4,4,0.0311702540941617,0.9267856346047938,1
129,2023,5,11,0.751541319802717,1.7154982795936873,1
129,2023,6,12,1.0302252156679708,1.6564104251122382,1
129,2023,7,9,1.0469508967837575,1.9458439223917823,1
129,2023,8,6,0.396146062080118,1.6634160642347868,1
129,2023,9,10,0.3126386804526092,1.4151255989790528,1
129,2023,10,10,1.3129722965861836,1.7043379936129834,1
129,2023,11,11,0.6714585044957023,1.42798022448871,1
129,2023,12,6,1.433261385685072,1.9617752601133829,1
129,2024,1,8,1.094021897855495,1.7878048304012255,1
129,2024,2,6,1.0693672182855618,1.56456492871539,1
129,2024,3,8,0.9208624631924316,1.7650909856784518,1
129,2024,4,12,0.8369661434686675,1.768067256082255,1
129,2024,5,23,1.1453550110888546,1.8454862002884158,1
129,2024,6,16,0.396146062080118,1.4739292726160027,1
129,2024,7,13,1.0188821849450282,1.4917113705241116,1
129,2024,8,10,0.6103092507298948,1.8334829514836304,1
129,2024,9,13,0.7759191279329866,1.5419896707826881,1
129,2024,10,15,0.3680994023208845,1.5930832189648902,1
129,2024,11,11,0.2076211312398567,1.6906126640128056,1
129,2024,12,12,0.078899055086286,1.5092513516662904,1
131,2017,1,1,1.7492054400086283,1.7492054400086283,1
131,2017,4,2,2.1871691686663493,2.295008435998028,1
131,2017,6,1,2.468839511369042,2.468839511369042,1
131,2017,10,1,0.3396409612380169,0.3396409612380169,1
131,2017,11,3,0.9016370035243176,1.5007281331961748,1
131,2017,12,1,1.220084241721323,1.220084241721323,1
131,2018,1,1,0.2639519048194175,0.2639519048194175,1
131,2018,4,1,1.3808138685508724,1.3808138685508724,1
131,2018,5,1,1.1891891255650888,1.1891891255650888,1
131,2018,6,3,2.390323054204884,2.404728039555104,1
131,2018,7,1,2.209285104633381,2.209285104633381,1
131,2018,8,1,0.3640197335913325,0.3640197335913325,1
131,2018,9,3,0.7991876748098186,1.5855371617688059,1
131,2018,10,3,0.7103813991958889,1.450405190504628,1
131,2019,1,2,0.7330461446055391,0.735724510445766,1
131,2019,2,1,1.6200147800043545,1.6200147800043545,1
131,2019,3,2,1.1268815571459936,1.5776776228692455,1
131,2019,4,1,0.7369348149324637,0.7369348149324637,1
131,2019,5,1,0.2639519048194175,0.2639519048194175,1
131,2019,11,1,1.5005458397887288,1.5005458397887288,1
131,2019,12,1,2.248845560674066,2.248845560674066,1
131,2020,1,1,2.396916424240744,2.396916424240744,1
131,2020,2,1,0.9244266502136352,0.9244266502136352,1
131,2020,5,1,1.5882543164778349,1.5882543164778349,1
131,2020,6,1,1.3664189278707852,1.3664189278707852,1
131,2020,7,1,1.343985718622546,1.343985718622546,1
131,2020,9,2,0.7138228733047216,0.7911412704673528,1
131,2020,10,1,1.0037827360483988,1.0037827360483988,1
131,2021,1,1,2.2501111025262373,2.2501111025262373,1
131,2021,3,1,2.473226517361192,2.473226517361192,1
131,2021,6,4,1.1268815571459936,1.8098352520411034,1
131,2021,10,2,0.5714659653167802,1.5190701751843165,1
131,2021,11,2,0.434987007840061,1.1250703412390926,1
131,2022,3,1,2.394312581952018,2.394312581952018,1
131,2022,4,1,2.442524153122854,2.442524153122854,1
131,2022,5,3,0.989476962916078,1.5770273666049295,1
131,2022,6,1,0.5851726280920826,0.5851726280920826,1
131,2022,7,1,0.8571405673662363,0.8571405673662363,1
131,2022,8,1,1.1204067642324629,1.1204067642324629,1
131,2022,9,1,2.3666930508704884,2.3666930508704884,1
131,2022,11,1,1.986719352849504,1.986719352849504,1
131,2022,12,1,2.390771986760153,2.390771986760153,1
131,2023,1,1,2.37795568543208,2.37795568543208,1
131,2023,2,1,2.37795568543208,2.37795568543208,1
131,2023,3,2,2.37795568543208,2.4184590130574204,1
131,2023,6,3,0.804917349467311,1.2232891026222392,1
131,2023,8,2,0.9834686066896968,1.3940169849228192,1
131,2023,10,2,1.1996645018919836,1.7932213265116443,1
131,2023,11,2,0.9471580141073666,1.1857319665218458,1
131,2024,1,1,2.302702978417999,2.302702978417999,1
131,2024,3,2,0.5458450324734383,1.2327334803003716,1
131,2024,5,2,0.7224735126547968,1.0598100862266107,1
131,2024,6,1,0.2566346693833416,0.2566346693833416,1
131,2024,10,1,2.4574724742097045,2.4574724742097045,1
131,2024,11,3,0.6288817901641286,1.2231442002385189,1
132,2017,1,1,2.4961163469665086,2.4961163469665086,1
132,2017,3,4,0.6189326516184341,1.4035215320430146,1
132,2017,4,2,0.8782806752738899,1.2662960599992912,1
132,2017,5,3,0.2377396701660874,1.1766923768409197,1
132,2017,6,5,0.8719608981996219,1.2118919597635576,1
132,2017,8,1,1.6276765332190386,1.6276765332190386,1
132,2017,9,1,2.4961163469665086,2.4961163469665086,1
132,2017,10,3,1.1429458082727364,1.2797785570116293,1
132,2017,12,1,1.3639203586550577,1.3639203586550577,1
132,2018,1,2,0.8549234826945491,1.0320992255243269,1
132,2018,4,2,0.8604313169805481,1.6035242621844368,1
132,2018,5,4,1.1429458082727364,1.468814031451422,1
132,2018,6,1,0.6066520312333686,0.6066520312333686,1
132,2018,7,3,0.5955712414215864,1.2891433005299877,1
132,2018,8,1,2.0713343970294438,2.0713343970294438,1
132,2018,9,1,2.1938951894456395,2.1938951894456395,1
132,2018,10,2,1.003577787821513,1.7498470673940107,1
132,2018,12,2,0.9038195904538562,1.2657480618364474,1
132,2019,2,3,1.0087307536769194,1.6155199872704828,1
132,2019,3,4,0.5936106701192873,1.4487669883573218,1
132,2019,4,2,1.6282116762242471,2.0590267160696616,1
132,2019,7,3,1.1668756301270264,1.5566477468167186,1
132,2019,8,2,1.1406231159591411,1.1406231159591411,1
132,2019,9,4,1.509221874055,1.8561505850959603,1
132,2019,10,2,1.754875218115094,2.077682815453917,1
132,2019,11,1,2.496327970567463,2.496327970567463,1
132,2019,12,3,0.7727758013280173,1.4966709071773856,1
132,2020,1,1,1.25544925998038,1.25544925998038,1
132,2020,2,1,0.8300502543110795,0.8300502543110795,1
132,2020,3,2,1.033885474097049,1.5802579785304578,1
132,2020,6,2,0.627049067178299,0.88383609156872,1
132,2020,8,4,1.5026393831452824,1.7649253692898133,1
132,2020,10,2,0.613630362181459,1.470297197228292,1
132,2020,11,1,1.3473579599401635,1.3473579599401635,1
132,2021,1,1,1.4027649697071685,1.4027649697071685,1
132,2021,2,1,1.3354765926419516,1.3354765926419516,1
132,2021,4,1,1.1406231159591411,1.1406231159591411,1
132,2021,5,3,0.613630362181459,1.2818092030965167,1
132,2021,7,2,0.8689719028319572,1.4759887097972642,1
132,2021,8,1,1.0920932724479289,1.0920932724479289,1
132,2021,10,3,1.3473581999776574,2.026744082313055,1
132,2021,11,1,0.9136582445700157,0.9136582445700157,1
132,2021,12,4,1.1406231159591411,1.5441819614980425,1
132,2022,1,2,1.754875218115094,1.754875218115094,1
132,2022,2,2,1.108350669825386,1.2175279937306378,1
132,2022,3,3,1.1406231159591411,1.6687004164795258,1
132,2022,4,3,0.8689722150307929,1.0361869606388512,1
132,2022,5,2,0.5192440755304971,1.2444606819262158,1
132,2022,6,5,0.2339335566087635,1.4835890948130452,1
132,2022,7,2,0.5948264637558276,1.1596966829785291,1
132,2022,9,2,0.5910250325774578,0.8688593708748839,1
132,2022,10,3,0.9533111440488816,1.487687299344099,1
132,2022,11,2,0.8296303390467346,1.51970613928317,1
132,2022,12,1,2.1651406711269208,2.1651406711269208,1
132,2023,1,3,0.6136304999507313,1.3264183555904372,1
132,2023,2,2,0.5929952273024696,1.1961551807904443,1
132,2023,3,2,1.199958012010233,1.7529999186154255,1
132,2023,4,5,0.0895918086376222,1.0652463646274568,1
132,2023,5,4,0.8851538056687682,1.544394454706338,1
132,2023,6,3,0.7680128030232289,1.388905171832098,1
132,2023,7,1,2.234351643877675,2.234351643877675,1
132,2023,8,3,1.5040253672937618,1.6288290120466964,1
132,2023,9,1,1.784820242737432,1.784820242737432,1
132,2023,10,1,2.142661274215876,2.142661274215876,1
132,2023,11,1,2.1642083282440376,2.1642083282440376,1
132,2023,12,1,1.75821776908482,1.75821776908482,1
132,2024,1,1,1.1429462201476368,1.1429462201476368,1
132,2024,2,2,0.8604312068144988,1.0016887134810677,1
132,2024,3,2,1.000054030333216,1.379135899709018,1
132,2024,4,2,1.465816708236836,1.825597562873216,1
132,2024,5,3,1.3078863652180603,1.9016384809098674,1
132,2024,7,4,1.137352953207872,1.59902254922185,1
132,2024,9,2,0.9557338348325336,1.6032325739988489,1
132,2024,10,2,0.8095488217325281,1.5969911449241478,1
132,2024,11,1,2.229601793063664,2.229601793063664,1
132,2024,12,1,0.8094298866451777,0.8094298866451777,1
133,2017,1,1,2.491020665746828,2.491020665746828,1
133,2017,3,4,0.6082624554829343,1.3960604859624417,1
133,2017,4,2,0.8669539394573006,1.2576958997464418,1
133,2017,5,3,0.2262612749858428,1.172979668972039,1
133,2017,6,5,0.8622045866707286,1.2113837531242735,1
133,2017,8,1,1.622911276121823,1.622911276121823,1
133,2017,9,1,2.491020665746828,2.491020665746828,1
133,2017,10,3,1.1380112138755687,1.2734449942931059,1
133,2017,12,1,1.3560536693302616,1.3560536693302616,1
133,2018,1,2,0.8436958760270256,1.0216830155968601,1
133,2018,4,2,0.850559847737681,1.5961508345141013,1
133,2018,5,4,1.1380112138755687,1.4680086757418889,1
133,2018,6,1,0.5956745707699236,0.5956745707699236,1
133,2018,7,3,0.5839562308401651,1.2891127458131133,1
133,2018,8,1,2.0674357535980965,2.0674357535980965,1
133,2018,9,1,2.1896519583053973,2.1896519583053973,1
133,2018,10,2,0.9928057020575292,1.7419131839021786,1
133,2018,12,2,0.8944523640270875,1.2586818200744552,1
133,2019,2,3,1.0029325976050152,1.6085933920969404,1
133,2019,3,4,0.5820694151967176,1.4419458314968048,1
133,2019,4,2,1.6234510430953168,2.0541851987428092,1
133,2019,7,3,1.1620794673894532,1.554870624425165,1
133,2019,8,2,1.1356674223978105,1.1356674223978105,1
133,2019,9,4,1.504001061974663,1.8511668689406595,1
133,2019,10,2,1.750108441393475,2.076984998864945,1
133,2019,11,1,2.49123415226739,2.49123415226739,1
133,2019,12,3,0.7622408569730694,1.4892359920172502,1
133,2020,1,1,1.2439428828598895,1.2439428828598895,1
133,2020,2,1,0.8199240952667273,0.8199240952667273,1
133,2020,3,2,1.0326488595125312,1.577716403174636,1
133,2020,6,2,0.616533840709061,0.8761006315534358,1
133,2020,8,4,1.4934638709029526,1.7592352512291507,1
133,2020,10,2,0.6021706230174574,1.460704173226207,1
133,2020,11,1,1.342829206809686,1.342829206809686,1
133,2021,1,1,1.3981683090283623,1.3981683090283623,1
133,2021,2,1,1.3301621054857748,1.3301621054857748,1
133,2021,4,1,1.1356674223978105,1.1356674223978105,1
133,2021,5,3,0.6021706230174574,1.2788868990688564,1
133,2021,7,2,0.8591789450330035,1.4692357131483829,1
133,2021,8,1,1.086852538465521,1.086852538465521,1
133,2021,10,3,1.3428294435162806,2.023976892539501,1
133,2021,11,1,0.9070911794651616,0.9070911794651616,1
133,2021,12,4,1.1356674223978105,1.5386154099689429,1
133,2022,1,2,1.750108441393475,1.750108441393475,1
133,2022,2,2,1.0999421186636789,1.211072208563455,1
133,2022,3,3,1.1356674223978105,1.6690518020018115,1
133,2022,4,3,0.8591792559282357,1.031877560988377,1
133,2022,5,2,0.5077895373063183,1.2368225987648636,1
133,2022,6,5,0.245318992239055,1.4829686680300416,1
133,2022,7,2,0.5832012649837063,1.1515034255648904,1
133,2022,9,2,0.579436570064263,0.8594943595746181,1
133,2022,10,3,0.941686786961066,1.4806346605909173,1
133,2022,11,2,0.8222312599402604,1.5129726016407614,1
133,2022,12,1,2.161067429088133,2.161067429088133,1
133,2023,1,3,0.6021707605779727,1.3185669200420744,1
133,2023,2,2,0.581485876334189,1.196116050605616,1
133,2023,3,2,1.193176400233918,1.7475954327280996,1
133,2023,4,5,0.0780512286224732,1.0616017511009723,1
133,2023,5,4,0.875552935402129,1.5364489685571234,1
133,2023,6,3,0.7715319257972489,1.3888319865203205,1
133,2023,7,1,2.2298870931238057,2.2298870931238057,1
133,2023,8,3,1.4993446197987654,1.6303204701514613,1
133,2023,9,1,1.7903669370095123,1.7903669370095123,1
133,2023,10,1,2.138442882290963,2.138442882290963,1
133,2023,11,1,2.160132475277498,2.160132475277498,1
133,2023,12,1,1.753434350068836,1.753434350068836,1
133,2024,1,1,1.1380116262265492,1.1380116262265492,1
133,2024,2,2,0.8505597348796928,0.994285680553121,1
133,2024,3,2,0.9890890725129204,1.3712617112908783,1
133,2024,4,2,1.4680680122148568,1.823917059427402,1
133,2024,5,3,1.3034049913105117,1.895697455233518,1
133,2024,7,4,1.1286643087226702,1.5947998109458883,1
133,2024,9,2,0.9457208587957272,1.5992865780024172,1
133,2024,10,2,0.8019483729526274,1.5949045834508242,1
133,2024,11,1,2.233526944358537,2.233526944358537,1
133,2024,12,1,0.8018247170602816,0.8018247170602816,1
134,2017,1,3,1.763380969551502,2.0809426551022723,1
134,2017,2,2,0.243655167950457,0.9631522352444666,1
134,2017,3,1,2.443087515519017,2.443087515519017,1
134,2017,4,2,2.124224782337393,2.2721582988060405,1
134,2017,6,2,1.0881871510906755,1.140445597066758,1
134,2017,7,1,1.2759759558848072,1.2759759558848072,1
134,2017,8,1,1.3302560153069882,1.3302560153069882,1
134,2017,10,3,1.8992063962821613,2.1373980785771947,1
134,2017,11,3,1.6038286632151022,1.6705113811099637,1
134,2017,12,1,2.1246666103266985,2.1246666103266985,1
134,2018,1,1,1.8549104089893964,1.8549104089893964,1
134,2018,2,1,0.0444499648683599,0.0444499648683599,1
134,2018,4,3,0.8890783911661557,1.6668542908704713,1
134,2018,6,1,1.177811679574047,1.177811679574047,1
134,2018,7,1,1.9037185796393823,1.9037185796393823,1
134,2018,8,3,1.8207009667061067,1.9311196566074713,1
134,2018,9,1,2.083870230454993,2.083870230454993,1
134,2018,12,2,1.380032108879012,1.7093187332836446,1
134,2019,1,1,1.9866408787003216,1.9866408787003216,1
134,2019,2,5,0.3132464432243902,1.5913220950794695,1
134,2019,3,2,0.2548531432966475,0.9935293140981366,1
134,2019,4,1,1.5108431970950718,1.5108431970950718,1
134,2019,5,2,0.4569490565556569,1.2385918013928654,1
134,2019,6,2,0.2456568956982028,0.45351767881758553,1
134,2019,7,1,1.7894942501744422,1.7894942501744422,1
134,2019,8,2,1.0154853125329872,1.068055301542518,1
134,2019,10,2,0.4759946264868657,1.2476168676206223,1
134,2019,11,2,1.6830505012431842,1.9018991383165087,1
134,2019,12,2,1.9694763741934775,2.1507136328175918,1
134,2020,1,3,1.3301066966137356,1.819026014803048,1
134,2020,4,1,1.4928903380278955,1.4928903380278955,1
134,2020,5,1,1.8950149171924708,1.8950149171924708,1
134,2020,6,2,0.6831889166342426,1.4741538982129905,1
134,2020,7,1,0.8367358249148582,0.8367358249148582,1
134,2020,8,2,0.3297540299654334,1.084551095553099,1
134,2020,10,1,1.595632948896739,1.595632948896739,1
134,2020,11,2,1.3465760920282202,1.8703676282360528,1
134,2020,12,3,1.12806457838657,1.6030840238500952,1
134,2021,1,1,0.3132464432243902,0.3132464432243902,1
134,2021,2,1,1.3856143240040744,1.3856143240040744,1
134,2021,4,3,0.5326803830245018,1.17027813918415,1
134,2021,5,2,0.416242856866565,1.412283215398608,1
134,2021,6,2,1.8012340020021795,1.9011381688201303,1
134,2021,7,1,1.3856143240040744,1.3856143240040744,1
134,2021,8,3,0.4743739949344935,1.0201920683801413,1
134,2021,9,3,0.4759946264868657,0.9458213202289704,1
134,2021,10,4,0.4759946264868657,1.5186084526899244,1
134,2021,11,1,0.8660955988029866,0.8660955988029866,1
134,2021,12,3,0.4759946264868657,1.1772972227270353,1
134,2022,1,3,1.5043738739808172,1.828490105604556,1
134,2022,2,4,1.3856143240040744,1.8437182405823034,1
134,2022,3,2,1.2193640568410882,1.6079020278804608,1
134,2022,4,1,2.0223112630074707,2.0223112630074707,1
134,2022,5,2,1.8235276190761227,1.862881926918059,1
134,2022,6,6,0.9247377305827786,1.85576485393572,1
134,2022,7,3,1.5037080926696675,1.8808073592503067,1
134,2022,8,3,1.6800685985688844,1.9909028608355568,1
134,2022,9,4,0.6814002701432442,1.4308841679162723,1
134,2022,10,2,0.4759947676473021,0.5634825648251955,1
134,2022,12,3,1.83976916934086,1.8946286044422518,1
134,2023,1,2,1.8012336451150437,1.8352176047188085,1
134,2023,2,3,1.385614936761426,1.7083660076706846,1
134,2023,3,3,1.9789074466464895,2.2247191100780452,1
134,2023,4,5,1.396271180020668,1.966690108067071,1
134,2023,5,3,1.4343761844292495,1.9750708578053626,1
134,2023,6,3,0.2957613560271072,1.4037495337012398,1
134,2023,7,2,1.020555243055867,1.3249570819590824,1
134,2023,9,6,0.703703144336508,1.3856876484094018,1
134,2023,10,3,1.3800325414817989,1.711762037582921,1
134,2023,11,4,1.3800325414817989,1.643319525068765,1
134,2023,12,2,1.5481071156797015,1.662890355106578,1
134,2024,1,2,2.124224391991241,2.1811921159062218,1
134,2024,2,2,1.111594948279298,1.4009741006578205,1
134,2024,3,2,0.8550471201259742,1.568566137371357,1
134,2024,4,1,1.6379053981506726,1.6379053981506726,1
134,2024,5,1,2.124224391991241,2.124224391991241,1
134,2024,6,1,1.9077984453909291,1.9077984453909291,1
134,2024,7,1,2.089206789168012,2.089206789168012,1
134,2024,8,5,1.647962858990963,1.8826078033781364,1
134,2024,9,2,1.96806449194638,1.96806449194638,1
134,2024,10,3,0.650888522905926,1.2202082021912672,1
134,2024,11,6,0.4683567028342134,1.8155946441023187,1
134,2024,12,3,1.9385831844728088,2.1230022759499256,1
135,2017,1,3,1.8039833295976704,2.0670307473946785,1
135,2017,2,2,0.2042412190699725,0.9233734741197975,1
135,2017,3,1,2.4018262180245435,2.4018262180245435,1
135,2017,4,2,2.0828068160578668,2.230911214340809,1
135,2017,6,2,1.125490989184555,1.1383904580670345,1
135,2017,7,1,1.2531243712604982,1.2531243712604982,1
135,2017,8,1,1.367616320392217,1.367616320392217,1
135,2017,10,3,1.9389476770484664,2.163473207815248,1
135,2017,11,3,1.5624211212950103,1.6340825911477646,1
135,2017,12,1,2.1633860393644424,2.1633860393644424,1
135,2018,1,1,1.8135790361614037,1.8135790361614037,1
135,2018,2,1,0.0152665038815739,0.0152665038815739,1
135,2018,4,3,0.8476791092457175,1.6656274298993479,1
135,2018,6,1,1.2080099493500576,1.2080099493500576,1
135,2018,7,1,1.8623103062606872,1.8623103062606872,1
135,2018,8,3,1.86210326304355,1.9439673396326,1
135,2018,9,1,2.1244253327562523,2.1244253327562523,1
135,2018,12,2,1.4174027844358372,1.7473786904350121,1
135,2019,1,1,2.027237935405696,2.027237935405696,1
135,2019,2,5,0.2731315940746873,1.5909578150989625,1
135,2019,3,2,0.2948224202742842,1.0322594775498721,1
135,2019,4,1,1.4714343347483136,1.4714343347483136,1
135,2019,5,2,0.4961078707814247,1.2376978035763295,1
135,2019,6,2,0.2060504006568391,0.41300893557460305,1
135,2019,7,1,1.7481315865325595,1.7481315865325595,1
135,2019,8,2,0.9755015977608316,1.0667238753328667,1
135,2019,10,2,0.5150008167929411,1.2873197361804951,1
135,2019,11,2,1.642908668471435,1.8611194449036652,1
135,2019,12,2,2.008326163560652,2.1708918268018405,1
135,2020,1,3,1.288688954832551,1.8242560880594507,1
135,2020,4,1,1.5262528739502033,1.5262528739502033,1
135,2020,5,1,1.9347266516852044,1.9347266516852044,1
135,2020,6,2,0.6417796903959323,1.4328048212391433,1
135,2020,7,1,0.8740505001565334,0.8740505001565334,1
135,2020,8,2,0.3661297295287713,1.0820712341411753,1
135,2020,10,1,1.5673806067018918,1.5673806067018918,1
135,2020,11,2,1.3076871170365365,1.8702865317964157,1
135,2020,12,3,1.0993264064460206,1.5929579646581502,1
135,2021,1,1,0.2731315940746873,0.2731315940746873,1
135,2021,2,1,1.4229822051034473,1.4229822051034473,1
135,2021,4,3,0.4914624013907227,1.1551958980447852,1
135,2021,5,2,0.4557180068507907,1.4114712591074585,1
135,2021,6,2,1.7598245556339942,1.8597939262253511,1
135,2021,7,1,1.4229822051034473,1.4229822051034473,1
135,2021,8,3,0.4506761196710742,1.0371936747520079,1
135,2021,9,3,0.5150008167929411,0.9316652512006534,1
135,2021,10,4,0.5150008167929411,1.53656559070303,1
135,2021,11,1,0.8247006260142787,0.8247006260142787,1
135,2021,12,4,0.5150008167929411,1.5294125292429719,1
135,2022,1,3,1.5394270362263338,1.8400265806232265,1
135,2022,2,4,1.4229822051034473,1.8599112136119293,1
135,2022,3,2,1.1779490352280753,1.5665541038694084,1
135,2022,4,1,1.9810415208162573,1.9810415208162573,1
135,2022,5,2,1.8609174389682603,1.8614597810787916,1
135,2022,6,6,0.950242285523671,1.8665080345949832,1
135,2022,7,3,1.463534138076512,1.8715190929035954,1
135,2022,8,2,1.6400105211427507,1.7369301343811454,1
135,2022,9,4,0.6399839516611296,1.425656456913279,1
135,2022,10,2,0.5150009578950034,0.6019793219889622,1
135,2022,12,3,1.8609174389682603,1.9020923346237264,1
135,2023,1,2,1.759824198817155,1.8305352204520489,1
135,2023,2,3,1.4229828152119115,1.7128752647641352,1
135,2023,3,2,2.0168505567951995,2.1221538611818627,1
135,2023,4,5,1.4338422563389164,1.973766268928544,1
135,2023,5,3,1.4668595847488803,1.9584042466307527,1
135,2023,6,3,0.2560627783892059,1.3896387185054142,1
135,2023,7,2,0.991276982762273,1.2926336526109183,1
135,2023,9,6,0.6729748116002671,1.4017701224608805,1
135,2023,10,3,1.4174032173626665,1.7505680946679896,1
135,2023,11,4,1.4174032173626665,1.6413783375815747,1
135,2023,12,2,1.5066893545752578,1.622193784295847,1
135,2024,1,2,2.0828064257353844,2.177604956885763,1
135,2024,2,2,1.1489040488101412,1.3989382816791243,1
135,2024,3,2,0.8136504859316597,1.5278838366328644,1
135,2024,4,1,1.596507804668002,1.596507804668002,1
135,2024,5,1,2.0828064257353844,2.0828064257353844,1
135,2024,6,1,1.9465527288781408,1.9465527288781408,1
135,2024,7,1,2.0720323261853566,2.0720323261853566,1
135,2024,8,5,1.6702269561123957,1.8856197576021976,1
135,2024,9,2,2.00692020327197,2.00692020327197,1
135,2024,10,3,0.6888644730580337,1.2315271630285514,1
135,2024,11,6,0.5074071623799312,1.8150104519153594,1
135,2024,12,3,1.9777735080380132,2.16035211764386,1
136,2017,1,11,0.1531058504116717,1.9506981280508426,1
136,2017,2,10,0.4846968599081918,1.913648113319238,1
136,2017,3,13,0.3299351631119645,1.5613284780012933,1
136,2017,4,7,1.5393728105684397,2.0293231796672893,1
136,2017,5,11,0.8473598249225808,1.9114169065612072,1
136,2017,6,7,2.029629338727346,2.2180411588134152,1
136,2017,7,2,0.0986886368260796,1.2115390747376913,1
136,2017,8,6,1.0768178923478633,1.8024208343647803,1
136,2017,9,9,1.7326651710932122,2.1925939869894786,1
136,2017,10,10,0.1531058504116717,1.643697188466256,1
136,2017,11,12,0.4269206372865408,1.9537448467017742,1
136,2017,12,5,1.562912863100322,1.934778199307528,1
136,2018,1,7,1.0066192376500662,2.1521372832517676,1
136,2018,2,6,0.8048238951025022,1.8074695825850486,1
136,2018,3,13,0.1531058504116717,1.7733313211020325,1
136,2018,4,6,0.3299351631119645,1.5884339740647346,1
136,2018,5,8,1.17645713157963,2.038492536038089,1
136,2018,6,8,0.9248811190771858,1.726917994161866,1
136,2018,7,10,0.8294493457272168,1.7826787155557207,1
136,2018,8,9,0.136275291082334,1.9884880595228691,1
136,2018,9,8,1.0410836305322284,1.9231236733759012,1
136,2018,10,8,0.7478720710884106,2.0298468568878363,1
136,2018,11,7,1.480834670241479,2.124486440909795,1
136,2018,12,5,0.9773970399277122,1.7418276076104955,1
136,2019,1,10,0.4894495858146331,1.9351480716157503,1
136,2019,2,9,1.1230278053497913,2.136999566648365,1
136,2019,3,9,0.5749982985381193,1.6421629559337165,1
136,2019,4,4,0.9635500965938164,1.8901898905842294,1
136,2019,5,9,1.9663537143199916,2.199988294048222,1
136,2019,6,8,1.18873983061941,1.9443614416232555,1
136,2019,7,6,0.8190124120181791,1.631551217395374,1
136,2019,8,6,1.6101149567085606,2.0664962412182497,1
136,2019,9,10,0.1506943964568994,1.4747749248335709,1
136,2019,10,12,0.136275291082334,1.7405725591660823,1
136,2019,11,12,0.1515091129218851,1.387728387021502,1
136,2019,12,8,1.966619144084607,2.230441780855894,1
136,2020,1,6,1.4386073863423503,2.1366314189780953,1
136,2020,2,7,0.6760939510861703,1.778056235904691,1
136,2020,3,7,0.9423863613677992,1.8688303842189113,1
136,2020,4,6,0.4217136282202907,1.8511659941152916,1
136,2020,5,7,1.316696591037472,2.055218332042459,1
136,2020,6,11,1.4669659820997354,2.0793312818251324,1
136,2020,7,6,1.0333045277748498,2.002256677758863,1
136,2020,8,8,0.136275291082334,1.8375770977104726,1
136,2020,9,10,1.2911744667555274,1.9862789634710396,1
136,2020,10,8,0.1466170378204649,1.6662732732269325,1
136,2020,11,6,0.4551718788753851,1.6002939391152953,1
136,2020,12,9,0.2112011704995118,1.9425074229935915,1
136,2021,1,10,1.4386073863423503,1.9361327801995443,1
136,2021,2,3,0.6773698652881652,1.5468414184214991,1
136,2021,3,13,0.9927771828208064,2.1078471174606572,1
136,2021,4,9,0.1127203577043293,1.8097289859495216,1
136,2021,5,5,0.8795900047037744,2.0311589654204574,1
136,2021,6,13,0.8795900047037744,2.004938872232463,1
136,2021,7,9,0.0573705503270374,1.1468165383551496,1
136,2021,8,4,0.2931428157797693,1.6669518047678564,1
136,2021,9,13,0.6773698652881652,1.9555278494282209,1
136,2021,10,12,0.9909261016682848,1.9932771406055367,1
136,2021,11,8,0.4499170024414317,1.8608349500494072,1
136,2021,12,8,0.1515091129218851,1.5639166185357722,1
136,2022,1,11,1.437889369111313,2.0446154259178915,1
136,2022,2,5,1.7296841977738997,2.1751406440579792,1
136,2022,3,5,1.7063320958759058,2.0219042746706224,1
136,2022,4,8,0.8795903310172823,1.9478935570902605,1
136,2022,5,22,0.1763414280491867,1.7644386132732999,1
136,2022,6,12,0.1843157571249689,1.7958187262470309,1
136,2022,7,9,0.097496978895248,1.431879636151252,1
136,2022,8,9,1.2619360845247591,2.1048980331056604,1
136,2022,9,10,0.1662663237163251,1.7446605617639253,1
136,2022,10,11,0.7217909848892176,1.9911758184152446,1
136,2022,11,8,1.286794242895752,1.764447640776267,1
136,2022,12,6,1.5344205485298157,2.142116075305172,1
136,2023,1,12,0.8471687032989162,2.0579296320009246,1
136,2023,2,7,1.57197833994489,2.0268219450199,1
136,2023,3,11,1.729683268399764,2.2254560271967248,1
136,2023,4,9,0.6511309273531163,1.6186947737160755,1
136,2023,5,13,0.8473595789267845,2.0256340216014097,1
136,2023,6,12,0.1765329906959655,1.6179971167588434,1
136,2023,7,6,1.52399471834535,1.9752744391902912,1
136,2023,8,6,0.1835710375860633,1.579176117719548,1
136,2023,9,9,1.336044218977824,2.047031317160286,1
136,2023,10,7,0.1835710375860633,1.7059135215575634,1
136,2023,11,10,0.4473691590367559,1.7296644226959035,1
136,2023,12,9,0.6852293158252242,1.4874420924221785,1
136,2024,1,8,0.6561235486738298,1.866025836904109,1
136,2024,2,7,0.1770852624566156,1.8369648608080662,1
136,2024,3,11,1.648150642073471,2.0859720856133346,1
136,2024,4,3,1.9015371320390249,2.2168066392979644,1
136,2024,5,5,0.568726201309961,1.5137130085076653,1
136,2024,6,3,1.5698645773126354,1.9681171586680064,1
136,2024,7,8,0.5847657928582487,1.3608219533582955,1
136,2024,8,9,1.3144710741501653,2.055783626681686,1
136,2024,9,12,0.1835356522838536,1.4868323745432386,1
136,2024,10,9,0.8263607963911611,1.8874628506725166,1
136,2024,11,8,1.150769710824148,1.7467011819600144,1
136,2024,12,8,0.207414989806107,1.5358408805424126,1
137,2017,1,14,0.0801673214434208,1.4111826879472855,1
137,2017,2,11,0.170557067583421,1.270367424569918,1
137,2017,3,15,0.0828572051782042,1.287126662844634,1
137,2017,4,14,0.1412759225787768,1.6148182971141425,1
137,2017,5,9,0.3470018240810962,1.4744449281933187,1
137,2017,6,13,0.5769231961074035,1.4973695547602948,1
137,2017,7,6,0.2438445417269787,0.9375402470809603,1
137,2017,8,5,0.8016980121237218,1.3833421692285772,1
137,2017,9,12,0.1412759225787768,1.0237479056842225,1
137,2017,10,16,0.7711778104587841,1.4794031152917366,1
137,2017,11,13,0.4022683754481866,1.3193348063540284,1
137,2017,12,14,0.3673591273926138,1.312185671300707,1
137,2018,1,12,0.3173143336606712,1.0865626449862422,1
137,2018,2,11,0.1298255357569337,1.320742828262208,1
137,2018,3,15,0.8409046823143638,1.5677473847452965,1
137,2018,4,17,0.0440464882566245,1.3807022313967452,1
137,2018,5,20,0.1412759225787768,1.255656124115513,1
137,2018,6,17,0.0801673214434208,1.2655615261949367,1
137,2018,7,15,0.2911047721160733,1.181000849176827,1
137,2018,8,15,0.4553877300441519,1.274510220592137,1
137,2018,9,19,0.1412759225787768,1.1597638434538222,1
137,2018,10,20,0.1412759225787768,1.3849316834694663,1
137,2018,11,11,0.3470018240810962,1.3958730536430648,1
137,2018,12,13,1.1993940843421638,1.858519594864,1
137,2019,1,13,0.2746363610421437,1.1284009153065468,1
137,2019,2,13,0.6357497162943667,1.4198868885682248,1
137,2019,3,12,0.3016524557813356,1.5527553368442095,1
137,2019,4,12,0.3202714314522493,1.1815856615901887,1
137,2019,5,8,1.3330609080658824,1.854327091135036,1
137,2019,6,16,0.4646920648391719,1.440516016480175,1
137,2019,7,9,0.5463858913489344,1.3957716614863847,1
137,2019,8,15,0.6623598977526156,1.4526848178738092,1
137,2019,9,16,0.1037664262102927,1.318638359943272,1
137,2019,10,17,0.3098633396810139,1.2545364207998386,1
137,2019,11,11,0.3038151811348438,1.701032541234898,1
137,2019,12,11,0.7246324215486466,1.3595801179146492,1
137,2020,1,18,0.9766645298295924,1.7594106467955424,1
137,2020,2,13,0.3939691876027545,1.3559090296016336,1
137,2020,3,4,0.6126984706662052,1.10663890989533,1
137,2020,4,3,0.3202714314522493,0.628003785282761,1
137,2020,5,4,1.4478129759374134,1.776523564776506,1
137,2020,6,6,0.355267285819521,1.4732694653641312,1
137,2020,7,11,0.2212658341324323,1.2992373998285711,1
137,2020,8,13,0.7732160322711281,1.6180168974990887,1
137,2020,9,13,0.3154155637469185,1.3601485935246012,1
137,2020,10,13,0.3316454106095663,1.5424381825995799,1
137,2020,11,9,0.5525710462236633,1.2906904853758387,1
137,2020,12,4,0.355267285819521,0.8872020261868325,1
137,2021,1,9,0.3154155637469185,1.4723297851707262,1
137,2021,2,7,0.3748704313795258,1.3157730812563275,1
137,2021,3,4,0.7033811183395575,1.5767645102074952,1
137,2021,4,7,0.6357497162943667,1.428787619914887,1
137,2021,5,15,0.3154155637469185,1.364901976547185,1
137,2021,6,10,0.3756047705234551,1.5719843339537833,1
137,2021,7,5,0.5577786894235548,1.3152881383641968,1
137,2021,8,9,0.5660602183662833,1.4636311144659226,1
137,2021,9,18,0.6357497162943667,1.4109844367076687,1
137,2021,10,18,0.380360153127226,1.48548854291603,1
137,2021,11,17,0.2293403703472817,1.4010917998644217,1
137,2021,12,21,0.2746363610421437,1.4048556952435807,1
137,2022,1,9,0.2033919509150503,1.1415992732985247,1
137,2022,2,9,0.1420889312496201,1.6139936019296834,1
137,2022,3,13,0.4564100435225908,1.4151396073387017,1
137,2022,4,16,0.3016526568995036,1.5317504587755386,1
137,2022,5,18,0.4246435486435557,1.5079309102935312,1
137,2022,6,14,0.555224675307227,1.6017041187464565,1
137,2022,7,11,0.1269223972902629,1.4796436296505717,1
137,2022,8,20,0.284249790655726,1.4718846794482725,1
137,2022,9,19,0.5940866834448865,1.4675937218116786,1
137,2022,10,17,0.3552678303932481,1.57170140947767,1
137,2022,11,9,0.7071896151793763,1.3403421276546597,1
137,2022,12,9,0.8584935863954739,1.4188511462238376,1
137,2023,1,12,0.7706607804479961,1.7108271924464464,1
137,2023,2,12,0.3552931230649628,1.1677396589093019,1
137,2023,3,14,0.3748710703637622,1.3150338648246365,1
137,2023,4,14,0.1094922672046323,1.1679607892286992,1
137,2023,5,21,0.3747579144255165,1.4673838368499779,1
137,2023,6,21,0.3747579144255165,1.3693821173415086,1
137,2023,7,8,0.3129258716673791,1.2880919320353152,1
137,2023,8,4,0.3577417958476503,0.9168289611472842,1
137,2023,9,18,0.4553876547794923,1.4889743502695785,1
137,2023,10,17,0.2980029095080332,1.4105832539569694,1
137,2023,11,11,0.5202518815520241,1.2557992258859019,1
137,2023,12,9,0.3129258716673791,1.093355428119501,1
137,2024,1,7,0.3747579144255165,1.2822115244924126,1
137,2024,2,9,0.3313041658330148,1.415531346387049,1
137,2024,3,11,0.5046154523785086,1.3661343560603945,1
137,2024,4,13,0.3794792601472292,1.3991972693270012,1
137,2024,5,14,0.3747579144255165,1.3148167429986235,1
137,2024,6,16,0.7194692485106542,1.5442463897472725,1
137,2024,7,10,1.308035786476897,1.7329431316688741,1
137,2024,8,6,1.2009169498210293,1.8633803724723208,1
137,2024,9,26,0.4489426741831253,1.5412754577784182,1
137,2024,10,27,0.5134661198342412,1.5849018161080382,1
137,2024,11,19,0.1094922672046323,1.4071724430690635,1
137,2024,12,8,0.3747579144255165,1.4596273562193944,1
138,2017,1,14,0.0100173453971123,1.364540760731648,1
138,2017,2,11,0.1829920806326717,1.2306524625936537,1
138,2017,3,15,0.0689113482755394,1.2547757599477223,1
138,2017,4,14,0.0689113482755394,1.60048156975221,1
138,2017,5,10,0.3885081452727532,1.554040746655053,1
138,2017,6,13,0.6324845060207079,1.47217347312414,1
138,2017,7,6,0.1903378830456075,0.9354147664022171,1
138,2017,8,5,0.741349830887634,1.3161056432832232,1
138,2017,9,12,0.0689113482755394,0.9823767557352833,1
138,2017,10,16,0.6933220284504443,1.4573340682052713,1
138,2017,11,13,0.3839653152004588,1.2861246134060795,1
138,2017,12,14,0.3006345139898844,1.2640909820271897,1
138,2018,1,13,0.374640173758574,1.1967958141432928,1
138,2018,2,11,0.0650467114783457,1.2852628698384454,1
138,2018,3,15,0.8412600359796936,1.5515069028095003,1
138,2018,4,17,0.062458047260018,1.3557028162790719,1
138,2018,5,20,0.0689113482755394,1.2087782804931286,1
138,2018,6,17,0.0100173453971123,1.2318039476769063,1
138,2018,7,15,0.2372694274374383,1.1686064555820421,1
138,2018,8,15,0.4763693519588715,1.2551641791561177,1
138,2018,9,19,0.0689113482755394,1.12776505507481,1
138,2018,10,20,0.0689113482755394,1.3643234999134894,1
138,2018,11,11,0.3885081452727532,1.396977039136697,1
138,2018,12,13,1.2105770713880113,1.8409507212780452,1
138,2019,1,13,0.2036962175501072,1.1207282601184791,1
138,2019,2,13,0.5759321930887272,1.3823095175008793,1
138,2019,3,13,0.2368661874720734,1.5856002849562985,1
138,2019,4,12,0.3776376139475219,1.1914117289984774,1
138,2019,5,9,1.30549731282208,1.8947079846823673,1
138,2019,6,17,0.4049216680047718,1.466856637913159,1
138,2019,7,9,0.5567416089521313,1.3731348160319004,1
138,2019,8,15,0.6021863547557806,1.4200865347856226,1
138,2019,9,16,0.0470872951951647,1.2905076393876322,1
138,2019,10,17,0.2517308029537206,1.2210148928705638,1
138,2019,11,11,0.3608547108453955,1.6740673178488699,1
138,2019,12,12,0.6642951596606864,1.4114911850703702,1
138,2020,1,17,0.8998552491713565,1.6844899577411234,1
138,2020,2,13,0.4260405748529659,1.338820612696579,1
138,2020,3,4,0.5759321930887272,1.0710242433126052,1
138,2020,4,3,0.3776376139475219,0.6700326881706927,1
138,2020,5,4,1.422772068944908,1.7741927642001063,1
138,2020,6,6,0.2968178289010348,1.411425127675234,1
138,2020,7,11,0.1691255989275524,1.284460734132869,1
138,2020,8,13,0.6953580717151877,1.568023775346443,1
138,2020,9,13,0.3749385920282952,1.3161851205379358,1
138,2020,10,13,0.2733957725014818,1.517498331987578,1
138,2020,11,9,0.4924765472206958,1.267743025895843,1
138,2020,12,4,0.2968178289010348,0.8487173358815885,1
138,2021,1,9,0.3749385920282952,1.4503133194352562,1
138,2021,2,7,0.3152843689789059,1.3008376705246718,1
138,2021,3,4,0.760890354070836,1.5684658487889462,1
138,2021,4,7,0.5759321930887272,1.3975838696444818,1
138,2021,5,15,0.3749385920282952,1.3448618830737435,1
138,2021,6,10,0.4117961517052955,1.5392050425372124,1
138,2021,7,5,0.4969800074942527,1.2744735839562178,1
138,2021,8,9,0.5059295088436021,1.4283806368254555,1
138,2021,9,18,0.5759321930887272,1.3620469808802627,1
138,2021,10,18,0.3725519195651239,1.4504698827373412,1
138,2021,11,17,0.1766217619354748,1.3710959444404698,1
138,2021,12,21,0.2036962175501072,1.364817809902456,1
138,2022,1,9,0.2617942496191207,1.1192775635820655,1
138,2022,2,9,0.083943975109334,1.5931182480338089,1
138,2022,3,13,0.4774176558695029,1.4002380062163733,1
138,2022,4,16,0.2368664560800723,1.4905715664057735,1
138,2022,5,18,0.3652278121275764,1.4759310917084956,1
138,2022,6,14,0.5647384996728564,1.5641320718977103,1
138,2022,7,11,0.0686053950619341,1.4455857627924549,1
138,2022,8,20,0.295280216132593,1.4445415833516972,1
138,2022,9,19,0.5534997219244232,1.440599038351201,1
138,2022,10,17,0.2968183992551595,1.54200225772048,1
138,2022,11,9,0.6858298494029034,1.3011164158368045,1
138,2022,12,9,0.79856148722366,1.3785766572509326,1
138,2023,1,12,0.8366101372274645,1.6886969373761715,1
138,2023,2,12,0.3152850203566466,1.1329018700427582,1
138,2023,3,15,0.3152850203566466,1.3551203647132692,1
138,2023,4,15,0.0715221172174132,1.2373232637282097,1
138,2023,5,20,0.3151357941432304,1.3765752827750357,1
138,2023,6,21,0.3151357941432304,1.3551547592221975,1
138,2023,7,9,0.3723767142764673,1.402243842847669,1
138,2023,8,4,0.3683011137710084,0.8998403536810837,1
138,2023,9,18,0.4763693437386656,1.466083644719023,1
138,2023,10,17,0.2331871481610455,1.3976934969135655,1
138,2023,11,11,0.4602613479535039,1.2472864428361428,1
138,2023,12,9,0.2915437891509904,1.0957415794949732,1
138,2024,1,7,0.3151357941432304,1.2492093627596617,1
138,2024,2,9,0.3715971700837861,1.3962683724114902,1
138,2024,3,11,0.4446693332473859,1.3214934807934975,1
138,2024,4,13,0.3724165361340163,1.3858021330110186,1
138,2024,5,15,0.3151357941432304,1.3632836886408453,1
138,2024,6,16,0.6591173904778665,1.523602291076629,1
138,2024,7,10,1.2679801025257091,1.7203066069269237,1
138,2024,8,6,1.143526180343635,1.8610931176158279,1
138,2024,9,26,0.3786877563937674,1.508338586613989,1
138,2024,10,28,0.5473566936695452,1.5910848633260195,1
138,2024,11,19,0.0661026199229552,1.373141438343497,1
138,2024,12,9,0.3151357941432304,1.5511178963410093,1
139,2017,1,2,0.9059773872757572,1.1377206814022498,1
139,2017,2,2,0.9217695180435296,1.243063565080047,1
139,2017,3,2,1.026404886812064,1.3870209807978244,1
139,2017,4,1,1.293392921882318,1.293392921882318,1
139,2017,5,3,0.9217886960954226,1.4520414012733107,1
139,2017,6,2,0.9347192750982392,1.683475297521778,1
139,2017,7,2,0.8690673238070759,0.9023844652277629,1
139,2017,8,3,1.1584371746266064,1.4175831937775587,1
139,2017,9,4,0.7490618957635863,1.2715534052079887,1
139,2017,10,3,0.7478474996475981,0.9465107333694118,1
139,2017,11,1,0.5347960840765433,0.5347960840765433,1
139,2017,12,3,1.2094443945891136,1.8878371795565698,1
139,2018,1,2,0.6935815491240801,1.450694533600857,1
139,2018,3,2,0.921847799188986,1.0656460968890498,1
139,2018,4,2,0.1044122032217561,0.941243596959921,1
139,2018,5,3,0.0694315815321738,0.7203720939976038,1
139,2018,6,1,2.207807518077634,2.207807518077634,1
139,2018,8,1,2.489752503530259,2.489752503530259,1
139,2018,9,3,0.492982317233051,1.3554336066535413,1
139,2018,10,3,0.9059773872757572,1.0726234125540421,1
139,2018,11,3,0.1046582041936489,1.646784625828385,1
139,2018,12,2,0.9059773872757572,1.2776286976692934,1
139,2019,3,2,1.383171835982072,1.5039007899447892,1
139,2019,4,1,0.3568252636418282,0.3568252636418282,1
139,2019,5,3,0.9056916906213692,1.4528177409914695,1
139,2019,6,2,0.9062922731296243,1.3051964768904576,1
139,2019,7,2,0.4686973209708586,0.812348330456536,1
139,2019,8,2,0.9302863744445532,1.1119566942601198,1
139,2019,9,4,0.4686973209708586,0.690166489709293,1
139,2019,10,2,0.3021542076711512,0.6100102863466491,1
139,2019,11,3,1.0886951316484454,1.1543866811316266,1
139,2019,12,3,0.450283625538332,0.8081333506300995,1
139,2020,1,2,0.6669702941754334,1.1855354874133621,1
139,2020,2,2,0.9062922731296243,1.657284183619293,1
139,2020,3,2,0.0821432488718024,0.500201231028416,1
139,2020,4,2,0.6130899568564744,1.2288820571529202,1
139,2020,5,1,1.4601143965035412,1.4601143965035412,1
139,2020,6,1,0.1718145381822483,0.1718145381822483,1
139,2020,7,2,0.5344273723901117,0.9776856544192494,1
139,2020,8,5,0.383117721291867,0.8505198253609401,1
139,2020,9,2,1.0265436664918857,1.3276738462032553,1
139,2020,11,2,0.9056916906213692,1.5291426075511527,1
139,2021,1,3,0.7664075542068163,1.7624213110772822,1
139,2021,2,2,0.4686973209708586,0.5743967543761612,1
139,2021,3,1,0.9056916906213692,0.9056916906213692,1
139,2021,4,2,0.6764057750775692,1.0488202522968249,1
139,2021,5,2,0.068276268689359,0.4952085055810311,1
139,2021,6,2,1.4709663420050014,1.5299210746079144,1
139,2021,8,3,0.068276268689359,0.803810601344748,1
139,2021,9,6,0.6853987068678183,1.1900878382863753,1
139,2021,10,3,0.8500657936243439,0.9925460350932876,1
139,2021,11,3,0.5023840703047684,0.8569493848774435,1
139,2022,1,3,0.4925617499618382,1.3979359881352293,1
139,2022,2,2,0.403291648214583,1.075464361499084,1
139,2022,3,1,2.3562354396307805,2.3562354396307805,1
139,2022,4,4,0.3614251195065059,0.578849194744883,1
139,2022,5,7,0.3166481881882545,0.976473726501933,1
139,2022,6,3,1.2309621018104109,1.6248136576852257,1
139,2022,7,1,0.9056923748943132,0.9056923748943132,1
139,2022,9,4,0.9041677117789826,1.449821185653771,1
139,2022,10,1,0.8500651214652938,0.8500651214652938,1
139,2022,11,3,0.915810722060316,1.0916768982325482,1
139,2022,12,3,0.8582140360962303,1.5714971642244588,1
139,2023,1,3,2.138757633923615,2.1921710441402573,1
139,2023,2,4,0.3568255097544912,1.4312167556317577,1
139,2023,3,2,1.0697452060648782,1.6443114776567285,1
139,2023,4,3,0.921844131432151,1.3205785254167008,1
139,2023,5,7,0.9151803879179952,1.4976030832716576,1
139,2023,6,6,0.4183536385326649,1.5007692286049794,1
139,2023,7,1,0.9299402665344748,0.9299402665344748,1
139,2023,8,3,0.1401084592729944,1.2982813269280113,1
139,2023,9,5,0.0694314156971201,1.02227032047551,1
139,2023,10,4,0.9505785776952436,1.2024201098675842,1
139,2023,11,3,1.3303644929611416,1.3844956759432128,1
139,2023,12,2,0.8500651326853065,1.0106781218191245,1
139,2024,1,1,0.6544035513101158,0.6544035513101158,1
139,2024,2,2,0.9336303933690668,1.2657130886137222,1
139,2024,3,4,0.969829254206498,1.2143626280052344,1
139,2024,4,5,0.9151803879179952,1.5926746587271159,1
139,2024,5,4,0.0694314156971201,1.1048650350126787,1
139,2024,7,6,0.1495164705197895,0.8735069019166267,1
139,2024,8,8,0.9218056672361492,1.536436507951154,1
139,2024,9,3,1.1126701106738517,1.2386657408535153,1
139,2024,10,2,0.933993382281076,1.5710433002591762,1
139,2024,11,5,0.929136603928598,1.7062149481632467,1
139,2024,12,1,1.3451615009250817,1.3451615009250817,1
140,2017,1,15,0.1960157556842837,1.1806767427754359,1
140,2017,2,13,0.2847080691490219,1.1304076868973103,1
140,2017,3,19,0.049638296669573,1.2924644933691176,1
140,2017,4,14,0.0821128761897379,1.5706985709230774,1
140,2017,5,11,0.5467318254189026,1.424406224530243,1
140,2017,6,16,0.3055527572719448,1.3708724909669425,1
140,2017,7,5,1.0238496832419337,1.3269202683395263,1
140,2017,8,7,0.4628051819644861,1.1694698493141746,1
140,2017,9,14,0.4003911489659482,1.2619122263786267,1
140,2017,10,18,0.1608593913101219,1.3613214442450638,1
140,2017,11,18,0.1226514781148354,1.3896469845777089,1
140,2017,12,18,0.4847729503184194,1.2700051195660473,1
140,2018,1,16,0.3933681963664058,1.5615871738022755,1
140,2018,2,14,0.3293735056344081,1.2506074199612665,1
140,2018,3,14,0.3355675356990702,1.3145565147567775,1
140,2018,4,21,0.2248771341118637,1.3004530217240282,1
140,2018,5,24,0.0748895670584758,1.1275384649416815,1
140,2018,6,22,0.0592645863957836,1.261336583577022,1
140,2018,7,17,0.3035476090943187,1.3407700785342183,1
140,2018,8,15,0.6925950426622131,1.216259862335948,1
140,2018,9,20,0.1221935738282432,1.226633956498396,1
140,2018,10,20,0.2248771341118637,1.265346158445762,1
140,2018,11,14,0.6476748234563271,1.5677575016144638,1
140,2018,12,12,0.1391136544673036,1.5798722725643977,1
140,2019,1,13,0.1607023965317245,1.4946614556152826,1
140,2019,2,14,0.6540757632212696,1.1989615994574465,1
140,2019,3,15,0.4104007310645111,1.2812359688114279,1
140,2019,4,14,0.2285035802917012,1.7042090765413211,1
140,2019,5,9,0.6044121116823483,1.2409680572155175,1
140,2019,6,20,0.1728950893205175,1.3104768985924315,1
140,2019,7,8,0.0206368907455958,0.9660781265874782,1
140,2019,8,15,0.0906378414036026,1.2020641621219412,1
140,2019,9,19,0.0572950685326165,1.2827311111379953,1
140,2019,10,20,0.1585513610930851,1.2424079880123384,1
140,2019,11,17,0.2285135668364085,1.417433575882633,1
140,2019,12,15,0.1585513610930851,1.2000396522432646,1
140,2020,1,17,0.3367756127169278,1.1672926885068329,1
140,2020,2,14,0.6044121116823483,1.4081213217876274,1
140,2020,3,7,0.6130189137938685,1.3436471780621875,1
140,2020,4,4,1.5400516991574535,1.9100301057898956,1
140,2020,5,4,0.4204474133693556,1.4026678894478013,1
140,2020,6,11,0.5885438119111362,1.3338851143040915,1
140,2020,7,12,0.2285035802917012,1.425503144667015,1
140,2020,8,14,0.285344911225395,1.0058603246787075,1
140,2020,9,16,0.3341607446618989,1.2696002806704958,1
140,2020,10,20,0.6021192462616097,1.53873029473346,1
140,2020,11,10,0.6959984384166451,1.2697972004539282,1
140,2020,12,5,0.9171268411276112,1.2985972299425068,1
140,2021,1,9,0.1354623008912066,1.0155542363339447,1
140,2021,2,8,0.1585513610930851,1.522971973577801,1
140,2021,3,5,1.0070769408504214,1.6166005119124183,1
140,2021,4,9,0.4813497239355457,1.4115791562720283,1
140,2021,5,13,0.311004861081718,0.9670126203924156,1
140,2021,6,13,0.3239456757609786,1.365349688531153,1
140,2021,7,7,0.3540932699710075,1.26397055553992,1
140,2021,8,10,0.3205492008835971,1.2755357188059362,1
140,2021,9,22,0.3383688468925945,1.1741654037824092,1
140,2021,10,19,0.3409884456903692,1.195538687430506,1
140,2021,11,16,0.302019855912474,1.1195827975464172,1
140,2021,12,23,0.1116175698148561,1.1249038082923817,1
140,2022,1,10,0.5362058264746626,1.2479954351507305,1
140,2022,2,11,0.285344911225395,1.5448963108127378,1
140,2022,3,14,0.7403783348521825,1.5033457000188613,1
140,2022,4,17,0.058949964784975,1.1821146986523454,1
140,2022,5,20,0.1994623822165677,1.37015909820317,1
140,2022,6,15,0.3703074586593851,1.2676481215898858,1
140,2022,7,12,0.2452802356954134,1.197804994760363,1
140,2022,8,21,0.2853448723792603,1.3982471599181474,1
140,2022,9,19,0.2759394939745411,1.3673152775633188,1
140,2022,10,20,0.4121260879888549,1.2768951648705356,1
140,2022,11,12,0.1585509150549755,1.2322430276516496,1
140,2022,12,9,0.058949964784975,0.9585697868054246,1
140,2023,1,12,0.6248591935046832,1.4195260538802381,1
140,2023,2,15,0.5149113533529148,1.3722355775532726,1
140,2023,3,17,0.3516346260574048,1.3238881894644734,1
140,2023,4,17,0.2865067537451572,1.5002001959799562,1
140,2023,5,22,0.1608590080001376,1.153949553387332,1
140,2023,6,24,0.0490317805266548,1.426712044917574,1
140,2023,7,11,0.5960544726116432,1.4723431152157926,1
140,2023,8,8,0.6800370554660724,1.4753837189517434,1
140,2023,9,19,0.0592647179907088,1.3418497640557845,1
140,2023,10,18,0.3375473276339872,1.422610954986395,1
140,2023,11,12,0.339106873689876,1.4727611330488297,1
140,2023,12,17,0.6848577586063026,1.7854581027646041,1
140,2024,1,10,0.3870618001750479,1.3723886598763142,1
140,2024,2,8,0.5509265456683715,1.1643307447865971,1
140,2024,3,14,0.4514515686143987,1.283163654900751,1
140,2024,4,13,0.8006766226565193,1.469751159316123,1
140,2024,5,15,0.2519892501697043,1.1605623214947065,1
140,2024,6,18,0.6058658598098315,1.507764283554427,1
140,2024,7,13,0.1152226770979236,1.5044139353873964,1
140,2024,8,5,0.9533074567372768,1.7292527263206405,1
140,2024,9,29,0.3184272629584971,1.2949912907008723,1
140,2024,10,28,0.0596338480582203,1.2551849992030923,1
140,2024,11,22,0.4824501568841239,1.3718144544494135,1
140,2024,12,13,0.2473275091663581,1.5522196097300784,1
141,2017,1,8,1.4161471728391457,1.9508406409362937,1
141,2017,2,4,1.2706063189792862,1.5286795378024602,1
141,2017,3,10,0.7318782353809462,1.9818590532526756,1
141,2017,4,3,1.1630586402800565,1.6154728878466738,1
141,2017,5,12,0.8712809643258018,1.7218991026186385,1
141,2017,6,10,0.790067504173048,1.6243122189752939,1
141,2017,7,5,0.9268720953039248,1.6145914349898256,1
141,2017,8,14,1.024992096755126,1.847999626132194,1
141,2017,9,8,0.8164652569825234,1.4713388949924462,1
141,2017,10,7,1.5275032044714971,2.084519222678552,1
141,2017,11,6,1.605000231585612,2.1078589246272217,1
141,2017,12,6,1.1630586402800565,1.468611544914537,1
141,2018,1,1,2.361349934751222,2.361349934751222,1
141,2018,2,6,1.1630586402800565,2.0339452004731107,1
141,2018,3,6,0.408840023582399,1.738609319003203,1
141,2018,4,11,1.092795936495221,1.7784965406605602,1
141,2018,5,7,1.2706063189792862,1.757874871982219,1
141,2018,6,9,0.7318782353809462,1.6694433119488385,1
141,2018,7,6,0.710363755068943,1.7150941357966352,1
141,2018,8,5,0.881376241918057,1.3599892143722094,1
141,2018,9,8,0.8993854125651323,1.862659277274118,1
141,2018,10,7,1.500165470441062,1.85091730790365,1
141,2018,11,6,1.2586562737256055,1.8311590830939546,1
141,2018,12,2,1.40244073767389,1.7930635388499194,1
141,2019,1,11,1.15745170436519,1.82787656171639,1
141,2019,2,5,1.391883959272463,1.7803137781914853,1
141,2019,3,9,1.466164231856593,1.8194569313992384,1
141,2019,4,4,1.3919493575684871,1.5722000924655537,1
141,2019,5,11,0.9175698459994822,1.5906926318990413,1
141,2019,6,8,0.8635638725662763,1.6515467629881313,1
141,2019,7,4,1.1872418686559434,1.5385040784507513,1
141,2019,8,6,1.4756468423519966,1.8797518208989592,1
141,2019,9,13,1.40244073767389,1.8609494098599682,1
141,2019,10,7,1.5451783760898838,1.7649509532642258,1
141,2019,11,9,1.2016921533361842,1.8378588813099301,1
141,2019,12,6,1.4250110684424402,1.715429814333098,1
141,2020,1,6,1.5734054299076392,1.76182246558154,1
141,2020,2,3,2.3257769909499264,2.3270125531496277,1
141,2020,3,4,1.9188801893391176,2.0826167744495114,1
141,2020,4,9,1.1929098736296777,1.7838193821472903,1
141,2020,5,6,1.5451783760898838,1.808535646668032,1
141,2020,6,6,0.5413921223613305,1.5947397983365128,1
141,2020,7,5,1.3205727283061413,2.115392775798461,1
141,2020,8,6,0.881376241918057,1.6184238968000735,1
141,2020,9,10,1.170598331927547,1.8694927821774978,1
141,2020,10,5,1.663209704743129,2.036322820601254,1
141,2020,11,4,1.7759495604499012,1.9234882311820833,1
141,2020,12,4,1.4161471728391457,1.9420932956802166,1
141,2021,1,7,1.3101276700868714,1.9344328872104515,1
141,2021,2,5,0.8136332783608615,1.7898511547622011,1
141,2021,3,6,1.3763897494504909,1.913430757665246,1
141,2021,4,10,1.40244073767389,1.8488920585319637,1
141,2021,5,12,1.3841521396232173,1.7959010603434526,1
141,2021,6,8,1.500165470441062,2.0099287489048514,1
141,2021,7,7,0.7018247023017002,1.8890445148139317,1
141,2021,8,8,0.408840023582399,1.4260487282471508,1
141,2021,9,8,1.3841521396232173,1.7989300108049746,1
141,2021,10,6,1.2664103939059217,2.1509077750527665,1
141,2021,11,7,0.8678015775917466,1.8486435271253143,1
141,2021,12,8,1.672182327960336,1.9610219168689897,1
141,2022,1,7,1.1479664667206475,1.612595647460827,1
141,2022,2,6,0.7260012804664372,1.7087360472198967,1
141,2022,3,8,0.5856021178227484,1.6993312032961145,1
141,2022,4,12,0.9634167619873888,1.9430313828185761,1
141,2022,5,9,0.7783692726484376,1.7955444676693912,1
141,2022,6,16,0.8024957226833677,1.7127180613679802,1
141,2022,7,8,0.4423796487593523,1.788072958993116,1
141,2022,8,12,0.9970777356748096,1.6655530820043734,1
141,2022,9,21,0.4128161486430419,1.7908198500316994,1
141,2022,10,10,1.416967922425976,1.9490564408913111,1
141,2022,11,6,0.2912124967180961,1.3896179056013234,1
141,2022,12,8,1.5700992301544845,1.9463048464387347,1
141,2023,1,13,1.376389149662657,1.9646957324879493,1
141,2023,2,15,0.4772429849682673,1.7364389687426085,1
141,2023,3,10,0.7017933583303201,1.5850321267823806,1
141,2023,4,9,0.802495203254283,1.7372467263944946,1
141,2023,5,8,1.432896334224914,2.028007151231114,1
141,2023,6,15,1.0460086109942583,1.7665408401552496,1
141,2023,7,6,1.4816499996007455,1.9124985421292975,1
141,2023,8,10,0.9062819253697004,1.731177668650859,1
141,2023,9,9,0.4088396849068662,1.7523336384716417,1
141,2023,10,10,1.2383542894263642,1.939321730730334,1
141,2023,11,17,0.7091189080224013,1.7659078234425911,1
141,2023,12,10,1.0619478508351248,1.9810717619276719,1
141,2024,1,6,1.2304632689820318,1.8000566841285848,1
141,2024,2,6,1.5001657232999022,1.748540077279378,1
141,2024,3,6,1.5326228484928894,1.897050411392895,1
141,2024,4,18,0.3903256419123913,1.7161292318029848,1
141,2024,5,14,0.6484438050791559,1.9470140698824256,1
141,2024,6,13,0.906267244847882,1.7745912468024587,1
141,2024,7,8,1.2138231303402327,1.7037321888010803,1
141,2024,8,8,0.9189000275402178,1.4347404755424726,1
141,2024,9,11,0.5550558127444558,1.8192624596421452,1
141,2024,10,16,0.6820126841461149,1.4990125315202671,1
141,2024,11,8,0.699464522683672,1.5794599558539129,1
141,2024,12,12,0.8164813959571741,1.8025638267915636,1
142,2017,1,11,0.6787335939772439,1.6883155958065827,1
142,2017,2,16,1.357947203551514,1.8844675411943808,1
142,2017,3,20,0.4378192623287829,1.8109564137244596,1
142,2017,4,12,0.7699926504499535,1.868927471356819,1
142,2017,5,16,0.6564714655027142,1.7258170657635898,1
142,2017,6,17,0.9805140284571778,1.8072248934649637,1
142,2017,7,10,0.6787335939772439,1.6933552782204917,1
142,2017,8,18,0.6282568864430738,1.5952649616804846,1
142,2017,9,20,0.602366288424867,1.8559167772465166,1
142,2017,10,13,0.9145056581577112,1.9448369684083302,1
142,2017,11,14,0.3295428438879623,1.6220617310875158,1
142,2017,12,16,1.1803705669500923,1.8699400428246689,1
142,2018,1,9,0.2285605610302623,1.4961783792698757,1
142,2018,2,12,0.2267571578438302,1.2749735010877508,1
142,2018,3,13,0.684602359859656,1.7914761343284757,1
142,2018,4,20,0.4937470640652727,1.6702988875620783,1
142,2018,5,15,0.2895110933439924,1.9822921982639972,1
142,2018,6,11,0.1145204773394853,1.4519825851977473,1
142,2018,7,9,0.2554551330810186,1.5313883521364446,1
142,2018,8,13,0.2789473206642921,1.5636645800783207,1
142,2018,9,10,0.5305795117033972,1.3787541567449648,1
142,2018,10,19,0.798315030966984,1.6996932295713585,1
142,2018,11,17,0.4653811020605709,1.5966277481113527,1
142,2018,12,12,0.6890919173102353,1.7184367084060845,1
142,2019,1,13,0.7953997676367409,1.8467492330720536,1
142,2019,2,11,0.2285948199465151,1.7007311707521402,1
142,2019,3,11,0.6265647956148387,1.6663764331939896,1
142,2019,4,17,0.8028829648059509,1.7689857272376828,1
142,2019,5,11,1.014405709632216,1.7140381278576706,1
142,2019,6,18,0.5918663027879525,1.7850911490384958,1
142,2019,7,15,0.514267899368567,1.6914178676035896,1
142,2019,8,16,0.7414194670457248,1.6436850069385742,1
142,2019,9,11,1.2044842745885835,1.973644196897873,1
142,2019,10,9,1.1669304767397153,1.88503834400838,1
142,2019,11,8,1.651741878577063,1.9835000297304024,1
142,2019,12,9,0.0465936026314612,1.9531888471814567,1
142,2020,1,13,1.2462583966947551,1.731436401056763,1
142,2020,2,16,1.1693967102824163,1.9036807385621766,1
142,2020,3,11,0.2511880981224165,1.2266053084609807,1
142,2020,4,2,1.3354637573888215,1.5676023899254592,1
142,2020,5,5,1.528266299728828,1.7778959278866449,1
142,2020,6,11,0.2457771177775056,1.7032374980598832,1
142,2020,7,11,0.7874372017454071,1.579596148931074,1
142,2020,8,8,1.0375587906959902,1.9372699909140676,1
142,2020,9,12,0.7181573688507863,1.5989024352377161,1
142,2020,10,12,0.6728511395076101,1.5972229773346476,1
142,2020,11,9,0.3973054038091387,1.6561185781527454,1
142,2020,12,9,0.6905576442430283,1.606623122707652,1
142,2021,1,5,0.5361349756029339,1.4807167246232709,1
142,2021,2,9,0.8312950942158986,1.7905797701832635,1
142,2021,3,9,0.5795263910714213,1.6740047642129854,1
142,2021,4,10,1.4254333991925878,2.0486078333818796,1
142,2021,5,11,0.9100886745118026,1.6848047032623215,1
142,2021,6,9,0.1715996269259536,1.779290797809785,1
142,2021,7,11,0.9989788146726948,1.7233261117290086,1
142,2021,8,7,0.5579429310919286,1.6317442751325086,1
142,2021,9,16,0.2240957027614604,1.771299510998432,1
142,2021,10,19,0.9944874099754132,2.0465496039486304,1
142,2021,11,9,1.0964963216366257,1.817304450172518,1
142,2021,12,6,1.1699198711069427,1.6918221185444482,1
142,2022,1,10,1.542688268604722,1.9400326848596674,1
142,2022,2,16,1.1514226234603644,2.0598694734701923,1
142,2022,3,16,0.228595227394431,1.7036677766451116,1
142,2022,4,15,1.008203002230558,1.7964185872672325,1
142,2022,5,26,0.2285952368516227,1.733372051001448,1
142,2022,6,8,1.046536647905464,1.697062210775608,1
142,2022,7,15,0.6682172016202621,1.6146653414985377,1
142,2022,8,16,0.5579432556381424,1.618635524218009,1
142,2022,9,19,0.4718967874814403,1.5941459816761991,1
142,2022,10,14,0.036539506229796,1.7239990001721284,1
142,2022,11,16,0.6905578438416224,1.706980096805488,1
142,2022,12,13,1.506598250985742,2.056950491028594,1
142,2023,1,6,1.9358048153816168,2.1783265866040287,1
142,2023,2,8,1.0320567261304456,1.6413174115155789,1
142,2023,3,18,1.008203012619383,1.8009752639397272,1
142,2023,4,14,0.0484342491092603,1.7442777855818312,1
142,2023,5,18,0.5706715429904587,1.570192915818746,1
142,2023,6,14,0.1608746508150268,1.4879959106047795,1
142,2023,7,12,1.5641562009735694,2.0825989344681664,1
142,2023,8,16,1.0043498088703238,1.8369806371235744,1
142,2023,9,19,0.6144001529667945,1.635875430300154,1
142,2023,10,16,0.4455088984492905,1.875141229139616,1
142,2023,11,19,0.5930583370450511,1.5004541368711504,1
142,2023,12,10,1.0081109745660828,1.8276214328947067,1
142,2024,1,14,0.2568132194957897,1.5462464838429006,1
142,2024,2,9,0.6728511211033699,1.8755804483271394,1
142,2024,3,17,1.1154284318045813,1.7375613146204094,1
142,2024,4,5,0.2592015726001352,1.6421023754752526,1
142,2024,5,16,0.2285952852988824,1.5603384892069958,1
142,2024,6,15,1.314668953032914,1.9271245679013191,1
142,2024,7,14,1.067960858182208,1.9279715185951272,1
142,2024,8,10,0.5585294820787826,1.9678433843859082,1
142,2024,9,11,0.3495900964470501,1.714424886098187,1
142,2024,10,18,0.8421543415633221,1.8096974551711815,1
142,2024,11,13,0.0484342491092603,1.7543589131074495,1
142,2024,12,8,0.8812595607957624,1.5613976692180729,1
143,2017,1,12,0.4165186651611846,1.4487879757010456,1
143,2017,2,18,0.1609409629648198,0.9528701801976371,1
143,2017,3,18,0.4700862569906616,1.3824789803561277,1
143,2017,4,7,0.4844500179434238,1.1076142162363494,1
143,2017,5,20,0.3158592475760789,1.2616909783018397,1
143,2017,6,25,0.2139961613924801,1.1861399257563685,1
143,2017,7,14,0.5696356026634196,1.612323002759434,1
143,2017,8,19,0.4573955288889771,1.2882615387290477,1
143,2017,9,21,0.3832826591223333,1.4315138176307673,1
143,2017,10,20,0.4931171953485729,1.3160522824505365,1
143,2017,11,11,0.1525320895570208,1.1870306571961335,1
143,2017,12,9,0.1927369017578568,1.1585488107497197,1
143,2018,1,16,0.3327329077996488,1.1056438941377356,1
143,2018,2,14,0.4176433867467361,1.1384508305246157,1
143,2018,3,19,0.1487290468679414,1.0259843799848982,1
143,2018,4,19,0.5571344737860139,1.3137728592248763,1
143,2018,5,19,0.4340749211250267,1.1890697683924827,1
143,2018,6,30,0.1231127251269394,1.2050876448014904,1
143,2018,7,23,0.1270757814162317,1.2239446954101008,1
143,2018,8,11,0.7097969932251686,1.263032700000796,1
143,2018,9,23,0.489099148173428,1.2203761938709148,1
143,2018,10,24,0.484600409186854,1.3068812134524057,1
143,2018,11,26,0.4823514945101654,1.4312986082180348,1
143,2018,12,14,0.5067522350334287,1.399011413199753,1
143,2019,1,16,0.4393715028193538,1.6590391480480156,1
143,2019,2,28,0.2489108233154489,1.3714480759415668,1
143,2019,3,9,0.5407740442592806,1.4233681708864123,1
143,2019,4,15,0.0169864580734966,1.3873881306271818,1
143,2019,5,18,0.5623540322575269,1.3679542289457454,1
143,2019,6,17,0.507669675112178,1.3087942924784248,1
143,2019,7,13,0.5397452960397036,1.1210613753137424,1
143,2019,8,13,0.588385284355514,1.3761364946942296,1
143,2019,9,23,0.333475553021378,1.5638332715075076,1
143,2019,10,22,0.4888436728618918,1.3546227331077387,1
143,2019,11,14,0.5238076213503646,1.4295576180218337,1
143,2019,12,16,0.5244120240472709,1.3724267053120196,1
143,2020,1,19,0.1689593381465678,1.5059719736399952,1
143,2020,2,16,0.1740783576408766,1.3165755348452333,1
143,2020,3,9,0.7869518249784192,1.5331808189213296,1
143,2020,4,2,0.315667741519458,0.935227993831956,1
143,2020,5,7,0.2643040870702297,1.4895245655480756,1
143,2020,6,17,0.3011365692230814,1.5003660028638457,1
143,2020,7,14,0.0587614916155162,1.1292885006910247,1
143,2020,8,15,0.427471912978519,1.3760230048523647,1
143,2020,9,22,0.1740783576408766,1.2322987509000027,1
143,2020,10,15,0.1417491065396488,1.3548615708366532,1
143,2020,11,15,0.5385446556165523,1.503991329433762,1
143,2020,12,10,0.1541073220327861,1.047179195330079,1
143,2021,1,11,0.3364524096312216,1.3841577240621648,1
143,2021,2,11,0.1588016534459843,1.0724258462086327,1
143,2021,3,10,0.1973041827950932,1.1480807445684869,1
143,2021,4,10,0.8465858398703503,1.3255170208031397,1
143,2021,5,12,0.1387781761003498,0.8979106673907137,1
143,2021,6,21,0.1273039624950105,1.3655620598450773,1
143,2021,7,8,0.1816705152608314,1.2828154988449259,1
143,2021,8,20,0.4603518580776823,1.0828590078749447,1
143,2021,9,16,0.3303266308171886,0.8691889177705011,1
143,2021,10,26,0.4694246550117739,1.4645698949488102,1
143,2021,11,7,0.5005695587740537,1.5513674743395314,1
143,2021,12,13,0.4765421837179197,1.0706725852735455,1
143,2022,1,13,0.507669675112178,1.0504948751585732,1
143,2022,2,18,0.1273039624950105,1.1464237760618692,1
143,2022,3,13,0.4483739594053283,1.4108099326069838,1
143,2022,4,19,0.3324032566597383,1.2454487096829876,1
143,2022,5,25,0.3090636948891685,1.3077806769485807,1
143,2022,6,26,0.1409488740324161,1.4591962993602685,1
143,2022,7,12,0.3090636948891685,1.0247721989050975,1
143,2022,8,15,0.3090636948891685,1.5533247524575955,1
143,2022,9,25,0.259170418906764,1.537034300758803,1
143,2022,10,25,0.2893106331056607,1.3375437810177546,1
143,2022,11,29,0.1526253098888418,1.295337995789389,1
143,2022,12,24,0.3090636948891685,1.2121427098154005,1
143,2023,1,16,0.3081560381121492,1.1060445371100665,1
143,2023,2,21,0.2176964768262683,1.1607123715336336,1
143,2023,3,22,0.2580053202488374,1.2577940206524465,1
143,2023,4,16,0.2139963465392935,1.4113671100160383,1
143,2023,5,26,0.0046717514318935,1.4209927036679786,1
143,2023,6,23,0.2089562863044193,1.2443030194464375,1
143,2023,7,17,0.1404527398194753,1.0424482854787924,1
143,2023,8,15,0.3090229900105286,1.2394336696724404,1
143,2023,9,13,0.0046717514318935,1.4419369300300993,1
143,2023,10,21,0.047697893056075,1.2609938146462683,1
143,2023,11,31,0.047697893056075,1.107241307085854,1
143,2023,12,20,0.3090229900105286,1.3266197178113586,1
143,2024,1,12,0.3141149878463897,1.481293136188279,1
143,2024,2,17,0.1475507929796335,1.2816346365979945,1
143,2024,3,19,0.3588521258834997,1.2099001800959805,1
143,2024,4,26,0.3340642273075894,1.310588569807061,1
143,2024,5,18,0.3340642273075894,1.115363130731949,1
143,2024,6,22,0.5249848022577042,1.357799922656761,1
143,2024,7,8,0.5983113408898547,1.2213685222958972,1
143,2024,8,18,0.6173769879739152,1.5213223972362366,1
143,2024,9,22,0.2098046381404076,1.090972766949139,1
143,2024,10,18,0.180270215204334,1.3194160972862568,1
143,2024,11,25,0.2477573777485642,1.0244597623334695,1
143,2024,12,18,0.3900712883949907,1.608004038056235,1
144,2017,1,16,0.2481038839470129,1.2481608555529782,1
144,2017,2,11,0.3148310819065728,1.1401533119143863,1
144,2017,3,20,0.4539199591914059,1.3575326523276257,1
144,2017,4,18,0.2669049849333712,1.213984767426845,1
144,2017,5,18,0.57292450036066,1.4000696014891019,1
144,2017,6,24,0.3087365048713973,1.2983415890698262,1
144,2017,7,14,0.2219192660642848,1.3354435754817817,1
144,2017,8,17,0.2219192660642848,1.3684870665507571,1
144,2017,9,23,0.2057050572086216,1.1299291023605116,1
144,2017,10,22,0.0670273393208597,1.4735645186011899,1
144,2017,11,26,0.0285367074229229,1.4461731326245508,1
144,2017,12,12,0.5698099031014529,1.4363571361585814,1
144,2018,1,17,0.3660189339666307,1.2965221902823054,1
144,2018,2,18,0.287910325455851,1.4730809670473903,1
144,2018,3,17,0.2219192660642848,1.175298044161244,1
144,2018,4,15,0.3508014613068839,1.4785501030222312,1
144,2018,5,27,0.2261550524437042,1.2635602041175953,1
144,2018,6,22,0.2487967801477827,1.162057500210008,1
144,2018,7,11,0.3423679682322486,1.1760864653349175,1
144,2018,8,17,0.6885687325203107,1.7269240889254003,1
144,2018,9,10,0.4088037083465337,1.0548901898914609,1
144,2018,10,23,0.3705329071898943,1.2846524441681246,1
144,2018,11,16,0.2219192660642848,1.494720368704371,1
144,2018,12,10,0.2355442354344547,1.1106617977248683,1
144,2019,1,21,0.3879290100263267,1.2919211163097242,1
144,2019,2,21,0.300102496905747,1.5321392938362346,1
144,2019,3,22,0.4280671143894252,1.5500506772960236,1
144,2019,4,17,0.02838110259643,1.1559162541343466,1
144,2019,5,27,0.039915959651217,1.387892539238807,1
144,2019,6,19,0.7521130115592268,1.5567987931154097,1
144,2019,7,29,0.3879290100263267,1.379939278321866,1
144,2019,8,17,0.2221367460299753,0.9600958892814074,1
144,2019,9,29,0.2449459165111835,1.3155858881530416,1
144,2019,10,39,0.2409243403895036,1.2669798898035094,1
144,2019,11,31,0.2490756267189391,1.292914613361564,1
144,2019,12,19,0.2366501712978531,1.4005752137048935,1
144,2020,1,32,0.2072658549286907,1.4042720660945942,1
144,2020,2,23,0.3267775214047853,1.3159794366054391,1
144,2020,3,13,0.4271816876709058,1.3206013705260533,1
144,2020,4,9,0.4877470689023646,1.1653932093859622,1
144,2020,5,18,0.3056058537883608,1.424010839074516,1
144,2020,6,24,0.300102496905747,1.3998888867363612,1
144,2020,7,15,0.7525830251402709,1.4516658252098773,1
144,2020,8,23,0.4725934871394303,1.216784310701513,1
144,2020,9,25,0.1874779371066086,1.4335404627921642,1
144,2020,10,23,0.2221367460299753,1.0320457282591233,1
144,2020,11,14,0.0601488168647603,1.314878402247677,1
144,2020,12,16,0.3735001569503352,0.9158463252410053,1
144,2021,1,13,0.3404605962882909,1.4344049726570982,1
144,2021,2,11,0.6902334587326966,1.1837880547556574,1
144,2021,3,18,0.2221367460299753,1.1970588545276122,1
144,2021,4,21,0.1533090308816186,1.5126455120921645,1
144,2021,5,24,0.2447352563003439,1.247081717022613,1
144,2021,6,23,0.1617525801453632,1.3931773965082161,1
144,2021,7,24,0.1273916621377943,1.4831178097764315,1
144,2021,8,19,0.4178997635038126,1.3462944472403942,1
144,2021,9,34,0.249372099429952,1.2403615477104928,1
144,2021,10,43,0.2221367460299753,1.3871598120930715,1
144,2021,11,36,0.2221367460299753,1.2931199195908014,1
144,2021,12,17,0.3979471287879946,0.9374949920522893,1
144,2022,1,14,0.6265863600202146,1.368718193663712,1
144,2022,2,16,0.2221367460299753,1.5782766854098385,1
144,2022,3,27,0.0283815834370483,1.362681848220065,1
144,2022,4,20,0.4271818552627298,1.3155138365528483,1
144,2022,5,38,0.2221366789811543,1.2621049152236754,1
144,2022,6,27,0.4877474654167646,1.482216202666449,1
144,2022,7,13,0.2378948563017403,0.9531593796412292,1
144,2022,8,18,0.3707130559283121,1.3547690348803774,1
144,2022,9,30,0.3056063525993254,1.2519051112729103,1
144,2022,10,35,0.171754457002844,1.226826637870598,1
144,2022,11,25,0.0382151085856032,1.393731365238009,1
144,2022,12,27,0.1774720385859441,1.1711363786519986,1
144,2023,1,14,0.4102357925187673,1.2004669670652786,1
144,2023,2,19,0.2210186193182693,1.4382519654446362,1
144,2023,3,18,0.3056063914856773,1.2438563652419168,1
144,2023,4,21,0.1506199300703803,1.224970697880241,1
144,2023,5,20,0.2217776767999489,1.4198268765324003,1
144,2023,6,27,0.2478214636791962,1.3735826159745839,1
144,2023,7,22,0.3735847214899483,1.1760531585173717,1
144,2023,8,21,0.1890437235504063,1.314697094137961,1
144,2023,9,35,0.1705737954642359,1.264684568010962,1
144,2023,10,32,0.4180034677780458,1.5290488272846643,1
144,2023,11,18,0.3949638127771555,1.4404656860070215,1
144,2023,12,27,0.2423938243268355,1.3922080155038297,1
144,2024,1,15,0.4492595963272883,1.3572713057815764,1
144,2024,2,13,0.5973335583040469,1.3988018369448072,1
144,2024,3,23,0.4296745586085525,1.3432429843562212,1
144,2024,4,22,0.3705325153801979,1.2075267705302268,1
144,2024,5,27,0.1717130288459011,1.2292826565492319,1
144,2024,6,29,0.216562277983513,1.2518545373644157,1
144,2024,7,15,0.5802102714646648,1.5383845531201819,1
144,2024,8,14,0.2020033878026843,1.1382059058828682,1
144,2024,9,19,0.4690240553184686,1.4337266782036115,1
144,2024,10,36,0.168584069167713,1.1974234398418877,1
144,2024,11,23,0.1890437235504063,1.4661863239190571,1
144,2024,12,16,0.6196680203189835,1.4809724173174985,1
145,2017,1,3,0.2163466190141063,1.144541230758897,1
145,2017,2,5,0.7455733056147114,1.9257873599917819,1
145,2017,3,10,0.0922642626570216,1.3951326414399905,1
145,2017,4,2,2.2213130991272108,2.301006973251308,1
145,2017,5,4,0.3083491498462475,1.4559978006774152,1
145,2017,6,2,0.7143157279689406,1.5005571921415592,1
145,2017,7,2,2.2258253515547968,2.2663760735678986,1
145,2017,8,5,1.7757714376563316,2.1583354794040206,1
145,2017,9,4,0.422263097028405,1.3856947554122252,1
145,2017,10,3,0.1810353965179462,1.0100297425896254,1
145,2017,11,6,0.5735492296821179,1.5332126973622346,1
145,2017,12,1,2.380700847375405,2.380700847375405,1
145,2018,1,2,0.576329590151683,1.2494613028449417,1
145,2018,2,2,0.4237041745962712,1.3865223501173671,1
145,2018,3,5,0.3083491498462475,1.7432766494223095,1
145,2018,4,3,1.3053110336987288,1.7154842161140165,1
145,2018,5,8,0.6699936611065888,1.6575547223988896,1
145,2018,6,5,0.8128919237739304,1.546306680737208,1
145,2018,7,5,0.1972491510534436,1.3127653414517488,1
145,2018,8,1,2.392969464082591,2.392969464082591,1
145,2018,9,6,0.7116368266272612,1.7711787656044777,1
145,2018,10,8,0.562924124231743,1.2772107226917264,1
145,2018,11,6,0.1810353965179462,1.6512428256725427,1
145,2018,12,5,1.0045104913193468,1.7695453132105587,1
145,2019,1,3,0.8433178661610227,1.7049445255278322,1
145,2019,2,1,2.432834025970908,2.432834025970908,1
145,2019,3,1,1.5324526872347988,1.5324526872347988,1
145,2019,4,5,0.8433178661610227,1.7846749882626487,1
145,2019,5,5,0.3682510261223423,0.7545170436988069,1
145,2019,7,1,0.6647631996550539,0.6647631996550539,1
145,2019,8,1,2.3569655697750784,2.3569655697750784,1
145,2019,9,5,0.3570501561185684,1.50110721036867,1
145,2019,10,5,0.126532547944157,1.3607466763210216,1
145,2019,11,6,0.5212387529999234,1.3102971576322713,1
145,2019,12,2,0.2247629473593981,0.38262336665167274,1
145,2020,1,1,1.3380562393956077,1.3380562393956077,1
145,2020,2,2,0.422263097028405,1.3064976976637273,1
145,2020,3,2,1.2417889347716422,1.8704121972520236,1
145,2020,4,3,0.8224293515520488,1.383754787647138,1
145,2020,5,2,2.1743342526217133,2.1878228313590102,1
145,2020,6,2,2.2810905511591697,2.3002930343927384,1
145,2020,7,3,0.1478849087406661,1.5105832957910372,1
145,2020,8,2,1.5603713692297063,1.5775330189876207,1
145,2020,9,5,1.7695873195804477,2.0968913819061554,1
145,2020,10,3,0.6779335488254727,1.7395331703642156,1
145,2020,11,3,0.6810715134293329,1.6904111684534822,1
145,2020,12,6,0.2883696194116193,2.003566155280991,1
145,2021,1,3,0.1737542012294308,0.9093225714276167,1
145,2021,2,1,2.270679427582277,2.270679427582277,1
145,2021,3,4,0.2514025290214685,1.0875300586298888,1
145,2021,4,1,1.241698685767138,1.241698685767138,1
145,2021,5,5,1.499292915938864,2.0668699190367414,1
145,2021,6,2,2.0551262667950225,2.1571487901557234,1
145,2021,7,1,2.319096376788552,2.319096376788552,1
145,2021,8,6,0.2163466190141063,1.693175206854642,1
145,2021,9,3,0.1283610955273495,1.5371876217066414,1
145,2021,10,7,0.2044893606477023,0.8390786256754276,1
145,2021,11,2,0.2514025290214685,0.7944676892433088,1
145,2021,12,4,0.6073393135882573,1.234185675724125,1
145,2022,1,3,1.6963127864402436,1.9530683737507275,1
145,2022,2,1,0.330688332193559,0.330688332193559,1
145,2022,3,6,0.2514025290214685,1.4190662423559948,1
145,2022,4,1,1.936211218301016,1.936211218301016,1
145,2022,5,3,0.6779340237348341,1.4866631966012864,1
145,2022,6,4,0.2501548091993912,1.5151748311582232,1
145,2022,7,6,0.1728355466819231,1.6417125535690416,1
145,2022,8,5,1.133613148970126,1.980875316143608,1
145,2022,9,5,0.7194428717084074,1.6049117332406613,1
145,2022,10,6,0.1283606419541957,0.9385744420045553,1
145,2022,11,3,0.2606619611217883,1.4213064250760814,1
145,2022,12,1,1.3368048426848635,1.3368048426848635,1
145,2023,1,1,0.838397472108308,0.838397472108308,1
145,2023,2,3,1.3770830749475522,1.8719557166700254,1
145,2023,3,3,0.768761966428284,1.3209235868119205,1
145,2023,4,1,1.6702853582337622,1.6702853582337622,1
145,2023,5,4,0.1289872322626341,0.5288365873290108,1
145,2023,6,4,0.1289872322626341,1.2210156440081947,1
145,2023,7,3,0.1343969748469886,0.95383565345923,1
145,2023,8,1,1.9573347655646316,1.9573347655646316,1
145,2023,9,3,0.5733242878796336,1.5413018656010529,1
145,2023,10,1,0.5763292357622722,0.5763292357622722,1
145,2023,11,4,0.3553495193519879,0.5501277192201296,1
145,2023,12,3,0.928729649898657,1.3846723863906718,1
145,2024,1,3,0.1343969748469886,1.1521523645898208,1
145,2024,2,4,0.7685033068644329,1.6955952072554625,1
145,2024,3,3,0.195676923808904,1.2301896949702458,1
145,2024,4,4,0.1683880781356365,1.3847022195013405,1
145,2024,5,3,0.5549421272489472,1.5333525109784192,1
145,2024,6,4,0.2693133846144633,1.192780612295632,1
145,2024,7,3,0.2901390175222871,0.456704417857408,1
145,2024,8,8,0.1978518150751261,1.2236254870002519,1
145,2024,9,2,0.4919411997295963,0.8942316496905407,1
145,2024,10,7,0.4337076619281262,1.4354160862350205,1
145,2024,11,2,0.2867789017562086,1.3777791800041732,1
146,2017,1,3,0.2758633337030957,1.170754495998856,1
146,2017,2,5,0.6824305846183104,1.9026682323205102,1
146,2017,3,10,0.0812967997339718,1.4018878491243416,1
146,2017,4,2,2.207938438923948,2.3017759311837778,1
146,2017,5,4,0.346142894014197,1.4346748045524413,1
146,2017,6,2,0.7206501922839926,1.5025862435568043,1
146,2017,7,2,2.215323938020461,2.2613917599468074,1
146,2017,8,5,1.7913273527103653,2.1473716362310675,1
146,2017,9,4,0.4095589123780848,1.3872266947006138,1
146,2017,10,3,0.1779502383419315,1.0014051768059158,1
146,2017,11,6,0.5488304092771721,1.526240511832956,1
146,2017,12,1,2.3956134234436077,2.3956134234436077,1
146,2018,1,3,0.600727687715696,1.6672813842350358,1
146,2018,2,2,0.4076206627544244,1.3664418090993187,1
146,2018,3,4,0.346142894014197,1.5690941900339674,1
146,2018,4,3,1.2821492075777234,1.7158154036307314,1
146,2018,5,8,0.6637349556522207,1.6345213299796622,1
146,2018,6,6,0.816735099762694,1.696551707679836,1
146,2018,7,5,0.2490681592958724,1.3282063546133167,1
146,2018,8,1,2.398349879628545,2.398349879628545,1
146,2018,9,6,0.7335346549665456,1.7681541902527096,1
146,2018,10,8,0.5634272395967621,1.2719183718495422,1
146,2018,11,6,0.1779502383419315,1.6661498441351015,1
146,2018,12,5,1.030667022567638,1.7602232838249754,1
146,2019,1,3,0.8627185727267539,1.7131531051477238,1
146,2019,2,1,2.4406001616663864,2.4406001616663864,1
146,2019,3,1,1.532363422079665,1.532363422079665,1
146,2019,4,5,0.8627185727267539,1.7868217011824759,1
146,2019,5,5,0.3710966648326549,0.7627546215825414,1
146,2019,7,1,0.6669556048269093,0.6669556048269093,1
146,2019,8,1,2.3598717598061167,2.3598717598061167,1
146,2019,9,5,0.3775081252476073,1.5214764249126502,1
146,2019,10,5,0.1903434299434762,1.3771540087675458,1
146,2019,11,6,0.5073328659699184,1.3157808677589908,1
146,2019,12,2,0.2143257196288572,0.3903639560348177,1
146,2020,1,1,1.3379242753012406,1.3379242753012406,1
146,2020,2,2,0.4095589123780848,1.275815296264085,1
146,2020,3,2,1.2410968976222885,1.868227565825372,1
146,2020,4,3,0.815917562458662,1.3803049384610155,1
146,2020,5,2,2.126562595133969,2.1526311758799297,1
146,2020,6,2,2.220978943354352,2.251953347546042,1
146,2020,7,3,0.2083200830320276,1.5046818757807658,1
146,2020,8,2,1.4963119066016966,1.5299217576753015,1
146,2020,9,5,1.7833523046560174,2.079540237931487,1
146,2020,10,3,0.6716984040447257,1.7053901627998354,1
146,2020,11,3,0.7032852258311378,1.6768758512670825,1
146,2020,12,6,0.3278758344648094,1.989001491187502,1
146,2021,1,3,0.2289466603469294,0.9413026882474828,1
146,2021,2,1,2.265715956035384,2.265715956035384,1
146,2021,3,5,0.294754156367788,1.3933830517232102,1
146,2021,4,1,1.2400760755701676,1.2400760755701676,1
146,2021,5,5,1.473610595282154,2.065708013402952,1
146,2021,6,2,2.0731498053706687,2.165200194762694,1
146,2021,7,1,2.3194281559983607,2.3194281559983607,1
146,2021,8,6,0.2758633337030957,1.7037505980048753,1
146,2021,9,3,0.1924953686563102,1.546228237987885,1
146,2021,10,7,0.2551344419336223,0.8529787075215234,1
146,2021,11,2,0.294754156367788,0.8156635102845975,1
146,2021,12,4,0.6312296195586924,1.2377076620833805,1
146,2022,1,3,1.6702868849145909,1.9501861444342141,1
146,2022,2,1,0.3667721888285397,0.3667721888285397,1
146,2022,3,6,0.294754156367788,1.4206292220521402,1
146,2022,4,1,1.9345562126080476,1.9345562126080476,1
146,2022,5,3,0.6716988596854755,1.4916800663478764,1
146,2022,6,4,0.2936544915951241,1.4886416963548283,1
146,2022,7,6,0.2282063268791246,1.6287586672840664,1
146,2022,8,5,1.1321178116851804,1.9644451828174212,1
146,2022,9,5,0.7409132353242921,1.615508557747263,1
146,2022,10,6,0.19249491882178,0.9566907255719679,1
146,2022,11,3,0.2912802225720557,1.429473666341682,1
146,2022,12,1,1.3850405620713628,1.3850405620713628,1
146,2023,1,1,0.8579785072905174,0.8579785072905174,1
146,2023,2,3,1.3636066860849887,1.8495215935049056,1
146,2023,3,3,0.7627910721983013,1.3264270324906111,1
146,2023,4,1,1.6860130193662377,1.6860130193662377,1
146,2023,5,4,0.1931232320172067,0.5399872601686028,1
146,2023,6,5,0.1931232320172067,1.4831061008852955,1
146,2023,7,3,0.197698256109584,0.9682328783376525,1
146,2023,8,1,1.972639290842899,1.972639290842899,1
146,2023,9,3,0.5730551177393912,1.540804195424581,1
146,2023,10,1,0.6007273489793956,0.6007273489793956,1
146,2023,11,4,0.3470109050148004,0.5532893665173657,1
146,2023,12,3,0.9470023310895196,1.3772283267641239,1
146,2024,1,3,0.197698256109584,1.1725428734903633,1
146,2024,2,4,0.7692192778313222,1.6872945238442802,1
146,2024,3,3,0.23748995661766,1.223806753471268,1
146,2024,4,4,0.172513911652555,1.36298040775484,1
146,2024,5,3,0.5806131199910785,1.5329236796613894,1
146,2024,6,4,0.2564721265759171,1.1885507356212863,1
146,2024,7,3,0.3296503984844744,0.4737616131625888,1
146,2024,8,9,0.2619041363298025,1.3678081659671775,1
146,2024,9,2,0.5196646189895351,0.9163312580119521,1
146,2024,10,7,0.4495234536172625,1.4228476075637342,1
146,2024,11,2,0.3141615704709667,1.360907827694491,1
147,2017,1,3,1.106141740145563,1.2412963648208841,1
147,2017,2,3,1.1607136511660536,1.626279780688585,1
147,2017,3,9,0.7763715058370236,1.2692330126246203,1
147,2017,4,2,1.6376675052157177,1.862222691881946,1
147,2017,5,4,0.9473144928380172,1.156506693902334,1
147,2017,6,2,1.7754758123904577,1.8620875265258734,1
147,2017,8,3,1.1141270084665325,1.4099663447421638,1
147,2017,9,3,0.6734674358092175,1.2717110650590429,1
147,2017,10,3,1.101866791610113,1.3483465793376601,1
147,2017,11,5,0.3832834037182068,1.2394334831176865,1
147,2017,12,1,1.6376675052157177,1.6376675052157177,1
147,2018,1,3,0.7763715058370236,1.407424281426697,1
147,2018,2,2,0.6679325530494704,0.9642657938342286,1
147,2018,3,4,0.2178468216447327,1.2076267634810334,1
147,2018,4,2,0.2178468216447327,0.535789065376948,1
147,2018,5,5,0.6845740502928966,1.3214809493615545,1
147,2018,6,7,0.833343612677581,1.4039771766524252,1
147,2018,7,5,0.6894836284808377,1.5454461467905563,1
147,2018,8,2,1.6174761859043696,2.0279433923430177,1
147,2018,9,5,0.7132039278423172,1.1451186490716045,1
147,2018,10,9,0.6079428802738235,1.580148838025061,1
147,2018,11,6,0.8647544066395755,1.4171583983119573,1
147,2018,12,4,0.2155811406322735,1.1376162616991305,1
147,2019,1,2,0.6894836284808377,0.8958603996672758,1
147,2019,2,1,2.2092583421812315,2.2092583421812315,1
147,2019,4,3,0.6079428802738235,0.7835661520914922,1
147,2019,5,7,0.7047953292616135,1.4758451509138537,1
147,2019,6,1,2.412574962081236,2.412574962081236,1
147,2019,7,3,1.7160938316013814,2.1470841825291513,1
147,2019,8,1,1.96934167972114,1.96934167972114,1
147,2019,9,3,1.1145327788313413,1.357515959099833,1
147,2019,10,3,0.7657097035216072,1.1363631796108165,1
147,2019,11,5,0.5768536222408998,1.0935071388709738,1
147,2019,12,2,0.799031184034723,0.8324719662403881,1
147,2020,1,1,2.3691140576022893,2.3691140576022893,1
147,2020,2,5,0.6734674358092175,1.7845533145295156,1
147,2020,3,1,2.2720751551296563,2.2720751551296563,1
147,2020,4,4,0.1928806580536253,1.4567755167453258,1
147,2020,5,3,1.114038726938774,1.550778579519216,1
147,2020,6,1,1.7163998196128554,1.7163998196128554,1
147,2020,7,4,0.8843288435372345,1.4553158357891576,1
147,2020,8,2,0.526257420184417,0.9879081208306841,1
147,2020,9,5,1.0792740061934314,1.5100000970765246,1
147,2020,10,4,1.1153726634029473,1.5564560565496852,1
147,2020,11,2,0.7339502120785925,1.3338258591915155,1
147,2020,12,4,0.9623403768888844,1.3556763998315189,1
147,2021,1,3,0.992179319169805,1.3915329949761652,1
147,2021,2,1,1.7433519474023984,1.7433519474023984,1
147,2021,3,5,0.9310524906142886,1.4428905290387217,1
147,2021,4,1,2.2681633508640204,2.2681633508640204,1
147,2021,5,5,0.4108596502167962,1.2750865051922367,1
147,2021,6,2,1.3931648603945117,1.5141383050685893,1
147,2021,7,1,2.406632913340899,2.406632913340899,1
147,2021,8,5,0.7182680872101521,1.3936563322251656,1
147,2021,9,3,1.1097148592704915,1.5001640117942863,1
147,2021,10,6,0.2800971799014042,0.8940106598450566,1
147,2021,11,2,0.992179319169805,1.6786721435543168,1
147,2021,12,4,0.7646309721192116,1.8265303612259227,1
147,2022,1,3,0.6079428802738235,1.062241831394317,1
147,2022,2,1,0.9310524906142886,0.9310524906142886,1
147,2022,3,6,0.75480553479111,1.4026336930049255,1
147,2022,5,3,1.7021964380884056,1.9585891157928248,1
147,2022,6,4,0.9932414727324232,1.5809418605923033,1
147,2022,7,4,0.1851080850783323,1.062324306987413,1
147,2022,8,4,0.911021199747974,1.4105553980103585,1
147,2022,9,5,0.7206186645845435,1.660689814524676,1
147,2022,10,6,0.6918265862207628,1.4258405345495635,1
147,2022,11,2,1.3496403077480337,1.7377962633656754,1
147,2022,12,3,1.433315137548725,1.9577117368827375,1
147,2023,1,2,0.6918265698170456,1.4088894114712982,1
147,2023,2,2,0.3624088029829689,0.9786361322473385,1
147,2023,3,3,0.6918265698170456,1.5958607396271496,1
147,2023,4,2,1.0322061262130504,1.318465481439987,1
147,2023,5,4,1.0690769250562902,1.2547315915559916,1
147,2023,6,5,1.1454438057790706,1.8877335168011744,1
147,2023,7,2,0.3720338062280819,0.7488781467086882,1
147,2023,8,1,1.2633711457276755,1.2633711457276755,1
147,2023,9,1,1.620326127006266,1.620326127006266,1
147,2023,10,3,0.7763717373201735,1.6188817816281962,1
147,2023,11,4,1.377914686080128,1.6018038623346094,1
147,2023,12,3,0.3315268577140731,0.6033392961423899,1
147,2024,1,2,1.1257224871892946,1.7378889713910497,1
147,2024,2,3,1.1081228812806807,1.6029872682902153,1
147,2024,3,3,1.282105443127898,1.7472374201711958,1
147,2024,4,4,1.236490929797729,1.7059508332061148,1
147,2024,5,3,0.7933140844627897,1.1130776844399193,1
147,2024,6,3,0.1815717239790354,0.941943786203287,1
147,2024,7,3,0.7520218245424023,1.0618059446530193,1
147,2024,8,9,0.4734815443846679,1.2341854811269746,1
147,2024,9,3,0.7870101521063492,1.3147425325974034,1
147,2024,10,4,0.2147813158717852,0.6743154450251967,1
147,2024,11,2,1.375215996390815,1.6548865387863816,1
148,2017,1,1,1.0097360951603829,1.0097360951603829,1
148,2017,2,1,0.1771847013313246,0.1771847013313246,1
148,2017,3,2,0.1733791040613601,0.9707282202671955,1
148,2017,4,1,1.1279915570800807,1.1279915570800807,1
148,2017,7,1,0.1733791040613601,0.1733791040613601,1
148,2017,8,2,1.5879361114741055,1.88341419061285,1
148,2017,9,3,0.2326584835521219,0.3314037020536268,1
148,2017,10,4,0.1733791040613601,1.15460857437551,1
148,2017,11,5,0.1771847013313246,0.7933393184849121,1
148,2017,12,2,0.1733791040613601,0.1733791040613601,1
148,2018,1,5,0.2170338360030854,1.1094233160506293,1
148,2018,2,1,2.157594494661464,2.157594494661464,1
148,2018,3,1,0.962367554281484,0.962367554281484,1
148,2018,5,7,0.1733791040613601,1.1708310168932026,1
148,2018,7,4,0.1733791040613601,1.1512031282131217,1
148,2018,8,3,0.5199149414944811,1.2591692889563304,1
148,2018,9,5,0.3239750549368134,0.9840130595825762,1
148,2018,10,3,0.0386672296846501,0.11787359338123123,1
148,2018,11,1,1.8945175900591695,1.8945175900591695,1
148,2018,12,5,0.1415744463976835,0.9376126421853759,1
148,2019,1,1,0.2201631817077587,0.2201631817077587,1
148,2019,2,3,0.2201631817077587,0.9342546263985848,1
148,2019,3,1,0.3150310727352396,0.3150310727352396,1
148,2019,4,2,1.4893922133927626,1.5657376110544625,1
148,2019,5,3,0.2201631817077587,0.8731373087708406,1
148,2019,6,3,0.1917442852384013,0.9962199372386294,1
148,2019,7,4,0.7087565084963784,1.3162072938322331,1
148,2019,8,4,0.1917442852384013,0.8472490958865985,1
148,2019,9,2,0.8900757397983768,1.21143052346698,1
148,2019,10,2,0.1266272317432988,0.6273034656122156,1
148,2019,11,2,0.8953183709925685,1.0427225425282665,1
148,2019,12,2,0.2170338360030854,0.6052003066986547,1
148,2020,1,1,0.1728796073664814,0.1728796073664814,1
148,2020,2,5,0.2201631817077587,1.552909603326875,1
148,2020,3,2,0.1917442852384013,0.20595373347308,1
148,2020,4,2,0.8980985376943642,1.4893412929581922,1
148,2020,6,2,0.390016672860755,1.4261259050376156,1
148,2020,7,2,0.413993327415309,1.307303963471853,1
148,2020,9,2,2.08058404822202,2.090913978010965,1
148,2020,10,1,0.1714696351906294,0.1714696351906294,1
148,2020,11,4,0.1714696351906294,0.7101200901653056,1
148,2020,12,2,0.1917442852384013,1.2264193390635665,1
148,2021,3,1,2.189753658087501,2.189753658087501,1
148,2021,5,1,0.8001378454022199,0.8001378454022199,1
148,2021,6,3,0.1917442852384013,0.3049268166582068,1
148,2021,7,2,1.8986533543846889,2.043566679596498,1
148,2021,8,2,0.4184698450453921,1.0905505816625922,1
148,2021,9,2,0.2201631817077587,1.0673676728327772,1
148,2021,10,4,1.4980504888319972,1.6462355468367937,1
148,2021,11,1,0.1733791040613601,0.1733791040613601,1
148,2021,12,1,1.7064550170554489,1.7064550170554489,1
148,2022,1,1,0.3202125633585669,0.3202125633585669,1
148,2022,2,2,0.9051277421781152,0.9486115872842196,1
148,2022,4,3,0.1917439128387731,0.5247090456791345,1
148,2022,5,2,2.462919578971761,2.4739715460139156,1
148,2022,6,7,0.2542415071669525,1.7503475492847065,1
148,2022,7,2,1.5878768576627016,1.8369535561200756,1
148,2022,8,3,0.1415748629679327,0.606619561578628,1
148,2022,9,2,1.4453929357937867,1.7458971187740184,1
148,2022,10,2,0.1624678197935286,1.159669226493983,1
148,2022,11,3,1.4453929357937867,1.7423762355510999,1
148,2022,12,6,0.1605558257866512,1.544140910892511,1
148,2023,1,4,0.1624678109114541,1.0495019333048976,1
148,2023,2,3,0.1409902778976852,0.4318509618334641,1
148,2023,3,2,0.9920947966912532,1.4521104477722413,1
148,2023,6,6,0.160558527583092,1.567519296463786,1
148,2023,7,2,0.3150081097697166,0.8335571561469421,1
148,2023,8,1,1.6944708390860876,1.6944708390860876,1
148,2023,9,2,1.0435865422175372,1.2450980271198322,1
148,2023,10,3,0.2528104722461887,0.5481385573917751,1
148,2023,11,1,0.7630628555466411,0.7630628555466411,1
148,2023,12,1,1.486743665819168,1.486743665819168,1
148,2024,1,3,0.2528104722461887,1.0624552996260144,1
148,2024,2,2,0.1415748720266476,0.6317982738716388,1
148,2024,3,2,0.8298224232486489,1.647113124770124,1
148,2024,4,2,1.250698821387878,1.7660855228638401,1
148,2024,5,4,0.1415748720266476,0.8712844560186923,1
148,2024,6,4,0.4206163871039639,0.8855723932298625,1
148,2024,7,2,0.3963257991937612,0.5805003334030834,1
148,2024,8,4,1.7681761771969275,2.162939995753919,1
148,2024,9,2,1.5611021174431898,1.7224062274725311,1
148,2024,10,2,0.2528590355967073,0.5087669516045564,1
148,2024,11,4,0.1624678109114541,1.3136800573195964,1
148,2024,12,2,1.4798989677415184,1.779222057778563,1
149,2017,1,13,1.162149351744827,2.0527810451513084,1
149,2017,2,8,1.3612587777325849,1.9640797235488963,1
149,2017,3,18,0.9139049757886945,1.9487768846431943,1
149,2017,4,7,0.8741081357997649,1.8437049223099897,1
149,2017,5,16,0.6523908902439665,1.7144078834544678,1
149,2017,6,11,0.8758804983060474,1.7278093924808962,1
149,2017,7,12,0.630916002487916,1.8387411992786031,1
149,2017,8,12,1.1547054527584029,1.8753432938884378,1
149,2017,9,22,0.9953038950342328,1.8492461345147573,1
149,2017,10,12,1.5169931491209343,2.0957485423584807,1
149,2017,11,12,0.5261835935788568,1.9519864523247248,1
149,2017,12,15,0.9809010725400208,2.0040888027845662,1
149,2018,1,11,1.086040852385156,2.007981723666825,1
149,2018,2,7,1.4924978037818948,2.006979636192534,1
149,2018,3,14,0.5227637673049448,1.781766130269308,1
149,2018,4,13,0.7490799632390994,1.7705222424765776,1
149,2018,5,14,1.001394667098387,1.7991434454738893,1
149,2018,6,12,1.1401381244931148,1.9355644616476837,1
149,2018,7,13,0.8834371678802734,1.80970133637429,1
149,2018,8,6,1.1315936946800258,1.874026509251781,1
149,2018,9,16,1.001394667098387,1.8773444149342555,1
149,2018,10,10,1.3234173904387947,2.030724155507895,1
149,2018,11,14,0.9245480004878656,1.8590961714062104,1
149,2018,12,8,1.3773908665692858,2.014065752974236,1
149,2019,1,18,0.4608149302348795,1.9620914435591783,1
149,2019,2,14,1.053244779819433,1.7935575179667662,1
149,2019,3,13,0.8493369277877816,1.9078170640063346,1
149,2019,4,9,1.495208784718876,1.897711996019268,1
149,2019,5,14,0.9855429573283764,1.8535736448428402,1
149,2019,6,13,1.0279048682738956,2.0686205588692763,1
149,2019,7,15,0.7087027257114726,1.6584187050354413,1
149,2019,8,9,1.4722153232883997,1.8416672567655001,1
149,2019,9,18,0.6228509286319418,1.758292306534961,1
149,2019,10,16,0.8262033944020585,1.8401259692913494,1
149,2019,11,13,1.1535181984577922,1.8835667765180217,1
149,2019,12,12,0.0430499141007256,1.658285851013684,1
149,2020,1,17,1.3612587777325849,2.0802203368368244,1
149,2020,2,11,0.4894412102161642,1.855707921609111,1
149,2020,3,7,0.7982399749191489,1.7047710929951614,1
149,2020,4,5,1.2805614224182686,1.475798418088869,1
149,2020,5,7,0.9497350203585988,1.802353498843429,1
149,2020,6,10,1.014245054926992,1.8265773409117494,1
149,2020,7,15,1.0542370091727964,1.8282803054662187,1
149,2020,8,10,1.5237300770218245,1.9929288002835963,1
149,2020,9,12,1.5302481051780683,1.8349671543423425,1
149,2020,10,9,1.5538476155685967,2.0711445496770033,1
149,2020,11,10,1.2079320741825297,2.157395098800832,1
149,2020,12,6,0.4364056388350758,1.7055363740143124,1
149,2021,1,3,1.0940635303583732,1.7656061895417048,1
149,2021,2,10,0.5973221308117164,1.612729327856589,1
149,2021,3,3,1.458583861081517,1.7890067843472837,1
149,2021,4,8,0.5853037708261661,1.791133132064079,1
149,2021,5,10,1.4003717441623604,1.9595592745289157,1
149,2021,6,12,0.5126365335222989,1.7076080047815212,1
149,2021,7,7,1.3612587777325849,2.0426410566235083,1
149,2021,8,12,1.480383652097079,2.1251297290933633,1
149,2021,9,15,0.8722071573574471,1.7629137788812144,1
149,2021,10,13,1.3612587777325849,1.992538272280925,1
149,2021,11,13,1.4704403953042076,1.9771376764238449,1
149,2021,12,13,0.9340384421001912,1.953053707169288,1
149,2022,1,7,0.5227630344598957,1.578295796213426,1
149,2022,2,7,0.3616440842289708,1.5786935043679826,1
149,2022,3,13,1.027702912990106,1.8710098731408809,1
149,2022,4,14,1.1865077441250225,1.9007785039473701,1
149,2022,5,15,1.644899007636781,2.0750968565764203,1
149,2022,6,21,0.55121653548628,1.7652780655012545,1
149,2022,7,8,0.5574802991253534,1.6387873803683843,1
149,2022,8,7,0.5743220840600644,1.8713484549149437,1
149,2022,9,18,0.3905458311950354,1.543662400278014,1
149,2022,10,20,0.3583206077788183,2.0831929861736573,1
149,2022,11,17,1.1865080049037493,1.7667862328280748,1
149,2022,12,14,1.0839046937935704,1.8587931836255895,1
149,2023,1,20,0.2987574632881897,1.7947224702439712,1
149,2023,2,6,0.824784469452433,1.933910940809959,1
149,2023,3,12,1.083904700536121,1.8523214237699,1
149,2023,4,13,1.083904700536121,1.8563061152690243,1
149,2023,5,13,0.9407725293176864,1.7412599122699162,1
149,2023,6,9,0.4250870638539715,1.6201541311939853,1
149,2023,7,11,0.5880720634451948,1.8515474934908802,1
149,2023,8,17,1.083904700536121,1.8393446461727072,1
149,2023,9,18,0.5667093122416458,1.7421098965186903,1
149,2023,10,19,0.6739248538127344,1.8540127916570417,1
149,2023,11,19,1.152189538387047,2.00508721786586,1
149,2023,12,13,0.8493325753136244,1.8438570352225767,1
149,2024,1,8,0.8676508859128383,1.8950002737580038,1
149,2024,2,12,0.8779636287018682,1.9865171028919892,1
149,2024,3,8,0.3904802262030853,1.4036795389709313,1
149,2024,4,16,0.9077898041388428,1.9309440901941832,1
149,2024,5,14,0.9609718250542484,1.7904412026784644,1
149,2024,6,16,1.2109766924303362,1.950500705986584,1
149,2024,7,10,0.4738052836427711,1.7619647280916748,1
149,2024,8,8,1.9696800138124453,2.1629400798354492,1
149,2024,9,14,1.4643397283312884,2.1820464332755054,1
149,2024,10,17,1.1318042094438776,1.8850254791476062,1
149,2024,11,11,0.29276979058105,1.8214674830462636,1
149,2024,12,9,0.995071259103123,1.6983619164857704,1
150,2017,1,3,0.2588582756627137,1.389272250055411,1
150,2017,2,4,2.1290394065790093,2.285051151892996,1
150,2017,3,1,1.4544124328048995,1.4544124328048995,1
150,2017,4,4,0.0411514159222451,1.2126582397152332,1
150,2017,5,2,1.6810732295637612,2.001077805076083,1
150,2017,6,1,2.482758288053492,2.482758288053492,1
150,2017,7,1,1.3428909006386642,1.3428909006386642,1
150,2017,8,1,1.4961425847996106,1.4961425847996106,1
150,2017,10,2,2.089124476336351,2.2379348203712786,1
150,2017,12,2,1.4379734612451662,1.4961097942142385,1
150,2018,1,2,1.8543584383311436,1.894041565232397,1
150,2018,3,1,2.496655380533783,2.496655380533783,1
150,2018,4,4,1.0454167919159902,1.7332221003739434,1
150,2018,5,3,0.8567130912589157,1.3937488654330938,1
150,2018,6,1,2.1508776963826177,2.1508776963826177,1
150,2018,7,4,1.5352777380267353,2.1765749112254826,1
150,2018,8,2,1.2892688200599545,1.786875466536834,1
150,2018,9,2,2.4034442747123497,2.4430987275593683,1
150,2018,10,3,1.689929980694996,2.193003314178618,1
150,2018,12,2,0.7570891741716478,1.5373282698565578,1
150,2019,1,1,2.3822322626895773,2.3822322626895773,1
150,2019,2,1,2.4509301114693183,2.4509301114693183,1
150,2019,3,2,2.404296702992827,2.450782491697654,1
150,2019,4,2,1.8625661279681045,2.1009511282758733,1
150,2019,5,1,2.3322752139584506,2.3322752139584506,1
150,2019,6,2,0.8379746204853691,1.586159598914139,1
150,2019,7,1,1.4544124328048995,1.4544124328048995,1
150,2019,8,2,0.8379746204853691,1.4629448136200525,1
150,2019,10,1,2.155936912245628,2.155936912245628,1
150,2019,11,1,2.448991899528945,2.448991899528945,1
150,2019,12,3,0.6388028961882626,1.8404818407744308,1
150,2020,1,2,2.154723439053642,2.284035655876405,1
150,2020,3,1,0.2588582756627137,0.2588582756627137,1
150,2020,4,1,2.315912783448879,2.315912783448879,1
150,2020,5,1,2.425128402240623,2.425128402240623,1
150,2020,6,2,0.6388028961882626,1.5448665038287905,1
150,2020,7,1,1.6532347391137012,1.6532347391137012,1
150,2020,8,1,1.4397401180128642,1.4397401180128642,1
150,2020,10,1,1.5376713207365202,1.5376713207365202,1
150,2020,12,1,1.05596877717591,1.05596877717591,1
150,2021,1,1,2.1329939229001305,2.1329939229001305,1
150,2021,2,1,1.8676575617423508,1.8676575617423508,1
150,2021,4,2,0.9365370498074136,1.5462369810265209,1
150,2021,5,3,1.5540449798267109,1.900738472857373,1
150,2021,7,4,1.3700461692937012,1.80126596307444,1
150,2021,8,2,2.1552393346074377,2.2601925780433234,1
150,2021,9,4,1.354786963795117,2.0288377033034046,1
150,2021,10,4,1.1390523687972562,1.9487331241944152,1
150,2021,11,1,2.150787814699782,2.150787814699782,1
150,2022,1,1,1.689537517062539,1.689537517062539,1
150,2022,2,2,0.6408175483217899,1.545873829895554,1
150,2022,3,2,1.6348753375404648,1.9567755774994948,1
150,2022,4,4,0.358538942818843,1.361942929351228,1
150,2022,5,2,1.3838790364181792,1.6308515149963216,1
150,2022,6,4,1.0339168217868724,1.6950477661873466,1
150,2022,7,2,2.044090224834956,2.1613830363210123,1
150,2022,8,2,0.2383318515745235,1.197531348870062,1
150,2022,9,1,2.4245197709001816,2.4245197709001816,1
150,2022,10,3,0.2377458773156378,1.3660505877808624,1
150,2022,11,1,2.4471821392775133,2.4471821392775133,1
150,2022,12,2,0.8557522728186492,1.5893297218357247,1
150,2023,1,2,0.4284361242826758,1.405747004225431,1
150,2023,3,3,1.638784536249893,2.148735329992896,1
150,2023,4,1,2.2337296354517964,2.2337296354517964,1
150,2023,5,1,2.4450942149796573,2.4450942149796573,1
150,2023,6,2,1.6519333684672668,1.9594814206697975,1
150,2023,7,1,2.051798496009644,2.051798496009644,1
150,2023,9,3,1.136104728237486,1.9041797585438378,1
150,2023,10,2,1.6658631935123371,1.8588308447609905,1
150,2023,11,2,2.405466451829664,2.4252803334046606,1
150,2023,12,1,0.632945146281227,0.632945146281227,1
150,2024,1,2,0.3701345565774684,0.41389337892302425,1
150,2024,2,2,1.037497010804102,1.6050919704414,1
150,2024,5,1,0.5580011254559879,0.5580011254559879,1
150,2024,6,2,1.9530847783409253,2.2083246284265052,1
150,2024,7,1,0.5646219553733773,0.5646219553733773,1
150,2024,8,1,2.417603876920664,2.417603876920664,1
150,2024,10,2,2.217863982531478,2.2951018583808227,1
150,2024,11,2,1.134112816919502,1.775778032825055,1
150,2024,12,1,2.40344455410536,2.40344455410536,1
151,2017,1,16,0.5361480468656387,1.5482439286167942,1
151,2017,2,13,0.6877474487571766,1.6775742974614107,1
151,2017,3,16,0.53035014109863,1.267708878811697,1
151,2017,4,14,0.9673779619247628,1.7613672964539866,1
151,2017,5,15,0.5635716747306512,1.457744650817626,1
151,2017,6,18,1.5589881602929652,1.9935678137539452,1
151,2017,7,8,0.9614512129036002,1.807260079577577,1
151,2017,8,17,0.4323352783461888,1.804838979725049,1
151,2017,9,20,0.6842770516307788,1.6775316198383958,1
151,2017,10,20,0.5233005704346624,1.4010407090453718,1
151,2017,11,24,0.5462545288713648,1.2881466676788993,1
151,2017,12,10,0.4231355622099841,1.4680703044855383,1
151,2018,1,20,0.345550217857162,1.4120859388514708,1
151,2018,2,16,0.4262397152236272,1.6638694131626608,1
151,2018,3,15,0.5656245924932845,1.722878110150081,1
151,2018,4,11,0.7215668594911913,1.4800240672652427,1
151,2018,5,18,0.6980231221982713,1.4983920058617866,1
151,2018,6,16,0.4323352783461888,1.6540571332392096,1
151,2018,7,11,0.8857802256566922,1.753968295321824,1
151,2018,8,10,0.796159565587964,1.8393551044454532,1
151,2018,9,11,1.3119800815532636,1.9741346375260813,1
151,2018,10,21,0.1445523307409489,1.5434471064417874,1
151,2018,11,14,0.529873115935665,1.6486651484425026,1
151,2018,12,11,0.861141058708198,1.8678231884412013,1
151,2019,1,16,0.428571001236505,1.6899339590857196,1
151,2019,2,12,0.5644784727264018,1.5682364549737402,1
151,2019,3,17,0.9171387871243026,1.5084751229888147,1
151,2019,4,12,0.428571001236505,1.697974213298709,1
151,2019,5,23,0.6442705260926481,1.847990701685615,1
151,2019,6,20,0.3670011118179699,1.5391478850208569,1
151,2019,7,25,0.1997877745505828,1.7209307742253486,1
151,2019,8,18,0.5591450540599704,1.6588800523236413,1
151,2019,9,26,0.531288690720806,1.538378956432667,1
151,2019,10,30,0.4056614780615495,1.3288431446512043,1
151,2019,11,21,0.4528132721276949,1.5616075953306388,1
151,2019,12,18,0.428571001236505,1.3515333821526323,1
151,2020,1,31,0.4056614780615495,1.5161748536590434,1
151,2020,2,24,0.700061915034526,1.7360926310887106,1
151,2020,3,15,0.3782593180499433,1.6119526454867883,1
151,2020,4,4,0.9908820847074776,1.749030621650952,1
151,2020,5,13,0.7929260672765583,1.59758485955771,1
151,2020,6,18,0.5312240618917191,1.5837297446114627,1
151,2020,7,13,0.4899141500984529,1.3632964869712927,1
151,2020,8,15,0.825747577965413,1.6303627556813614,1
151,2020,9,23,0.6876911151472866,1.5738562996331154,1
151,2020,10,19,0.5301273893970647,1.5987319669901239,1
151,2020,11,13,0.3784644730542083,1.3781959598759608,1
151,2020,12,9,0.5402289213707239,1.4466445027983537,1
151,2021,1,11,0.1226283853008912,1.2897317762009661,1
151,2021,2,11,0.5233779779230084,1.4641921126301598,1
151,2021,3,20,0.428570523666625,1.4421582029570188,1
151,2021,4,16,0.2101156918915359,1.4176462406375208,1
151,2021,5,22,0.812281250088326,1.619069841179281,1
151,2021,6,21,0.4867438528225702,1.6721548255286507,1
151,2021,7,19,0.4899141500984529,1.448391279636466,1
151,2021,8,13,0.8107817315829772,1.651874310479703,1
151,2021,9,27,0.5855179537569615,1.748876898658008,1
151,2021,10,35,0.6442428734980689,1.50890056194142,1
151,2021,11,36,0.4877971888810473,1.4723757258126506,1
151,2021,12,12,0.4899141500984529,1.5496078922914647,1
151,2022,1,11,0.7041564682830911,1.6014607996228833,1
151,2022,2,13,0.5551886064987733,1.6537941593178398,1
151,2022,3,24,0.2482093279963242,1.4558173836859734,1
151,2022,4,14,0.6458303817858982,1.7540971765551698,1
151,2022,5,27,0.229256724861123,1.6253296623869031,1
151,2022,6,19,0.4230182354618555,1.4138429137882287,1
151,2022,7,12,0.6443960733614943,1.8231413662760614,1
151,2022,8,19,1.1420706356230363,1.7647104130016324,1
151,2022,9,24,0.4867430027640477,1.5738676100126157,1
151,2022,10,33,0.4867430027640477,1.6260906573120482,1
151,2022,11,19,0.358552327940596,1.4756174419702581,1
151,2022,12,28,0.4867430027640477,1.5702225772864136,1
151,2023,1,7,1.337196416692204,1.8852621157321388,1
151,2023,2,12,0.8278957730550702,1.6950128194313079,1
151,2023,3,17,0.5236721259845557,1.5511632316931314,1
151,2023,4,18,0.4885349218577215,1.603151450916991,1
151,2023,5,18,0.4884349090129691,1.4212266483442813,1
151,2023,6,25,0.4885349218577215,1.564393179742743,1
151,2023,7,15,0.529872833080826,1.9129315955385342,1
151,2023,8,17,0.4885349218577215,1.718475812258204,1
151,2023,9,27,0.1683768500597118,1.3077763668813573,1
151,2023,10,23,0.4884349090129691,1.2978069561271872,1
151,2023,11,14,0.4885349218577215,1.2973807598836256,1
151,2023,12,15,0.5443098238304287,1.5251528297104122,1
151,2024,1,14,0.1772393622336243,1.4834889885139044,1
151,2024,2,10,0.5233006859756767,1.7788026213393242,1
151,2024,3,18,0.5233006859756767,1.7117484587748466,1
151,2024,4,22,0.4231360585775521,1.5904342161105314,1
151,2024,5,26,0.3514843119418819,1.527442509105034,1
151,2024,6,26,0.4884349090129691,1.5797750369882158,1
151,2024,7,12,0.4889709459257785,1.4005364290729416,1
151,2024,8,14,0.2098529632774421,1.5802684454094298,1
151,2024,9,13,0.4889709459257785,1.5487206854054323,1
151,2024,10,32,0.4882473329397435,1.5317588574304442,1
151,2024,11,16,0.3984582161599652,1.5163365051970374,1
151,2024,12,14,0.4670567164370435,1.4428003269095753,1
152,2017,1,2,2.3044915538841813,2.382049303609177,1
152,2017,3,3,1.475426312897763,2.026288331356818,1
152,2017,4,1,1.2266557014214987,1.2266557014214987,1
152,2017,5,2,0.917344875520246,1.6423667112752396,1
152,2017,6,3,1.4798149976121242,1.7377997286182918,1
152,2017,7,3,2.091624314387716,2.2327629346864923,1
152,2017,8,3,0.8356882169305871,1.5568330874660308,1
152,2017,10,5,1.2580247598323748,2.0103555188620787,1
152,2017,12,1,1.6151457016374815,1.6151457016374815,1
152,2018,1,2,2.164496279390137,2.2380104662148117,1
152,2018,2,2,1.3986874046159583,1.8837378090721562,1
152,2018,3,3,0.3742826984240004,0.9625349958381122,1
152,2018,4,1,1.6151457016374815,1.6151457016374815,1
152,2018,5,2,1.2319362930618971,1.5574585679356472,1
152,2018,6,3,0.7571950332790371,1.4421573998499302,1
152,2018,8,4,1.204380293899203,1.5145657178237675,1
152,2018,9,1,0.731834626261471,0.731834626261471,1
152,2018,10,5,0.5780726826471362,1.6413588610507683,1
152,2018,11,2,2.178846822492813,2.2229913758262847,1
152,2018,12,2,0.8990359614004726,1.4597816088980982,1
152,2019,1,2,1.0956147960607394,1.173151837637398,1
152,2019,2,2,1.4211306525159335,1.572869845165369,1
152,2019,3,2,1.224715079726926,1.5423435259764093,1
152,2019,4,1,2.097251827347941,2.097251827347941,1
152,2019,5,3,0.374671416100963,0.8295636221262223,1
152,2019,6,2,2.2870896207888416,2.3356912784441914,1
152,2019,7,1,1.4215008911545526,1.4215008911545526,1
152,2019,8,4,0.9091584184860204,1.4559404741609607,1
152,2019,9,1,1.6149040814644824,1.6149040814644824,1
152,2019,10,2,1.206931979978046,1.689858381327356,1
152,2019,11,1,2.258560764081196,2.258560764081196,1
152,2019,12,2,1.5472279289671202,1.9679133653622385,1
152,2020,2,2,1.2483389938813,1.4316215376728914,1
152,2020,4,2,0.1174400893583163,1.2872937085120912,1
152,2020,5,6,0.0808243913092379,1.4584790818786244,1
152,2020,6,1,2.1128013140472097,2.1128013140472097,1
152,2020,7,4,1.6190477604201696,2.0958463557731055,1
152,2020,8,1,1.9070318186619055,1.9070318186619055,1
152,2020,10,3,1.7812510633287777,2.0656381870722065,1
152,2020,11,1,1.8905949558031856,1.8905949558031856,1
152,2020,12,1,1.8622869727950369,1.8622869727950369,1
152,2021,2,2,1.9306989133374728,1.9756476661194273,1
152,2021,3,2,2.1902712630164625,2.2899156752003815,1
152,2021,4,2,1.6149040814644824,1.8494841521267193,1
152,2021,5,2,1.6149040814644824,1.9259244314791535,1
152,2021,6,3,1.394368000901658,1.8846664313307875,1
152,2021,7,1,2.094317964413967,2.094317964413967,1
152,2021,8,1,1.6149040814644824,1.6149040814644824,1
152,2021,9,3,0.7571637513392532,1.5273254487206394,1
152,2021,10,3,0.8354861504769668,1.503324272029823,1
152,2021,11,2,0.990026400159874,1.1191828170381386,1
152,2021,12,2,1.8905949330303893,2.149410163408931,1
152,2022,1,4,0.6386809714675624,1.6911163818589159,1
152,2022,3,1,2.326272515987311,2.326272515987311,1
152,2022,4,2,1.5075753090731598,1.6990851116701018,1
152,2022,5,1,0.8354865614326172,0.8354865614326172,1
152,2022,7,2,1.930698855593212,2.020969159658142,1
152,2022,8,4,0.8960486561215086,1.4547947795014813,1
152,2022,9,2,1.0847174554599124,1.7063058844361447,1
152,2022,10,2,1.8614027271642604,2.0604752769578205,1
152,2022,12,1,1.965392543958056,1.965392543958056,1
152,2023,2,2,2.3407405657549205,2.3962724368639914,1
152,2023,4,2,0.8952052654306566,1.146951627573971,1
152,2023,5,4,1.407986907311593,1.798942732410104,1
152,2023,6,4,1.1074275976849337,1.8585948859870856,1
152,2023,7,2,1.3802000247664383,1.510400927143348,1
152,2023,8,2,0.8952052654306566,1.547371031656768,1
152,2023,9,4,1.5952041570790076,1.9603872419784136,1
152,2023,10,3,0.3076219566788581,1.5895696133582655,1
152,2023,11,3,0.2850160768960201,0.8872186985444342,1
152,2024,1,1,2.4913220349126397,2.4913220349126397,1
152,2024,2,4,1.1545967387037348,1.6125805436791745,1
152,2024,3,1,1.930679963633806,1.930679963633806,1
152,2024,4,1,1.5511729850183773,1.5511729850183773,1
152,2024,5,2,1.80873434098284,1.9773183552914535,1
152,2024,6,3,0.8185947908408421,1.2630890422543122,1
152,2024,7,3,1.4185209577988946,2.0474499158609105,1
152,2024,8,2,0.2467755948271123,0.29440138033951413,1
152,2024,9,1,2.2244660947985104,2.2244660947985104,1
152,2024,11,1,2.0494227957243414,2.0494227957243414,1
152,2024,12,3,0.8356885785660109,1.4467007457849148,1
