crash_row_id,site_id,site_name,site_gemeente,site_lat,site_long,distance_km,crash_lat,crash_long,DT_YEAR_COLLISION,DT_MONTH_COLLISION,DT_TIME,CD_NIS,TX_MUNTY_COLLISION_NL,TX_WEATHER_NL,TX_ROAD_CONDITION_NL,TX_LIGHT_CONDITION_NL,TX_CLASS_ACCIDENTS_NL,CD_ROAD_USR_TYPE1,TX_ROAD_USR_TYPE1_NL,CD_ROAD_USR_TYPE2,TX_ROAD_USR_TYPE2_NL
311,35,Lanaken teller 1,Lanaken,50.88112,5.6314,0.23383814701900316,50.88227089154238,5.634189685350802,2017,1,10,73042,Lanaken,Onbekend,Droog,Dag,met lichtgewonden,5,Lichte vrachtauto,3,Fiets
324,100,Mechelen teller 2,Mechelen,51.0457,4.46883,0.19962810189358912,51.047399028365824,4.467907445179255,2017,1,7,12025,Mechelen,Normaal,Droog,Dageraad - schemering,met lichtgewonden,9,personenauto,3,Fiets
324,99,Mechelen teller 1,Mechelen,51.04564,4.46882,0.20573549087624338,51.047399028365824,4.467907445179255,2017,1,7,12025,Mechelen,Normaal,Droog,Dageraad - schemering,met lichtgewonden,9,personenauto,3,Fiets
671,143,Eco Display Classic Budastraat,Kortrijk,50.83066,3.26286,0.16094096296481988,50.829311978473925,3.2620256292858083,2017,2,8,34022,Kortrijk,Normaal,Droog,Dag,met lichtgewonden,3,Fiets,9,personenauto
899,88,Westerlo teller 1,Westerlo,51.082,4.91325,0.05625248740143969,51.08247490394491,4.912972491225178,2017,3,16,13049,Westerlo,Normaal,Droog,Dag,met lichtgewonden,6,Bromfiets,3,Fiets
899,89,Westerlo teller 2,Westerlo,51.08191,4.91334,0.06785786446359623,51.08247490394491,4.912972491225178,2017,3,16,13049,Westerlo,Normaal,Droog,Dag,met lichtgewonden,6,Bromfiets,3,Fiets
975,101,Diest teller 1,Diest,50.97799,5.04481,0.0350949406238372,50.978280315801484,5.045006653137968,2017,3,12,24020,Diest,Normaal,Droog,Dag,met lichtgewonden,9,personenauto,3,Fiets
975,102,Diest teller 2,Diest,50.9779,5.04474,0.046226472584104075,50.978280315801484,5.045006653137968,2017,3,12,24020,Diest,Normaal,Droog,Dag,met lichtgewonden,9,personenauto,3,Fiets
976,101,Diest teller 1,Diest,50.97799,5.04481,0.0350949406238372,50.978280315801484,5.045006653137968,2017,3,8,24020,Diest,Normaal,Droog,Dag,met lichtgewonden,3,Fiets,9,personenauto
976,102,Diest teller 2,Diest,50.9779,5.04474,0.046226472584104075,50.978280315801484,5.045006653137968,2017,3,8,24020,Diest,Normaal,Droog,Dag,met lichtgewonden,3,Fiets,9,personenauto
1059,117,Melle teller 1,Melle,50.9986113,3.8040599,0.19925192363540806,50.99958013837921,3.806455166697817,2017,3,16,44040,Melle,Normaal,Droog,Dag,met lichtgewonden,9,personenauto,3,Fiets
1059,116,Melle teller 2,Melle,50.9986113,3.8040599,0.19925192363540806,50.99958013837921,3.806455166697817,2017,3,16,44040,Melle,Normaal,Droog,Dag,met lichtgewonden,9,personenauto,3,Fiets
1233,41,Maasmechelen teller 1,Maasmechelen,50.97025,5.69799,0.030783648186253128,50.96999401387289,5.697822591285061,2017,3,9,73107,Maasmechelen,Normaal,Droog,Dag,met lichtgewonden,9,personenauto,3,Fiets
1233,42,Maasmechelen teller 2,Maasmechelen,50.97043,5.6981,0.052226217022887544,50.96999401387289,5.697822591285061,2017,3,9,73107,Maasmechelen,Normaal,Droog,Dag,met lichtgewonden,9,personenauto,3,Fiets
1261,140,Hasselt ring,Hasselt,50.9300038,5.3438616,0.049638296669573034,50.929570007346754,5.343694409745199,2017,3,19,71022,Hasselt,Normaal,Onbekend,Dag,met lichtgewonden,9,personenauto,3,Fiets
1427,38,Lommel teller 2,Lommel,51.23277,5.29189,0.01368120758983138,51.2328913354185,5.2918574234743465,2017,4,17,72020,Lommel,Normaal,Droog,Dag,met lichtgewonden,9,personenauto,3,Fiets
1427,37,Lommel teller 1,Lommel,51.23299,5.29211,0.020727290223475005,51.2328913354185,5.2918574234743465,2017,4,17,72020,Lommel,Normaal,Droog,Dag,met lichtgewonden,9,personenauto,3,Fiets
1458,73,Herent teller 2,Herent,50.89128,4.64685,0.2452240019374092,50.8893578516412,4.64856394498921,2017,4,14,24038,Herent,Normaal,Droog,Dag,met lichtgewonden,3,Fiets,8,Voetganger
1613,18,Oostende 1,Oostende,51.21378,2.92765,0.22243308362198785,51.215617830505806,2.926389000225458,2017,4,19,35013,Oostende,Normaal,Droog,Dag,met lichtgewonden,3,Fiets,3,Fiets
1613,15,Oostende 2,Oostende,51.21371,2.92743,0.22419043767230035,51.215617830505806,2.926389000225458,2017,4,19,35013,Oostende,Normaal,Droog,Dag,met lichtgewonden,3,Fiets,3,Fiets
1972,21,Bilzen,Bilzen,50.86015,5.50161,0.19893914016359154,50.86169923270364,5.503027694140075,2017,5,17,73006,Bilzen,Normaal,Droog,Dag,met lichtgewonden,3,Fiets,10,"één bestuurder, geen hindernis"
2008,77,Leuven teller 2,Leuven,50.88672,4.70796,0.1514767017270262,50.88691777942181,4.7058234861662775,2017,5,16,24062,Leuven,Normaal,Droog,Dag,met lichtgewonden,9,personenauto,3,Fiets
2008,107,leuven totem,Leuven,50.8870744,4.7087919,0.2089539231919342,50.88691777942181,4.7058234861662775,2017,5,16,24062,Leuven,Normaal,Droog,Dag,met lichtgewonden,9,personenauto,3,Fiets
2315,16,Kortrijk 1,Kortrijk,50.83332,3.27777,0.23196666107456096,50.831256587233185,3.2772839227076767,2017,5,19,34022,Kortrijk,Normaal,Droog,Dag,met lichtgewonden,9,personenauto,3,Fiets
2315,17,Kortrijk 2,Kortrijk,50.83339,3.27773,0.2392843209503697,50.831256587233185,3.2772839227076767,2017,5,19,34022,Kortrijk,Normaal,Droog,Dag,met lichtgewonden,9,personenauto,3,Fiets
2319,75,Kortrijk teller 2,Kortrijk,50.81925,3.25731,0.23888332966564954,50.821309108652265,3.2582798244199904,2017,5,17,34022,Kortrijk,Normaal,Droog,Dag,met lichtgewonden,9,personenauto,3,Fiets
2608,95,Lier teller 1,Lier,51.11687,4.58437,0.10165803320881307,51.116270385745324,4.585469397255261,2017,6,17,12021,Lier,Normaal,Droog,Dag,met lichtgewonden,9,personenauto,3,Fiets
2608,96,Lier teller 2,Lier,51.11705,4.58444,0.11259607909317647,51.116270385745324,4.585469397255261,2017,6,17,12021,Lier,Normaal,Droog,Dag,met lichtgewonden,9,personenauto,3,Fiets
2617,9,Heist op den Berg 2,Heist-op-den-Berg,51.06904,4.69524,0.06452259779731256,51.06913315192366,4.696151450496053,2017,6,20,12014,Heist-op-den-Berg,Normaal,Droog,Dag,met lichtgewonden,9,personenauto,3,Fiets
2670,39,Peer teller 1,Peer,51.13425,5.47817,0.19687785503830854,51.13448385392586,5.47537308466733,2017,6,15,72030,Peer,Normaal,Droog,Dag,met lichtgewonden,9,personenauto,3,Fiets
2670,40,Peer teller 2,Peer,51.13438,5.47892,0.2477527759015075,51.13448385392586,5.47537308466733,2017,6,15,72030,Peer,Normaal,Droog,Dag,met lichtgewonden,9,personenauto,3,Fiets
2730,101,Diest teller 1,Diest,50.97799,5.04481,0.02284171269759095,50.97815901657834,5.044995432680816,2017,6,16,24020,Diest,Normaal,Droog,Dag,met lichtgewonden,6,Bromfiets,3,Fiets
2730,102,Diest teller 2,Diest,50.9779,5.04474,0.03390156275509915,50.97815901657834,5.044995432680816,2017,6,16,24020,Diest,Normaal,Droog,Dag,met lichtgewonden,6,Bromfiets,3,Fiets
3038,143,Eco Display Classic Budastraat,Kortrijk,50.83066,3.26286,0.21399616139248018,50.83254390879479,3.263482613522432,2017,6,9,34022,Kortrijk,Normaal,Droog,Dag,met lichtgewonden,3,Fiets,9,personenauto
3226,2,Brasschaat 2,Brasschaat,51.27512,4.47169,0.21759953543805907,51.276728318606956,4.469907898963832,2017,7,8,11008,Brasschaat,Normaal,Droog,Dag,met lichtgewonden,9,personenauto,3,Fiets
3226,3,Brasschaat 1,Brasschaat,51.27503,4.47222,0.2480497366510082,51.276728318606956,4.469907898963832,2017,7,8,11008,Brasschaat,Normaal,Droog,Dag,met lichtgewonden,9,personenauto,3,Fiets
3267,98,Geel teller 2,Geel,51.1481,4.99643,0.24277332502614,51.1499670921796,4.994625855324165,2017,7,10,13008,Geel,Normaal,Droog,Dag,met zwaargewonden,9,personenauto,3,Fiets
3337,101,Diest teller 1,Diest,50.97799,5.04481,0.0350949406238372,50.978280315801484,5.045006653137968,2017,7,17,24020,Diest,Normaal,Droog,Dag,met lichtgewonden,9,personenauto,3,Fiets
3337,102,Diest teller 2,Diest,50.9779,5.04474,0.046226472584104075,50.978280315801484,5.045006653137968,2017,7,17,24020,Diest,Normaal,Droog,Dag,met lichtgewonden,9,personenauto,3,Fiets
3421,113,Deinze teller 2,Deinze,50.96018,3.55578,0.15507235690539714,50.96102853737939,3.554022851494733,2017,7,14,44083,Deinze,Normaal,Droog,Dag,met lichtgewonden,3,Fiets,9,personenauto
3421,114,Deinze teller 1,Nazareth,50.9598305,3.555502,0.1687552539956328,50.96102853737939,3.554022851494733,2017,7,14,44083,Deinze,Normaal,Droog,Dag,met lichtgewonden,3,Fiets,9,personenauto
3526,122,Dendermonde teller 2,Dendermonde,51.0373918,4.1019222,0.061820587917849106,51.03784872163625,4.102425904532823,2017,7,16,42006,Dendermonde,Normaal,Droog,Dag,met lichtgewonden,9,personenauto,3,Fiets
3526,125,Dendermonde totem,Dendermonde,51.0372706,4.1025998,0.06542396801974093,51.03784872163625,4.102425904532823,2017,7,16,42006,Dendermonde,Normaal,Droog,Dag,met lichtgewonden,9,personenauto,3,Fiets
3689,138,Hasselt-Kempische brug,Hasselt,50.9405318,5.3422472,0.19033788304560756,50.93902709409728,5.340952154535162,2017,7,17,71022,Hasselt,Normaal,Droog,Dag,met lichtgewonden,6,Bromfiets,3,Fiets
3689,137,Hasselt-Kempische brug,Hasselt,50.9411605,5.3417576,0.24384454172697873,50.93902709409728,5.340952154535162,2017,7,17,71022,Hasselt,Normaal,Droog,Dag,met lichtgewonden,6,Bromfiets,3,Fiets
3827,42,Maasmechelen teller 2,Maasmechelen,50.97043,5.6981,0.12747036712563858,50.971541823973936,5.698543534276606,2017,8,12,73107,Maasmechelen,Normaal,Droog,Dag,met lichtgewonden,3,Fiets,5,Lichte vrachtauto
3827,41,Maasmechelen teller 1,Maasmechelen,50.97025,5.69799,0.14878153107228786,50.971541823973936,5.698543534276606,2017,8,12,73107,Maasmechelen,Normaal,Droog,Dag,met lichtgewonden,3,Fiets,5,Lichte vrachtauto
3840,69,Leuven teller 1,Leuven,50.87549,4.71526,0.21051247759175987,50.87366810902584,4.714444423409694,2017,8,14,24062,Leuven,Normaal,Droog,Dag,met lichtgewonden,6,Bromfiets,3,Fiets
3840,144,test leuven,Leuven,50.875576,4.7153726,0.2219192660642848,50.87366810902584,4.714444423409694,2017,8,14,24062,Leuven,Normaal,Droog,Dag,met lichtgewonden,6,Bromfiets,3,Fiets
3856,101,Diest teller 1,Diest,50.97799,5.04481,0.04771157508636574,50.978340211118756,5.045203756850664,2017,8,10,24020,Diest,Normaal,Droog,Dag,met lichtgewonden,9,personenauto,3,Fiets
3856,102,Diest teller 2,Diest,50.9779,5.04474,0.058738245318281895,50.978340211118756,5.045203756850664,2017,8,10,24020,Diest,Normaal,Droog,Dag,met lichtgewonden,9,personenauto,3,Fiets
3868,71,Kampenhout teller 2,Kampenhout,50.95589,4.59164,0.15716749015911824,50.95512349266718,4.593525233359327,2017,8,7,23038,Kampenhout,Normaal,Droog,Dag,met lichtgewonden,6,Bromfiets,3,Fiets
3868,70,Kampenhout teller 1,Kampenhout,50.95682,4.59318,0.1901865516471831,50.95512349266718,4.593525233359327,2017,8,7,23038,Kampenhout,Normaal,Droog,Dag,met lichtgewonden,6,Bromfiets,3,Fiets
4023,16,Kortrijk 1,Kortrijk,50.83332,3.27777,0.08611113940163467,50.83284625815824,3.276800041135042,2017,8,17,34022,Kortrijk,Normaal,Droog,Dag,met lichtgewonden,9,personenauto,3,Fiets
4023,17,Kortrijk 2,Kortrijk,50.83339,3.27773,0.0889996346065085,50.83284625815824,3.276800041135042,2017,8,17,34022,Kortrijk,Normaal,Droog,Dag,met lichtgewonden,9,personenauto,3,Fiets
4038,68,Ieper,Ieper,50.85032,2.85608,0.16627114411565205,50.85074996755613,2.853811572529685,2017,8,17,33011,Ieper,Normaal,Droog,Dag,met lichtgewonden,3,Fiets,10,"één bestuurder, geen hindernis"
4038,67,Ieper totem,Ieper,50.85018,2.85624,0.18188109789932067,50.85074996755613,2.853811572529685,2017,8,17,33011,Ieper,Normaal,Droog,Dag,met lichtgewonden,3,Fiets,10,"één bestuurder, geen hindernis"
4527,89,Westerlo teller 2,Westerlo,51.08191,4.91334,0.09574496504636476,51.0810894983241,4.913755682766724,2017,10,8,13013,Herselt,Onbekend,Droog,Dag,met zwaargewonden,3,Fiets,5,Lichte vrachtauto
4527,88,Westerlo teller 1,Westerlo,51.082,4.91325,0.10722857646286305,51.0810894983241,4.913755682766724,2017,10,8,13013,Herselt,Onbekend,Droog,Dag,met zwaargewonden,3,Fiets,5,Lichte vrachtauto
4619,69,Leuven teller 1,Leuven,50.87549,4.71526,0.05879151349908873,50.87497526773162,4.71545149088372,2017,10,18,24062,Leuven,Onbekend,Onbekend,Dag,met lichtgewonden,3,Fiets,3,Fiets
4619,144,test leuven,Leuven,50.875576,4.7153726,0.06702733932085973,50.87497526773162,4.71545149088372,2017,10,18,24062,Leuven,Onbekend,Onbekend,Dag,met lichtgewonden,3,Fiets,3,Fiets
4642,69,Leuven teller 1,Leuven,50.87549,4.71526,0.19381385485082925,50.87453081617732,4.712953630226136,2017,9,8,24062,Leuven,Normaal,Droog,Dag,met lichtgewonden,9,personenauto,3,Fiets
4642,144,test leuven,Leuven,50.875576,4.7153726,0.2057050572086216,50.87453081617732,4.712953630226136,2017,9,8,24062,Leuven,Normaal,Droog,Dag,met lichtgewonden,9,personenauto,3,Fiets
4652,69,Leuven teller 1,Leuven,50.87549,4.71526,0.22307699810233445,50.87348393017765,4.715293265151324,2017,9,13,24062,Leuven,Normaal,Droog,Dag,met lichtgewonden,9,personenauto,3,Fiets
4652,144,test leuven,Leuven,50.875576,4.7153726,0.23269414393931542,50.87348393017765,4.715293265151324,2017,9,13,24062,Leuven,Normaal,Droog,Dag,met lichtgewonden,9,personenauto,3,Fiets
4665,24,Tienen 1,Tienen,50.8133795491886,4.935044252605416,0.03425028673718129,50.813071821087966,4.935065478891149,2017,9,8,24107,Tienen,Regenval,"Nat, plassen",Dageraad - schemering,met lichtgewonden,9,personenauto,3,Fiets
4665,23,Tienen 3,Tienen,50.81324,4.93447,0.04582679040519459,50.813071821087966,4.935065478891149,2017,9,8,24107,Tienen,Regenval,"Nat, plassen",Dageraad - schemering,met lichtgewonden,9,personenauto,3,Fiets
4665,22,Tienen 2,Tienen,50.81330800184882,4.935984252796022,0.06968952838735547,50.813071821087966,4.935065478891149,2017,9,8,24107,Tienen,Regenval,"Nat, plassen",Dageraad - schemering,met lichtgewonden,9,personenauto,3,Fiets
4691,87,Aarschot,Aarschot,50.99084,4.81259,0.2017743783785737,50.990622607807076,4.8097279097598316,2017,9,18,24007,Begijnendijk,Normaal,Droog+Proper,Dag,met lichtgewonden,3,Fiets,9,personenauto
4694,87,Aarschot,Aarschot,50.99084,4.81259,0.18575958792082087,50.99024294480608,4.810111258986263,2017,10,13,24007,Begijnendijk,Normaal,Droog,Dag,met zwaargewonden,9,personenauto,3,Fiets
4754,119,Gent teller 2,Gent,51.0281795,3.7683918,0.028015317256526118,51.02796631451085,3.7686052934955527,2017,10,15,44021,Gent,Normaal,Droog,Dag,met lichtgewonden,3,Fiets,9,personenauto
4754,118,Gent teller 1,Gent,51.028049,3.7681359,0.03409027919138015,51.02796631451085,3.7686052934955527,2017,10,15,44021,Gent,Normaal,Droog,Dag,met lichtgewonden,3,Fiets,9,personenauto
5091,122,Dendermonde teller 2,Dendermonde,51.0373918,4.1019222,0.061820587917849106,51.03784872163625,4.102425904532823,2017,10,16,42006,Dendermonde,Normaal,Droog,Dag,met lichtgewonden,9,personenauto,3,Fiets
5091,125,Dendermonde totem,Dendermonde,51.0372706,4.1025998,0.06542396801974093,51.03784872163625,4.102425904532823,2017,10,16,42006,Dendermonde,Normaal,Droog,Dag,met lichtgewonden,9,personenauto,3,Fiets
5206,56,Torhout teller 2,Torhout,51.07147,3.08244,0.1463762270221473,51.07212937364643,3.0806267484780663,2017,10,14,31033,Torhout,Normaal,Droog,Dag,met lichtgewonden,9,personenauto,3,Fiets
5206,55,Torhout teller 1,Torhout,51.07161,3.08261,0.15012054273816502,51.07212937364643,3.0806267484780663,2017,10,14,31033,Torhout,Normaal,Droog,Dag,met lichtgewonden,9,personenauto,3,Fiets
5245,17,Kortrijk 2,Kortrijk,50.83339,3.27773,0.11038192698848902,50.83415444204025,3.278732722839238,2017,9,12,34022,Kortrijk,Normaal,Droog,Dag,met lichtgewonden,9,personenauto,3,Fiets
5245,16,Kortrijk 1,Kortrijk,50.83332,3.27777,0.11480538623213633,50.83415444204025,3.278732722839238,2017,9,12,34022,Kortrijk,Normaal,Droog,Dag,met lichtgewonden,9,personenauto,3,Fiets
5333,100,Mechelen teller 2,Mechelen,51.0457,4.46883,0.19962810189358912,51.047399028365824,4.467907445179255,2017,9,20,12025,Mechelen,Normaal,Droog,"Nacht, openbare verlichting aanwezig en ontstoken",met lichtgewonden,9,personenauto,3,Fiets
5333,99,Mechelen teller 1,Mechelen,51.04564,4.46882,0.20573549087624338,51.047399028365824,4.467907445179255,2017,9,20,12025,Mechelen,Normaal,Droog,"Nacht, openbare verlichting aanwezig en ontstoken",met lichtgewonden,9,personenauto,3,Fiets
5685,7,Evergem 1,Evergem,51.1089,3.70317,0.24232336294700432,51.10729228540374,3.7055132375290087,2017,11,14,44019,Evergem,Regenval,"Nat, plassen",Dag,met lichtgewonden,3,Fiets,9,personenauto
6005,118,Gent teller 1,Gent,51.028049,3.7681359,0.04148378915677053,51.02779619370568,3.768572121433177,2017,12,16,44021,Gent,Normaal,Droog+Proper,Dageraad - schemering,met lichtgewonden,6,Bromfiets,3,Fiets
6005,119,Gent teller 2,Gent,51.0281795,3.7683918,0.04444819948174501,51.02779619370568,3.768572121433177,2017,12,16,44021,Gent,Normaal,Droog+Proper,Dageraad - schemering,met lichtgewonden,6,Bromfiets,3,Fiets
6137,143,Eco Display Classic Budastraat,Kortrijk,50.83066,3.26286,0.19273690175785688,50.82923034093349,3.2644116274916093,2017,12,12,34022,Kortrijk,Normaal,Droog,Dag,met lichtgewonden,3,Fiets,11,een weggebruiker tegen een hindernis
6205,26,Zaventem,Zaventem,50.86995,4.45444,0.24779387824113772,50.86772524238689,4.454236432176539,2018,1,18,23094,Zaventem,Onbekend,Onbekend,Onbekend,met lichtgewonden,9,personenauto,3,Fiets
6323,46,Pelt teller 2,Pelt,51.231,5.44375,0.15237315686703234,51.23013482475104,5.442052958025283,2018,1,16,72043,Pelt,Normaal,Droog,Dag,met lichtgewonden,3,Fiets,9,personenauto
6323,45,Pelt teller 1,Pelt,51.23127,5.44377,0.17385751585007256,51.23013482475104,5.442052958025283,2018,1,16,72043,Pelt,Normaal,Droog,Dag,met lichtgewonden,3,Fiets,9,personenauto
6398,119,Gent teller 2,Gent,51.0281795,3.7683918,0.22517224960252472,51.026568508757826,3.7703426055684988,2018,1,7,44021,Gent,"Sterke wind, rukwind",Droog,"Nacht, openbare verlichting aanwezig en ontstoken",met lichtgewonden,9,personenauto,3,Fiets
6398,118,Gent teller 1,Gent,51.028049,3.7681359,0.22565012260392917,51.026568508757826,3.7703426055684988,2018,1,7,44021,Gent,"Sterke wind, rukwind",Droog,"Nacht, openbare verlichting aanwezig en ontstoken",met lichtgewonden,9,personenauto,3,Fiets
6518,15,Oostende 2,Oostende,51.21371,2.92743,0.11282207645063844,51.21282397856141,2.928219267495095,2018,2,14,35013,Oostende,Normaal,Droog,Dag,met lichtgewonden,5,Lichte vrachtauto,3,Fiets
6518,18,Oostende 1,Oostende,51.21378,2.92765,0.11345926788123444,51.21282397856141,2.928219267495095,2018,2,14,35013,Oostende,Normaal,Droog,Dag,met lichtgewonden,5,Lichte vrachtauto,3,Fiets
6558,66,Nieuwpoort totem,Nieuwpoort,51.1347,2.74369,0.2479931744600429,51.133193493220645,2.7463107577468704,2018,1,8,38016,Nieuwpoort,Normaal,Droog,Dag,met lichtgewonden,3,Fiets,9,personenauto
6752,24,Tienen 1,Tienen,50.8133795491886,4.935044252605416,0.009770190624328684,50.81334426656314,4.9351716095648674,2018,2,19,24107,Tienen,Normaal,Droog,"Nacht, openbare verlichting aanwezig en ontstoken",met lichtgewonden,9,personenauto,3,Fiets
6752,23,Tienen 3,Tienen,50.81324,4.93447,0.05063909509282226,50.81334426656314,4.9351716095648674,2018,2,19,24107,Tienen,Normaal,Droog,"Nacht, openbare verlichting aanwezig en ontstoken",met lichtgewonden,9,personenauto,3,Fiets
6752,22,Tienen 2,Tienen,50.81330800184882,4.935984252796022,0.057237242823281576,50.81334426656314,4.9351716095648674,2018,2,19,24107,Tienen,Normaal,Droog,"Nacht, openbare verlichting aanwezig en ontstoken",met lichtgewonden,9,personenauto,3,Fiets
6775,118,Gent teller 1,Gent,51.028049,3.7681359,0.07615675302812097,51.028465940273364,3.767271965127867,2018,2,10,44021,Gent,Normaal,Droog,Dag,met lichtgewonden,3,Fiets,9,personenauto
6775,119,Gent teller 2,Gent,51.0281795,3.7683918,0.0845442053461961,51.028465940273364,3.767271965127867,2018,2,10,44021,Gent,Normaal,Droog,Dag,met lichtgewonden,3,Fiets,9,personenauto
6867,142,TEST Validatie BRUGGE Y2H22022134,Brugge,51.22632,3.24095,0.22675715784383021,51.2246912740347,3.238990499295502,2018,2,17,31005,Brugge,Onbekend,Onbekend,Dageraad - schemering,met lichtgewonden,3,Fiets,3,Fiets
6867,52,Brugge,Brugge,51.22632,3.24095,0.22675715784383021,51.2246912740347,3.238990499295502,2018,2,17,31005,Brugge,Onbekend,Onbekend,Dageraad - schemering,met lichtgewonden,3,Fiets,3,Fiets
6931,41,Maasmechelen teller 1,Maasmechelen,50.97025,5.69799,0.030783648186253128,50.96999401387289,5.697822591285061,2018,2,9,73107,Maasmechelen,Normaal,Droog,Dag,met lichtgewonden,9,personenauto,3,Fiets
6931,42,Maasmechelen teller 2,Maasmechelen,50.97043,5.6981,0.052226217022887544,50.96999401387289,5.697822591285061,2018,2,9,73107,Maasmechelen,Normaal,Droog,Dag,met lichtgewonden,9,personenauto,3,Fiets
7059,3,Brasschaat 1,Brasschaat,51.27503,4.47222,0.03381275850024138,51.27532918503637,4.472306913804035,2018,3,17,11008,Brasschaat,Normaal,Droog,Dag,met lichtgewonden,9,personenauto,3,Fiets
7059,2,Brasschaat 2,Brasschaat,51.27512,4.47169,0.048811856872344676,51.27532918503637,4.472306913804035,2018,3,17,11008,Brasschaat,Normaal,Droog,Dag,met lichtgewonden,9,personenauto,3,Fiets
7128,77,Leuven teller 2,Leuven,50.88672,4.70796,0.2101108636833756,50.88814502973595,4.705992996467997,2018,3,20,24062,Leuven,Normaal,Droog,"Nacht, openbare verlichting aanwezig en ontstoken",met zwaargewonden,6,Bromfiets,3,Fiets
7128,107,leuven totem,Leuven,50.8870744,4.7087919,0.22960715920757105,50.88814502973595,4.705992996467997,2018,3,20,24062,Leuven,Normaal,Droog,"Nacht, openbare verlichting aanwezig en ontstoken",met zwaargewonden,6,Bromfiets,3,Fiets
7333,17,Kortrijk 2,Kortrijk,50.83339,3.27773,0.22214992966361813,50.834883902631375,3.279830345683916,2018,3,20,34022,Kortrijk,Normaal,Droog,"Nacht, openbare verlichting aanwezig en ontstoken",met lichtgewonden,3,Fiets,9,personenauto
7333,16,Kortrijk 1,Kortrijk,50.83332,3.27777,0.22622193349309905,50.834883902631375,3.279830345683916,2018,3,20,34022,Kortrijk,Normaal,Droog,"Nacht, openbare verlichting aanwezig en ontstoken",met lichtgewonden,3,Fiets,9,personenauto
7335,143,Eco Display Classic Budastraat,Kortrijk,50.83066,3.26286,0.1487290468679414,50.8294203073042,3.2636551005534633,2018,3,13,34022,Kortrijk,Normaal,Droog,Dag,met lichtgewonden,3,Fiets,3,Fiets
7543,89,Westerlo teller 2,Westerlo,51.08191,4.91334,0.14517142459925844,51.08066015748438,4.913940630734161,2018,4,16,13013,Herselt,Onbekend,Onbekend,Onbekend,met lichtgewonden,3,Fiets,3,Fiets
7543,88,Westerlo teller 1,Westerlo,51.082,4.91325,0.15660009951765919,51.08066015748438,4.913940630734161,2018,4,16,13013,Herselt,Onbekend,Onbekend,Onbekend,met lichtgewonden,3,Fiets,3,Fiets
7649,118,Gent teller 1,Gent,51.028049,3.7681359,0.04030132066999572,51.028355940743566,3.7678294454445314,2018,4,8,44021,Gent,Normaal,Droog,Dag,met lichtgewonden,9,personenauto,3,Fiets
7649,119,Gent teller 2,Gent,51.0281795,3.7683918,0.043950108071750475,51.028355940743566,3.7678294454445314,2018,4,8,44021,Gent,Normaal,Droog,Dag,met lichtgewonden,9,personenauto,3,Fiets
7831,57,Meulebeke teller 1,Meulebeke,50.96056,3.24491,0.11122304491530548,50.96153130973293,3.244530735723735,2018,4,20,37007,Meulebeke,Normaal,Droog+Proper,Dageraad - schemering,met lichtgewonden,9,personenauto,3,Fiets
7831,58,Meulebeke teller 2,Meulebeke,50.96021,3.24471,0.14745839361951682,50.96153130973293,3.244530735723735,2018,4,20,37007,Meulebeke,Normaal,Droog+Proper,Dageraad - schemering,met lichtgewonden,9,personenauto,3,Fiets
7848,17,Kortrijk 2,Kortrijk,50.83339,3.27773,0.11038192698848902,50.83415444204025,3.278732722839238,2018,4,14,34022,Kortrijk,Normaal,Droog,Dag,met lichtgewonden,9,personenauto,3,Fiets
7848,16,Kortrijk 1,Kortrijk,50.83332,3.27777,0.11480538623213633,50.83415444204025,3.278732722839238,2018,4,14,34022,Kortrijk,Normaal,Droog,Dag,met lichtgewonden,9,personenauto,3,Fiets
7889,140,Hasselt ring,Hasselt,50.9300038,5.3438616,0.22936893795910687,50.9279416070358,5.343784569297438,2018,4,15,71022,Hasselt,Normaal,Onbekend,Dag,met lichtgewonden,3,Fiets,9,personenauto
8090,3,Brasschaat 1,Brasschaat,51.27503,4.47222,0.03381275850024138,51.27532918503637,4.472306913804035,2018,5,16,11008,Brasschaat,Normaal,Droog,Dag,met lichtgewonden,9,personenauto,3,Fiets
8090,2,Brasschaat 2,Brasschaat,51.27512,4.47169,0.048811856872344676,51.27532918503637,4.472306913804035,2018,5,16,11008,Brasschaat,Normaal,Droog,Dag,met lichtgewonden,9,personenauto,3,Fiets
8253,78,Pepingen teller 1,Pepingen,50.75824,4.1652,0.014930343558190519,50.75821477761025,4.165408477389026,2018,5,10,23064,Pepingen,Normaal,Droog,Dag,met lichtgewonden,8,Voetganger,3,Fiets
8253,79,Pepingen teller 2,Pepingen,50.75848,4.16537,0.029615318746782908,50.75821477761025,4.165408477389026,2018,5,10,23064,Pepingen,Normaal,Droog,Dag,met lichtgewonden,8,Voetganger,3,Fiets
8280,118,Gent teller 1,Gent,51.028049,3.7681359,0.15629382842839368,51.0290143062434,3.766511419157813,2018,5,12,44021,Gent,Normaal,Droog,Dag,met lichtgewonden,9,personenauto,3,Fiets
8280,119,Gent teller 2,Gent,51.0281795,3.7683918,0.16096482799065787,51.0290143062434,3.766511419157813,2018,5,12,44021,Gent,Normaal,Droog,Dag,met lichtgewonden,9,personenauto,3,Fiets
8627,140,Hasselt ring,Hasselt,50.9300038,5.3438616,0.1608593913101219,50.928846407021894,5.345238583794631,2018,5,9,71022,Hasselt,Normaal,Droog+Proper,Dag,met lichtgewonden,9,personenauto,3,Fiets
8628,140,Hasselt ring,Hasselt,50.9300038,5.3438616,0.07488956705847588,50.9305143801441,5.344558468477403,2018,5,18,71022,Hasselt,Normaal,Droog,Dag,met lichtgewonden,9,personenauto,3,Fiets
8794,91,Brecht teller 2,Brecht,51.35739,4.62422,0.18596426347869235,51.356027687386195,4.625773467894857,2018,6,12,11009,Brecht,Normaal,Droog,Dag,met lichtgewonden,3,Fiets,3,Fiets
8794,90,Brecht teller 1,Brecht,51.35752,4.6243,0.19494489153485464,51.356027687386195,4.625773467894857,2018,6,12,11009,Brecht,Normaal,Droog,Dag,met lichtgewonden,3,Fiets,3,Fiets
8850,88,Westerlo teller 1,Westerlo,51.082,4.91325,0.08547574888019988,51.08207907795581,4.912032847653247,2018,6,18,13049,Westerlo,Normaal,Droog,Dag,met lichtgewonden,3,Fiets,6,Bromfiets
8850,89,Westerlo teller 2,Westerlo,51.08191,4.91334,0.09322460076522388,51.08207907795581,4.912032847653247,2018,6,18,13049,Westerlo,Normaal,Droog,Dag,met lichtgewonden,3,Fiets,6,Bromfiets
8904,69,Leuven teller 1,Leuven,50.87549,4.71526,0.23651852201290666,50.87367016881226,4.713514913155444,2018,6,23,24062,Leuven,Onbekend,Onbekend,"Nacht, openbare verlichting aanwezig en ontstoken",met lichtgewonden,3,Fiets,8,Voetganger
8904,144,test leuven,Leuven,50.875576,4.7153726,0.2487967801477827,50.87367016881226,4.713514913155444,2018,6,23,24062,Leuven,Onbekend,Onbekend,"Nacht, openbare verlichting aanwezig en ontstoken",met lichtgewonden,3,Fiets,8,Voetganger
9229,143,Eco Display Classic Budastraat,Kortrijk,50.83066,3.26286,0.22119712855988216,50.82895683707845,3.264487284527242,2018,6,15,34022,Kortrijk,Normaal,Droog,Dag,met lichtgewonden,3,Fiets,8,Voetganger
9241,143,Eco Display Classic Budastraat,Kortrijk,50.83066,3.26286,0.1497903591508526,50.83175485524602,3.2616174035265826,2018,6,14,34022,Kortrijk,Normaal,Droog,Dag,met lichtgewonden,3,Fiets,11,een weggebruiker tegen een hindernis
9318,140,Hasselt ring,Hasselt,50.9300038,5.3438616,0.05926458639578366,50.93048267207561,5.344232845976429,2018,6,17,71022,Hasselt,Normaal,Droog,Dag,met lichtgewonden,9,personenauto,3,Fiets
9326,140,Hasselt ring,Hasselt,50.9300038,5.3438616,0.22936893795910687,50.9279416070358,5.343784569297438,2018,6,17,71022,Hasselt,Normaal,Droog,Dag,met lichtgewonden,9,personenauto,3,Fiets
9617,26,Zaventem,Zaventem,50.86995,4.45444,0.20250759494466294,50.86835843360969,4.4530372773865805,2018,7,8,23094,Zaventem,Normaal,Droog,Dag,met lichtgewonden,3,Fiets,9,personenauto
9720,115,Aalter,Aalter,51.1058367,3.4350591,0.04732256380162977,51.1054127206667,3.4350003316829927,2018,7,6,44084,Aalter,Normaal,Droog,Dag,met zwaargewonden,3,Fiets,10,"één bestuurder, geen hindernis"
9772,121,Zele teller 2,Zele,51.0604067,4.0556696,0.02338538638642517,51.06032573010651,4.055360772966991,2018,7,9,42028,Zele,Normaal,Droog,Dag,met lichtgewonden,9,personenauto,3,Fiets
9772,120,Zele teller 1,Zele,51.0607671,4.0547741,0.06395054309792224,51.06032573010651,4.055360772966991,2018,7,9,42028,Zele,Normaal,Droog,Dag,met lichtgewonden,9,personenauto,3,Fiets
9801,122,Dendermonde teller 2,Dendermonde,51.0373918,4.1019222,0.10313185568039776,51.038280527725874,4.102344143554155,2018,7,15,42006,Dendermonde,Normaal,Droog,Dag,met lichtgewonden,9,personenauto,3,Fiets
9801,125,Dendermonde totem,Dendermonde,51.0372706,4.1025998,0.11371264234002253,51.038280527725874,4.102344143554155,2018,7,15,42006,Dendermonde,Normaal,Droog,Dag,met lichtgewonden,9,personenauto,3,Fiets
9883,143,Eco Display Classic Budastraat,Kortrijk,50.83066,3.26286,0.1270757814162317,50.829899081013394,3.264209967863124,2018,7,17,34022,Kortrijk,Regenval,"Nat, plassen",Dag,met lichtgewonden,3,Fiets,9,personenauto
9896,65,Nieuwpoort teller 2,Nieuwpoort,51.13435,2.75511,0.06265144275540734,51.13381382849721,2.754834056696519,2018,7,14,38016,Nieuwpoort,Normaal,Droog,Dag,met lichtgewonden,6,Bromfiets,3,Fiets
9896,64,Nieuwpoort teller 1,Nieuwpoort,51.13359,2.75737,0.17868823227261627,51.13381382849721,2.754834056696519,2018,7,14,38016,Nieuwpoort,Normaal,Droog,Dag,met lichtgewonden,6,Bromfiets,3,Fiets
9897,64,Nieuwpoort teller 1,Nieuwpoort,51.13359,2.75737,0.18695883999500268,51.13395494102462,2.7599855649771947,2018,7,17,38016,Nieuwpoort,Normaal,Droog,Dag,met lichtgewonden,9,personenauto,3,Fiets
9907,61,Wervik teller 2,Wervik,50.80555,3.0921,0.01941670133924577,50.80568435579054,3.0919235067024493,2018,7,14,33029,Wervik,Normaal,Droog,Dag,met lichtgewonden,9,personenauto,3,Fiets
9907,62,Wervik teller 1,Wervik,50.8058,3.09154,0.02985968524690711,50.80568435579054,3.0919235067024493,2018,7,14,33029,Wervik,Normaal,Droog,Dag,met lichtgewonden,9,personenauto,3,Fiets
9942,138,Hasselt-Kempische brug,Hasselt,50.9405318,5.3422472,0.23726942743743834,50.93858941951691,5.340845351878659,2018,7,7,71022,Hasselt,Normaal,Droog,Dag,met lichtgewonden,3,Fiets,8,Voetganger
10298,115,Aalter,Aalter,51.1058367,3.4350591,0.20433332990138933,51.104243681048544,3.4365179949065507,2018,8,13,44084,Aalter,Normaal,Droog,Dag,met lichtgewonden,9,personenauto,3,Fiets
10461,16,Kortrijk 1,Kortrijk,50.83332,3.27777,0.21980523143926023,50.83196944189015,3.2754845641662387,2018,8,12,34022,Kortrijk,Normaal,Droog,Dag,met lichtgewonden,9,personenauto,3,Fiets
10461,17,Kortrijk 2,Kortrijk,50.83339,3.27773,0.2232013196454198,50.83196944189015,3.2754845641662387,2018,8,12,34022,Kortrijk,Normaal,Droog,Dag,met lichtgewonden,9,personenauto,3,Fiets
10699,95,Lier teller 1,Lier,51.11687,4.58437,0.11455610347928957,51.11618365572886,4.585593933723407,2018,9,7,12021,Lier,Normaal,Droog,Dag,met lichtgewonden,3,Fiets,5,Lichte vrachtauto
10699,96,Lier teller 2,Lier,51.11705,4.58444,0.1255695677262295,51.11618365572886,4.585593933723407,2018,9,7,12021,Lier,Normaal,Droog,Dag,met lichtgewonden,3,Fiets,5,Lichte vrachtauto
10775,107,leuven totem,Leuven,50.8870744,4.7087919,0.07054182369108761,50.886643299639296,4.7095296575689165,2018,9,17,24062,Leuven,Onbekend,Onbekend,Dag,met lichtgewonden,4,Vrachtwagen,3,Fiets
10775,77,Leuven teller 2,Leuven,50.88672,4.70796,0.11043816044971051,50.886643299639296,4.7095296575689165,2018,9,17,24062,Leuven,Onbekend,Onbekend,Dag,met lichtgewonden,4,Vrachtwagen,3,Fiets
10934,120,Zele teller 1,Zele,51.0607671,4.0547741,0.05525561468912599,51.06126368135568,4.054803528636167,2018,9,7,42028,Zele,Normaal,Droog,Dag,met zwaargewonden,3,Fiets,4,Vrachtwagen
10934,121,Zele teller 2,Zele,51.0604067,4.0556696,0.11288902227822759,51.06126368135568,4.054803528636167,2018,9,7,42028,Zele,Normaal,Droog,Dag,met zwaargewonden,3,Fiets,4,Vrachtwagen
11066,64,Nieuwpoort teller 1,Nieuwpoort,51.13359,2.75737,0.08289435528707362,51.13302574614602,2.7565935915151116,2018,7,11,38016,Nieuwpoort,Normaal,Droog,Dag,met lichtgewonden,9,personenauto,3,Fiets
11066,65,Nieuwpoort teller 2,Nieuwpoort,51.13435,2.75511,0.17999631651624326,51.13302574614602,2.7565935915151116,2018,7,11,38016,Nieuwpoort,Normaal,Droog,Dag,met lichtgewonden,9,personenauto,3,Fiets
11093,100,Mechelen teller 2,Mechelen,51.0457,4.46883,0.16998078318951032,51.04713217421603,4.467979774631354,2018,9,6,12025,Mechelen,Normaal,Droog,"Nacht, openbare verlichting aanwezig en ontstoken",met lichtgewonden,3,Fiets,3,Fiets
11093,99,Mechelen teller 1,Mechelen,51.04564,4.46882,0.17601224910258248,51.04713217421603,4.467979774631354,2018,9,6,12025,Mechelen,Normaal,Droog,"Nacht, openbare verlichting aanwezig en ontstoken",met lichtgewonden,3,Fiets,3,Fiets
11102,99,Mechelen teller 1,Mechelen,51.04564,4.46882,0.1302453679439912,51.04455487467302,4.469521480605486,2018,9,6,12025,Mechelen,Normaal,Droog,Dageraad - schemering,met lichtgewonden,6,Bromfiets,3,Fiets
11102,100,Mechelen teller 2,Mechelen,51.0457,4.46883,0.13619950648745027,51.04455487467302,4.469521480605486,2018,9,6,12025,Mechelen,Normaal,Droog,Dageraad - schemering,met lichtgewonden,6,Bromfiets,3,Fiets
11368,9,Heist op den Berg 2,Heist-op-den-Berg,51.06904,4.69524,0.1954716869955481,51.069732695567126,4.697811203063186,2018,10,8,12014,Heist-op-den-Berg,Normaal,Droog,Dag,met lichtgewonden,3,Fiets,5,Lichte vrachtauto
11403,37,Lommel teller 1,Lommel,51.23299,5.29211,0.13428434913970794,51.23297359555292,5.294038494656519,2018,10,15,72020,Lommel,Normaal,Droog,Dag,met lichtgewonden,3,Fiets,3,Fiets
11403,38,Lommel teller 2,Lommel,51.23277,5.29189,0.15129324517810183,51.23297359555292,5.294038494656519,2018,10,15,72020,Lommel,Normaal,Droog,Dag,met lichtgewonden,3,Fiets,3,Fiets
11438,25,Bree,Bree,51.13679500160176,5.597669323604317,0.1673994688681867,51.13829354392847,5.597899063350158,2018,10,12,72004,Bree,Normaal,Droog,Dag,met lichtgewonden,3,Fiets,3,Fiets
11451,151,Leuven,District Leuven,50.8690262,4.6854839,0.1445523307409489,50.870322772707034,4.685334629694695,2018,10,17,24062,Leuven,Normaal,Droog,Dag,met lichtgewonden,3,Fiets,11,een weggebruiker tegen een hindernis
11482,101,Diest teller 1,Diest,50.97799,5.04481,0.0350949406238372,50.978280315801484,5.045006653137968,2018,10,9,24020,Diest,Normaal,Droog,Dag,met lichtgewonden,9,personenauto,3,Fiets
11482,102,Diest teller 2,Diest,50.9779,5.04474,0.046226472584104075,50.978280315801484,5.045006653137968,2018,10,9,24020,Diest,Normaal,Droog,Dag,met lichtgewonden,9,personenauto,3,Fiets
11782,75,Kortrijk teller 2,Kortrijk,50.81925,3.25731,0.029325817037671672,50.8194242365257,3.2576233781181587,2018,10,7,34022,Kortrijk,Normaal,Droog,Dag,met zwaargewonden,4,Vrachtwagen,3,Fiets
11782,74,Kortrijk teller 1,Kortrijk,50.81909,3.25728,0.04430739062769007,50.8194242365257,3.2576233781181587,2018,10,7,34022,Kortrijk,Normaal,Droog,Dag,met zwaargewonden,4,Vrachtwagen,3,Fiets
11843,140,Hasselt ring,Hasselt,50.9300038,5.3438616,0.22487713411186375,50.93193566225613,5.3448107907481415,2018,10,22,71022,Hasselt,Normaal,Droog,"Nacht, openbare verlichting aanwezig en ontstoken",met lichtgewonden,3,Fiets,9,personenauto
12108,69,Leuven teller 1,Leuven,50.87549,4.71526,0.21051247759175987,50.87366810902584,4.714444423409694,2018,11,7,24062,Leuven,Normaal,Droog,Dag,met lichtgewonden,9,personenauto,3,Fiets
12108,144,test leuven,Leuven,50.875576,4.7153726,0.2219192660642848,50.87366810902584,4.714444423409694,2018,11,7,24062,Leuven,Normaal,Droog,Dag,met lichtgewonden,9,personenauto,3,Fiets
12140,27,Grimbergen,Meise,50.92127,4.34013,0.2425887638050439,50.91916406238954,4.341033819449691,2018,11,7,23025,Grimbergen,Onbekend,Onbekend,Dag,met lichtgewonden,3,Fiets,9,personenauto
12501,118,Gent teller 1,Gent,51.028049,3.7681359,0.22192350185106477,51.02938022433255,3.7657716158429806,2018,12,21,44021,Gent,Normaal,"Nat, plassen","Nacht, openbare verlichting aanwezig en ontstoken",met lichtgewonden,6,Bromfiets,3,Fiets
12501,119,Gent teller 2,Gent,51.0281795,3.7683918,0.2267218971176749,51.02938022433255,3.7657716158429806,2018,12,21,44021,Gent,Normaal,"Nat, plassen","Nacht, openbare verlichting aanwezig en ontstoken",met lichtgewonden,6,Bromfiets,3,Fiets
12721,13,Gent,Gent,51.03018,3.70146,0.14269551273354933,51.0313212502949,3.7005268782191836,2018,12,8,44021,Gent,Onbekend,Onbekend,Onbekend,met lichtgewonden,3,Fiets,2,Andere weggebruiker
12808,67,Ieper totem,Ieper,50.85018,2.85624,0.22808836841815372,50.849898210431476,2.859458172356224,2018,12,16,33011,Ieper,Regenval,"Nat, plassen","Nacht, openbare verlichting aanwezig en ontstoken",met lichtgewonden,5,Lichte vrachtauto,3,Fiets
12808,68,Ieper,Ieper,50.85032,2.85608,0.24175117522593523,50.849898210431476,2.859458172356224,2018,12,16,33011,Ieper,Regenval,"Nat, plassen","Nacht, openbare verlichting aanwezig en ontstoken",met lichtgewonden,5,Lichte vrachtauto,3,Fiets
13205,42,Maasmechelen teller 2,Maasmechelen,50.97043,5.6981,0.06945457153458556,50.97105001422321,5.698220233435995,2019,1,8,73107,Maasmechelen,Normaal,Droog,Dag,met lichtgewonden,5,Lichte vrachtauto,3,Fiets
13205,41,Maasmechelen teller 1,Maasmechelen,50.97025,5.69799,0.09040650873704086,50.97105001422321,5.698220233435995,2019,1,8,73107,Maasmechelen,Normaal,Droog,Dag,met lichtgewonden,5,Lichte vrachtauto,3,Fiets
13599,121,Zele teller 2,Zele,51.0604067,4.0556696,0.02170435963800901,51.06032370925722,4.055388501979423,2019,2,7,42028,Zele,Normaal,Droog,Dag,met lichtgewonden,9,personenauto,3,Fiets
13599,120,Zele teller 1,Zele,51.0607671,4.0547741,0.06537920165052842,51.06032370925722,4.055388501979423,2019,2,7,42028,Zele,Normaal,Droog,Dag,met lichtgewonden,9,personenauto,3,Fiets
13696,75,Kortrijk teller 2,Kortrijk,50.81925,3.25731,0.11874173568693738,50.82024350339897,3.257929746279998,2019,2,21,34022,Kortrijk,Normaal,Droog,"Nacht, openbare verlichting aanwezig en ontstoken",met zwaargewonden,9,personenauto,3,Fiets
13696,74,Kortrijk teller 1,Kortrijk,50.81909,3.25728,0.1361431335142103,50.82024350339897,3.257929746279998,2019,2,21,34022,Kortrijk,Normaal,Droog,"Nacht, openbare verlichting aanwezig en ontstoken",met zwaargewonden,9,personenauto,3,Fiets
14295,96,Lier teller 2,Lier,51.11705,4.58444,0.042052272668087566,51.11722662537091,4.583907277224894,2019,4,16,12021,Lier,Normaal,Droog,Dag,met lichtgewonden,9,personenauto,3,Fiets
14295,95,Lier teller 1,Lier,51.11687,4.58437,0.05114385794910293,51.11722662537091,4.583907277224894,2019,4,16,12021,Lier,Normaal,Droog,Dag,met lichtgewonden,9,personenauto,3,Fiets
14304,93,Nijlen teller 2,Nijlen,51.14998,4.64469,0.07710784450357656,51.14983376676341,4.643609385121834,2019,4,8,12026,Nijlen,Normaal,Droog,Dag,met lichtgewonden,3,Fiets,8,Voetganger
14304,92,Nijlen teller 1,Nijlen,51.14989,4.64479,0.08258608552870263,51.14983376676341,4.643609385121834,2019,4,8,12026,Nijlen,Normaal,Droog,Dag,met lichtgewonden,3,Fiets,8,Voetganger
14425,46,Pelt teller 2,Pelt,51.231,5.44375,0.02971415273591269,51.230859314927514,5.44338717557878,2019,5,12,72043,Pelt,Onbekend,Onbekend,Dag,met lichtgewonden,3,Fiets,9,personenauto
14425,45,Pelt teller 1,Pelt,51.23127,5.44377,0.05287627819531873,51.230859314927514,5.44338717557878,2019,5,12,72043,Pelt,Onbekend,Onbekend,Dag,met lichtgewonden,3,Fiets,9,personenauto
14471,44,Maaseik teller 2,Maaseik,51.09359,5.79726,0.02430369582660021,51.093628828904414,5.79691752441957,2019,4,8,72021,Maaseik,Normaal,Droog,Dag,met lichtgewonden,3,Fiets,3,Fiets
14471,43,Maaseik teller 1,Maaseik,51.09344,5.79715,0.026541427919624147,51.093628828904414,5.79691752441957,2019,4,8,72021,Maaseik,Normaal,Droog,Dag,met lichtgewonden,3,Fiets,3,Fiets
14497,69,Leuven teller 1,Leuven,50.87549,4.71526,0.21073652666595144,50.8736654659637,4.714447515395654,2019,4,8,24062,Leuven,Normaal,Droog,Dag,met lichtgewonden,3,Fiets,9,personenauto
14497,144,test leuven,Leuven,50.875576,4.7153726,0.2221367460299753,50.8736654659637,4.714447515395654,2019,4,8,24062,Leuven,Normaal,Droog,Dag,met lichtgewonden,3,Fiets,9,personenauto
14507,69,Leuven teller 1,Leuven,50.87549,4.71526,0.21902224732877174,50.8735267427057,4.715007457041504,2019,5,8,24062,Leuven,Normaal,Droog,Dag,met lichtgewonden,3,Fiets,3,Fiets
14507,144,test leuven,Leuven,50.875576,4.7153726,0.22930285124106564,50.8735267427057,4.715007457041504,2019,5,8,24062,Leuven,Normaal,Droog,Dag,met lichtgewonden,3,Fiets,3,Fiets
14511,69,Leuven teller 1,Leuven,50.87549,4.71526,0.02760387117790124,50.87527754993093,4.715056483919494,2019,5,21,24062,Leuven,Normaal,Proper,Dageraad - schemering,met lichtgewonden,9,personenauto,3,Fiets
14511,144,test leuven,Leuven,50.875576,4.7153726,0.03991595965121706,50.87527754993093,4.715056483919494,2019,5,21,24062,Leuven,Normaal,Proper,Dageraad - schemering,met lichtgewonden,9,personenauto,3,Fiets
14521,69,Leuven teller 1,Leuven,50.87549,4.71526,0.018620169846780547,50.87548490817614,4.714994745293066,2019,4,15,24062,Leuven,Normaal,Droog,Dag,met lichtgewonden,9,personenauto,3,Fiets
14521,144,test leuven,Leuven,50.875576,4.7153726,0.02838110259643007,50.87548490817614,4.714994745293066,2019,4,15,24062,Leuven,Normaal,Droog,Dag,met lichtgewonden,9,personenauto,3,Fiets
15019,10,Aalst 2,Aalst,50.93549,4.01571,0.23039164435453313,50.93661192042773,4.018474146209859,2019,5,12,41002,Aalst,Normaal,Droog,Dag,met lichtgewonden,3,Fiets,9,personenauto
15182,18,Oostende 1,Oostende,51.21378,2.92765,0.2221425904780899,51.21557363155282,2.9262455226482347,2019,5,8,35013,Oostende,Normaal,Proper,Dag,met lichtgewonden,3,Fiets,3,Fiets
15182,15,Oostende 2,Oostende,51.21371,2.92743,0.22304577898955646,51.21557363155282,2.9262455226482347,2019,5,8,35013,Oostende,Normaal,Proper,Dag,met lichtgewonden,3,Fiets,3,Fiets
15205,18,Oostende 1,Oostende,51.21378,2.92765,0.1267299731946162,51.21482495773266,2.92692367764211,2019,5,17,35013,Oostende,Normaal,Droog,Dag,met lichtgewonden,9,personenauto,3,Fiets
15205,15,Oostende 2,Oostende,51.21371,2.92743,0.1288961949713488,51.21482495773266,2.92692367764211,2019,5,17,35013,Oostende,Normaal,Droog,Dag,met lichtgewonden,9,personenauto,3,Fiets
15363,67,Ieper totem,Ieper,50.85018,2.85624,0.22730307153588789,50.849893529109785,2.859445837979832,2019,4,8,33011,Ieper,Normaal,Droog,Dag,met lichtgewonden,9,personenauto,3,Fiets
15363,68,Ieper,Ieper,50.85032,2.85608,0.24100367016543495,50.849893529109785,2.859445837979832,2019,4,8,33011,Ieper,Normaal,Droog,Dag,met lichtgewonden,9,personenauto,3,Fiets
15472,24,Tienen 1,Tienen,50.8133795491886,4.935044252605416,0.03633009579095684,50.81305289451377,4.935054934931166,2019,4,18,24107,Tienen,Normaal,Droog,Dag,met lichtgewonden,3,Fiets,9,personenauto
15472,23,Tienen 3,Tienen,50.81324,4.93447,0.04606298778421636,50.81305289451377,4.935054934931166,2019,4,18,24107,Tienen,Normaal,Droog,Dag,met lichtgewonden,3,Fiets,9,personenauto
15472,22,Tienen 2,Tienen,50.81330800184882,4.935984252796022,0.07118840947257453,50.81305289451377,4.935054934931166,2019,4,18,24107,Tienen,Normaal,Droog,Dag,met lichtgewonden,3,Fiets,9,personenauto
15478,24,Tienen 1,Tienen,50.8133795491886,4.935044252605416,0.03633009579095684,50.81305289451377,4.935054934931166,2019,3,12,24107,Tienen,Normaal,Droog,Dag,met lichtgewonden,3,Fiets,9,personenauto
15478,23,Tienen 3,Tienen,50.81324,4.93447,0.04606298778421636,50.81305289451377,4.935054934931166,2019,3,12,24107,Tienen,Normaal,Droog,Dag,met lichtgewonden,3,Fiets,9,personenauto
15478,22,Tienen 2,Tienen,50.81330800184882,4.935984252796022,0.07118840947257453,50.81305289451377,4.935054934931166,2019,3,12,24107,Tienen,Normaal,Droog,Dag,met lichtgewonden,3,Fiets,9,personenauto
16012,16,Kortrijk 1,Kortrijk,50.83332,3.27777,0.08330880892956541,50.833266195786685,3.2789531929038764,2019,6,17,34022,Kortrijk,Normaal,Droog,Dag,met lichtgewonden,3,Fiets,9,personenauto
16012,17,Kortrijk 2,Kortrijk,50.83339,3.27773,0.08699885676525247,50.833266195786685,3.2789531929038764,2019,6,17,34022,Kortrijk,Normaal,Droog,Dag,met lichtgewonden,3,Fiets,9,personenauto
16054,140,Hasselt ring,Hasselt,50.9300038,5.3438616,0.17289508932051756,50.929578312471136,5.341488762190037,2019,6,14,71022,Hasselt,Normaal,Droog,Dag,met lichtgewonden,3,Fiets,8,Voetganger
16358,151,Leuven,District Leuven,50.8690262,4.6854839,0.19978777455058283,50.870770450790125,4.686167005934848,2019,7,9,24062,Leuven,Normaal,Droog,Dag,met lichtgewonden,9,personenauto,3,Fiets
16364,151,Leuven,District Leuven,50.8690262,4.6854839,0.2455622374386681,50.87115451654673,4.6845501060327015,2019,7,9,24062,Leuven,Normaal,Droog,Dag,met lichtgewonden,9,personenauto,3,Fiets
16381,12,Tervuren,Kraainem,50.81896,4.47803,0.19951763475706158,50.820712488465546,4.477420406665074,2019,7,21,23099,Kraainem,Normaal,Droog,Dag,met lichtgewonden,9,personenauto,3,Fiets
16398,27,Grimbergen,Meise,50.92127,4.34013,0.22821475820148715,50.919367351308296,4.338909264695265,2019,7,8,23025,Grimbergen,Normaal,Droog,Dag,met lichtgewonden,7,Motorfiets,3,Fiets
16656,140,Hasselt ring,Hasselt,50.9300038,5.3438616,0.020636890745595816,50.929828099769914,5.343956450518034,2019,7,12,71022,Hasselt,Normaal,Droog,Dag,met lichtgewonden,9,personenauto,3,Fiets
16941,77,Leuven teller 2,Leuven,50.88672,4.70796,0.047272627550616356,50.88701039837109,4.707467818581537,2019,8,14,24062,Leuven,Normaal,Droog,Dag,met lichtgewonden,3,Fiets,10,"één bestuurder, geen hindernis"
16941,107,leuven totem,Leuven,50.8870744,4.7087919,0.09315319776556719,50.88701039837109,4.707467818581537,2019,8,14,24062,Leuven,Normaal,Droog,Dag,met lichtgewonden,3,Fiets,10,"één bestuurder, geen hindernis"
17245,140,Hasselt ring,Hasselt,50.9300038,5.3438616,0.09063784140360265,50.93054466814085,5.344829174696124,2019,8,14,71022,Hasselt,Normaal,Droog,Dag,met lichtgewonden,6,Bromfiets,3,Fiets
17520,9,Heist op den Berg 2,Heist-op-den-Berg,51.06904,4.69524,0.06452259779731256,51.06913315192366,4.696151450496053,2019,9,5,12014,Heist-op-den-Berg,Normaal,Droog,"Nacht, openbare verlichting aanwezig en ontstoken",met lichtgewonden,9,personenauto,3,Fiets
17619,69,Leuven teller 1,Leuven,50.87549,4.71526,0.2363150152565407,50.87338254661795,4.715694722758002,2019,9,8,24062,Leuven,Normaal,Droog,Dag,met lichtgewonden,3,Fiets,10,"één bestuurder, geen hindernis"
17619,144,test leuven,Leuven,50.875576,4.7153726,0.2449459165111835,50.87338254661795,4.715694722758002,2019,9,8,24062,Leuven,Normaal,Droog,Dag,met lichtgewonden,3,Fiets,10,"één bestuurder, geen hindernis"
17698,118,Gent teller 1,Gent,51.028049,3.7681359,0.07693901600687722,51.028473185891265,3.7672667261311434,2019,9,11,44021,Gent,Normaal,Droog+Proper,Dag,met lichtgewonden,3,Fiets,9,personenauto
17698,119,Gent teller 2,Gent,51.0281795,3.7683918,0.08518928897087269,51.028473185891265,3.7672667261311434,2019,9,11,44021,Gent,Normaal,Droog+Proper,Dag,met lichtgewonden,3,Fiets,9,personenauto
17873,18,Oostende 1,Oostende,51.21378,2.92765,0.1267299731946162,51.21482495773266,2.92692367764211,2019,9,11,35013,Oostende,Normaal,Droog,Dag,met lichtgewonden,3,Fiets,9,personenauto
17873,15,Oostende 2,Oostende,51.21371,2.92743,0.1288961949713488,51.21482495773266,2.92692367764211,2019,9,11,35013,Oostende,Normaal,Droog,Dag,met lichtgewonden,3,Fiets,9,personenauto
17941,64,Nieuwpoort teller 1,Nieuwpoort,51.13359,2.75737,0.1711835006651868,51.1349192216588,2.758607708880238,2019,9,7,38016,Nieuwpoort,Normaal,Droog,Dag,met lichtgewonden,3,Fiets,3,Fiets
17986,140,Hasselt ring,Hasselt,50.9300038,5.3438616,0.13552974626400482,50.93004743397301,5.341928985616324,2019,9,12,71022,Hasselt,Normaal,Droog,Dag,met lichtgewonden,3,Fiets,8,Voetganger
18244,46,Pelt teller 2,Pelt,51.231,5.44375,0.216300331598738,51.22984294854562,5.441252826232637,2019,10,10,72043,Pelt,Normaal,Droog,Dag,met lichtgewonden,9,personenauto,3,Fiets
18244,45,Pelt teller 1,Pelt,51.23127,5.44377,0.2364287264822491,51.22984294854562,5.441252826232637,2019,10,10,72043,Pelt,Normaal,Droog,Dag,met lichtgewonden,9,personenauto,3,Fiets
18273,69,Leuven teller 1,Leuven,50.87549,4.71526,0.23668869922159705,50.8739248569322,4.712973777719971,2019,11,1,24062,Leuven,Normaal,Droog,"Nacht, openbare verlichting aanwezig en ontstoken",met lichtgewonden,3,Fiets,10,"één bestuurder, geen hindernis"
18273,144,test leuven,Leuven,50.875576,4.7153726,0.24907562671893915,50.8739248569322,4.712973777719971,2019,11,1,24062,Leuven,Normaal,Droog,"Nacht, openbare verlichting aanwezig en ontstoken",met lichtgewonden,3,Fiets,10,"één bestuurder, geen hindernis"
18294,77,Leuven teller 2,Leuven,50.88672,4.70796,0.24809510604634197,50.88862042516381,4.706106953488293,2019,10,8,24062,Leuven,Regenval,"Nat, plassen",Dag,met zwaargewonden,3,Fiets,10,"één bestuurder, geen hindernis"
18296,69,Leuven teller 1,Leuven,50.87549,4.71526,0.23194149127289115,50.873412304334735,4.715552893759935,2019,10,17,24062,Leuven,Normaal,Droog,Dag,met lichtgewonden,9,personenauto,3,Fiets
18296,144,test leuven,Leuven,50.875576,4.7153726,0.24092434038950367,50.873412304334735,4.715552893759935,2019,10,17,24062,Leuven,Normaal,Droog,Dag,met lichtgewonden,9,personenauto,3,Fiets
18302,72,Herent teller 1,Herent,50.89135,4.64689,0.1395773811096192,50.89216131514188,4.645371548770334,2019,10,13,24038,Herent,Normaal,Onbekend,Dag,met lichtgewonden,3,Fiets,10,"één bestuurder, geen hindernis"
18302,73,Herent teller 2,Herent,50.89128,4.64685,0.14267825731298261,50.89216131514188,4.645371548770334,2019,10,13,24038,Herent,Normaal,Onbekend,Dag,met lichtgewonden,3,Fiets,10,"één bestuurder, geen hindernis"
18309,145,Overijse,District Vilvoorde-gewestwegen,50.7885856,4.4908759,0.12653254794415708,50.7895345531823,4.49186929085864,2019,10,12,23062,Overijse,Normaal,Droog,Dag,met lichtgewonden,3,Fiets,9,personenauto
18309,146,Overijse 2,District Vilvoorde-gewestwegen,50.7881478,4.4902818,0.19034342994347628,50.7895345531823,4.49186929085864,2019,10,12,23062,Overijse,Normaal,Droog,Dag,met lichtgewonden,3,Fiets,9,personenauto
18568,65,Nieuwpoort teller 2,Nieuwpoort,51.13435,2.75511,0.10528509991094462,51.133970259483895,2.753727739821087,2019,10,15,38016,Nieuwpoort,Normaal,Droog,Dag,met zwaargewonden,8,Voetganger,3,Fiets
18965,118,Gent teller 1,Gent,51.028049,3.7681359,0.15399916432454985,51.02889976058706,3.7663983025813472,2019,11,13,44021,Gent,Normaal,Droog,Dag,met lichtgewonden,3,Fiets,9,personenauto
18965,119,Gent teller 2,Gent,51.0281795,3.7683918,0.16078076588424872,51.02889976058706,3.7663983025813472,2019,11,13,44021,Gent,Normaal,Droog,Dag,met lichtgewonden,3,Fiets,9,personenauto
18970,136,Gent R4,Gent,51.0876313,3.7587918,0.21120117049951184,51.08951931187354,3.758461483535758,2019,11,20,44021,Gent,Onbekend,Onbekend,"Nacht, openbare verlichting aanwezig en ontstoken",met lichtgewonden,3,Fiets,9,personenauto
19195,140,Hasselt ring,Hasselt,50.9300038,5.3438616,0.22851356683640853,50.927949076014464,5.343801607425412,2019,11,16,71022,Hasselt,Normaal,Droog,Dag,met lichtgewonden,9,personenauto,3,Fiets
19654,140,Hasselt ring,Hasselt,50.9300038,5.3438616,0.15855136109308512,50.93061617064223,5.345904698174438,2019,12,11,71022,Hasselt,Normaal,Droog,Dag,met lichtgewonden,3,Fiets,9,personenauto
19982,7,Evergem 1,Evergem,51.1089,3.70317,0.22938009193561082,51.10833180049553,3.7063285266335333,2020,1,8,44019,Evergem,Normaal,Droog,Dag,met lichtgewonden,9,personenauto,3,Fiets
19982,6,Evergem 2,Evergem,51.10894,3.70298,0.24335732316937475,51.10833180049553,3.7063285266335333,2020,1,8,44019,Evergem,Normaal,Droog,Dag,met lichtgewonden,9,personenauto,3,Fiets
20094,143,Eco Display Classic Budastraat,Kortrijk,50.83066,3.26286,0.16895933814656783,50.83176647826808,3.264508836720953,2020,1,12,34022,Kortrijk,Onbekend,Onbekend,Dag,met lichtgewonden,9,personenauto,3,Fiets
20135,99,Mechelen teller 1,Mechelen,51.04564,4.46882,0.2491773531830932,51.043536194308004,4.470047567033322,2020,1,9,12025,Mechelen,Onbekend,Onbekend,Dag,met lichtgewonden,3,Fiets,3,Fiets
20355,107,leuven totem,Leuven,50.8870744,4.7087919,0.1047909955586994,50.886631351861205,4.710110382825859,2020,2,22,24062,Leuven,Onbekend,"Nat, plassen","Nacht, openbare verlichting aanwezig en ontstoken",met lichtgewonden,9,personenauto,3,Fiets
20355,77,Leuven teller 2,Leuven,50.88672,4.70796,0.15116681375685964,50.886631351861205,4.710110382825859,2020,2,22,24062,Leuven,Onbekend,"Nat, plassen","Nacht, openbare verlichting aanwezig en ontstoken",met lichtgewonden,9,personenauto,3,Fiets
20372,119,Gent teller 2,Gent,51.0281795,3.7683918,0.19933395882587623,51.02683417738495,3.7702755574265705,2020,2,14,44021,Gent,Regenval,"Nat, plassen",Dag,met zwaargewonden,9,personenauto,3,Fiets
20372,118,Gent teller 1,Gent,51.028049,3.7681359,0.20159099280380421,51.02683417738495,3.7702755574265705,2020,2,14,44021,Gent,Regenval,"Nat, plassen",Dag,met zwaargewonden,9,personenauto,3,Fiets
20407,7,Evergem 1,Evergem,51.1089,3.70317,0.1440118841298681,51.107624881776815,3.7035312216497185,2020,2,7,44019,Evergem,Normaal,Droog,Dag,met lichtgewonden,3,Fiets,9,personenauto
20407,6,Evergem 2,Evergem,51.10894,3.70298,0.15121327064918383,51.107624881776815,3.7035312216497185,2020,2,7,44019,Evergem,Normaal,Droog,Dag,met lichtgewonden,3,Fiets,9,personenauto
20570,22,Tienen 2,Tienen,50.81330800184882,4.935984252796022,0.20223874236858533,50.81192322970384,4.937850387039002,2020,2,15,24107,Tienen,Normaal,Proper,Dag,met zwaargewonden,3,Fiets,10,"één bestuurder, geen hindernis"
21079,107,leuven totem,Leuven,50.8870744,4.7087919,0.1047909955586994,50.886631351861205,4.710110382825859,2020,4,7,24062,Leuven,Normaal,Droog,Dag,met lichtgewonden,3,Fiets,3,Fiets
21079,77,Leuven teller 2,Leuven,50.88672,4.70796,0.15116681375685964,50.886631351861205,4.710110382825859,2020,4,7,24062,Leuven,Normaal,Droog,Dag,met lichtgewonden,3,Fiets,3,Fiets
21105,12,Tervuren,Kraainem,50.81896,4.47803,0.17473059259368434,50.82049592762108,4.477504560426494,2020,4,15,23099,Kraainem,Normaal,Droog,Dag,met lichtgewonden,3,Fiets,10,"één bestuurder, geen hindernis"
21116,152,Opwijk,District Vilvoorde-gewestwegen,50.968901168564656,4.149169474840164,0.08082439130923798,50.969211017264804,4.1502135918748095,2020,5,13,23060,Opwijk,Normaal,Droog,Dag,dodelijk gewonden,9,personenauto,3,Fiets
21156,114,Deinze teller 1,Nazareth,50.9598305,3.555502,0.13910552742198876,50.95860839551678,3.555077547290702,2020,4,16,44048,Nazareth,Normaal,Droog,Dag,met lichtgewonden,3,Fiets,11,een weggebruiker tegen een hindernis
21156,113,Deinze teller 2,Deinze,50.96018,3.55578,0.18154786909269968,50.95860839551678,3.555077547290702,2020,4,16,44048,Nazareth,Normaal,Droog,Dag,met lichtgewonden,3,Fiets,11,een weggebruiker tegen een hindernis
21613,114,Deinze teller 1,Nazareth,50.9598305,3.555502,0.15341634654916594,50.95907164998989,3.5573313838009755,2020,5,14,44048,Nazareth,Normaal,Droog,Dag,met zwaargewonden,3,Fiets,11,een weggebruiker tegen een hindernis
21613,113,Deinze teller 2,Deinze,50.96018,3.55578,0.16430135759326384,50.95907164998989,3.5573313838009755,2020,5,14,44048,Nazareth,Normaal,Droog,Dag,met zwaargewonden,3,Fiets,11,een weggebruiker tegen een hindernis
21615,114,Deinze teller 1,Nazareth,50.9598305,3.555502,0.15341634654916594,50.95907164998989,3.5573313838009755,2020,5,13,44048,Nazareth,Normaal,Droog,Dag,met lichtgewonden,3,Fiets,11,een weggebruiker tegen een hindernis
21615,113,Deinze teller 2,Deinze,50.96018,3.55578,0.16430135759326384,50.95907164998989,3.5573313838009755,2020,5,13,44048,Nazareth,Normaal,Droog,Dag,met lichtgewonden,3,Fiets,11,een weggebruiker tegen een hindernis
22143,72,Herent teller 1,Herent,50.89135,4.64689,0.2111279399482914,50.892159785900226,4.644167409029558,2020,6,14,24038,Herent,Normaal,Droog,Dag,met lichtgewonden,3,Fiets,9,personenauto
22143,73,Herent teller 2,Herent,50.89128,4.64685,0.21207008040396075,50.892159785900226,4.644167409029558,2020,6,14,24038,Herent,Normaal,Droog,Dag,met lichtgewonden,3,Fiets,9,personenauto
22451,48,As,As,51.00509,5.60389,0.09798457313495114,51.00589187982509,5.603309351147492,2020,5,17,71002,As,Normaal,Droog,Dag,met lichtgewonden,9,personenauto,3,Fiets
22801,118,Gent teller 1,Gent,51.028049,3.7681359,0.10589415307651229,51.02863328255395,3.7669401869378754,2020,7,14,44021,Gent,Normaal,Droog,Dag,met lichtgewonden,3,Fiets,9,personenauto
22801,119,Gent teller 2,Gent,51.0281795,3.7683918,0.11336612329775353,51.02863328255395,3.7669401869378754,2020,7,14,44021,Gent,Normaal,Droog,Dag,met lichtgewonden,3,Fiets,9,personenauto
22979,143,Eco Display Classic Budastraat,Kortrijk,50.83066,3.26286,0.05876149161551621,50.830352733896405,3.2635407043818874,2020,7,14,34022,Kortrijk,Normaal,Droog,Dag,met lichtgewonden,3,Fiets,3,Fiets
23039,140,Hasselt ring,Hasselt,50.9300038,5.3438616,0.22850358029170129,50.93196530911842,5.344833786003291,2020,7,11,71022,Hasselt,Normaal,Droog,Dag,met lichtgewonden,3,Fiets,9,personenauto
23040,138,Hasselt-Kempische brug,Hasselt,50.9405318,5.3422472,0.16912559892755244,50.93922811728071,5.341003888977634,2020,7,15,71022,Hasselt,Normaal,Droog,Dag,met lichtgewonden,3,Fiets,3,Fiets
23040,137,Hasselt-Kempische brug,Hasselt,50.9411605,5.3417576,0.22126583413243234,50.93922811728071,5.341003888977634,2020,7,15,71022,Hasselt,Normaal,Droog,Dag,met lichtgewonden,3,Fiets,3,Fiets
23072,49,Bokrijk,Genk,50.95264,5.41001,0.09790556396503317,50.95220095928699,5.408798479754058,2020,8,11,71016,Genk,Normaal,Droog,Dag,met lichtgewonden,3,Fiets,3,Fiets
23075,119,Gent teller 2,Gent,51.0281795,3.7683918,0.22103543106564946,51.02659585514767,3.770302059232156,2020,7,16,44021,Gent,Onbekend,Droog,Dag,met lichtgewonden,3,Fiets,8,Voetganger
23075,118,Gent teller 1,Gent,51.028049,3.7681359,0.22149231232151248,51.02659585514767,3.770302059232156,2020,7,16,44021,Gent,Onbekend,Droog,Dag,met lichtgewonden,3,Fiets,8,Voetganger
23593,45,Pelt teller 1,Pelt,51.23127,5.44377,0.2115781572347219,51.23229772560788,5.441212640747074,2020,9,16,72043,Pelt,Normaal,Droog,Dag,met lichtgewonden,3,Fiets,3,Fiets
23593,46,Pelt teller 2,Pelt,51.231,5.44375,0.22811121395148,51.23229772560788,5.441212640747074,2020,9,16,72043,Pelt,Normaal,Droog,Dag,met lichtgewonden,3,Fiets,3,Fiets
23625,34,Heers teller 1,Heers,50.75486,5.3033,0.16947976313789306,50.756223498132805,5.304376690334968,2020,9,15,73022,Heers,Normaal,Droog,Dag,dodelijk gewonden,9,personenauto,3,Fiets
23625,28,Heers,Heers,50.75488,5.30314,0.17287455442536087,50.756223498132805,5.304376690334968,2020,9,15,73022,Heers,Normaal,Droog,Dag,dodelijk gewonden,9,personenauto,3,Fiets
23722,102,Diest teller 2,Diest,50.9779,5.04474,0.1745969834663693,50.97666956064667,5.043190746542304,2020,9,16,24020,Diest,Normaal,Droog,Dag,met lichtgewonden,3,Fiets,9,personenauto
23722,101,Diest teller 1,Diest,50.97799,5.04481,0.185498850996535,50.97666956064667,5.043190746542304,2020,9,16,24020,Diest,Normaal,Droog,Dag,met lichtgewonden,3,Fiets,9,personenauto
23787,119,Gent teller 2,Gent,51.0281795,3.7683918,0.0886862352417232,51.02892784212395,3.7688304457471107,2020,9,11,44021,Gent,Normaal,Droog,Dag,met lichtgewonden,3,Fiets,9,personenauto
23787,118,Gent teller 1,Gent,51.028049,3.7681359,0.10912852365509901,51.02892784212395,3.7688304457471107,2020,9,11,44021,Gent,Normaal,Droog,Dag,met lichtgewonden,3,Fiets,9,personenauto
24079,54,Brugge teller 2,Brugge,51.23015,3.22818,0.19917986721292058,51.228371923280335,3.227833491606771,2020,10,16,31005,Brugge,Normaal,Droog,Dag,met lichtgewonden,9,personenauto,3,Fiets
24079,53,Brugge teller 1,Brugge,51.23023,3.228,0.20693375845970927,51.228371923280335,3.227833491606771,2020,10,16,31005,Brugge,Normaal,Droog,Dag,met lichtgewonden,9,personenauto,3,Fiets
24214,16,Kortrijk 1,Kortrijk,50.83332,3.27777,0.197391138168009,50.831545214563214,3.277829342908836,2020,8,19,34022,Kortrijk,Normaal,Droog,Dageraad - schemering,met lichtgewonden,3,Fiets,9,personenauto
24214,17,Kortrijk 2,Kortrijk,50.83339,3.27773,0.20524939311885448,50.831545214563214,3.277829342908836,2020,8,19,34022,Kortrijk,Normaal,Droog,Dageraad - schemering,met lichtgewonden,3,Fiets,9,personenauto
24223,143,Eco Display Classic Budastraat,Kortrijk,50.83066,3.26286,0.17407835764087667,50.829423673391226,3.264380523117357,2020,9,12,34022,Kortrijk,Normaal,Droog,Dag,met lichtgewonden,7,Motorfiets,3,Fiets
24224,143,Eco Display Classic Budastraat,Kortrijk,50.83066,3.26286,0.20392493750064838,50.82887288384342,3.2622080781436607,2020,9,17,34022,Kortrijk,Normaal,Droog,Dag,met lichtgewonden,9,personenauto,3,Fiets
24233,17,Kortrijk 2,Kortrijk,50.83339,3.27773,0.22214992966361813,50.834883902631375,3.279830345683916,2020,8,10,34022,Kortrijk,Normaal,Droog,Dag,met zwaargewonden,3,Fiets,9,personenauto
24233,16,Kortrijk 1,Kortrijk,50.83332,3.27777,0.22622193349309905,50.834883902631375,3.279830345683916,2020,8,10,34022,Kortrijk,Normaal,Droog,Dag,met zwaargewonden,3,Fiets,9,personenauto
24651,94,Herentals teller 2,Herentals,51.17345,4.81283,0.0287625808732144,51.17360871732932,4.813155776131565,2020,10,8,13011,Herentals,Normaal,Droog,Dag,met lichtgewonden,9,personenauto,3,Fiets
24651,110,Herentals totem,Herentals,51.1739426,4.811783,0.1026517332316727,51.17360871732932,4.813155776131565,2020,10,8,13011,Herentals,Normaal,Droog,Dag,met lichtgewonden,9,personenauto,3,Fiets
24687,69,Leuven teller 1,Leuven,50.87549,4.71526,0.23943409836966315,50.87686717217291,4.712636694815547,2020,10,12,24062,Leuven,Normaal,Droog,Dag,met lichtgewonden,5,Lichte vrachtauto,3,Fiets
24687,144,test leuven,Leuven,50.875576,4.7153726,0.23971239783758364,50.87686717217291,4.712636694815547,2020,10,12,24062,Leuven,Normaal,Droog,Dag,met lichtgewonden,5,Lichte vrachtauto,3,Fiets
24877,53,Brugge teller 1,Brugge,51.23023,3.228,0.059950975093986066,51.23073205099299,3.2283138740938355,2020,10,7,31005,Brugge,Normaal,"Nat, plassen","Nacht, openbare verlichting aanwezig en ontstoken",met lichtgewonden,5,Lichte vrachtauto,3,Fiets
24877,54,Brugge teller 2,Brugge,51.23015,3.22818,0.06538894441693058,51.23073205099299,3.2283138740938355,2020,10,7,31005,Brugge,Normaal,"Nat, plassen","Nacht, openbare verlichting aanwezig en ontstoken",met lichtgewonden,5,Lichte vrachtauto,3,Fiets
24911,143,Eco Display Classic Budastraat,Kortrijk,50.83066,3.26286,0.1417491065396488,50.831601846303855,3.261499878687489,2020,10,12,34022,Kortrijk,Normaal,Droog,Dag,met lichtgewonden,3,Fiets,3,Fiets
25105,8,Heist op den Berg 1,Heist-op-den-Berg,51.06759,4.68823,0.2203671086322294,51.067025184676865,4.685207088873682,2020,11,10,12029,Putte,Onbekend,Droog,Dag,met lichtgewonden,3,Fiets,5,Lichte vrachtauto
25115,88,Westerlo teller 1,Westerlo,51.082,4.91325,0.08978959813960145,51.08275788556281,4.912806388564329,2020,11,10,13049,Westerlo,Normaal,Droog,Dag,met lichtgewonden,9,personenauto,3,Fiets
25115,89,Westerlo teller 2,Westerlo,51.08191,4.91334,0.10138147619491625,51.08275788556281,4.912806388564329,2020,11,10,13049,Westerlo,Normaal,Droog,Dag,met lichtgewonden,9,personenauto,3,Fiets
25132,45,Pelt teller 1,Pelt,51.23127,5.44377,0.2115781572347219,51.23229772560788,5.441212640747074,2020,11,11,72043,Pelt,Normaal,Droog,Dag,met lichtgewonden,3,Fiets,11,een weggebruiker tegen een hindernis
25132,46,Pelt teller 2,Pelt,51.231,5.44375,0.22811121395148,51.23229772560788,5.441212640747074,2020,11,11,72043,Pelt,Normaal,Droog,Dag,met lichtgewonden,3,Fiets,11,een weggebruiker tegen een hindernis
25150,69,Leuven teller 1,Leuven,50.87549,4.71526,0.05264993047855372,50.87504083353392,4.715497419694081,2020,11,0,24062,Leuven,Normaal,Droog,"Nacht, openbare verlichting aanwezig en ontstoken",met lichtgewonden,3,Fiets,10,"één bestuurder, geen hindernis"
25150,144,test leuven,Leuven,50.875576,4.7153726,0.06014881686476038,50.87504083353392,4.715497419694081,2020,11,0,24062,Leuven,Normaal,Droog,"Nacht, openbare verlichting aanwezig en ontstoken",met lichtgewonden,3,Fiets,10,"één bestuurder, geen hindernis"
25287,54,Brugge teller 2,Brugge,51.23015,3.22818,0.2463660937429722,51.22794298166369,3.2278684687140236,2020,11,17,31005,Brugge,Normaal,Droog,"Nacht, openbare verlichting aanwezig en ontstoken",met lichtgewonden,9,personenauto,3,Fiets
25370,99,Mechelen teller 1,Mechelen,51.04564,4.46882,0.06453752992708554,51.04510442065414,4.469175729731847,2020,11,16,12025,Mechelen,Normaal,Droog,Dag,met lichtgewonden,9,personenauto,3,Fiets
25370,100,Mechelen teller 2,Mechelen,51.0457,4.46883,0.07049801373428972,51.04510442065414,4.469175729731847,2020,11,16,12025,Mechelen,Normaal,Droog,Dag,met lichtgewonden,9,personenauto,3,Fiets
25755,68,Ieper,Ieper,50.85032,2.85608,0.16667333316549096,50.85073642943928,2.8537992809110766,2020,12,14,33011,Ieper,Normaal,"Nat, plassen",Dag,met lichtgewonden,3,Fiets,10,"één bestuurder, geen hindernis"
25755,67,Ieper totem,Ieper,50.85018,2.85624,0.18217342887727564,50.85073642943928,2.8537992809110766,2020,12,14,33011,Ieper,Normaal,"Nat, plassen",Dag,met lichtgewonden,3,Fiets,10,"één bestuurder, geen hindernis"
26013,119,Gent teller 2,Gent,51.0281795,3.7683918,0.0886862352417232,51.02892784212395,3.7688304457471107,2021,1,22,44021,Gent,Regenval,"Nat, plassen","Nacht, openbare verlichting aanwezig en ontstoken",met lichtgewonden,3,Fiets,10,"één bestuurder, geen hindernis"
26013,118,Gent teller 1,Gent,51.028049,3.7681359,0.10912852365509901,51.02892784212395,3.7688304457471107,2021,1,22,44021,Gent,Regenval,"Nat, plassen","Nacht, openbare verlichting aanwezig en ontstoken",met lichtgewonden,3,Fiets,10,"één bestuurder, geen hindernis"
26241,8,Heist op den Berg 1,Heist-op-den-Berg,51.06759,4.68823,0.2203671086322294,51.067025184676865,4.685207088873682,2021,2,17,12029,Putte,Normaal,Droog,Dag,met zwaargewonden,9,personenauto,3,Fiets
26306,12,Tervuren,Kraainem,50.81896,4.47803,0.17861822609225583,50.82049613106982,4.477286438476091,2021,2,15,23099,Kraainem,Normaal,Droog,Dag,met lichtgewonden,9,personenauto,3,Fiets
26387,121,Zele teller 2,Zele,51.0604067,4.0556696,0.02338538638642517,51.06032573010651,4.055360772966991,2021,2,16,42028,Zele,Normaal,Droog,Dag,met zwaargewonden,3,Fiets,9,personenauto
26387,120,Zele teller 1,Zele,51.0607671,4.0547741,0.06395054309792224,51.06032573010651,4.055360772966991,2021,2,16,42028,Zele,Normaal,Droog,Dag,met zwaargewonden,3,Fiets,9,personenauto
26393,10,Aalst 2,Aalst,50.93549,4.01571,0.1309027217619533,50.93656713840904,4.016463799700179,2021,2,15,41002,Aalst,Normaal,Droog,Dag,met lichtgewonden,9,personenauto,3,Fiets
26441,143,Eco Display Classic Budastraat,Kortrijk,50.83066,3.26286,0.15880165344598435,50.83172112478174,3.261346686981758,2021,2,15,34022,Kortrijk,Regenval,"Nat, plassen",Dag,met lichtgewonden,9,personenauto,3,Fiets
26712,69,Leuven teller 1,Leuven,50.87549,4.71526,0.21073652666595144,50.8736654659637,4.714447515395654,2021,3,10,24062,Leuven,Normaal,Droog,Dag,met lichtgewonden,9,personenauto,3,Fiets
26712,144,test leuven,Leuven,50.875576,4.7153726,0.2221367460299753,50.8736654659637,4.714447515395654,2021,3,10,24062,Leuven,Normaal,Droog,Dag,met lichtgewonden,9,personenauto,3,Fiets
26860,121,Zele teller 2,Zele,51.0604067,4.0556696,0.02170435963800901,51.06032370925722,4.055388501979423,2021,3,17,42028,Zele,Onbekend,Droog,Dag,met lichtgewonden,3,Fiets,9,personenauto
26860,120,Zele teller 1,Zele,51.0607671,4.0547741,0.06537920165052842,51.06032370925722,4.055388501979423,2021,3,17,42028,Zele,Onbekend,Droog,Dag,met lichtgewonden,3,Fiets,9,personenauto
26946,68,Ieper,Ieper,50.85032,2.85608,0.16667369282568517,50.850736427571,2.853799274722183,2021,3,13,33011,Ieper,Normaal,Droog,Dag,met lichtgewonden,3,Fiets,10,"één bestuurder, geen hindernis"
26946,67,Ieper totem,Ieper,50.85018,2.85624,0.18217376697411392,50.850736427571,2.853799274722183,2021,3,13,33011,Ieper,Normaal,Droog,Dag,met lichtgewonden,3,Fiets,10,"één bestuurder, geen hindernis"
26952,42,Maasmechelen teller 2,Maasmechelen,50.97043,5.6981,0.10169879249628493,50.97133236439768,5.698336770512778,2021,3,11,73107,Maasmechelen,Normaal,Droog,Dag,met lichtgewonden,3,Fiets,9,personenauto
26952,41,Maasmechelen teller 1,Maasmechelen,50.97025,5.69799,0.12277837885510749,50.97133236439768,5.698336770512778,2021,3,11,73107,Maasmechelen,Normaal,Droog,Dag,met lichtgewonden,3,Fiets,9,personenauto
27175,97,Geel teller 1,Geel,51.14813,4.99698,0.050590826990155116,51.14777438404651,4.9974323967321865,2021,4,21,13008,Geel,Normaal,Droog,"Nacht, openbare verlichting aanwezig en ontstoken",met lichtgewonden,9,personenauto,3,Fiets
27175,98,Geel teller 2,Geel,51.1481,4.99643,0.07873938150994846,51.14777438404651,4.9974323967321865,2021,4,21,13008,Geel,Normaal,Droog,"Nacht, openbare verlichting aanwezig en ontstoken",met lichtgewonden,9,personenauto,3,Fiets
27212,43,Maaseik teller 1,Maaseik,51.09344,5.79715,0.01700078575125704,51.093474402758325,5.796912804775076,2021,4,14,72021,Maaseik,Normaal,Droog,Dag,met lichtgewonden,9,personenauto,3,Fiets
27212,44,Maaseik teller 2,Maaseik,51.09359,5.79726,0.027443138004736977,51.093474402758325,5.796912804775076,2021,4,14,72021,Maaseik,Normaal,Droog,Dag,met lichtgewonden,9,personenauto,3,Fiets
27225,144,test leuven,Leuven,50.875576,4.7153726,0.15330903088161865,50.87695137103449,4.715525283269556,2021,4,15,24062,Leuven,Normaal,Droog,Dag,met lichtgewonden,9,personenauto,3,Fiets
27225,69,Leuven teller 1,Leuven,50.87549,4.71526,0.16355960224807847,50.87695137103449,4.715525283269556,2021,4,15,24062,Leuven,Normaal,Droog,Dag,met lichtgewonden,9,personenauto,3,Fiets
27452,61,Wervik teller 2,Wervik,50.80555,3.0921,0.16248307269394044,50.8048824870026,3.09415689206895,2021,4,15,33029,Wervik,Normaal,Droog,Dag,met lichtgewonden,6,Bromfiets,3,Fiets
27452,62,Wervik teller 1,Wervik,50.8058,3.09154,0.21029555186485202,50.8048824870026,3.09415689206895,2021,4,15,33029,Wervik,Normaal,Droog,Dag,met lichtgewonden,6,Bromfiets,3,Fiets
27702,94,Herentals teller 2,Herentals,51.17345,4.81283,0.0287625808732144,51.17360871732932,4.813155776131565,2021,5,17,13011,Herentals,Normaal,Droog,Dag,met lichtgewonden,3,Fiets,9,personenauto
27702,110,Herentals totem,Herentals,51.1739426,4.811783,0.1026517332316727,51.17360871732932,4.813155776131565,2021,5,17,13011,Herentals,Normaal,Droog,Dag,met lichtgewonden,3,Fiets,9,personenauto
27824,119,Gent teller 2,Gent,51.0281795,3.7683918,0.1710639110702288,51.029444251963525,3.769784412623349,2021,5,17,44021,Gent,Normaal,Droog,Dag,met lichtgewonden,9,personenauto,3,Fiets
27824,118,Gent teller 1,Gent,51.028049,3.7681359,0.1932899738885499,51.029444251963525,3.769784412623349,2021,5,17,44021,Gent,Normaal,Droog,Dag,met lichtgewonden,9,personenauto,3,Fiets
28001,143,Eco Display Classic Budastraat,Kortrijk,50.83066,3.26286,0.16319688389540218,50.83114346736901,3.260666010167855,2021,5,8,34022,Kortrijk,Normaal,Droog,Dag,met lichtgewonden,3,Fiets,3,Fiets
28423,144,test leuven,Leuven,50.875576,4.7153726,0.16175258014536326,50.87660992385116,4.716994266662747,2021,6,23,24062,Leuven,Normaal,Droog,"Nacht, geen openbare verlichting aanwezig",met lichtgewonden,3,Fiets,10,"één bestuurder, geen hindernis"
28423,69,Leuven teller 1,Leuven,50.87549,4.71526,0.1741104918583593,50.87660992385116,4.716994266662747,2021,6,23,24062,Leuven,Normaal,Droog,"Nacht, geen openbare verlichting aanwezig",met lichtgewonden,3,Fiets,10,"één bestuurder, geen hindernis"
28507,118,Gent teller 1,Gent,51.028049,3.7681359,0.15207897954978256,51.02675662428044,3.7674242975835095,2021,6,8,44021,Gent,Normaal,Droog,Dag,met lichtgewonden,1,Autobus,3,Fiets
28507,119,Gent teller 2,Gent,51.0281795,3.7683918,0.17207779977389234,51.02675662428044,3.7674242975835095,2021,6,8,44021,Gent,Normaal,Droog,Dag,met lichtgewonden,1,Autobus,3,Fiets
28651,120,Zele teller 1,Zele,51.0607671,4.0547741,0.08073100786847268,51.06142191039033,4.054275127398377,2021,6,14,42028,Zele,Onbekend,Droog,Dag,met zwaargewonden,3,Fiets,9,personenauto
28651,121,Zele teller 2,Zele,51.0604067,4.0556696,0.14913223749469348,51.06142191039033,4.054275127398377,2021,6,14,42028,Zele,Onbekend,Droog,Dag,met zwaargewonden,3,Fiets,9,personenauto
28697,142,TEST Validatie BRUGGE Y2H22022134,Brugge,51.22632,3.24095,0.17159962692595362,51.22488388754736,3.2400479216589897,2021,6,21,31005,Brugge,Normaal,Droog,Dageraad - schemering,met lichtgewonden,9,personenauto,3,Fiets
28697,52,Brugge,Brugge,51.22632,3.24095,0.17159962692595362,51.22488388754736,3.2400479216589897,2021,6,21,31005,Brugge,Normaal,Droog,Dageraad - schemering,met lichtgewonden,9,personenauto,3,Fiets
28785,143,Eco Display Classic Budastraat,Kortrijk,50.83066,3.26286,0.12730396249501053,50.8298998789663,3.264215441996384,2021,6,7,34022,Kortrijk,Normaal,Droog,Dag,met lichtgewonden,8,Voetganger,3,Fiets
28814,68,Ieper,Ieper,50.85032,2.85608,0.16667369282568517,50.850736427571,2.853799274722183,2021,6,9,33011,Ieper,Normaal,"Nat, plassen",Dag,met zwaargewonden,3,Fiets,10,"één bestuurder, geen hindernis"
28814,67,Ieper totem,Ieper,50.85018,2.85624,0.18217376697411392,50.850736427571,2.853799274722183,2021,6,9,33011,Ieper,Normaal,"Nat, plassen",Dag,met zwaargewonden,3,Fiets,10,"één bestuurder, geen hindernis"
29102,77,Leuven teller 2,Leuven,50.88672,4.70796,0.14501615666083992,50.8878382996993,4.706896349730201,2021,7,20,24062,Leuven,Normaal,Droog,Dag,met lichtgewonden,9,personenauto,3,Fiets
29102,107,leuven totem,Leuven,50.8870744,4.7087919,0.15778241620357153,50.8878382996993,4.706896349730201,2021,7,20,24062,Leuven,Normaal,Droog,Dag,met lichtgewonden,9,personenauto,3,Fiets
29361,66,Nieuwpoort totem,Nieuwpoort,51.1347,2.74369,0.2479931744600429,51.133193493220645,2.7463107577468704,2021,7,10,38016,Nieuwpoort,Normaal,Droog,Dag,met lichtgewonden,9,personenauto,3,Fiets
29651,77,Leuven teller 2,Leuven,50.88672,4.70796,0.24809516870144685,50.888620423393796,4.706106947222132,2021,8,15,24062,Leuven,Normaal,"Nat, plassen",Dag,met lichtgewonden,3,Fiets,10,"één bestuurder, geen hindernis"
30276,69,Leuven teller 1,Leuven,50.87549,4.71526,0.24602996156788015,50.873322315190016,4.7159629200893685,2021,9,23,24062,Leuven,Onbekend,Droog,"Nacht, openbare verlichting aanwezig en ontstoken",met lichtgewonden,3,Fiets,10,"één bestuurder, geen hindernis"
30294,69,Leuven teller 1,Leuven,50.87549,4.71526,0.2370627251252958,50.87368771318406,4.713455209065233,2021,9,4,24062,Leuven,Normaal,Droog,"Nacht, openbare verlichting aanwezig en ontstoken",met lichtgewonden,3,Fiets,5,Lichte vrachtauto
30294,144,test leuven,Leuven,50.875576,4.7153726,0.24937209942995203,50.87368771318406,4.713455209065233,2021,9,4,24062,Leuven,Normaal,Droog,"Nacht, openbare verlichting aanwezig en ontstoken",met lichtgewonden,3,Fiets,5,Lichte vrachtauto
30408,13,Gent,Gent,51.03018,3.70146,0.02192997927259352,51.030301117660485,3.7012125097418593,2021,9,8,44021,Gent,Normaal,Droog,Dag,met lichtgewonden,3,Fiets,3,Fiets
30533,142,TEST Validatie BRUGGE Y2H22022134,Brugge,51.22632,3.24095,0.22409570276146043,51.22431486300547,3.2412734234426286,2021,9,10,31005,Brugge,Normaal,Droog,Dag,met zwaargewonden,3,Fiets,11,een weggebruiker tegen een hindernis
30533,52,Brugge,Brugge,51.22632,3.24095,0.22409570276146043,51.22431486300547,3.2412734234426286,2021,9,10,31005,Brugge,Normaal,Droog,Dag,met zwaargewonden,3,Fiets,11,een weggebruiker tegen een hindernis
30633,16,Kortrijk 1,Kortrijk,50.83332,3.27777,0.19980476494960336,50.83241734196973,3.28023001770643,2021,7,15,34022,Kortrijk,Normaal,Droog,Dag,met lichtgewonden,3,Fiets,11,een weggebruiker tegen een hindernis
30633,17,Kortrijk 2,Kortrijk,50.83339,3.27773,0.20621233143020198,50.83241734196973,3.28023001770643,2021,7,15,34022,Kortrijk,Normaal,Droog,Dag,met lichtgewonden,3,Fiets,11,een weggebruiker tegen een hindernis
31041,46,Pelt teller 2,Pelt,51.231,5.44375,0.216300331598738,51.22984294854562,5.441252826232637,2021,10,16,72043,Pelt,Normaal,Onbekend,Dag,met lichtgewonden,5,Lichte vrachtauto,3,Fiets
31041,45,Pelt teller 1,Pelt,51.23127,5.44377,0.2364287264822491,51.22984294854562,5.441252826232637,2021,10,16,72043,Pelt,Normaal,Onbekend,Dag,met lichtgewonden,5,Lichte vrachtauto,3,Fiets
31058,44,Maaseik teller 2,Maaseik,51.09359,5.79726,0.24540868094698182,51.09521852024847,5.7948882150623096,2021,10,17,72021,Maaseik,Normaal,Droog,Dag,met lichtgewonden,3,Fiets,3,Fiets
31256,118,Gent teller 1,Gent,51.028049,3.7681359,0.0322521482723648,51.02783848489873,3.768453149350596,2021,10,17,44021,Gent,Normaal,Droog,Dag,met lichtgewonden,3,Fiets,9,personenauto
31256,119,Gent teller 2,Gent,51.0281795,3.7683918,0.03816110546532408,51.02783848489873,3.768453149350596,2021,10,17,44021,Gent,Normaal,Droog,Dag,met lichtgewonden,3,Fiets,9,personenauto
31288,125,Dendermonde totem,Dendermonde,51.0372706,4.1025998,0.15443236130893778,51.0359175186216,4.103097778888928,2021,10,15,42006,Dendermonde,Normaal,Droog,Dag,met zwaargewonden,9,personenauto,3,Fiets
31288,122,Dendermonde teller 2,Dendermonde,51.0373918,4.1019222,0.18338630140001108,51.0359175186216,4.103097778888928,2021,10,15,42006,Dendermonde,Normaal,Droog,Dag,met zwaargewonden,9,personenauto,3,Fiets
31334,15,Oostende 2,Oostende,51.21371,2.92743,0.1274446814351888,51.21270643261555,2.928313761910922,2021,10,18,35013,Oostende,Normaal,Droog,Dageraad - schemering,met lichtgewonden,9,personenauto,3,Fiets
31334,18,Oostende 1,Oostende,51.21378,2.92765,0.12801590318318876,51.21270643261555,2.928313761910922,2021,10,18,35013,Oostende,Normaal,Droog,Dageraad - schemering,met lichtgewonden,9,personenauto,3,Fiets
31745,69,Leuven teller 1,Leuven,50.87549,4.71526,0.21073652666595144,50.8736654659637,4.714447515395654,2021,11,19,24062,Leuven,Normaal,Proper,"Nacht, openbare verlichting aanwezig en ontstoken",met lichtgewonden,3,Fiets,9,personenauto
31745,144,test leuven,Leuven,50.875576,4.7153726,0.2221367460299753,50.8736654659637,4.714447515395654,2021,11,19,24062,Leuven,Normaal,Proper,"Nacht, openbare verlichting aanwezig en ontstoken",met lichtgewonden,3,Fiets,9,personenauto
31767,73,Herent teller 2,Herent,50.89128,4.64685,0.01616298835069047,50.89132603373274,4.646631425500201,2021,11,16,24038,Herent,Normaal,Proper,Onbekend,met lichtgewonden,6,Bromfiets,3,Fiets
31767,72,Herent teller 1,Herent,50.89135,4.64689,0.018331413873627384,50.89132603373274,4.646631425500201,2021,11,16,24038,Herent,Normaal,Proper,Onbekend,met lichtgewonden,6,Bromfiets,3,Fiets
32013,138,Hasselt-Kempische brug,Hasselt,50.9405318,5.3422472,0.17662176193547482,50.93915583685981,5.340987857678312,2021,11,8,71022,Hasselt,Regenval,"Nat, plassen",Dag,met lichtgewonden,6,Bromfiets,3,Fiets
32013,137,Hasselt-Kempische brug,Hasselt,50.9411605,5.3417576,0.22934037034728172,50.93915583685981,5.340987857678312,2021,11,8,71022,Hasselt,Regenval,"Nat, plassen",Dag,met lichtgewonden,6,Bromfiets,3,Fiets
32036,23,Tienen 3,Tienen,50.81324,4.93447,0.0788887699371283,50.813699912023246,4.933615040894004,2021,11,15,24107,Tienen,Normaal,Droog,Dag,met lichtgewonden,9,personenauto,3,Fiets
32036,24,Tienen 1,Tienen,50.8133795491886,4.935044252605416,0.10654522785488119,50.813699912023246,4.933615040894004,2021,11,15,24107,Tienen,Normaal,Droog,Dag,met lichtgewonden,9,personenauto,3,Fiets
32036,22,Tienen 2,Tienen,50.81330800184882,4.935984252796022,0.17206632384100035,50.813699912023246,4.933615040894004,2021,11,15,24107,Tienen,Normaal,Droog,Dag,met lichtgewonden,9,personenauto,3,Fiets
32331,121,Zele teller 2,Zele,51.0604067,4.0556696,0.02338538638642517,51.06032573010651,4.055360772966991,2021,12,8,42028,Zele,Regenval,"Nat, plassen",Dageraad - schemering,met zwaargewonden,9,personenauto,3,Fiets
32331,120,Zele teller 1,Zele,51.0607671,4.0547741,0.06395054309792224,51.06032573010651,4.055360772966991,2021,12,8,42028,Zele,Regenval,"Nat, plassen",Dageraad - schemering,met zwaargewonden,9,personenauto,3,Fiets
32414,100,Mechelen teller 2,Mechelen,51.0457,4.46883,0.20659693577094418,51.04752881179127,4.468308474397339,2021,12,15,12025,Mechelen,Normaal,Droog,Dag,met lichtgewonden,3,Fiets,9,personenauto
32414,99,Mechelen teller 1,Mechelen,51.04564,4.46882,0.2130487314535332,51.04752881179127,4.468308474397339,2021,12,15,12025,Mechelen,Normaal,Droog,Dag,met lichtgewonden,3,Fiets,9,personenauto
32422,140,Hasselt ring,Hasselt,50.9300038,5.3438616,0.11161756981485613,50.930162335586175,5.342288932061969,2021,12,17,71022,Hasselt,Normaal,Droog,"Nacht, openbare verlichting aanwezig en ontstoken",met lichtgewonden,3,Fiets,8,Voetganger
32860,68,Ieper,Ieper,50.85032,2.85608,0.16667369282568517,50.850736427571,2.853799274722183,2022,1,5,33011,Ieper,Normaal,Droog,"Nacht, openbare verlichting aanwezig en ontstoken",met lichtgewonden,3,Fiets,10,"één bestuurder, geen hindernis"
32860,67,Ieper totem,Ieper,50.85018,2.85624,0.18217376697411392,50.850736427571,2.853799274722183,2022,1,5,33011,Ieper,Normaal,Droog,"Nacht, openbare verlichting aanwezig en ontstoken",met lichtgewonden,3,Fiets,10,"één bestuurder, geen hindernis"
33100,46,Pelt teller 2,Pelt,51.231,5.44375,0.11132115817781028,51.230344334558595,5.442541806616629,2022,2,8,72043,Pelt,Normaal,Droog,Dag,met lichtgewonden,9,personenauto,3,Fiets
33100,45,Pelt teller 1,Pelt,51.23127,5.44377,0.13381948955534398,51.230344334558595,5.442541806616629,2022,2,8,72043,Pelt,Normaal,Droog,Dag,met lichtgewonden,9,personenauto,3,Fiets
33242,120,Zele teller 1,Zele,51.0607671,4.0547741,0.19655468830832595,51.06246496984909,4.053991601352879,2022,2,2,42028,Zele,Onbekend,Droog,"Nacht, openbare verlichting aanwezig en ontstoken",met lichtgewonden,3,Fiets,11,een weggebruiker tegen een hindernis
33322,143,Eco Display Classic Budastraat,Kortrijk,50.83066,3.26286,0.12730396249501053,50.8298998789663,3.264215441996384,2022,2,12,34022,Kortrijk,Normaal,Droog,Dag,met lichtgewonden,3,Fiets,5,Lichte vrachtauto
33324,16,Kortrijk 1,Kortrijk,50.83332,3.27777,0.21832417881839467,50.831970869649936,3.2755113906272944,2022,2,11,34022,Kortrijk,Normaal,Droog,Dag,met lichtgewonden,9,personenauto,3,Fiets
33324,17,Kortrijk 2,Kortrijk,50.83339,3.27773,0.22176124735677816,50.831970869649936,3.2755113906272944,2022,2,11,34022,Kortrijk,Normaal,Droog,Dag,met lichtgewonden,9,personenauto,3,Fiets
33339,66,Nieuwpoort totem,Nieuwpoort,51.1347,2.74369,0.2479931744600429,51.133193493220645,2.7463107577468704,2022,2,11,38016,Nieuwpoort,Normaal,Droog,Dag,met lichtgewonden,3,Fiets,3,Fiets
33669,77,Leuven teller 2,Leuven,50.88672,4.70796,0.24809516870144685,50.888620423393796,4.706106947222132,2022,3,13,24062,Leuven,Normaal,Droog,Dag,met lichtgewonden,9,personenauto,3,Fiets
33683,69,Leuven teller 1,Leuven,50.87549,4.71526,0.0186206151933724,50.87548490640663,4.7149947390283105,2022,3,17,24062,Leuven,Normaal,Droog,Dag,met lichtgewonden,7,Motorfiets,3,Fiets
33683,144,test leuven,Leuven,50.875576,4.7153726,0.02838158343704834,50.87548490640663,4.7149947390283105,2022,3,17,24062,Leuven,Normaal,Droog,Dag,met lichtgewonden,7,Motorfiets,3,Fiets
33691,87,Aarschot,Aarschot,50.99084,4.81259,0.02607064236629949,50.9906931266545,4.812880341990024,2022,3,20,24001,Aarschot,Normaal,"Nat, plassen","Nacht, openbare verlichting aanwezig en ontstoken",Met doden,4,Vrachtwagen,3,Fiets
33796,6,Evergem 2,Evergem,51.10894,3.70298,0.15380427104690908,51.10825433658971,3.701066651769457,2022,3,15,44019,Evergem,Normaal,Droog,Dag,met lichtgewonden,9,personenauto,3,Fiets
33796,7,Evergem 1,Evergem,51.1089,3.70317,0.1634532357172739,51.10825433658971,3.701066651769457,2022,3,15,44019,Evergem,Normaal,Droog,Dag,met lichtgewonden,9,personenauto,3,Fiets
33866,122,Dendermonde teller 2,Dendermonde,51.0373918,4.1019222,0.11770981864713138,51.038430868360685,4.102244015477858,2022,3,1,42006,Dendermonde,Normaal,Droog,"Nacht, openbare verlichting aanwezig en ontstoken",dodelijk gewonden,3,Fiets,10,"één bestuurder, geen hindernis"
33866,125,Dendermonde totem,Dendermonde,51.0372706,4.1025998,0.13139237802529977,51.038430868360685,4.102244015477858,2022,3,1,42006,Dendermonde,Normaal,Droog,"Nacht, openbare verlichting aanwezig en ontstoken",dodelijk gewonden,3,Fiets,10,"één bestuurder, geen hindernis"
33871,142,TEST Validatie BRUGGE Y2H22022134,Brugge,51.22632,3.24095,0.228595227394431,51.22458662051933,3.2391850372490483,2022,3,14,31005,Brugge,Normaal,Droog,Dag,met lichtgewonden,3,Fiets,9,personenauto
33871,52,Brugge,Brugge,51.22632,3.24095,0.228595227394431,51.22458662051933,3.2391850372490483,2022,3,14,31005,Brugge,Normaal,Droog,Dag,met lichtgewonden,3,Fiets,9,personenauto
34255,94,Herentals teller 2,Herentals,51.17345,4.81283,0.17239834756055072,51.17433445444428,4.814861062511641,2022,4,22,13011,Herentals,Normaal,Droog,"Nacht, openbare verlichting aanwezig en ontstoken",met zwaargewonden,9,personenauto,3,Fiets
34255,110,Herentals totem,Herentals,51.1739426,4.811783,0.2189639546606435,51.17433445444428,4.814861062511641,2022,4,22,13011,Herentals,Normaal,Droog,"Nacht, openbare verlichting aanwezig en ontstoken",met zwaargewonden,9,personenauto,3,Fiets
34319,78,Pepingen teller 1,Pepingen,50.75824,4.1652,0.0721853207566196,50.758549526184176,4.164297939132498,2022,4,11,23064,Pepingen,Normaal,Droog,Dag,met lichtgewonden,9,personenauto,3,Fiets
34319,79,Pepingen teller 2,Pepingen,50.75848,4.16537,0.07580489723475424,50.758549526184176,4.164297939132498,2022,4,11,23064,Pepingen,Normaal,Droog,Dag,met lichtgewonden,9,personenauto,3,Fiets
34387,118,Gent teller 1,Gent,51.028049,3.7681359,0.21785521939842079,51.02925267658087,3.7656779763439747,2022,4,6,44021,Gent,Normaal,Droog,Dageraad - schemering,met lichtgewonden,3,Fiets,10,"één bestuurder, geen hindernis"
34387,119,Gent teller 2,Gent,51.0281795,3.7683918,0.22418670976822158,51.02925267658087,3.7656779763439747,2022,4,6,44021,Gent,Normaal,Droog,Dageraad - schemering,met lichtgewonden,3,Fiets,10,"één bestuurder, geen hindernis"
34624,138,Hasselt-Kempische brug,Hasselt,50.9405318,5.3422472,0.23686645608007237,50.93845191746184,5.341516853863203,2022,4,17,71022,Hasselt,Normaal,Droog,Dag,met lichtgewonden,9,personenauto,3,Fiets
34632,31,Herk De Stad,Herk-de-Stad,50.94366,5.1775,0.0300005173127875,50.94379608266742,5.1778697418011665,2022,4,8,71024,Herk-de-Stad,Normaal,Droog,Dag,met lichtgewonden,8,Voetganger,3,Fiets
34632,30,Herk De Stad,Herk-de-Stad,50.94374,5.17691,0.06752999637106614,50.94379608266742,5.1778697418011665,2022,4,8,71024,Herk-de-Stad,Normaal,Droog,Dag,met lichtgewonden,8,Voetganger,3,Fiets
34952,3,Brasschaat 1,Brasschaat,51.27503,4.47222,0.13807748683219456,51.27621188561297,4.4728289455224886,2022,5,17,11008,Brasschaat,Normaal,Droog,Dag,met lichtgewonden,9,personenauto,3,Fiets
34952,2,Brasschaat 2,Brasschaat,51.27512,4.47169,0.14497460420888442,51.27621188561297,4.4728289455224886,2022,5,17,11008,Brasschaat,Normaal,Droog,Dag,met lichtgewonden,9,personenauto,3,Fiets
35002,9,Heist op den Berg 2,Heist-op-den-Berg,51.06904,4.69524,0.17903165874064497,51.06841376421923,4.697600472649721,2022,5,12,12014,Heist-op-den-Berg,Normaal,Droog,Dag,met lichtgewonden,3,Fiets,5,Lichte vrachtauto
35075,151,Leuven,District Leuven,50.8690262,4.6854839,0.229256724861123,50.86899230489266,4.688750405177226,2022,5,7,24062,Leuven,Normaal,Droog,Dag,met lichtgewonden,3,Fiets,8,Voetganger
35093,69,Leuven teller 1,Leuven,50.87549,4.71526,0.2107364568272103,50.87366546686684,4.714447513981549,2022,5,8,24062,Leuven,Normaal,Droog,Dag,met lichtgewonden,9,personenauto,3,Fiets
35093,144,test leuven,Leuven,50.875576,4.7153726,0.22213667898115438,50.87366546686684,4.714447513981549,2022,5,8,24062,Leuven,Normaal,Droog,Dag,met lichtgewonden,9,personenauto,3,Fiets
35094,77,Leuven teller 2,Leuven,50.88672,4.70796,0.24809518858553964,50.88862042364778,4.706106947335625,2022,5,17,24062,Leuven,Normaal,Droog,Dag,met lichtgewonden,9,personenauto,3,Fiets
35415,142,TEST Validatie BRUGGE Y2H22022134,Brugge,51.22632,3.24095,0.2285952368516227,51.22458662044253,3.239185037188784,2022,5,16,31005,Brugge,Normaal,Droog,Dag,met lichtgewonden,3,Fiets,3,Fiets
35415,52,Brugge,Brugge,51.22632,3.24095,0.2285952368516227,51.22458662044253,3.239185037188784,2022,5,16,31005,Brugge,Normaal,Droog,Dag,met lichtgewonden,3,Fiets,3,Fiets
35455,18,Oostende 1,Oostende,51.21378,2.92765,0.01291358954251515,51.21384585757838,2.9274972965287374,2022,5,17,35013,Oostende,Normaal,Droog,Dag,met lichtgewonden,3,Fiets,99,onbekend
35455,15,Oostende 2,Oostende,51.21371,2.92743,0.01581721167426718,51.21384585757838,2.9274972965287374,2022,5,17,35013,Oostende,Normaal,Droog,Dag,met lichtgewonden,3,Fiets,99,onbekend
35675,24,Tienen 1,Tienen,50.8133795491886,4.935044252605416,0.03632998740510326,50.81305289543329,4.935054930685372,2022,5,16,24107,Tienen,Normaal,Droog,Dag,met lichtgewonden,9,personenauto,3,Fiets
35675,23,Tienen 3,Tienen,50.81324,4.93447,0.04606267545989197,50.81305289543329,4.935054930685372,2022,5,16,24107,Tienen,Normaal,Droog,Dag,met lichtgewonden,9,personenauto,3,Fiets
35675,22,Tienen 2,Tienen,50.81330800184882,4.935984252796022,0.07118864232810655,50.81305289543329,4.935054930685372,2022,5,16,24107,Tienen,Normaal,Droog,Dag,met lichtgewonden,9,personenauto,3,Fiets
35980,93,Nijlen teller 2,Nijlen,51.14998,4.64469,0.20461269735419818,51.149555030846514,4.641835832932472,2022,6,10,12026,Nijlen,Normaal,Droog,Dag,met lichtgewonden,3,Fiets,11,een weggebruiker tegen een hindernis
35980,92,Nijlen teller 1,Nijlen,51.14989,4.64479,0.2093959634935466,51.149555030846514,4.641835832932472,2022,6,10,12026,Nijlen,Normaal,Droog,Dag,met lichtgewonden,3,Fiets,11,een weggebruiker tegen een hindernis
36007,132,Gierde lille,Lille,51.245445,4.8298851,0.23393355660876358,51.246872611004534,4.83235373234909,2022,6,6,13019,Lille,Normaal,Droog,Dageraad - schemering,met lichtgewonden,9,personenauto,3,Fiets
36007,133,Gierde Lille Totem,Lille,51.2453915,4.8297416,0.24531899223905507,51.246872611004534,4.83235373234909,2022,6,6,13019,Lille,Normaal,Droog,Dageraad - schemering,met lichtgewonden,9,personenauto,3,Fiets
36356,120,Zele teller 1,Zele,51.0607671,4.0547741,0.13334514452741017,51.061947737081276,4.054439658716159,2022,6,16,42028,Zele,Normaal,Droog,Dag,met lichtgewonden,5,Lichte vrachtauto,3,Fiets
36356,121,Zele teller 2,Zele,51.0604067,4.0556696,0.19170513928809174,51.061947737081276,4.054439658716159,2022,6,16,42028,Zele,Normaal,Droog,Dag,met lichtgewonden,5,Lichte vrachtauto,3,Fiets
36505,17,Kortrijk 2,Kortrijk,50.83339,3.27773,0.048636791559532454,50.83374588853549,3.27813262740914,2022,6,15,34022,Kortrijk,Normaal,"Nat, plassen",Dag,met lichtgewonden,3,Fiets,9,personenauto
36505,16,Kortrijk 1,Kortrijk,50.83332,3.27777,0.053769875600611625,50.83374588853549,3.27813262740914,2022,6,15,34022,Kortrijk,Normaal,"Nat, plassen",Dag,met lichtgewonden,3,Fiets,9,personenauto
36509,143,Eco Display Classic Budastraat,Kortrijk,50.83066,3.26286,0.1409488740324161,50.82969699304992,3.2615550264609143,2022,6,8,34022,Kortrijk,Normaal,Droog,Dag,met lichtgewonden,5,Lichte vrachtauto,3,Fiets
36516,17,Kortrijk 2,Kortrijk,50.83339,3.27773,0.0556230235016763,50.833792421973264,3.2782004595150376,2022,6,16,34022,Kortrijk,Normaal,Droog,Dag,met lichtgewonden,3,Fiets,3,Fiets
36516,16,Kortrijk 1,Kortrijk,50.83332,3.27777,0.06060832655616913,50.833792421973264,3.2782004595150376,2022,6,16,34022,Kortrijk,Normaal,Droog,Dag,met lichtgewonden,3,Fiets,3,Fiets
36635,48,As,As,51.00509,5.60389,0.09461223862179018,51.00584936973321,5.603279997528397,2022,6,15,71002,As,Normaal,Droog,Dag,met lichtgewonden,9,personenauto,3,Fiets
37235,15,Oostende 2,Oostende,51.21371,2.92743,0.13964605796578958,51.21475684633309,2.9263224688925416,2022,7,14,35013,Oostende,Normaal,Droog,Dag,met lichtgewonden,3,Fiets,9,personenauto
37235,18,Oostende 1,Oostende,51.21378,2.92765,0.14264845884594732,51.21475684633309,2.9263224688925416,2022,7,14,35013,Oostende,Normaal,Droog,Dag,met lichtgewonden,3,Fiets,9,personenauto
37284,17,Kortrijk 2,Kortrijk,50.83339,3.27773,0.09359978456789846,50.834040056608764,3.2785767454616703,2022,7,15,34022,Kortrijk,Normaal,Droog,Dag,met lichtgewonden,3,Fiets,9,personenauto
37284,16,Kortrijk 1,Kortrijk,50.83332,3.27777,0.09808447176755283,50.834040056608764,3.2785767454616703,2022,7,15,34022,Kortrijk,Normaal,Droog,Dag,met lichtgewonden,3,Fiets,9,personenauto
37330,68,Ieper,Ieper,50.85032,2.85608,0.16667368999733542,50.850736429052986,2.8537992754429413,2022,7,8,33011,Ieper,Normaal,Droog,Dag,met lichtgewonden,3,Fiets,11,een weggebruiker tegen een hindernis
37330,67,Ieper totem,Ieper,50.85018,2.85624,0.18217377534787005,50.850736429052986,2.8537992754429413,2022,7,8,33011,Ieper,Normaal,Droog,Dag,met lichtgewonden,3,Fiets,11,een weggebruiker tegen een hindernis
37420,23,Tienen 3,Tienen,50.81324,4.93447,0.04111807954214671,50.81321086613856,4.933886579764527,2022,7,11,24107,Tienen,Normaal,Droog,Dag,met lichtgewonden,3,Fiets,9,personenauto
37420,24,Tienen 1,Tienen,50.8133795491886,4.935044252605416,0.08347100255188208,50.81321086613856,4.933886579764527,2022,7,11,24107,Tienen,Normaal,Droog,Dag,met lichtgewonden,3,Fiets,9,personenauto
37420,22,Tienen 2,Tienen,50.81330800184882,4.935984252796022,0.14777463520093204,50.81321086613856,4.933886579764527,2022,7,11,24107,Tienen,Normaal,Droog,Dag,met lichtgewonden,3,Fiets,9,personenauto
37707,48,As,As,51.00509,5.60389,0.10431203937197683,51.005819206058035,5.60295211266194,2022,7,16,71002,As,Normaal,Droog,Dag,met lichtgewonden,3,Fiets,3,Fiets
37808,118,Gent teller 1,Gent,51.028049,3.7681359,0.03977492232687669,51.02781040334575,3.7685596334053373,2022,8,16,44021,Gent,Normaal,Droog,Dag,met lichtgewonden,9,personenauto,3,Fiets
37808,119,Gent teller 2,Gent,51.0281795,3.7683918,0.0426870750746349,51.02781040334575,3.7685596334053373,2022,8,16,44021,Gent,Normaal,Droog,Dag,met lichtgewonden,9,personenauto,3,Fiets
37952,54,Brugge teller 2,Brugge,51.23015,3.22818,0.23239193491636964,51.22912621807705,3.2310896464136274,2022,8,12,31005,Brugge,Normaal,Droog,Dag,met lichtgewonden,3,Fiets,9,personenauto
37952,53,Brugge teller 1,Brugge,51.23023,3.228,0.24768131960126366,51.22912621807705,3.2310896464136274,2022,8,12,31005,Brugge,Normaal,Droog,Dag,met lichtgewonden,3,Fiets,9,personenauto
38052,65,Nieuwpoort teller 2,Nieuwpoort,51.13435,2.75511,0.18854596173768298,51.13592285672601,2.7541004453180844,2022,8,14,38016,Nieuwpoort,Normaal,Droog,Dag,met zwaargewonden,3,Fiets,3,Fiets
38071,68,Ieper,Ieper,50.85032,2.85608,0.16667368999733542,50.850736429052986,2.8537992754429413,2022,8,17,33011,Ieper,Normaal,Droog,Dag,met lichtgewonden,3,Fiets,11,een weggebruiker tegen een hindernis
38071,67,Ieper totem,Ieper,50.85018,2.85624,0.18217377534787005,50.850736429052986,2.8537992754429413,2022,8,17,33011,Ieper,Normaal,Droog,Dag,met lichtgewonden,3,Fiets,11,een weggebruiker tegen een hindernis
38100,100,Mechelen teller 2,Mechelen,51.0457,4.46883,0.11519627050478694,51.04668290473132,4.468309304809073,2022,8,16,12025,Mechelen,Normaal,Droog,Dag,met lichtgewonden,3,Fiets,3,Fiets
38100,99,Mechelen teller 1,Mechelen,51.04564,4.46882,0.12133689485146396,51.04668290473132,4.468309304809073,2022,8,16,12025,Mechelen,Normaal,Droog,Dag,met lichtgewonden,3,Fiets,3,Fiets
38142,48,As,As,51.00509,5.60389,0.10431203937197683,51.005819206058035,5.60295211266194,2022,8,14,71002,As,Normaal,Droog,Dag,met lichtgewonden,3,Fiets,10,"één bestuurder, geen hindernis"
38768,129,Lokeren teller 2,Lokeren,51.09612,3.97025,0.03133475586871895,51.09599539547663,3.969847534551002,2022,9,15,46014,Lokeren,Normaal,Droog,Dag,met lichtgewonden,6,Bromfiets,3,Fiets
38768,128,Lokeren teller 1,Lokeren,51.09644,3.97023,0.05619099540831618,51.09599539547663,3.969847534551002,2022,9,15,46014,Lokeren,Normaal,Droog,Dag,met lichtgewonden,6,Bromfiets,3,Fiets
39004,140,Hasselt ring,Hasselt,50.9300038,5.3438616,0.2452802356954134,50.928189534334244,5.341870916366932,2022,7,10,71022,Hasselt,Normaal,Droog,Dag,met lichtgewonden,3,Fiets,3,Fiets
39460,144,test leuven,Leuven,50.875576,4.7153726,0.17175445700284409,50.87711483137246,4.715584419172501,2022,10,12,24062,Leuven,Normaal,Droog,Dag,met lichtgewonden,3,Fiets,9,personenauto
39460,69,Leuven teller 1,Leuven,50.87549,4.71526,0.18210124375424494,50.87711483137246,4.715584419172501,2022,10,12,24062,Leuven,Normaal,Droog,Dag,met lichtgewonden,3,Fiets,9,personenauto
39476,69,Leuven teller 1,Leuven,50.87549,4.71526,0.2107364568272103,50.87366546686684,4.714447513981549,2022,10,8,24062,Leuven,Normaal,Droog,Dageraad - schemering,met lichtgewonden,3,Fiets,3,Fiets
39476,144,test leuven,Leuven,50.875576,4.7153726,0.22213667898115438,50.87366546686684,4.714447513981549,2022,10,8,24062,Leuven,Normaal,Droog,Dageraad - schemering,met lichtgewonden,3,Fiets,3,Fiets
39549,119,Gent teller 2,Gent,51.0281795,3.7683918,0.008438540033756414,51.02811171668734,3.768337538647378,2022,10,7,44021,Gent,Onbekend,Onbekend,Dageraad - schemering,met lichtgewonden,9,personenauto,3,Fiets
39549,118,Gent teller 1,Gent,51.028049,3.7681359,0.015731749728242324,51.02811171668734,3.768337538647378,2022,10,7,44021,Gent,Onbekend,Onbekend,Dageraad - schemering,met lichtgewonden,9,personenauto,3,Fiets
39556,118,Gent teller 1,Gent,51.028049,3.7681359,0.1699687218765956,51.02908880584871,3.766354455498866,2022,10,11,44021,Gent,Normaal,Droog,Dag,met lichtgewonden,9,personenauto,3,Fiets
39556,119,Gent teller 2,Gent,51.0281795,3.7683918,0.17471046211683028,51.02908880584871,3.766354455498866,2022,10,11,44021,Gent,Normaal,Droog,Dag,met lichtgewonden,9,personenauto,3,Fiets
39800,15,Oostende 2,Oostende,51.21371,2.92743,0.13964605796578958,51.21475684633309,2.9263224688925416,2022,10,9,35013,Oostende,Regenval,"Nat, plassen",Dag,met lichtgewonden,3,Fiets,9,personenauto
39800,18,Oostende 1,Oostende,51.21378,2.92765,0.14264845884594732,51.21475684633309,2.9263224688925416,2022,10,9,35013,Oostende,Regenval,"Nat, plassen",Dag,met lichtgewonden,3,Fiets,9,personenauto
39801,15,Oostende 2,Oostende,51.21371,2.92743,0.13964605796578958,51.21475684633309,2.9263224688925416,2022,10,11,35013,Oostende,Normaal,Droog,Dag,met lichtgewonden,3,Fiets,5,Lichte vrachtauto
39801,18,Oostende 1,Oostende,51.21378,2.92765,0.14264845884594732,51.21475684633309,2.9263224688925416,2022,10,11,35013,Oostende,Normaal,Droog,Dag,met lichtgewonden,3,Fiets,5,Lichte vrachtauto
39972,25,Bree,Bree,51.13679500160176,5.597669323604317,0.14702990833670082,51.138116620732276,5.597735524529992,2022,10,15,72004,Bree,Normaal,Droog,Dag,met lichtgewonden,3,Fiets,10,"één bestuurder, geen hindernis"
40226,96,Lier teller 2,Lier,51.11705,4.58444,0.07959145477939127,51.11741700258354,4.583461016788204,2022,11,8,12021,Lier,Regenval,"Nat, plassen",Dag,met zwaargewonden,9,personenauto,3,Fiets
40226,95,Lier teller 1,Lier,51.11687,4.58437,0.08789266751123391,51.11741700258354,4.583461016788204,2022,11,8,12021,Lier,Regenval,"Nat, plassen",Dag,met zwaargewonden,9,personenauto,3,Fiets
40310,107,leuven totem,Leuven,50.8870744,4.7087919,0.0645927576653999,50.887382964083365,4.708011732434598,2022,11,14,24062,Leuven,Normaal,Droog,Dag,met lichtgewonden,3,Fiets,3,Fiets
40310,77,Leuven teller 2,Leuven,50.88672,4.70796,0.07380750773530369,50.887382964083365,4.708011732434598,2022,11,14,24062,Leuven,Normaal,Droog,Dag,met lichtgewonden,3,Fiets,3,Fiets
40316,69,Leuven teller 1,Leuven,50.87549,4.71526,0.03467939881977,50.875263781650766,4.7156002407591,2022,11,15,24062,Leuven,Normaal,Droog,Dag,met lichtgewonden,8,Voetganger,3,Fiets
40316,144,test leuven,Leuven,50.875576,4.7153726,0.03821510858560325,50.875263781650766,4.7156002407591,2022,11,15,24062,Leuven,Normaal,Droog,Dag,met lichtgewonden,8,Voetganger,3,Fiets
40447,7,Evergem 1,Evergem,51.1089,3.70317,0.21747563202282072,51.1075743562822,3.7054603513271913,2022,11,8,44019,Evergem,Regenval,"Nat, plassen",Dageraad - schemering,met lichtgewonden,9,personenauto,3,Fiets
40447,6,Evergem 2,Evergem,51.10894,3.70298,0.23031412479169844,51.1075743562822,3.7054603513271913,2022,11,8,44019,Evergem,Regenval,"Nat, plassen",Dageraad - schemering,met lichtgewonden,9,personenauto,3,Fiets
40583,56,Torhout teller 2,Torhout,51.07147,3.08244,0.14577638376367227,51.07212376360323,3.080631508786163,2022,11,17,31033,Torhout,Normaal,Droog,"Nacht, openbare verlichting aanwezig en ontstoken",met lichtgewonden,9,personenauto,3,Fiets
40583,55,Torhout teller 1,Torhout,51.07161,3.08261,0.149574239944794,51.07212376360323,3.080631508786163,2022,11,17,31033,Torhout,Normaal,Droog,"Nacht, openbare verlichting aanwezig en ontstoken",met lichtgewonden,9,personenauto,3,Fiets
40686,140,Hasselt ring,Hasselt,50.9300038,5.3438616,0.15855091505497557,50.930616168891895,5.345904692447574,2022,11,13,71022,Hasselt,Normaal,Droog,Dag,met lichtgewonden,9,personenauto,3,Fiets
40974,144,test leuven,Leuven,50.875576,4.7153726,0.1774720385859441,50.877165364447166,4.715603775822001,2022,12,14,24062,Leuven,Normaal,Droog,Dag,met lichtgewonden,9,personenauto,3,Fiets
40974,69,Leuven teller 1,Leuven,50.87549,4.71526,0.18784706570408857,50.877165364447166,4.715603775822001,2022,12,14,24062,Leuven,Normaal,Droog,Dag,met lichtgewonden,9,personenauto,3,Fiets
41205,65,Nieuwpoort teller 2,Nieuwpoort,51.13435,2.75511,0.06472595264922094,51.13381059129832,2.754761319159148,2022,12,6,38016,Nieuwpoort,Normaal,Droog,"Nacht, openbare verlichting aanwezig en ontstoken",met lichtgewonden,9,personenauto,3,Fiets
41205,64,Nieuwpoort teller 1,Nieuwpoort,51.13359,2.75737,0.18366699778493306,51.13381059129832,2.754761319159148,2022,12,6,38016,Nieuwpoort,Normaal,Droog,"Nacht, openbare verlichting aanwezig en ontstoken",met lichtgewonden,9,personenauto,3,Fiets
41236,100,Mechelen teller 2,Mechelen,51.0457,4.46883,0.16947995704433352,51.04712586699318,4.467973435963284,2022,12,8,12025,Mechelen,Regenval,"Nat, plassen",Dageraad - schemering,met lichtgewonden,3,Fiets,6,Bromfiets
41236,99,Mechelen teller 1,Mechelen,51.04564,4.46882,0.17550020910688754,51.04712586699318,4.467973435963284,2022,12,8,12025,Mechelen,Regenval,"Nat, plassen",Dageraad - schemering,met lichtgewonden,3,Fiets,6,Bromfiets
41457,108,Heverlee teller 1,Leuven,50.8471728,4.6954674,0.18276423556187427,50.84881564532322,4.695548252558499,2023,1,8,24062,Leuven,Regenval,Proper,Dag,met lichtgewonden,9,personenauto,3,Fiets
41687,75,Kortrijk teller 2,Kortrijk,50.81925,3.25731,0.24657450575686748,50.82114959589914,3.255499108088185,2023,1,16,34022,Kortrijk,Regenval,"Nat, plassen",Dag,met lichtgewonden,9,personenauto,3,Fiets
41742,49,Bokrijk,Genk,50.95264,5.41001,0.06256988158124158,50.952510258175664,5.4091408336286,2023,1,8,71016,Genk,Normaal,Droog,Dag,met lichtgewonden,3,Fiets,10,"één bestuurder, geen hindernis"
41751,24,Tienen 1,Tienen,50.8133795491886,4.935044252605416,0.03633002609112147,50.813052895083395,4.935054930539256,2023,1,18,24107,Tienen,Onbekend,"Nat, plassen","Nacht, openbare verlichting aanwezig en ontstoken",met lichtgewonden,9,personenauto,3,Fiets
41751,23,Tienen 3,Tienen,50.81324,4.93447,0.04606268387374441,50.813052895083395,4.935054930539256,2023,1,18,24107,Tienen,Onbekend,"Nat, plassen","Nacht, openbare verlichting aanwezig en ontstoken",met lichtgewonden,9,personenauto,3,Fiets
41751,22,Tienen 2,Tienen,50.81330800184882,4.935984252796022,0.07118866724700154,50.813052895083395,4.935054930539256,2023,1,18,24107,Tienen,Onbekend,"Nat, plassen","Nacht, openbare verlichting aanwezig en ontstoken",met lichtgewonden,9,personenauto,3,Fiets
41939,9,Heist op den Berg 2,Heist-op-den-Berg,51.06904,4.69524,0.1935367536317446,51.06972238590636,4.697788099750858,2023,2,9,12014,Heist-op-den-Berg,Normaal,Droog,Dag,met zwaargewonden,3,Fiets,5,Lichte vrachtauto
42001,69,Leuven teller 1,Leuven,50.87549,4.71526,0.20941307566238046,50.87370193388216,4.714322956726469,2023,2,17,24062,Leuven,Normaal,Droog,Dageraad - schemering,met lichtgewonden,9,personenauto,3,Fiets
42001,144,test leuven,Leuven,50.875576,4.7153726,0.22101861931826935,50.87370193388216,4.714322956726469,2023,2,17,24062,Leuven,Normaal,Droog,Dageraad - schemering,met lichtgewonden,9,personenauto,3,Fiets
42034,27,Grimbergen,Meise,50.92127,4.34013,0.24379833002012494,50.91915109707905,4.341023748184943,2023,2,18,23025,Grimbergen,Normaal,Proper,"Nacht, openbare verlichting aanwezig en ontstoken",met zwaargewonden,3,Fiets,3,Fiets
42243,143,Eco Display Classic Budastraat,Kortrijk,50.83066,3.26286,0.2176964768262683,50.830667994366834,3.259760363721534,2023,2,15,34022,Kortrijk,Normaal,Droog,Dag,met zwaargewonden,3,Fiets,3,Fiets
42516,110,Herentals totem,Herentals,51.1739426,4.811783,0.1891628805991473,51.174426992128225,4.809181915541856,2023,3,13,13011,Herentals,Onbekend,Onbekend,Dag,met lichtgewonden,3,Fiets,3,Fiets
42778,16,Kortrijk 1,Kortrijk,50.83332,3.27777,0.10905276612117631,50.83248653048249,3.2785883941325333,2023,3,9,34022,Kortrijk,Normaal,Droog,Dag,met lichtgewonden,9,personenauto,3,Fiets
42778,17,Kortrijk 2,Kortrijk,50.83339,3.27773,0.11716069373139848,50.83248653048249,3.2785883941325333,2023,3,9,34022,Kortrijk,Normaal,Droog,Dag,met lichtgewonden,9,personenauto,3,Fiets
43215,71,Kampenhout teller 2,Kampenhout,50.95589,4.59164,0.18877834117527598,50.95424535083011,4.592308623177384,2023,4,16,23038,Kampenhout,Normaal,Droog,Dag,met lichtgewonden,3,Fiets,11,een weggebruiker tegen een hindernis
43352,122,Dendermonde teller 2,Dendermonde,51.0373918,4.1019222,0.17021665982519116,51.03890568269676,4.1022830777712675,2023,4,1,42006,Dendermonde,Normaal,Droog,"Nacht, geen openbare verlichting aanwezig",met lichtgewonden,3,Fiets,11,een weggebruiker tegen een hindernis
43352,125,Dendermonde totem,Dendermonde,51.0372706,4.1025998,0.1831565950657297,51.03890568269676,4.1022830777712675,2023,4,1,42006,Dendermonde,Normaal,Droog,"Nacht, geen openbare verlichting aanwezig",met lichtgewonden,3,Fiets,11,een weggebruiker tegen een hindernis
43354,122,Dendermonde teller 2,Dendermonde,51.0373918,4.1019222,0.22567810044040576,51.03719050622844,4.098710497327778,2023,4,16,42006,Dendermonde,Normaal,Droog,Dag,met lichtgewonden,3,Fiets,3,Fiets
43363,142,TEST Validatie BRUGGE Y2H22022134,Brugge,51.22632,3.24095,0.0484342491092603,51.22675392665913,3.2408894615796737,2023,4,7,31005,Brugge,Normaal,"Nat, plassen",Dag,met lichtgewonden,9,personenauto,3,Fiets
43363,52,Brugge,Brugge,51.22632,3.24095,0.0484342491092603,51.22675392665913,3.2408894615796737,2023,4,7,31005,Brugge,Normaal,"Nat, plassen",Dag,met lichtgewonden,9,personenauto,3,Fiets
43422,143,Eco Display Classic Budastraat,Kortrijk,50.83066,3.26286,0.21399634653929353,50.83254391098917,3.2634826097797567,2023,4,8,34022,Kortrijk,Normaal,Droog,Dag,met lichtgewonden,3,Fiets,3,Fiets
43895,69,Leuven teller 1,Leuven,50.87549,4.71526,0.2104097074936522,50.87366488701618,4.714468249917917,2023,5,11,24062,Leuven,Normaal,Droog,Dag,met lichtgewonden,3,Fiets,4,Vrachtwagen
43895,144,test leuven,Leuven,50.875576,4.7153726,0.2217776767999489,50.87366488701618,4.714468249917917,2023,5,11,24062,Leuven,Normaal,Droog,Dag,met lichtgewonden,3,Fiets,4,Vrachtwagen
43928,87,Aarschot,Aarschot,50.99084,4.81259,0.229707647628544,50.99064073864043,4.809323352712662,2023,5,15,24007,Begijnendijk,Normaal,Droog,Dag,met lichtgewonden,9,personenauto,3,Fiets
43932,145,Overijse,District Vilvoorde-gewestwegen,50.7885856,4.4908759,0.12898723226263414,50.78945513960193,4.492090439320721,2023,5,18,23062,Overijse,Normaal,Droog,Dag,met lichtgewonden,9,personenauto,3,Fiets
43932,146,Overijse 2,District Vilvoorde-gewestwegen,50.7881478,4.4902818,0.1931232320172067,50.78945513960193,4.492090439320721,2023,5,18,23062,Overijse,Normaal,Droog,Dag,met lichtgewonden,9,personenauto,3,Fiets
44219,15,Oostende 2,Oostende,51.21371,2.92743,0.13056409417062673,51.214605035469724,2.926216701397517,2023,5,16,35013,Oostende,Normaal,Droog,Dag,met lichtgewonden,3,Fiets,9,personenauto
44219,18,Oostende 1,Oostende,51.21378,2.92765,0.13558436468721807,51.214605035469724,2.926216701397517,2023,5,16,35013,Oostende,Normaal,Droog,Dag,met lichtgewonden,3,Fiets,9,personenauto
44225,56,Torhout teller 2,Torhout,51.07147,3.08244,0.1791547020984216,51.07156199635207,3.0798800434861526,2023,5,11,31033,Torhout,Normaal,Droog,Dag,met lichtgewonden,3,Fiets,3,Fiets
44225,55,Torhout teller 1,Torhout,51.07161,3.08261,0.19081458483879446,51.07156199635207,3.0798800434861526,2023,5,11,31033,Torhout,Normaal,Droog,Dag,met lichtgewonden,3,Fiets,3,Fiets
44262,143,Eco Display Classic Budastraat,Kortrijk,50.83066,3.26286,0.137654418523452,50.82980079659998,3.2642710336694596,2023,5,10,34022,Kortrijk,Normaal,Droog,Dag,met lichtgewonden,3,Fiets,9,personenauto
44289,64,Nieuwpoort teller 1,Nieuwpoort,51.13359,2.75737,0.13504795642472373,51.13313876119502,2.75557309149752,2023,5,12,38016,Nieuwpoort,Normaal,Droog,Dag,met zwaargewonden,3,Fiets,11,een weggebruiker tegen een hindernis
44289,65,Nieuwpoort teller 2,Nieuwpoort,51.13435,2.75511,0.1385054638228101,51.13313876119502,2.75557309149752,2023,5,12,38016,Nieuwpoort,Normaal,Droog,Dag,met zwaargewonden,3,Fiets,11,een weggebruiker tegen een hindernis
44340,140,Hasselt ring,Hasselt,50.9300038,5.3438616,0.23579161663081885,50.93198382868267,5.342657294374981,2023,5,8,71022,Hasselt,Normaal,Droog,Dag,met lichtgewonden,3,Fiets,8,Voetganger
44383,48,As,As,51.00509,5.60389,0.10232350581872593,51.00579867592675,5.6029571254578014,2023,5,10,71002,As,Normaal,Droog,Dag,met lichtgewonden,3,Fiets,3,Fiets
44741,8,Heist op den Berg 1,Heist-op-den-Berg,51.06759,4.68823,0.245743381660023,51.0664743049762,4.6851942015039025,2023,6,16,12029,Putte,Normaal,Droog,Dag,met lichtgewonden,9,personenauto,3,Fiets
44857,69,Leuven teller 1,Leuven,50.87549,4.71526,0.23545968561363054,50.87374900465108,4.713349809927866,2023,6,12,24062,Leuven,Normaal,Droog,Dag,met lichtgewonden,3,Fiets,9,personenauto
44857,144,test leuven,Leuven,50.875576,4.7153726,0.24782146367919625,50.87374900465108,4.713349809927866,2023,6,12,24062,Leuven,Normaal,Droog,Dag,met lichtgewonden,3,Fiets,9,personenauto
44869,77,Leuven teller 2,Leuven,50.88672,4.70796,0.2139112588968895,50.88749466403802,4.705168714855033,2023,6,21,24062,Leuven,Normaal,Droog,Dag,met lichtgewonden,3,Fiets,10,"één bestuurder, geen hindernis"
44890,102,Diest teller 2,Diest,50.9779,5.04474,0.05995920003859465,50.97751891291217,5.044134091744659,2023,6,14,24020,Diest,Normaal,Droog,Dag,met lichtgewonden,9,personenauto,3,Fiets
44890,101,Diest teller 1,Diest,50.97799,5.04481,0.0705917128414204,50.97751891291217,5.044134091744659,2023,6,14,24020,Diest,Normaal,Droog,Dag,met lichtgewonden,9,personenauto,3,Fiets
44970,118,Gent teller 1,Gent,51.028049,3.7681359,0.04030168242348849,51.0283559430702,3.7678294416086504,2023,6,10,44021,Gent,Normaal,Droog,Dag,met lichtgewonden,3,Fiets,8,Voetganger
44970,119,Gent teller 2,Gent,51.0281795,3.7683918,0.04395046360775174,51.0283559430702,3.7678294416086504,2023,6,10,44021,Gent,Normaal,Droog,Dag,met lichtgewonden,3,Fiets,8,Voetganger
45036,7,Evergem 1,Evergem,51.1089,3.70317,0.1797518279461127,51.10764630730764,3.7047954322589676,2023,6,7,44019,Evergem,Normaal,Droog,Dag,met zwaargewonden,3,Fiets,2,Andere weggebruiker
45036,6,Evergem 2,Evergem,51.10894,3.70298,0.1917211478861746,51.10764630730764,3.7047954322589676,2023,6,7,44019,Evergem,Normaal,Droog,Dag,met zwaargewonden,3,Fiets,2,Andere weggebruiker
45184,122,Dendermonde teller 2,Dendermonde,51.0373918,4.1019222,0.10313202507006317,51.038280530139936,4.102344139163303,2023,6,16,42006,Dendermonde,Normaal,Droog,Dag,met lichtgewonden,5,Lichte vrachtauto,3,Fiets
45184,125,Dendermonde totem,Dendermonde,51.0372706,4.1025998,0.1137129556957524,51.038280530139936,4.102344139163303,2023,6,16,42006,Dendermonde,Normaal,Droog,Dag,met lichtgewonden,5,Lichte vrachtauto,3,Fiets
45296,143,Eco Display Classic Budastraat,Kortrijk,50.83066,3.26286,0.20895628630441934,50.83208474005309,3.2609199521474195,2023,6,12,34022,Kortrijk,Normaal,Droog,Dag,met lichtgewonden,3,Fiets,3,Fiets
45389,140,Hasselt ring,Hasselt,50.9300038,5.3438616,0.049031780526654876,50.93044010374425,5.343760267319255,2023,6,12,71022,Hasselt,Normaal,Droog,Dag,met lichtgewonden,3,Fiets,8,Voetganger
45425,25,Bree,Bree,51.13679500160176,5.597669323604317,0.06244538394889952,51.137023877039944,5.596852016249608,2023,6,20,72004,Bree,Normaal,Droog,Dag,met lichtgewonden,3,Fiets,9,personenauto
45858,115,Aalter,Aalter,51.1058367,3.4350591,0.026961428983974255,51.10567932881495,3.435352882135433,2023,7,17,44084,Aalter,Normaal,Droog,Dag,met lichtgewonden,3,Fiets,3,Fiets
46019,143,Eco Display Classic Budastraat,Kortrijk,50.83066,3.26286,0.14045273981947531,50.829407006633105,3.2626072569559623,2023,7,12,34022,Kortrijk,Normaal,Droog,Dag,met lichtgewonden,9,personenauto,3,Fiets
46024,16,Kortrijk 1,Kortrijk,50.83332,3.27777,0.20277611726360936,50.83216885915825,3.28000938386474,2023,7,8,34022,Kortrijk,Onbekend,Onbekend,Dag,met lichtgewonden,3,Fiets,99,onbekend
46024,17,Kortrijk 2,Kortrijk,50.83339,3.27773,0.20991145079469709,50.83216885915825,3.28000938386474,2023,7,8,34022,Kortrijk,Onbekend,Onbekend,Dag,met lichtgewonden,3,Fiets,99,onbekend
46027,17,Kortrijk 2,Kortrijk,50.83339,3.27773,0.10205950838069665,50.834098642136404,3.278653599354412,2023,7,12,34022,Kortrijk,Normaal,Droog,Dag,met lichtgewonden,9,personenauto,3,Fiets
46027,16,Kortrijk 1,Kortrijk,50.83332,3.27777,0.1065217221115148,50.834098642136404,3.278653599354412,2023,7,12,34022,Kortrijk,Normaal,Droog,Dag,met lichtgewonden,9,personenauto,3,Fiets
46103,25,Bree,Bree,51.13679500160176,5.597669323604317,0.09202195503795571,51.13685175740298,5.598985138499951,2023,7,13,72004,Bree,Normaal,Droog,Dag,met lichtgewonden,3,Fiets,11,een weggebruiker tegen een hindernis
46129,25,Bree,Bree,51.13679500160176,5.597669323604317,0.09202195503795571,51.13685175740298,5.598985138499951,2023,7,14,72004,Bree,Normaal,Droog,Dag,met lichtgewonden,3,Fiets,10,"één bestuurder, geen hindernis"
46377,94,Herentals teller 2,Herentals,51.17345,4.81283,0.16932723010936152,51.17419357535418,4.814949611111973,2023,8,22,13011,Herentals,Normaal,Droog,"Nacht, openbare verlichting aanwezig en ontstoken",met lichtgewonden,5,Lichte vrachtauto,3,Fiets
46377,110,Herentals totem,Herentals,51.1739426,4.811783,0.22251528072100324,51.17419357535418,4.814949611111973,2023,8,22,13011,Herentals,Normaal,Droog,"Nacht, openbare verlichting aanwezig en ontstoken",met lichtgewonden,5,Lichte vrachtauto,3,Fiets
46412,77,Leuven teller 2,Leuven,50.88672,4.70796,0.15560429912701218,50.8863476706716,4.705821735332966,2023,8,4,24062,Leuven,Normaal,Onbekend,"Nacht, openbare verlichting aanwezig en ontstoken",met lichtgewonden,3,Fiets,10,"één bestuurder, geen hindernis"
46412,107,leuven totem,Leuven,50.8870744,4.7087919,0.22347297673252747,50.8863476706716,4.705821735332966,2023,8,4,24062,Leuven,Normaal,Onbekend,"Nacht, openbare verlichting aanwezig en ontstoken",met lichtgewonden,3,Fiets,10,"één bestuurder, geen hindernis"
46435,73,Herent teller 2,Herent,50.89128,4.64685,0.22369853833644687,50.88928561870161,4.647268399854338,2023,8,19,24038,Herent,Normaal,Droog,Dag,met zwaargewonden,3,Fiets,10,"één bestuurder, geen hindernis"
46435,72,Herent teller 1,Herent,50.89135,4.64689,0.23107810756734298,50.88928561870161,4.647268399854338,2023,8,19,24038,Herent,Normaal,Droog,Dag,met zwaargewonden,3,Fiets,10,"één bestuurder, geen hindernis"
46490,118,Gent teller 1,Gent,51.028049,3.7681359,0.07615715696758114,51.028465942814,3.7672719609470873,2023,8,18,44021,Gent,Normaal,Droog,Dag,met lichtgewonden,9,personenauto,3,Fiets
46490,119,Gent teller 2,Gent,51.0281795,3.7683918,0.08454458261269258,51.028465942814,3.7672719609470873,2023,8,18,44021,Gent,Normaal,Droog,Dag,met lichtgewonden,9,personenauto,3,Fiets
46666,18,Oostende 1,Oostende,51.21378,2.92765,0.16496612235820315,51.21526355371418,2.9276629759582278,2023,8,18,35013,Oostende,Normaal,Droog,Dag,met lichtgewonden,3,Fiets,6,Bromfiets
46666,15,Oostende 2,Oostende,51.21371,2.92743,0.17350780811272007,51.21526355371418,2.9276629759582278,2023,8,18,35013,Oostende,Normaal,Droog,Dag,met lichtgewonden,3,Fiets,6,Bromfiets
47112,104,Malle teller 2,Malle,51.31682,4.73852,0.225680341171791,51.31481024859354,4.73806706639426,2023,9,10,11057,Malle,Normaal,Droog,Dag,met lichtgewonden,3,Fiets,5,Lichte vrachtauto
47112,103,Malle teller 1,Malle,51.31681,4.73872,0.22694534139283465,51.31481024859354,4.73806706639426,2023,9,10,11057,Malle,Normaal,Droog,Dag,met lichtgewonden,3,Fiets,5,Lichte vrachtauto
47252,151,Leuven,District Leuven,50.8690262,4.6854839,0.1683768500597118,50.86759403321811,4.686263139656981,2023,9,18,24062,Leuven,Normaal,Droog,Dag,met lichtgewonden,3,Fiets,3,Fiets
47440,115,Aalter,Aalter,51.1058367,3.4350591,0.11274751999775202,51.10657278014423,3.433948444740607,2023,9,16,44084,Aalter,Normaal,Droog,Dag,met zwaargewonden,3,Fiets,11,een weggebruiker tegen een hindernis
47582,122,Dendermonde teller 2,Dendermonde,51.0373918,4.1019222,0.10313202507006317,51.038280530139936,4.102344139163303,2023,9,16,42006,Dendermonde,Normaal,Droog,Dag,met lichtgewonden,3,Fiets,3,Fiets
47582,125,Dendermonde totem,Dendermonde,51.0372706,4.1025998,0.1137129556957524,51.038280530139936,4.102344139163303,2023,9,16,42006,Dendermonde,Normaal,Droog,Dag,met lichtgewonden,3,Fiets,3,Fiets
47687,143,Eco Display Classic Budastraat,Kortrijk,50.83066,3.26286,0.004671751431893508,50.830684725906934,3.2629137793386533,2023,9,17,34022,Kortrijk,Normaal,Droog,Dag,met lichtgewonden,3,Fiets,3,Fiets
47692,143,Eco Display Classic Budastraat,Kortrijk,50.83066,3.26286,0.19588051517180574,50.832412110350596,3.2631490464209234,2023,9,17,34022,Kortrijk,Normaal,Droog,Dag,met lichtgewonden,3,Fiets,3,Fiets
47730,68,Ieper,Ieper,50.85032,2.85608,0.1663503670497291,50.850738604346446,2.8538050714616814,2023,9,10,33011,Ieper,Normaal,Droog,Dag,met lichtgewonden,3,Fiets,10,"één bestuurder, geen hindernis"
47730,67,Ieper totem,Ieper,50.85018,2.85624,0.18187358136331103,50.850738604346446,2.8538050714616814,2023,9,10,33011,Ieper,Normaal,Droog,Dag,met lichtgewonden,3,Fiets,10,"één bestuurder, geen hindernis"
47767,140,Hasselt ring,Hasselt,50.9300038,5.3438616,0.05926471799070887,50.93048267460762,5.344232842031624,2023,9,15,71022,Hasselt,Onbekend,Onbekend,Dag,met lichtgewonden,9,personenauto,3,Fiets
47798,49,Bokrijk,Genk,50.95264,5.41001,0.06305334543721527,50.95250779495435,5.409134670472796,2023,9,17,71016,Genk,Onbekend,Onbekend,Onbekend,met lichtgewonden,3,Fiets,9,personenauto
48222,77,Leuven teller 2,Leuven,50.88672,4.70796,0.2483189518984445,50.88862297346399,4.706107431520364,2023,10,15,24062,Leuven,Normaal,Proper,Dag,met lichtgewonden,9,personenauto,3,Fiets
48400,115,Aalter,Aalter,51.1058367,3.4350591,0.1407899146630019,51.10470773335513,3.4359720276854917,2023,10,6,44084,Aalter,Regenval,"Nat, plassen","Nacht, openbare verlichting aanwezig en ontstoken",met lichtgewonden,3,Fiets,10,"één bestuurder, geen hindernis"
48599,16,Kortrijk 1,Kortrijk,50.83332,3.27777,0.08611113940163467,50.83284625815824,3.276800041135042,2023,10,10,34022,Kortrijk,Normaal,Droog,Dag,met lichtgewonden,3,Fiets,8,Voetganger
48599,17,Kortrijk 2,Kortrijk,50.83339,3.27773,0.0889996346065085,50.83284625815824,3.276800041135042,2023,10,10,34022,Kortrijk,Normaal,Droog,Dag,met lichtgewonden,3,Fiets,8,Voetganger
48613,65,Nieuwpoort teller 2,Nieuwpoort,51.13435,2.75511,0.23297930383343368,51.13326471803589,2.7522538394277847,2023,10,12,38016,Nieuwpoort,Normaal,Droog,Dag,met lichtgewonden,3,Fiets,3,Fiets
48867,2,Brasschaat 2,Brasschaat,51.27512,4.47169,0.16221014197585276,51.27383601227213,4.470583172315313,2023,11,23,11008,Brasschaat,Regenval,"Nat, plassen","Nacht, openbare verlichting aanwezig en ontstoken",met lichtgewonden,9,personenauto,3,Fiets
48867,3,Brasschaat 1,Brasschaat,51.27503,4.47222,0.17490332005858955,51.27383601227213,4.470583172315313,2023,11,23,11008,Brasschaat,Regenval,"Nat, plassen","Nacht, openbare verlichting aanwezig en ontstoken",met lichtgewonden,9,personenauto,3,Fiets
48917,8,Heist op den Berg 1,Heist-op-den-Berg,51.06759,4.68823,0.245743381660023,51.0664743049762,4.6851942015039025,2023,11,15,12029,Putte,Normaal,Droog,Dag,met lichtgewonden,4,Vrachtwagen,3,Fiets
49093,119,Gent teller 2,Gent,51.0281795,3.7683918,0.09474795858506622,51.02754834394533,3.769301976635441,2023,11,18,44021,Gent,Normaal,Droog,"Nacht, openbare verlichting aanwezig en ontstoken",met lichtgewonden,9,personenauto,3,Fiets
49093,118,Gent teller 1,Gent,51.028049,3.7681359,0.0987399830124263,51.02754834394533,3.769301976635441,2023,11,18,44021,Gent,Normaal,Droog,"Nacht, openbare verlichting aanwezig en ontstoken",met lichtgewonden,9,personenauto,3,Fiets
49192,122,Dendermonde teller 2,Dendermonde,51.0373918,4.1019222,0.1813536598946516,51.03901771820549,4.102125839466133,2023,12,11,42006,Dendermonde,Normaal,Droog,Dag,met lichtgewonden,9,personenauto,3,Fiets
49192,125,Dendermonde totem,Dendermonde,51.0372706,4.1025998,0.19707689409689647,51.03901771820549,4.102125839466133,2023,12,11,42006,Dendermonde,Normaal,Droog,Dag,met lichtgewonden,9,personenauto,3,Fiets
49279,143,Eco Display Classic Budastraat,Kortrijk,50.83066,3.26286,0.04769789305607504,50.830413448148114,3.2634157526011944,2023,11,9,34022,Kortrijk,Normaal,"Nat, plassen",Dag,met lichtgewonden,9,personenauto,3,Fiets
49691,121,Zele teller 2,Zele,51.0604067,4.0556696,0.1422432632235961,51.059198928474906,4.056340311816247,2023,12,15,42028,Zele,Normaal,"Nat, plassen",Dag,met lichtgewonden,3,Fiets,10,"één bestuurder, geen hindernis"
49691,120,Zele teller 1,Zele,51.0607671,4.0547741,0.20588047879410584,51.059198928474906,4.056340311816247,2023,12,15,42028,Zele,Normaal,"Nat, plassen",Dag,met lichtgewonden,3,Fiets,10,"één bestuurder, geen hindernis"
49978,97,Geel teller 1,Geel,51.14813,4.99698,0.04860461669169923,51.147786732343334,4.99741139325949,2024,1,12,13008,Geel,Normaal,Droog,Dag,met lichtgewonden,9,personenauto,3,Fiets
49978,98,Geel teller 2,Geel,51.1481,4.99643,0.07680893683120989,51.147786732343334,4.99741139325949,2024,1,12,13008,Geel,Normaal,Droog,Dag,met lichtgewonden,9,personenauto,3,Fiets
50022,151,Leuven,District Leuven,50.8690262,4.6854839,0.17723936223362438,50.86779700636908,4.687091835264841,2024,1,12,24062,Leuven,Sneeuwval,Onbekend,Dag,met lichtgewonden,3,Fiets,3,Fiets
50037,145,Overijse,District Vilvoorde-gewestwegen,50.7885856,4.4908759,0.1343969748469886,50.789331435538564,4.492380379525089,2024,1,16,23062,Overijse,Normaal,Droog,Dag,met lichtgewonden,3,Fiets,9,personenauto
50037,146,Overijse 2,District Vilvoorde-gewestwegen,50.7881478,4.4902818,0.19769825610958405,50.789331435538564,4.492380379525089,2024,1,16,23062,Overijse,Normaal,Droog,Dag,met lichtgewonden,3,Fiets,9,personenauto
50174,122,Dendermonde teller 2,Dendermonde,51.0373918,4.1019222,0.10313202507006317,51.038280530139936,4.102344139163303,2024,1,7,42006,Dendermonde,Normaal,Droog,Dag,met lichtgewonden,9,personenauto,3,Fiets
50174,125,Dendermonde totem,Dendermonde,51.0372706,4.1025998,0.1137129556957524,51.038280530139936,4.102344139163303,2024,1,7,42006,Dendermonde,Normaal,Droog,Dag,met lichtgewonden,9,personenauto,3,Fiets
50276,83,Beersel teller 2,Beersel,50.75175,4.33304,0.04210945741063776,50.75212446645674,4.33312924533522,2024,1,18,23003,Beersel,Normaal,"Ijzel, sneeuw","Nacht, openbare verlichting aanwezig en ontstoken",met lichtgewonden,9,personenauto,3,Fiets
50276,82,Beersel teller 1,Beersel,50.75128,4.33336,0.09529333594974562,50.75212446645674,4.33312924533522,2024,1,18,23003,Beersel,Normaal,"Ijzel, sneeuw","Nacht, openbare verlichting aanwezig en ontstoken",met lichtgewonden,9,personenauto,3,Fiets
50297,23,Tienen 3,Tienen,50.81324,4.93447,0.14612505497727418,50.81428259997675,4.933203928327114,2024,1,16,24107,Tienen,Sneeuwval,"Nat, plassen",Dag,met lichtgewonden,9,personenauto,3,Fiets
50297,24,Tienen 1,Tienen,50.8133795491886,4.935044252605416,0.16370944474853685,50.81428259997675,4.933203928327114,2024,1,16,24107,Tienen,Sneeuwval,"Nat, plassen",Dag,met lichtgewonden,9,personenauto,3,Fiets
50297,22,Tienen 2,Tienen,50.81330800184882,4.935984252796022,0.2233865332157793,50.81428259997675,4.933203928327114,2024,1,16,24107,Tienen,Sneeuwval,"Nat, plassen",Dag,met lichtgewonden,9,personenauto,3,Fiets
50550,77,Leuven teller 2,Leuven,50.88672,4.70796,0.11948757183835501,50.887372806902164,4.706606975324709,2024,2,9,24062,Leuven,Normaal,Droog,Dag,met lichtgewonden,6,Bromfiets,3,Fiets
50550,107,leuven totem,Leuven,50.8870744,4.7087919,0.15681698950178513,50.887372806902164,4.706606975324709,2024,2,9,24062,Leuven,Normaal,Droog,Dag,met lichtgewonden,6,Bromfiets,3,Fiets
50745,55,Torhout teller 1,Torhout,51.07161,3.08261,0.1691470193552457,51.07282398063976,3.0811511748917675,2024,2,16,31033,Torhout,Normaal,Droog,Dag,met lichtgewonden,3,Fiets,9,personenauto
50745,56,Torhout teller 2,Torhout,51.07147,3.08244,0.17543005240724308,51.07282398063976,3.0811511748917675,2024,2,16,31033,Torhout,Normaal,Droog,Dag,met lichtgewonden,3,Fiets,9,personenauto
51083,46,Pelt teller 2,Pelt,51.231,5.44375,0.21390521993073058,51.2298490281414,5.441288469369537,2024,3,21,72043,Pelt,Normaal,Droog,"Nacht, openbare verlichting aanwezig en ontstoken",met lichtgewonden,9,personenauto,3,Fiets
51083,45,Pelt teller 1,Pelt,51.23127,5.44377,0.23413810740303542,51.2298490281414,5.441288469369537,2024,3,21,72043,Pelt,Normaal,Droog,"Nacht, openbare verlichting aanwezig en ontstoken",met lichtgewonden,9,personenauto,3,Fiets
51151,145,Overijse,District Vilvoorde-gewestwegen,50.7885856,4.4908759,0.19567692380890406,50.79028152344366,4.490132909744301,2024,3,18,23062,Overijse,Normaal,"Nat, plassen",Dag,met zwaargewonden,9,personenauto,3,Fiets
51151,146,Overijse 2,District Vilvoorde-gewestwegen,50.7881478,4.4902818,0.23748995661766006,50.79028152344366,4.490132909744301,2024,3,18,23062,Overijse,Normaal,"Nat, plassen",Dag,met zwaargewonden,9,personenauto,3,Fiets
51732,110,Herentals totem,Herentals,51.1739426,4.811783,0.2420275760325945,51.17535343824524,4.809139317558504,2024,4,11,13011,Herentals,Normaal,Droog,Dag,met lichtgewonden,3,Fiets,3,Fiets
51941,122,Dendermonde teller 2,Dendermonde,51.0373918,4.1019222,0.10313202507006317,51.038280530139936,4.102344139163303,2024,4,15,42006,Dendermonde,Normaal,Droog,Dag,met lichtgewonden,9,personenauto,3,Fiets
51941,125,Dendermonde totem,Dendermonde,51.0372706,4.1025998,0.1137129556957524,51.038280530139936,4.102344139163303,2024,4,15,42006,Dendermonde,Normaal,Droog,Dag,met lichtgewonden,9,personenauto,3,Fiets
52043,124,Beveren teller 2,Beveren,51.1964712,4.2361077,0.05894547748349357,51.19700121336239,4.2360915969465065,2024,4,23,46003,Beveren,Regenval,"Nat, plassen","Nacht, openbare verlichting aanwezig en ontstoken",met zwaargewonden,3,Fiets,11,een weggebruiker tegen een hindernis
52043,123,Beveren teller 1,Beveren,51.1964555,4.2362771,0.06204198776567474,51.19700121336239,4.2360915969465065,2024,4,23,46003,Beveren,Regenval,"Nat, plassen","Nacht, openbare verlichting aanwezig en ontstoken",met zwaargewonden,3,Fiets,11,een weggebruiker tegen een hindernis
52082,24,Tienen 1,Tienen,50.8133795491886,4.935044252605416,0.034249910040746456,50.81307182432447,4.9350654732827,2024,4,17,24107,Tienen,Normaal,Droog,Dag,met lichtgewonden,9,personenauto,3,Fiets
52082,23,Tienen 3,Tienen,50.81324,4.93447,0.045826283805537445,50.81307182432447,4.9350654732827,2024,4,17,24107,Tienen,Normaal,Droog,Dag,met lichtgewonden,9,personenauto,3,Fiets
52082,22,Tienen 2,Tienen,50.81330800184882,4.935984252796022,0.06968975775901734,50.81307182432447,4.9350654732827,2024,4,17,24107,Tienen,Normaal,Droog,Dag,met lichtgewonden,9,personenauto,3,Fiets
52389,88,Westerlo teller 1,Westerlo,51.082,4.91325,0.09000094064025192,51.08277093069886,4.9128575182116005,2024,5,15,13049,Westerlo,Normaal,Droog,Dag,met zwaargewonden,3,Fiets,3,Fiets
52389,89,Westerlo teller 2,Westerlo,51.08191,4.91334,0.10149052371023531,51.08277093069886,4.9128575182116005,2024,5,15,13049,Westerlo,Normaal,Droog,Dag,met zwaargewonden,3,Fiets,3,Fiets
52412,37,Lommel teller 1,Lommel,51.23299,5.29211,0.08068944794526463,51.232944934016956,5.29326667299329,2024,5,13,72020,Lommel,Normaal,Droog,Dag,met lichtgewonden,3,Fiets,9,personenauto
52412,38,Lommel teller 2,Lommel,51.23277,5.29189,0.09780531202260152,51.232944934016956,5.29326667299329,2024,5,13,72020,Lommel,Normaal,Droog,Dag,met lichtgewonden,3,Fiets,9,personenauto
52446,107,leuven totem,Leuven,50.8870744,4.7087919,0.09124006759560996,50.88653942239095,4.709778123625972,2024,5,8,24062,Leuven,Normaal,Droog,Dag,met lichtgewonden,3,Fiets,3,Fiets
52446,77,Leuven teller 2,Leuven,50.88672,4.70796,0.12910883945700738,50.88653942239095,4.709778123625972,2024,5,8,24062,Leuven,Normaal,Droog,Dag,met lichtgewonden,3,Fiets,3,Fiets
52495,85,Asse teller 1,Asse,50.89621,4.17294,0.24214427931159732,50.89744793768168,4.175780508858992,2024,5,13,23002,Asse,Normaal,Droog,Dag,met lichtgewonden,1,Autobus,3,Fiets
52630,121,Zele teller 2,Zele,51.0604067,4.0556696,0.023385504961761002,51.06032573275769,4.055360769368938,2024,5,18,42028,Zele,Normaal,Droog,Dag,met lichtgewonden,9,personenauto,3,Fiets
52630,120,Zele teller 1,Zele,51.0607671,4.0547741,0.0639501556460159,51.06032573275769,4.055360769368938,2024,5,18,42028,Zele,Normaal,Droog,Dag,met lichtgewonden,9,personenauto,3,Fiets
52657,122,Dendermonde teller 2,Dendermonde,51.0373918,4.1019222,0.06211947601359034,51.03785255502595,4.102424592999872,2024,5,17,42006,Dendermonde,Normaal,Droog,Dag,met zwaargewonden,5,Lichte vrachtauto,3,Fiets
52657,125,Dendermonde totem,Dendermonde,51.0372706,4.1025998,0.06585983917597549,51.03785255502595,4.102424592999872,2024,5,17,42006,Dendermonde,Normaal,Droog,Dag,met zwaargewonden,5,Lichte vrachtauto,3,Fiets
52684,142,TEST Validatie BRUGGE Y2H22022134,Brugge,51.22632,3.24095,0.22859528529888246,51.22458661988611,3.239185037288153,2024,5,21,31005,Brugge,Normaal,Droog,Dageraad - schemering,met lichtgewonden,3,Fiets,9,personenauto
52684,52,Brugge,Brugge,51.22632,3.24095,0.22859528529888246,51.22458661988611,3.239185037288153,2024,5,21,31005,Brugge,Normaal,Droog,Dageraad - schemering,met lichtgewonden,3,Fiets,9,personenauto
53233,77,Leuven teller 2,Leuven,50.88672,4.70796,0.1419334895090834,50.887822667362876,4.706940773071329,2024,6,19,24062,Leuven,Normaal,Droog,Dag,met lichtgewonden,9,personenauto,3,Fiets
53233,107,leuven totem,Leuven,50.8870744,4.7087919,0.15422074895549512,50.887822667362876,4.706940773071329,2024,6,19,24062,Leuven,Normaal,Droog,Dag,met lichtgewonden,9,personenauto,3,Fiets
53353,118,Gent teller 1,Gent,51.028049,3.7681359,0.041483383418182446,51.027796196391314,3.7685721174787457,2024,6,8,44021,Gent,Normaal,Droog,Dag,met lichtgewonden,9,personenauto,3,Fiets
53353,119,Gent teller 2,Gent,51.0281795,3.7683918,0.04444783466179784,51.027796196391314,3.7685721174787457,2024,6,8,44021,Gent,Normaal,Droog,Dag,met lichtgewonden,9,personenauto,3,Fiets
53373,7,Evergem 1,Evergem,51.1089,3.70317,0.15515914882825724,51.107657517770164,3.704181509436845,2024,6,13,44019,Evergem,Regenval,"Nat, plassen",Dag,met lichtgewonden,8,Voetganger,3,Fiets
53373,6,Evergem 2,Evergem,51.10894,3.70298,0.16544638895142855,51.107657517770164,3.704181509436845,2024,6,13,44019,Evergem,Regenval,"Nat, plassen",Dag,met lichtgewonden,8,Voetganger,3,Fiets
53682,49,Bokrijk,Genk,50.95264,5.41001,0.06305334543721527,50.95250779495435,5.409134670472796,2024,6,15,71016,Genk,Normaal,Droog,Dag,met lichtgewonden,9,personenauto,3,Fiets
53707,23,Tienen 3,Tienen,50.81324,4.93447,0.21293413568603312,50.812583526003095,4.931622948060933,2024,6,18,24107,Tienen,Normaal,Droog,Dag,met lichtgewonden,9,personenauto,3,Fiets
53717,99,Mechelen teller 1,Mechelen,51.04564,4.46882,0.07192907534572969,51.04502925316732,4.469159033759653,2024,6,0,12025,Mechelen,Normaal,Droog,"Nacht, openbare verlichting aanwezig en ontstoken",met lichtgewonden,3,Fiets,9,personenauto
53717,100,Mechelen teller 2,Mechelen,51.0457,4.46883,0.07805016541964548,51.04502925316732,4.469159033759653,2024,6,0,12025,Mechelen,Normaal,Droog,"Nacht, openbare verlichting aanwezig en ontstoken",met lichtgewonden,3,Fiets,9,personenauto
54163,11,Aalst 3,Aalst,50.93385,4.01647,0.06176513268917769,50.933418398648,4.015915173573888,2024,7,9,41002,Aalst,Normaal,Droog,Dag,met lichtgewonden,1,Autobus,3,Fiets
54163,19,Aalst 1,Aalst,50.93433,4.01471,0.13193777193197367,50.933418398648,4.015915173573888,2024,7,9,41002,Aalst,Normaal,Droog,Dag,met lichtgewonden,1,Autobus,3,Fiets
54163,10,Aalst 2,Aalst,50.93549,4.01571,0.23079982916820233,50.933418398648,4.015915173573888,2024,7,9,41002,Aalst,Normaal,Droog,Dag,met lichtgewonden,1,Autobus,3,Fiets
54284,66,Nieuwpoort totem,Nieuwpoort,51.1347,2.74369,0.24641590435926183,51.133217493483144,2.7463149544873646,2024,7,10,38016,Nieuwpoort,Normaal,Droog,Dag,met lichtgewonden,3,Fiets,9,personenauto
54321,140,Hasselt ring,Hasselt,50.9300038,5.3438616,0.11522267709792364,50.929137424169824,5.342959672236473,2024,7,11,71022,Hasselt,Onbekend,Onbekend,Dag,met zwaargewonden,3,Fiets,3,Fiets
54562,127,Geel totem,Westerlo,51.1342966,4.9400421,0.23958405816516976,51.132590781362005,4.942139743667947,2024,8,5,13049,Westerlo,Normaal,Droog,Dag,met lichtgewonden,3,Fiets,3,Fiets
54598,46,Pelt teller 2,Pelt,51.231,5.44375,0.21337953941653084,51.229851628908975,5.441294790284805,2024,8,12,72043,Pelt,Normaal,Droog,Dag,met lichtgewonden,9,personenauto,3,Fiets
54598,45,Pelt teller 1,Pelt,51.23127,5.44377,0.23361816818322792,51.229851628908975,5.441294790284805,2024,8,12,72043,Pelt,Normaal,Droog,Dag,met lichtgewonden,9,personenauto,3,Fiets
54624,69,Leuven teller 1,Leuven,50.87549,4.71526,0.1898161282776515,50.873989617763975,4.713969726485763,2024,8,13,24062,Leuven,Normaal,Droog,Dag,met lichtgewonden,3,Fiets,3,Fiets
54624,144,test leuven,Leuven,50.875576,4.7153726,0.20200338780268431,50.873989617763975,4.713969726485763,2024,8,13,24062,Leuven,Normaal,Droog,Dag,met lichtgewonden,3,Fiets,3,Fiets
54626,151,Leuven,District Leuven,50.8690262,4.6854839,0.20985296327744213,50.869423582964764,4.6884073094884195,2024,8,19,24062,Leuven,Onbekend,Onbekend,Dag,met lichtgewonden,3,Fiets,3,Fiets
54657,145,Overijse,District Vilvoorde-gewestwegen,50.7885856,4.4908759,0.19785181507512611,50.790003413190796,4.492576509773302,2024,8,14,23062,Overijse,Normaal,Droog,Dag,met lichtgewonden,9,personenauto,3,Fiets
54898,15,Oostende 2,Oostende,51.21371,2.92743,0.19212728576588556,51.212170806723464,2.9286832366066444,2024,8,18,35013,Oostende,Normaal,Droog,Dag,met lichtgewonden,3,Fiets,3,Fiets
54898,18,Oostende 1,Oostende,51.21378,2.92765,0.19286574865400186,51.212170806723464,2.9286832366066444,2024,8,18,35013,Oostende,Normaal,Droog,Dag,met lichtgewonden,3,Fiets,3,Fiets
55016,25,Bree,Bree,51.13679500160176,5.597669323604317,0.22306724673797404,51.13859022208108,5.596242415801487,2024,8,12,72004,Bree,Normaal,Droog,Dag,met lichtgewonden,9,personenauto,3,Fiets
55547,9,Heist op den Berg 2,Heist-op-den-Berg,51.06904,4.69524,0.17871367765313784,51.06840262771816,4.6975879550140895,2024,10,7,12014,Heist-op-den-Berg,Normaal,Droog,Dageraad - schemering,met lichtgewonden,9,personenauto,3,Fiets
55711,144,test leuven,Leuven,50.875576,4.7153726,0.168584069167713,50.87708623900512,4.715583899326931,2024,10,15,24062,Leuven,Normaal,Onbekend,Dag,met lichtgewonden,3,Fiets,3,Fiets
55711,69,Leuven teller 1,Leuven,50.87549,4.71526,0.17894265958495748,50.87708623900512,4.715583899326931,2024,10,15,24062,Leuven,Normaal,Onbekend,Dag,met lichtgewonden,3,Fiets,3,Fiets
55734,69,Leuven teller 1,Leuven,50.87549,4.71526,0.21051525343957667,50.873664534557896,4.714464600317724,2024,10,17,24062,Leuven,Normaal,Droog,Dag,met lichtgewonden,3,Fiets,3,Fiets
55734,144,test leuven,Leuven,50.875576,4.7153726,0.22188862243797178,50.873664534557896,4.714464600317724,2024,10,17,24062,Leuven,Normaal,Droog,Dag,met lichtgewonden,3,Fiets,3,Fiets
55744,108,Heverlee teller 1,Leuven,50.8471728,4.6954674,0.031025719849177923,50.84691175565392,4.6956234550996685,2024,9,9,24062,Leuven,Normaal,Droog,Dag,met lichtgewonden,3,Fiets,3,Fiets
55744,76,Heverlee teller 2,Leuven,50.84606,4.69597,0.0977861161812554,50.84691175565392,4.6956234550996685,2024,9,9,24062,Leuven,Normaal,Droog,Dag,met lichtgewonden,3,Fiets,3,Fiets
55745,77,Leuven teller 2,Leuven,50.88672,4.70796,0.12349614567249804,50.88603917694917,4.706569071839852,2024,9,15,24062,Leuven,Normaal,Droog,Dag,met lichtgewonden,3,Fiets,3,Fiets
55745,107,leuven totem,Leuven,50.8870744,4.7087919,0.19381439047765525,50.88603917694917,4.706569071839852,2024,9,15,24062,Leuven,Normaal,Droog,Dag,met lichtgewonden,3,Fiets,3,Fiets
55756,107,leuven totem,Leuven,50.8870744,4.7087919,0.09426275243810685,50.88632755228312,4.709427654370787,2024,10,15,24062,Leuven,Normaal,Droog,Dag,met lichtgewonden,3,Fiets,1,Autobus
55756,77,Leuven teller 2,Leuven,50.88672,4.70796,0.11181990010249385,50.88632755228312,4.709427654370787,2024,10,15,24062,Leuven,Normaal,Droog,Dag,met lichtgewonden,3,Fiets,1,Autobus
56188,126,Hamme totem,Hamme,51.1017709,4.1469307,0.05251729009160452,51.10130329229942,4.146824948885599,2024,10,18,42008,Hamme,Normaal,"Nat, plassen","Nacht, openbare verlichting aanwezig en ontstoken",met lichtgewonden,3,Fiets,9,personenauto
56197,120,Zele teller 1,Zele,51.0607671,4.0547741,0.0993503329867308,51.061650691978635,4.054563194888066,2024,9,17,42028,Zele,Normaal,Droog,Dag,dodelijk gewonden,9,personenauto,3,Fiets
56197,121,Zele teller 2,Zele,51.0604067,4.0556696,0.15846940473326088,51.061650691978635,4.054563194888066,2024,9,17,42028,Zele,Normaal,Droog,Dag,dodelijk gewonden,9,personenauto,3,Fiets
56272,125,Dendermonde totem,Dendermonde,51.0372706,4.1025998,0.016533188250177907,51.037238225097234,4.102830581874966,2024,10,6,42006,Dendermonde,Normaal,"Vuil (zand, grint, bladeren,...)","Nacht, openbare verlichting aanwezig en ontstoken",met lichtgewonden,3,Fiets,10,"één bestuurder, geen hindernis"
56272,122,Dendermonde teller 2,Dendermonde,51.0373918,4.1019222,0.06577050885762219,51.037238225097234,4.102830581874966,2024,10,6,42006,Dendermonde,Normaal,"Vuil (zand, grint, bladeren,...)","Nacht, openbare verlichting aanwezig en ontstoken",met lichtgewonden,3,Fiets,10,"één bestuurder, geen hindernis"
56418,16,Kortrijk 1,Kortrijk,50.83332,3.27777,0.21992986884967486,50.83196761046923,3.275484848061427,2024,9,14,34022,Kortrijk,Normaal,Droog,Dag,met zwaargewonden,9,personenauto,3,Fiets
56418,17,Kortrijk 2,Kortrijk,50.83339,3.27773,0.22333141006946597,50.83196761046923,3.275484848061427,2024,9,14,34022,Kortrijk,Normaal,Droog,Dag,met zwaargewonden,9,personenauto,3,Fiets
56531,124,Beveren teller 2,Beveren,51.1964712,4.2361077,0.07930366067578058,51.19718398622332,4.236069174084404,2024,9,16,46003,Beveren,Normaal,Droog,Dag,met lichtgewonden,3,Fiets,8,Voetganger
56531,123,Beveren teller 1,Beveren,51.1964555,4.2362771,0.08228944979791881,51.19718398622332,4.236069174084404,2024,9,16,46003,Beveren,Normaal,Droog,Dag,met lichtgewonden,3,Fiets,8,Voetganger
56599,14,Genk,Genk,50.97172,5.48927,0.202922220805461,50.97334634943339,5.490584685871915,2024,10,17,71016,Genk,Normaal,Droog,Dag,met lichtgewonden,3,Fiets,10,"één bestuurder, geen hindernis"
56623,25,Bree,Bree,51.13679500160176,5.597669323604317,0.19957500441771062,51.13561321421115,5.599822151295424,2024,9,12,72004,Bree,Normaal,Droog,Dag,met lichtgewonden,3,Fiets,3,Fiets
56917,88,Westerlo teller 1,Westerlo,51.082,4.91325,0.09000094064025192,51.08277093069886,4.9128575182116005,2024,11,16,13049,Westerlo,Normaal,Droog,Dageraad - schemering,met lichtgewonden,9,personenauto,3,Fiets
56917,89,Westerlo teller 2,Westerlo,51.08191,4.91334,0.10149052371023531,51.08277093069886,4.9128575182116005,2024,11,16,13049,Westerlo,Normaal,Droog,Dageraad - schemering,met lichtgewonden,9,personenauto,3,Fiets
56977,144,test leuven,Leuven,50.875576,4.7153726,0.1890437235504063,50.87726725514898,4.715647248820389,2024,11,12,24062,Leuven,Normaal,Droog,Dag,met lichtgewonden,3,Fiets,3,Fiets
56977,69,Leuven teller 1,Leuven,50.87549,4.71526,0.19948084505591107,50.87726725514898,4.715647248820389,2024,11,12,24062,Leuven,Normaal,Droog,Dag,met lichtgewonden,3,Fiets,3,Fiets
56980,77,Leuven teller 2,Leuven,50.88672,4.70796,0.20345243427332027,50.88807207981566,4.706005892939751,2024,11,12,24062,Leuven,Normaal,Droog,Dag,met lichtgewonden,5,Lichte vrachtauto,3,Fiets
56980,107,leuven totem,Leuven,50.8870744,4.7087919,0.22472102076858988,50.88807207981566,4.706005892939751,2024,11,12,24062,Leuven,Normaal,Droog,Dag,met lichtgewonden,5,Lichte vrachtauto,3,Fiets
57013,102,Diest teller 2,Diest,50.9779,5.04474,0.03570501181061949,50.9776529281271,5.044414262265492,2024,11,13,24020,Diest,Onbekend,Droog,Dag,met lichtgewonden,9,personenauto,3,Fiets
57013,101,Diest teller 1,Diest,50.97799,5.04481,0.046609190551570354,50.9776529281271,5.044414262265492,2024,11,13,24020,Diest,Onbekend,Droog,Dag,met lichtgewonden,9,personenauto,3,Fiets
57016,111,Zaventem totem,Zaventem,50.8871216,4.4597084,0.18138236560655402,50.88729234745807,4.4622799337513595,2024,11,9,23094,Zaventem,Normaal,"Nat, plassen",Dag,met lichtgewonden,9,personenauto,3,Fiets
57154,122,Dendermonde teller 2,Dendermonde,51.0373918,4.1019222,0.17021670808405298,51.03890568313719,4.102283077754509,2024,11,8,42006,Dendermonde,Onbekend,Onbekend,Dageraad - schemering,met lichtgewonden,3,Fiets,3,Fiets
57154,125,Dendermonde totem,Dendermonde,51.0372706,4.1025998,0.18315664382173333,51.03890568313719,4.102283077754509,2024,11,8,42006,Dendermonde,Onbekend,Onbekend,Dageraad - schemering,met lichtgewonden,3,Fiets,3,Fiets
57579,136,Gent R4,Gent,51.0876313,3.7587918,0.20741498980610706,51.08948482447936,3.7584582466340843,2024,12,12,44021,Gent,Normaal,Droog,Dag,met lichtgewonden,3,Fiets,9,personenauto
