site_id,year,month,bike_crash_count_1km,model,predicted_count
1,2023,11,0.0,poisson_regression,0.47462037297839943
1,2023,12,0.0,poisson_regression,0.4536137916955345
1,2024,1,0.0,poisson_regression,0.4124524456828253
1,2024,2,0.0,poisson_regression,0.47572155153541357
1,2024,3,0.0,poisson_regression,0.5050323234740451
1,2024,4,0.0,poisson_regression,0.5030611042265528
1,2024,5,0.0,poisson_regression,0.5736931253297435
1,2024,6,1.0,poisson_regression,0.6101778468495803
1,2024,7,0.0,poisson_regression,0.6241681034674788
1,2024,8,0.0,poisson_regression,0.6581737720776932
1,2024,9,1.0,poisson_regression,0.6253062793555796
1,2024,11,0.0,poisson_regression,0.49334748409942303
1,2024,12,0.0,poisson_regression,0.4509503260135024
2,2023,11,1.0,poisson_regression,0.6334627294364394
2,2023,12,0.0,poisson_regression,0.5850156871615109
2,2024,1,0.0,poisson_regression,0.5457699902207561
2,2024,2,0.0,poisson_regression,0.6025146632672396
2,2024,3,1.0,poisson_regression,0.6382402116988938
2,2024,4,0.0,poisson_regression,0.6409970766589277
2,2024,5,1.0,poisson_regression,0.6866490772491801
2,2024,6,0.0,poisson_regression,0.7414582333612441
2,2024,7,0.0,poisson_regression,0.6910500616042089
2,2024,8,0.0,poisson_regression,0.7893096415768007
2,2024,9,0.0,poisson_regression,0.8540015601930542
2,2024,11,0.0,poisson_regression,0.6927359949146791
2,2024,12,0.0,poisson_regression,0.6190119457858891
3,2023,11,1.0,poisson_regression,0.5257705183248212
3,2023,12,0.0,poisson_regression,0.4843945594937125
3,2024,1,0.0,poisson_regression,0.4736934120977709
3,2024,2,0.0,poisson_regression,0.5649332599158187
3,2024,3,0.0,poisson_regression,0.536313586395141
3,2024,4,0.0,poisson_regression,0.5454607009178832
3,2024,5,0.0,poisson_regression,0.5650309421066692
3,2024,6,0.0,poisson_regression,0.6184000806537361
3,2024,7,0.0,poisson_regression,0.6011296506849694
3,2024,8,0.0,poisson_regression,0.6800275865096509
3,2024,9,0.0,poisson_regression,0.7042597919897228
3,2024,11,0.0,poisson_regression,0.5874903559894906
3,2024,12,0.0,poisson_regression,0.5238393120070814
4,2023,11,0.0,poisson_regression,0.355217616050696
4,2023,12,0.0,poisson_regression,0.3372968414805581
4,2024,1,0.0,poisson_regression,0.3134143594529288
4,2024,2,0.0,poisson_regression,0.34694095145177617
4,2024,3,1.0,poisson_regression,0.3538748360430555
4,2024,4,0.0,poisson_regression,0.3567908775433692
4,2024,5,0.0,poisson_regression,0.3675241004009104
4,2024,6,0.0,poisson_regression,0.4083844337018888
4,2024,7,0.0,poisson_regression,0.42570852706205037
4,2024,8,0.0,poisson_regression,0.4452518088692384
4,2024,9,0.0,poisson_regression,0.42519286392098077
4,2024,11,0.0,poisson_regression,0.35695631255043647
4,2024,12,0.0,poisson_regression,0.33236404077072734
5,2023,11,0.0,poisson_regression,0.35585019168986665
5,2023,12,0.0,poisson_regression,0.33692151048471275
5,2024,1,0.0,poisson_regression,0.3118107717134142
5,2024,2,0.0,poisson_regression,0.3479294283925279
5,2024,3,1.0,poisson_regression,0.35705453003803
5,2024,4,0.0,poisson_regression,0.3632483422199717
5,2024,5,0.0,poisson_regression,0.3729928310090272
5,2024,6,0.0,poisson_regression,0.41335442440633213
5,2024,7,0.0,poisson_regression,0.43180111977777624
5,2024,8,0.0,poisson_regression,0.45058653416888456
5,2024,9,0.0,poisson_regression,0.43355410197185756
5,2024,11,0.0,poisson_regression,0.35745200565643037
5,2024,12,0.0,poisson_regression,0.33423023641070543
6,2023,11,0.0,poisson_regression,0.45539911143356754
6,2023,12,0.0,poisson_regression,0.43656169559767394
6,2024,1,1.0,poisson_regression,0.43085536581657885
6,2024,2,1.0,poisson_regression,0.4605828257236271
6,2024,3,0.0,poisson_regression,0.4686451050710923
6,2024,4,1.0,poisson_regression,0.4598739331323835
6,2024,5,1.0,poisson_regression,0.49320076910685734
6,2024,6,1.0,poisson_regression,0.543374979648981
6,2024,7,2.0,poisson_regression,0.5192678454613865
6,2024,8,2.0,poisson_regression,0.5473942356562091
6,2024,9,0.0,poisson_regression,0.5686009348855595
6,2024,11,2.0,poisson_regression,0.4757958993559692
6,2024,12,1.0,poisson_regression,0.43784522118761726
7,2023,11,0.0,poisson_regression,0.4106116439361043
7,2023,12,0.0,poisson_regression,0.39197207039797066
7,2024,1,1.0,poisson_regression,0.3831605419725397
7,2024,2,1.0,poisson_regression,0.5027915821612033
7,2024,3,0.0,poisson_regression,0.41648091897173595
7,2024,4,1.0,poisson_regression,0.4098304482646482
7,2024,5,1.0,poisson_regression,0.43945074808745405
7,2024,6,1.0,poisson_regression,0.4850920482041809
7,2024,7,2.0,poisson_regression,0.4739876780781591
7,2024,8,2.0,poisson_regression,0.4935176482512328
7,2024,9,0.0,poisson_regression,0.49866498136675297
7,2024,11,2.0,poisson_regression,0.42315262672734394
7,2024,12,1.0,poisson_regression,0.392431453481157
8,2023,11,1.0,poisson_regression,0.3949896181299589
8,2023,12,1.0,poisson_regression,0.366892184569664
8,2024,1,0.0,poisson_regression,0.34603784568284296
8,2024,2,1.0,poisson_regression,0.3817924737848101
8,2024,3,0.0,poisson_regression,0.3926202327498665
8,2024,4,0.0,poisson_regression,0.3882434858693513
8,2024,5,0.0,poisson_regression,0.4113790374711004
8,2024,6,0.0,poisson_regression,0.45810736029468063
8,2024,7,0.0,poisson_regression,0.4355229377100508
8,2024,8,0.0,poisson_regression,0.45852597624155533
8,2024,9,0.0,poisson_regression,0.4792998845694706
8,2024,11,0.0,poisson_regression,0.40852279277698295
8,2024,12,0.0,poisson_regression,0.37575702743860223
9,2023,11,1.0,poisson_regression,0.4485317590776391
9,2023,12,0.0,poisson_regression,0.41658916108209787
9,2024,1,0.0,poisson_regression,0.40114359346707684
9,2024,2,1.0,poisson_regression,0.4394274740672799
9,2024,3,0.0,poisson_regression,0.459040586059852
9,2024,4,0.0,poisson_regression,0.4562125314195811
9,2024,5,0.0,poisson_regression,0.4835514705126912
9,2024,6,0.0,poisson_regression,0.5576647175901894
9,2024,7,0.0,poisson_regression,0.49631811102115164
9,2024,8,1.0,poisson_regression,0.5258991003012252
9,2024,9,0.0,poisson_regression,0.5760562913207362
9,2024,11,0.0,poisson_regression,0.47756919915731577
9,2024,12,0.0,poisson_regression,0.42051064493215395
10,2023,11,3.0,poisson_regression,0.39250518792436895
10,2023,12,0.0,poisson_regression,0.3771594900061185
10,2024,1,0.0,poisson_regression,0.3528646860124846
10,2024,2,0.0,poisson_regression,0.40293533393665476
10,2024,3,1.0,poisson_regression,0.41519033147715384
10,2024,4,0.0,poisson_regression,0.4114136955981653
10,2024,5,0.0,poisson_regression,0.4561620629850206
10,2024,6,0.0,poisson_regression,0.5438167564626777
10,2024,7,1.0,poisson_regression,0.49702639571979473
10,2024,8,0.0,poisson_regression,0.5509963767929642
10,2024,9,0.0,poisson_regression,0.5267909508827252
10,2024,11,0.0,poisson_regression,0.43337408202470856
10,2024,12,0.0,poisson_regression,0.397909840039203
11,2023,11,3.0,poisson_regression,0.4179929954505601
11,2023,12,0.0,poisson_regression,0.40352143831997805
11,2024,1,0.0,poisson_regression,0.3647918469207855
11,2024,2,0.0,poisson_regression,0.4241152158176011
11,2024,3,1.0,poisson_regression,0.44031964565052745
11,2024,4,0.0,poisson_regression,0.44522692144610254
11,2024,5,0.0,poisson_regression,0.4986024900655101
11,2024,6,0.0,poisson_regression,0.556190318300886
11,2024,7,1.0,poisson_regression,0.5602284479077452
11,2024,8,0.0,poisson_regression,0.6069987262201829
11,2024,9,0.0,poisson_regression,0.6011251685092507
11,2024,11,0.0,poisson_regression,0.4764977311477235
11,2024,12,0.0,poisson_regression,0.4272362360783242
12,2024,8,0.0,poisson_regression,0.6176444883788003
12,2024,9,1.0,poisson_regression,0.5917910791632258
12,2024,11,1.0,poisson_regression,0.5967118390408742
12,2024,12,1.0,poisson_regression,0.5406120149059239
13,2023,11,2.0,poisson_regression,0.636421273846456
13,2023,12,1.0,poisson_regression,0.5569471666417576
13,2024,1,0.0,poisson_regression,0.5328134906143746
13,2024,2,1.0,poisson_regression,0.6241965836176844
13,2024,3,1.0,poisson_regression,0.667871392093178
13,2024,4,2.0,poisson_regression,0.6397023583556392
13,2024,5,1.0,poisson_regression,0.8347141483832755
13,2024,6,1.0,poisson_regression,0.8526600054043422
13,2024,7,0.0,poisson_regression,0.7503178220283331
13,2024,8,2.0,poisson_regression,0.8632971023841892
13,2024,9,2.0,poisson_regression,0.881093012397197
13,2024,11,1.0,poisson_regression,0.7219200827362999
13,2024,12,0.0,poisson_regression,0.5720349724332252
14,2023,11,0.0,poisson_regression,0.3853040628165288
14,2023,12,1.0,poisson_regression,0.3662663448625756
14,2024,1,1.0,poisson_regression,0.323470664856833
14,2024,2,0.0,poisson_regression,0.3809239719998734
14,2024,3,0.0,poisson_regression,0.40281916893304626
14,2024,4,2.0,poisson_regression,0.3933535554962162
14,2024,5,2.0,poisson_regression,0.43255033231951645
14,2024,6,4.0,poisson_regression,0.4639245081266551
14,2024,7,0.0,poisson_regression,0.48682606079897817
14,2024,8,3.0,poisson_regression,0.5154920118666795
14,2024,9,1.0,poisson_regression,0.4826169177160406
14,2024,11,2.0,poisson_regression,0.3964679924286089
14,2024,12,0.0,poisson_regression,0.3579628805249108
15,2023,11,2.0,poisson_regression,0.4586572524967576
15,2023,12,0.0,poisson_regression,0.45750660878827537
15,2024,1,1.0,poisson_regression,0.4327944741273962
15,2024,2,4.0,poisson_regression,0.4583778091598922
15,2024,3,2.0,poisson_regression,0.47753171897197316
15,2024,4,2.0,poisson_regression,0.49400386688896597
15,2024,5,0.0,poisson_regression,0.5404526035843497
15,2024,6,1.0,poisson_regression,0.6014232630418571
15,2024,7,0.0,poisson_regression,0.6220297015846608
15,2024,8,2.0,poisson_regression,0.6907794870188759
15,2024,9,3.0,poisson_regression,0.6066081051075657
15,2024,11,2.0,poisson_regression,0.5034040399731563
15,2024,12,1.0,poisson_regression,0.47198212185634303
16,2023,11,4.0,poisson_regression,0.5756074025008702
16,2023,12,1.0,poisson_regression,0.5534463283371897
16,2024,1,1.0,poisson_regression,0.5156373944945409
16,2024,2,2.0,poisson_regression,0.5736797833452558
16,2024,3,2.0,poisson_regression,0.5997350105022905
16,2024,4,3.0,poisson_regression,0.5859028010444831
16,2024,5,6.0,poisson_regression,0.6582433639457479
16,2024,6,2.0,poisson_regression,0.6909525544939006
16,2024,7,2.0,poisson_regression,0.6650842836378622
16,2024,8,2.0,poisson_regression,0.6926362934673925
16,2024,9,2.0,poisson_regression,0.7117158355824719
16,2024,11,3.0,poisson_regression,0.62394384659658
16,2024,12,1.0,poisson_regression,0.5900062842984183
17,2023,11,4.0,poisson_regression,0.6292608426857123
17,2023,12,1.0,poisson_regression,0.6016549330983729
17,2024,1,0.0,poisson_regression,0.5735083418067016
17,2024,2,2.0,poisson_regression,0.6421785146589449
17,2024,3,2.0,poisson_regression,0.6687029348409521
17,2024,4,3.0,poisson_regression,0.6550309389487164
17,2024,5,6.0,poisson_regression,0.7322689144302003
17,2024,6,2.0,poisson_regression,0.7613988541985491
17,2024,7,2.0,poisson_regression,0.7225582274870597
17,2024,8,2.0,poisson_regression,0.760025061061702
17,2024,9,2.0,poisson_regression,0.786146445358865
17,2024,11,3.0,poisson_regression,0.6826319567826434
17,2024,12,1.0,poisson_regression,0.655595044415894
18,2023,11,2.0,poisson_regression,0.47640602178473795
18,2023,12,0.0,poisson_regression,0.4656553343006466
18,2024,1,1.0,poisson_regression,0.4471167189433488
18,2024,2,3.0,poisson_regression,0.46771431506474226
18,2024,3,2.0,poisson_regression,0.4882468892738809
18,2024,4,2.0,poisson_regression,0.4936762376419518
18,2024,5,0.0,poisson_regression,0.5676335341798966
18,2024,6,0.0,poisson_regression,0.6217422802475645
18,2024,7,0.0,poisson_regression,0.6257630370465856
18,2024,8,2.0,poisson_regression,0.7048775654834384
18,2024,9,3.0,poisson_regression,0.625018165454207
18,2024,11,2.0,poisson_regression,0.5190350301601752
18,2024,12,1.0,poisson_regression,0.4851421076092856
19,2023,11,2.0,poisson_regression,0.4450871331902028
19,2023,12,0.0,poisson_regression,0.4372387805276194
19,2024,1,0.0,poisson_regression,0.397878434635426
19,2024,2,0.0,poisson_regression,0.440919611067768
19,2024,3,1.0,poisson_regression,0.4877808893093833
19,2024,4,0.0,poisson_regression,0.49165395064671624
19,2024,5,0.0,poisson_regression,0.5501042220680586
19,2024,6,0.0,poisson_regression,0.6681933882255335
19,2024,7,1.0,poisson_regression,0.6205814765986863
19,2024,8,0.0,poisson_regression,0.69160207652094
19,2024,9,0.0,poisson_regression,0.6617730023948533
19,2024,11,0.0,poisson_regression,0.5217515573106632
19,2024,12,0.0,poisson_regression,0.46541396427602355
20,2023,11,0.0,poisson_regression,0.5616155916874027
20,2023,12,0.0,poisson_regression,0.5604891931934237
20,2024,1,0.0,poisson_regression,0.50869004433466
20,2024,2,0.0,poisson_regression,0.5682736612459648
20,2024,3,0.0,poisson_regression,0.6144719621218389
20,2024,4,0.0,poisson_regression,0.5871482377870851
20,2024,5,0.0,poisson_regression,0.668426547089084
20,2024,6,0.0,poisson_regression,36.0926629111738
20,2024,7,0.0,poisson_regression,0.718415587168717
20,2024,8,0.0,poisson_regression,0.8046561111050528
20,2024,9,0.0,poisson_regression,0.8049709537572232
20,2024,11,0.0,poisson_regression,0.6610645346653014
20,2024,12,0.0,poisson_regression,0.598752049171756
21,2023,11,0.0,poisson_regression,0.4403663198851267
21,2023,12,0.0,poisson_regression,0.4171620008165066
21,2024,1,0.0,poisson_regression,0.3648099179027262
21,2024,2,1.0,poisson_regression,0.42794027172564114
21,2024,3,0.0,poisson_regression,0.46529561649173695
21,2024,4,0.0,poisson_regression,0.4703518380997412
21,2024,5,0.0,poisson_regression,0.49437687026855465
21,2024,6,0.0,poisson_regression,0.5542281031041001
21,2024,7,0.0,poisson_regression,0.5623364103846159
21,2024,8,0.0,poisson_regression,0.5962930778175181
21,2024,9,0.0,poisson_regression,0.5748082719696996
21,2024,11,1.0,poisson_regression,0.45209042292459467
21,2024,12,0.0,poisson_regression,0.4034015941490798
22,2023,11,1.0,poisson_regression,0.4877686981721664
22,2023,12,1.0,poisson_regression,0.46112010198677
22,2024,1,2.0,poisson_regression,0.40566535235324813
22,2024,2,1.0,poisson_regression,0.4764856304513129
22,2024,3,0.0,poisson_regression,0.5001319146024191
22,2024,4,1.0,poisson_regression,0.5009648511481136
22,2024,5,0.0,poisson_regression,0.5595217675551711
22,2024,6,3.0,poisson_regression,0.5919749429566563
22,2024,7,0.0,poisson_regression,0.6416657365899
22,2024,8,0.0,poisson_regression,0.6786005054180273
22,2024,9,1.0,poisson_regression,0.6189652561060244
22,2024,11,0.0,poisson_regression,0.5064953303091168
22,2024,12,1.0,poisson_regression,0.45368613372980404
23,2023,11,1.0,poisson_regression,0.5785758708094274
23,2023,12,1.0,poisson_regression,0.5410379306839657
23,2024,1,2.0,poisson_regression,0.48557890220477296
23,2024,2,1.0,poisson_regression,0.5616510217887132
23,2024,3,0.0,poisson_regression,0.6031910171719531
23,2024,4,1.0,poisson_regression,0.5959988188723124
23,2024,5,0.0,poisson_regression,0.6566298296845894
23,2024,6,3.0,poisson_regression,0.7171834545246697
23,2024,7,0.0,poisson_regression,0.708657050556153
23,2024,8,0.0,poisson_regression,0.7727620941503731
23,2024,9,1.0,poisson_regression,0.7517381489853929
23,2024,11,0.0,poisson_regression,0.6061650695275448
23,2024,12,1.0,poisson_regression,0.5378270780070592
24,2023,11,1.0,poisson_regression,0.4776468663109904
24,2023,12,1.0,poisson_regression,0.44498728070332944
24,2024,1,2.0,poisson_regression,0.3981252146783098
24,2024,2,1.0,poisson_regression,0.4596891517695472
24,2024,3,0.0,poisson_regression,0.4804000406789219
24,2024,4,1.0,poisson_regression,0.47333813651908446
24,2024,5,0.0,poisson_regression,0.5112218279182479
24,2024,6,3.0,poisson_regression,0.5548015498867951
24,2024,7,0.0,poisson_regression,0.5642399704969053
24,2024,8,0.0,poisson_regression,0.6014294251680186
24,2024,9,1.0,poisson_regression,0.5904997034211461
24,2024,11,0.0,poisson_regression,0.4875100286339665
24,2024,12,1.0,poisson_regression,0.44042274262695397
25,2023,11,1.0,poisson_regression,0.526610794568768
25,2023,12,1.0,poisson_regression,0.4646290258038148
25,2024,1,1.0,poisson_regression,0.4258854178684176
25,2024,2,1.0,poisson_regression,0.5102882753748399
25,2024,3,0.0,poisson_regression,0.554061236111886
25,2024,4,2.0,poisson_regression,0.5451362721254295
25,2024,5,2.0,poisson_regression,0.6296535810453724
25,2024,6,2.0,poisson_regression,0.6825456854207363
25,2024,7,1.0,poisson_regression,0.5842506769628236
25,2024,8,3.0,poisson_regression,0.6472332168907188
25,2024,9,1.0,poisson_regression,0.7634427621756297
25,2024,11,0.0,poisson_regression,0.5573066603377983
25,2024,12,0.0,poisson_regression,0.474921839814112
26,2023,11,0.0,poisson_regression,0.49352327748982505
26,2023,12,0.0,poisson_regression,0.44434057590174986
26,2024,1,0.0,poisson_regression,0.4207256827698296
26,2024,2,0.0,poisson_regression,0.48888591902140793
26,2024,3,0.0,poisson_regression,0.5305817220023171
26,2024,4,0.0,poisson_regression,0.5470611598916064
26,2024,5,1.0,poisson_regression,0.621033547439813
26,2024,6,0.0,poisson_regression,0.6745910646199028
26,2024,7,0.0,poisson_regression,0.6598857347208241
26,2024,8,0.0,poisson_regression,0.6995585640014463
26,2024,9,0.0,poisson_regression,0.7246523267241461
26,2024,11,0.0,poisson_regression,0.535572272924399
26,2024,12,1.0,poisson_regression,0.4648138733099465
27,2023,11,0.0,poisson_regression,0.4010777595384821
27,2023,12,0.0,poisson_regression,0.3764994810423668
27,2024,1,0.0,poisson_regression,0.34496079880365976
27,2024,2,0.0,poisson_regression,0.3996681083767302
27,2024,3,0.0,poisson_regression,0.43205174858029943
27,2024,4,0.0,poisson_regression,0.41845220822927
27,2024,5,0.0,poisson_regression,0.4799219017756571
27,2024,6,0.0,poisson_regression,0.5263943418007675
27,2024,7,1.0,poisson_regression,0.5026930295593075
27,2024,8,0.0,poisson_regression,0.5120163775149174
27,2024,9,1.0,poisson_regression,0.5455299599340532
27,2024,11,0.0,poisson_regression,0.439008663584563
27,2024,12,0.0,poisson_regression,0.3812497638368414
28,2023,11,0.0,poisson_regression,0.31895334847533013
28,2023,12,0.0,poisson_regression,0.31011605922251356
28,2024,1,0.0,poisson_regression,0.2767989489846829
28,2024,2,0.0,poisson_regression,0.320032551429422
28,2024,3,0.0,poisson_regression,0.32092148154587274
28,2024,4,0.0,poisson_regression,0.3423951964508574
28,2024,5,0.0,poisson_regression,0.3399969751285052
28,2024,6,0.0,poisson_regression,0.3650183241281167
28,2024,7,0.0,poisson_regression,0.3846192528346737
28,2024,8,0.0,poisson_regression,0.40587474686262376
28,2024,9,0.0,poisson_regression,0.3769992412705344
28,2024,11,0.0,poisson_regression,0.33042627270570774
28,2024,12,0.0,poisson_regression,0.28742166395804675
29,2023,11,0.0,poisson_regression,0.3577772448706438
29,2023,12,0.0,poisson_regression,0.3537227416430779
29,2024,1,0.0,poisson_regression,0.31472138758015883
29,2024,2,0.0,poisson_regression,0.3723563407097134
29,2024,3,0.0,poisson_regression,0.3835089454479415
29,2024,4,0.0,poisson_regression,0.3730164163779701
29,2024,5,0.0,poisson_regression,0.40103655672183075
29,2024,6,0.0,poisson_regression,0.44196352438481823
29,2024,7,0.0,poisson_regression,0.47097781928011384
29,2024,8,0.0,poisson_regression,0.49284420088359476
29,2024,9,0.0,poisson_regression,0.4535617457571867
29,2024,11,0.0,poisson_regression,0.3787658825295107
29,2024,12,0.0,poisson_regression,0.452747364343514
30,2023,11,0.0,poisson_regression,0.4187116296362333
30,2023,12,1.0,poisson_regression,0.39253475164776414
30,2024,1,0.0,poisson_regression,0.36246329762481244
30,2024,2,0.0,poisson_regression,0.4235491954524267
30,2024,3,0.0,poisson_regression,0.45953198186429106
30,2024,4,0.0,poisson_regression,0.44803310820980613
30,2024,5,0.0,poisson_regression,0.49056498440422
30,2024,6,0.0,poisson_regression,0.5468310336450696
30,2024,7,0.0,poisson_regression,0.5260496746734308
30,2024,8,1.0,poisson_regression,0.5518131555637201
30,2024,9,1.0,poisson_regression,0.5833818486134015
30,2024,11,0.0,poisson_regression,0.4471869657937073
30,2024,12,0.0,poisson_regression,0.4033685185013878
31,2023,11,0.0,poisson_regression,0.3790905690554534
31,2023,12,1.0,poisson_regression,0.35439833006652627
31,2024,1,0.0,poisson_regression,0.32778486390514566
31,2024,2,0.0,poisson_regression,0.3834661507114725
31,2024,3,0.0,poisson_regression,0.41436835620426316
31,2024,4,0.0,poisson_regression,0.4092040794116767
31,2024,5,0.0,poisson_regression,0.44079051872599107
31,2024,6,0.0,poisson_regression,0.48427272774952274
31,2024,7,0.0,poisson_regression,0.4838211930778034
31,2024,8,1.0,poisson_regression,0.49924986848904296
31,2024,9,1.0,poisson_regression,0.5126613146830635
31,2024,11,0.0,poisson_regression,0.4059727609011764
31,2024,12,0.0,poisson_regression,0.37597123755509476
32,2023,11,0.0,poisson_regression,0.33727686638543486
32,2023,12,0.0,poisson_regression,0.3268577957506872
32,2024,1,0.0,poisson_regression,0.2972566164666829
32,2024,2,0.0,poisson_regression,0.3453992366864384
32,2024,3,0.0,poisson_regression,0.3545243506555919
32,2024,4,0.0,poisson_regression,0.3569726260296432
32,2024,5,0.0,poisson_regression,0.3698323320095368
32,2024,6,0.0,poisson_regression,0.4022614350081299
32,2024,7,0.0,poisson_regression,0.4058356104864708
32,2024,8,1.0,poisson_regression,0.42813674035688337
32,2024,9,0.0,poisson_regression,0.42695234501647894
32,2024,11,0.0,poisson_regression,0.36273893644648625
32,2024,12,0.0,poisson_regression,0.3390955209065378
33,2023,11,0.0,poisson_regression,0.3286677789433994
33,2023,12,0.0,poisson_regression,0.31873843513483885
33,2024,1,0.0,poisson_regression,0.2870667656815489
33,2024,2,0.0,poisson_regression,0.3312915709155369
33,2024,3,0.0,poisson_regression,0.3358824846156456
33,2024,4,0.0,poisson_regression,0.33762447100426396
33,2024,5,0.0,poisson_regression,0.3492749741089674
33,2024,6,0.0,poisson_regression,0.38209387719452415
33,2024,7,0.0,poisson_regression,0.38602252557004624
33,2024,8,1.0,poisson_regression,0.41645101408965507
33,2024,9,0.0,poisson_regression,0.41025648191463976
33,2024,11,0.0,poisson_regression,0.34842528124666433
33,2024,12,0.0,poisson_regression,0.32751242625859456
34,2023,11,0.0,poisson_regression,0.3224933140624312
34,2023,12,0.0,poisson_regression,0.314146118117291
34,2024,1,0.0,poisson_regression,0.2813404171260393
34,2024,2,0.0,poisson_regression,0.32323524414771315
34,2024,3,0.0,poisson_regression,0.3327161125210536
34,2024,4,0.0,poisson_regression,0.35680209778249017
34,2024,5,0.0,poisson_regression,0.3490836581319746
34,2024,6,0.0,poisson_regression,0.39270400678230677
34,2024,7,0.0,poisson_regression,0.40204114444316447
34,2024,8,0.0,poisson_regression,0.4206007929827221
34,2024,9,0.0,poisson_regression,0.3959876327246377
34,2024,11,0.0,poisson_regression,0.3393920703814703
34,2024,12,0.0,poisson_regression,0.29133141474635155
35,2023,11,0.0,poisson_regression,0.3773734214696678
35,2023,12,0.0,poisson_regression,0.3730191064794488
35,2024,1,0.0,poisson_regression,0.32917399273750303
35,2024,2,0.0,poisson_regression,0.39868097103176015
35,2024,3,0.0,poisson_regression,0.4353093969477702
35,2024,4,0.0,poisson_regression,0.42901605031883105
35,2024,5,0.0,poisson_regression,0.5080623986312343
35,2024,6,0.0,poisson_regression,0.6047341433543312
35,2024,7,0.0,poisson_regression,0.6028333153104978
35,2024,8,0.0,poisson_regression,0.6116493648545416
35,2024,9,0.0,poisson_regression,0.5696227839847277
35,2024,11,0.0,poisson_regression,0.4202825607127342
35,2024,12,0.0,poisson_regression,0.3767177363076673
36,2023,11,0.0,poisson_regression,0.34853076850328896
36,2023,12,0.0,poisson_regression,0.35025318717396425
36,2024,1,0.0,poisson_regression,0.31622749650197823
36,2024,2,0.0,poisson_regression,0.3770873119726617
36,2024,3,0.0,poisson_regression,0.3978301637710465
36,2024,4,0.0,poisson_regression,0.38599114885624003
36,2024,5,0.0,poisson_regression,0.42641705243337696
36,2024,6,0.0,poisson_regression,0.37644944888152426
36,2024,7,0.0,poisson_regression,0.4389670479473772
36,2024,8,0.0,poisson_regression,0.49557952998662963
36,2024,9,0.0,poisson_regression,0.4743570997686934
36,2024,11,0.0,poisson_regression,0.386718849647725
36,2024,12,0.0,poisson_regression,0.36980939184352707
37,2023,11,0.0,poisson_regression,0.3747005392255722
37,2023,12,0.0,poisson_regression,0.36066764799537604
37,2024,1,2.0,poisson_regression,0.3336308697241534
37,2024,2,1.0,poisson_regression,0.37913270231502794
37,2024,3,0.0,poisson_regression,0.38611281421477806
37,2024,4,0.0,poisson_regression,0.39566863409126596
37,2024,5,2.0,poisson_regression,0.4149811274236399
37,2024,6,0.0,poisson_regression,0.46119302456935996
37,2024,7,0.0,poisson_regression,0.4799115928797849
37,2024,8,0.0,poisson_regression,0.508867671942773
37,2024,9,0.0,poisson_regression,0.47001243667746995
37,2024,11,0.0,poisson_regression,0.39560625364449625
37,2024,12,0.0,poisson_regression,0.3786048207283265
38,2023,11,0.0,poisson_regression,0.39158752589078316
38,2023,12,0.0,poisson_regression,0.3756825786866097
38,2024,1,2.0,poisson_regression,0.34742004887016953
38,2024,2,1.0,poisson_regression,0.3817469628816899
38,2024,3,0.0,poisson_regression,0.40741089288612936
38,2024,4,0.0,poisson_regression,0.4178887877096319
38,2024,5,2.0,poisson_regression,0.44157383344522605
38,2024,6,0.0,poisson_regression,0.4869343811102274
38,2024,7,0.0,poisson_regression,0.4999498722793941
38,2024,8,0.0,poisson_regression,0.538338784274248
38,2024,9,0.0,poisson_regression,0.49555604487248633
38,2024,11,0.0,poisson_regression,0.4134199270059633
38,2024,12,0.0,poisson_regression,0.39302298435543437
39,2023,11,1.0,poisson_regression,0.3205226098727615
39,2023,12,0.0,poisson_regression,0.3182589627266134
39,2024,1,0.0,poisson_regression,0.287879598681093
39,2024,2,0.0,poisson_regression,0.33199849437394924
39,2024,3,0.0,poisson_regression,0.3399009044703246
39,2024,4,0.0,poisson_regression,0.34997577283163916
39,2024,5,0.0,poisson_regression,0.3877126916029989
39,2024,6,0.0,poisson_regression,0.4289503262630995
39,2024,7,0.0,poisson_regression,0.42961656029935247
39,2024,8,0.0,poisson_regression,0.46099733803245596
39,2024,9,0.0,poisson_regression,0.43214550942992547
39,2024,11,0.0,poisson_regression,0.3487989813290272
39,2024,12,0.0,poisson_regression,0.3152040106017382
40,2023,11,1.0,poisson_regression,0.3272139973911569
40,2023,12,0.0,poisson_regression,0.3188411191417738
40,2024,1,0.0,poisson_regression,0.29424598491797954
40,2024,2,0.0,poisson_regression,0.34541772414517624
40,2024,3,0.0,poisson_regression,0.357194293979781
40,2024,4,0.0,poisson_regression,0.36884683795641915
40,2024,5,0.0,poisson_regression,0.41779700831849237
40,2024,6,0.0,poisson_regression,0.4487038185634562
40,2024,7,0.0,poisson_regression,0.46166494007227266
40,2024,8,0.0,poisson_regression,0.4931038691266085
40,2024,9,0.0,poisson_regression,0.45843167290028736
40,2024,11,0.0,poisson_regression,0.361941494697655
40,2024,12,0.0,poisson_regression,0.32474375779647957
41,2023,11,1.0,poisson_regression,0.3747596403498477
41,2023,12,2.0,poisson_regression,0.3830461784564237
41,2024,1,0.0,poisson_regression,0.3735776327262386
41,2024,2,1.0,poisson_regression,0.37051209438103216
41,2024,3,2.0,poisson_regression,0.38705684428798626
41,2024,4,2.0,poisson_regression,0.3858208411966365
41,2024,5,0.0,poisson_regression,0.39935600864661003
41,2024,6,1.0,poisson_regression,0.43583687068003063
41,2024,7,0.0,poisson_regression,0.45281348612284505
41,2024,8,0.0,poisson_regression,0.4757262553631184
41,2024,9,0.0,poisson_regression,0.45758830480928303
41,2024,11,0.0,poisson_regression,0.3946288584081449
41,2024,12,0.0,poisson_regression,0.3666362053843313
42,2023,11,1.0,poisson_regression,0.37288862336988365
42,2023,12,2.0,poisson_regression,0.35768117092388846
42,2024,1,0.0,poisson_regression,0.328596012417914
42,2024,2,1.0,poisson_regression,0.37455505070654993
42,2024,3,2.0,poisson_regression,0.3827741447181061
42,2024,4,2.0,poisson_regression,0.3807909950720244
42,2024,5,0.0,poisson_regression,0.39618466589174056
42,2024,6,1.0,poisson_regression,0.4410553983190561
42,2024,7,0.0,poisson_regression,0.45000193919609555
42,2024,8,0.0,poisson_regression,0.47005618315805553
42,2024,9,0.0,poisson_regression,0.4595243106580632
42,2024,11,0.0,poisson_regression,0.3985822949027936
42,2024,12,0.0,poisson_regression,0.3625607938105636
43,2023,11,1.0,poisson_regression,0.3901022157038471
43,2023,12,0.0,poisson_regression,0.3733262835510404
43,2024,1,0.0,poisson_regression,0.3296443704843299
43,2024,2,2.0,poisson_regression,0.3832727148298173
43,2024,3,0.0,poisson_regression,0.4184599473322091
43,2024,4,0.0,poisson_regression,0.4184803045068136
43,2024,5,0.0,poisson_regression,0.4880954580191814
43,2024,6,0.0,poisson_regression,0.5194187005570609
43,2024,7,0.0,poisson_regression,0.5261467599052653
43,2024,8,0.0,poisson_regression,0.579121046360628
43,2024,9,0.0,poisson_regression,0.5510862249969753
43,2024,11,0.0,poisson_regression,0.3847410537933804
43,2024,12,0.0,poisson_regression,0.3744713923085737
44,2023,11,1.0,poisson_regression,0.3506322137578489
44,2023,12,0.0,poisson_regression,0.33584746900060725
44,2024,1,0.0,poisson_regression,0.29973511208057396
44,2024,2,2.0,poisson_regression,0.3504678736745231
44,2024,3,0.0,poisson_regression,0.38758084519491315
44,2024,4,0.0,poisson_regression,0.393474233042008
44,2024,5,0.0,poisson_regression,0.44893712855276735
44,2024,6,0.0,poisson_regression,0.47751146270947586
44,2024,7,0.0,poisson_regression,0.4882386854053423
44,2024,8,0.0,poisson_regression,0.5575789864080677
44,2024,9,0.0,poisson_regression,0.5098086997194091
44,2024,11,0.0,poisson_regression,0.35462107664023435
44,2024,12,0.0,poisson_regression,0.3442007904599625
45,2023,11,0.0,poisson_regression,0.36808918228717674
45,2023,12,0.0,poisson_regression,0.34986762163678786
45,2024,1,0.0,poisson_regression,0.32421829471596425
45,2024,2,1.0,poisson_regression,0.36133985967747284
45,2024,3,2.0,poisson_regression,0.3780044707476736
45,2024,4,0.0,poisson_regression,0.3756306337101802
45,2024,5,0.0,poisson_regression,0.3993521599965475
45,2024,6,0.0,poisson_regression,0.4401489327501228
45,2024,7,0.0,poisson_regression,0.44783177276848307
45,2024,8,1.0,poisson_regression,0.46716867480010027
45,2024,9,0.0,poisson_regression,0.45422002608611173
45,2024,11,0.0,poisson_regression,0.38652151952757774
45,2024,12,0.0,poisson_regression,0.3635754856986019
46,2023,11,0.0,poisson_regression,0.37924137680642683
46,2023,12,0.0,poisson_regression,0.3592388527164039
46,2024,1,0.0,poisson_regression,0.33548917780110893
46,2024,2,1.0,poisson_regression,0.3752733272479152
46,2024,3,2.0,poisson_regression,0.39120100072455716
46,2024,4,0.0,poisson_regression,0.3880877667662763
46,2024,5,0.0,poisson_regression,0.41481637631723633
46,2024,6,0.0,poisson_regression,0.45500604839199466
46,2024,7,0.0,poisson_regression,0.45813910283392884
46,2024,8,1.0,poisson_regression,0.48468637955148247
46,2024,9,0.0,poisson_regression,0.46798436733045334
46,2024,11,0.0,poisson_regression,0.39791297578070856
46,2024,12,0.0,poisson_regression,0.3720148588863737
47,2023,11,1.0,poisson_regression,0.6102173264893642
47,2023,12,0.0,poisson_regression,0.5580922628645961
47,2024,1,1.0,poisson_regression,0.5281463860854437
47,2024,2,0.0,poisson_regression,0.6294602590743729
47,2024,3,0.0,poisson_regression,0.6980456046627785
47,2024,4,0.0,poisson_regression,0.6977671457244151
47,2024,5,0.0,poisson_regression,0.9448020536209014
47,2024,6,0.0,poisson_regression,0.7829255797164326
47,2024,7,0.0,poisson_regression,0.7050274984775569
47,2024,8,2.0,poisson_regression,0.7420329145672662
47,2024,9,0.0,poisson_regression,0.6928521830173087
47,2024,11,0.0,poisson_regression,0.5213080972045633
47,2024,12,0.0,poisson_regression,0.457874759985094
48,2023,11,0.0,poisson_regression,0.3726510225639342
48,2023,12,0.0,poisson_regression,0.35867025035080996
48,2024,1,0.0,poisson_regression,0.31889999423995546
48,2024,2,0.0,poisson_regression,0.3912855563066161
48,2024,3,0.0,poisson_regression,0.4382946491207054
48,2024,4,0.0,poisson_regression,0.4526992935594884
48,2024,5,0.0,poisson_regression,0.5235670434981358
48,2024,6,0.0,poisson_regression,0.5996341550991467
48,2024,7,0.0,poisson_regression,0.6756986569628566
48,2024,8,0.0,poisson_regression,0.8465722734710082
48,2024,9,1.0,poisson_regression,0.7876373765081207
48,2024,11,0.0,poisson_regression,0.42048661712517976
48,2024,12,0.0,poisson_regression,0.350332705195877
49,2023,11,0.0,poisson_regression,0.4446265844790347
49,2023,12,0.0,poisson_regression,0.41356257222496334
49,2024,1,0.0,poisson_regression,0.37004299819546027
49,2024,2,0.0,poisson_regression,0.4384621181349961
49,2024,3,0.0,poisson_regression,0.47191613137763155
49,2024,4,0.0,poisson_regression,0.46648046694636774
49,2024,5,1.0,poisson_regression,0.506482848762361
49,2024,6,1.0,poisson_regression,0.5614380726241106
49,2024,7,0.0,poisson_regression,0.588761596254331
49,2024,8,0.0,poisson_regression,0.6539630562994129
49,2024,9,0.0,poisson_regression,0.6160008330224732
49,2024,11,0.0,poisson_regression,0.4709688238075011
49,2024,12,0.0,poisson_regression,0.4073881873032219
50,2023,11,1.0,poisson_regression,0.4406935230686127
50,2023,12,0.0,poisson_regression,0.4360995930526352
50,2024,1,0.0,poisson_regression,0.4109365281768959
50,2024,2,0.0,poisson_regression,0.4460122873476814
50,2024,3,0.0,poisson_regression,0.45785819145749435
50,2024,4,1.0,poisson_regression,0.4526243790087663
50,2024,5,0.0,poisson_regression,0.49416844632823065
50,2024,6,0.0,poisson_regression,0.5263802760885743
50,2024,7,0.0,poisson_regression,0.4988861912499834
50,2024,8,0.0,poisson_regression,0.5546773742761788
50,2024,9,0.0,poisson_regression,0.7793418204354259
50,2024,11,1.0,poisson_regression,0.48857125623294123
50,2024,12,0.0,poisson_regression,0.45206867097655457
51,2023,11,1.0,poisson_regression,0.5264507982111022
51,2023,12,0.0,poisson_regression,0.5122836614668933
51,2024,1,0.0,poisson_regression,0.47793008215848437
51,2024,2,0.0,poisson_regression,0.5367587511982994
51,2024,3,0.0,poisson_regression,0.5532015979827374
51,2024,4,1.0,poisson_regression,0.5395806257272641
51,2024,5,0.0,poisson_regression,0.6962117180194015
51,2024,6,0.0,poisson_regression,0.6677633077473815
51,2024,7,0.0,poisson_regression,0.6296916073700196
51,2024,8,0.0,poisson_regression,0.7384487298599153
51,2024,9,0.0,poisson_regression,0.7323974680851999
51,2024,11,1.0,poisson_regression,0.6223104211286684
51,2024,12,0.0,poisson_regression,0.5337431942170626
52,2023,11,2.0,poisson_regression,0.7297174782141194
52,2023,12,0.0,poisson_regression,0.5863464878005596
52,2024,1,2.0,poisson_regression,0.546974568157419
52,2024,2,0.0,poisson_regression,0.5859373200645526
52,2024,3,0.0,poisson_regression,0.6459441066697662
52,2024,4,0.0,poisson_regression,0.6265074716487992
52,2024,5,3.0,poisson_regression,0.7129379392525442
52,2024,6,0.0,poisson_regression,0.6135168236606308
52,2024,7,0.0,poisson_regression,0.5455688635670249
52,2024,8,0.0,poisson_regression,0.6319021291055238
52,2024,9,1.0,poisson_regression,0.6166998865519533
52,2024,11,0.0,poisson_regression,0.5017982166233121
52,2024,12,0.0,poisson_regression,0.4619862868112685
53,2023,11,2.0,poisson_regression,0.3936892180646595
53,2023,12,0.0,poisson_regression,0.4002871411775413
53,2024,1,1.0,poisson_regression,0.3754642928008567
53,2024,2,0.0,poisson_regression,0.40362439622440205
53,2024,3,0.0,poisson_regression,0.3945643614394039
53,2024,4,0.0,poisson_regression,0.38202626329743555
53,2024,5,2.0,poisson_regression,0.40279100759571823
53,2024,6,0.0,poisson_regression,0.4545012318881929
53,2024,7,1.0,poisson_regression,0.45817615726921634
53,2024,8,0.0,poisson_regression,0.5583039995890605
53,2024,9,1.0,poisson_regression,0.5490333783814925
53,2024,11,0.0,poisson_regression,0.4111144937530355
53,2024,12,1.0,poisson_regression,0.35991748272841795
54,2023,11,1.0,poisson_regression,0.38878341350566537
54,2023,12,0.0,poisson_regression,0.37759528199338194
54,2024,1,1.0,poisson_regression,0.3580856972082396
54,2024,2,0.0,poisson_regression,0.39497116395206605
54,2024,3,0.0,poisson_regression,0.404690806210825
54,2024,4,0.0,poisson_regression,0.4044987140348659
54,2024,5,3.0,poisson_regression,0.44128263421008207
54,2024,6,0.0,poisson_regression,0.4885915332962292
54,2024,7,1.0,poisson_regression,0.48392217716197894
54,2024,8,0.0,poisson_regression,0.5498406410214465
54,2024,9,1.0,poisson_regression,0.4925237425411242
54,2024,11,0.0,poisson_regression,0.41359392982274584
54,2024,12,1.0,poisson_regression,0.3848031823533695
55,2023,11,0.0,poisson_regression,0.31748180689747
55,2023,12,0.0,poisson_regression,0.3093989960993624
55,2024,1,0.0,poisson_regression,0.2936360826369572
55,2024,2,1.0,poisson_regression,0.31077078422246013
55,2024,3,0.0,poisson_regression,0.3182077215909967
55,2024,4,0.0,poisson_regression,0.3187495870823959
55,2024,5,1.0,poisson_regression,0.3407137471423387
55,2024,6,0.0,poisson_regression,0.3733715200348986
55,2024,7,0.0,poisson_regression,0.36477774791544715
55,2024,8,0.0,poisson_regression,0.39554428629924615
55,2024,9,0.0,poisson_regression,0.3790540063940447
55,2024,11,0.0,poisson_regression,0.33697077518146723
55,2024,12,0.0,poisson_regression,0.3127654670005699
56,2023,11,0.0,poisson_regression,0.32554903555797793
56,2023,12,0.0,poisson_regression,0.3172514872304557
56,2024,1,0.0,poisson_regression,0.2992849653347393
56,2024,2,1.0,poisson_regression,0.3183330122088424
56,2024,3,0.0,poisson_regression,0.3261939939063839
56,2024,4,0.0,poisson_regression,0.3321228731970613
56,2024,5,1.0,poisson_regression,0.3579430801383325
56,2024,6,0.0,poisson_regression,0.3944455681316319
56,2024,7,0.0,poisson_regression,0.3887170318164279
56,2024,8,0.0,poisson_regression,0.42259430258983627
56,2024,9,0.0,poisson_regression,0.4033082482507045
56,2024,11,0.0,poisson_regression,0.3538347182459325
56,2024,12,0.0,poisson_regression,0.32762084408981357
57,2023,11,0.0,poisson_regression,0.34241405777140627
57,2023,12,0.0,poisson_regression,0.32799095624012997
57,2024,1,0.0,poisson_regression,0.30802401278474906
57,2024,2,0.0,poisson_regression,0.33740138894550986
57,2024,3,0.0,poisson_regression,0.35024923139856323
57,2024,4,1.0,poisson_regression,0.3518399494702034
57,2024,5,1.0,poisson_regression,0.3771891499269084
57,2024,6,0.0,poisson_regression,0.40781088152728207
57,2024,7,1.0,poisson_regression,0.421396503234218
57,2024,8,0.0,poisson_regression,0.43236691272287914
57,2024,9,0.0,poisson_regression,0.4135376502152068
57,2024,11,0.0,poisson_regression,0.36144045909645967
57,2024,12,0.0,poisson_regression,0.33462305550735333
58,2023,11,0.0,poisson_regression,0.3290841890231742
58,2023,12,0.0,poisson_regression,0.3147763449050332
58,2024,1,0.0,poisson_regression,0.29628305684786105
58,2024,2,0.0,poisson_regression,0.32313657847472277
58,2024,3,0.0,poisson_regression,0.3211771805781904
58,2024,4,1.0,poisson_regression,0.34825551219033407
58,2024,5,1.0,poisson_regression,0.3538560986908718
58,2024,6,0.0,poisson_regression,0.3784977529528669
58,2024,7,1.0,poisson_regression,0.39064953394716423
58,2024,8,0.0,poisson_regression,0.40775675470723677
58,2024,9,0.0,poisson_regression,0.3924835807460624
58,2024,11,0.0,poisson_regression,0.3471437857466082
58,2024,12,0.0,poisson_regression,0.3226041713947837
59,2023,11,1.0,poisson_regression,0.3685010201868845
59,2023,12,0.0,poisson_regression,0.3529706515404614
59,2024,1,0.0,poisson_regression,0.3322957290026473
59,2024,2,0.0,poisson_regression,0.37450410521492866
59,2024,3,0.0,poisson_regression,0.37598718935235115
59,2024,4,1.0,poisson_regression,0.3342317703174864
59,2024,5,0.0,poisson_regression,0.33180355589257093
59,2024,6,1.0,poisson_regression,0.4294347479938263
59,2024,7,0.0,poisson_regression,0.4361920282500251
59,2024,8,1.0,poisson_regression,0.4642699831851437
59,2024,9,0.0,poisson_regression,0.450787918063167
59,2024,11,1.0,poisson_regression,0.40353849046809886
59,2024,12,0.0,poisson_regression,0.3768140363288082
60,2023,11,1.0,poisson_regression,0.3571811371852175
60,2023,12,0.0,poisson_regression,0.34010292352554716
60,2024,1,0.0,poisson_regression,0.3209020981486767
60,2024,2,0.0,poisson_regression,0.32256970726825657
60,2024,3,0.0,poisson_regression,0.2862903951985672
60,2024,4,1.0,poisson_regression,0.345526554511622
60,2024,5,0.0,poisson_regression,0.3830460519430718
60,2024,6,1.0,poisson_regression,0.4192037287091271
60,2024,7,0.0,poisson_regression,0.4264845688976773
60,2024,8,1.0,poisson_regression,0.451073385408947
60,2024,9,0.0,poisson_regression,0.4417310550676505
60,2024,11,1.0,poisson_regression,0.39647889522170454
60,2024,12,0.0,poisson_regression,0.3648443234833495
61,2023,11,0.0,poisson_regression,0.4176151704003672
61,2023,12,0.0,poisson_regression,0.3958670218021706
61,2024,1,0.0,poisson_regression,0.36493031349179256
61,2024,2,0.0,poisson_regression,0.40577361261129297
61,2024,3,0.0,poisson_regression,0.4231420443901917
61,2024,4,0.0,poisson_regression,0.41664981365060005
61,2024,5,1.0,poisson_regression,0.46141884914215014
61,2024,6,0.0,poisson_regression,0.49831775601695794
61,2024,7,0.0,poisson_regression,0.4717786926541442
61,2024,8,1.0,poisson_regression,0.49902540437699616
61,2024,9,0.0,poisson_regression,0.5185361671128323
61,2024,11,1.0,poisson_regression,0.44514089361774933
61,2024,12,0.0,poisson_regression,0.3961850147079624
62,2023,11,0.0,poisson_regression,0.4171401753754023
62,2023,12,0.0,poisson_regression,0.3930689201773331
62,2024,1,0.0,poisson_regression,0.3641675646244778
62,2024,2,0.0,poisson_regression,0.40492792600631605
62,2024,3,0.0,poisson_regression,0.4208837123487505
62,2024,4,0.0,poisson_regression,0.41275779676876084
62,2024,5,1.0,poisson_regression,0.4530338679788977
62,2024,6,0.0,poisson_regression,0.4924389971189178
62,2024,7,0.0,poisson_regression,0.47516524898354795
62,2024,8,1.0,poisson_regression,0.5007103216492049
62,2024,9,0.0,poisson_regression,0.5115493160373337
62,2024,11,2.0,poisson_regression,0.44029824335487316
62,2024,12,0.0,poisson_regression,0.39244551381904563
63,2023,11,0.0,poisson_regression,0.40279639417138663
63,2023,12,0.0,poisson_regression,0.40001513832664765
63,2024,1,0.0,poisson_regression,0.35737806136631506
63,2024,2,0.0,poisson_regression,0.38878548146059366
63,2024,3,0.0,poisson_regression,0.4173046174150957
63,2024,4,1.0,poisson_regression,0.45673829372169333
63,2024,5,0.0,poisson_regression,0.5476320957961938
63,2024,6,1.0,poisson_regression,0.5882344985302993
63,2024,7,1.0,poisson_regression,0.8162750854203397
63,2024,8,0.0,poisson_regression,0.926985845212114
63,2024,9,0.0,poisson_regression,0.5780688628204883
63,2024,11,0.0,poisson_regression,0.45091684218016537
63,2024,12,1.0,poisson_regression,0.4041866909956238
64,2023,11,0.0,poisson_regression,0.3489037954249511
64,2023,12,0.0,poisson_regression,0.4829241641305256
64,2024,1,0.0,poisson_regression,0.441834157525889
64,2024,2,0.0,poisson_regression,0.5207596690398618
64,2024,3,0.0,poisson_regression,0.6745552187446647
64,2024,4,2.0,poisson_regression,0.8750676636732062
64,2024,5,0.0,poisson_regression,1.4696362930913887
64,2024,6,2.0,poisson_regression,1.6112734310155796
64,2024,7,1.0,poisson_regression,4.107933952681712
64,2024,8,0.0,poisson_regression,6.130837514346253
64,2024,9,0.0,poisson_regression,1.5506779161259425
64,2024,11,0.0,poisson_regression,0.6472989253558208
64,2024,12,1.0,poisson_regression,0.4983507094421862
65,2023,11,0.0,poisson_regression,0.48530641697534127
65,2023,12,0.0,poisson_regression,0.38089002545440986
65,2024,1,0.0,poisson_regression,0.36103727762969434
65,2024,2,0.0,poisson_regression,0.3820275894274035
65,2024,3,0.0,poisson_regression,0.4212204766227267
65,2024,4,2.0,poisson_regression,0.4529947105142453
65,2024,5,0.0,poisson_regression,0.5367156263833187
65,2024,6,2.0,poisson_regression,0.5805739167136869
65,2024,7,1.0,poisson_regression,0.7308314372494207
65,2024,8,0.0,poisson_regression,0.8516707063081138
65,2024,9,0.0,poisson_regression,0.603881385833083
65,2024,11,0.0,poisson_regression,0.4444842075395708
65,2024,12,1.0,poisson_regression,0.38970996932408297
66,2023,11,0.0,poisson_regression,0.3900280791163867
66,2023,12,0.0,poisson_regression,0.37758170632125015
66,2024,1,0.0,poisson_regression,0.3504484219430318
66,2024,2,0.0,poisson_regression,0.3804219607427915
66,2024,3,0.0,poisson_regression,0.4416005557369743
66,2024,4,1.0,poisson_regression,0.5138517617254704
66,2024,5,0.0,poisson_regression,0.774773226827558
66,2024,6,2.0,poisson_regression,0.8079453904167836
66,2024,7,1.0,poisson_regression,1.530221056254198
66,2024,8,0.0,poisson_regression,1.592738634016154
66,2024,9,0.0,poisson_regression,0.7583702752298184
66,2024,11,0.0,poisson_regression,0.4585336243194547
66,2024,12,1.0,poisson_regression,0.38701818115064285
67,2023,11,2.0,poisson_regression,0.34864179421031494
67,2023,12,0.0,poisson_regression,0.33581757996815836
67,2024,1,0.0,poisson_regression,0.3170254618103475
67,2024,2,0.0,poisson_regression,0.3396772213826973
67,2024,3,0.0,poisson_regression,0.35458000977376075
67,2024,4,1.0,poisson_regression,0.3587969419405158
67,2024,5,0.0,poisson_regression,0.38991311783695143
67,2024,6,0.0,poisson_regression,0.42051564981111966
67,2024,7,0.0,poisson_regression,0.42725380694159415
67,2024,8,0.0,poisson_regression,0.45015705278828155
67,2024,9,0.0,poisson_regression,0.44729637037292513
67,2024,11,0.0,poisson_regression,0.3790061642294789
67,2024,12,0.0,poisson_regression,0.34885041911779024
68,2023,11,2.0,poisson_regression,0.37688645709187446
68,2023,12,0.0,poisson_regression,0.36117685075141237
68,2024,1,0.0,poisson_regression,0.3440701409251898
68,2024,2,0.0,poisson_regression,0.36877538758139017
68,2024,3,0.0,poisson_regression,0.38860211080202617
68,2024,4,1.0,poisson_regression,0.39254362645565766
68,2024,5,0.0,poisson_regression,0.44144359005294365
68,2024,6,0.0,poisson_regression,0.4643754577712038
68,2024,7,0.0,poisson_regression,0.46942613042429016
68,2024,8,0.0,poisson_regression,0.4937034589614832
68,2024,9,0.0,poisson_regression,0.5303875962212392
68,2024,11,0.0,poisson_regression,0.4162510883010238
68,2024,12,0.0,poisson_regression,0.37760048878006125
69,2023,11,4.0,poisson_regression,1.3957014852630134
69,2023,12,1.0,poisson_regression,1.1076448120175058
69,2024,1,3.0,poisson_regression,0.9592180883226206
69,2024,2,1.0,poisson_regression,1.239992372051366
69,2024,3,5.0,poisson_regression,1.4985960200536765
69,2024,4,10.0,poisson_regression,1.2872400536299504
69,2024,5,5.0,poisson_regression,1.4126876809299242
69,2024,6,4.0,poisson_regression,1.4293959926531328
69,2024,7,2.0,poisson_regression,1.3547051051906545
69,2024,8,3.0,poisson_regression,1.4583267880061277
69,2024,9,4.0,poisson_regression,1.8355504902036621
69,2024,11,3.0,poisson_regression,1.451835133496122
69,2024,12,4.0,poisson_regression,1.1328341702359384
70,2023,11,1.0,poisson_regression,0.40521240193643343
70,2023,12,0.0,poisson_regression,0.38565058452984347
70,2024,1,0.0,poisson_regression,0.34887884706561334
70,2024,2,0.0,poisson_regression,0.4029474439527329
70,2024,3,0.0,poisson_regression,0.415720661992827
70,2024,4,0.0,poisson_regression,0.41443824503197807
70,2024,5,0.0,poisson_regression,0.44479738471469693
70,2024,6,1.0,poisson_regression,0.48156738802900817
70,2024,7,0.0,poisson_regression,0.505419858401364
70,2024,8,1.0,poisson_regression,0.5329561457027299
70,2024,9,0.0,poisson_regression,0.5313408969277177
70,2024,11,0.0,poisson_regression,0.4343094979871823
70,2024,12,0.0,poisson_regression,0.37655585746896575
71,2023,11,1.0,poisson_regression,0.41306692262066597
71,2023,12,0.0,poisson_regression,0.394524168512834
71,2024,1,0.0,poisson_regression,0.3617745837084162
71,2024,2,0.0,poisson_regression,0.40776938764479065
71,2024,3,0.0,poisson_regression,0.42139073623026907
71,2024,4,0.0,poisson_regression,0.4245560408147257
71,2024,5,0.0,poisson_regression,0.4508521132702712
71,2024,6,1.0,poisson_regression,0.4921138625848629
71,2024,7,0.0,poisson_regression,0.5249501508175873
71,2024,8,1.0,poisson_regression,0.5768322398794186
71,2024,9,0.0,poisson_regression,0.5233471912522041
71,2024,11,0.0,poisson_regression,0.4191275873456643
71,2024,12,0.0,poisson_regression,0.38779942103667897
72,2023,11,1.0,poisson_regression,0.41049909760949
72,2023,12,0.0,poisson_regression,0.38690842183912066
72,2024,1,0.0,poisson_regression,0.33494350159319464
72,2024,2,0.0,poisson_regression,0.3851403446627429
72,2024,3,0.0,poisson_regression,0.40419252331527333
72,2024,4,0.0,poisson_regression,0.39504613264211413
72,2024,5,0.0,poisson_regression,0.4262864258368002
72,2024,6,0.0,poisson_regression,0.45536583608107667
72,2024,7,0.0,poisson_regression,0.4467689497705861
72,2024,8,0.0,poisson_regression,0.47559091424000316
72,2024,9,0.0,poisson_regression,0.48084756513871874
72,2024,11,0.0,poisson_regression,0.4071028719328126
72,2024,12,0.0,poisson_regression,0.3840046641154889
73,2023,11,1.0,poisson_regression,0.5651615693301282
73,2023,12,0.0,poisson_regression,0.5033881939076804
73,2024,1,0.0,poisson_regression,0.6282426925259698
73,2024,2,0.0,poisson_regression,0.5985451383943715
73,2024,3,0.0,poisson_regression,0.6205880856398561
73,2024,4,0.0,poisson_regression,0.6114324953680665
73,2024,5,0.0,poisson_regression,0.6773397404918384
73,2024,6,0.0,poisson_regression,0.7420013174615683
73,2024,7,0.0,poisson_regression,0.6907305254868533
73,2024,8,0.0,poisson_regression,0.7536616765873594
73,2024,9,0.0,poisson_regression,0.7852627460048094
73,2024,11,0.0,poisson_regression,0.5881367410926943
73,2024,12,0.0,poisson_regression,0.5149179679808302
74,2023,11,2.0,poisson_regression,0.4317945458193422
74,2023,12,4.0,poisson_regression,0.4034571697354233
74,2024,1,1.0,poisson_regression,0.3780145098224009
74,2024,2,1.0,poisson_regression,0.4164293447761228
74,2024,3,1.0,poisson_regression,0.43077725279536444
74,2024,4,0.0,poisson_regression,0.42009449443852764
74,2024,5,3.0,poisson_regression,0.4571560600427051
74,2024,6,4.0,poisson_regression,0.48824599974709443
74,2024,7,0.0,poisson_regression,0.47631590143403113
74,2024,8,1.0,poisson_regression,0.49442016525100063
74,2024,9,0.0,poisson_regression,0.5119625201810374
74,2024,11,1.0,poisson_regression,0.45216367792179757
74,2024,12,0.0,poisson_regression,0.42495561430886797
75,2023,11,2.0,poisson_regression,0.46676061612074154
75,2023,12,4.0,poisson_regression,0.42816987514635624
75,2024,1,1.0,poisson_regression,0.4117278646626117
75,2024,2,1.0,poisson_regression,0.44846373543016577
75,2024,3,1.0,poisson_regression,0.4732483154267782
75,2024,4,0.0,poisson_regression,0.46086789915353304
75,2024,5,3.0,poisson_regression,0.5071517742936048
75,2024,6,4.0,poisson_regression,0.5312431544955135
75,2024,7,0.0,poisson_regression,0.4961533487282062
75,2024,8,1.0,poisson_regression,0.5173031274659601
75,2024,9,0.0,poisson_regression,0.557197708316492
75,2024,11,1.0,poisson_regression,0.4851232680605698
75,2024,12,0.0,poisson_regression,0.4489983872377708
76,2023,11,0.0,poisson_regression,0.40632170299615233
76,2023,12,0.0,poisson_regression,0.3848396189206836
76,2024,1,0.0,poisson_regression,0.3402785610031448
76,2024,2,0.0,poisson_regression,0.3870363775493122
76,2024,3,0.0,poisson_regression,0.40443934189119046
76,2024,4,0.0,poisson_regression,0.39692472964773146
76,2024,5,1.0,poisson_regression,0.4217792433481293
76,2024,6,0.0,poisson_regression,0.4431891107918143
76,2024,7,0.0,poisson_regression,0.43880361869719836
76,2024,8,0.0,poisson_regression,0.4184579799929889
76,2024,9,1.0,poisson_regression,0.4708236023662103
76,2024,11,0.0,poisson_regression,0.4020797010334579
76,2024,12,0.0,poisson_regression,0.3757655117622619
77,2023,11,3.0,poisson_regression,0.7145511133473962
77,2023,12,3.0,poisson_regression,0.6482428745461526
77,2024,1,2.0,poisson_regression,0.5673840309952627
77,2024,2,3.0,poisson_regression,0.6668202173639058
77,2024,3,3.0,poisson_regression,0.7389827886805493
77,2024,4,6.0,poisson_regression,0.6931112403710256
77,2024,5,4.0,poisson_regression,0.7790643527826939
77,2024,6,5.0,poisson_regression,0.8224829962771381
77,2024,7,2.0,poisson_regression,0.7908453102831403
77,2024,8,3.0,poisson_regression,0.8371728129937899
77,2024,9,7.0,poisson_regression,0.8845393242258036
77,2024,11,7.0,poisson_regression,0.7362074532224748
77,2024,12,3.0,poisson_regression,0.5337850083046285
78,2023,11,1.0,poisson_regression,0.3241263276616045
78,2023,12,0.0,poisson_regression,0.30681548069458237
78,2024,1,0.0,poisson_regression,0.27262193748485997
78,2024,2,0.0,poisson_regression,0.30565585185784616
78,2024,3,0.0,poisson_regression,0.31101674621010017
78,2024,4,0.0,poisson_regression,0.3130666385913945
78,2024,5,0.0,poisson_regression,0.33950631085137456
78,2024,6,0.0,poisson_regression,0.3523378604451251
78,2024,7,0.0,poisson_regression,0.36885840649362184
78,2024,8,0.0,poisson_regression,0.3831741462601708
78,2024,9,0.0,poisson_regression,0.36494796917459
78,2024,11,0.0,poisson_regression,0.3178294087562992
78,2024,12,0.0,poisson_regression,0.29891088397441373
79,2023,11,1.0,poisson_regression,0.37561233677711464
79,2023,12,0.0,poisson_regression,0.34810334241117386
79,2024,1,0.0,poisson_regression,0.31663052319234697
79,2024,2,0.0,poisson_regression,0.3535783467104946
79,2024,3,0.0,poisson_regression,0.3763979256744106
79,2024,4,0.0,poisson_regression,0.375283204788626
79,2024,5,0.0,poisson_regression,0.41457160392217646
79,2024,6,0.0,poisson_regression,0.4347626898065383
79,2024,7,0.0,poisson_regression,0.44113431025470523
79,2024,8,0.0,poisson_regression,0.4693585973435276
79,2024,9,0.0,poisson_regression,0.4502603240114338
79,2024,11,0.0,poisson_regression,0.3737037946756041
79,2024,12,0.0,poisson_regression,0.3432528307689466
80,2023,11,0.0,poisson_regression,0.3323699338506234
80,2023,12,1.0,poisson_regression,0.3189138583176307
80,2024,1,0.0,poisson_regression,0.2921037066073891
80,2024,2,0.0,poisson_regression,0.3282813425451981
80,2024,3,0.0,poisson_regression,0.32946100127907013
80,2024,4,0.0,poisson_regression,0.34613146578570364
80,2024,5,1.0,poisson_regression,0.4394357627009671
80,2024,12,0.0,poisson_regression,0.5023735656249809
81,2023,11,0.0,poisson_regression,0.3241617174571104
81,2023,12,1.0,poisson_regression,0.31241632878731407
81,2024,1,0.0,poisson_regression,0.29076739049527267
81,2024,2,0.0,poisson_regression,0.3312517174791462
81,2024,3,0.0,poisson_regression,0.33139891414905714
81,2024,4,0.0,poisson_regression,0.382888682723861
81,2024,5,1.0,poisson_regression,0.34506068071846313
81,2024,6,0.0,poisson_regression,0.37091270659435716
81,2024,7,0.0,poisson_regression,0.3719774957074115
81,2024,8,0.0,poisson_regression,0.4114689019371222
81,2024,9,0.0,poisson_regression,0.38853459170090215
81,2024,11,0.0,poisson_regression,0.34029666343791004
81,2024,12,0.0,poisson_regression,0.3135916207719273
82,2023,11,0.0,poisson_regression,0.32723328094143883
82,2023,12,0.0,poisson_regression,0.30857008749289316
82,2024,1,1.0,poisson_regression,0.2708296044027636
82,2024,2,0.0,poisson_regression,0.315768807910183
82,2024,3,0.0,poisson_regression,0.35650899174963446
82,2024,4,0.0,poisson_regression,0.3176792241440045
82,2024,5,0.0,poisson_regression,0.3448722210834949
82,2024,6,0.0,poisson_regression,0.3664436544272265
82,2024,7,0.0,poisson_regression,0.36531150961534453
82,2024,8,0.0,poisson_regression,0.3935738210160341
82,2024,9,0.0,poisson_regression,0.377568284076931
82,2024,11,0.0,poisson_regression,0.3295080332087768
82,2024,12,0.0,poisson_regression,0.30726087231105287
83,2023,11,0.0,poisson_regression,0.3211381523901889
83,2023,12,0.0,poisson_regression,0.30236796315581
83,2024,1,1.0,poisson_regression,0.2671083151968714
83,2024,2,0.0,poisson_regression,0.30439357233994746
83,2024,3,0.0,poisson_regression,0.4282298030286365
83,2024,4,0.0,poisson_regression,0.43179923381839447
83,2024,5,0.0,poisson_regression,0.32364088603973734
83,2024,6,0.0,poisson_regression,0.34958807234944
83,2024,7,0.0,poisson_regression,0.35724256063470267
83,2024,8,0.0,poisson_regression,0.3830050033257792
83,2024,9,0.0,poisson_regression,0.3671713995414065
83,2024,11,0.0,poisson_regression,0.3269074966581783
83,2024,12,0.0,poisson_regression,0.3027901389146998
84,2023,11,0.0,poisson_regression,0.44366301517468104
84,2023,12,0.0,poisson_regression,0.4158810535341682
84,2024,1,0.0,poisson_regression,0.39585128230411215
84,2024,2,0.0,poisson_regression,0.4461789801603129
84,2024,3,1.0,poisson_regression,0.4670029074428533
84,2024,4,0.0,poisson_regression,0.4775229128960202
84,2024,5,0.0,poisson_regression,0.5100455036662699
84,2024,6,0.0,poisson_regression,0.5623903568811266
84,2024,7,1.0,poisson_regression,0.5742568796281
84,2024,8,0.0,poisson_regression,0.6220436384072605
84,2024,9,0.0,poisson_regression,0.5827654210051291
84,2024,11,1.0,poisson_regression,0.4730723452061738
84,2024,12,0.0,poisson_regression,0.43071758867816845
85,2023,11,0.0,poisson_regression,0.35199852252659714
85,2023,12,0.0,poisson_regression,0.3193815778311855
85,2024,1,0.0,poisson_regression,0.29033948889625844
85,2024,2,0.0,poisson_regression,0.3200010868997883
85,2024,3,0.0,poisson_regression,0.3254807176894242
85,2024,4,0.0,poisson_regression,0.31907881001797667
85,2024,5,2.0,poisson_regression,0.34781604639927927
85,2024,6,0.0,poisson_regression,0.3827193704731003
85,2024,7,0.0,poisson_regression,0.7129054773299599
85,2024,8,0.0,poisson_regression,0.40777545566977985
85,2024,9,0.0,poisson_regression,0.40837267642565217
85,2024,11,0.0,poisson_regression,0.34792838367655016
85,2024,12,0.0,poisson_regression,0.32635125490791966
86,2023,11,0.0,poisson_regression,0.3350709553510229
86,2023,12,0.0,poisson_regression,0.3114031421257933
86,2024,1,0.0,poisson_regression,0.2839384346039771
86,2024,2,0.0,poisson_regression,0.3140741288299448
86,2024,3,0.0,poisson_regression,0.3170275903131757
86,2024,4,0.0,poisson_regression,0.3284656171555291
86,2024,5,3.0,poisson_regression,0.3519092020896893
86,2024,6,0.0,poisson_regression,0.3605407602811204
86,2024,7,0.0,poisson_regression,0.3697567360248782
86,2024,8,0.0,poisson_regression,0.3883688968185425
86,2024,9,0.0,poisson_regression,0.3841817396373011
86,2024,11,0.0,poisson_regression,0.3360563234459685
86,2024,12,0.0,poisson_regression,0.3132227019680293
87,2023,11,1.0,poisson_regression,0.5276731074538081
87,2023,12,0.0,poisson_regression,0.4964752017744807
87,2024,1,0.0,poisson_regression,0.4619321091766182
87,2024,2,0.0,poisson_regression,0.5273277863494109
87,2024,3,0.0,poisson_regression,0.5649397285597016
87,2024,4,0.0,poisson_regression,0.5354202909003632
87,2024,5,0.0,poisson_regression,0.6143168625449646
87,2024,6,0.0,poisson_regression,0.6784007437750814
87,2024,7,0.0,poisson_regression,0.5943273298147866
87,2024,8,0.0,poisson_regression,0.6315769731679921
87,2024,9,0.0,poisson_regression,0.7210865772550317
87,2024,11,0.0,poisson_regression,0.5607078679192192
87,2024,12,0.0,poisson_regression,0.5073397175222465
88,2023,11,0.0,poisson_regression,0.3658356646263836
88,2023,12,0.0,poisson_regression,0.35430398524579826
88,2024,1,0.0,poisson_regression,0.3291598105543704
88,2024,2,0.0,poisson_regression,0.36934710026184325
88,2024,3,0.0,poisson_regression,0.40564811551062807
88,2024,4,0.0,poisson_regression,0.3958336588757422
88,2024,5,1.0,poisson_regression,0.41481264845395727
88,2024,6,0.0,poisson_regression,0.4643308654524628
88,2024,7,1.0,poisson_regression,0.4717798429508262
88,2024,8,0.0,poisson_regression,0.5019014755406941
88,2024,9,0.0,poisson_regression,0.4688008892337121
88,2024,11,1.0,poisson_regression,0.38155308666518994
88,2024,12,0.0,poisson_regression,0.35238161096939047
89,2023,11,0.0,poisson_regression,0.5750973040616332
89,2023,12,0.0,poisson_regression,0.5474119979010429
89,2024,1,0.0,poisson_regression,0.508202325646653
89,2024,2,0.0,poisson_regression,0.5710469675012646
89,2024,3,0.0,poisson_regression,0.6557690204645288
89,2024,4,0.0,poisson_regression,0.6192950904937873
89,2024,5,1.0,poisson_regression,0.7249067399887688
89,2024,6,0.0,poisson_regression,0.7983986197493775
89,2024,7,1.0,poisson_regression,0.6967706355290849
89,2024,8,0.0,poisson_regression,0.7628797998642276
89,2024,9,0.0,poisson_regression,0.839893585849934
89,2024,11,1.0,poisson_regression,0.6238416321552125
89,2024,12,0.0,poisson_regression,0.5519654456106392
90,2023,11,0.0,poisson_regression,0.35525555088882177
90,2023,12,1.0,poisson_regression,0.3377035564482392
90,2024,1,0.0,poisson_regression,0.3301090348452325
90,2024,2,0.0,poisson_regression,0.357149947852551
90,2024,3,0.0,poisson_regression,0.3717856037067327
90,2024,4,0.0,poisson_regression,0.38471085981576186
90,2024,5,0.0,poisson_regression,0.39257263959613214
90,2024,6,0.0,poisson_regression,0.43906040846040484
90,2024,7,0.0,poisson_regression,0.44339487489353563
90,2024,8,0.0,poisson_regression,0.47385070251365763
90,2024,9,0.0,poisson_regression,0.4433791707285618
90,2024,11,0.0,poisson_regression,0.37473983586615983
90,2024,12,0.0,poisson_regression,0.3571148801608663
91,2023,11,0.0,poisson_regression,0.35349994126789874
91,2023,12,1.0,poisson_regression,0.3373128743138366
91,2024,1,0.0,poisson_regression,0.33067553169081354
91,2024,2,0.0,poisson_regression,0.3561027581692755
91,2024,3,0.0,poisson_regression,0.36968640314980084
91,2024,4,0.0,poisson_regression,0.3832448974096301
91,2024,5,0.0,poisson_regression,0.39730955907620474
91,2024,6,0.0,poisson_regression,0.43822084104511055
91,2024,7,0.0,poisson_regression,0.44407339205100266
91,2024,8,0.0,poisson_regression,0.4797733709969237
91,2024,9,0.0,poisson_regression,0.44270730554447413
91,2024,11,0.0,poisson_regression,0.3732516005599469
91,2024,12,0.0,poisson_regression,0.3591986570926646
92,2023,11,0.0,poisson_regression,0.37849765724833323
92,2023,12,0.0,poisson_regression,0.356921713590961
92,2024,1,0.0,poisson_regression,0.3344293783207444
92,2024,2,0.0,poisson_regression,0.3591571187975186
92,2024,3,0.0,poisson_regression,0.3857795362232643
92,2024,4,0.0,poisson_regression,0.3910321199361117
92,2024,5,0.0,poisson_regression,0.4068557341516627
92,2024,6,0.0,poisson_regression,0.4612114913702556
92,2024,7,0.0,poisson_regression,0.44904521826120597
92,2024,8,0.0,poisson_regression,0.4766496213153458
92,2024,9,0.0,poisson_regression,0.47198919179461907
92,2024,11,0.0,poisson_regression,0.391459853858883
92,2024,12,0.0,poisson_regression,0.36602545630410743
93,2023,11,0.0,poisson_regression,0.3835354114534144
93,2023,12,0.0,poisson_regression,0.35923160097475637
93,2024,1,0.0,poisson_regression,0.3348708348744058
93,2024,2,0.0,poisson_regression,0.36643597192767285
93,2024,3,0.0,poisson_regression,0.38723696392824675
93,2024,4,0.0,poisson_regression,0.40296497818367905
93,2024,5,0.0,poisson_regression,0.41829260997771045
93,2024,6,0.0,poisson_regression,0.4563413078284804
93,2024,7,0.0,poisson_regression,0.4520258344082991
93,2024,8,0.0,poisson_regression,0.4871872885127216
93,2024,9,0.0,poisson_regression,0.47993100338694583
93,2024,11,0.0,poisson_regression,0.3966082527011422
93,2024,12,0.0,poisson_regression,0.37044346032741854
94,2023,11,0.0,poisson_regression,0.3372009374854592
94,2023,12,0.0,poisson_regression,0.31815344985002314
94,2024,1,0.0,poisson_regression,0.2924867112401709
94,2024,2,0.0,poisson_regression,0.3164934032010563
94,2024,3,0.0,poisson_regression,0.3170243463616837
94,2024,4,1.0,poisson_regression,0.3142941497865995
94,2024,5,0.0,poisson_regression,0.33640904296390595
94,2024,6,0.0,poisson_regression,0.37019306515658473
94,2024,7,0.0,poisson_regression,0.4453969120017831
94,2024,8,0.0,poisson_regression,0.4693626730659188
94,2024,9,1.0,poisson_regression,0.4571646676025987
94,2024,11,1.0,poisson_regression,0.37486089582912896
94,2024,12,0.0,poisson_regression,0.3803537935475692
95,2023,11,0.0,poisson_regression,0.39250657780283976
95,2023,12,0.0,poisson_regression,0.3667005313034208
95,2024,1,1.0,poisson_regression,0.3518666945742409
95,2024,2,0.0,poisson_regression,0.37937485492892
95,2024,3,0.0,poisson_regression,0.38034858985008413
95,2024,4,0.0,poisson_regression,0.39131603263181786
95,2024,5,0.0,poisson_regression,0.41151360699801054
95,2024,6,0.0,poisson_regression,0.4557008264923531
95,2024,7,0.0,poisson_regression,0.48405600666139087
95,2024,8,2.0,poisson_regression,0.4700383727461978
95,2024,9,0.0,poisson_regression,0.46188941092714697
95,2024,11,0.0,poisson_regression,0.41569430361024184
95,2024,12,0.0,poisson_regression,0.4023431419507924
96,2023,11,0.0,poisson_regression,0.3822657382518837
96,2023,12,0.0,poisson_regression,0.361387795917656
96,2024,1,1.0,poisson_regression,0.34334529961149407
96,2024,2,0.0,poisson_regression,0.3736097413410786
96,2024,3,0.0,poisson_regression,0.3718862699442398
96,2024,4,0.0,poisson_regression,0.38377613651080567
96,2024,5,0.0,poisson_regression,0.4057681508808034
96,2024,6,0.0,poisson_regression,0.43834646183179515
96,2024,7,0.0,poisson_regression,0.45167715442671463
96,2024,8,2.0,poisson_regression,0.48042561590010463
96,2024,9,0.0,poisson_regression,0.45709754457273144
96,2024,11,0.0,poisson_regression,0.3522849651404743
96,2024,12,0.0,poisson_regression,0.4092509233683981
97,2023,11,0.0,poisson_regression,0.3356622640579818
97,2023,12,0.0,poisson_regression,0.32201781287262315
97,2024,1,1.0,poisson_regression,0.3009865048485545
97,2024,2,0.0,poisson_regression,0.33625156606217116
97,2024,3,0.0,poisson_regression,0.3492168322929785
97,2024,4,0.0,poisson_regression,0.34373389907900237
97,2024,5,0.0,poisson_regression,0.35780534349006304
97,2024,6,0.0,poisson_regression,0.3994309757467173
97,2024,7,1.0,poisson_regression,0.39535709596296226
97,2024,8,0.0,poisson_regression,0.4145181859252577
97,2024,9,0.0,poisson_regression,0.4133060068091248
97,2024,11,0.0,poisson_regression,0.3556460861543772
97,2024,12,0.0,poisson_regression,0.3208143928841095
98,2023,11,0.0,poisson_regression,0.3391295063233812
98,2023,12,0.0,poisson_regression,0.3246692815043776
98,2024,1,1.0,poisson_regression,0.3031088489966995
98,2024,2,0.0,poisson_regression,0.3348939045330525
98,2024,3,0.0,poisson_regression,0.35200895823614503
98,2024,4,0.0,poisson_regression,0.3444331969281393
98,2024,5,0.0,poisson_regression,0.3580256462657664
98,2024,6,0.0,poisson_regression,0.40351362816784675
98,2024,7,1.0,poisson_regression,0.40071700242266683
98,2024,8,0.0,poisson_regression,0.41731112117749325
98,2024,9,0.0,poisson_regression,0.4181388904592762
98,2024,11,0.0,poisson_regression,0.3602126895816423
98,2024,12,0.0,poisson_regression,0.32375530684008225
99,2023,11,1.0,poisson_regression,0.351671796720672
99,2023,12,0.0,poisson_regression,0.3300790875333154
99,2024,1,0.0,poisson_regression,0.3116905255389217
99,2024,2,2.0,poisson_regression,0.33790374979469723
99,2024,3,0.0,poisson_regression,0.33065598973336946
99,2024,4,1.0,poisson_regression,0.34289091851566117
99,2024,5,1.0,poisson_regression,0.3522666152167149
99,2024,6,2.0,poisson_regression,0.3758543692396443
99,2024,7,1.0,poisson_regression,0.38336782589303803
99,2024,8,2.0,poisson_regression,0.39986348704472846
99,2024,9,2.0,poisson_regression,0.3940720918615841
99,2024,11,1.0,poisson_regression,0.33751708001470476
99,2024,12,1.0,poisson_regression,0.3330885607947579
100,2023,11,1.0,poisson_regression,0.8060637300320757
100,2023,12,0.0,poisson_regression,0.7715853144114949
100,2024,1,0.0,poisson_regression,0.7080316860017176
100,2024,2,2.0,poisson_regression,0.9169698439293213
100,2024,3,0.0,poisson_regression,1.1633922237822425
100,2024,4,1.0,poisson_regression,1.0512105567888463
100,2024,5,1.0,poisson_regression,1.1675028775708518
100,2024,6,2.0,poisson_regression,1.2081310974164425
100,2024,7,1.0,poisson_regression,1.2313142094809773
100,2024,8,2.0,poisson_regression,1.1227477086924438
100,2024,9,2.0,poisson_regression,1.1515604762386782
100,2024,11,1.0,poisson_regression,0.906883454882979
100,2024,12,1.0,poisson_regression,0.7989683330930588
101,2023,11,1.0,poisson_regression,0.4047071062923807
101,2023,12,0.0,poisson_regression,0.3958888426907487
101,2024,1,1.0,poisson_regression,0.3518979102202118
101,2024,2,1.0,poisson_regression,0.40122791670358987
101,2024,3,1.0,poisson_regression,0.42507500487467087
101,2024,4,1.0,poisson_regression,0.4349180221495307
101,2024,5,0.0,poisson_regression,0.4660455579759746
101,2024,6,0.0,poisson_regression,0.528815301685951
101,2024,7,0.0,poisson_regression,0.5320363877753715
101,2024,8,1.0,poisson_regression,0.5515716471083173
101,2024,9,0.0,poisson_regression,0.5265736889110081
101,2024,11,1.0,poisson_regression,0.4391686827948505
101,2024,12,1.0,poisson_regression,0.4140094917747096
102,2023,11,1.0,poisson_regression,0.3817006034295924
102,2023,12,0.0,poisson_regression,0.3736132479914021
102,2024,1,1.0,poisson_regression,0.3336551652073517
102,2024,2,1.0,poisson_regression,0.37724732799274996
102,2024,3,1.0,poisson_regression,0.3968036034536587
102,2024,4,1.0,poisson_regression,0.3941815379992382
102,2024,5,0.0,poisson_regression,0.42294096731646535
102,2024,6,0.0,poisson_regression,0.4809370669337226
102,2024,7,0.0,poisson_regression,0.48109095698201715
102,2024,8,1.0,poisson_regression,0.4871080636170732
102,2024,9,0.0,poisson_regression,0.47727950411116304
102,2024,11,1.0,poisson_regression,0.3990805695906426
102,2024,12,1.0,poisson_regression,0.3845555411302493
103,2023,11,0.0,poisson_regression,0.3440116438164051
103,2023,12,0.0,poisson_regression,0.33622454717028205
103,2024,1,0.0,poisson_regression,0.31961908356438967
103,2024,2,0.0,poisson_regression,0.34813472919092553
103,2024,3,0.0,poisson_regression,0.3535083270030945
103,2024,4,0.0,poisson_regression,0.3593293966513831
103,2024,5,0.0,poisson_regression,0.3764498519621999
103,2024,6,0.0,poisson_regression,0.4104198527575895
103,2024,7,0.0,poisson_regression,0.41476623123750456
103,2024,8,0.0,poisson_regression,0.4445418115462249
103,2024,9,0.0,poisson_regression,0.42937066058095924
103,2024,11,0.0,poisson_regression,0.36524875456943645
103,2024,12,0.0,poisson_regression,0.3528225739134328
104,2023,11,0.0,poisson_regression,0.34570802660372785
104,2023,12,0.0,poisson_regression,0.33804387101894684
104,2024,1,0.0,poisson_regression,0.3231784037164643
104,2024,2,0.0,poisson_regression,0.3617391344766348
104,2024,3,0.0,poisson_regression,0.3619582802143911
104,2024,4,0.0,poisson_regression,0.3639729860311396
104,2024,5,0.0,poisson_regression,0.37904330512034545
104,2024,6,0.0,poisson_regression,0.4296118477678454
104,2024,7,0.0,poisson_regression,0.41909464840899924
104,2024,8,0.0,poisson_regression,0.44850800223890314
104,2024,9,0.0,poisson_regression,0.43189104236207404
104,2024,11,0.0,poisson_regression,0.3659314400203312
104,2024,12,0.0,poisson_regression,0.3568470364671956
105,2023,11,0.0,poisson_regression,0.30566615492478827
105,2023,12,0.0,poisson_regression,0.2915963156263745
105,2024,1,0.0,poisson_regression,0.25823284540935454
105,2024,2,1.0,poisson_regression,0.2900764928300354
105,2024,3,0.0,poisson_regression,0.28253048298679656
105,2024,4,0.0,poisson_regression,0.28470447942836236
105,2024,5,0.0,poisson_regression,0.2983026710252281
105,2024,6,0.0,poisson_regression,0.3178817012070423
105,2024,7,0.0,poisson_regression,0.32015457882040294
105,2024,8,0.0,poisson_regression,0.3345307592063431
105,2024,9,0.0,poisson_regression,0.3250835376468937
105,2024,11,0.0,poisson_regression,0.30968700031705465
105,2024,12,0.0,poisson_regression,0.2893722159142691
106,2023,11,0.0,poisson_regression,0.340450547853913
106,2023,12,0.0,poisson_regression,0.3189619708066601
106,2024,1,0.0,poisson_regression,0.283417445666965
106,2024,2,1.0,poisson_regression,0.32333993358362595
106,2024,3,0.0,poisson_regression,0.32266785313500096
106,2024,4,0.0,poisson_regression,0.3223924112806307
106,2024,5,0.0,poisson_regression,0.34503673455867406
106,2024,6,0.0,poisson_regression,0.3631502181816365
106,2024,7,0.0,poisson_regression,0.3707096062079527
106,2024,8,0.0,poisson_regression,0.39192691724733986
106,2024,9,0.0,poisson_regression,0.3756275409421979
106,2024,11,0.0,poisson_regression,0.334990620869169
106,2024,12,0.0,poisson_regression,0.3126074456573488
107,2023,11,2.0,poisson_regression,2.5220216972614247
107,2023,12,4.0,poisson_regression,2.0722021102919927
107,2024,1,2.0,poisson_regression,1.6435331606545849
107,2024,2,3.0,poisson_regression,2.3691384948039906
107,2024,3,3.0,poisson_regression,3.534561803114656
107,2024,4,6.0,poisson_regression,2.9433924425543725
107,2024,5,4.0,poisson_regression,3.986379322959733
107,2024,6,5.0,poisson_regression,4.590428039838176
107,2024,7,2.0,poisson_regression,3.869165777445677
107,2024,8,3.0,poisson_regression,4.475276762303978
107,2024,9,6.0,poisson_regression,4.957830249780032
107,2024,11,7.0,poisson_regression,2.889937178609507
107,2024,12,3.0,poisson_regression,2.908847626497242
108,2023,11,0.0,poisson_regression,0.5440657022785869
108,2023,12,0.0,poisson_regression,0.48314565734229203
108,2024,1,0.0,poisson_regression,0.4342056087911588
108,2024,2,0.0,poisson_regression,0.5127903667547367
108,2024,3,0.0,poisson_regression,0.5753036540471409
108,2024,4,0.0,poisson_regression,0.5935830658917812
108,2024,5,1.0,poisson_regression,0.6315150985482053
108,2024,6,0.0,poisson_regression,0.6965100402628849
108,2024,7,0.0,poisson_regression,0.6070031778179427
108,2024,8,0.0,poisson_regression,0.6477237126515089
108,2024,9,1.0,poisson_regression,0.7364009234296912
108,2024,11,0.0,poisson_regression,0.5663768190791002
108,2024,12,0.0,poisson_regression,0.49052813722677363
109,2023,11,0.0,poisson_regression,0.7543797146942247
109,2023,12,0.0,poisson_regression,0.6824494211779523
109,2024,1,0.0,poisson_regression,0.5967096873648626
109,2024,2,0.0,poisson_regression,0.7297720179742314
109,2024,3,0.0,poisson_regression,0.884316041721532
109,2024,4,0.0,poisson_regression,0.8477129960122766
109,2024,5,0.0,poisson_regression,1.1120462473697184
109,2024,6,0.0,poisson_regression,1.2204771752657404
109,2024,7,0.0,poisson_regression,1.0372155044252565
109,2024,8,0.0,poisson_regression,1.2675109334450674
109,2024,9,2.0,poisson_regression,1.3443966449863025
109,2024,11,0.0,poisson_regression,0.8517103835349389
109,2024,12,0.0,poisson_regression,0.7142082500845643
110,2023,11,0.0,poisson_regression,0.5633417109189698
110,2023,12,0.0,poisson_regression,0.5522121210147501
110,2024,1,0.0,poisson_regression,0.5190625129347296
110,2024,2,0.0,poisson_regression,0.6085191818159262
110,2024,3,0.0,poisson_regression,0.6886354401835779
110,2024,4,1.0,poisson_regression,0.6915396062493688
110,2024,5,0.0,poisson_regression,0.7679088407953544
110,2024,6,0.0,poisson_regression,0.8688424840393105
110,2024,7,0.0,poisson_regression,0.8415653233027005
110,2024,8,0.0,poisson_regression,0.8587027665895679
110,2024,9,1.0,poisson_regression,0.790592937800332
110,2024,11,1.0,poisson_regression,0.5893457094872498
110,2024,12,0.0,poisson_regression,0.509434591923412
111,2023,11,0.0,poisson_regression,0.41798880987987824
111,2023,12,0.0,poisson_regression,0.3896526555804907
111,2024,1,0.0,poisson_regression,0.35664445710090315
111,2024,2,0.0,poisson_regression,0.4171780842564136
111,2024,3,0.0,poisson_regression,0.4516829325015166
111,2024,4,1.0,poisson_regression,0.4382473399922835
111,2024,5,0.0,poisson_regression,0.5064570022199215
111,2024,6,2.0,poisson_regression,0.5445113723432021
111,2024,7,0.0,poisson_regression,0.53928119142578
111,2024,8,2.0,poisson_regression,0.5856135251060569
111,2024,9,0.0,poisson_regression,0.5729834451564917
111,2024,11,1.0,poisson_regression,0.45157792650846557
111,2024,12,0.0,poisson_regression,0.3963469205064342
112,2023,11,0.0,poisson_regression,0.4902457862861866
112,2023,12,0.0,poisson_regression,0.4456733366419796
112,2024,1,1.0,poisson_regression,0.4228575345282683
112,2024,2,0.0,poisson_regression,0.4724716385176991
112,2024,3,0.0,poisson_regression,0.5079292854946571
112,2024,4,0.0,poisson_regression,0.5029554696892999
112,2024,5,0.0,poisson_regression,0.5195242066394093
112,2024,6,0.0,poisson_regression,0.592471287214708
112,2024,7,0.0,poisson_regression,0.6076744712515757
112,2024,8,2.0,poisson_regression,0.6454138576223402
112,2024,9,0.0,poisson_regression,0.6139114672850803
112,2024,11,0.0,poisson_regression,0.5020647565053541
112,2024,12,0.0,poisson_regression,0.43837292875267475
113,2023,11,0.0,poisson_regression,0.3661267399009352
113,2023,12,0.0,poisson_regression,0.3529201539030149
113,2024,1,0.0,poisson_regression,0.3219064272652665
113,2024,2,0.0,poisson_regression,0.36656048530139607
113,2024,3,0.0,poisson_regression,0.3777701610216433
113,2024,4,0.0,poisson_regression,0.3804788502454597
113,2024,5,0.0,poisson_regression,0.41290099556689835
113,2024,6,0.0,poisson_regression,0.4459167568840189
113,2024,7,0.0,poisson_regression,0.4453813765315898
113,2024,8,0.0,poisson_regression,0.5093299647534889
113,2024,9,0.0,poisson_regression,0.463266451588753
113,2024,11,0.0,poisson_regression,0.3833886910981626
113,2024,12,1.0,poisson_regression,0.3482619581945799
114,2023,11,0.0,poisson_regression,0.30163160356402996
114,2023,12,0.0,poisson_regression,0.2902639539601616
114,2024,1,0.0,poisson_regression,0.2709082252724456
114,2024,2,0.0,poisson_regression,0.2980949299152769
114,2024,3,0.0,poisson_regression,0.2921220086389819
114,2024,4,0.0,poisson_regression,0.3005415107512982
114,2024,5,0.0,poisson_regression,0.30660755872132706
114,2024,6,0.0,poisson_regression,0.32849581930114424
114,2024,7,0.0,poisson_regression,0.3378494015155424
114,2024,8,0.0,poisson_regression,0.3521286020807846
114,2024,9,0.0,poisson_regression,0.3454592225898041
114,2024,11,0.0,poisson_regression,0.30393495780585217
114,2024,12,1.0,poisson_regression,0.28841497115065434
115,2023,11,0.0,poisson_regression,0.5052820426655364
115,2023,12,0.0,poisson_regression,0.47736421129753687
115,2024,1,0.0,poisson_regression,0.45088790883835106
115,2024,2,1.0,poisson_regression,0.5059222889887033
115,2024,3,1.0,poisson_regression,0.5396207457725019
115,2024,4,1.0,poisson_regression,0.5395936994694955
115,2024,5,0.0,poisson_regression,0.6727134213321354
115,2024,6,1.0,poisson_regression,0.713279811770911
115,2024,7,0.0,poisson_regression,0.6742696112987507
115,2024,8,1.0,poisson_regression,0.790707053885538
115,2024,9,0.0,poisson_regression,0.72490235971258
115,2024,11,0.0,poisson_regression,0.544587767430204
115,2024,12,0.0,poisson_regression,0.48847469480241806
116,2023,11,0.0,poisson_regression,0.38378635613833384
116,2023,12,0.0,poisson_regression,0.3634258241873728
116,2024,1,1.0,poisson_regression,0.3452405640316165
116,2024,2,1.0,poisson_regression,0.3626098669279843
116,2024,3,1.0,poisson_regression,0.3895777704121759
116,2024,4,0.0,poisson_regression,0.3878103807527909
116,2024,5,1.0,poisson_regression,0.4282220326568766
116,2024,6,0.0,poisson_regression,0.44279351631433495
116,2024,7,1.0,poisson_regression,0.4443680246824708
116,2024,8,0.0,poisson_regression,0.4643085886403654
116,2024,9,1.0,poisson_regression,0.46340669402585
116,2024,11,1.0,poisson_regression,0.3849081163197727
116,2024,12,0.0,poisson_regression,0.3511753900778612
117,2023,11,0.0,poisson_regression,0.3887970554735958
117,2023,12,0.0,poisson_regression,0.3714243369707702
117,2024,1,1.0,poisson_regression,0.3527809840978547
117,2024,2,1.0,poisson_regression,0.3726203629678784
117,2024,3,1.0,poisson_regression,0.3967015779189967
117,2024,4,0.0,poisson_regression,0.40835698694162054
117,2024,5,1.0,poisson_regression,0.4425233654085322
117,2024,6,0.0,poisson_regression,0.48650575634007187
117,2024,7,1.0,poisson_regression,0.4920629568055726
117,2024,8,0.0,poisson_regression,0.51703461192222
117,2024,9,1.0,poisson_regression,0.5007377459189091
117,2024,11,1.0,poisson_regression,0.40647831786744265
117,2024,12,0.0,poisson_regression,0.36910731991369206
118,2023,11,2.0,poisson_regression,0.6458889662076489
118,2023,12,0.0,poisson_regression,0.6009250357348634
118,2024,1,0.0,poisson_regression,0.5412054065105525
118,2024,2,1.0,poisson_regression,0.6137321927360396
118,2024,3,0.0,poisson_regression,0.644378318388163
118,2024,4,1.0,poisson_regression,0.616163743016245
118,2024,5,2.0,poisson_regression,0.6813704397629915
118,2024,6,4.0,poisson_regression,0.754327765153003
118,2024,7,0.0,poisson_regression,0.7238598435348087
118,2024,8,0.0,poisson_regression,0.7440914733788112
118,2024,9,0.0,poisson_regression,0.7973299048832395
118,2024,11,1.0,poisson_regression,0.6730959009505066
118,2024,12,1.0,poisson_regression,0.5745063842512727
119,2023,11,2.0,poisson_regression,0.28684348707231494
119,2023,12,0.0,poisson_regression,0.282293561720514
119,2024,1,0.0,poisson_regression,0.2607480735535468
119,2024,2,1.0,poisson_regression,0.2797989464821272
119,2024,3,0.0,poisson_regression,0.2726318549818489
119,2024,4,1.0,poisson_regression,0.277581003235301
119,2024,5,2.0,poisson_regression,0.286386146381133
119,2024,6,4.0,poisson_regression,0.30404690258614997
119,2024,7,0.0,poisson_regression,0.31114169287194476
119,2024,8,0.0,poisson_regression,0.32190604518516897
119,2024,9,0.0,poisson_regression,0.31776497723818536
119,2024,11,1.0,poisson_regression,0.5324865905784184
119,2024,12,1.0,poisson_regression,0.49454471256951754
120,2023,11,0.0,poisson_regression,0.30534673053448946
120,2023,12,1.0,poisson_regression,0.2986290018163811
120,2024,1,0.0,poisson_regression,0.28045216451352184
120,2024,2,0.0,poisson_regression,0.29904259656746524
120,2024,3,0.0,poisson_regression,0.31055257055870045
120,2024,4,0.0,poisson_regression,0.32163083249200297
120,2024,5,1.0,poisson_regression,0.33685711347479513
120,2024,6,0.0,poisson_regression,0.37400355893662085
120,2024,7,0.0,poisson_regression,0.37689668474348775
120,2024,8,1.0,poisson_regression,0.3955330456262198
120,2024,9,2.0,poisson_regression,0.3646646911957639
120,2024,11,0.0,poisson_regression,0.3163164984028249
120,2024,12,1.0,poisson_regression,0.29213032270432193
121,2023,11,0.0,poisson_regression,0.39423690994921845
121,2023,12,1.0,poisson_regression,0.3935779057546467
121,2024,1,0.0,poisson_regression,0.3572147043847932
121,2024,2,0.0,poisson_regression,0.38787059411697006
121,2024,3,0.0,poisson_regression,0.4243486134994731
121,2024,4,0.0,poisson_regression,0.41592069566198997
121,2024,5,1.0,poisson_regression,0.4615454790889334
121,2024,6,0.0,poisson_regression,0.4867949372172111
121,2024,7,0.0,poisson_regression,0.47481678671902483
121,2024,8,1.0,poisson_regression,0.5313100061013469
121,2024,9,1.0,poisson_regression,0.4989607411827671
121,2024,11,0.0,poisson_regression,0.4366374637500591
121,2024,12,1.0,poisson_regression,0.36718827794242415
122,2023,11,2.0,poisson_regression,0.8666957984242314
122,2023,12,3.0,poisson_regression,0.784115980537541
122,2024,1,2.0,poisson_regression,0.7621337861449902
122,2024,2,1.0,poisson_regression,0.7934082163567304
122,2024,3,1.0,poisson_regression,0.9386747670399713
122,2024,4,2.0,poisson_regression,0.8739885574393786
122,2024,5,2.0,poisson_regression,1.1442257275785446
122,2024,6,3.0,poisson_regression,1.2488708151188752
122,2024,7,3.0,poisson_regression,0.9372991816387422
122,2024,8,1.0,poisson_regression,0.5211156201329853
122,2024,9,2.0,poisson_regression,0.32423457817407114
122,2024,11,1.0,poisson_regression,0.2975281610956734
122,2024,12,3.0,poisson_regression,0.28709209873567154
123,2024,11,0.0,poisson_regression,0.4496725841210082
123,2024,12,0.0,poisson_regression,0.4629975684947136
124,2023,11,0.0,poisson_regression,0.3110114562167162
124,2023,12,0.0,poisson_regression,0.2553745799843863
124,2024,1,0.0,poisson_regression,0.23691659576995472
124,2024,2,0.0,poisson_regression,0.2542673143794002
124,2024,3,0.0,poisson_regression,0.24656345372078314
124,2024,4,1.0,poisson_regression,0.2527205755896066
124,2024,5,0.0,poisson_regression,0.257400165888318
124,2024,6,0.0,poisson_regression,0.27562172160873577
124,2024,7,0.0,poisson_regression,0.28226000479399566
124,2024,8,0.0,poisson_regression,0.3134269865130208
124,2024,11,0.0,poisson_regression,0.44903368926575005
124,2024,12,0.0,poisson_regression,0.46233974150024265
125,2023,11,2.0,poisson_regression,0.6578338774437771
125,2023,12,3.0,poisson_regression,0.6214170606571905
125,2024,1,2.0,poisson_regression,0.5899816775124505
125,2024,2,1.0,poisson_regression,0.6401272857309214
125,2024,3,1.0,poisson_regression,0.7180621303366093
125,2024,4,2.0,poisson_regression,0.68608309942671
125,2024,5,2.0,poisson_regression,0.8099762399997952
125,2024,6,3.0,poisson_regression,0.8958538488059755
125,2024,7,3.0,poisson_regression,0.7434407907869419
125,2024,8,1.0,poisson_regression,1.502298076599978
125,2024,9,2.0,poisson_regression,2.1682014946945096
125,2024,11,1.0,poisson_regression,1.321162637536618
125,2024,12,3.0,poisson_regression,1.018482053614612
126,2023,11,0.0,poisson_regression,0.44049820233098813
126,2023,12,0.0,poisson_regression,0.4210344129276359
126,2024,1,2.0,poisson_regression,0.4073658022293948
126,2024,2,1.0,poisson_regression,0.440018224812395
126,2024,3,0.0,poisson_regression,0.4882320118749162
126,2024,4,0.0,poisson_regression,0.47276165203482673
126,2024,5,2.0,poisson_regression,0.5158470920299179
126,2024,6,0.0,poisson_regression,0.5690155040335932
126,2024,7,0.0,poisson_regression,0.5671204116834357
126,2024,8,0.0,poisson_regression,0.6043777824660254
126,2024,9,0.0,poisson_regression,0.5846985036676893
126,2024,11,2.0,poisson_regression,0.6087966268946912
126,2024,12,0.0,poisson_regression,0.41951735019769315
127,2023,11,0.0,poisson_regression,0.45419090105303345
127,2023,12,0.0,poisson_regression,0.454241871170629
127,2024,1,1.0,poisson_regression,0.3948378753418687
127,2024,2,0.0,poisson_regression,0.44835789647799645
127,2024,3,0.0,poisson_regression,0.47447173579154184
127,2024,4,0.0,poisson_regression,0.46502974295885563
127,2024,5,0.0,poisson_regression,0.5209386955854922
127,2024,6,0.0,poisson_regression,0.5569818189353775
127,2024,7,0.0,poisson_regression,0.5718288478701519
127,2024,8,2.0,poisson_regression,0.596374220905597
127,2024,9,0.0,poisson_regression,0.5772496420191984
127,2024,11,0.0,poisson_regression,0.4744931433101415
127,2024,12,0.0,poisson_regression,0.4062174208552318
128,2023,11,0.0,poisson_regression,0.37135223512927046
128,2023,12,0.0,poisson_regression,0.36207029201267593
128,2024,1,0.0,poisson_regression,0.34047430467379813
128,2024,2,0.0,poisson_regression,0.3619963108302997
128,2024,3,1.0,poisson_regression,0.3730372844645976
128,2024,4,1.0,poisson_regression,0.3761089728064002
128,2024,5,0.0,poisson_regression,0.4038097159267867
128,2024,6,2.0,poisson_regression,0.4316539479063282
128,2024,7,1.0,poisson_regression,0.4257193493140478
128,2024,8,0.0,poisson_regression,0.48040911599734093
128,2024,9,1.0,poisson_regression,0.44490899624724006
128,2024,11,0.0,poisson_regression,0.3904368688818302
128,2024,12,0.0,poisson_regression,0.3610727318723603
129,2023,11,0.0,poisson_regression,0.3654996401151717
129,2023,12,0.0,poisson_regression,0.35247046497156764
129,2024,1,0.0,poisson_regression,0.33223124814037575
129,2024,2,0.0,poisson_regression,0.35284579581627695
129,2024,3,1.0,poisson_regression,0.36457089373499535
129,2024,4,1.0,poisson_regression,0.3705866877616855
129,2024,5,0.0,poisson_regression,0.39995653011865606
129,2024,6,2.0,poisson_regression,0.41677505380436014
129,2024,7,0.0,poisson_regression,0.41769122164067846
129,2024,8,0.0,poisson_regression,0.5687105549747236
129,2024,9,1.0,poisson_regression,0.4308644768061648
129,2024,11,0.0,poisson_regression,0.3826285097378821
129,2024,12,0.0,poisson_regression,0.3545713148703024
131,2023,11,0.0,poisson_regression,0.36317656667398945
131,2023,12,0.0,poisson_regression,0.35153671369154776
131,2024,1,0.0,poisson_regression,0.32126001377537144
131,2024,2,0.0,poisson_regression,0.36574921382733033
131,2024,3,0.0,poisson_regression,0.37870797089427555
131,2024,4,0.0,poisson_regression,0.40442949320697485
131,2024,5,1.0,poisson_regression,0.4423134658669839
131,2024,6,0.0,poisson_regression,0.4745550293363586
131,2024,7,0.0,poisson_regression,0.48991342360588697
131,2024,8,0.0,poisson_regression,0.5386225007031926
131,2024,9,0.0,poisson_regression,0.47536537097534626
131,2024,11,0.0,poisson_regression,0.3829086085032408
131,2024,12,0.0,poisson_regression,0.3427904198345584
132,2023,11,0.0,poisson_regression,0.32480010924764857
132,2023,12,0.0,poisson_regression,0.3130715647972351
132,2024,1,0.0,poisson_regression,0.29414710879819655
132,2024,2,0.0,poisson_regression,0.3203932580105217
132,2024,3,0.0,poisson_regression,0.32775587095796765
132,2024,4,0.0,poisson_regression,0.3400202515744565
132,2024,5,0.0,poisson_regression,0.35272596877532286
132,2024,6,0.0,poisson_regression,0.38427626462990166
132,2024,7,0.0,poisson_regression,0.3936067393120504
132,2024,8,0.0,poisson_regression,0.41496548298419456
132,2024,9,1.0,poisson_regression,0.3961381732423998
132,2024,11,0.0,poisson_regression,0.3417938599152455
132,2024,12,1.0,poisson_regression,0.31455234388843356
133,2023,11,0.0,poisson_regression,0.31682920885194876
133,2023,12,0.0,poisson_regression,0.2965656952414508
133,2024,1,0.0,poisson_regression,0.28183062535626685
133,2024,2,0.0,poisson_regression,0.3055932867017244
133,2024,3,0.0,poisson_regression,0.3106346180156349
133,2024,4,0.0,poisson_regression,0.31809309746663644
133,2024,5,0.0,poisson_regression,0.3344971303382082
133,2024,6,0.0,poisson_regression,0.36620500587986754
133,2024,7,0.0,poisson_regression,0.3719144983236961
133,2024,8,0.0,poisson_regression,0.38728825958914415
133,2024,9,1.0,poisson_regression,0.37658185061458666
133,2024,11,0.0,poisson_regression,0.32483916758119435
133,2024,12,1.0,poisson_regression,0.3171628625842604
134,2023,11,0.0,poisson_regression,0.41321386102492014
134,2023,12,0.0,poisson_regression,0.39780366468862555
134,2024,1,0.0,poisson_regression,0.376177720889021
134,2024,2,0.0,poisson_regression,0.40500057152387
134,2024,3,0.0,poisson_regression,0.4215870083453025
134,2024,4,0.0,poisson_regression,0.4372241078327483
134,2024,5,0.0,poisson_regression,0.4523665817062078
134,2024,6,0.0,poisson_regression,0.5185157483817041
134,2024,7,0.0,poisson_regression,0.4919860503367041
134,2024,8,0.0,poisson_regression,0.5309494199541227
134,2024,9,0.0,poisson_regression,0.5341571245999109
134,2024,11,1.0,poisson_regression,0.4383265628497159
134,2024,12,0.0,poisson_regression,0.4090537753120438
135,2023,11,0.0,poisson_regression,0.3829597190440924
135,2023,12,0.0,poisson_regression,0.3634403118807694
135,2024,1,0.0,poisson_regression,0.34578855667986735
135,2024,2,0.0,poisson_regression,0.37049119940795067
135,2024,3,0.0,poisson_regression,0.38138739280999506
135,2024,4,0.0,poisson_regression,0.39104393472603505
135,2024,5,0.0,poisson_regression,0.41225827496472117
135,2024,6,0.0,poisson_regression,0.46541044307280444
135,2024,7,0.0,poisson_regression,0.45518364877761663
135,2024,8,0.0,poisson_regression,0.483159151056833
135,2024,9,0.0,poisson_regression,0.4749911386999625
135,2024,11,1.0,poisson_regression,0.3991270751961419
135,2024,12,0.0,poisson_regression,0.37344788265757695
136,2023,11,1.0,poisson_regression,0.40582216234707325
136,2023,12,0.0,poisson_regression,0.3711274795574185
136,2024,1,2.0,poisson_regression,0.362977593169023
136,2024,2,0.0,poisson_regression,0.40818078636064753
136,2024,3,0.0,poisson_regression,0.40220017763440663
136,2024,4,0.0,poisson_regression,0.3741589335668261
136,2024,5,0.0,poisson_regression,0.40907408506762216
136,2024,6,0.0,poisson_regression,0.4598413171496988
136,2024,7,1.0,poisson_regression,0.4311278529567541
136,2024,8,0.0,poisson_regression,0.4613164331706483
136,2024,9,0.0,poisson_regression,0.49687553379037264
136,2024,11,0.0,poisson_regression,0.4054635538950681
136,2024,12,1.0,poisson_regression,0.34099166332942116
137,2023,11,2.0,poisson_regression,0.8172445242999866
137,2023,12,2.0,poisson_regression,0.741234540840567
137,2024,1,1.0,poisson_regression,0.6495851302195922
137,2024,2,1.0,poisson_regression,0.7995637345238025
137,2024,3,1.0,poisson_regression,1.0511305880051192
137,2024,4,2.0,poisson_regression,0.9405793607576701
137,2024,5,3.0,poisson_regression,1.1581767169969661
137,2024,6,2.0,poisson_regression,1.2673671085771394
137,2024,7,0.0,poisson_regression,1.3149970485113947
137,2024,8,0.0,poisson_regression,3.020658705374901
137,2024,9,2.0,poisson_regression,1.9377475022085662
137,2024,11,1.0,poisson_regression,0.9646831631622648
137,2024,12,0.0,poisson_regression,0.8260770668343712
138,2023,11,2.0,poisson_regression,0.7321286494995973
138,2023,12,2.0,poisson_regression,0.6780309908626316
138,2024,1,1.0,poisson_regression,0.5984998586508067
138,2024,2,1.0,poisson_regression,0.7110283020004832
138,2024,3,1.0,poisson_regression,0.877280812022992
138,2024,4,2.0,poisson_regression,0.7903101844737787
138,2024,5,3.0,poisson_regression,0.9438018656913516
138,2024,6,2.0,poisson_regression,1.0653676650601884
138,2024,7,0.0,poisson_regression,1.02775222569046
138,2024,8,0.0,poisson_regression,1.5400582727035017
138,2024,9,2.0,poisson_regression,1.4082458279811982
138,2024,11,1.0,poisson_regression,0.8222702578124544
138,2024,12,0.0,poisson_regression,0.6980631611098219
139,2023,11,0.0,poisson_regression,0.3453046930632492
139,2023,12,0.0,poisson_regression,0.33307929706739153
139,2024,1,1.0,poisson_regression,0.2766920870345751
139,2024,2,1.0,poisson_regression,0.3292144930246644
139,2024,3,0.0,poisson_regression,0.39583601702466237
139,2024,4,1.0,poisson_regression,0.40411834835932703
139,2024,5,1.0,poisson_regression,0.45165642781649196
139,2024,6,0.0,poisson_regression,0.49024294569602467
139,2024,7,1.0,poisson_regression,0.633648913360874
139,2024,8,0.0,poisson_regression,0.6142467168924192
139,2024,9,0.0,poisson_regression,0.5181689358974388
139,2024,11,0.0,poisson_regression,0.38373505679097936
139,2024,12,0.0,poisson_regression,0.33938159640175275
140,2023,11,0.0,poisson_regression,0.7857950604309599
140,2023,12,0.0,poisson_regression,0.7656198958316769
140,2024,1,3.0,poisson_regression,0.6113056447383989
140,2024,2,1.0,poisson_regression,0.7545432218787357
140,2024,3,1.0,poisson_regression,0.914444222774295
140,2024,4,2.0,poisson_regression,0.7988276442754776
140,2024,5,5.0,poisson_regression,0.9930820035538974
140,2024,6,2.0,poisson_regression,1.1265910212577153
140,2024,7,2.0,poisson_regression,5.936400880892235
140,2024,8,0.0,poisson_regression,1.4175002225640199
140,2024,9,3.0,poisson_regression,1.5012296892231178
140,2024,11,6.0,poisson_regression,0.9301057996844457
140,2024,12,0.0,poisson_regression,0.7788265032808624
142,2023,11,2.0,poisson_regression,0.5864968897450958
143,2023,12,1.0,poisson_regression,2.541500163871752
143,2024,1,3.0,poisson_regression,1.9899267674652619
143,2024,2,3.0,poisson_regression,2.667023857694148
143,2024,3,6.0,poisson_regression,3.6441448521660784
143,2024,4,1.0,poisson_regression,2.9324993092026137
143,2024,5,8.0,poisson_regression,4.592427976284294
143,2024,6,6.0,poisson_regression,4.860314726964931
143,2024,7,3.0,poisson_regression,3.562454578465695
143,2024,8,2.0,poisson_regression,4.295687101251096
143,2024,9,6.0,poisson_regression,5.9653620828231135
143,2024,11,3.0,poisson_regression,3.8029373269296234
143,2024,12,2.0,poisson_regression,2.8835370301863
144,2024,1,3.0,poisson_regression,0.4221629538505688
1,2023,11,0.0,random_forest_regressor,0.3681746031746032
1,2023,12,0.0,random_forest_regressor,0.25240476190476185
1,2024,1,0.0,random_forest_regressor,0.10911111111111112
1,2024,2,0.0,random_forest_regressor,0.24964285714285714
1,2024,3,0.0,random_forest_regressor,0.14727777777777776
1,2024,4,0.0,random_forest_regressor,0.21008730158730157
1,2024,5,0.0,random_forest_regressor,0.32869841269841277
1,2024,6,1.0,random_forest_regressor,0.18677777777777776
1,2024,7,0.0,random_forest_regressor,0.19255555555555556
1,2024,8,0.0,random_forest_regressor,0.302
1,2024,9,1.0,random_forest_regressor,0.15955555555555556
1,2024,11,0.0,random_forest_regressor,0.17294444444444443
1,2024,12,0.0,random_forest_regressor,0.1261111111111111
2,2023,11,1.0,random_forest_regressor,1.1901587301587304
2,2023,12,0.0,random_forest_regressor,0.7131349206349203
2,2024,1,0.0,random_forest_regressor,0.3634365079365079
2,2024,2,0.0,random_forest_regressor,1.028690476190476
2,2024,3,1.0,random_forest_regressor,0.47701190476190475
2,2024,4,0.0,random_forest_regressor,0.5294166666666665
2,2024,5,1.0,random_forest_regressor,2.1891031746031744
2,2024,6,0.0,random_forest_regressor,0.4952777777777777
2,2024,7,0.0,random_forest_regressor,0.626535714285714
2,2024,8,0.0,random_forest_regressor,0.671615079365079
2,2024,9,0.0,random_forest_regressor,0.7315555555555555
2,2024,11,0.0,random_forest_regressor,0.49287301587301596
2,2024,12,0.0,random_forest_regressor,0.24599867724867722
3,2023,11,1.0,random_forest_regressor,0.475468253968254
3,2023,12,0.0,random_forest_regressor,0.5015000000000003
3,2024,1,0.0,random_forest_regressor,0.5643333333333334
3,2024,2,0.0,random_forest_regressor,1.3968095238095237
3,2024,3,0.0,random_forest_regressor,0.6056825396825396
3,2024,4,0.0,random_forest_regressor,0.5918769841269843
3,2024,5,0.0,random_forest_regressor,0.8772499999999999
3,2024,6,0.0,random_forest_regressor,0.6928055555555555
3,2024,7,0.0,random_forest_regressor,0.9487341269841272
3,2024,8,0.0,random_forest_regressor,1.9377500000000005
3,2024,9,0.0,random_forest_regressor,1.8467791005291012
3,2024,11,0.0,random_forest_regressor,1.3875833333333334
3,2024,12,0.0,random_forest_regressor,1.1193928571428573
4,2023,11,0.0,random_forest_regressor,0.4472222222222222
4,2023,12,0.0,random_forest_regressor,0.13116666666666665
4,2024,1,0.0,random_forest_regressor,0.1078888888888889
4,2024,2,0.0,random_forest_regressor,0.14869047619047618
4,2024,3,1.0,random_forest_regressor,0.08033333333333334
4,2024,4,0.0,random_forest_regressor,0.12994444444444442
4,2024,5,0.0,random_forest_regressor,0.36405555555555563
4,2024,6,0.0,random_forest_regressor,0.10483333333333335
4,2024,7,0.0,random_forest_regressor,0.035722222222222225
4,2024,8,0.0,random_forest_regressor,0.09338888888888888
4,2024,9,0.0,random_forest_regressor,0.22127777777777774
4,2024,11,0.0,random_forest_regressor,0.10883333333333332
4,2024,12,0.0,random_forest_regressor,0.0931111111111111
5,2023,11,0.0,random_forest_regressor,0.4388888888888889
5,2023,12,0.0,random_forest_regressor,0.13672222222222224
5,2024,1,0.0,random_forest_regressor,0.16561111111111115
5,2024,2,0.0,random_forest_regressor,0.14985714285714286
5,2024,3,1.0,random_forest_regressor,0.11866666666666664
5,2024,4,0.0,random_forest_regressor,0.11766666666666668
5,2024,5,0.0,random_forest_regressor,0.33377777777777784
5,2024,6,0.0,random_forest_regressor,0.10194444444444445
5,2024,7,0.0,random_forest_regressor,0.044801587301587294
5,2024,8,0.0,random_forest_regressor,0.09433333333333332
5,2024,9,0.0,random_forest_regressor,0.20149999999999998
5,2024,11,0.0,random_forest_regressor,0.12861111111111106
5,2024,12,0.0,random_forest_regressor,0.08922222222222222
6,2023,11,0.0,random_forest_regressor,0.7569603174603171
6,2023,12,0.0,random_forest_regressor,0.6647539682539684
6,2024,1,1.0,random_forest_regressor,0.5947301587301589
6,2024,2,1.0,random_forest_regressor,0.6245158730158731
6,2024,3,0.0,random_forest_regressor,0.7840952380952382
6,2024,4,1.0,random_forest_regressor,0.6704126984126983
6,2024,5,1.0,random_forest_regressor,0.6128333333333335
6,2024,6,1.0,random_forest_regressor,0.564611111111111
6,2024,7,2.0,random_forest_regressor,0.9213809523809522
6,2024,8,2.0,random_forest_regressor,1.0916666666666668
6,2024,9,0.0,random_forest_regressor,0.5947777777777776
6,2024,11,2.0,random_forest_regressor,0.6027301587301587
6,2024,12,1.0,random_forest_regressor,0.5890634920634921
7,2023,11,0.0,random_forest_regressor,0.7821666666666668
7,2023,12,0.0,random_forest_regressor,0.6649761904761905
7,2024,1,1.0,random_forest_regressor,0.4955079365079364
7,2024,2,1.0,random_forest_regressor,0.850892857142857
7,2024,3,0.0,random_forest_regressor,0.6659047619047619
7,2024,4,1.0,random_forest_regressor,0.7611111111111112
7,2024,5,1.0,random_forest_regressor,0.6002777777777779
7,2024,6,1.0,random_forest_regressor,0.6853611111111112
7,2024,7,2.0,random_forest_regressor,0.7320859788359786
7,2024,8,2.0,random_forest_regressor,0.8623774651274648
7,2024,9,0.0,random_forest_regressor,0.5653888888888889
7,2024,11,2.0,random_forest_regressor,0.6561825396825397
7,2024,12,1.0,random_forest_regressor,0.7675198412698413
8,2023,11,1.0,random_forest_regressor,0.35572222222222216
8,2023,12,1.0,random_forest_regressor,0.4698174603174603
8,2024,1,0.0,random_forest_regressor,0.3787222222222222
8,2024,2,1.0,random_forest_regressor,0.31023809523809526
8,2024,3,0.0,random_forest_regressor,0.2192222222222222
8,2024,4,0.0,random_forest_regressor,0.33373015873015877
8,2024,5,0.0,random_forest_regressor,0.38650000000000007
8,2024,6,0.0,random_forest_regressor,0.2970436507936507
8,2024,7,0.0,random_forest_regressor,0.3609206349206348
8,2024,8,0.0,random_forest_regressor,0.2556666666666667
8,2024,9,0.0,random_forest_regressor,0.3930277777777777
8,2024,11,0.0,random_forest_regressor,0.4033333333333335
8,2024,12,0.0,random_forest_regressor,0.27366666666666667
9,2023,11,1.0,random_forest_regressor,0.42888888888888893
9,2023,12,0.0,random_forest_regressor,0.41996825396825394
9,2024,1,0.0,random_forest_regressor,0.2436984126984127
9,2024,2,1.0,random_forest_regressor,0.37803968253968245
9,2024,3,0.0,random_forest_regressor,0.251579365079365
9,2024,4,0.0,random_forest_regressor,0.2957777777777778
9,2024,5,0.0,random_forest_regressor,0.5604444444444445
9,2024,6,0.0,random_forest_regressor,0.8298809523809523
9,2024,7,0.0,random_forest_regressor,0.467095238095238
9,2024,8,1.0,random_forest_regressor,0.3645000000000001
9,2024,9,0.0,random_forest_regressor,0.897243386243386
9,2024,11,0.0,random_forest_regressor,0.4930833333333332
9,2024,12,0.0,random_forest_regressor,0.3590000000000001
10,2023,11,3.0,random_forest_regressor,0.5561746031746031
10,2023,12,0.0,random_forest_regressor,0.49469047619047624
10,2024,1,0.0,random_forest_regressor,0.45883333333333337
10,2024,2,0.0,random_forest_regressor,0.4323333333333334
10,2024,3,1.0,random_forest_regressor,0.2836666666666667
10,2024,4,0.0,random_forest_regressor,0.45178571428571423
10,2024,5,0.0,random_forest_regressor,0.9890158730158731
10,2024,6,0.0,random_forest_regressor,1.1595555555555555
10,2024,7,1.0,random_forest_regressor,0.9608015873015872
10,2024,8,0.0,random_forest_regressor,1.011801587301587
10,2024,9,0.0,random_forest_regressor,0.6618571428571428
10,2024,11,0.0,random_forest_regressor,0.684968253968254
10,2024,12,0.0,random_forest_regressor,0.25555555555555554
11,2023,11,3.0,random_forest_regressor,0.5327579365079366
11,2023,12,0.0,random_forest_regressor,0.5915793650793651
11,2024,1,0.0,random_forest_regressor,0.5505793650793649
11,2024,2,0.0,random_forest_regressor,0.4434166666666668
11,2024,3,1.0,random_forest_regressor,0.32172222222222224
11,2024,4,0.0,random_forest_regressor,0.621318783068783
11,2024,5,0.0,random_forest_regressor,1.1787539682539683
11,2024,6,0.0,random_forest_regressor,1.200722222222222
11,2024,7,1.0,random_forest_regressor,1.2169761904761904
11,2024,8,0.0,random_forest_regressor,1.2098492063492063
11,2024,9,0.0,random_forest_regressor,0.7841031746031747
11,2024,11,0.0,random_forest_regressor,0.8115330687830689
11,2024,12,0.0,random_forest_regressor,0.32211111111111107
12,2024,8,0.0,random_forest_regressor,0.980746031746032
12,2024,9,1.0,random_forest_regressor,0.9762063492063494
12,2024,11,1.0,random_forest_regressor,0.9360555555555555
12,2024,12,1.0,random_forest_regressor,1.0293095238095242
13,2023,11,2.0,random_forest_regressor,0.7731309523809524
13,2023,12,1.0,random_forest_regressor,0.5931666666666667
13,2024,1,0.0,random_forest_regressor,0.6937222222222225
13,2024,2,1.0,random_forest_regressor,0.8295436507936507
13,2024,3,1.0,random_forest_regressor,1.1355952380952379
13,2024,4,2.0,random_forest_regressor,0.8918571428571431
13,2024,5,1.0,random_forest_regressor,1.4712460317460319
13,2024,6,1.0,random_forest_regressor,0.8806111111111109
13,2024,7,0.0,random_forest_regressor,1.4007222222222222
13,2024,8,2.0,random_forest_regressor,1.2457063492063494
13,2024,9,2.0,random_forest_regressor,1.0810793650793646
13,2024,11,1.0,random_forest_regressor,1.1034722222222217
13,2024,12,0.0,random_forest_regressor,0.7903531746031746
14,2023,11,0.0,random_forest_regressor,0.6582294372294374
14,2023,12,1.0,random_forest_regressor,0.336031746031746
14,2024,1,1.0,random_forest_regressor,0.23255555555555554
14,2024,2,0.0,random_forest_regressor,0.5781190476190476
14,2024,3,0.0,random_forest_regressor,0.41911111111111127
14,2024,4,2.0,random_forest_regressor,0.5507976190476191
14,2024,5,2.0,random_forest_regressor,0.8677142857142857
14,2024,6,4.0,random_forest_regressor,0.9519682539682541
14,2024,7,0.0,random_forest_regressor,1.075415343915344
14,2024,8,3.0,random_forest_regressor,1.3045423280423278
14,2024,9,1.0,random_forest_regressor,1.070595238095238
14,2024,11,2.0,random_forest_regressor,0.6586699134199133
14,2024,12,0.0,random_forest_regressor,0.17941666666666664
15,2023,11,2.0,random_forest_regressor,0.8174047619047622
15,2023,12,0.0,random_forest_regressor,0.7559841269841269
15,2024,1,1.0,random_forest_regressor,0.6749444444444445
15,2024,2,4.0,random_forest_regressor,0.670547619047619
15,2024,3,2.0,random_forest_regressor,1.3428769841269839
15,2024,4,2.0,random_forest_regressor,1.1562539682539683
15,2024,5,0.0,random_forest_regressor,1.5609960317460316
15,2024,6,1.0,random_forest_regressor,1.5027222222222223
15,2024,7,0.0,random_forest_regressor,1.0288888888888885
15,2024,8,2.0,random_forest_regressor,0.8757063492063492
15,2024,9,3.0,random_forest_regressor,1.1179841269841269
15,2024,11,2.0,random_forest_regressor,1.3137499999999998
15,2024,12,1.0,random_forest_regressor,1.0657857142857143
16,2023,11,4.0,random_forest_regressor,3.8363796296296324
16,2023,12,1.0,random_forest_regressor,2.287281746031745
16,2024,1,1.0,random_forest_regressor,2.022170634920634
16,2024,2,2.0,random_forest_regressor,3.7417777777777776
16,2024,3,2.0,random_forest_regressor,2.6856785714285714
16,2024,4,3.0,random_forest_regressor,3.6398809523809526
16,2024,5,6.0,random_forest_regressor,3.1744563492063493
16,2024,6,2.0,random_forest_regressor,2.2812499999999996
16,2024,7,2.0,random_forest_regressor,2.603583333333333
16,2024,8,2.0,random_forest_regressor,2.577773809523809
16,2024,9,2.0,random_forest_regressor,2.8478412698412696
16,2024,11,3.0,random_forest_regressor,2.538666666666666
16,2024,12,1.0,random_forest_regressor,2.700055555555556
17,2023,11,4.0,random_forest_regressor,3.9514126984126974
17,2023,12,1.0,random_forest_regressor,1.5972738095238097
17,2024,1,0.0,random_forest_regressor,1.687902116402116
17,2024,2,2.0,random_forest_regressor,3.4451111111111103
17,2024,3,2.0,random_forest_regressor,1.6883134920634917
17,2024,4,3.0,random_forest_regressor,3.1419444444444435
17,2024,5,6.0,random_forest_regressor,2.553996031746031
17,2024,6,2.0,random_forest_regressor,1.8647658730158723
17,2024,7,2.0,random_forest_regressor,1.9801309523809527
17,2024,8,2.0,random_forest_regressor,1.7693253968253968
17,2024,9,2.0,random_forest_regressor,2.873535714285714
17,2024,11,3.0,random_forest_regressor,1.578968253968254
17,2024,12,1.0,random_forest_regressor,1.5715357142857145
18,2023,11,2.0,random_forest_regressor,1.1707619047619051
18,2023,12,0.0,random_forest_regressor,0.7279047619047619
18,2024,1,1.0,random_forest_regressor,0.6336984126984126
18,2024,2,3.0,random_forest_regressor,0.5758492063492063
18,2024,3,2.0,random_forest_regressor,1.347265873015873
18,2024,4,2.0,random_forest_regressor,1.0884047619047619
18,2024,5,0.0,random_forest_regressor,1.5849246031746027
18,2024,6,0.0,random_forest_regressor,1.4576666666666664
18,2024,7,0.0,random_forest_regressor,0.9306666666666666
18,2024,8,2.0,random_forest_regressor,0.8464047619047617
18,2024,9,3.0,random_forest_regressor,1.1973809523809524
18,2024,11,2.0,random_forest_regressor,1.2992658730158728
18,2024,12,1.0,random_forest_regressor,0.982111111111111
19,2023,11,2.0,random_forest_regressor,0.6148690476190475
19,2023,12,0.0,random_forest_regressor,0.7173015873015874
19,2024,1,0.0,random_forest_regressor,0.5293888888888888
19,2024,2,0.0,random_forest_regressor,0.45945105820105825
19,2024,3,1.0,random_forest_regressor,0.4488412698412698
19,2024,4,0.0,random_forest_regressor,0.702535714285714
19,2024,5,0.0,random_forest_regressor,1.159523809523809
19,2024,6,0.0,random_forest_regressor,1.220861111111111
19,2024,7,1.0,random_forest_regressor,1.2044828042328042
19,2024,8,0.0,random_forest_regressor,1.3098333333333334
19,2024,9,0.0,random_forest_regressor,0.8612460317460322
19,2024,11,0.0,random_forest_regressor,0.940949735449735
19,2024,12,0.0,random_forest_regressor,0.5459603174603176
20,2023,11,0.0,random_forest_regressor,0.4718386243386244
20,2023,12,0.0,random_forest_regressor,0.6745396825396827
20,2024,1,0.0,random_forest_regressor,0.4250687830687832
20,2024,2,0.0,random_forest_regressor,0.423888888888889
20,2024,3,0.0,random_forest_regressor,0.29873015873015873
20,2024,4,0.0,random_forest_regressor,0.3195
20,2024,5,0.0,random_forest_regressor,0.8849404761904758
20,2024,6,0.0,random_forest_regressor,1.2530364357864356
20,2024,7,0.0,random_forest_regressor,0.5719126984126984
20,2024,8,0.0,random_forest_regressor,0.8006256613756614
20,2024,9,0.0,random_forest_regressor,0.7204047619047619
20,2024,11,0.0,random_forest_regressor,0.4718928571428573
20,2024,12,0.0,random_forest_regressor,0.37473015873015886
21,2023,11,0.0,random_forest_regressor,0.3034603174603175
21,2023,12,0.0,random_forest_regressor,0.22070370370370374
21,2024,1,0.0,random_forest_regressor,0.24627777777777776
21,2024,2,1.0,random_forest_regressor,0.30941269841269836
21,2024,3,0.0,random_forest_regressor,0.17859126984126983
21,2024,4,0.0,random_forest_regressor,0.3115436507936508
21,2024,5,0.0,random_forest_regressor,0.5152698412698413
21,2024,6,0.0,random_forest_regressor,0.5590846560846562
21,2024,7,0.0,random_forest_regressor,0.6287830687830688
21,2024,8,0.0,random_forest_regressor,0.7030132275132276
21,2024,9,0.0,random_forest_regressor,0.6898174603174604
21,2024,11,1.0,random_forest_regressor,0.2852301587301587
21,2024,12,0.0,random_forest_regressor,0.16794841269841268
22,2023,11,1.0,random_forest_regressor,0.5520873015873015
22,2023,12,1.0,random_forest_regressor,0.9744841269841269
22,2024,1,2.0,random_forest_regressor,0.3713571428571429
22,2024,2,1.0,random_forest_regressor,0.6836428571428572
22,2024,3,0.0,random_forest_regressor,0.37834126984126987
22,2024,4,1.0,random_forest_regressor,0.584563492063492
22,2024,5,0.0,random_forest_regressor,0.7426587301587303
22,2024,6,3.0,random_forest_regressor,0.9133333333333336
22,2024,7,0.0,random_forest_regressor,0.9875357142857145
22,2024,8,0.0,random_forest_regressor,0.9684603174603175
22,2024,9,1.0,random_forest_regressor,0.7202222222222221
22,2024,11,0.0,random_forest_regressor,0.6178809523809525
22,2024,12,1.0,random_forest_regressor,0.2999047619047619
23,2023,11,1.0,random_forest_regressor,0.6297777777777778
23,2023,12,1.0,random_forest_regressor,0.9497619047619048
23,2024,1,2.0,random_forest_regressor,0.6175555555555555
23,2024,2,1.0,random_forest_regressor,0.6169523809523811
23,2024,3,0.0,random_forest_regressor,0.5478571428571428
23,2024,4,1.0,random_forest_regressor,0.5902460317460316
23,2024,5,0.0,random_forest_regressor,0.8881984126984126
23,2024,6,3.0,random_forest_regressor,0.940111111111111
23,2024,7,0.0,random_forest_regressor,1.0775952380952383
23,2024,8,0.0,random_forest_regressor,1.0992142857142857
23,2024,9,1.0,random_forest_regressor,0.8319285714285715
23,2024,11,0.0,random_forest_regressor,0.7107182539682539
23,2024,12,1.0,random_forest_regressor,0.5803333333333334
24,2023,11,1.0,random_forest_regressor,0.682952380952381
24,2023,12,1.0,random_forest_regressor,0.9775873015873014
24,2024,1,2.0,random_forest_regressor,0.4452301587301587
24,2024,2,1.0,random_forest_regressor,0.7171111111111113
24,2024,3,0.0,random_forest_regressor,0.48341666666666666
24,2024,4,1.0,random_forest_regressor,0.6100238095238096
24,2024,5,0.0,random_forest_regressor,0.6709444444444447
24,2024,6,3.0,random_forest_regressor,0.8286111111111112
24,2024,7,0.0,random_forest_regressor,0.8007857142857144
24,2024,8,0.0,random_forest_regressor,0.9138095238095238
24,2024,9,1.0,random_forest_regressor,0.7393174603174603
24,2024,11,0.0,random_forest_regressor,0.5982142857142858
24,2024,12,1.0,random_forest_regressor,0.4471309523809525
25,2023,11,1.0,random_forest_regressor,0.4474761904761904
25,2023,12,1.0,random_forest_regressor,0.37936111111111115
25,2024,1,1.0,random_forest_regressor,0.3196957671957672
25,2024,2,1.0,random_forest_regressor,0.4552222222222223
25,2024,3,0.0,random_forest_regressor,0.43946428571428575
25,2024,4,2.0,random_forest_regressor,0.4365992063492064
25,2024,5,2.0,random_forest_regressor,0.8095396825396826
25,2024,6,2.0,random_forest_regressor,0.6054920634920634
25,2024,7,1.0,random_forest_regressor,0.7678095238095236
25,2024,8,3.0,random_forest_regressor,1.0179920634920632
25,2024,9,1.0,random_forest_regressor,0.9761666666666664
25,2024,11,0.0,random_forest_regressor,0.9561111111111112
25,2024,12,0.0,random_forest_regressor,0.38841666666666674
26,2023,11,0.0,random_forest_regressor,0.23338095238095244
26,2023,12,0.0,random_forest_regressor,0.24084920634920637
26,2024,1,0.0,random_forest_regressor,0.21907936507936507
26,2024,2,0.0,random_forest_regressor,0.2948214285714286
26,2024,3,0.0,random_forest_regressor,0.13033333333333336
26,2024,4,0.0,random_forest_regressor,0.21077777777777779
26,2024,5,1.0,random_forest_regressor,0.3331587301587302
26,2024,6,0.0,random_forest_regressor,0.33322222222222225
26,2024,7,0.0,random_forest_regressor,0.17516666666666666
26,2024,8,0.0,random_forest_regressor,0.48013492063492064
26,2024,9,0.0,random_forest_regressor,0.5533373015873017
26,2024,11,0.0,random_forest_regressor,0.17825396825396825
26,2024,12,1.0,random_forest_regressor,0.1926111111111111
27,2023,11,0.0,random_forest_regressor,0.26538492063492064
27,2023,12,0.0,random_forest_regressor,0.3579404761904762
27,2024,1,0.0,random_forest_regressor,0.41340476190476194
27,2024,2,0.0,random_forest_regressor,0.2524603174603175
27,2024,3,0.0,random_forest_regressor,0.05583333333333333
27,2024,4,0.0,random_forest_regressor,0.06733333333333333
27,2024,5,0.0,random_forest_regressor,0.11173809523809525
27,2024,6,0.0,random_forest_regressor,0.19473809523809524
27,2024,7,1.0,random_forest_regressor,0.06858333333333333
27,2024,8,0.0,random_forest_regressor,0.12188888888888888
27,2024,9,1.0,random_forest_regressor,0.300361111111111
27,2024,11,0.0,random_forest_regressor,0.14007142857142857
27,2024,12,0.0,random_forest_regressor,0.12877777777777777
28,2023,11,0.0,random_forest_regressor,0.21746031746031746
28,2023,12,0.0,random_forest_regressor,0.2403888888888889
28,2024,1,0.0,random_forest_regressor,0.2574100529100529
28,2024,2,0.0,random_forest_regressor,0.22373015873015872
28,2024,3,0.0,random_forest_regressor,0.08125
28,2024,4,0.0,random_forest_regressor,0.1395277777777778
28,2024,5,0.0,random_forest_regressor,0.3937539682539682
28,2024,6,0.0,random_forest_regressor,0.02861111111111111
28,2024,7,0.0,random_forest_regressor,0.0125
28,2024,8,0.0,random_forest_regressor,0.1471666666666667
28,2024,9,0.0,random_forest_regressor,0.03555555555555556
28,2024,11,0.0,random_forest_regressor,0.0337037037037037
28,2024,12,0.0,random_forest_regressor,0.10894444444444445
29,2023,11,0.0,random_forest_regressor,0.3761190476190476
29,2023,12,0.0,random_forest_regressor,0.5190502645502646
29,2024,1,0.0,random_forest_regressor,0.5120833333333332
29,2024,2,0.0,random_forest_regressor,0.4643439153439154
29,2024,3,0.0,random_forest_regressor,0.1185079365079365
29,2024,4,0.0,random_forest_regressor,0.10733333333333334
29,2024,5,0.0,random_forest_regressor,0.3962936507936508
29,2024,6,0.0,random_forest_regressor,0.06172222222222222
29,2024,7,0.0,random_forest_regressor,0.08911111111111111
29,2024,8,0.0,random_forest_regressor,0.1786111111111111
29,2024,9,0.0,random_forest_regressor,0.07603174603174603
29,2024,11,0.0,random_forest_regressor,0.18449999999999997
29,2024,12,0.0,random_forest_regressor,0.784716931216931
30,2023,11,0.0,random_forest_regressor,0.17875300625300625
30,2023,12,1.0,random_forest_regressor,0.2074444444444444
30,2024,1,0.0,random_forest_regressor,0.2509179894179894
30,2024,2,0.0,random_forest_regressor,0.21007936507936506
30,2024,3,0.0,random_forest_regressor,0.29517857142857135
30,2024,4,0.0,random_forest_regressor,0.1981388888888889
30,2024,5,0.0,random_forest_regressor,0.6054090909090908
30,2024,6,0.0,random_forest_regressor,0.20061111111111113
30,2024,7,0.0,random_forest_regressor,0.1668015873015873
30,2024,8,1.0,random_forest_regressor,0.31577777777777777
30,2024,9,1.0,random_forest_regressor,0.4505396825396826
30,2024,11,0.0,random_forest_regressor,0.13403968253968254
30,2024,12,0.0,random_forest_regressor,0.14944444444444444
31,2023,11,0.0,random_forest_regressor,0.1993888888888889
31,2023,12,1.0,random_forest_regressor,0.17700000000000002
31,2024,1,0.0,random_forest_regressor,0.16874603174603175
31,2024,2,0.0,random_forest_regressor,0.15283333333333332
31,2024,3,0.0,random_forest_regressor,0.17455555555555555
31,2024,4,0.0,random_forest_regressor,0.20528571428571427
31,2024,5,0.0,random_forest_regressor,0.47326984126984145
31,2024,6,0.0,random_forest_regressor,0.3728333333333333
31,2024,7,0.0,random_forest_regressor,0.2076269841269841
31,2024,8,1.0,random_forest_regressor,0.35496031746031753
31,2024,9,1.0,random_forest_regressor,0.6303611111111109
31,2024,11,0.0,random_forest_regressor,0.08844444444444445
31,2024,12,0.0,random_forest_regressor,0.12177777777777779
32,2023,11,0.0,random_forest_regressor,0.3303412698412698
32,2023,12,0.0,random_forest_regressor,0.25806349206349205
32,2024,1,0.0,random_forest_regressor,0.40251587301587305
32,2024,2,0.0,random_forest_regressor,0.23523809523809522
32,2024,3,0.0,random_forest_regressor,0.14436111111111113
32,2024,4,0.0,random_forest_regressor,0.11736111111111112
32,2024,5,0.0,random_forest_regressor,0.2923174603174603
32,2024,6,0.0,random_forest_regressor,0.07944444444444446
32,2024,7,0.0,random_forest_regressor,0.017777777777777778
32,2024,8,1.0,random_forest_regressor,0.12638888888888886
32,2024,9,0.0,random_forest_regressor,0.050277777777777775
32,2024,11,0.0,random_forest_regressor,0.0932936507936508
32,2024,12,0.0,random_forest_regressor,0.2177301587301587
33,2023,11,0.0,random_forest_regressor,0.46485714285714286
33,2023,12,0.0,random_forest_regressor,0.485415343915344
33,2024,1,0.0,random_forest_regressor,0.42957142857142855
33,2024,2,0.0,random_forest_regressor,0.3783492063492064
33,2024,3,0.0,random_forest_regressor,0.14752777777777776
33,2024,4,0.0,random_forest_regressor,0.12941666666666668
33,2024,5,0.0,random_forest_regressor,0.4141507936507936
33,2024,6,0.0,random_forest_regressor,0.22164285714285717
33,2024,7,0.0,random_forest_regressor,0.0875
33,2024,8,1.0,random_forest_regressor,0.2270873015873016
33,2024,9,0.0,random_forest_regressor,0.2275555555555555
33,2024,11,0.0,random_forest_regressor,0.11912698412698414
33,2024,12,0.0,random_forest_regressor,0.29756349206349203
34,2023,11,0.0,random_forest_regressor,0.22262698412698412
34,2023,12,0.0,random_forest_regressor,0.2555714285714286
34,2024,1,0.0,random_forest_regressor,0.2296997354497354
34,2024,2,0.0,random_forest_regressor,0.21000793650793645
34,2024,3,0.0,random_forest_regressor,0.10791666666666666
34,2024,4,0.0,random_forest_regressor,0.12486111111111109
34,2024,5,0.0,random_forest_regressor,0.33358730158730154
34,2024,6,0.0,random_forest_regressor,0.018666666666666665
34,2024,7,0.0,random_forest_regressor,0.024444444444444442
34,2024,8,0.0,random_forest_regressor,0.02316666666666667
34,2024,9,0.0,random_forest_regressor,0.011666666666666667
34,2024,11,0.0,random_forest_regressor,0.07731481481481481
34,2024,12,0.0,random_forest_regressor,0.09911111111111111
35,2023,11,0.0,random_forest_regressor,0.28811904761904766
35,2023,12,0.0,random_forest_regressor,0.19248412698412695
35,2024,1,0.0,random_forest_regressor,0.17180158730158732
35,2024,2,0.0,random_forest_regressor,0.15505555555555556
35,2024,3,0.0,random_forest_regressor,0.10941666666666668
35,2024,4,0.0,random_forest_regressor,0.1918333333333333
35,2024,5,0.0,random_forest_regressor,0.39052380952380955
35,2024,6,0.0,random_forest_regressor,0.1466666666666667
35,2024,7,0.0,random_forest_regressor,0.18937301587301586
35,2024,8,0.0,random_forest_regressor,0.3113492063492064
35,2024,9,0.0,random_forest_regressor,0.37967460317460316
35,2024,11,0.0,random_forest_regressor,0.07273809523809524
35,2024,12,0.0,random_forest_regressor,0.07130952380952381
36,2023,11,0.0,random_forest_regressor,0.28291269841269845
36,2023,12,0.0,random_forest_regressor,0.1281111111111111
36,2024,1,0.0,random_forest_regressor,0.16117195767195766
36,2024,2,0.0,random_forest_regressor,0.1391111111111111
36,2024,3,0.0,random_forest_regressor,0.15856746031746027
36,2024,4,0.0,random_forest_regressor,0.11282936507936507
36,2024,5,0.0,random_forest_regressor,0.5336974506974507
36,2024,6,0.0,random_forest_regressor,0.07233333333333333
36,2024,7,0.0,random_forest_regressor,0.022555555555555554
36,2024,8,0.0,random_forest_regressor,0.11833333333333333
36,2024,9,0.0,random_forest_regressor,0.24211111111111103
36,2024,11,0.0,random_forest_regressor,0.0634973544973545
36,2024,12,0.0,random_forest_regressor,0.06638888888888889
37,2023,11,0.0,random_forest_regressor,0.3297222222222222
37,2023,12,0.0,random_forest_regressor,0.32272222222222224
37,2024,1,2.0,random_forest_regressor,0.25019047619047624
37,2024,2,1.0,random_forest_regressor,0.4061031746031747
37,2024,3,0.0,random_forest_regressor,0.3570555555555556
37,2024,4,0.0,random_forest_regressor,0.4048968253968255
37,2024,5,2.0,random_forest_regressor,0.5101349206349207
37,2024,6,0.0,random_forest_regressor,0.3877222222222222
37,2024,7,0.0,random_forest_regressor,0.2265833333333333
37,2024,8,0.0,random_forest_regressor,0.454579365079365
37,2024,9,0.0,random_forest_regressor,0.4792619047619049
37,2024,11,0.0,random_forest_regressor,0.3471190476190477
37,2024,12,0.0,random_forest_regressor,0.5018968253968257
38,2023,11,0.0,random_forest_regressor,0.23215476190476192
38,2023,12,0.0,random_forest_regressor,0.17477777777777778
38,2024,1,2.0,random_forest_regressor,0.2095608465608465
38,2024,2,1.0,random_forest_regressor,0.2968492063492063
38,2024,3,0.0,random_forest_regressor,0.20741666666666664
38,2024,4,0.0,random_forest_regressor,0.07697222222222223
38,2024,5,2.0,random_forest_regressor,0.4572900432900432
38,2024,6,0.0,random_forest_regressor,0.02694444444444444
38,2024,7,0.0,random_forest_regressor,0.06555555555555556
38,2024,8,0.0,random_forest_regressor,0.21766666666666665
38,2024,9,0.0,random_forest_regressor,0.13877777777777778
38,2024,11,0.0,random_forest_regressor,0.15281746031746032
38,2024,12,0.0,random_forest_regressor,0.28432142857142856
39,2023,11,1.0,random_forest_regressor,0.08074603174603175
39,2023,12,0.0,random_forest_regressor,0.20492857142857138
39,2024,1,0.0,random_forest_regressor,0.14995767195767196
39,2024,2,0.0,random_forest_regressor,0.11583333333333336
39,2024,3,0.0,random_forest_regressor,0.14441666666666667
39,2024,4,0.0,random_forest_regressor,0.08530555555555555
39,2024,5,0.0,random_forest_regressor,0.35837205387205384
39,2024,6,0.0,random_forest_regressor,0.05949999999999999
39,2024,7,0.0,random_forest_regressor,0.043333333333333335
39,2024,8,0.0,random_forest_regressor,0.1912222222222222
39,2024,9,0.0,random_forest_regressor,0.1591904761904762
39,2024,11,0.0,random_forest_regressor,0.11942592592592592
39,2024,12,0.0,random_forest_regressor,0.09648148148148152
40,2023,11,1.0,random_forest_regressor,0.13538492063492064
40,2023,12,0.0,random_forest_regressor,0.2046626984126984
40,2024,1,0.0,random_forest_regressor,0.178489417989418
40,2024,2,0.0,random_forest_regressor,0.19599999999999995
40,2024,3,0.0,random_forest_regressor,0.1651388888888889
40,2024,4,0.0,random_forest_regressor,0.09913888888888889
40,2024,5,0.0,random_forest_regressor,0.434551948051948
40,2024,6,0.0,random_forest_regressor,0.08602380952380952
40,2024,7,0.0,random_forest_regressor,0.12633333333333335
40,2024,8,0.0,random_forest_regressor,0.18461111111111114
40,2024,9,0.0,random_forest_regressor,0.2936031746031746
40,2024,11,0.0,random_forest_regressor,0.17048148148148148
40,2024,12,0.0,random_forest_regressor,0.16598148148148145
41,2023,11,1.0,random_forest_regressor,0.24546825396825397
41,2023,12,2.0,random_forest_regressor,0.7605026455026453
41,2024,1,0.0,random_forest_regressor,0.7369523809523809
41,2024,2,1.0,random_forest_regressor,0.7113359788359788
41,2024,3,2.0,random_forest_regressor,0.44622222222222224
41,2024,4,2.0,random_forest_regressor,0.4015793650793651
41,2024,5,0.0,random_forest_regressor,0.8389603174603173
41,2024,6,1.0,random_forest_regressor,0.6729841269841272
41,2024,7,0.0,random_forest_regressor,0.4916111111111113
41,2024,8,0.0,random_forest_regressor,0.2963333333333333
41,2024,9,0.0,random_forest_regressor,0.4275555555555555
41,2024,11,0.0,random_forest_regressor,0.20887301587301585
41,2024,12,0.0,random_forest_regressor,0.7135582010582009
42,2023,11,1.0,random_forest_regressor,0.264468253968254
42,2023,12,2.0,random_forest_regressor,0.7963756613756613
42,2024,1,0.0,random_forest_regressor,0.6492380952380953
42,2024,2,1.0,random_forest_regressor,0.6778359788359788
42,2024,3,2.0,random_forest_regressor,0.3274444444444445
42,2024,4,2.0,random_forest_regressor,0.2744761904761905
42,2024,5,0.0,random_forest_regressor,0.7159047619047619
42,2024,6,1.0,random_forest_regressor,0.6209841269841272
42,2024,7,0.0,random_forest_regressor,0.4882037037037037
42,2024,8,0.0,random_forest_regressor,0.35511111111111116
42,2024,9,0.0,random_forest_regressor,0.35094444444444445
42,2024,11,0.0,random_forest_regressor,0.22159523809523804
42,2024,12,0.0,random_forest_regressor,0.7073915343915342
43,2023,11,1.0,random_forest_regressor,0.12722222222222224
43,2023,12,0.0,random_forest_regressor,0.14588888888888887
43,2024,1,0.0,random_forest_regressor,0.17567195767195765
43,2024,2,2.0,random_forest_regressor,0.14299999999999996
43,2024,3,0.0,random_forest_regressor,0.10432936507936508
43,2024,4,0.0,random_forest_regressor,0.1293611111111111
43,2024,5,0.0,random_forest_regressor,1.2985321067821076
43,2024,6,0.0,random_forest_regressor,0.21065873015873018
43,2024,7,0.0,random_forest_regressor,0.22095238095238098
43,2024,8,0.0,random_forest_regressor,0.4361944444444444
43,2024,9,0.0,random_forest_regressor,0.5295357142857141
43,2024,11,0.0,random_forest_regressor,0.08199999999999999
43,2024,12,0.0,random_forest_regressor,0.06114814814814815
44,2023,11,1.0,random_forest_regressor,0.13888888888888887
44,2023,12,0.0,random_forest_regressor,0.2308571428571429
44,2024,1,0.0,random_forest_regressor,0.13167195767195766
44,2024,2,2.0,random_forest_regressor,0.16348412698412698
44,2024,3,0.0,random_forest_regressor,0.11776587301587303
44,2024,4,0.0,random_forest_regressor,0.22919444444444442
44,2024,5,0.0,random_forest_regressor,0.5353690476190477
44,2024,6,0.0,random_forest_regressor,0.20951190476190482
44,2024,7,0.0,random_forest_regressor,0.24164021164021166
44,2024,8,0.0,random_forest_regressor,0.48021428571428565
44,2024,9,0.0,random_forest_regressor,0.46275000000000005
44,2024,11,0.0,random_forest_regressor,0.09038888888888888
44,2024,12,0.0,random_forest_regressor,0.09898941798941799
45,2023,11,0.0,random_forest_regressor,0.5992539682539683
45,2023,12,0.0,random_forest_regressor,0.6027539682539682
45,2024,1,0.0,random_forest_regressor,0.5699603174603174
45,2024,2,1.0,random_forest_regressor,0.7980396825396825
45,2024,3,2.0,random_forest_regressor,0.8728306878306877
45,2024,4,0.0,random_forest_regressor,1.1309603174603176
45,2024,5,0.0,random_forest_regressor,1.0868214285714288
45,2024,6,0.0,random_forest_regressor,1.0997420634920634
45,2024,7,0.0,random_forest_regressor,0.7899523809523811
45,2024,8,1.0,random_forest_regressor,0.6142460317460319
45,2024,9,0.0,random_forest_regressor,0.994559523809524
45,2024,11,0.0,random_forest_regressor,0.6683968253968255
45,2024,12,0.0,random_forest_regressor,0.6418492063492064
46,2023,11,0.0,random_forest_regressor,0.6752460317460318
46,2023,12,0.0,random_forest_regressor,0.5430873015873017
46,2024,1,0.0,random_forest_regressor,0.5909603174603174
46,2024,2,1.0,random_forest_regressor,0.9461269841269838
46,2024,3,2.0,random_forest_regressor,1.0068690476190474
46,2024,4,0.0,random_forest_regressor,1.1196428571428576
46,2024,5,0.0,random_forest_regressor,1.059761904761905
46,2024,6,0.0,random_forest_regressor,0.962730158730159
46,2024,7,0.0,random_forest_regressor,0.54134126984127
46,2024,8,1.0,random_forest_regressor,0.5688333333333333
46,2024,9,0.0,random_forest_regressor,0.9891071428571426
46,2024,11,0.0,random_forest_regressor,0.8445
46,2024,12,0.0,random_forest_regressor,0.6652857142857144
47,2023,11,1.0,random_forest_regressor,0.4237460317460317
47,2023,12,0.0,random_forest_regressor,0.7246772486772487
47,2024,1,1.0,random_forest_regressor,0.6814999999999999
47,2024,2,0.0,random_forest_regressor,0.5457328042328041
47,2024,3,0.0,random_forest_regressor,0.6667063492063491
47,2024,4,0.0,random_forest_regressor,0.7675396825396824
47,2024,5,0.0,random_forest_regressor,1.2042976190476193
47,2024,6,0.0,random_forest_regressor,0.7729444444444447
47,2024,7,0.0,random_forest_regressor,0.43633333333333335
47,2024,8,2.0,random_forest_regressor,0.47047222222222235
47,2024,9,0.0,random_forest_regressor,0.3319126984126985
47,2024,11,0.0,random_forest_regressor,0.2461666666666667
47,2024,12,0.0,random_forest_regressor,0.5469074074074074
48,2023,11,0.0,random_forest_regressor,0.08394444444444445
48,2023,12,0.0,random_forest_regressor,0.2275
48,2024,1,0.0,random_forest_regressor,0.16856084656084658
48,2024,2,0.0,random_forest_regressor,0.1687222222222222
48,2024,3,0.0,random_forest_regressor,0.1344484126984127
48,2024,4,0.0,random_forest_regressor,0.14152777777777778
48,2024,5,0.0,random_forest_regressor,0.4317688792688793
48,2024,6,0.0,random_forest_regressor,0.22850793650793658
48,2024,7,0.0,random_forest_regressor,0.462031746031746
48,2024,8,0.0,random_forest_regressor,1.041603174603174
48,2024,9,1.0,random_forest_regressor,1.0079999999999998
48,2024,11,0.0,random_forest_regressor,0.09666402116402117
48,2024,12,0.0,random_forest_regressor,0.09166666666666666
49,2023,11,0.0,random_forest_regressor,0.5118571428571428
49,2023,12,0.0,random_forest_regressor,0.5442777777777777
49,2024,1,0.0,random_forest_regressor,0.6114603174603174
49,2024,2,0.0,random_forest_regressor,0.5275873015873016
49,2024,3,0.0,random_forest_regressor,0.25083730158730155
49,2024,4,0.0,random_forest_regressor,0.2540833333333333
49,2024,5,1.0,random_forest_regressor,0.6398112073112074
49,2024,6,1.0,random_forest_regressor,0.48753968253968244
49,2024,7,0.0,random_forest_regressor,0.32394973544973543
49,2024,8,0.0,random_forest_regressor,0.32703174603174606
49,2024,9,0.0,random_forest_regressor,0.4129126984126984
49,2024,11,0.0,random_forest_regressor,0.29782539682539677
49,2024,12,0.0,random_forest_regressor,0.36728571428571427
50,2023,11,1.0,random_forest_regressor,0.37067063492063496
50,2023,12,0.0,random_forest_regressor,0.4968055555555557
50,2024,1,0.0,random_forest_regressor,0.41211904761904766
50,2024,2,0.0,random_forest_regressor,0.5757804232804233
50,2024,3,0.0,random_forest_regressor,0.3640714285714286
50,2024,4,1.0,random_forest_regressor,0.3860555555555556
50,2024,5,0.0,random_forest_regressor,0.49293650793650784
50,2024,6,0.0,random_forest_regressor,0.2159920634920635
50,2024,7,0.0,random_forest_regressor,0.2592777777777777
50,2024,8,0.0,random_forest_regressor,0.41691269841269835
50,2024,9,0.0,random_forest_regressor,0.9320912698412698
50,2024,11,1.0,random_forest_regressor,0.4597976190476192
50,2024,12,0.0,random_forest_regressor,0.5744113756613758
51,2023,11,1.0,random_forest_regressor,0.4044761904761905
51,2023,12,0.0,random_forest_regressor,0.3232222222222223
51,2024,1,0.0,random_forest_regressor,0.38783333333333325
51,2024,2,0.0,random_forest_regressor,0.5984153439153439
51,2024,3,0.0,random_forest_regressor,0.72240873015873
51,2024,4,1.0,random_forest_regressor,0.6755555555555556
51,2024,5,0.0,random_forest_regressor,0.9858618326118326
51,2024,6,0.0,random_forest_regressor,0.1901111111111111
51,2024,7,0.0,random_forest_regressor,0.3592182539682539
51,2024,8,0.0,random_forest_regressor,0.49576984126984114
51,2024,9,0.0,random_forest_regressor,0.28396825396825404
51,2024,11,1.0,random_forest_regressor,0.5361468253968253
51,2024,12,0.0,random_forest_regressor,0.5288558201058201
52,2023,11,2.0,random_forest_regressor,1.5342265512265514
52,2023,12,0.0,random_forest_regressor,0.4133412698412699
52,2024,1,2.0,random_forest_regressor,0.2543571428571429
52,2024,2,0.0,random_forest_regressor,0.3703412698412699
52,2024,3,0.0,random_forest_regressor,0.7337222222222223
52,2024,4,0.0,random_forest_regressor,0.6561190476190477
52,2024,5,3.0,random_forest_regressor,0.9841111111111112
52,2024,6,0.0,random_forest_regressor,0.3834722222222222
52,2024,7,0.0,random_forest_regressor,0.2059722222222222
52,2024,8,0.0,random_forest_regressor,0.7639563492063493
52,2024,9,1.0,random_forest_regressor,0.5857301587301588
52,2024,11,0.0,random_forest_regressor,0.31049206349206354
52,2024,12,0.0,random_forest_regressor,0.33581746031746024
53,2023,11,2.0,random_forest_regressor,0.3243253968253968
53,2023,12,0.0,random_forest_regressor,0.28373015873015867
53,2024,1,1.0,random_forest_regressor,0.3766111111111111
53,2024,2,0.0,random_forest_regressor,0.3705555555555556
53,2024,3,0.0,random_forest_regressor,0.3933174603174603
53,2024,4,0.0,random_forest_regressor,0.4916031746031744
53,2024,5,2.0,random_forest_regressor,0.6326349206349208
53,2024,6,0.0,random_forest_regressor,0.6660992063492063
53,2024,7,1.0,random_forest_regressor,0.42836904761904765
53,2024,8,0.0,random_forest_regressor,0.8722619047619053
53,2024,9,1.0,random_forest_regressor,0.9669801587301585
53,2024,11,0.0,random_forest_regressor,0.5183492063492062
53,2024,12,1.0,random_forest_regressor,0.23981746031746032
54,2023,11,1.0,random_forest_regressor,0.4260238095238094
54,2023,12,0.0,random_forest_regressor,0.5037671957671959
54,2024,1,1.0,random_forest_regressor,0.43360317460317466
54,2024,2,0.0,random_forest_regressor,0.527452380952381
54,2024,3,0.0,random_forest_regressor,0.5395555555555557
54,2024,4,0.0,random_forest_regressor,0.6700714285714287
54,2024,5,3.0,random_forest_regressor,0.7656904761904761
54,2024,6,0.0,random_forest_regressor,1.0874563492063496
54,2024,7,1.0,random_forest_regressor,0.392505291005291
54,2024,8,0.0,random_forest_regressor,0.995777777777778
54,2024,9,1.0,random_forest_regressor,1.147583333333333
54,2024,11,0.0,random_forest_regressor,0.540138888888889
54,2024,12,1.0,random_forest_regressor,0.4187222222222223
55,2023,11,0.0,random_forest_regressor,0.4310912698412698
55,2023,12,0.0,random_forest_regressor,0.22717063492063488
55,2024,1,0.0,random_forest_regressor,0.3476904761904761
55,2024,2,1.0,random_forest_regressor,0.3801746031746032
55,2024,3,0.0,random_forest_regressor,0.21233333333333337
55,2024,4,0.0,random_forest_regressor,0.4073571428571429
55,2024,5,1.0,random_forest_regressor,0.47655555555555545
55,2024,6,0.0,random_forest_regressor,0.7108412698412699
55,2024,7,0.0,random_forest_regressor,0.3962222222222223
55,2024,8,0.0,random_forest_regressor,0.46470634920634923
55,2024,9,0.0,random_forest_regressor,0.6571111111111114
55,2024,11,0.0,random_forest_regressor,0.38504761904761897
55,2024,12,0.0,random_forest_regressor,0.20448412698412696
56,2023,11,0.0,random_forest_regressor,0.42844841269841255
56,2023,12,0.0,random_forest_regressor,0.2125674603174603
56,2024,1,0.0,random_forest_regressor,0.3602301587301587
56,2024,2,1.0,random_forest_regressor,0.39988888888888896
56,2024,3,0.0,random_forest_regressor,0.2733968253968254
56,2024,4,0.0,random_forest_regressor,0.41205555555555556
56,2024,5,1.0,random_forest_regressor,0.5986507936507938
56,2024,6,0.0,random_forest_regressor,0.6210833333333333
56,2024,7,0.0,random_forest_regressor,0.4031984126984128
56,2024,8,0.0,random_forest_regressor,0.46753174603174597
56,2024,9,0.0,random_forest_regressor,0.6313333333333334
56,2024,11,0.0,random_forest_regressor,0.4884444444444445
56,2024,12,0.0,random_forest_regressor,0.25886507936507935
57,2023,11,0.0,random_forest_regressor,0.19811904761904767
57,2023,12,0.0,random_forest_regressor,0.10716666666666669
57,2024,1,0.0,random_forest_regressor,0.13356084656084655
57,2024,2,0.0,random_forest_regressor,0.15138888888888888
57,2024,3,0.0,random_forest_regressor,0.10850000000000001
57,2024,4,1.0,random_forest_regressor,0.14405555555555555
57,2024,5,1.0,random_forest_regressor,0.017777777777777778
57,2024,6,0.0,random_forest_regressor,0.016666666666666666
57,2024,7,1.0,random_forest_regressor,0.008333333333333333
57,2024,8,0.0,random_forest_regressor,0.2249761904761905
57,2024,9,0.0,random_forest_regressor,0.01472222222222222
57,2024,11,0.0,random_forest_regressor,0.0783888888888889
57,2024,12,0.0,random_forest_regressor,0.10964814814814815
58,2023,11,0.0,random_forest_regressor,0.19450793650793652
58,2023,12,0.0,random_forest_regressor,0.1355555555555555
58,2024,1,0.0,random_forest_regressor,0.14317195767195764
58,2024,2,0.0,random_forest_regressor,0.1607222222222222
58,2024,3,0.0,random_forest_regressor,0.12661111111111112
58,2024,4,1.0,random_forest_regressor,0.15016666666666667
58,2024,5,1.0,random_forest_regressor,0.01861111111111111
58,2024,6,0.0,random_forest_regressor,0.01888888888888889
58,2024,7,1.0,random_forest_regressor,0.010833333333333334
58,2024,8,0.0,random_forest_regressor,0.2582380952380953
58,2024,9,0.0,random_forest_regressor,0.016666666666666666
58,2024,11,0.0,random_forest_regressor,0.08838888888888889
58,2024,12,0.0,random_forest_regressor,0.12214814814814813
59,2023,11,1.0,random_forest_regressor,0.22234126984126984
59,2023,12,0.0,random_forest_regressor,0.3343095238095239
59,2024,1,0.0,random_forest_regressor,0.6158809523809523
59,2024,2,0.0,random_forest_regressor,0.38672222222222224
59,2024,3,0.0,random_forest_regressor,0.16611111111111113
59,2024,4,1.0,random_forest_regressor,0.1718095238095238
59,2024,5,0.0,random_forest_regressor,0.038698412698412704
59,2024,6,1.0,random_forest_regressor,0.14536507936507936
59,2024,7,0.0,random_forest_regressor,0.10347619047619049
59,2024,8,1.0,random_forest_regressor,0.42588095238095236
59,2024,9,0.0,random_forest_regressor,0.2672539682539682
59,2024,11,1.0,random_forest_regressor,0.1707222222222222
59,2024,12,0.0,random_forest_regressor,0.2787777777777777
60,2023,11,1.0,random_forest_regressor,0.29537301587301595
60,2023,12,0.0,random_forest_regressor,0.4036190476190476
60,2024,1,0.0,random_forest_regressor,0.7715873015873018
60,2024,2,0.0,random_forest_regressor,0.3468095238095238
60,2024,3,0.0,random_forest_regressor,0.22466666666666663
60,2024,4,1.0,random_forest_regressor,0.18844444444444441
60,2024,5,0.0,random_forest_regressor,0.021555555555555557
60,2024,6,1.0,random_forest_regressor,0.130452380952381
60,2024,7,0.0,random_forest_regressor,0.0806904761904762
60,2024,8,1.0,random_forest_regressor,0.2977301587301588
60,2024,9,0.0,random_forest_regressor,0.22428571428571437
60,2024,11,1.0,random_forest_regressor,0.15244444444444444
60,2024,12,0.0,random_forest_regressor,0.2908333333333333
61,2023,11,0.0,random_forest_regressor,0.4655079365079363
61,2023,12,0.0,random_forest_regressor,0.44741269841269843
61,2024,1,0.0,random_forest_regressor,0.478015873015873
61,2024,2,0.0,random_forest_regressor,0.5125714285714287
61,2024,3,0.0,random_forest_regressor,0.293515873015873
61,2024,4,0.0,random_forest_regressor,0.3374444444444445
61,2024,5,1.0,random_forest_regressor,0.2873888888888888
61,2024,6,0.0,random_forest_regressor,0.20144444444444443
61,2024,7,0.0,random_forest_regressor,0.4162460317460318
61,2024,8,1.0,random_forest_regressor,0.5847460317460316
61,2024,9,0.0,random_forest_regressor,0.4939166666666665
61,2024,11,1.0,random_forest_regressor,0.4794365079365079
61,2024,12,0.0,random_forest_regressor,0.4587301587301588
62,2023,11,0.0,random_forest_regressor,0.42028571428571426
62,2023,12,0.0,random_forest_regressor,0.39702380952380956
62,2024,1,0.0,random_forest_regressor,0.3966984126984127
62,2024,2,0.0,random_forest_regressor,0.4653968253968255
62,2024,3,0.0,random_forest_regressor,0.27334920634920634
62,2024,4,0.0,random_forest_regressor,0.35855555555555557
62,2024,5,1.0,random_forest_regressor,0.34486111111111106
62,2024,6,0.0,random_forest_regressor,0.2454444444444444
62,2024,7,0.0,random_forest_regressor,0.3497460317460318
62,2024,8,1.0,random_forest_regressor,0.5547830687830685
62,2024,9,0.0,random_forest_regressor,0.5099999999999999
62,2024,11,2.0,random_forest_regressor,0.5463253968253968
62,2024,12,0.0,random_forest_regressor,0.46495238095238106
63,2023,11,0.0,random_forest_regressor,0.45538492063492064
63,2023,12,0.0,random_forest_regressor,0.4374166666666666
63,2024,1,0.0,random_forest_regressor,0.5809444444444443
63,2024,2,0.0,random_forest_regressor,0.36846825396825406
63,2024,3,0.0,random_forest_regressor,0.14669047619047615
63,2024,4,1.0,random_forest_regressor,0.6557314814814813
63,2024,5,0.0,random_forest_regressor,0.8950158730158734
63,2024,6,1.0,random_forest_regressor,1.035769841269841
63,2024,7,1.0,random_forest_regressor,0.7552539682539683
63,2024,8,0.0,random_forest_regressor,1.459238095238095
63,2024,9,0.0,random_forest_regressor,0.9259656084656086
63,2024,11,0.0,random_forest_regressor,0.30116666666666664
63,2024,12,1.0,random_forest_regressor,0.32421825396825393
64,2023,11,0.0,random_forest_regressor,0.4043650793650793
64,2023,12,0.0,random_forest_regressor,0.3896071428571428
64,2024,1,0.0,random_forest_regressor,0.4965277777777776
64,2024,2,0.0,random_forest_regressor,0.505
64,2024,3,0.0,random_forest_regressor,1.3300793650793643
64,2024,4,2.0,random_forest_regressor,1.0892023809523814
64,2024,5,0.0,random_forest_regressor,1.761383597883598
64,2024,6,2.0,random_forest_regressor,1.9235158730158726
64,2024,7,1.0,random_forest_regressor,1.019216931216931
64,2024,8,0.0,random_forest_regressor,1.9528809523809534
64,2024,9,0.0,random_forest_regressor,1.7207526455026456
64,2024,11,0.0,random_forest_regressor,0.7067380952380955
64,2024,12,1.0,random_forest_regressor,0.3373412698412699
65,2023,11,0.0,random_forest_regressor,0.7125916305916308
65,2023,12,0.0,random_forest_regressor,0.43815476190476205
65,2024,1,0.0,random_forest_regressor,0.6252619047619047
65,2024,2,0.0,random_forest_regressor,0.3891111111111112
65,2024,3,0.0,random_forest_regressor,0.132015873015873
65,2024,4,2.0,random_forest_regressor,0.45666666666666655
65,2024,5,0.0,random_forest_regressor,0.952230158730159
65,2024,6,2.0,random_forest_regressor,0.837482804232804
65,2024,7,1.0,random_forest_regressor,1.3037010582010586
65,2024,8,0.0,random_forest_regressor,2.023861111111112
65,2024,9,0.0,random_forest_regressor,1.3591203703703703
65,2024,11,0.0,random_forest_regressor,0.3509126984126985
65,2024,12,1.0,random_forest_regressor,0.38230158730158725
66,2023,11,0.0,random_forest_regressor,0.4082394179894179
66,2023,12,0.0,random_forest_regressor,0.3482235449735449
66,2024,1,0.0,random_forest_regressor,0.5521666666666665
66,2024,2,0.0,random_forest_regressor,0.3106957671957672
66,2024,3,0.0,random_forest_regressor,0.135
66,2024,4,1.0,random_forest_regressor,0.7312460317460319
66,2024,5,0.0,random_forest_regressor,1.6099166666666664
66,2024,6,2.0,random_forest_regressor,1.3342976190476188
66,2024,7,1.0,random_forest_regressor,1.0542843915343918
66,2024,8,0.0,random_forest_regressor,1.8282182539682545
66,2024,9,0.0,random_forest_regressor,1.437888888888889
66,2024,11,0.0,random_forest_regressor,0.26644444444444443
66,2024,12,1.0,random_forest_regressor,0.2933544973544973
67,2023,11,2.0,random_forest_regressor,0.334531746031746
67,2023,12,0.0,random_forest_regressor,0.32040476190476197
67,2024,1,0.0,random_forest_regressor,0.32242857142857145
67,2024,2,0.0,random_forest_regressor,0.3376111111111111
67,2024,3,0.0,random_forest_regressor,0.16483333333333336
67,2024,4,1.0,random_forest_regressor,0.26011904761904764
67,2024,5,0.0,random_forest_regressor,0.37974206349206346
67,2024,6,0.0,random_forest_regressor,0.3981944444444444
67,2024,7,0.0,random_forest_regressor,0.2983571428571428
67,2024,8,0.0,random_forest_regressor,0.5072063492063492
67,2024,9,0.0,random_forest_regressor,0.7257499999999999
67,2024,11,0.0,random_forest_regressor,0.2957619047619048
67,2024,12,0.0,random_forest_regressor,0.32792857142857146
68,2023,11,2.0,random_forest_regressor,0.5124593554593554
68,2023,12,0.0,random_forest_regressor,0.41668253968253977
68,2024,1,0.0,random_forest_regressor,0.3461203703703704
68,2024,2,0.0,random_forest_regressor,0.3351468253968255
68,2024,3,0.0,random_forest_regressor,0.13233333333333336
68,2024,4,1.0,random_forest_regressor,0.11966666666666669
68,2024,5,0.0,random_forest_regressor,0.20870370370370367
68,2024,6,0.0,random_forest_regressor,0.21972751322751322
68,2024,7,0.0,random_forest_regressor,0.11740608465608465
68,2024,8,0.0,random_forest_regressor,0.6346957671957671
68,2024,9,0.0,random_forest_regressor,0.4813571428571428
68,2024,11,0.0,random_forest_regressor,0.11282539682539683
68,2024,12,0.0,random_forest_regressor,0.28980952380952385
69,2023,11,4.0,random_forest_regressor,3.897095238095238
69,2023,12,1.0,random_forest_regressor,3.6488544973544967
69,2024,1,3.0,random_forest_regressor,2.9888134920634912
69,2024,2,1.0,random_forest_regressor,3.6923849206349217
69,2024,3,5.0,random_forest_regressor,3.913361111111113
69,2024,4,10.0,random_forest_regressor,4.128555555555556
69,2024,5,5.0,random_forest_regressor,3.7973055555555577
69,2024,6,4.0,random_forest_regressor,4.16495238095238
69,2024,7,2.0,random_forest_regressor,3.8801626984127005
69,2024,8,3.0,random_forest_regressor,3.5199484126984117
69,2024,9,4.0,random_forest_regressor,5.749914502164503
69,2024,11,3.0,random_forest_regressor,3.933346560846559
69,2024,12,4.0,random_forest_regressor,3.7511481481481472
70,2023,11,1.0,random_forest_regressor,0.40315873015873027
70,2023,12,0.0,random_forest_regressor,0.837780423280423
70,2024,1,0.0,random_forest_regressor,0.8103650793650794
70,2024,2,0.0,random_forest_regressor,0.5927328042328044
70,2024,3,0.0,random_forest_regressor,0.40144444444444444
70,2024,4,0.0,random_forest_regressor,0.47072222222222243
70,2024,5,0.0,random_forest_regressor,0.6076666666666667
70,2024,6,1.0,random_forest_regressor,0.30508333333333326
70,2024,7,0.0,random_forest_regressor,0.19433333333333336
70,2024,8,1.0,random_forest_regressor,0.15874603174603175
70,2024,9,0.0,random_forest_regressor,0.36950000000000005
70,2024,11,0.0,random_forest_regressor,0.5164920634920634
70,2024,12,0.0,random_forest_regressor,0.7736137566137564
71,2023,11,1.0,random_forest_regressor,0.4028571428571429
71,2023,12,0.0,random_forest_regressor,0.810962962962963
71,2024,1,0.0,random_forest_regressor,0.7772619047619046
71,2024,2,0.0,random_forest_regressor,0.5857883597883597
71,2024,3,0.0,random_forest_regressor,0.39094444444444443
71,2024,4,0.0,random_forest_regressor,0.4571666666666668
71,2024,5,0.0,random_forest_regressor,0.6011666666666667
71,2024,6,1.0,random_forest_regressor,0.2984444444444444
71,2024,7,0.0,random_forest_regressor,0.23061111111111113
71,2024,8,1.0,random_forest_regressor,0.31478571428571434
71,2024,9,0.0,random_forest_regressor,0.34383333333333344
71,2024,11,0.0,random_forest_regressor,0.5640000000000001
71,2024,12,0.0,random_forest_regressor,0.7583915343915343
72,2023,11,1.0,random_forest_regressor,0.32934523809523814
72,2023,12,0.0,random_forest_regressor,0.3494047619047619
72,2024,1,0.0,random_forest_regressor,0.2307830687830687
72,2024,2,0.0,random_forest_regressor,0.2579325396825396
72,2024,3,0.0,random_forest_regressor,0.08122222222222221
72,2024,4,0.0,random_forest_regressor,0.08549603174603175
72,2024,5,0.0,random_forest_regressor,0.08316666666666667
72,2024,6,0.0,random_forest_regressor,0.029166666666666667
72,2024,7,0.0,random_forest_regressor,0.1267222222222222
72,2024,8,0.0,random_forest_regressor,0.16344444444444442
72,2024,9,0.0,random_forest_regressor,0.09855555555555555
72,2024,11,0.0,random_forest_regressor,0.13981746031746034
72,2024,12,0.0,random_forest_regressor,0.2035753968253968
73,2023,11,1.0,random_forest_regressor,0.3318809523809524
73,2023,12,0.0,random_forest_regressor,0.4673650793650793
73,2024,1,0.0,random_forest_regressor,1.0353373015873018
73,2024,2,0.0,random_forest_regressor,0.46826190476190466
73,2024,3,0.0,random_forest_regressor,0.36223015873015885
73,2024,4,0.0,random_forest_regressor,0.34185317460317466
73,2024,5,0.0,random_forest_regressor,0.30072222222222234
73,2024,6,0.0,random_forest_regressor,0.15233333333333335
73,2024,7,0.0,random_forest_regressor,0.5355158730158729
73,2024,8,0.0,random_forest_regressor,0.32888095238095244
73,2024,9,0.0,random_forest_regressor,0.17872222222222223
73,2024,11,0.0,random_forest_regressor,0.4956785714285714
73,2024,12,0.0,random_forest_regressor,0.2967182539682539
74,2023,11,2.0,random_forest_regressor,0.8235476190476189
74,2023,12,4.0,random_forest_regressor,1.147654761904762
74,2024,1,1.0,random_forest_regressor,1.478801587301587
74,2024,2,1.0,random_forest_regressor,1.3287063492063493
74,2024,3,1.0,random_forest_regressor,0.7268650793650793
74,2024,4,0.0,random_forest_regressor,1.1278650793650795
74,2024,5,3.0,random_forest_regressor,0.932952380952381
74,2024,6,4.0,random_forest_regressor,0.9414126984126985
74,2024,7,0.0,random_forest_regressor,1.021
74,2024,8,1.0,random_forest_regressor,1.0458492063492064
74,2024,9,0.0,random_forest_regressor,0.3074444444444445
74,2024,11,1.0,random_forest_regressor,0.6102777777777777
74,2024,12,0.0,random_forest_regressor,0.9655833333333336
75,2023,11,2.0,random_forest_regressor,0.5751706349206348
75,2023,12,4.0,random_forest_regressor,1.3934047619047611
75,2024,1,1.0,random_forest_regressor,1.5168452380952382
75,2024,2,1.0,random_forest_regressor,0.7699047619047618
75,2024,3,1.0,random_forest_regressor,0.6856349206349206
75,2024,4,0.0,random_forest_regressor,1.1226904761904763
75,2024,5,3.0,random_forest_regressor,0.825388888888889
75,2024,6,4.0,random_forest_regressor,0.8673571428571428
75,2024,7,0.0,random_forest_regressor,1.3595
75,2024,8,1.0,random_forest_regressor,1.0848809523809524
75,2024,9,0.0,random_forest_regressor,0.3024444444444444
75,2024,11,1.0,random_forest_regressor,0.6325277777777775
75,2024,12,0.0,random_forest_regressor,1.0900793650793654
76,2023,11,0.0,random_forest_regressor,0.3659642857142858
76,2023,12,0.0,random_forest_regressor,0.4700039682539683
76,2024,1,0.0,random_forest_regressor,0.3874126984126985
76,2024,2,0.0,random_forest_regressor,0.3347658730158731
76,2024,3,0.0,random_forest_regressor,0.10805555555555557
76,2024,4,0.0,random_forest_regressor,0.09913888888888887
76,2024,5,1.0,random_forest_regressor,0.052333333333333336
76,2024,6,0.0,random_forest_regressor,0.020666666666666667
76,2024,7,0.0,random_forest_regressor,0.05822222222222222
76,2024,8,0.0,random_forest_regressor,0.0915
76,2024,9,1.0,random_forest_regressor,0.144984126984127
76,2024,11,0.0,random_forest_regressor,0.16052380952380954
76,2024,12,0.0,random_forest_regressor,0.33665476190476196
77,2023,11,3.0,random_forest_regressor,3.8605476190476202
77,2023,12,3.0,random_forest_regressor,3.3824126984126996
77,2024,1,2.0,random_forest_regressor,2.5800952380952378
77,2024,2,3.0,random_forest_regressor,3.4735595238095227
77,2024,3,3.0,random_forest_regressor,3.438087301587303
77,2024,4,6.0,random_forest_regressor,3.438499999999999
77,2024,5,4.0,random_forest_regressor,3.677853174603173
77,2024,6,5.0,random_forest_regressor,3.8549325396825376
77,2024,7,2.0,random_forest_regressor,4.091294973544974
77,2024,8,3.0,random_forest_regressor,3.949912698412698
77,2024,9,7.0,random_forest_regressor,3.094726190476191
77,2024,11,7.0,random_forest_regressor,3.891107142857141
77,2024,12,3.0,random_forest_regressor,1.7297182539682536
78,2023,11,1.0,random_forest_regressor,0.21773809523809523
78,2023,12,0.0,random_forest_regressor,0.15434920634920632
78,2024,1,0.0,random_forest_regressor,0.14594973544973547
78,2024,2,0.0,random_forest_regressor,0.15826984126984125
78,2024,3,0.0,random_forest_regressor,0.1
78,2024,4,0.0,random_forest_regressor,0.14916666666666667
78,2024,5,0.0,random_forest_regressor,0.008222222222222223
78,2024,6,0.0,random_forest_regressor,0.014555555555555554
78,2024,7,0.0,random_forest_regressor,0.008333333333333333
78,2024,8,0.0,random_forest_regressor,0.025
78,2024,9,0.0,random_forest_regressor,0.005555555555555555
78,2024,11,0.0,random_forest_regressor,0.04838624338624339
78,2024,12,0.0,random_forest_regressor,0.11342592592592593
79,2023,11,1.0,random_forest_regressor,0.21233333333333332
79,2023,12,0.0,random_forest_regressor,0.16644444444444442
79,2024,1,0.0,random_forest_regressor,0.1451164021164021
79,2024,2,0.0,random_forest_regressor,0.24999999999999994
79,2024,3,0.0,random_forest_regressor,0.10322222222222223
79,2024,4,0.0,random_forest_regressor,0.16216666666666665
79,2024,5,0.0,random_forest_regressor,0.05377777777777778
79,2024,6,0.0,random_forest_regressor,0.04677777777777778
79,2024,7,0.0,random_forest_regressor,0.02
79,2024,8,0.0,random_forest_regressor,0.06166666666666667
79,2024,9,0.0,random_forest_regressor,0.021111111111111112
79,2024,11,0.0,random_forest_regressor,0.0849973544973545
79,2024,12,0.0,random_forest_regressor,0.11993386243386245
80,2023,11,0.0,random_forest_regressor,0.30307142857142866
80,2023,12,1.0,random_forest_regressor,0.22151587301587297
80,2024,1,0.0,random_forest_regressor,0.19917195767195764
80,2024,2,0.0,random_forest_regressor,0.28241269841269845
80,2024,3,0.0,random_forest_regressor,0.10222222222222223
80,2024,4,0.0,random_forest_regressor,0.18449999999999997
80,2024,5,1.0,random_forest_regressor,1.0527063492063495
80,2024,12,0.0,random_forest_regressor,1.3317896825396824
81,2023,11,0.0,random_forest_regressor,0.2812936507936508
81,2023,12,1.0,random_forest_regressor,0.2859047619047619
81,2024,1,0.0,random_forest_regressor,0.30531084656084656
81,2024,2,0.0,random_forest_regressor,0.30330158730158735
81,2024,3,0.0,random_forest_regressor,0.1075
81,2024,4,0.0,random_forest_regressor,0.20369047619047617
81,2024,5,1.0,random_forest_regressor,0.06044444444444444
81,2024,6,0.0,random_forest_regressor,0.043333333333333335
81,2024,7,0.0,random_forest_regressor,0.08227777777777778
81,2024,8,0.0,random_forest_regressor,0.09216666666666667
81,2024,9,0.0,random_forest_regressor,0.024444444444444442
81,2024,11,0.0,random_forest_regressor,0.1477195767195767
81,2024,12,0.0,random_forest_regressor,0.15203703703703705
82,2023,11,0.0,random_forest_regressor,0.1992936507936508
82,2023,12,0.0,random_forest_regressor,0.12796031746031744
82,2024,1,1.0,random_forest_regressor,0.32779894179894187
82,2024,2,0.0,random_forest_regressor,0.21307142857142855
82,2024,3,0.0,random_forest_regressor,0.14577777777777776
82,2024,4,0.0,random_forest_regressor,0.16
82,2024,5,0.0,random_forest_regressor,0.008222222222222223
82,2024,6,0.0,random_forest_regressor,0.018333333333333333
82,2024,7,0.0,random_forest_regressor,0.014333333333333333
82,2024,8,0.0,random_forest_regressor,0.04611111111111111
82,2024,9,0.0,random_forest_regressor,0.016166666666666666
82,2024,11,0.0,random_forest_regressor,0.06925925925925926
82,2024,12,0.0,random_forest_regressor,0.1293148148148148
83,2023,11,0.0,random_forest_regressor,0.1831825396825397
83,2023,12,0.0,random_forest_regressor,0.12879365079365077
83,2024,1,1.0,random_forest_regressor,0.32557671957671963
83,2024,2,0.0,random_forest_regressor,0.19862698412698407
83,2024,3,0.0,random_forest_regressor,0.15335714285714283
83,2024,4,0.0,random_forest_regressor,0.1741666666666666
83,2024,5,0.0,random_forest_regressor,0.011555555555555555
83,2024,6,0.0,random_forest_regressor,0.015
83,2024,7,0.0,random_forest_regressor,0.01
83,2024,8,0.0,random_forest_regressor,0.005333333333333334
83,2024,9,0.0,random_forest_regressor,0.005
83,2024,11,0.0,random_forest_regressor,0.06675925925925927
83,2024,12,0.0,random_forest_regressor,0.1070925925925926
84,2023,11,0.0,random_forest_regressor,0.28428835978835976
84,2023,12,0.0,random_forest_regressor,0.17315873015873015
84,2024,1,0.0,random_forest_regressor,0.26163492063492066
84,2024,2,0.0,random_forest_regressor,0.2459444444444445
84,2024,3,1.0,random_forest_regressor,0.12127777777777778
84,2024,4,0.0,random_forest_regressor,0.11633333333333336
84,2024,5,0.0,random_forest_regressor,0.21287301587301588
84,2024,6,0.0,random_forest_regressor,0.2659126984126984
84,2024,7,1.0,random_forest_regressor,0.27288888888888885
84,2024,8,0.0,random_forest_regressor,0.45126190476190475
84,2024,9,0.0,random_forest_regressor,0.42583333333333334
84,2024,11,1.0,random_forest_regressor,0.311484126984127
84,2024,12,0.0,random_forest_regressor,0.2305079365079365
85,2023,11,0.0,random_forest_regressor,0.2971269841269841
85,2023,12,0.0,random_forest_regressor,0.144015873015873
85,2024,1,0.0,random_forest_regressor,0.1326164021164021
85,2024,2,0.0,random_forest_regressor,0.17838888888888885
85,2024,3,0.0,random_forest_regressor,0.13194444444444442
85,2024,4,0.0,random_forest_regressor,0.1597222222222222
85,2024,5,2.0,random_forest_regressor,0.058166666666666665
85,2024,6,0.0,random_forest_regressor,0.021444444444444443
85,2024,7,0.0,random_forest_regressor,0.357936507936508
85,2024,8,0.0,random_forest_regressor,0.0115
85,2024,9,0.0,random_forest_regressor,0.06147222222222221
85,2024,11,0.0,random_forest_regressor,0.05940476190476191
85,2024,12,0.0,random_forest_regressor,0.09733333333333334
86,2023,11,0.0,random_forest_regressor,0.2979047619047619
86,2023,12,0.0,random_forest_regressor,0.16018253968253965
86,2024,1,0.0,random_forest_regressor,0.15450529100529098
86,2024,2,0.0,random_forest_regressor,0.19038888888888883
86,2024,3,0.0,random_forest_regressor,0.1804444444444444
86,2024,4,0.0,random_forest_regressor,0.145
86,2024,5,3.0,random_forest_regressor,0.06266666666666668
86,2024,6,0.0,random_forest_regressor,0.05783333333333334
86,2024,7,0.0,random_forest_regressor,0.09094444444444445
86,2024,8,0.0,random_forest_regressor,0.05344444444444444
86,2024,9,0.0,random_forest_regressor,0.06888888888888889
86,2024,11,0.0,random_forest_regressor,0.09434920634920635
86,2024,12,0.0,random_forest_regressor,0.13544444444444445
87,2023,11,1.0,random_forest_regressor,0.4988085618085617
87,2023,12,0.0,random_forest_regressor,0.404234126984127
87,2024,1,0.0,random_forest_regressor,0.3503015873015873
87,2024,2,0.0,random_forest_regressor,0.25518253968253973
87,2024,3,0.0,random_forest_regressor,0.3315555555555556
87,2024,4,0.0,random_forest_regressor,0.1807777777777778
87,2024,5,0.0,random_forest_regressor,0.6466868686868688
87,2024,6,0.0,random_forest_regressor,0.4169603174603175
87,2024,7,0.0,random_forest_regressor,0.16211111111111112
87,2024,8,0.0,random_forest_regressor,0.3761666666666667
87,2024,9,0.0,random_forest_regressor,0.6206031746031745
87,2024,11,0.0,random_forest_regressor,0.2692777777777778
87,2024,12,0.0,random_forest_regressor,0.26108730158730153
88,2023,11,0.0,random_forest_regressor,0.5113968253968253
88,2023,12,0.0,random_forest_regressor,0.6452407407407408
88,2024,1,0.0,random_forest_regressor,0.4671746031746031
88,2024,2,0.0,random_forest_regressor,0.5470582010582012
88,2024,3,0.0,random_forest_regressor,0.157
88,2024,4,0.0,random_forest_regressor,0.14350000000000002
88,2024,5,1.0,random_forest_regressor,0.5986746031746034
88,2024,6,0.0,random_forest_regressor,0.22427777777777777
88,2024,7,1.0,random_forest_regressor,0.12311111111111113
88,2024,8,0.0,random_forest_regressor,0.1568412698412698
88,2024,9,0.0,random_forest_regressor,0.18366666666666664
88,2024,11,1.0,random_forest_regressor,0.276515873015873
88,2024,12,0.0,random_forest_regressor,0.5848597883597884
89,2023,11,0.0,random_forest_regressor,0.623857142857143
89,2023,12,0.0,random_forest_regressor,0.6107962962962963
89,2024,1,0.0,random_forest_regressor,0.4706349206349207
89,2024,2,0.0,random_forest_regressor,0.5777883597883599
89,2024,3,0.0,random_forest_regressor,0.37738888888888883
89,2024,4,0.0,random_forest_regressor,0.3113888888888889
89,2024,5,1.0,random_forest_regressor,0.684361111111111
89,2024,6,0.0,random_forest_regressor,0.37549999999999994
89,2024,7,1.0,random_forest_regressor,0.43101322751322757
89,2024,8,0.0,random_forest_regressor,0.6103412698412698
89,2024,9,0.0,random_forest_regressor,0.40705555555555556
89,2024,11,1.0,random_forest_regressor,0.43376984126984125
89,2024,12,0.0,random_forest_regressor,0.5843650793650794
90,2023,11,0.0,random_forest_regressor,0.19686507936507935
90,2023,12,1.0,random_forest_regressor,0.42687566137566135
90,2024,1,0.0,random_forest_regressor,0.49668253968253984
90,2024,2,0.0,random_forest_regressor,0.360042328042328
90,2024,3,0.0,random_forest_regressor,0.12405555555555556
90,2024,4,0.0,random_forest_regressor,0.1857222222222222
90,2024,5,0.0,random_forest_regressor,0.3339444444444444
90,2024,6,0.0,random_forest_regressor,0.1765634920634921
90,2024,7,0.0,random_forest_regressor,0.1491111111111111
90,2024,8,0.0,random_forest_regressor,0.26083333333333336
90,2024,9,0.0,random_forest_regressor,0.14696825396825397
90,2024,11,0.0,random_forest_regressor,0.15011111111111114
90,2024,12,0.0,random_forest_regressor,0.4272645502645503
91,2023,11,0.0,random_forest_regressor,0.19386507936507935
91,2023,12,1.0,random_forest_regressor,0.423542328042328
91,2024,1,0.0,random_forest_regressor,0.5044603174603175
91,2024,2,0.0,random_forest_regressor,0.3539312169312169
91,2024,3,0.0,random_forest_regressor,0.11961111111111108
91,2024,4,0.0,random_forest_regressor,0.14333333333333334
91,2024,5,0.0,random_forest_regressor,0.3567380952380952
91,2024,6,0.0,random_forest_regressor,0.13436507936507935
91,2024,7,0.0,random_forest_regressor,0.10946825396825398
91,2024,8,0.0,random_forest_regressor,0.2289166666666667
91,2024,9,0.0,random_forest_regressor,0.12122222222222222
91,2024,11,0.0,random_forest_regressor,0.16011111111111112
91,2024,12,0.0,random_forest_regressor,0.425042328042328
92,2023,11,0.0,random_forest_regressor,0.29822619047619053
92,2023,12,0.0,random_forest_regressor,0.39534920634920645
92,2024,1,0.0,random_forest_regressor,0.2793664021164021
92,2024,2,0.0,random_forest_regressor,0.22723809523809516
92,2024,3,0.0,random_forest_regressor,0.15344444444444447
92,2024,4,0.0,random_forest_regressor,0.07275
92,2024,5,0.0,random_forest_regressor,0.521419672919673
92,2024,6,0.0,random_forest_regressor,0.05583333333333333
92,2024,7,0.0,random_forest_regressor,0.02177777777777778
92,2024,8,0.0,random_forest_regressor,0.13883333333333334
92,2024,9,0.0,random_forest_regressor,0.15188888888888888
92,2024,11,0.0,random_forest_regressor,0.12592857142857142
92,2024,12,0.0,random_forest_regressor,0.23635317460317457
93,2023,11,0.0,random_forest_regressor,0.2978214285714286
93,2023,12,0.0,random_forest_regressor,0.3868650793650793
93,2024,1,0.0,random_forest_regressor,0.27844973544973545
93,2024,2,0.0,random_forest_regressor,0.2324047619047618
93,2024,3,0.0,random_forest_regressor,0.1492777777777778
93,2024,4,0.0,random_forest_regressor,0.14991666666666667
93,2024,5,0.0,random_forest_regressor,0.5598641173641175
93,2024,6,0.0,random_forest_regressor,0.06555555555555555
93,2024,7,0.0,random_forest_regressor,0.10216666666666668
93,2024,8,0.0,random_forest_regressor,0.18838888888888886
93,2024,9,0.0,random_forest_regressor,0.1808174603174603
93,2024,11,0.0,random_forest_regressor,0.12953968253968254
93,2024,12,0.0,random_forest_regressor,0.26329761904761906
94,2023,11,0.0,random_forest_regressor,0.4298571428571428
94,2023,12,0.0,random_forest_regressor,0.39161904761904753
94,2024,1,0.0,random_forest_regressor,0.48849206349206337
94,2024,2,0.0,random_forest_regressor,0.5708412698412697
94,2024,3,0.0,random_forest_regressor,0.35427777777777775
94,2024,4,1.0,random_forest_regressor,0.2806944444444444
94,2024,5,0.0,random_forest_regressor,0.6635476190476192
94,2024,6,0.0,random_forest_regressor,0.1338888888888889
94,2024,7,0.0,random_forest_regressor,0.31046825396825395
94,2024,8,0.0,random_forest_regressor,0.30684920634920637
94,2024,9,1.0,random_forest_regressor,0.542484126984127
94,2024,11,1.0,random_forest_regressor,0.23234920634920636
94,2024,12,0.0,random_forest_regressor,0.36943650793650795
95,2023,11,0.0,random_forest_regressor,0.40615873015873016
95,2023,12,0.0,random_forest_regressor,0.7223518518518519
95,2024,1,1.0,random_forest_regressor,0.36527777777777776
95,2024,2,0.0,random_forest_regressor,0.48706613756613765
95,2024,3,0.0,random_forest_regressor,0.18505555555555558
95,2024,4,0.0,random_forest_regressor,0.22122222222222224
95,2024,5,0.0,random_forest_regressor,0.4198333333333333
95,2024,6,0.0,random_forest_regressor,0.2892380952380952
95,2024,7,0.0,random_forest_regressor,0.3087222222222222
95,2024,8,2.0,random_forest_regressor,0.1017777777777778
95,2024,9,0.0,random_forest_regressor,0.219
95,2024,11,0.0,random_forest_regressor,0.4347142857142858
95,2024,12,0.0,random_forest_regressor,0.48689153439153443
96,2023,11,0.0,random_forest_regressor,0.39149206349206356
96,2023,12,0.0,random_forest_regressor,0.731669312169312
96,2024,1,1.0,random_forest_regressor,0.38411111111111107
96,2024,2,0.0,random_forest_regressor,0.5264550264550266
96,2024,3,0.0,random_forest_regressor,0.15611111111111112
96,2024,4,0.0,random_forest_regressor,0.21094444444444443
96,2024,5,0.0,random_forest_regressor,0.4246349206349206
96,2024,6,0.0,random_forest_regressor,0.1475
96,2024,7,0.0,random_forest_regressor,0.12866666666666665
96,2024,8,2.0,random_forest_regressor,0.09583333333333335
96,2024,9,0.0,random_forest_regressor,0.22733333333333333
96,2024,11,0.0,random_forest_regressor,0.25650264550264545
96,2024,12,0.0,random_forest_regressor,0.7870423280423277
97,2023,11,0.0,random_forest_regressor,0.6064841269841269
97,2023,12,0.0,random_forest_regressor,0.5495079365079365
97,2024,1,1.0,random_forest_regressor,0.5882380952380952
97,2024,2,0.0,random_forest_regressor,0.2876825396825397
97,2024,3,0.0,random_forest_regressor,0.24966666666666665
97,2024,4,0.0,random_forest_regressor,0.28033333333333327
97,2024,5,0.0,random_forest_regressor,0.5615952380952381
97,2024,6,0.0,random_forest_regressor,0.20666666666666667
97,2024,7,1.0,random_forest_regressor,0.10179365079365081
97,2024,8,0.0,random_forest_regressor,0.18070634920634918
97,2024,9,0.0,random_forest_regressor,0.5130277777777777
97,2024,11,0.0,random_forest_regressor,0.44916666666666677
97,2024,12,0.0,random_forest_regressor,0.5442936507936508
98,2023,11,0.0,random_forest_regressor,0.5185555555555555
98,2023,12,0.0,random_forest_regressor,0.5904761904761905
98,2024,1,1.0,random_forest_regressor,0.4737936507936508
98,2024,2,0.0,random_forest_regressor,0.3231825396825396
98,2024,3,0.0,random_forest_regressor,0.24422222222222223
98,2024,4,0.0,random_forest_regressor,0.2504444444444444
98,2024,5,0.0,random_forest_regressor,0.5321666666666666
98,2024,6,0.0,random_forest_regressor,0.29133333333333333
98,2024,7,1.0,random_forest_regressor,0.12183333333333335
98,2024,8,0.0,random_forest_regressor,0.27609523809523817
98,2024,9,0.0,random_forest_regressor,0.5549722222222221
98,2024,11,0.0,random_forest_regressor,0.4471111111111112
98,2024,12,0.0,random_forest_regressor,0.4680000000000002
99,2023,11,1.0,random_forest_regressor,0.7376666666666667
99,2023,12,0.0,random_forest_regressor,0.7220277777777775
99,2024,1,0.0,random_forest_regressor,0.9077129629629631
99,2024,2,2.0,random_forest_regressor,0.7059761904761904
99,2024,3,0.0,random_forest_regressor,0.5322380952380954
99,2024,4,1.0,random_forest_regressor,0.371531746031746
99,2024,5,1.0,random_forest_regressor,0.7465793650793651
99,2024,6,2.0,random_forest_regressor,0.1372777777777778
99,2024,7,1.0,random_forest_regressor,0.18805555555555556
99,2024,8,2.0,random_forest_regressor,0.18883333333333333
99,2024,9,2.0,random_forest_regressor,0.3573253968253969
99,2024,11,1.0,random_forest_regressor,0.5153809523809523
99,2024,12,1.0,random_forest_regressor,0.6864801587301588
100,2023,11,1.0,random_forest_regressor,1.9920793650793645
100,2023,12,0.0,random_forest_regressor,1.138531746031746
100,2024,1,0.0,random_forest_regressor,0.9595277777777776
100,2024,2,2.0,random_forest_regressor,1.2553492063492064
100,2024,3,0.0,random_forest_regressor,0.7966706349206346
100,2024,4,1.0,random_forest_regressor,0.6064246031746029
100,2024,5,1.0,random_forest_regressor,1.922753968253967
100,2024,6,2.0,random_forest_regressor,0.35167460317460325
100,2024,7,1.0,random_forest_regressor,0.29595238095238097
100,2024,8,2.0,random_forest_regressor,0.6714682539682537
100,2024,9,2.0,random_forest_regressor,0.6727341269841269
100,2024,11,1.0,random_forest_regressor,0.9968293650793648
100,2024,12,1.0,random_forest_regressor,0.9647023809523806
101,2023,11,1.0,random_forest_regressor,0.9839841269841269
101,2023,12,0.0,random_forest_regressor,0.6372301587301585
101,2024,1,1.0,random_forest_regressor,0.8627738095238097
101,2024,2,1.0,random_forest_regressor,0.8858571428571429
101,2024,3,1.0,random_forest_regressor,0.6059166666666668
101,2024,4,1.0,random_forest_regressor,0.5246388888888888
101,2024,5,0.0,random_forest_regressor,0.9210370370370373
101,2024,6,0.0,random_forest_regressor,0.2796111111111111
101,2024,7,0.0,random_forest_regressor,0.105
101,2024,8,1.0,random_forest_regressor,0.28094444444444444
101,2024,9,0.0,random_forest_regressor,0.6563333333333335
101,2024,11,1.0,random_forest_regressor,0.7947222222222223
101,2024,12,1.0,random_forest_regressor,0.7649523809523809
102,2023,11,1.0,random_forest_regressor,0.8099761904761904
102,2023,12,0.0,random_forest_regressor,0.6452777777777775
102,2024,1,1.0,random_forest_regressor,0.869154761904762
102,2024,2,1.0,random_forest_regressor,0.7787857142857142
102,2024,3,1.0,random_forest_regressor,0.5621626984126986
102,2024,4,1.0,random_forest_regressor,0.48052777777777766
102,2024,5,0.0,random_forest_regressor,1.0617037037037038
102,2024,6,0.0,random_forest_regressor,0.38066666666666665
102,2024,7,0.0,random_forest_regressor,0.1097777777777778
102,2024,8,1.0,random_forest_regressor,0.2816111111111111
102,2024,9,0.0,random_forest_regressor,0.772388888888889
102,2024,11,1.0,random_forest_regressor,0.7104444444444448
102,2024,12,1.0,random_forest_regressor,0.6742222222222223
103,2023,11,0.0,random_forest_regressor,0.20047258297258297
103,2023,12,0.0,random_forest_regressor,0.3359603174603174
103,2024,1,0.0,random_forest_regressor,0.5383492063492064
103,2024,2,0.0,random_forest_regressor,0.271563492063492
103,2024,3,0.0,random_forest_regressor,0.15227777777777776
103,2024,4,0.0,random_forest_regressor,0.14905555555555552
103,2024,5,0.0,random_forest_regressor,0.3538217893217892
103,2024,6,0.0,random_forest_regressor,0.105
103,2024,7,0.0,random_forest_regressor,0.08176984126984126
103,2024,8,0.0,random_forest_regressor,0.21232539682539686
103,2024,9,0.0,random_forest_regressor,0.22944444444444442
103,2024,11,0.0,random_forest_regressor,0.13233333333333333
103,2024,12,0.0,random_forest_regressor,0.27727777777777773
104,2023,11,0.0,random_forest_regressor,0.2105079365079365
104,2023,12,0.0,random_forest_regressor,0.41373809523809524
104,2024,1,0.0,random_forest_regressor,0.5656825396825398
104,2024,2,0.0,random_forest_regressor,0.4458968253968254
104,2024,3,0.0,random_forest_regressor,0.2163333333333333
104,2024,4,0.0,random_forest_regressor,0.1832222222222222
104,2024,5,0.0,random_forest_regressor,0.45365512265512253
104,2024,6,0.0,random_forest_regressor,0.15822222222222224
104,2024,7,0.0,random_forest_regressor,0.11404761904761905
104,2024,8,0.0,random_forest_regressor,0.21305555555555558
104,2024,9,0.0,random_forest_regressor,0.2798333333333333
104,2024,11,0.0,random_forest_regressor,0.1312222222222222
104,2024,12,0.0,random_forest_regressor,0.3200555555555555
105,2023,11,0.0,random_forest_regressor,0.427
105,2023,12,0.0,random_forest_regressor,1.038014550264551
105,2024,1,0.0,random_forest_regressor,0.9544047619047624
105,2024,2,1.0,random_forest_regressor,0.6728756613756613
105,2024,3,0.0,random_forest_regressor,0.6696904761904764
105,2024,4,0.0,random_forest_regressor,0.3370079365079366
105,2024,5,0.0,random_forest_regressor,0.9532857142857146
105,2024,6,0.0,random_forest_regressor,0.3181190476190477
105,2024,7,0.0,random_forest_regressor,0.8453968253968258
105,2024,8,0.0,random_forest_regressor,0.8591468253968256
105,2024,9,0.0,random_forest_regressor,0.35842460317460323
105,2024,11,0.0,random_forest_regressor,0.3722857142857144
105,2024,12,0.0,random_forest_regressor,1.0311891534391537
106,2023,11,0.0,random_forest_regressor,0.23094444444444448
106,2023,12,0.0,random_forest_regressor,0.609653439153439
106,2024,1,0.0,random_forest_regressor,0.5563174603174604
106,2024,2,1.0,random_forest_regressor,0.5374867724867722
106,2024,3,0.0,random_forest_regressor,0.07194444444444444
106,2024,4,0.0,random_forest_regressor,0.09535714285714286
106,2024,5,0.0,random_forest_regressor,0.42030158730158734
106,2024,6,0.0,random_forest_regressor,0.12313492063492061
106,2024,7,0.0,random_forest_regressor,0.07424603174603175
106,2024,8,0.0,random_forest_regressor,0.14335714285714288
106,2024,9,0.0,random_forest_regressor,0.17130158730158726
106,2024,11,0.0,random_forest_regressor,0.20255555555555557
106,2024,12,0.0,random_forest_regressor,0.6656534391534391
107,2023,11,2.0,random_forest_regressor,3.9326970899470877
107,2023,12,4.0,random_forest_regressor,3.082170634920634
107,2024,1,2.0,random_forest_regressor,2.8500238095238095
107,2024,2,3.0,random_forest_regressor,3.2554642857142846
107,2024,3,3.0,random_forest_regressor,3.937091269841272
107,2024,4,6.0,random_forest_regressor,3.420293650793651
107,2024,5,4.0,random_forest_regressor,5.204460317460318
107,2024,6,5.0,random_forest_regressor,4.547650793650794
107,2024,7,2.0,random_forest_regressor,4.262246031746033
107,2024,8,3.0,random_forest_regressor,4.928238095238095
107,2024,9,6.0,random_forest_regressor,5.387507936507936
107,2024,11,7.0,random_forest_regressor,4.002809523809523
107,2024,12,3.0,random_forest_regressor,3.8930753968253944
108,2023,11,0.0,random_forest_regressor,0.4548809523809524
108,2023,12,0.0,random_forest_regressor,0.6036388888888888
108,2024,1,0.0,random_forest_regressor,0.2267738095238095
108,2024,2,0.0,random_forest_regressor,0.41173809523809535
108,2024,3,0.0,random_forest_regressor,0.38817460317460317
108,2024,4,0.0,random_forest_regressor,0.3600079365079364
108,2024,5,1.0,random_forest_regressor,0.25757142857142856
108,2024,6,0.0,random_forest_regressor,0.10066666666666668
108,2024,7,0.0,random_forest_regressor,0.0963888888888889
108,2024,8,0.0,random_forest_regressor,0.2451666666666667
108,2024,9,1.0,random_forest_regressor,0.22590476190476186
108,2024,11,0.0,random_forest_regressor,0.31510714285714286
108,2024,12,0.0,random_forest_regressor,0.4215753968253967
109,2023,11,0.0,random_forest_regressor,1.006456349206349
109,2023,12,0.0,random_forest_regressor,0.6150476190476191
109,2024,1,0.0,random_forest_regressor,0.5402896825396825
109,2024,2,0.0,random_forest_regressor,0.8594285714285714
109,2024,3,0.0,random_forest_regressor,1.1833597883597886
109,2024,4,0.0,random_forest_regressor,0.6698293650793649
109,2024,5,0.0,random_forest_regressor,2.1276759259259257
109,2024,6,0.0,random_forest_regressor,2.4069576719576706
109,2024,7,0.0,random_forest_regressor,1.9914431216931219
109,2024,8,0.0,random_forest_regressor,2.5468227513227517
109,2024,9,2.0,random_forest_regressor,1.0085330687830685
109,2024,11,0.0,random_forest_regressor,0.9792341269841269
109,2024,12,0.0,random_forest_regressor,0.675734126984127
110,2023,11,0.0,random_forest_regressor,0.4868095238095239
110,2023,12,0.0,random_forest_regressor,0.5708452380952381
110,2024,1,0.0,random_forest_regressor,0.5458055555555554
110,2024,2,0.0,random_forest_regressor,0.7430396825396823
110,2024,3,0.0,random_forest_regressor,0.7138373015873014
110,2024,4,1.0,random_forest_regressor,0.4378968253968254
110,2024,5,0.0,random_forest_regressor,1.711936507936508
110,2024,6,0.0,random_forest_regressor,0.42124999999999996
110,2024,7,0.0,random_forest_regressor,0.5372142857142858
110,2024,8,0.0,random_forest_regressor,0.5968888888888889
110,2024,9,1.0,random_forest_regressor,0.697904761904762
110,2024,11,1.0,random_forest_regressor,0.5153571428571428
110,2024,12,0.0,random_forest_regressor,0.3919126984126984
111,2023,11,0.0,random_forest_regressor,0.2118333333333333
111,2023,12,0.0,random_forest_regressor,0.29275661375661377
111,2024,1,0.0,random_forest_regressor,0.24209788359788362
111,2024,2,0.0,random_forest_regressor,0.3018888888888889
111,2024,3,0.0,random_forest_regressor,0.17400000000000002
111,2024,4,1.0,random_forest_regressor,0.1996666666666667
111,2024,5,0.0,random_forest_regressor,0.2902063492063492
111,2024,6,2.0,random_forest_regressor,0.20942063492063495
111,2024,7,0.0,random_forest_regressor,0.18853174603174602
111,2024,8,2.0,random_forest_regressor,0.3892063492063492
111,2024,9,0.0,random_forest_regressor,0.38742063492063505
111,2024,11,1.0,random_forest_regressor,0.2581904761904762
111,2024,12,0.0,random_forest_regressor,0.14756349206349206
112,2023,11,0.0,random_forest_regressor,0.3550277777777778
112,2023,12,0.0,random_forest_regressor,0.5117222222222223
112,2024,1,1.0,random_forest_regressor,0.30640079365079365
112,2024,2,0.0,random_forest_regressor,0.2733650793650793
112,2024,3,0.0,random_forest_regressor,0.13952777777777778
112,2024,4,0.0,random_forest_regressor,0.08536111111111111
112,2024,5,0.0,random_forest_regressor,0.6721825396825398
112,2024,6,0.0,random_forest_regressor,0.10283333333333333
112,2024,7,0.0,random_forest_regressor,0.06611111111111112
112,2024,8,2.0,random_forest_regressor,0.29605555555555557
112,2024,9,0.0,random_forest_regressor,0.2822460317460317
112,2024,11,0.0,random_forest_regressor,0.2591587301587302
112,2024,12,0.0,random_forest_regressor,0.39478174603174604
113,2023,11,0.0,random_forest_regressor,0.3675873015873016
113,2023,12,0.0,random_forest_regressor,0.12038888888888889
113,2024,1,0.0,random_forest_regressor,0.1371904761904762
113,2024,2,0.0,random_forest_regressor,0.20477777777777775
113,2024,3,0.0,random_forest_regressor,0.07916666666666666
113,2024,4,0.0,random_forest_regressor,0.09352777777777778
113,2024,5,0.0,random_forest_regressor,0.12069047619047618
113,2024,6,0.0,random_forest_regressor,0.07416666666666667
113,2024,7,0.0,random_forest_regressor,0.08144444444444444
113,2024,8,0.0,random_forest_regressor,0.25843253968253976
113,2024,9,0.0,random_forest_regressor,0.11816666666666667
113,2024,11,0.0,random_forest_regressor,0.10253703703703704
113,2024,12,1.0,random_forest_regressor,0.10437037037037036
114,2023,11,0.0,random_forest_regressor,0.3181428571428571
114,2023,12,0.0,random_forest_regressor,0.14072222222222222
114,2024,1,0.0,random_forest_regressor,0.11788492063492062
114,2024,2,0.0,random_forest_regressor,0.14450000000000002
114,2024,3,0.0,random_forest_regressor,0.08805555555555555
114,2024,4,0.0,random_forest_regressor,0.11958333333333336
114,2024,5,0.0,random_forest_regressor,0.0823888888888889
114,2024,6,0.0,random_forest_regressor,0.08722222222222221
114,2024,7,0.0,random_forest_regressor,0.03805555555555555
114,2024,8,0.0,random_forest_regressor,0.18172222222222223
114,2024,9,0.0,random_forest_regressor,0.06361111111111112
114,2024,11,0.0,random_forest_regressor,0.10264814814814814
114,2024,12,1.0,random_forest_regressor,0.11287037037037036
115,2023,11,0.0,random_forest_regressor,1.1794047619047618
115,2023,12,0.0,random_forest_regressor,1.184698412698413
115,2024,1,0.0,random_forest_regressor,1.2937063492063494
115,2024,2,1.0,random_forest_regressor,0.9298412698412699
115,2024,3,1.0,random_forest_regressor,0.568388888888889
115,2024,4,1.0,random_forest_regressor,0.7077222222222221
115,2024,5,0.0,random_forest_regressor,0.5838253968253967
115,2024,6,1.0,random_forest_regressor,0.4495079365079366
115,2024,7,0.0,random_forest_regressor,0.47315873015873006
115,2024,8,1.0,random_forest_regressor,0.6641785714285712
115,2024,9,0.0,random_forest_regressor,0.48416666666666675
115,2024,11,0.0,random_forest_regressor,0.5826666666666667
115,2024,12,0.0,random_forest_regressor,1.0711349206349203
116,2023,11,0.0,random_forest_regressor,0.33048448773448774
116,2023,12,0.0,random_forest_regressor,0.4261746031746032
116,2024,1,1.0,random_forest_regressor,0.3008015873015873
116,2024,2,1.0,random_forest_regressor,0.38319444444444445
116,2024,3,1.0,random_forest_regressor,0.16261111111111112
116,2024,4,0.0,random_forest_regressor,0.21050000000000002
116,2024,5,1.0,random_forest_regressor,0.2393650793650793
116,2024,6,0.0,random_forest_regressor,0.09249999999999999
116,2024,7,1.0,random_forest_regressor,0.061642857142857145
116,2024,8,0.0,random_forest_regressor,0.298297619047619
116,2024,9,1.0,random_forest_regressor,0.4006666666666666
116,2024,11,1.0,random_forest_regressor,0.24453968253968256
116,2024,12,0.0,random_forest_regressor,0.20414021164021165
117,2023,11,0.0,random_forest_regressor,0.36298448773448777
117,2023,12,0.0,random_forest_regressor,0.4144722222222222
117,2024,1,1.0,random_forest_regressor,0.29257936507936505
117,2024,2,1.0,random_forest_regressor,0.3965277777777777
117,2024,3,1.0,random_forest_regressor,0.17794444444444446
117,2024,4,0.0,random_forest_regressor,0.2461666666666667
117,2024,5,1.0,random_forest_regressor,0.20305952380952383
117,2024,6,0.0,random_forest_regressor,0.10799603174603176
117,2024,7,1.0,random_forest_regressor,0.09978174603174604
117,2024,8,0.0,random_forest_regressor,0.31537698412698395
117,2024,9,1.0,random_forest_regressor,0.41494444444444445
117,2024,11,1.0,random_forest_regressor,0.3218492063492063
117,2024,12,0.0,random_forest_regressor,0.297484126984127
118,2023,11,2.0,random_forest_regressor,2.4115158730158726
118,2023,12,0.0,random_forest_regressor,1.081357142857143
118,2024,1,0.0,random_forest_regressor,0.9039444444444442
118,2024,2,1.0,random_forest_regressor,1.1177301587301587
118,2024,3,0.0,random_forest_regressor,0.9335634920634921
118,2024,4,1.0,random_forest_regressor,0.7918373015873018
118,2024,5,2.0,random_forest_regressor,0.9563055555555555
118,2024,6,4.0,random_forest_regressor,0.5405992063492063
118,2024,7,0.0,random_forest_regressor,0.699111111111111
118,2024,8,0.0,random_forest_regressor,0.9242103174603172
118,2024,9,0.0,random_forest_regressor,0.6740277777777777
118,2024,11,1.0,random_forest_regressor,0.9103968253968255
118,2024,12,1.0,random_forest_regressor,0.901031746031746
119,2023,11,2.0,random_forest_regressor,0.47917857142857145
119,2023,12,0.0,random_forest_regressor,1.1597843915343917
119,2024,1,0.0,random_forest_regressor,1.217206349206349
119,2024,2,1.0,random_forest_regressor,0.7483955026455027
119,2024,3,0.0,random_forest_regressor,0.9425912698412701
119,2024,4,1.0,random_forest_regressor,0.473797619047619
119,2024,5,2.0,random_forest_regressor,1.1363809523809525
119,2024,6,4.0,random_forest_regressor,0.5320198412698411
119,2024,7,0.0,random_forest_regressor,1.1542142857142856
119,2024,8,0.0,random_forest_regressor,1.1772976190476192
119,2024,9,0.0,random_forest_regressor,0.49053968253968255
119,2024,11,1.0,random_forest_regressor,0.8091746031746031
119,2024,12,1.0,random_forest_regressor,0.924563492063492
120,2023,11,0.0,random_forest_regressor,0.15213492063492062
120,2023,12,1.0,random_forest_regressor,0.3292989417989418
120,2024,1,0.0,random_forest_regressor,0.1336164021164021
120,2024,2,0.0,random_forest_regressor,0.16084126984126978
120,2024,3,0.0,random_forest_regressor,0.03277777777777778
120,2024,4,0.0,random_forest_regressor,0.09738888888888889
120,2024,5,1.0,random_forest_regressor,0.07988888888888888
120,2024,6,0.0,random_forest_regressor,0.11829365079365078
120,2024,7,0.0,random_forest_regressor,0.041944444444444444
120,2024,8,1.0,random_forest_regressor,0.12011111111111113
120,2024,9,2.0,random_forest_regressor,0.1452222222222222
120,2024,11,0.0,random_forest_regressor,0.11383068783068782
120,2024,12,1.0,random_forest_regressor,0.07453703703703705
121,2023,11,0.0,random_forest_regressor,0.4173412698412699
121,2023,12,1.0,random_forest_regressor,0.39292592592592596
121,2024,1,0.0,random_forest_regressor,0.21324603174603174
121,2024,2,0.0,random_forest_regressor,0.34936904761904763
121,2024,3,0.0,random_forest_regressor,0.07166666666666666
121,2024,4,0.0,random_forest_regressor,0.07583333333333332
121,2024,5,1.0,random_forest_regressor,0.18850396825396826
121,2024,6,0.0,random_forest_regressor,0.06788888888888887
121,2024,7,0.0,random_forest_regressor,0.06625
121,2024,8,1.0,random_forest_regressor,0.24250793650793653
121,2024,9,1.0,random_forest_regressor,0.1693888888888889
121,2024,11,0.0,random_forest_regressor,0.3241706349206349
121,2024,12,1.0,random_forest_regressor,0.20381481481481478
122,2023,11,2.0,random_forest_regressor,3.827776455026454
122,2023,12,3.0,random_forest_regressor,1.5574007936507936
122,2024,1,2.0,random_forest_regressor,1.622944444444444
122,2024,2,1.0,random_forest_regressor,3.5087288359788347
122,2024,3,1.0,random_forest_regressor,2.284468253968254
122,2024,4,2.0,random_forest_regressor,2.5002460317460318
122,2024,5,2.0,random_forest_regressor,3.0053492063492064
122,2024,6,3.0,random_forest_regressor,1.9428571428571417
122,2024,7,3.0,random_forest_regressor,1.5138690476190473
122,2024,8,1.0,random_forest_regressor,0.6721230158730158
122,2024,9,2.0,random_forest_regressor,0.2913888888888889
122,2024,11,1.0,random_forest_regressor,0.4448888888888889
122,2024,12,3.0,random_forest_regressor,0.7527804232804233
123,2024,11,0.0,random_forest_regressor,1.0324444444444445
123,2024,12,0.0,random_forest_regressor,1.0588333333333333
124,2023,11,0.0,random_forest_regressor,0.34279365079365076
124,2023,12,0.0,random_forest_regressor,0.6338849206349207
124,2024,1,0.0,random_forest_regressor,0.6486428571428574
124,2024,2,0.0,random_forest_regressor,0.37292857142857155
124,2024,3,0.0,random_forest_regressor,0.44821825396825404
124,2024,4,1.0,random_forest_regressor,0.27807936507936515
124,2024,5,0.0,random_forest_regressor,0.6941944444444448
124,2024,6,0.0,random_forest_regressor,0.18569047619047618
124,2024,7,0.0,random_forest_regressor,0.5650912698412699
124,2024,8,0.0,random_forest_regressor,0.29236111111111107
124,2024,11,0.0,random_forest_regressor,1.0324444444444445
124,2024,12,0.0,random_forest_regressor,1.0588333333333333
125,2023,11,2.0,random_forest_regressor,2.649123015873017
125,2023,12,3.0,random_forest_regressor,1.3497566137566135
125,2024,1,2.0,random_forest_regressor,1.479391534391534
125,2024,2,1.0,random_forest_regressor,2.516019841269841
125,2024,3,1.0,random_forest_regressor,1.9634232804232794
125,2024,4,2.0,random_forest_regressor,1.9728637566137563
125,2024,5,2.0,random_forest_regressor,2.9479541847041846
125,2024,6,3.0,random_forest_regressor,1.9307063492063488
125,2024,7,3.0,random_forest_regressor,1.3545185185185185
125,2024,8,1.0,random_forest_regressor,2.0480674603174602
125,2024,9,2.0,random_forest_regressor,4.608436507936507
125,2024,11,1.0,random_forest_regressor,2.826433862433863
125,2024,12,3.0,random_forest_regressor,1.9166349206349207
126,2023,11,0.0,random_forest_regressor,1.0824206349206347
126,2023,12,0.0,random_forest_regressor,0.666797619047619
126,2024,1,2.0,random_forest_regressor,0.6716269841269841
126,2024,2,1.0,random_forest_regressor,0.816984126984127
126,2024,3,0.0,random_forest_regressor,0.369436507936508
126,2024,4,0.0,random_forest_regressor,0.6392539682539681
126,2024,5,2.0,random_forest_regressor,0.5903095238095237
126,2024,6,0.0,random_forest_regressor,0.4205
126,2024,7,0.0,random_forest_regressor,0.30286507936507934
126,2024,8,0.0,random_forest_regressor,0.4014682539682541
126,2024,9,0.0,random_forest_regressor,0.6149365079365079
126,2024,11,2.0,random_forest_regressor,0.6971825396825397
126,2024,12,0.0,random_forest_regressor,0.5559801587301588
127,2023,11,0.0,random_forest_regressor,0.3888611111111111
127,2023,12,0.0,random_forest_regressor,0.5514484126984127
127,2024,1,1.0,random_forest_regressor,0.4753412698412698
127,2024,2,0.0,random_forest_regressor,0.2959206349206349
127,2024,3,0.0,random_forest_regressor,0.16547222222222224
127,2024,4,0.0,random_forest_regressor,0.10441666666666667
127,2024,5,0.0,random_forest_regressor,0.6669814814814815
127,2024,6,0.0,random_forest_regressor,0.10858730158730158
127,2024,7,0.0,random_forest_regressor,0.04880952380952381
127,2024,8,2.0,random_forest_regressor,0.19583333333333333
127,2024,9,0.0,random_forest_regressor,0.33585714285714285
127,2024,11,0.0,random_forest_regressor,0.2791349206349206
127,2024,12,0.0,random_forest_regressor,0.4230277777777778
128,2023,11,0.0,random_forest_regressor,0.4531190476190476
128,2023,12,0.0,random_forest_regressor,0.6885317460317459
128,2024,1,0.0,random_forest_regressor,0.338515873015873
128,2024,2,0.0,random_forest_regressor,0.5230026455026455
128,2024,3,1.0,random_forest_regressor,0.20616666666666666
128,2024,4,1.0,random_forest_regressor,0.24975396825396834
128,2024,5,0.0,random_forest_regressor,0.3480555555555555
128,2024,6,2.0,random_forest_regressor,0.20090476190476192
128,2024,7,1.0,random_forest_regressor,0.2227857142857143
128,2024,8,0.0,random_forest_regressor,0.18566666666666662
128,2024,9,1.0,random_forest_regressor,0.20972222222222225
128,2024,11,0.0,random_forest_regressor,0.3396031746031746
128,2024,12,0.0,random_forest_regressor,0.5628650793650793
129,2023,11,0.0,random_forest_regressor,0.31458730158730164
129,2023,12,0.0,random_forest_regressor,0.7168637566137565
129,2024,1,0.0,random_forest_regressor,0.36657142857142855
129,2024,2,0.0,random_forest_regressor,0.5801613756613758
129,2024,3,1.0,random_forest_regressor,0.16870370370370372
129,2024,4,1.0,random_forest_regressor,0.22933333333333333
129,2024,5,0.0,random_forest_regressor,0.38233333333333325
129,2024,6,2.0,random_forest_regressor,0.3172857142857143
129,2024,7,0.0,random_forest_regressor,0.21611111111111114
129,2024,8,0.0,random_forest_regressor,0.46042857142857146
129,2024,9,1.0,random_forest_regressor,0.24427777777777782
129,2024,11,0.0,random_forest_regressor,0.3498492063492063
129,2024,12,0.0,random_forest_regressor,0.54894708994709
131,2023,11,0.0,random_forest_regressor,0.3385079365079364
131,2023,12,0.0,random_forest_regressor,0.23838888888888887
131,2024,1,0.0,random_forest_regressor,0.16457936507936508
131,2024,2,0.0,random_forest_regressor,0.12316666666666667
131,2024,3,0.0,random_forest_regressor,0.08964285714285714
131,2024,4,0.0,random_forest_regressor,0.09083333333333334
131,2024,5,1.0,random_forest_regressor,0.21461904761904763
131,2024,6,0.0,random_forest_regressor,0.25405555555555553
131,2024,7,0.0,random_forest_regressor,0.20055555555555551
131,2024,8,0.0,random_forest_regressor,0.45586111111111116
131,2024,9,0.0,random_forest_regressor,0.2633888888888889
131,2024,11,0.0,random_forest_regressor,0.1270793650793651
131,2024,12,0.0,random_forest_regressor,0.13964285714285715
132,2023,11,0.0,random_forest_regressor,0.08461111111111111
132,2023,12,0.0,random_forest_regressor,0.09227777777777779
132,2024,1,0.0,random_forest_regressor,0.18228306878306874
132,2024,2,0.0,random_forest_regressor,0.12894444444444442
132,2024,3,0.0,random_forest_regressor,0.10461111111111111
132,2024,4,0.0,random_forest_regressor,0.11224999999999999
132,2024,5,0.0,random_forest_regressor,0.38377417027417027
132,2024,6,0.0,random_forest_regressor,0.1185793650793651
132,2024,7,0.0,random_forest_regressor,0.06207936507936509
132,2024,8,0.0,random_forest_regressor,0.12261111111111113
132,2024,9,1.0,random_forest_regressor,0.15646825396825398
132,2024,11,0.0,random_forest_regressor,0.13399735449735448
132,2024,12,1.0,random_forest_regressor,0.11525925925925926
133,2023,11,0.0,random_forest_regressor,0.21462698412698417
133,2023,12,0.0,random_forest_regressor,0.17388888888888887
133,2024,1,0.0,random_forest_regressor,0.19206084656084654
133,2024,2,0.0,random_forest_regressor,0.2618650793650793
133,2024,3,0.0,random_forest_regressor,0.12166666666666667
133,2024,4,0.0,random_forest_regressor,0.12180555555555554
133,2024,5,0.0,random_forest_regressor,0.5112142857142856
133,2024,6,0.0,random_forest_regressor,0.22322222222222218
133,2024,7,0.0,random_forest_regressor,0.17505555555555555
133,2024,8,0.0,random_forest_regressor,0.2287857142857143
133,2024,9,1.0,random_forest_regressor,0.3537777777777778
133,2024,11,0.0,random_forest_regressor,0.16362698412698415
133,2024,12,1.0,random_forest_regressor,0.21290211640211637
134,2023,11,0.0,random_forest_regressor,0.46464285714285714
134,2023,12,0.0,random_forest_regressor,0.6972962962962961
134,2024,1,0.0,random_forest_regressor,0.6090317460317461
134,2024,2,0.0,random_forest_regressor,0.9627962962962964
134,2024,3,0.0,random_forest_regressor,0.09327777777777777
134,2024,4,0.0,random_forest_regressor,0.20744444444444446
134,2024,5,0.0,random_forest_regressor,1.0054312169312172
134,2024,6,0.0,random_forest_regressor,0.5255277777777777
134,2024,7,0.0,random_forest_regressor,0.20144444444444443
134,2024,8,0.0,random_forest_regressor,0.34583333333333327
134,2024,9,0.0,random_forest_regressor,0.44466666666666677
134,2024,11,1.0,random_forest_regressor,0.3088888888888889
134,2024,12,0.0,random_forest_regressor,0.6730740740740742
135,2023,11,0.0,random_forest_regressor,0.699174603174603
135,2023,12,0.0,random_forest_regressor,0.8968730158730155
135,2024,1,0.0,random_forest_regressor,0.6412777777777777
135,2024,2,0.0,random_forest_regressor,1.3057645502645505
135,2024,3,0.0,random_forest_regressor,0.2593333333333333
135,2024,4,0.0,random_forest_regressor,0.37288888888888894
135,2024,5,0.0,random_forest_regressor,1.2127301587301587
135,2024,6,0.0,random_forest_regressor,0.5380000000000003
135,2024,7,0.0,random_forest_regressor,0.3806349206349207
135,2024,8,0.0,random_forest_regressor,0.691873015873016
135,2024,9,0.0,random_forest_regressor,0.47850396825396835
135,2024,11,1.0,random_forest_regressor,0.4502222222222222
135,2024,12,0.0,random_forest_regressor,0.6770158730158727
136,2023,11,1.0,random_forest_regressor,0.3508280423280424
136,2023,12,0.0,random_forest_regressor,0.2901111111111112
136,2024,1,2.0,random_forest_regressor,0.14666666666666667
136,2024,2,0.0,random_forest_regressor,0.2532222222222223
136,2024,3,0.0,random_forest_regressor,0.1718333333333333
136,2024,4,0.0,random_forest_regressor,0.16419444444444442
136,2024,5,0.0,random_forest_regressor,0.23627777777777775
136,2024,6,0.0,random_forest_regressor,0.22003174603174605
136,2024,7,1.0,random_forest_regressor,0.11111111111111115
136,2024,8,0.0,random_forest_regressor,0.2652962962962963
136,2024,9,0.0,random_forest_regressor,0.23027777777777772
136,2024,11,0.0,random_forest_regressor,0.21525661375661376
136,2024,12,1.0,random_forest_regressor,0.20764285714285713
137,2023,11,2.0,random_forest_regressor,2.9711296296296297
137,2023,12,2.0,random_forest_regressor,1.3997341269841272
137,2024,1,1.0,random_forest_regressor,1.0879246031746033
137,2024,2,1.0,random_forest_regressor,2.952201058201058
137,2024,3,1.0,random_forest_regressor,2.371317460317459
137,2024,4,2.0,random_forest_regressor,2.1237063492063486
137,2024,5,3.0,random_forest_regressor,2.9297460317460304
137,2024,6,2.0,random_forest_regressor,1.6717023809523817
137,2024,7,0.0,random_forest_regressor,1.52475
137,2024,8,0.0,random_forest_regressor,1.686051587301588
137,2024,9,2.0,random_forest_regressor,2.0665833333333326
137,2024,11,1.0,random_forest_regressor,2.6220714285714277
137,2024,12,0.0,random_forest_regressor,2.744939153439153
138,2023,11,2.0,random_forest_regressor,2.808353174603174
138,2023,12,2.0,random_forest_regressor,2.674496031746032
138,2024,1,1.0,random_forest_regressor,2.7603888888888894
138,2024,2,1.0,random_forest_regressor,2.614023809523808
138,2024,3,1.0,random_forest_regressor,2.282055555555556
138,2024,4,2.0,random_forest_regressor,2.255285714285714
138,2024,5,3.0,random_forest_regressor,2.401837301587301
138,2024,6,2.0,random_forest_regressor,2.1312195767195776
138,2024,7,0.0,random_forest_regressor,2.195699735449735
138,2024,8,0.0,random_forest_regressor,1.8292698412698414
138,2024,9,2.0,random_forest_regressor,1.6296402116402111
138,2024,11,1.0,random_forest_regressor,2.5084404761904766
138,2024,12,0.0,random_forest_regressor,2.436420634920635
139,2023,11,0.0,random_forest_regressor,0.6640555555555555
139,2023,12,0.0,random_forest_regressor,0.4730714285714285
139,2024,1,1.0,random_forest_regressor,0.4934867724867724
139,2024,2,1.0,random_forest_regressor,0.4689285714285713
139,2024,3,0.0,random_forest_regressor,0.31055952380952373
139,2024,4,1.0,random_forest_regressor,0.3596150793650792
139,2024,5,1.0,random_forest_regressor,0.6220731120731121
139,2024,6,0.0,random_forest_regressor,0.33697619047619043
139,2024,7,1.0,random_forest_regressor,0.4257777777777778
139,2024,8,0.0,random_forest_regressor,0.714063492063492
139,2024,9,0.0,random_forest_regressor,0.40155555555555544
139,2024,11,0.0,random_forest_regressor,0.29910052910052903
139,2024,12,0.0,random_forest_regressor,0.459973544973545
140,2023,11,0.0,random_forest_regressor,2.1674841269841267
140,2023,12,0.0,random_forest_regressor,1.3281746031746031
140,2024,1,3.0,random_forest_regressor,1.1181706349206348
140,2024,2,1.0,random_forest_regressor,1.3161309523809523
140,2024,3,1.0,random_forest_regressor,1.8694365079365078
140,2024,4,2.0,random_forest_regressor,0.9998531746031747
140,2024,5,5.0,random_forest_regressor,2.3433425925925917
140,2024,6,2.0,random_forest_regressor,2.4390013227513223
140,2024,7,2.0,random_forest_regressor,2.2950317460317455
140,2024,8,0.0,random_forest_regressor,2.9778492063492066
140,2024,9,3.0,random_forest_regressor,3.837729316979315
140,2024,11,6.0,random_forest_regressor,2.1093333333333337
140,2024,12,0.0,random_forest_regressor,1.2179484126984124
142,2023,11,2.0,random_forest_regressor,1.5216471861471865
143,2023,12,1.0,random_forest_regressor,3.3191164021164017
143,2024,1,3.0,random_forest_regressor,3.2510370370370376
143,2024,2,3.0,random_forest_regressor,3.17882275132275
143,2024,3,6.0,random_forest_regressor,3.2816917989417975
143,2024,4,1.0,random_forest_regressor,3.30050529100529
143,2024,5,8.0,random_forest_regressor,4.021825396825397
143,2024,6,6.0,random_forest_regressor,3.939060846560846
143,2024,7,3.0,random_forest_regressor,3.524773809523809
143,2024,8,2.0,random_forest_regressor,3.6749285714285724
143,2024,9,6.0,random_forest_regressor,4.3371917989418005
143,2024,11,3.0,random_forest_regressor,3.388406084656084
143,2024,12,2.0,random_forest_regressor,3.2841719576719566
144,2024,1,3.0,random_forest_regressor,0.9821269841269843
