group_id,year,month,interval_count_in,interval_count_out,total_count_in,total_count_out,zero_count_intervals_in,zero_count_intervals_out,max_interval_count_in,max_interval_count_out,min_interval_count_in,min_interval_count_out,mean_interval_count_in,mean_interval_count_out,weather_hours_available,avg_temperature_2m,min_temperature_2m,max_temperature_2m,avg_relative_humidity_2m,total_precipitation,total_rain,total_snowfall,avg_cloud_cover,rainy_days,heavy_rain_days,frost_days,storm_days,avg_wind_speed_10m,most_common_weather_code,station_to_weather_grid_km,bike_crash_count_1km_grouped,bike_crash_happened_1km_grouped,month_sin,month_cos,total_count_in_lag1,total_count_in_lag2,total_count_in_roll3_mean,total_count_in_roll6_mean,total_count_in_roll3_std,total_count_out_lag1,total_count_out_lag2,total_count_out_roll3_mean,total_count_out_roll6_mean,total_count_out_roll3_std,mean_interval_count_in_lag1,mean_interval_count_in_lag2,mean_interval_count_in_roll3_mean,mean_interval_count_in_roll6_mean,mean_interval_count_in_roll3_std,mean_interval_count_out_lag1,mean_interval_count_out_lag2,mean_interval_count_out_roll3_mean,mean_interval_count_out_roll6_mean,mean_interval_count_out_roll3_std,zero_count_intervals_in_lag1,zero_count_intervals_in_lag2,zero_count_intervals_in_roll3_mean,zero_count_intervals_in_roll6_mean,zero_count_intervals_in_roll3_std,zero_count_intervals_out_lag1,zero_count_intervals_out_lag2,zero_count_intervals_out_roll3_mean,zero_count_intervals_out_roll6_mean,zero_count_intervals_out_roll3_std,avg_temperature_2m_lag1,avg_temperature_2m_lag2,avg_temperature_2m_roll3_mean,avg_temperature_2m_roll6_mean,avg_temperature_2m_roll3_std,total_precipitation_lag1,total_precipitation_lag2,total_precipitation_roll3_mean,total_precipitation_roll6_mean,total_precipitation_roll3_std,avg_wind_speed_10m_lag1,avg_wind_speed_10m_lag2,avg_wind_speed_10m_roll3_mean,avg_wind_speed_10m_roll6_mean,avg_wind_speed_10m_roll3_std,avg_cloud_cover_lag1,avg_cloud_cover_lag2,avg_cloud_cover_roll3_mean,avg_cloud_cover_roll6_mean,avg_cloud_cover_roll3_std,rainy_days_lag1,rainy_days_lag2,rainy_days_roll3_mean,rainy_days_roll6_mean,rainy_days_roll3_std,heavy_rain_days_lag1,heavy_rain_days_lag2,heavy_rain_days_roll3_mean,heavy_rain_days_roll6_mean,heavy_rain_days_roll3_std,frost_days_lag1,frost_days_lag2,frost_days_roll3_mean,frost_days_roll6_mean,frost_days_roll3_std,storm_days_lag1,storm_days_lag2,storm_days_roll3_mean,storm_days_roll6_mean,storm_days_roll3_std,bike_crash_count_1km_grouped_lag1,bike_crash_count_1km_grouped_lag2,bike_crash_count_1km_grouped_roll3_mean,bike_crash_count_1km_grouped_roll6_mean,bike_crash_count_1km_grouped_roll3_std,bike_crash_happened_1km_grouped_lag1,bike_crash_happened_1km_grouped_lag2,bike_crash_count_1km_grouped_roll3_sum,bike_crash_count_1km_grouped_roll6_sum,total_count_in_change_lag1,total_count_out_change_lag1,avg_temperature_2m_change_lag1,total_precipitation_change_lag1,in_out_ratio,in_out_ratio_lag1,total_count_sum,total_count_sum_lag1,bike_crashes_per_1000_cyclists_lag1,group_avg_bike_crash_count_history,group_avg_total_count_in_history,group_avg_total_count_out_history,target_bike_crash_count_next_month_1km_grouped,target_bike_crash_happened_next_month_1km_grouped,predicted_probability,predicted_label,group_name,gemeente,group_lat,group_long,member_site_count,member_site_ids
1,2024,11,8640.0,8640.0,18558.0,18733.0,3793.0,3856.0,55.0,70.0,0.0,0.0,2.1479166666666667,2.1681712962962965,720.0,7.483958333333333,-0.3,17.55,86.70282787916669,60.4,57.800000044,1.81999996,79.36944444444444,120.0,0.0,7.0,0.0,12.41626979826389,3.0,0.3814480416158081,0.0,0,-0.5000000000000004,0.8660254037844384,26711.0,28888.0,28140.0,26651.33333333333,1238.0036348897472,26361.0,28149.0,27387.666666666668,25776.0,923.058683580486,2.991823476702509,3.3435185185185183,3.187833532457189,3.020981431700517,0.1792817169814711,2.9526209677419355,3.2579861111111112,3.102647102747909,2.921298163082438,0.1527518826846395,3272.0,3098.0,3071.333333333333,3151.5,215.2424989014264,3364.0,3138.0,3137.6666666666665,3213.1666666666665,226.50018395872704,12.51122311827957,15.617638888888887,15.923419952210274,16.02240890083632,3.5749090153896,71.0,86.2,74.96666666666665,80.2,9.867286016597262,12.155310377056452,13.856415019027782,12.638517676203705,12.237934123355512,1.0621988259937658,67.56720430107526,60.38055555555555,62.70436081242533,65.18794056152926,4.212720784089644,108.0,145.0,120.0,141.83333333333334,21.65640782770781,0.0,0.0,0.3333333333333333,0.1666666666666666,0.5773502691896258,0.0,0.0,0.0,0.0,0.0,0.0,0.0,0.0,0.0,0.0,1.0,0.0,0.3333333333333333,0.3333333333333333,0.5773502691896245,1.0,0.0,1.0,2.0,-8153.0,-7628.0,-5.0272647849462375,-10.6,0.990658196765067,1.0132771897879442,37291.0,53072.0,0.0188423274042809,0.7142857142857143,18601.36507936508,17817.301587301587,0.0,0.0,0.18805694649709637,0,Aalst 2,Aalst,50.93455666666667,4.015630000000001,3,"10,11,19"
2,2024,11,2880.0,2880.0,8532.0,8043.0,926.0,1103.0,58.0,65.0,0.0,0.0,2.9625,2.792708333333333,720.0,7.683263888888889,-0.2,17.85,85.96276235833334,70.6,63.499999782,4.97000006,80.34444444444445,129.0,0.0,4.0,0.0,12.801493604916669,3.0,5.003043045547279,0.0,0,-0.5000000000000004,0.8660254037844384,11671.0,12828.0,12980.666666666666,12743.333333333334,1392.2917558232346,11236.0,12281.0,12199.0,11917.0,924.7307716303186,3.921706989247312,4.454166666666667,4.409677419354839,4.331100657108721,0.4673168054326638,3.775537634408602,4.264236111111111,4.144978345280765,4.050731780167264,0.3265733911009725,850.0,749.0,743.6666666666666,751.0,109.09781543795188,903.0,855.0,833.0,826.3333333333334,83.21057625085867,12.385618279569892,15.745416666666667,15.86731182795699,15.834076687574672,3.544213592868014,61.4,102.2,71.63333333333333,83.21666666666665,26.948902265831403,13.08231085376344,14.974770966527778,13.83285948569295,13.423257023758213,1.005099487229269,67.625,62.36527777777778,63.64505675029869,65.49401135005974,3.519138361382844,132.0,163.0,129.66666666666666,148.33333333333334,34.5591280754207,0.0,0.0,0.0,0.1666666666666666,0.0,0.0,0.0,0.0,0.0,0.0,0.0,0.0,0.0,0.0,0.0,0.0,0.0,0.3333333333333333,0.3333333333333333,0.5773502691896255,0.0,0.0,1.0,2.0,-3139.0,-3193.0,-4.702354390681003,9.199999999999996,1.0607982096232749,1.0387148451406194,16575.0,22907.0,0.0,0.5769230769230769,10343.03846153846,9424.384615384615,0.0,0.0,0.1346723122598621,0,Aalter,Aalter,51.1058367,3.4350591,1,115
3,2024,11,2880.0,2880.0,9851.0,11262.0,1092.0,902.0,115.0,106.0,0.0,0.0,3.420486111111111,3.910416666666667,720.0,7.190486111111112,-1.3,17.6,86.64464732222223,62.7,56.400000042,4.4099999400000005,77.93888888888888,118.0,0.0,17.0,0.0,12.013453760972222,3.0,1.7224040967010288,0.0,0,-0.5000000000000004,0.8660254037844384,12305.0,13613.0,11923.0,11462.166666666666,1909.8701526543623,14236.0,15371.0,14060.0,13720.333333333334,1407.278579386469,4.134744623655914,4.726736111111111,4.057209528076464,3.9002930854241336,0.711469847600824,4.783602150537634,5.337152777777778,4.781851105137395,4.6671669653524495,0.5561792626813937,962.0,915.0,896.6666666666666,896.5,76.17304860207028,757.0,722.0,697.6666666666666,721.5,74.54081655934122,12.494489247311828,15.67798611111111,15.93898820191159,16.152770310633215,3.582138546811338,87.3,92.9,97.8,107.05,13.627545633752268,11.707378106827958,13.033025762361111,11.985437226557645,11.673343522046745,0.9399292889931704,69.79435483870968,58.7875,62.49905913978495,64.62205794504182,6.318234654877389,114.0,162.0,127.0,152.16666666666666,30.64310689208916,0.0,0.0,0.3333333333333333,0.1666666666666666,0.5773502691896258,0.0,0.0,0.0,0.0,0.0,0.0,0.0,0.0,0.0,0.0,0.0,0.0,0.0,0.0,0.0,0.0,0.0,0.0,0.0,-2454.0,-2974.0,-5.304003136200715,-24.599999999999994,0.8747114189309181,0.8643579657207081,21113.0,26541.0,0.0,0.1428571428571428,10225.357142857143,12185.714285714286,0.0,0.0,0.033396926690362816,0,Aarschot,Aarschot,50.99084,4.81259,1,87
4,2024,11,5760.0,5760.0,8879.0,164.0,2587.0,5606.0,24.0,2.0,0.0,0.0,1.5414930555555555,0.0284722222222222,720.0,7.643333333333333,-0.6,17.9,86.13606685833332,61.3,59.40000022,1.33000002,80.94027777777778,113.0,0.0,6.0,0.0,12.389985789333334,3.0,4.55311333352219,1.0,1,-0.5000000000000004,0.8660254037844384,10698.0,10966.0,10639.333333333334,9257.666666666666,359.6071931056574,209.0,225.0,216.33333333333331,214.5,8.082903768655871,1.7973790322580645,1.9038194444444445,1.807993578255675,1.5747246490442055,0.0909841588032896,0.0351142473118279,0.0390625,0.0367663530465949,0.0364517995818398,0.0020514060156131,2366.0,2245.0,2276.0,2530.6666666666665,79.18964578781443,5770.0,5568.0,5697.666666666667,5698.166666666667,112.5448058922898,12.398655913978494,15.62520833333333,15.79657482078853,15.831751418757468,3.4867619359511197,58.5,93.9,68.73333333333335,73.75,21.92129862333278,12.007143406989249,13.919146683430556,12.715987555408752,12.311259510197656,1.0474729622166583,68.06317204301075,62.84444444444444,64.16454599761052,65.77803166069295,3.434438943233263,119.0,155.0,124.66666666666669,147.33333333333334,27.934447074057747,0.0,0.0,0.0,0.0,0.0,0.0,0.0,0.0,0.0,0.0,0.0,0.0,0.0,0.0,0.0,0.0,0.0,0.3333333333333333,0.3333333333333333,0.5773502691896257,0.0,0.0,1.0,2.0,-1819.0,-45.0,-4.755322580645162,2.799999999999997,54.14024390243903,51.1866028708134,9043.0,10907.0,0.0,0.2068965517241379,6972.172413793103,192.27586206896552,0.0,0.0,0.08810297627425799,0,Ardooie teller 1,Ardooie,50.967835,3.18445,2,"59,60"
5,2024,11,2880.0,2880.0,5283.0,4383.0,1654.0,1761.0,49.0,36.0,0.0,0.0,1.834375,1.521875,720.0,6.9546527777777785,-1.75,17.35,86.24872678055556,69.5,64.799999964,3.29000002,77.65694444444445,115.0,0.0,33.0,0.0,11.842645276847222,3.0,2.212521302691376,0.0,0,-0.5000000000000004,0.8660254037844384,13134.0,19152.0,17671.333333333332,15543.833333333334,4007.678796177828,11223.0,17750.0,16143.0,13873.333333333334,4345.389395669848,4.413306451612903,6.65,6.009453405017921,5.28191644265233,1.391250711091522,3.7711693548387095,6.163194444444445,5.490666069295102,4.714611335125448,1.5008507703830325,1444.0,1248.0,1262.0,1264.6666666666667,175.419497205983,1510.0,1325.0,1340.3333333333333,1348.8333333333333,162.54332755709572,12.50880376344086,15.845972222222226,16.118101851851858,16.337393966547193,3.752770200578753,92.7,102.9,91.46666666666668,108.1,12.09724486539534,10.98038082639785,12.542976713750004,11.450688091025988,11.179696054197803,0.9489847649760176,70.22715053763442,57.42916666666667,61.901568100358425,64.41135752688172,7.216810283994921,135.0,163.0,134.33333333333334,158.16666666666666,29.005746557076115,0.0,1.0,0.6666666666666666,0.3333333333333333,0.5773502691896258,0.0,0.0,0.0,0.0,0.0,0.0,0.0,0.0,0.0,0.0,0.0,1.0,0.3333333333333333,0.1666666666666666,0.5773502691896258,0.0,1.0,1.0,1.0,-7851.0,-6840.0,-5.554150985663081,-23.200000000000003,1.2053388090349075,1.1702753274525528,9666.0,24357.0,0.0,0.2666666666666666,10228.666666666666,9282.933333333332,0.0,0.0,0.0261473119726515,0,As,As,51.00509,5.60389,1,48
6,2024,11,2880.0,2880.0,2211.0,137.0,1798.0,2756.0,12.0,4.0,0.0,0.0,0.7677083333333333,0.0475694444444444,720.0,7.417291666666666,-1.45,17.55,86.41893182361112,59.2,58.10000006,0.77,78.64722222222223,114.0,0.0,18.0,0.0,12.055056795194444,3.0,3.8998594812192136,0.0,0,-0.5000000000000004,0.8660254037844384,2903.0,3233.0,3134.0,3625.6666666666665,200.73116349984736,170.0,316.0,228.0,538.0,77.48548251124207,0.9754704301075268,1.1225694444444445,1.0651620370370372,1.230241935483871,0.0786843831952111,0.0571236559139784,0.1097222222222222,0.0777927120669055,0.1817670997610513,0.028049075968303,1605.0,1464.0,1512.6666666666667,1570.3333333333333,80.00208330620804,2828.0,2678.0,2779.6666666666665,2779.0,88.08140174482574,12.596370967741937,15.581180555555552,15.921952658303466,16.02192502986858,3.508402011195691,72.8,103.2,81.3,85.73333333333333,19.12354569633989,12.29326749327957,13.856304714305557,12.662964432859916,12.19093719760006,1.0580938543094809,67.86693548387096,60.33472222222223,62.50583930704898,65.16070041816009,4.670710236170139,111.0,149.0,124.0,147.16666666666666,21.656407827707756,0.0,1.0,0.3333333333333333,0.1666666666666666,0.5773502691896258,0.0,0.0,0.0,0.0,0.0,0.0,0.0,0.0,0.0,0.0,0.0,0.0,0.0,0.3333333333333333,0.0,0.0,0.0,0.0,2.0,-692.0,-33.0,-5.17907930107527,-13.599999999999994,16.138686131386862,17.076470588235296,2348.0,3073.0,0.0,0.1071428571428571,2580.6071428571427,220.67857142857144,0.0,0.0,0.017950900384642973,0,Asse teller 1,Asse,50.89621,4.17294,1,85
7,2024,11,2880.0,2880.0,1995.0,52.0,1839.0,2830.0,11.0,2.0,0.0,0.0,0.6927083333333334,0.0180555555555555,720.0,7.417291666666666,-1.45,17.55,86.41893182361112,59.2,58.10000006,0.77,78.64722222222223,114.0,0.0,18.0,0.0,12.055056795194444,3.0,3.3540687190500025,0.0,0,-0.5000000000000004,0.8660254037844384,2687.0,2920.0,2793.333333333333,2691.0,117.8233140483395,48.0,109.0,100.33333333333331,144.16666666666666,48.583261863869794,0.9028897849462364,1.0138888888888888,0.9495221027479092,0.9149100209080048,0.0575854477665698,0.0161290322580645,0.0378472222222222,0.0341211170848267,0.0489041965352448,0.0164486648759977,1675.0,1568.0,1602.3333333333333,1631.6666666666667,62.96295206971477,2931.0,2779.0,2852.333333333333,2818.0,76.14022152143572,12.596370967741937,15.581180555555552,15.921952658303466,16.02192502986858,3.508402011195691,72.8,103.2,81.3,85.73333333333333,19.12354569633989,12.29326749327957,13.856304714305557,12.662964432859916,12.19093719760006,1.0580938543094809,67.86693548387096,60.33472222222223,62.50583930704898,65.16070041816009,4.670710236170139,111.0,149.0,124.0,147.16666666666666,21.656407827707756,0.0,1.0,0.3333333333333333,0.1666666666666666,0.5773502691896258,0.0,0.0,0.0,0.0,0.0,0.0,0.0,0.0,0.0,0.0,0.0,0.0,0.0,0.5,0.0,0.0,0.0,0.0,3.0,-692.0,4.0,-5.17907930107527,-13.599999999999994,38.36538461538461,55.97916666666666,2047.0,2735.0,0.0,0.1428571428571428,2229.6428571428573,123.14285714285714,0.0,0.0,0.012798025494360646,0,Asse teller 2,Asse,50.89132,4.1709,1,86
8,2024,11,5760.0,5760.0,246.0,7981.0,5562.0,2640.0,6.0,19.0,0.0,0.0,0.0427083333333332,1.3855902777777778,720.0,7.055277777777778,-3.0,17.6,86.58390885555556,63.6,55.80000005,5.46,78.76388888888889,108.0,0.0,26.0,0.0,11.671372225902775,3.0,2.406831364712338,0.0,0,-0.5000000000000004,0.8660254037844384,324.0,397.0,399.3333333333333,362.5,76.52668379939988,12264.0,13686.0,14253.0,13959.0,2324.945805819996,0.0544354838709676,0.068923611111111,0.0678334080047789,0.0615526060334527,0.0128874534101711,2.060483870967742,2.3760416666666666,2.4202060931899645,2.3707866636798087,0.3837153885143971,5696.0,5474.0,5576.666666666667,5594.333333333333,111.93450465934488,2195.0,2024.0,1975.0,1994.5,248.1551933770472,12.4565188172043,15.808541666666668,16.0197603046595,16.2523861260454,3.6734079850701806,80.4,91.4,96.79999999999995,112.61666666666667,19.66418063383264,11.716733085389784,13.11017942125,12.033080714354838,11.726609357579449,0.9588951061818196,69.74462365591398,59.13333333333333,62.471415770609326,64.66381421744326,6.305852820698878,115.0,148.0,125.66666666666669,154.83333333333334,19.34769581457524,0.0,0.0,1.0,0.6666666666666666,1.7320508075688772,0.0,0.0,0.0,0.0,0.0,0.0,0.0,0.0,0.0,0.0,0.0,0.0,0.0,0.0,0.0,0.0,0.0,0.0,0.0,-78.0,-4283.0,-5.401241039426521,-16.800000000000004,0.0308232051121413,0.0264187866927592,8227.0,12588.0,0.0,0.0952380952380952,211.2698412698413,9072.873015873016,0.0,0.0,0.026546099229086677,0,Balen 1,Balen,51.160205,5.19007,2,"4,5"
9,2024,11,5760.0,5760.0,2510.0,355.0,4109.0,5456.0,9.0,4.0,0.0,0.0,0.4357638888888888,0.0616319444444443,720.0,7.175347222222222,-1.5,17.1,87.14487473472222,62.0,59.20000001,1.96,77.43611111111112,123.0,0.0,20.0,0.0,12.54668836261111,3.0,3.644723431542368,0.0,0,-0.5000000000000004,0.8660254037844384,3607.0,4101.0,4015.0,3820.3333333333335,372.52114033972,507.0,553.0,540.3333333333334,520.6666666666666,29.14332399251797,0.6060147849462365,0.7119791666666667,0.6822188620071685,0.6494688993428913,0.0665197755897086,0.0851814516129031,0.0960069444444443,0.091814142771804,0.0885183318399043,0.0058105610133876,3800.0,3509.0,3592.333333333333,3642.6666666666665,181.00920786891717,5528.0,5318.0,5434.666666666667,5443.0,106.92676621563449,12.441532258064516,15.350625,15.73867159498208,15.820087365591398,3.507299767598816,73.5,111.5,81.83333333333333,90.35,26.501572280401263,13.331839485349462,14.910415405694446,13.663882748493132,13.052634782880824,1.1181205762152997,69.39516129032258,60.56944444444444,62.97386499402628,65.49024790919952,5.619144733347706,132.0,172.0,136.33333333333334,157.66666666666666,33.70954365359066,0.0,2.0,0.6666666666666666,0.3333333333333333,1.1547005383792517,0.0,0.0,0.0,0.0,0.0,0.0,0.0,0.0,0.0,0.0,0.0,0.0,0.0,0.0,0.0,0.0,0.0,0.0,0.0,-1097.0,-152.0,-5.266185035842294,-11.5,7.070422535211268,7.11439842209073,2865.0,4114.0,0.0,0.0357142857142857,3526.0714285714284,550.2857142857143,0.0,0.0,0.01959233456157687,0,Beersel teller 1,Beersel,50.751515,4.3332,2,"82,83"
10,2024,11,0.0,0.0,0.0,0.0,0.0,0.0,,,,,,,720.0,7.430902777777778,-1.2,17.6,86.01612335972223,79.7,65.899999884,9.65999981,79.3625,132.0,0.0,7.0,0.0,12.052375170833336,3.0,2.631733783321168,0.0,0,-0.5000000000000004,0.8660254037844384,0.0,0.0,0.0,0.0,0.0,0.0,0.0,0.0,0.0,0.0,0.0,0.0,0.0,0.0,0.0,0.0,0.0,0.0,0.0,0.0,2602.0,2976.0,2819.333333333333,2881.0,194.2404008782202,2602.0,2976.0,2819.333333333333,2881.0,194.24040087822496,19.74798387096774,18.38454301075269,17.929939516129036,14.709853643966548,2.082891963250942,56.7,86.8,74.60000000000001,93.61666666666666,15.838876222762744,12.433384549422044,12.639622905188173,12.686846291508962,13.643275815206394,0.2800753910672125,60.3508064516129,66.70564516129032,63.329465352449226,69.59069593787336,3.196014848327437,97.0,137.0,123.66666666666669,173.16666666666666,23.094010767585004,0.0,0.0,0.0,0.0,0.0,0.0,0.0,0.0,0.0,0.0,0.0,0.0,0.0,0.0,0.0,0.0,0.0,0.0,0.1666666666666666,0.0,0.0,0.0,0.0,1.0,0.0,0.0,-12.317081093189962,23.0,,,0.0,0.0,,0.217391304347826,7187.95652173913,2954.521739130435,0.0,0.0,0.06912026638934937,0,Beveren teller 1,Beveren,51.19646335,4.2361924,2,"123,124"
11,2024,11,2880.0,2880.0,3512.0,3811.0,1525.0,1393.0,24.0,26.0,0.0,0.0,1.2194444444444446,1.3232638888888888,720.0,7.047430555555555,-2.0,17.15,86.07984586527778,57.1,53.89999994,2.24000004,78.11111111111111,113.0,0.0,31.0,0.0,11.975990266875,3.0,3.3052204711940285,1.0,1,-0.5000000000000004,0.8660254037844384,5157.0,6232.0,5943.666666666667,6004.0,689.3172951067761,5503.0,6531.0,6210.0,6218.5,613.1419085334089,1.7328629032258065,2.1638888888888888,2.0204674432497014,2.0414277180406213,0.2490731290383826,1.8491263440860213,2.267708333333333,2.111077508960573,2.1144451911589006,0.2283024332395907,1346.0,1198.0,1198.6666666666667,1173.6666666666667,147.0011337824759,1228.0,1146.0,1132.0,1124.8333333333333,103.7111372997134,12.612701612903226,15.727847222222222,16.07621789127838,16.266574074074075,3.650191038399601,92.7,86.9,83.89999999999999,97.86666666666666,10.622617379911532,11.017336901330646,12.291908212916663,11.274904387612006,10.9435081387612,0.915800563360426,71.1989247311828,58.85138888888889,62.7161439665472,65.0209453405018,7.355952098699987,127.0,168.0,136.0,158.33333333333334,28.58321185591295,0.0,0.0,0.3333333333333333,0.1666666666666666,0.5773502691896256,0.0,0.0,0.0,0.0,0.0,0.0,0.0,0.0,0.0,0.0,0.0,0.0,0.0,0.0,0.0,0.0,0.0,0.0,0.0,-1645.0,-1692.0,-5.565271057347672,-35.6,0.9215429021254264,0.9371252044339452,7323.0,10660.0,0.0,0.1269841269841269,3523.8888888888887,3931.3333333333335,0.0,0.0,0.04011190549170432,0,Bilzen,Bilzen,50.86015,5.50161,1,21
12,2024,11,5760.0,5760.0,20410.0,25037.0,3004.0,2011.0,83.0,94.0,0.0,0.0,3.5434027777777786,4.346701388888889,720.0,7.264722222222223,-0.55,17.75,86.3271319875,67.8,63.60000005,2.9400000100000008,79.1361111111111,117.0,0.0,6.0,0.0,11.740525270930556,3.0,4.850220908451066,0.0,0,-0.5000000000000004,0.8660254037844384,26528.0,26066.0,24818.33333333333,25322.5,2571.522182158534,31256.0,31791.0,29832.0,26465.5,2941.9505434320617,4.456989247311828,4.525347222222222,4.21840651135006,4.304876045400239,0.4736719080414664,5.251344086021505,5.519270833333334,5.071443772401434,4.4993811603942655,0.5598905500655522,3016.0,2814.0,2867.333333333333,2947.6666666666665,130.45050146830943,1851.0,1721.0,1793.0,2362.5,66.12110101926648,12.34119623655914,15.717361111111112,15.89767771804062,16.109995519713262,3.649981819160681,73.0,110.7,85.96666666666668,104.13333333333333,21.42809682014091,12.301963927822582,13.62610842233333,12.596705491351251,12.2867541569941,0.9182239128922334,65.56317204301075,59.230555555555554,61.66690561529271,64.03565561529271,3.409402402976538,118.0,175.0,132.66666666666666,157.66666666666666,37.23349746308205,0.0,0.0,0.0,0.0,0.0,0.0,0.0,0.0,0.0,0.0,0.0,0.0,0.0,0.0,0.0,0.0,0.0,0.0,0.1666666666666666,0.0,0.0,0.0,0.0,1.0,-6118.0,-6219.0,-5.076474014336918,-5.200000000000003,0.8151935135998722,0.8487330432556949,45447.0,57784.0,0.0,0.3333333333333333,20614.285714285717,19222.015873015876,0.0,0.0,0.15375329237733273,0,Brasschaat 2,Brasschaat,51.275075,4.471955,2,"2,3"
13,2024,11,5760.0,5760.0,8038.0,176.0,2988.0,5607.0,44.0,4.0,0.0,0.0,1.3954861111111112,0.0305555555555555,720.0,7.248402777777779,-0.55,17.7,86.26231986944444,69.6,61.69999984399999,5.53000001,78.83611111111111,126.0,0.0,5.0,0.0,12.30208193422222,3.0,5.265163489847196,0.0,0,-0.5000000000000004,0.8660254037844384,11806.0,13127.0,13605.666666666666,13544.5,2080.7119775051337,323.0,358.0,381.6666666666667,362.5,73.4188894858355,1.9835349462365592,2.2789930555555555,2.3104035991636795,2.30116207437276,0.3436522378699779,0.0542674731182795,0.0621527777777777,0.064792413381123,0.0615731406810035,0.0120633349740342,2648.0,2429.0,2391.0,2399.0,277.9550323343687,5721.0,5475.0,5597.333333333333,5599.5,123.00541993478488,12.304569892473118,15.69875,15.875456989247311,16.0730230734767,3.66243917707452,65.5,112.5,80.63333333333333,102.36666666666667,27.608935751552053,12.466343435510751,13.712776347499998,12.778511866335124,12.448055167349684,0.8238029939915321,66.04166666666667,59.32222222222222,61.74853643966548,64.12459677419355,3.728469514512853,120.0,161.0,127.0,154.0,31.09662361093239,0.0,0.0,0.0,0.0,0.0,0.0,0.0,0.0,0.0,0.0,0.0,0.0,0.0,0.0,0.0,0.0,0.0,0.0,0.0,0.0,0.0,0.0,0.0,0.0,-3768.0,-147.0,-5.05616711469534,4.099999999999994,45.67045454545455,36.55108359133127,8214.0,12129.0,0.0,0.0357142857142857,10858.5,257.7142857142857,0.0,0.0,0.046483139305775696,0,Brecht teller 1,Brecht,51.357455,4.62426,2,"90,91"
14,2024,11,2880.0,2880.0,7576.0,6561.0,1471.0,1483.0,207.0,105.0,0.0,0.0,2.6305555555555555,2.278125,720.0,6.853472222222222,-1.75,17.35,86.70492340138888,65.5,57.699999924,5.4599999,75.82222222222222,110.0,0.0,35.0,0.0,12.453347170055556,3.0,4.06765995385609,0.0,0,-0.5000000000000004,0.8660254037844384,9869.0,12402.0,10211.666666666666,9805.833333333334,2040.6926111821317,9342.0,11320.0,9760.333333333334,9347.833333333334,1398.2497392573864,3.31619623655914,4.30625,3.477643369175628,3.3382560483870964,0.7608402990526999,3.1391129032258065,3.9305555555555554,3.3219459378733567,3.180960648148148,0.5408878275365241,1322.0,1218.0,1221.3333333333333,1198.1666666666667,99.04207859962024,1261.0,1122.0,1138.3333333333333,1142.0,115.37041792995896,12.346774193548388,15.85958333333333,16.05666666666667,16.298534199522102,3.812256808937162,78.0,103.6,86.03333333333332,104.08333333333331,15.231655633362166,10.953059518534946,12.591074551527774,11.496048959823774,11.250431030785542,0.9483307680348132,69.35215053763442,56.75972222222222,61.61524790919953,64.00675029868579,6.772670265764457,118.0,149.0,124.66666666666669,148.33333333333334,21.77919496522605,0.0,1.0,0.3333333333333333,0.5,0.5773502691896257,0.0,0.0,0.0,0.0,0.0,0.0,0.0,0.0,0.0,0.0,0.0,1.0,1.3333333333333333,1.5,1.5275252316519472,0.0,1.0,4.0,9.0,-2293.0,-2781.0,-5.493301971326166,-12.5,1.1547020271300106,1.0564119032327124,14137.0,19211.0,0.0,0.925925925925926,9274.462962962964,8010.648148148148,0.0,0.0,0.1145131793092196,0,Bree,Bree,51.13679500160176,5.597669323604317,1,25
15,2024,11,2880.0,2880.0,11073.0,9624.0,962.0,865.0,102.0,58.0,0.0,0.0,3.8447916666666666,3.341666666666667,720.0,7.863472222222222,0.1,18.1,85.3406098236111,69.3,64.599999899,3.29,80.66527777777777,125.0,0.0,0.0,0.0,12.962929546486112,3.0,4.1494720440161785,0.0,0,-0.5000000000000004,0.8660254037844384,14911.0,14055.0,13965.333333333334,13377.833333333334,993.5392963206502,11836.0,11693.0,11596.0,11099.666666666666,300.4812806149324,5.010416666666667,4.880208333333333,4.745127688172043,4.993052237848622,0.3527894969767985,3.9771505376344094,4.060069444444444,3.940162037037037,4.160787426752404,0.1420603066944571,840.0,834.0,792.0,718.0,77.99999999999982,795.0,757.0,730.0,649.0,81.90848551890136,12.42271505376344,15.813194444444443,15.914232377538829,15.850858348267622,3.5431169300356258,62.9,101.8,68.06666666666665,77.66666666666667,31.469720896972305,13.13493206626344,14.955536604833332,13.875369979075268,13.507489920742833,0.9566670895695404,67.27150537634408,63.02222222222223,63.69647550776585,65.20292712066906,3.290133799633184,134.0,160.0,129.66666666666666,147.5,32.715949219506605,0.0,0.0,0.0,0.0,0.0,0.0,0.0,0.0,0.0,0.0,0.0,0.0,0.0,0.0,0.0,0.0,0.0,0.0,0.0,0.0,0.0,0.0,0.0,0.0,-3838.0,-2212.0,-4.559242831541218,6.399999999999999,1.1505610972568578,1.2598006083136195,20697.0,26747.0,0.0,0.1111111111111111,9225.73015873016,8103.650793650793,0.0,0.0,0.0906310048121375,0,Brugge,Brugge,51.17416,3.20048,1,20
16,2024,11,2880.0,2880.0,12102.0,2175.0,813.0,1719.0,74.0,26.0,0.0,0.0,4.202083333333333,0.7552083333333334,720.0,7.976041666666666,0.3,18.35,84.8344819013889,75.3,72.900000324,1.6800000100000003,81.95694444444445,138.0,0.0,0.0,0.0,12.970569066847222,3.0,1.5398657994115967,0.0,0,-0.5000000000000004,0.8660254037844384,14483.0,15244.0,14975.666666666666,14712.5,427.228666329154,3191.0,4737.0,3633.3333333333335,6174.166666666667,962.0552652178258,4.866599462365591,5.293055555555555,5.089060633213859,4.99977038530466,0.2138269197391797,1.072244623655914,1.6447916666666669,1.2385640681003585,2.0951388888888887,0.3537223076449945,816.0,758.0,758.6666666666666,743.8333333333334,57.00292390161636,1601.0,1318.0,1469.3333333333333,1285.1666666666667,142.52134343084674,12.396706989247312,15.838263888888887,15.851285095579447,15.77117794205496,3.4611070801297488,72.8,107.0,73.53333333333333,84.91666666666667,33.10609208791233,12.771266226008064,14.562979645138888,13.466894420937876,13.193486243620669,0.9606422946617116,67.72715053763442,62.91666666666666,63.708333333333336,64.86962365591397,3.687284124206332,140.0,172.0,139.66666666666666,157.16666666666666,32.50128202599602,0.0,0.0,0.0,0.1666666666666666,0.0,0.0,0.0,0.0,0.0,0.0,0.0,0.0,0.0,0.0,0.0,1.0,1.0,0.6666666666666666,0.8333333333333334,0.577350269189626,1.0,1.0,2.0,5.0,-2381.0,-1016.0,-4.420665322580645,2.5,5.564137931034483,4.538702601065497,14277.0,17674.0,0.0565802874278601,0.9333333333333332,14843.766666666666,12870.566666666668,0.0,0.0,0.13500003985457326,0,Brugge,Brugge,51.22632,3.24095,1,52
17,2024,11,5760.0,5760.0,1834.0,18209.0,5184.0,1748.0,79.0,43.0,0.0,0.0,0.3184027777777777,3.1612847222222222,720.0,7.976041666666666,0.3,18.35,84.8344819013889,75.3,72.900000324,1.6800000100000003,81.95694444444445,138.0,0.0,0.0,0.0,12.970569066847222,3.0,2.055502357518507,0.0,0,-0.5000000000000004,0.8660254037844384,6987.0,4513.0,4969.0,3176.0,1833.044462090323,28935.0,30592.0,30819.33333333333,29107.166666666668,2007.67635173933,1.173891129032258,0.7835069444444442,0.8432702359617682,0.5391269041218637,0.3051603400401556,4.861391129032258,5.311111111111111,5.235088112305854,4.945758661887694,0.3420809353679134,4876.0,4706.0,4783.0,4925.833333333333,86.12200647918269,1582.0,1513.0,1449.0,1455.3333333333333,174.0603343671415,12.396706989247312,15.838263888888887,15.851285095579447,15.77117794205496,3.461107080129758,72.8,107.0,73.53333333333333,84.91666666666667,33.10609208791233,12.771266226008064,14.562979645138888,13.466894420937876,13.193486243620669,0.9606422946617116,67.72715053763442,62.91666666666666,63.708333333333336,64.86962365591397,3.687284124206339,140.0,172.0,139.66666666666666,157.16666666666666,32.50128202599602,0.0,0.0,0.0,0.1666666666666666,0.0,0.0,0.0,0.0,0.0,0.0,0.0,0.0,0.0,0.0,0.0,0.0,1.0,0.3333333333333333,0.8333333333333334,0.5773502691896267,0.0,1.0,1.0,5.0,-5153.0,-10726.0,-4.420665322580645,2.5,0.1007194244604316,0.2414722654224987,20043.0,35922.0,0.0,0.7241379310344828,2073.793103448276,23227.72413793104,1.0,1.0,0.542345294181287,1,Brugge teller 1,Brugge,51.23019,3.22809,2,"53,54"
18,2023,10,2976.0,2976.0,91461.0,83978.0,21.0,18.0,286.0,280.0,0.0,0.0,30.732862903225808,28.218413978494624,193.0,10.982901554404144,7.65,14.8,88.07903999481866,41.7,41.7,0.0,80.39896373056995,82.0,0.0,0.0,0.0,16.624781681865286,3.0,1.5398657994115967,2.0,1,-0.8660254037844386,0.5000000000000001,,,,,,,,,,,,,,,,,,,,,,,,,,,,,,,,,,,,,,,,,,,,,,,,,,,,,,,,,,,,,,,,,,,,,,,,,,,,,,,,,,,,1.089106670794732,,175439.0,,,,,,2.0,1.0,0.9346142315584158,1,TEST Validatie BRUGGE Y2H22022134,Brugge,51.22632,3.24095,1,142
19,2024,11,5760.0,5760.0,17744.0,16030.0,3484.0,3093.0,150.0,133.0,0.0,0.0,3.080555555555556,2.782986111111111,720.0,7.976041666666666,0.3,18.35,84.8344819013889,75.3,72.900000324,1.6800000100000003,81.95694444444445,138.0,0.0,0.0,0.0,12.970569066847222,3.0,5.662739153722547,1.0,1,-0.5000000000000004,0.8660254037844384,21689.0,27709.0,24177.0,22046.33333333333,3142.8572987013026,18371.0,19748.0,18515.666666666668,17708.166666666668,1166.7460449186567,3.643985215053764,4.810590277777778,4.113722744922343,3.749285020908005,0.6155752364950482,3.0865255376344085,3.428472222222222,3.1476963859020306,3.009461805555555,0.2557374568934432,3507.0,3363.0,3419.6666666666665,3430.5,76.74199198178837,3016.0,2944.0,2995.6666666666665,3023.6666666666665,45.081407845506746,12.396706989247312,15.838263888888887,15.851285095579447,15.77117794205496,3.4611070801297488,72.8,107.0,73.53333333333333,84.91666666666667,33.10609208791233,12.771266226008064,14.562979645138888,13.466894420937876,13.193486243620669,0.9606422946617116,67.72715053763442,62.91666666666666,63.708333333333336,64.86962365591397,3.687284124206332,140.0,172.0,139.66666666666666,157.16666666666666,32.50128202599602,0.0,0.0,0.0,0.1666666666666666,0.0,0.0,0.0,0.0,0.0,0.0,0.0,0.0,0.0,0.0,0.0,0.0,0.0,0.0,0.0,0.0,0.0,0.0,0.0,0.0,-3945.0,-2341.0,-4.420665322580645,2.5,1.1069245165315034,1.180610745196233,33774.0,40060.0,0.0,0.1666666666666666,18065.666666666668,15099.2,0.0,0.0,0.14286291770338028,0,"Brugge, Sint-Andries",Brugge,51.19286,3.16252,2,"50,51"
20,2024,11,2880.0,2880.0,3073.0,2585.0,1645.0,1737.0,27.0,18.0,0.0,0.0,1.067013888888889,0.8975694444444444,720.0,7.617638888888889,-0.55,17.65,86.10221235972223,61.0,55.99999995,3.4999999,80.25138888888888,111.0,0.0,8.0,0.0,12.266227737138887,3.0,3.489494410077344,0.0,0,-0.5000000000000004,0.8660254037844384,4242.0,4671.0,4874.666666666667,4598.666666666667,755.380919360116,3476.0,3989.0,3809.0,3669.6666666666665,288.7022687822176,1.4254032258064515,1.621875,1.6554323476702508,1.5626736111111112,0.2485128964556141,1.168010752688172,1.3850694444444445,1.2947991338112306,1.2475694444444445,0.1130433369153705,1465.0,1393.0,1369.0,1394.6666666666667,109.9818166789404,1590.0,1467.0,1476.6666666666667,1490.1666666666667,108.82248542159525,12.548454301075267,15.71625,15.964086021505375,16.023503584229392,3.546051229139669,57.0,90.4,75.46666666666667,81.23333333333333,16.978025012743156,11.763195574166666,13.439862783472222,12.278745394275685,11.85323539583632,1.0076563637388047,65.63172043010752,61.09861111111111,62.43071983273595,65.01358273596178,2.785109990093149,125.0,148.0,124.66666666666669,143.5,23.50177298276314,0.0,0.0,0.0,0.0,0.0,0.0,0.0,0.0,0.0,0.0,0.0,0.0,0.0,0.0,0.0,0.0,0.0,0.0,0.0,0.0,0.0,0.0,0.0,0.0,-1169.0,-891.0,-4.930815412186378,4.0,1.1887814313346228,1.220368239355581,5658.0,7718.0,0.0,0.0384615384615384,3750.269230769231,3181.6153846153848,1.0,1.0,0.5128257548547206,1,Deinze teller 2,Deinze,50.96018,3.55578,1,113
21,2024,11,2880.0,2880.0,3576.0,3557.0,1541.0,1543.0,25.0,19.0,0.0,0.0,1.2416666666666667,1.2350694444444446,720.0,7.635555555555556,-0.4,17.65,86.0983433375,66.4,58.599999805,5.46,80.0375,121.0,0.0,6.0,0.0,12.324146586208334,3.0,3.104082169377126,0.0,0,-0.5000000000000004,0.8660254037844384,5228.0,6079.0,6495.666666666667,6519.166666666667,1519.4684377549067,4942.0,5346.0,5826.666666666667,5830.0,1199.5438021736977,1.756720430107527,2.110763888888889,2.205380077658304,2.2144283900836323,0.5026909273336052,1.6606182795698925,1.85625,1.9778449820788528,1.9800888590203105,0.3924172468915915,1437.0,1283.0,1284.3333333333333,1265.6666666666667,152.00438590163574,1419.0,1302.0,1287.0,1281.5,140.1035331460274,12.499126344086022,15.758055555555554,15.973272102747911,16.009470952807646,3.5866001406953614,64.6,100.3,79.33333333333333,85.48333333333333,18.648413694824857,12.080828149153223,13.800903656111112,12.685185869317502,12.289176301028974,0.9673581424252854,66.25537634408602,61.3125,62.64359318996416,64.97019862604539,3.163726706384097,127.0,160.0,131.33333333333334,148.33333333333334,26.76440422152769,0.0,0.0,0.0,0.0,0.0,0.0,0.0,0.0,0.0,0.0,0.0,0.0,0.0,0.0,0.0,0.0,0.0,0.0,0.1666666666666666,0.0,0.0,0.0,0.0,1.0,-1652.0,-1385.0,-4.863570788530466,1.8000000000000114,1.0053415799831318,1.057871307163092,7133.0,10170.0,0.0,0.1363636363636363,5086.863636363636,4661.181818181818,0.0,0.0,0.08872715543352268,0,Nevele,Deinze,51.0276612,3.558569,1,131
22,2024,11,5760.0,5760.0,27724.0,29896.0,3337.0,3244.0,242.0,272.0,0.0,0.0,4.813194444444445,5.190277777777778,720.0,7.478333333333333,-0.85,17.85,86.66855838611112,70.1,65.49999997,3.22,80.19027777777778,117.0,0.0,12.0,0.0,12.057307137638889,3.0,6.232881610646685,1.0,1,-0.5000000000000004,0.8660254037844384,35256.0,39159.0,41924.333333333336,61850.66666666666,8399.637035808963,37302.0,41378.0,34866.0,19524.83333333333,8012.706908404924,5.923387096774194,6.7984375,7.116840277777778,10.51202303614098,1.3804744228428774,6.267137096774194,7.183680555555555,5.935106780167264,3.32298013739546,1.4435182540178548,3425.0,3228.0,2922.333333333333,1803.5,706.9330472776987,3345.0,3224.0,3341.333333333333,3718.0,115.5436425483171,12.531048387096774,15.757083333333334,16.005049283154122,16.117211768219832,3.604386670426317,66.0,102.9,79.96666666666665,87.16666666666667,20.017575610780995,12.157960987903223,13.882908966388888,12.706212721188768,12.349464840879628,1.01983736965123,66.48521505376344,59.86805555555556,62.001717443249696,64.25296445639187,3.8843269557749256,122.0,151.0,123.33333333333331,145.83333333333334,27.02468007827907,0.0,0.0,0.3333333333333333,0.1666666666666666,0.5773502691896258,0.0,0.0,0.0,0.0,0.0,0.0,0.0,0.0,0.0,0.0,2.0,2.0,1.6666666666666667,2.1666666666666665,0.5773502691896271,1.0,1.0,5.0,13.0,-7532.0,-7406.0,-5.052715053763442,4.099999999999994,0.9273481402194274,0.9451503940807464,57620.0,72558.0,0.027564155572094,2.0,68186.84,6566.72,3.0,1.0,0.9201670126272803,1,Dendermonde totem,Dendermonde,51.0373312,4.102261,2,"122,125"
23,2024,11,5760.0,5760.0,9254.0,9312.0,3682.0,3643.0,71.0,71.0,0.0,0.0,1.6065972222222222,1.6166666666666667,720.0,7.062013888888888,-1.6,17.8,86.47323353333333,66.5,61.00000014399999,3.8499999,78.52083333333333,108.0,0.0,21.0,0.0,12.006750955624998,3.0,6.2033783984923865,1.0,1,-0.5000000000000004,0.8660254037844384,12189.0,13846.0,13047.666666666666,12785.833333333334,830.1459710998672,11916.0,13627.0,12784.666666666666,12681.166666666666,855.8039105620677,2.047883064516129,2.4038194444444447,2.2179958183990447,2.174416629330944,0.1784875353272553,2.002016129032258,2.365798611111111,2.1734001642771803,2.1565580197132617,0.1827994192761203,3610.0,3420.0,3500.333333333333,3480.6666666666665,98.33785300347772,3606.0,3354.0,3428.6666666666665,3413.1666666666665,154.21197532400984,12.309744623655918,15.71097222222222,15.885915471923536,16.12301747311828,3.666773789900088,68.7,108.3,79.36666666666667,99.65000000000002,25.34350672920648,11.480576126330645,12.763251184166666,11.825789495277776,11.561905672482828,0.8212078788918444,68.15188172043011,59.00694444444444,62.355809438470736,64.40779569892474,5.039750696017862,119.0,156.0,124.33333333333331,150.0,29.36551265231609,0.0,0.0,0.0,0.0,0.0,0.0,0.0,0.0,0.0,0.0,0.0,0.0,0.0,0.0,0.0,0.0,0.0,0.0,0.0,0.0,0.0,0.0,0.0,0.0,-2935.0,-2604.0,-5.24773073476703,-2.200000000000003,0.9937714776632304,1.0229103726082578,18566.0,24105.0,0.0,0.1428571428571428,10964.57142857143,10992.857142857143,0.0,0.0,0.05161479224923506,0,Retie,Dessel,51.25467015,5.1038861,2,"134,135"
24,2024,11,5760.0,5760.0,11222.0,2994.0,2370.0,4023.0,18.0,21.0,0.0,0.0,1.9482638888888888,0.5197916666666667,720.0,7.107291666666667,-1.4,17.5,86.81348617083333,64.9,59.999999984,3.4299998700000005,78.425,111.0,0.0,21.0,0.0,11.937376704166669,3.0,4.5985598925963584,1.0,1,-0.5000000000000004,0.8660254037844384,15724.0,16175.0,16700.0,16402.0,1319.3183846213915,3919.0,4056.0,4186.0,4208.5,350.5695366114971,2.641801075268817,2.8081597222222223,2.83597483572282,2.847864071465457,0.2094709883820785,0.6611989483116393,0.7041666666666667,0.7114235030340187,0.7334110776627054,0.0542184373287094,2092.0,1938.0,1919.6666666666667,1853.0,182.1931209824703,3855.0,3683.0,3733.6666666666665,3655.5,105.5525145760785,12.489717741935484,15.726319444444446,15.974678166069296,16.20961581541219,3.615543047487763,93.5,81.7,101.6,110.8,24.956161563830232,11.195287969395162,12.525464262777778,11.499949944236858,11.224669833303464,0.91217504840454,70.68010752688173,58.99027777777778,62.725701911589006,64.69514635603345,6.892958976127173,122.0,164.0,131.33333333333334,153.33333333333334,29.143323992525893,0.0,0.0,0.6666666666666666,0.6666666666666666,1.1547005383792517,0.0,0.0,0.0,0.0,0.0,0.0,0.0,0.0,0.0,0.0,0.0,0.0,0.3333333333333333,0.1666666666666666,0.5773502691896258,0.0,0.0,1.0,1.0,-4502.0,-925.0,-5.3824260752688176,-28.599999999999994,3.7481629926519706,4.012248022454708,14216.0,19643.0,0.0,0.6666666666666666,13453.407407407409,3451.925925925926,1.0,1.0,0.6515414607327046,1,Diest teller 1,Diest,50.977945,5.044775,2,"101,102"
31,2024,11,5760.0,5760.0,11265.0,10151.0,3579.0,3610.0,64.0,55.0,0.0,0.0,1.9557291666666667,1.762326388888889,720.0,7.546319444444445,-0.6,17.8,86.58163332777778,74.4,65.20000005,6.4399998,80.29861111111111,135.0,0.0,9.0,0.0,11.845178487777778,3.0,3.831076473773117,2.0,1,-0.5000000000000004,0.8660254037844384,13556.0,13661.0,12972.333333333334,12559.5,1103.1229910274585,12367.0,12526.0,11828.0,11553.5,1074.2192513635166,2.27755376344086,2.371701388888889,2.204993652927121,2.135410132915173,0.2124918130473436,2.0777889784946235,2.1746527777777773,2.01061454599761,1.9643891875746715,0.2060100021710259,3629.0,3452.0,3535.6666666666665,3522.6666666666665,88.89506922958742,3651.0,3502.0,3594.0,3560.6666666666665,80.43009387039265,12.505376344086022,15.848194444444443,16.004102449223417,16.03395683990442,3.579227719920072,63.0,89.7,74.03333333333332,85.55,13.939990435195282,12.02639126922043,13.841871408472224,12.675653555951314,12.359849481165623,1.0121384918850351,67.24327956989248,60.55138888888889,62.69634109916368,64.73520758661887,3.9398608754857247,138.0,150.0,131.0,148.0,23.30236039546202,0.0,0.0,0.0,0.0,0.0,0.0,0.0,0.0,0.0,0.0,0.0,0.0,0.0,0.0,0.0,0.0,0.0,0.6666666666666666,1.0,1.1547005383792532,0.0,0.0,2.0,6.0,-2291.0,-2216.0,-4.959056899641577,11.400000000000006,1.109742882474633,1.0961429611061697,21416.0,25923.0,0.0,0.7777777777777778,9312.920634920634,8530.15873015873,1.0,1.0,0.7112023242139147,1,Evergem 2,Evergem,51.10892,3.703075,2,"6,7"
32,2024,11,5760.0,5760.0,190.0,18922.0,5590.0,1693.0,6.0,98.0,0.0,0.0,0.0329861111111111,3.2850694444444444,720.0,7.117638888888889,-1.45,17.7,86.86756231944445,62.0,57.69999988400001,3.0100000600000008,78.8375,103.0,0.0,24.0,0.0,11.573290684583334,3.0,1.0693223898309463,0.0,0,-0.5000000000000004,0.8660254037844384,229.0,214.0,227.33333333333331,218.66666666666663,12.58305739211782,25591.0,26674.0,25975.33333333333,25206.33333333333,606.0745278703931,0.0384744623655912,0.0371527777777777,0.038593936678614,0.0371182422341695,0.0015044582275907,4.299563172043011,4.630902777777778,4.41392995818399,4.285274790919952,0.1879959631423124,5751.0,5573.0,5690.333333333333,5698.333333333333,101.63332786705556,1437.0,1367.0,1332.0,1382.3333333333333,126.19429464123944,12.44502688172043,15.764166666666668,15.99067652329749,16.227497386499405,3.6641592061403663,82.2,103.1,98.5,111.83333333333331,14.555754875649724,11.36076072013441,12.689238890138888,11.687174144660991,11.437961057269264,0.8852073726941261,68.56720430107526,58.52638888888889,61.93979988052568,64.17131123058542,5.740366613398576,117.0,155.0,127.0,152.0,24.57641145488905,0.0,0.0,0.6666666666666666,0.6666666666666666,1.1547005383792517,0.0,0.0,0.0,0.0,0.0,0.0,0.0,0.0,0.0,0.0,1.0,0.0,0.3333333333333333,0.3333333333333333,0.5773502691896258,1.0,0.0,1.0,2.0,-39.0,-6669.0,-5.327387992831541,-20.200000000000003,0.0100412218581545,0.0089484584424211,19112.0,25820.0,0.0387296669248644,0.3214285714285714,181.1071428571429,21412.10714285714,0.0,0.0,0.036842545198930515,0,Geel teller 1,Geel,51.148115,4.996705,2,"97,98"
33,2024,11,2532.0,2532.0,3547.0,3168.0,1177.0,1241.0,14.0,18.0,0.0,0.0,1.40086887835703,1.2511848341232228,720.0,7.032638888888889,-1.95,17.3,86.49008383888889,68.5,65.80000008,1.8900000100000005,78.48333333333333,112.0,0.0,28.0,0.0,11.762437487083334,3.0,4.47316917891719,0.0,0,-0.5000000000000004,0.8660254037844384,6087.0,7613.0,7634.333333333333,7313.833333333333,1558.109538297403,5474.0,6758.0,6731.666666666667,6372.5,1244.708935186589,2.1283216783216785,2.6434027777777778,2.6213767900259834,2.5152052178088984,0.4824193833821631,1.913986013986014,2.3465277777777778,2.31208434635854,2.1915828906216555,0.3820428766467609,1090.0,1032.0,1020.3333333333334,1025.0,76.17304860207021,1153.0,1062.0,1044.6666666666667,1085.1666666666667,117.95903243640755,12.537836021505376,15.746666666666668,16.06152329749104,16.285201239545998,3.6912007559482425,94.9,94.6,90.76666666666664,103.46666666666664,6.9009661159385205,11.10050164303764,12.50712344208333,11.41834729190412,11.139288386903374,0.9697404806330334,70.6491935483871,58.7375,62.427732974910406,64.67803912783751,7.13239990887917,135.0,168.0,141.0,162.66666666666666,24.556058315617356,0.0,0.0,0.0,0.0,0.0,0.0,0.0,0.0,0.0,0.0,0.0,0.0,0.0,0.0,0.0,0.0,0.0,0.0,0.3333333333333333,0.0,0.0,0.0,0.0,2.0,-2540.0,-2306.0,-5.505197132616487,-26.40000000000001,1.1196338383838385,1.1119839240043845,6715.0,11561.0,0.0,0.2,5984.733333333334,5254.266666666666,0.0,0.0,0.03776349860219274,0,Bokrijk,Genk,50.95264,5.41001,1,49
34,2024,11,2880.0,2880.0,1626.0,1813.0,1922.0,1873.0,10.0,8.0,0.0,0.0,0.5645833333333333,0.6295138888888889,720.0,6.869930555555556,-2.1,17.25,86.91726610138889,58.3,56.29999995,1.40000003,78.0625,115.0,0.0,34.0,0.0,11.871098653041669,3.0,3.5052959436658497,2.0,1,-0.5000000000000004,0.8660254037844384,2402.0,2932.0,2995.0,3156.1666666666665,626.878776160111,2745.0,3845.0,3619.0,3593.1666666666665,785.7658684366503,0.8071236559139785,1.0180555555555555,1.0173312425328556,1.072054211469534,0.209846367633632,0.9223790322580644,1.3350694444444444,1.230417413381123,1.2210013440860217,0.2712984511946338,1798.0,1630.0,1636.3333333333333,1619.6666666666667,158.59487171196218,1702.0,1550.0,1563.0,1538.3333333333333,132.97744169594813,12.39771505376344,15.677638888888888,15.96248357228196,16.195293085424133,3.715389137668492,87.1,94.4,86.2666666666667,104.78333333333336,8.580404030890913,11.392403320967738,12.95259231430556,11.817560883845582,11.548485495141875,0.9932210754107186,70.36155913978494,58.2625,62.044041218638,64.45664575866188,7.213052162662042,133.0,171.0,140.66666666666666,163.66666666666666,27.31910198621722,0.0,0.0,0.0,0.0,0.0,0.0,0.0,0.0,0.0,0.0,0.0,0.0,0.0,0.0,0.0,3.0,1.0,2.333333333333333,2.1666666666666665,1.1547005383792526,1.0,1.0,7.0,13.0,-776.0,-932.0,-5.527784498207883,-28.8,0.8968560397131826,0.8750455373406193,3439.0,5147.0,0.5828638041577618,0.984126984126984,2373.285714285714,2538.5079365079364,0.0,0.0,0.16576237048741085,0,Genk,Genk,50.97172,5.48927,1,14
35,2024,11,2880.0,2880.0,15972.0,11558.0,804.0,903.0,74.0,60.0,0.0,0.0,5.545833333333333,4.013194444444444,720.0,7.623125,0.1,17.6,86.28868370138889,59.4,56.69999999,1.89000006,79.9125,122.0,0.0,0.0,0.0,12.033941203055557,3.0,3.162676892518597,1.0,1,-0.5000000000000004,0.8660254037844384,21799.0,19446.0,19857.33333333333,18934.666666666668,1772.171643304716,15353.0,13719.0,13941.666666666666,12920.666666666666,1314.2242325164082,7.324932795698925,6.752083333333333,6.745094086021505,6.434875298685783,0.5833647357882289,5.158938172043011,4.763541666666667,4.735920698924732,4.391125298685783,0.4374824023908291,737.0,757.0,733.3333333333334,735.1666666666666,25.696951829608725,813.0,827.0,817.0,824.8333333333334,8.717797887072718,12.502217741935484,15.76986111111111,16.01721624850657,16.083139934289125,3.644976269295952,66.9,85.9,75.10000000000004,82.03333333333335,9.763196197967108,11.82508741048387,13.384904637777776,12.332605934680402,11.933244307737452,0.9115078321841676,66.56854838709677,60.74027777777778,62.49272700119476,64.94151732377539,3.541289063027824,114.0,154.0,126.66666666666669,146.5,23.69247419188907,0.0,0.0,0.0,0.0,0.0,0.0,0.0,0.0,0.0,0.0,0.0,0.0,0.0,0.0,0.0,1.0,2.0,1.6666666666666667,1.1666666666666667,0.5773502691896262,1.0,1.0,5.0,7.0,-5827.0,-3795.0,-4.879092741935484,-7.500000000000007,1.381899982695968,1.4198527974988602,27530.0,37152.0,0.0269164513350559,1.0793650793650793,13568.031746031746,8742.015873015873,0.0,0.0,0.35579172434052747,1,Gent,Gent,51.03018,3.70146,1,13
36,2024,11,2880.0,2880.0,26500.0,1359.0,270.0,1908.0,63.0,7.0,0.0,0.0,9.20138888888889,0.471875,720.0,7.623125,0.1,17.6,86.28868370138889,59.4,56.69999999,1.89000006,79.9125,122.0,0.0,0.0,0.0,12.033941203055557,3.0,5.4229776422921,1.0,1,-0.5000000000000004,0.8660254037844384,32680.0,30739.0,29700.0,28647.5,3613.328244153873,1717.0,1699.0,1653.6666666666667,1825.6666666666667,94.53747052535856,10.981182795698924,5.336631944444444,6.906086750255695,5.812484027399047,3.5600445354528576,0.5769489247311828,0.2949652777777777,0.3788834410465098,0.3605732086478848,0.1721943737637505,281.0,3152.0,2217.0,2702.0,1676.949909806492,1801.0,4623.0,3726.0,4199.0,1668.385147380544,12.502217741935484,15.76986111111111,16.01721624850657,16.083139934289125,3.644976269295941,66.9,85.9,75.10000000000001,82.03333333333335,9.763196197967154,11.82508741048387,13.384904637777776,12.332605934680403,11.933244307737452,0.9115078321842064,66.56854838709677,60.74027777777778,62.49272700119474,64.94151732377539,3.5412890630279312,114.0,154.0,126.66666666666669,146.5,23.6924741918892,0.0,0.0,0.0,0.0,0.0,0.0,0.0,0.0,0.0,0.0,0.0,0.0,0.0,0.0,0.0,3.0,0.0,1.0,1.5,1.732050807568877,1.0,0.0,3.0,9.0,-6180.0,-358.0,-4.879092741935484,-7.500000000000007,19.49963208241354,19.0331974373908,27859.0,34397.0,0.0872169084513184,1.16,35756.56,2093.32,1.0,1.0,0.792593451577639,1,Gent teller 1,Gent,51.02811425,3.76826385,2,"118,119"
37,2024,11,2880.0,2880.0,5306.0,4930.0,1577.0,1649.0,34.0,34.0,0.0,0.0,1.8423611111111111,1.7118055555555556,720.0,7.626180555555556,0.0,17.65,86.57416155,68.6,60.70000007,5.53000002,80.60972222222222,124.0,0.0,0.0,0.0,11.7268066135,3.0,3.843329813718479,0.0,0,-0.5000000000000004,0.8660254037844384,7353.0,7228.0,6552.666666666667,5958.666666666667,1279.4922169881822,6498.0,6563.0,5879.333333333333,5412.0,1128.3219103311485,2.470766129032258,2.5097222222222224,2.2288231780167265,2.0275313620071684,0.4532132039936435,2.183467741935484,2.2788194444444443,2.000085872162485,1.8416722670250891,0.403033495049824,1362.0,1389.0,1461.3333333333333,1530.1666666666667,149.2793801344759,1454.0,1399.0,1500.3333333333333,1568.3333333333333,130.80647282658987,12.52130376344086,15.839166666666667,16.047217741935487,16.107206914575865,3.6344084564335177,71.7,92.5,75.7333333333333,85.46666666666665,15.157946210926196,11.715610433602151,13.44445979263889,12.35120761669952,12.01932525642473,0.9509553595807272,67.16935483870968,60.72361111111111,62.76629330943846,65.04307795698925,3.816470357533101,122.0,161.0,130.33333333333334,149.33333333333334,27.465129406819333,0.0,0.0,0.0,0.0,0.0,0.0,0.0,0.0,0.0,0.0,0.0,0.0,0.0,0.0,0.0,1.0,0.0,0.3333333333333333,0.3333333333333333,0.5773502691896258,1.0,0.0,1.0,2.0,-2047.0,-1568.0,-4.895123207885304,-3.1000000000000085,1.0762677484787018,1.131578947368421,10236.0,13851.0,0.0721969532885712,0.2857142857142857,5670.523809523809,5150.238095238095,1.0,1.0,0.5232823831865695,1,Gent R4,Gent,51.0876313,3.7587918,1,136
38,2024,11,2764.0,2764.0,0.0,0.0,2764.0,2764.0,0.0,0.0,0.0,0.0,0.0,0.0,720.0,7.175347222222222,-1.5,17.1,87.14487473472222,62.0,59.20000001,1.96,77.43611111111112,123.0,0.0,20.0,0.0,12.54668836261111,3.0,6.06582237039172,0.0,0,-0.5000000000000004,0.8660254037844384,0.0,0.0,0.0,0.0,0.0,0.0,0.0,0.0,0.0,0.0,0.0,0.0,0.0,0.0,0.0,0.0,0.0,0.0,0.0,0.0,2976.0,2880.0,2944.0,2924.6666666666665,55.425625842191735,2976.0,2880.0,2944.0,2924.6666666666665,55.4256258422033,12.441532258064516,15.350625,15.73867159498208,15.820087365591398,3.507299767598826,73.5,111.5,81.83333333333333,90.35,26.501572280401263,13.331839485349462,14.910415405694446,13.663882748493132,13.052634782880824,1.1181205762153723,69.39516129032258,60.56944444444444,62.97386499402628,65.49024790919952,5.619144733347693,132.0,172.0,136.33333333333334,157.66666666666666,33.70954365359063,0.0,2.0,0.6666666666666666,0.3333333333333333,1.1547005383792517,0.0,0.0,0.0,0.0,0.0,0.0,0.0,0.0,0.0,0.0,0.0,0.0,0.0,0.0,0.0,0.0,0.0,0.0,0.0,0.0,0.0,-5.266185035842294,-11.5,,,0.0,0.0,,0.1481481481481481,989.5925925925926,255.14814814814812,0.0,0.0,0.015614326135312646,0,St. pieters leeuw teller 2,Halle,50.75509,4.24943,1,105
39,2024,11,2880.0,2880.0,6986.0,5493.0,1113.0,1292.0,398.0,329.0,0.0,0.0,2.4256944444444444,1.9072916666666664,720.0,7.444236111111111,-0.65,17.85,86.71469765416667,71.4,65.300000274,4.26999987,80.38194444444444,129.0,0.0,11.0,0.0,11.74098455925,3.0,4.638897703850821,2.0,1,-0.5000000000000004,0.8660254037844384,8005.0,8717.0,8592.666666666666,8493.333333333334,536.4180583587208,6459.0,7463.0,6875.0,6651.5,523.6334595879152,2.6898521505376345,3.026736111111111,2.9198663381123056,2.8868895609319,0.1993642667426721,2.1703629032258065,2.5913194444444443,2.338011499402628,2.2617271505376344,0.223168647965319,933.0,838.0,836.3333333333334,835.0,97.51068317540002,1126.0,1006.0,1047.6666666666667,1047.5,67.88470618138885,12.568212365591398,15.779166666666669,16.01581541218638,16.15598080943847,3.571811911575649,73.6,104.7,79.5,90.66666666666669,22.82914803491357,11.915617463306452,13.596491619305556,12.401969683137692,12.075022686226104,1.040414697333996,66.85752688172043,59.30833333333333,62.10098566308244,64.4690188172043,4.14007554081785,107.0,153.0,119.0,138.83333333333334,29.8663690461362,0.0,0.0,0.0,0.0,0.0,0.0,0.0,0.0,0.0,0.0,0.0,0.0,0.0,0.0,0.0,1.0,0.0,0.3333333333333333,0.5,0.5773502691896256,1.0,0.0,1.0,3.0,-1019.0,-966.0,-5.123976254480287,-2.1999999999999886,1.2718004733296924,1.239355937451618,12479.0,14464.0,0.0691371681415929,0.56,7769.92,6369.36,0.0,0.0,0.16302609420271097,0,Hamme totem,Hamme,51.1017709,4.1469307,1,126
40,2024,11,5760.0,5760.0,49495.0,47943.0,1198.0,949.0,144.0,106.0,0.0,0.0,8.592881944444445,8.3234375,720.0,7.102361111111111,-1.75,17.35,86.54751666527778,61.2,56.30000009999999,3.43,77.98611111111111,113.0,0.0,29.0,0.0,11.735096099333331,3.0,2.888539198029341,1.0,1,-0.5000000000000004,0.8660254037844384,68118.0,78949.0,81609.0,72006.16666666667,14998.957997140991,65018.0,75891.0,77576.33333333333,68468.33333333333,13480.247116923823,11.444556451612904,13.706423611111113,13.858570415173238,12.23084770758662,2.4935710488710074,10.92372311827957,13.175520833333334,12.10191626667504,11.094681998331543,1.129536327858784,1095.0,985.0,960.6666666666666,969.6666666666666,148.00788267296198,812.0,762.0,711.6666666666666,728.8333333333334,132.8545570664899,12.580241935483873,15.754027777777775,16.042135603345276,16.270226627837513,3.6145694824869055,92.4,83.4,79.63333333333334,96.06666666666668,15.008775210966943,11.02112045985215,12.51178709138889,11.337956884867085,11.06274911088859,1.0518319769575,71.08064516129032,58.42361111111112,62.41494922341696,64.53856780167264,7.512479187853539,129.0,159.0,133.0,156.33333333333334,24.24871130596435,0.0,0.0,0.0,0.0,0.0,0.0,0.0,0.0,0.0,0.0,0.0,0.0,0.0,0.0,0.0,3.0,2.0,1.6666666666666667,1.6666666666666667,1.5275252316519468,1.0,1.0,5.0,10.0,-18623.0,-17075.0,-5.477880824372762,-31.200000000000003,1.0323717748159271,1.0476791042480544,97438.0,133136.0,0.0225333493570484,1.631578947368421,59359.21052631579,57188.36842105263,0.0,0.0,0.2659913435121873,0,Hasselt-Kempische brug,Hasselt,50.94084615,5.3420024,2,"137,138"
41,2024,11,2880.0,2880.0,23649.0,29261.0,662.0,403.0,64.0,76.0,0.0,0.0,8.211458333333333,10.160069444444444,720.0,7.102361111111111,-1.75,17.35,86.54751666527778,61.2,56.30000009999999,3.43,77.98611111111111,113.0,0.0,29.0,0.0,11.735096099333331,3.0,2.828239434291379,6.0,1,-0.5000000000000004,0.8660254037844384,31994.0,35351.0,33841.0,34205.666666666664,1703.6839495634094,37477.0,41525.0,39017.66666666666,38270.5,2190.298914151512,9.840332693837444,12.274652777777778,11.199842827455967,11.4634425457471,1.2418813202338197,12.593077956989248,14.41840277777778,13.265811678614098,12.998461768219832,1.0028210221323353,610.0,541.0,573.3333333333334,593.6666666666666,34.703506066870766,408.0,341.0,353.6666666666667,376.6666666666667,49.23751956926072,12.580241935483873,15.754027777777775,16.042135603345276,16.270226627837513,3.614569482486904,92.4,83.4,79.63333333333334,96.06666666666668,15.008775210966864,11.02112045985215,12.51178709138889,11.337956884867085,11.06274911088859,1.0518319769575,71.08064516129032,58.42361111111112,62.41494922341696,64.53856780167264,7.512479187853533,129.0,159.0,133.0,156.33333333333334,24.248711305964235,0.0,0.0,0.0,0.0,0.0,0.0,0.0,0.0,0.0,0.0,0.0,0.0,0.0,0.0,0.0,5.0,3.0,2.6666666666666665,2.833333333333333,2.516611478423583,1.0,1.0,8.0,17.0,-8345.0,-8216.0,-5.477880824372762,-31.200000000000003,0.8082088787122791,0.8536969341195934,52910.0,69471.0,0.0719724777245181,2.2777777777777777,27746.61111111111,31477.222222222223,0.0,0.0,0.1978457359265389,0,Hasselt ring,Hasselt,50.9300038,5.3438616,1,140
42,2024,11,5760.0,5760.0,997.0,911.0,5161.0,5171.0,32.0,11.0,0.0,0.0,0.1730902777777777,0.1581597222222222,720.0,6.992777777777778,-1.95,17.0,86.41030173055555,56.4,52.300000104,2.87000001,75.4625,125.0,0.0,28.0,0.0,12.984014256597222,3.0,4.208449789979239,0.0,0,-0.5000000000000004,0.8660254037844384,1685.0,2418.0,2475.333333333333,2604.6666666666665,820.5037070807989,1673.0,2379.0,2564.0,2700.0,996.4642492332578,0.2830981182795699,0.4197916666666667,0.4203965053763441,0.4424525836320191,0.1376018034348853,0.2794717866210862,0.4130208333333333,0.4338525295775401,0.4575811333670258,0.1657811391788024,5040.0,4659.0,4750.333333333333,4751.666666666667,256.5001624430925,5043.0,4690.0,4740.333333333333,4733.166666666667,280.9027115094008,12.557930107526882,15.562013888888888,15.939421296296294,16.100930779569893,3.5851246608194303,86.60000000000001,105.5,89.63333333333337,100.18333333333332,14.588465763517876,11.84952708534946,13.0313883625,12.006542937455194,11.569021738183244,0.9560570826879028,71.71236559139786,58.78611111111111,62.73246714456392,65.00647401433692,7.795795382304664,114.0,171.0,132.0,155.16666666666666,33.80828300875394,0.0,0.0,0.3333333333333333,0.1666666666666666,0.5773502691896258,0.0,0.0,0.0,0.0,0.0,0.0,0.0,0.0,0.0,0.0,0.0,0.0,0.0,0.0,0.0,0.0,0.0,0.0,0.0,-688.0,-762.0,-5.565152329749104,-30.20000000000001,1.0944017563117454,1.007172743574417,1908.0,3358.0,0.0,0.0,2048.4193548387098,2145.8387096774195,0.0,0.0,0.017881407347878936,0,Heers,Heers,50.75487,5.30322,2,"28,34"
43,2024,11,2880.0,2880.0,506.0,9481.0,2531.0,911.0,10.0,90.0,0.0,0.0,0.1756944444444444,3.292013888888889,720.0,7.367638888888889,-1.0,17.9,86.3704973763889,64.5,60.59999998,2.73000003,78.43888888888888,114.0,0.0,16.0,0.0,11.708407089166666,3.0,0.9039770611011564,0.0,0,-0.5000000000000004,0.8660254037844384,597.0,685.0,562.3333333333334,525.0,143.1828667590268,12136.0,13292.0,12025.0,11807.333333333334,1325.989064811627,0.2006048387096774,0.2378472222222222,0.1915135902031063,0.1788493130227001,0.0514848212426621,4.077956989247312,4.615277777777778,4.090285244922342,4.0177288679808845,0.5189382461039348,2555.0,2445.0,2545.333333333333,2564.1666666666665,95.866226239137,816.0,745.0,744.6666666666666,759.3333333333334,71.50058274820847,12.569354838709678,15.815069444444443,16.032756123058544,16.230786663679808,3.5772157145989043,70.3,106.0,90.26666666666664,106.51666666666668,18.222605009529683,12.036376071962366,13.392365019444444,12.339065252323776,12.014350083605883,0.9392756230945692,68.30779569892474,57.86944444444445,61.70513739545997,63.95831093189965,5.742984169769211,109.0,153.0,124.33333333333331,146.16666666666666,24.84619353811225,0.0,0.0,0.3333333333333333,0.5,0.577350269189626,0.0,0.0,0.0,0.0,0.0,0.0,0.0,0.0,0.0,0.0,1.0,0.0,0.3333333333333333,0.1666666666666666,0.5773502691896261,1.0,0.0,1.0,1.0,-91.0,-2655.0,-5.201715949820789,-5.799999999999997,0.053369897690117,0.0491924851680949,9987.0,12733.0,0.0785360873321291,0.2222222222222222,478.1746031746032,8542.333333333334,0.0,0.0,0.05599235376436975,0,Heist op den Berg 1,Heist-op-den-Berg,51.06759,4.68823,1,8
44,2024,11,2880.0,2880.0,10604.0,515.0,800.0,2464.0,127.0,4.0,0.0,0.0,3.681944444444445,0.1788194444444444,720.0,7.367638888888889,-1.0,17.9,86.3704973763889,64.5,60.59999998,2.73000003,78.43888888888888,114.0,0.0,16.0,0.0,11.708407089166666,3.0,1.2895209328958137,0.0,0,-0.5000000000000004,0.8660254037844384,13752.0,15200.0,13553.0,13191.0,1754.9823360934329,615.0,721.0,665.0,687.5,53.25410782289431,4.620967741935484,5.277777777777778,4.610849761051374,4.489549731182795,0.6720441339347512,0.2066532258064516,0.2503472222222222,0.2261462066905615,0.233912037037037,0.0222242102981306,696.0,629.0,632.0,630.6666666666666,62.55397669213361,2481.0,2340.0,2429.333333333333,2417.5,77.6809715009642,12.569354838709678,15.815069444444443,16.032756123058544,16.230786663679808,3.5772157145989043,70.3,106.0,90.26666666666664,106.51666666666668,18.222605009529683,12.036376071962366,13.392365019444444,12.339065252323776,12.014350083605883,0.9392756230945692,68.30779569892474,57.86944444444445,61.70513739545997,63.95831093189965,5.742984169769211,109.0,153.0,124.33333333333331,146.16666666666666,24.84619353811225,0.0,0.0,0.3333333333333333,0.5,0.577350269189626,0.0,0.0,0.0,0.0,0.0,0.0,0.0,0.0,0.0,0.0,1.0,0.0,0.6666666666666666,0.3333333333333333,0.577350269189626,1.0,0.0,2.0,2.0,-3148.0,-100.0,-5.201715949820789,-5.799999999999997,20.59029126213592,22.360975609756096,11119.0,14367.0,0.069603953504559,0.3015873015873015,10137.31746031746,1029.952380952381,0.0,0.0,0.054891182235104405,0,Heist op den Berg 2,Heist-op-den-Berg,51.06904,4.69524,1,9
45,2024,11,5760.0,5760.0,24431.0,6304.0,1676.0,4052.0,103.0,26.0,0.0,0.0,4.241493055555556,1.0944444444444446,720.0,7.251388888888889,-1.45,17.6,86.21832776666666,64.4,54.49999991,6.93000003,77.86805555555556,117.0,0.0,23.0,0.0,11.817046230944442,3.0,3.37590271087566,0.0,0,-0.5000000000000004,0.8660254037844384,32334.0,31160.0,30123.666666666668,28615.666666666668,2872.31654476544,10242.0,10417.0,10333.666666666666,10251.5,87.79711460697813,5.432459677419355,5.409722222222222,5.119268966547193,4.86419504181601,0.5228946134058328,1.720766129032258,1.8085069444444444,1.7556134259259255,1.7422724387694146,0.0465710452802933,1479.0,1495.0,1454.0,1496.1666666666667,57.71481612203307,3853.0,3708.0,3785.0,3779.8333333333335,72.91776189653562,12.569690860215054,15.599444444444446,15.92181302270012,16.068345280764635,3.524381271674484,67.0,84.9,74.7666666666667,86.96666666666668,9.181684667496144,11.95457387298387,13.358713336805554,12.220229372514934,11.801593686845656,1.031636590634631,69.2002688172043,59.04583333333332,62.168055555555554,64.61247013142174,6.102799558016091,116.0,166.0,131.66666666666666,153.0,29.771350881902197,0.0,0.0,0.0,0.0,0.0,0.0,0.0,0.0,0.0,0.0,0.0,0.0,0.0,0.0,0.0,0.0,0.0,0.0,0.0,0.0,0.0,0.0,0.0,0.0,-7903.0,-3938.0,-5.318301971326165,-2.5999999999999943,3.875475888324873,3.1570005858230816,30735.0,42576.0,0.0,0.1071428571428571,23858.25,9180.92857142857,0.0,0.0,0.05703228606435198,0,Herent teller 1,Herent,50.891315000000006,4.64687,2,"72,73"
46,2024,11,5760.0,5760.0,10861.0,18040.0,3214.0,2252.0,40.0,48.0,0.0,0.0,1.8855902777777775,3.1319444444444446,720.0,7.207152777777777,-1.4,17.75,86.74719012222222,72.2,65.600000058,4.61999987,78.21805555555555,108.0,0.0,20.0,0.0,11.65868871125,3.0,4.258572751870591,1.0,1,-0.5000000000000004,0.8660254037844384,15047.0,15758.0,16521.333333333332,17913.5,1970.214286145888,25228.0,27548.0,27279.0,25833.0,1930.6068993971744,2.5280577956989245,2.735763888888889,2.805178464755078,3.0438396057347674,0.3175696179849396,4.238575268817204,4.782638888888889,4.634591547192354,4.388839419056153,0.346580078538163,3058.0,2778.0,2866.6666666666665,2936.0,165.84731934322517,1995.0,1732.0,1795.3333333333333,2079.0,176.726719353167,12.44643817204301,15.753125,15.97799059139785,16.192258437873356,3.6491850663095184,73.8,108.6,97.36666666666666,106.4,20.416741496461515,11.529132986478494,12.830276192083334,11.892240658929216,11.635760606546746,0.819237416218678,67.83870967741936,58.60833333333332,61.85510752688172,64.04759557945043,5.188220534343464,112.0,155.0,120.66666666666669,146.83333333333334,30.924639582917205,0.0,0.0,0.6666666666666666,0.3333333333333333,1.1547005383792517,0.0,0.0,0.0,0.0,0.0,0.0,0.0,0.0,0.0,0.0,1.0,1.0,0.6666666666666666,0.3333333333333333,0.5773502691896258,1.0,1.0,2.0,2.0,-4186.0,-7188.0,-5.239285394265233,-1.5999999999999943,0.6020509977827051,0.5964404629776439,28901.0,40275.0,0.0248292985723153,0.2857142857142857,14536.57142857143,20465.321428571428,0.0,0.0,0.0778417206599226,0,Herentals totem,Herentals,51.1736963,4.8123065,2,"94,110"
47,2024,11,5760.0,5760.0,8608.0,8910.0,3724.0,3650.0,110.0,164.0,0.0,0.0,1.494444444444445,1.546875,720.0,7.136666666666666,-1.75,17.45,86.38174903888888,57.4,52.699999924,3.2899999700000007,77.65555555555555,109.0,0.0,30.0,0.0,11.663307042722222,3.0,2.7651492325840783,0.0,0,-0.5000000000000004,0.8660254037844384,12028.0,14573.0,13241.0,13262.0,1276.6663620539232,12848.0,15669.0,14463.666666666666,14593.833333333334,1454.5756540425432,2.020833333333334,2.5300347222222217,2.251835050776583,2.255025388291517,0.2578609097131678,2.1586021505376345,2.7203125,2.4593021953405017,2.4807534348864992,0.282950677288056,3593.0,3339.0,3384.0,3383.333333333333,190.5282131339132,3510.0,3112.0,3210.0,3178.833333333333,264.9603743958708,12.609677419354838,15.78375,16.056702508960573,16.273254928315414,3.5912893488519297,90.5,70.3,82.13333333333334,98.83333333333331,10.536761045659636,10.867181474569891,12.342537636944444,11.203680102816604,10.921274965396506,1.0134119655151042,71.12096774193549,58.275,62.325985663082434,64.54264486260455,7.624555613368183,117.0,156.0,128.33333333333334,149.33333333333334,24.09010862020613,0.0,0.0,0.3333333333333333,0.5,0.577350269189626,0.0,0.0,0.0,0.0,0.0,0.0,0.0,0.0,0.0,0.0,0.0,1.0,0.6666666666666666,0.3333333333333333,0.5773502691896258,0.0,1.0,2.0,2.0,-3420.0,-3938.0,-5.473010752688173,-33.1,0.9661054994388328,0.9361768368617684,17518.0,24876.0,0.0,0.3225806451612903,10972.451612903224,11742.83870967742,0.0,0.0,0.04408986045326427,0,Herk De Stad,Herk-de-Stad,50.9437,5.177205000000001,2,"30,31"
48,2024,11,2880.0,2880.0,3263.0,3087.0,1696.0,1835.0,35.0,19.0,0.0,0.0,1.132986111111111,1.071875,720.0,6.900416666666667,-1.9,17.35,87.06934709722222,63.7,60.89999997,1.96000002,78.53611111111111,113.0,0.0,29.0,0.0,11.97179349625,3.0,4.236286749147152,0.0,0,-0.5000000000000004,0.8660254037844384,5648.0,7538.0,8316.0,8421.166666666666,3130.3693072862825,6269.0,7787.0,8830.333333333334,8798.5,3212.677595609827,1.897849462365592,2.6173611111111112,2.8224985065710877,2.927381733648704,1.042466931182525,2.106518817204301,2.703819444444445,2.996255227001195,2.984912634408602,1.066461592888386,1523.0,1287.0,1327.3333333333333,1332.0,178.94226256905705,1554.0,1395.0,1414.3333333333333,1429.0,131.07377057723167,12.341666666666669,15.675763888888888,15.917884557945042,16.15440785543608,3.703219287702336,84.9,79.1,85.16666666666667,107.53333333333336,6.204299584427711,11.847279130470431,13.457542734444443,12.283747095688469,11.93848290943302,1.0276070709149914,70.2997311827957,58.61388888888889,62.21045400238949,64.42274492234169,7.019834315466794,123.0,170.0,133.33333333333334,158.83333333333334,32.74650108535771,0.0,0.0,0.3333333333333333,0.5,0.5773502691896257,0.0,0.0,0.0,0.0,0.0,0.0,0.0,0.0,0.0,0.0,0.0,0.0,0.0,0.3333333333333333,0.0,0.0,0.0,0.0,2.0,-2385.0,-3182.0,-5.44125,-21.200000000000003,1.0570132815030775,0.9009411389376296,6350.0,11917.0,0.0,0.5263157894736842,6965.052631578948,7182.263157894737,0.0,0.0,0.0818909924622264,0,Houthalen-Helchteren,Houthalen-Helchteren,51.0644267,5.3819796,1,139
49,2024,11,5760.0,5760.0,7803.0,7637.0,3829.0,3909.0,61.0,63.0,0.0,0.0,1.3546875,1.3258680555555555,720.0,7.913402777777777,-0.15,17.9,85.25470571527778,55.9,55.2,0.49,79.94444444444444,109.0,0.0,1.0,0.0,13.299262207666668,3.0,2.524388378493569,0.0,0,-0.5000000000000004,0.8660254037844384,10575.0,12273.0,11609.0,11443.0,907.4557840467984,10336.0,12303.0,11512.0,11260.166666666666,1038.4801394345563,1.7901124868163811,2.130729166666667,1.9712164621597985,1.944228116085873,0.1713317480221048,1.7365591397849462,2.1359375,1.9571068548387096,1.9142958482676224,0.2029310328469417,3765.0,3623.0,3664.3333333333335,3654.1666666666665,87.6432161284244,3876.0,3706.0,3751.6666666666665,3746.6666666666665,108.9327009365502,12.485618279569891,15.689375,15.847623207885306,15.838591323178017,3.443856978465207,73.9,90.2,78.06666666666666,76.21666666666665,10.67817087957179,12.67823710483871,14.539461597638889,13.372124073137696,12.917441883639484,1.0169344743030346,67.27553763440861,63.644444444444446,64.17538829151732,64.99106929510155,2.8717280683167603,126.0,169.0,127.33333333333331,140.66666666666666,41.0162569395762,0.0,0.0,0.0,0.0,0.0,0.0,0.0,0.0,0.0,0.0,0.0,0.0,0.0,0.0,0.0,1.0,0.0,0.3333333333333333,0.1666666666666666,0.5773502691896258,1.0,0.0,1.0,1.0,-2772.0,-2699.0,-4.572215501792114,-18.000000000000007,1.021736283881105,1.02312306501548,15440.0,20911.0,0.0478217206255081,0.4482758620689655,9286.793103448275,9151.96551724138,0.0,0.0,0.1732702689657803,0,Ieper,Ieper,50.85025,2.85616,2,"67,68"
50,2024,11,2880.0,2880.0,5974.0,6039.0,1156.0,1147.0,22.0,21.0,0.0,0.0,2.074305555555556,2.096875,720.0,7.643333333333333,-0.6,17.9,86.13606685833332,61.3,59.40000022,1.33000002,80.94027777777778,113.0,0.0,6.0,0.0,12.389985789333334,3.0,2.4476685136351923,1.0,1,-0.5000000000000004,0.8660254037844384,8245.0,8474.0,8717.666666666666,8545.5,630.8409730933249,8402.0,9160.0,9191.0,9115.166666666666,804.9478243960914,2.770497311827957,2.942361111111111,2.9609617682198324,2.9034050179211466,0.2004132172244945,2.823252688172043,3.180555555555556,3.1225731780167263,3.097750522700119,0.2749534471481255,1097.0,953.0,1003.6666666666666,1011.6666666666666,80.92795149596563,1077.0,905.0,975.3333333333334,967.8333333333334,90.1794507265008,12.398655913978494,15.62520833333333,15.79657482078853,15.831751418757468,3.4867619359511086,58.5,93.9,68.73333333333333,73.75,21.9212986233328,12.007143406989249,13.919146683430556,12.715987555408754,12.311259510197656,1.0474729622167025,68.06317204301075,62.84444444444444,64.16454599761052,65.77803166069295,3.434438943233263,119.0,155.0,124.66666666666669,147.33333333333334,27.93444707405778,0.0,0.0,0.0,0.0,0.0,0.0,0.0,0.0,0.0,0.0,0.0,0.0,0.0,0.0,0.0,0.0,0.0,0.0,0.1666666666666666,0.0,0.0,0.0,0.0,1.0,-2271.0,-2363.0,-4.755322580645162,2.799999999999997,0.9892366285808908,0.981313972863604,12013.0,16647.0,0.0,0.2142857142857142,7452.642857142857,7854.785714285715,0.0,0.0,0.09194197237793116,0,Roeselare totem,Izegem,50.91717,3.18772,1,84
51,2024,11,5760.0,5760.0,1724.0,14574.0,4723.0,2031.0,20.0,40.0,0.0,0.0,0.2509982638888888,2.5302083333333334,720.0,7.2399305555555555,-2.5,17.7,86.34864108333333,61.8,55.599999958,4.33999992,78.35416666666667,113.0,0.0,20.0,0.0,11.611891621986112,3.0,5.529079586040185,0.0,0,-0.5000000000000004,0.8660254037844384,2561.0,1794.0,2169.6666666666665,1836.0,383.7399292923964,19899.0,24885.0,23650.666666666668,23076.33333333333,3311.763024936017,0.4302755376344086,0.2982421875,0.363470962141577,0.3121491608796296,0.0660307787942179,3.3432459677419355,4.3203125,4.020021281362008,3.921395235961768,0.5873414317460977,4514.0,4541.0,4526.333333333333,4674.5,13.650396819620216,1793.0,1587.0,1580.0,1557.1666666666667,216.58485634965265,12.52983870967742,15.636805555555556,15.926493428912783,16.09756160394265,3.550373505396037,73.6,95.4,82.83333333333334,93.53333333333336,11.275785264598303,11.717037619825268,13.143280026666666,12.02813888130376,11.701948656195489,0.9966955161561362,68.79032258064517,58.30416666666667,62.00461469534051,64.34651284348865,5.88463998476295,116.0,160.0,129.66666666666666,149.16666666666666,26.31222782915448,0.0,0.0,0.0,0.1666666666666666,0.0,0.0,0.0,0.0,0.0,0.0,0.0,0.0,0.0,0.0,0.0,0.0,0.0,0.3333333333333333,0.3333333333333333,0.5773502691896257,0.0,0.0,1.0,2.0,-837.0,-5325.0,-5.289908154121865,-11.799999999999995,0.1182928502813229,0.1286999346700839,16298.0,22460.0,0.0,0.3571428571428571,1454.5,19796.75,0.0,0.0,0.0790704486935086,0,Kampenhout teller 1,Kampenhout,50.956355,4.59241,2,"70,71"
52,2024,11,2880.0,2880.0,67617.0,63926.0,277.0,160.0,228.0,169.0,0.0,0.0,23.0540601898038,22.19652777777777,720.0,7.65423611111111,-1.0,17.85,85.91973479027777,60.5,57.9,1.81999996,80.30277777777778,106.0,0.0,13.0,0.0,11.686071781166667,3.0,5.102493632417715,3.0,1,-0.5000000000000004,0.8660254037844384,82453.0,81288.0,78665.66666666667,75591.16666666667,5581.413470916956,77010.0,74638.0,72643.33333333333,69933.0,5635.292124933137,27.7059811827957,28.225,26.73685035842294,25.69378546893668,2.1438319895474685,25.87701612903226,25.915972222222223,24.688388590203107,23.76929323476703,2.092590908634097,275.0,267.0,266.3333333333333,268.3333333333333,9.018499505645783,169.0,166.0,159.0,152.33333333333334,14.79864858694872,12.469959677419354,15.631319444444443,15.834633363201908,15.903453554360814,3.4707996994575603,71.0,102.8,79.06666666666666,78.63333333333333,20.90199352533949,11.397832542473116,13.141178959305554,12.006089563899344,11.617545542463262,0.9838589558344604,68.19086021505376,62.388888888888886,63.96968339307049,65.62831541218638,3.6938370166440655,125.0,168.0,132.66666666666666,148.16666666666666,32.192131543800144,0.0,0.0,0.0,0.1666666666666666,0.0,0.0,0.0,0.0,0.0,0.0,0.0,0.0,0.0,0.0,0.0,4.0,6.0,4.0,4.833333333333333,2.0,1.0,1.0,12.0,29.0,-14836.0,-13084.0,-4.815723566308244,-10.5,1.057738635297062,1.0706791325801843,131543.0,159463.0,0.0250841888086891,3.909090909090909,67981.63636363637,63088.454545454544,2.0,1.0,0.983035244514339,1,Eco Display Classic Budastraat,Kortrijk,50.83066,3.26286,1,143
53,2024,11,5760.0,5760.0,22361.0,22937.0,2542.0,2747.0,96.0,103.0,0.0,0.0,3.882118055555555,3.982118055555556,720.0,7.65423611111111,-1.0,17.85,85.91973479027777,60.5,57.9,1.81999996,80.30277777777778,106.0,0.0,13.0,0.0,11.686071781166667,3.0,5.758123577316747,3.0,1,-0.5000000000000004,0.8660254037844384,25888.0,25746.0,24881.0,24785.5,1622.753524106449,27681.0,27347.0,26409.0,26140.666666666668,1921.188174021502,4.349462365591398,4.469791666666667,4.228337813620072,4.212067839008364,0.3197141066849042,4.65070564516129,4.747743055555556,4.488046968339306,4.442475918458782,0.3689738808958532,2617.0,2511.0,2563.333333333333,2525.833333333333,53.01257712405052,2750.0,2531.0,2627.0,2592.1666666666665,111.9687456391288,12.469959677419354,15.631319444444443,15.834633363201911,15.903453554360814,3.470799699457564,71.0,102.8,79.06666666666665,78.63333333333334,20.90199352533947,11.397832542473116,13.141178959305554,12.00608956389934,11.617545542463262,0.9838589558344568,68.19086021505376,62.388888888888886,63.96968339307048,65.62831541218638,3.693837016644132,125.0,168.0,132.66666666666666,148.16666666666666,32.19213154380011,0.0,0.0,0.0,0.1666666666666666,0.0,0.0,0.0,0.0,0.0,0.0,0.0,0.0,0.0,0.0,0.0,2.0,2.0,2.0,2.6666666666666665,0.0,1.0,1.0,6.0,16.0,-3527.0,-4744.0,-4.815723566308244,-10.5,0.9748877359724464,0.9352263285285936,45298.0,53569.0,0.0373350258545054,1.9206349206349207,20276.11111111111,21027.53968253968,1.0,1.0,0.9402887720486277,1,Kortrijk 1,Kortrijk,50.833355,3.27775,2,"16,17"
54,2024,11,5760.0,5760.0,18375.0,1682.0,1773.0,4914.0,42.0,25.0,0.0,0.0,3.1901041666666665,0.2920138888888888,720.0,7.766388888888889,0.05,17.6,85.76329585972222,70.5,68.5,1.4700000200000003,78.41527777777777,104.0,0.0,0.0,0.0,11.843340720625,3.0,4.954710188271329,1.0,1,-0.5000000000000004,0.8660254037844384,22015.0,22750.0,20663.666666666668,20141.166666666668,2999.703374224421,2105.0,2050.0,1733.6666666666667,1643.0,596.1713959368843,3.698756720430108,3.9496527777777777,3.5141875746714457,3.4252296146953403,0.5514246577978561,0.3536626344086021,0.3559027777777778,0.2951015531660693,0.2796697655316607,0.1033768572007764,1694.0,1593.0,1655.0,1637.1666666666667,54.28627819256106,4923.0,4744.0,4944.0,4957.5,211.28416883429767,12.600604838709678,15.682569444444445,15.932854689366788,15.993455794504184,3.4641802408426074,80.8,97.8,82.63333333333333,81.06666666666666,14.338177476001986,11.48648926408602,13.320297777916666,12.135594101097672,11.6984263746931,1.027551947227847,67.84543010752688,62.047222222222224,63.629540023894855,65.34306302270012,3.688709922659912,129.0,184.0,138.66666666666666,149.83333333333334,41.356176483487125,0.0,0.0,0.0,0.1666666666666666,0.0,0.0,0.0,0.0,0.0,0.0,0.0,0.0,0.0,0.0,0.0,2.0,0.0,1.0,1.6666666666666667,1.0000000000000009,1.0,0.0,3.0,10.0,-3640.0,-423.0,-4.8342159498207895,-10.299999999999995,10.92449464922711,10.458432304038006,20057.0,24120.0,0.0829187396351575,1.3928571428571428,16978.821428571428,1545.25,0.0,0.0,0.3890017173107523,1,Kortrijk teller 1,Kortrijk,50.81917,3.257295,2,"74,75"
55,2024,11,429.0,429.0,1693.0,1194.0,157.0,212.0,33.0,33.0,0.0,0.0,3.9463869463869465,2.783216783216784,720.0,7.190555555555555,-1.85,17.3,86.77083496249999,62.7,60.60000002,1.47000004,77.9888888888889,123.0,0.0,23.0,0.0,11.739419490402778,3.0,3.152568756616142,1.0,1,-0.5000000000000004,0.8660254037844384,0.0,0.0,0.0,1849.5,0.0,0.0,0.0,0.0,6324.5,0.0,,,,1.3047478594185584,,,,,4.4535124618345945,,0.0,0.0,0.0,862.0,0.0,0.0,0.0,0.0,593.6666666666666,0.0,12.483602150537632,15.462361111111113,15.82349761051374,14.814210722819595,3.534328707061116,72.5,112.4,83.73333333333333,73.55000000000001,25.01885955301186,12.700898108817206,14.17153279013889,13.022482618500602,12.937004264742905,1.026750289876958,69.05376344086021,60.00694444444444,62.51575567502986,59.6400238948626,5.71288473787104,128.0,165.0,135.33333333333334,124.0,26.76440422152775,0.0,2.0,0.6666666666666666,0.3333333333333333,1.1547005383792517,0.0,0.0,0.0,2.1666666666666665,0.0,0.0,0.0,0.0,0.0,0.0,0.0,1.0,0.3333333333333333,0.3333333333333333,0.5773502691896258,0.0,1.0,1.0,2.0,1693.0,1194.0,-5.293046594982076,-9.799999999999995,1.417922948073702,,2887.0,0.0,,0.14,1955.86,8794.82,1.0,1.0,0.8409333716084264,1,Tervuren,Kraainem,50.81896,4.47803,1,12
56,2024,11,5760.0,5760.0,6951.0,7480.0,3316.0,3625.0,57.0,80.0,0.0,0.0,1.2067708333333331,1.3175303819444446,720.0,7.011666666666666,-1.9,17.1,86.27982472361111,71.7,63.200000109,5.9499999,77.7611111111111,125.0,0.0,26.0,0.0,11.930443548180556,3.0,2.490769864912256,0.0,0,-0.5000000000000004,0.8660254037844384,10710.0,13163.0,12828.666666666666,12795.666666666666,1972.862471976525,10469.0,12942.0,12513.333333333334,12342.666666666666,1867.2751091720083,1.799395161290323,2.285243055555556,2.179926448626045,2.173776321684588,0.3403224710826614,1.758904569892473,2.24875,2.127159498207885,2.048575936399048,0.3249917550236563,2902.0,2589.0,2620.6666666666665,2752.833333333333,266.9125949319994,3484.0,3220.0,3317.333333333333,3360.1666666666665,145.01494175888678,12.562231182795696,15.713333333333336,16.07648745519713,16.261546445639187,3.709190574094006,95.7,107.2,92.8,101.96666666666664,16.047741274085894,10.8832552922043,12.355213956666669,11.284067594605732,10.962600435739844,0.9373774005842492,70.23924731182795,59.00138888888889,62.55377837514934,64.91441905615294,6.662141156648329,133.0,174.0,139.0,164.83333333333334,32.41913015489463,0.0,0.0,0.0,0.0,0.0,0.0,0.0,0.0,0.0,0.0,0.0,0.0,0.0,0.0,0.0,0.0,0.0,0.0,0.0,0.0,0.0,0.0,0.0,0.0,-3759.0,-2989.0,-5.55056451612903,-24.0,0.9292780748663102,1.023020345782787,14431.0,21179.0,0.0,0.0,9981.645161290322,9465.258064516129,0.0,0.0,0.026415266826020797,0,Lanaken teller 1,Lanaken,50.881215,5.63076,2,"35,36"
57,2024,11,5760.0,5760.0,23300.0,7193.0,1773.0,4239.0,112.0,66.0,0.0,0.0,4.045138888888889,1.248784722222222,720.0,7.251388888888889,-1.45,17.6,86.21832776666666,64.4,54.49999991,6.93000003,77.86805555555556,117.0,0.0,23.0,0.0,11.817046230944442,3.0,3.4438491189587834,0.0,0,-0.5000000000000004,0.8660254037844384,31356.0,29451.0,26970.33333333333,26572.166666666668,6022.221876793757,9717.0,9974.0,9194.666666666666,8615.833333333334,1134.576719897485,5.268145161290323,5.113020833333334,4.586284722222223,4.518547453703703,1.049545189646375,1.6325604838709675,1.7315972222222222,1.563422192353644,1.4651247013142177,0.2114007527569849,1566.0,1567.0,1810.0,1739.3333333333333,421.75466802395925,4227.0,3990.0,4066.0,4075.0,139.5026881461432,12.569690860215054,15.599444444444446,15.92181302270012,16.068345280764635,3.524381271674475,67.0,84.9,74.76666666666667,86.96666666666665,9.181684667496125,11.95457387298387,13.358713336805554,12.220229372514934,11.801593686845656,1.0316365906346292,69.2002688172043,59.04583333333332,62.168055555555554,64.61247013142174,6.10279955801606,116.0,166.0,131.66666666666666,153.0,29.771350881902197,0.0,0.0,0.0,0.0,0.0,0.0,0.0,0.0,0.0,0.0,0.0,0.0,0.0,0.0,0.0,0.0,1.0,0.3333333333333333,0.3333333333333333,0.5773502691896258,0.0,1.0,1.0,2.0,-8056.0,-2524.0,-5.318301971326165,-2.5999999999999943,3.239260392047824,3.2269218894720595,30493.0,41073.0,0.0,0.1785714285714285,23376.35714285714,7240.178571428572,0.0,0.0,0.17102433295756655,0,Heverlee teller 2,Leuven,50.8466164,4.6957187000000005,2,"76,108"
58,2024,11,2880.0,2880.0,30553.0,42026.0,378.0,414.0,80.0,114.0,0.0,0.0,10.608680555555557,14.592361111111112,720.0,7.251388888888889,-1.45,17.6,86.21832776666666,64.4,54.49999991,6.93000003,77.86805555555556,117.0,0.0,23.0,0.0,11.817046230944442,3.0,4.689899252335336,3.0,1,-0.5000000000000004,0.8660254037844384,38356.0,33250.0,32752.33333333333,30088.33333333333,5868.34817758228,53643.0,46909.0,46506.0,43053.5,7346.79447106014,12.888440860215054,11.54513888888889,11.129629629629628,10.222744016921796,1.999216656833624,18.025201612903224,16.287847222222222,15.802154271206687,14.630487205070386,2.501510653530372,395.0,404.0,405.6666666666667,403.3333333333333,11.590225767142693,351.0,374.0,387.6666666666667,390.5,45.08140784551137,12.569690860215054,15.599444444444446,15.92181302270012,16.068345280764635,3.524381271674484,67.0,84.9,74.7666666666667,86.96666666666668,9.181684667496103,11.95457387298387,13.358713336805554,12.220229372514934,11.801593686845656,1.0316365906346274,69.2002688172043,59.04583333333332,62.168055555555554,64.61247013142174,6.102799558016091,116.0,166.0,131.66666666666666,153.0,29.771350881902222,0.0,0.0,0.0,0.0,0.0,0.0,0.0,0.0,0.0,0.0,0.0,0.0,0.0,0.0,0.0,10.0,4.0,5.666666666666667,4.666666666666667,3.785938897200184,1.0,1.0,17.0,28.0,-7803.0,-11617.0,-5.318301971326165,-2.5999999999999943,0.7270023318897825,0.7150233954103984,72579.0,91999.0,0.1086968336612354,4.678571428571429,29052.67857142857,40731.607142857145,4.0,1.0,0.9741148937310747,1,test leuven,Leuven,50.875533,4.7153163,2,"69,144"
59,2024,11,5760.0,5760.0,77949.0,72412.0,1005.0,809.0,137.0,105.0,0.0,0.0,13.5328125,12.571527777777778,720.0,7.251388888888889,-1.45,17.6,86.21832776666666,64.4,54.49999991,6.93000003,77.86805555555556,117.0,0.0,23.0,0.0,11.817046230944442,3.0,4.8595575093549215,7.0,1,-0.5000000000000004,0.8660254037844384,101038.0,96256.0,95915.0,93004.83333333331,5301.731132375496,91839.0,86375.0,86743.66666666667,84165.66666666667,4921.367425150578,16.975470430107528,16.711111111111112,16.294440710872163,15.795971942204304,0.9597815515030064,15.429939516129032,14.99565972222222,14.735112380525688,14.300770049283154,0.8553975851941326,904.0,967.0,969.3333333333334,974.3333333333334,66.53069467045452,788.0,836.0,806.3333333333334,773.5,25.92939130279297,12.569690860215054,15.599444444444446,15.92181302270012,16.068345280764635,3.524381271674472,67.0,84.9,74.76666666666667,86.96666666666665,9.181684667496098,11.95457387298387,13.358713336805554,12.220229372514934,11.801593686845656,1.0316365906346274,69.2002688172043,59.04583333333332,62.16805555555555,64.61247013142174,6.10279955801606,116.0,166.0,131.66666666666666,153.0,29.771350881902197,0.0,0.0,0.0,0.0,0.0,0.0,0.0,0.0,0.0,0.0,0.0,0.0,0.0,0.0,0.0,7.0,7.0,5.666666666666667,4.666666666666667,2.309401076758502,1.0,1.0,17.0,28.0,-23089.0,-19427.0,-5.318301971326165,-2.5999999999999943,1.076465226757996,1.1001644181665742,150361.0,192877.0,0.0362925595068359,4.25,78348.78571428571,70772.53571428571,3.0,1.0,0.9841650158244426,1,leuven totem,Leuven,50.8868972,4.70837595,2,"77,107"
60,2024,11,5760.0,5760.0,1039.0,11082.0,5019.0,2623.0,9.0,36.0,0.0,0.0,0.1803819444444443,1.9239583333333332,720.0,7.295277777777779,-0.9,17.7,86.68016679861111,67.6,62.79999999399999,3.3599999,79.31666666666666,113.0,0.0,23.0,0.0,11.279182585833333,3.0,5.059738637714613,0.0,0,-0.5000000000000004,0.8660254037844384,855.0,844.0,835.0,745.1666666666666,25.7099202643646,19370.0,21144.0,20469.666666666668,19175.83333333333,960.442779832992,0.143649193548387,0.1465277777777777,0.1418645459976104,0.13178571644872,0.0057665347212375,3.2543682795698925,3.670833333333333,3.478595430107527,3.3964350911130192,0.2100672968580003,5270.0,5092.0,5228.0,5051.333333333333,120.61509026651972,1795.0,1686.0,1655.3333333333333,1591.3333333333333,157.25881003407525,12.39375,15.741875,15.908492383512543,16.122325268817203,3.600943286780496,66.4,118.3,85.10000000000001,99.21666666666664,28.828631601239785,11.961034998387095,13.523975113333334,12.335128655116486,12.083004517430558,1.0528827315403546,66.34139784946237,58.105555555555554,61.05355436081242,63.51431451612903,4.589491195037716,116.0,158.0,126.66666666666669,147.0,27.592269448766334,0.0,0.0,0.0,0.1666666666666666,0.0,0.0,0.0,0.0,0.0,0.0,0.0,0.0,0.0,0.0,0.0,1.0,0.0,1.0,0.5,1.0,1.0,0.0,3.0,3.0,184.0,-8288.0,-5.098472222222222,1.1999999999999886,0.0937556397762136,0.0441404233350542,12121.0,20225.0,0.0494437577255871,0.2142857142857142,585.6071428571429,18193.714285714286,0.0,0.0,0.04160938819868626,0,Lier teller 1,Lier,51.11696,4.584405,2,"95,96"
61,2024,11,5760.0,5760.0,2716.0,3013.0,4337.0,4331.0,48.0,57.0,0.0,0.0,0.4715277777777777,0.5230902777777777,720.0,7.170625,-1.15,17.8,86.65711263333334,65.0,60.299999878,3.29000003,78.125,112.0,0.0,19.0,0.0,11.792659947777777,3.0,4.078019812352647,0.0,0,-0.5000000000000004,0.8660254037844384,4189.0,4666.0,4614.333333333333,4596.5,401.99792702616384,4471.0,5106.0,5053.333333333333,5036.833333333333,557.8676665064332,0.7037970430107527,0.8100694444444444,0.7839680406212665,0.7812752016129032,0.0708244064985126,0.7511760752688172,0.8864583333333333,0.858546146953405,0.8560334528076464,0.0964908751622395,4110.0,3848.0,3962.3333333333335,3982.3333333333335,134.14295856783988,4082.0,3857.0,3917.6666666666665,3921.3333333333335,143.9316967638931,12.34361559139785,15.714722222222225,15.910978195937872,16.1301403823178,3.6694289175620254,77.5,123.1,95.16666666666669,107.55,24.472297263095932,11.399088016666669,12.761440542916668,11.809547628543909,11.580478313272105,0.8269604689665383,67.04301075268818,58.52361111111111,61.75518219832736,64.01267174432496,4.616945813155645,111.0,152.0,118.33333333333331,143.0,30.66485501895181,0.0,0.0,0.3333333333333333,0.1666666666666666,0.5773502691896258,0.0,0.0,0.0,0.0,0.0,0.0,0.0,0.0,0.0,0.0,0.0,1.0,0.3333333333333333,0.1666666666666666,0.5773502691896258,0.0,1.0,1.0,1.0,-1473.0,-1458.0,-5.172990591397849,-12.5,0.9014271490209094,0.9369268619995528,5729.0,8660.0,0.0,0.0952380952380952,3712.0476190476193,3973.5238095238096,1.0,1.0,0.32238411438731107,1,Gierde lille,Lille,51.24541825,4.82981335,2,"132,133"
62,2024,11,5760.0,5760.0,341.0,16753.0,5467.0,1975.0,6.0,103.0,0.0,0.0,0.0592013888888888,2.9085069444444445,720.0,7.478333333333333,-0.85,17.85,86.66855838611112,70.1,65.49999997,3.22,80.19027777777778,117.0,0.0,12.0,0.0,12.057307137638889,3.0,5.10114886971419,0.0,0,-0.5000000000000004,0.8660254037844384,457.0,410.0,955.0,699.0,903.5701411622676,20354.0,20318.0,22614.666666666668,20777.83333333333,3946.807486226472,0.0767809139784945,0.0711805555555555,0.1612156511350058,0.1182254330943846,0.1511212523267399,3.419690860215054,3.527430555555556,3.837436529271207,3.528995855734767,0.6325494452260702,5569.0,5418.0,5507.333333333333,5521.666666666667,79.21068951431938,1778.0,1663.0,1592.0,1629.8333333333333,229.87605355930503,12.531048387096774,15.757083333333334,16.005049283154122,16.117211768219832,3.604386670426316,66.0,102.9,79.96666666666665,87.16666666666667,20.017575610781005,12.157960987903223,13.882908966388888,12.706212721188768,12.349464840879628,1.01983736965123,66.48521505376344,59.86805555555556,62.001717443249696,64.25296445639187,3.88432695577494,122.0,151.0,123.33333333333331,145.83333333333334,27.02468007827904,0.0,0.0,0.3333333333333333,0.1666666666666666,0.5773502691896258,0.0,0.0,0.0,0.0,0.0,0.0,0.0,0.0,0.0,0.0,1.0,1.0,0.6666666666666666,0.8333333333333334,0.5773502691896258,1.0,1.0,2.0,5.0,-116.0,-3601.0,-5.052715053763442,4.099999999999994,0.0203545633617859,0.0224525891716615,17094.0,20811.0,0.0480515112200278,0.36,458.0,16848.88,0.0,0.0,0.0738903507483397,0,Lokeren teller 1,Lokeren,51.09628,3.97024,2,"128,129"
64,2024,11,5760.0,5760.0,6368.0,6287.0,3678.0,3681.0,24.0,23.0,0.0,0.0,1.1055555555555556,1.091493055555555,720.0,7.064722222222223,-1.25,17.6,86.3605554125,66.0,57.899999935,5.66999989,77.96388888888889,99.0,0.0,17.0,0.0,12.55730140284722,3.0,4.129481843743527,0.0,0,-0.5000000000000004,0.8660254037844384,9413.0,9856.0,10530.0,10440.5,1566.7874776114288,9505.0,9842.0,10451.666666666666,10262.166666666666,1358.3159917093433,1.5814852150537635,1.711111111111111,1.7875522700119475,1.7733170922939063,0.2530985705323682,1.5969422043010753,1.7086805555555555,1.7743652927120668,1.743014486260454,0.2178243005828022,3589.0,3456.0,3490.0,3485.5,87.1263450398335,3583.0,3438.0,3445.333333333333,3464.0,134.1504130941587,12.385013440860217,15.85340277777778,16.03569967144564,16.261416517323777,3.7451636641432295,74.2,110.1,85.53333333333335,102.18333333333334,21.296556842206527,11.820318248521504,13.092115242916666,12.139539178319891,11.810319052857674,0.839774341010645,69.39381720430107,58.57222222222222,62.35158303464755,64.61811529271206,6.104218737727212,113.0,153.0,123.66666666666669,149.16666666666666,25.716402029314597,0.0,1.0,0.3333333333333333,0.1666666666666666,0.5773502691896258,0.0,0.0,0.0,0.0,0.0,0.0,0.0,0.0,0.0,0.0,0.0,0.0,0.0,0.3333333333333333,0.0,0.0,0.0,0.0,2.0,-3045.0,-3218.0,-5.320291218637994,-8.200000000000003,1.0128837283282963,0.9903208837453972,12655.0,18918.0,0.0,0.2580645161290322,8164.0,8015.967741935484,0.0,0.0,0.05221900787348138,0,Lommel teller 1,Lommel,51.23288,5.292,2,"37,38"
65,2024,11,5760.0,5760.0,1851.0,1944.0,4793.0,4784.0,21.0,18.0,0.0,0.0,0.3213541666666667,0.3375,720.0,7.0789583333333335,-2.5,17.55,86.64568317083332,64.1,60.69999978,2.38000002,79.05277777777778,112.0,0.0,23.0,0.0,11.668003104625,3.0,4.705905894618844,0.0,0,-0.5000000000000004,0.8660254037844384,2826.0,3328.0,3083.6666666666665,3000.5,251.2654638690584,2931.0,3391.0,3268.0,3147.833333333333,295.3760315259141,0.4747983870967742,0.5777777777777777,0.5243018219832735,0.510200119474313,0.0516044999785007,0.4924395161290322,0.5887152777777778,0.5553894115890083,0.5350078405017921,0.0545476205068329,4699.0,4394.0,4528.0,4549.333333333333,155.83003561572943,4641.0,4349.0,4444.0,4467.666666666667,170.64290199126202,12.490389784946236,15.752222222222226,16.003496117084826,16.25512880824373,3.6452443789538456,89.9,80.6,86.40000000000002,105.13333333333334,5.058655947976532,10.954599017580644,12.562843920555554,11.373042144557944,11.098590372839752,1.0453987473925856,71.04704301075269,58.59444444444444,62.414097968936666,64.43907556750298,7.492838860302625,119.0,154.0,127.66666666666669,152.5,23.24507116214832,0.0,0.0,0.3333333333333333,0.5,0.5773502691896257,0.0,0.0,0.0,0.0,0.0,0.0,0.0,0.0,0.0,0.0,0.0,0.0,0.3333333333333333,0.1666666666666666,0.5773502691896258,0.0,0.0,1.0,1.0,-975.0,-987.0,-5.411431451612903,-25.80000000000001,0.9521604938271604,0.9641760491299898,3795.0,5757.0,0.0,0.064516129032258,2331.7419354838707,2390.8064516129034,0.0,0.0,0.026521386722964207,0,Lummen,Lummen,50.979745,5.209485,2,"32,33"
66,2024,11,5760.0,5760.0,7159.0,8159.0,4263.0,4261.0,152.0,146.0,0.0,0.0,1.2428819444444446,1.4164930555555555,720.0,7.122847222222222,-2.25,17.35,85.82830716111111,77.8,63.59999955,9.94000002,75.40277777777777,119.0,0.0,29.0,0.0,12.205020307916667,3.0,2.4720263672572647,0.0,0,-0.5000000000000004,0.8660254037844384,12213.0,16827.0,16324.333333333334,16404.166666666668,3884.469762185488,13850.0,19090.0,19040.666666666668,18954.83333333333,5166.176664936397,2.051915322580645,2.9213541666666667,2.774075940860215,2.7865143369175627,0.6609450051124697,2.326948924731183,3.314236111111111,3.234673685782557,3.2196441905615294,0.8706742432333137,4064.0,3729.0,3803.6666666666665,3776.3333333333335,232.18598866713097,4032.0,3621.0,3723.6666666666665,3685.8333333333335,271.94546021828194,12.666397849462363,16.121388888888887,16.322631421744322,16.558056302270014,3.7608951323998543,87.9,90.8,81.10000000000001,95.15,14.362799170078253,10.693037893682796,12.228882116111112,11.126772065168756,10.903168560481632,0.9616387606949456,69.5524193548387,56.62222222222222,61.58867980884111,63.96739097968936,6.966726191698165,117.0,134.0,114.66666666666669,142.5,20.59935274064053,0.0,1.0,0.3333333333333333,0.3333333333333333,0.5773502691896256,0.0,0.0,0.0,0.0,0.0,0.0,0.0,0.0,0.0,0.0,1.0,0.0,0.3333333333333333,0.1666666666666666,0.5773502691896256,1.0,0.0,1.0,1.0,-5054.0,-5691.0,-5.543550627240143,-10.100000000000009,0.8774359602892511,0.8818050541516246,15318.0,26063.0,0.0383685684687104,0.1612903225806451,13119.58064516129,14837.193548387097,0.0,0.0,0.029864147574794827,0,Maaseik teller 1,Maaseik,51.093515,5.797205,2,"43,44"
67,2024,11,5760.0,5760.0,784.0,7413.0,5155.0,2586.0,7.0,18.0,0.0,0.0,0.1361111111111111,1.2869791666666666,720.0,6.9546527777777785,-1.75,17.35,86.24872678055556,69.5,64.799999964,3.29000002,77.65694444444445,115.0,0.0,33.0,0.0,11.842645276847222,3.0,5.624811223853962,0.0,0,-0.5000000000000004,0.8660254037844384,1181.0,1140.0,1105.6666666666667,1089.6666666666667,97.16137778630618,9981.0,10490.0,10521.666666666666,10110.333333333334,557.1753165147626,0.1984206989247311,0.1979166666666665,0.1878920250896056,0.1852169205495817,0.0178014772688647,1.6769153225806452,1.821180555555556,1.787335722819594,1.7177606033452808,0.0979845779453573,5052.0,4928.0,5039.0,5060.0,105.10470969466544,2303.0,2133.0,2142.6666666666665,2185.0,155.72518528912846,12.50880376344086,15.845972222222226,16.118101851851858,16.337393966547193,3.752770200578752,92.7,102.9,91.46666666666668,108.1,12.097244865395378,10.98038082639785,12.542976713750004,11.450688091025988,11.179696054197803,0.9489847649760392,70.22715053763442,57.42916666666667,61.901568100358425,64.41135752688173,7.216810283994908,135.0,163.0,134.33333333333334,158.16666666666666,29.005746557076147,0.0,1.0,0.6666666666666666,0.3333333333333333,0.5773502691896258,0.0,0.0,0.0,0.0,0.0,0.0,0.0,0.0,0.0,0.0,1.0,0.0,0.3333333333333333,0.3333333333333333,0.5773502691896262,1.0,0.0,1.0,2.0,-397.0,-2568.0,-5.554150985663081,-23.200000000000003,0.1057601510859301,0.1183248171525899,8197.0,11162.0,0.0895896792689482,0.6129032258064516,916.4193548387096,8167.677419354839,0.0,0.0,0.1060260017560392,0,Maasmechelen teller 1,Maasmechelen,50.97034,5.6980450000000005,2,"41,42"
68,2024,11,2880.0,2880.0,4937.0,5176.0,1231.0,1159.0,16.0,28.0,0.0,0.0,1.714236111111111,1.7972222222222225,720.0,7.384027777777778,-0.95,17.7,86.25044987083334,67.6,58.799999844000006,6.159999990000001,78.98194444444445,123.0,0.0,11.0,0.0,11.694432085569444,3.0,3.51331843620502,0.0,0,-0.5000000000000004,0.8660254037844384,6990.0,7144.0,7239.333333333333,7313.0,308.2617935024159,7523.0,7630.0,7702.666666666667,7607.0,224.9807399164091,2.348790322580645,2.480555555555556,2.4592443249701312,2.485439068100358,0.101490612762552,2.5278897849462365,2.649305555555556,2.61674880525687,2.585026508363202,0.0778646681399196,1046.0,997.0,983.3333333333334,958.8333333333334,70.50059101407051,944.0,921.0,909.0,911.8333333333334,42.29657196511181,12.58736559139785,15.690833333333332,15.977410394265236,16.11379778972521,3.542038855424052,62.3,93.4,74.33333333333334,88.89999999999999,16.70039919682559,12.378969923319891,13.730699514583332,12.663256556084228,12.247083302554287,0.957493391558356,67.9475806451613,58.71388888888889,61.88043608124253,64.63659647550777,5.255983703971135,113.0,159.0,127.66666666666669,148.0,27.15388247255497,0.0,0.0,0.0,0.1666666666666666,0.0,0.0,0.0,0.0,0.0,0.0,0.0,0.0,0.0,0.0,0.0,0.0,1.0,0.3333333333333333,0.3333333333333333,0.5773502691896258,0.0,1.0,1.0,2.0,-2053.0,-2347.0,-5.203337813620072,5.299999999999997,0.9538253477588872,0.92915060481191,10113.0,14513.0,0.0,0.0952380952380952,5966.31746031746,5874.920634920635,0.0,0.0,0.08148222582979774,0,Machelen,Machelen,50.91618331151478,4.456121776137429,1,1
69,2024,11,5760.0,5760.0,8291.0,226.0,2784.0,5551.0,24.0,4.0,0.0,0.0,1.4394097222222222,0.0392361111111111,720.0,7.142291666666666,-1.05,17.65,86.64948264583333,66.3,60.29999986499999,4.20000006,79.56527777777778,117.0,0.0,13.0,0.0,12.662486873958333,3.0,4.4769902189262085,0.0,0,-0.5000000000000004,0.8660254037844384,11162.0,12586.0,12204.666666666666,11708.333333333334,913.7643751719238,353.0,342.0,368.3333333333333,376.0,36.50114153466082,1.8753360215053765,2.1850694444444443,2.0740106033452808,1.9900920325567504,0.172456043212604,0.0593077956989246,0.0593749999999999,0.0625224014336917,0.0644874094578307,0.0055097622918925,2476.0,2251.0,2214.0,2246.0,282.32428163372725,5635.0,5469.0,5569.666666666667,5572.5,88.46091415610383,12.25853494623656,15.65604166666667,15.81574596774194,16.01591136499403,3.639691967085692,67.6,94.7,79.13333333333331,101.65,13.992974427666663,12.251790786814515,13.400307207361111,12.507240112977897,12.222868080353942,0.7966742156167419,66.68279569892474,58.48888888888889,61.7745221027479,64.01929510155317,4.331252539466354,122.0,167.0,129.33333333333334,152.83333333333334,34.588051886935325,0.0,0.0,0.0,0.0,0.0,0.0,0.0,0.0,0.0,0.0,0.0,0.0,0.0,0.0,0.0,0.0,0.0,0.0,0.0,0.0,0.0,0.0,0.0,0.0,-2871.0,-127.0,-5.116243279569894,-1.2999999999999972,36.6858407079646,31.62039660056657,8517.0,11515.0,0.0,0.037037037037037,10249.555555555557,363.6296296296296,0.0,0.0,0.032301929388988175,0,Malle teller 1,Malle,51.316815,4.73862,2,"103,104"
70,2024,11,5760.0,5760.0,25664.0,23701.0,2341.0,2996.0,50.0,76.0,0.0,0.0,4.455555555555555,4.114756944444444,720.0,7.42625,-0.7,17.85,86.61222290277777,75.2,64.199999839,7.70000001,79.09722222222223,115.0,0.0,14.0,0.0,11.606121460555556,3.0,4.4201621159039455,1.0,1,-0.5000000000000004,0.8660254037844384,31421.0,29995.0,29930.666666666668,30885.33333333333,1523.519062346569,28084.0,26410.0,26635.666666666668,25856.33333333333,1349.7237989059986,5.279065860215054,5.207465277777778,5.084935125872142,5.248398342505963,0.2765632812054533,4.718413978494624,4.585069444444445,4.524619383291906,4.393664231669848,0.2300553197693223,2192.0,2144.0,2165.0,2185.5,24.556058315616674,3047.0,2952.0,2995.333333333333,2991.333333333333,48.04511768466704,12.549395161290322,15.814583333333331,16.016353046594983,16.203771281362005,3.572119132122272,68.0,116.6,85.43333333333332,98.31666666666663,27.05445126653528,12.005039715094089,13.480869464027778,12.360200249761052,12.063013580856332,0.9919783343734468,67.65188172043011,58.24166666666667,61.53216845878137,63.80931152927121,5.3048435409564645,107.0,159.0,121.66666666666669,144.16666666666666,32.57811126098825,0.0,0.0,0.0,0.1666666666666666,0.0,0.0,0.0,0.0,0.0,0.0,0.0,0.0,0.0,0.0,0.0,1.0,2.0,1.6666666666666667,1.5,0.5773502691896255,1.0,1.0,5.0,9.0,-5757.0,-4383.0,-5.1231451612903225,7.200000000000003,1.0828235095565588,1.1188221051132317,49365.0,59505.0,0.016805310478111,0.8571428571428571,27572.10714285714,21711.67857142857,1.0,1.0,0.8544740091691488,1,Mechelen teller 1,Mechelen,51.04567,4.468825,2,"99,100"
71,2024,11,2880.0,2880.0,5224.0,4692.0,1554.0,1581.0,71.0,70.0,0.0,0.0,1.8138888888888889,1.6291666666666669,720.0,7.415833333333333,-1.2,17.55,86.25566173611111,60.3,55.599999835,3.29000002,79.35555555555555,120.0,0.0,11.0,0.0,12.010337938527778,3.0,1.1343444954292492,0.0,0,-0.5000000000000004,0.8660254037844384,7372.0,8071.0,7035.0,6885.5,1239.3534604784888,6443.0,6928.0,6122.666666666667,5913.166666666667,1004.564748203582,2.4771505376344085,2.8024305555555555,2.3940449522102742,2.3428875448028674,0.4556582754577995,2.164986559139785,2.4055555555555554,2.083213859020311,2.012150910991637,0.3700671489025046,1368.0,1293.0,1303.0,1289.1666666666667,60.62177826491028,1382.0,1337.0,1362.0,1360.5,22.912878474775617,12.578427419354838,15.660277777777775,15.95797341696535,16.073941532258065,3.5378001568035247,71.2,96.9,77.43333333333334,85.71666666666668,17.218110620312878,12.620282585389784,14.0156623875,12.920536057092294,12.464621416299282,0.9801215966215298,67.66935483870968,59.54583333333332,62.074865591397845,64.85926672640382,4.852388105538529,111.0,156.0,123.66666666666669,144.0,28.219378684395835,0.0,0.0,0.0,0.1666666666666666,0.0,0.0,0.0,0.0,0.0,0.0,0.0,0.0,0.0,0.0,0.0,0.0,1.0,0.3333333333333333,0.3333333333333333,0.5773502691896258,0.0,1.0,1.0,2.0,-2148.0,-1751.0,-5.162594086021506,-10.900000000000006,1.113384484228474,1.14418749029955,9916.0,13815.0,0.0,0.1282051282051282,4936.076923076923,4442.666666666667,0.0,0.0,0.06872151405490984,0,Grimbergen,Meise,50.92127,4.34013,1,27
72,2024,11,5760.0,5760.0,15310.0,412.0,2303.0,5431.0,77.0,9.0,0.0,0.0,2.657986111111111,0.0715277777777777,720.0,7.501875,-0.65,17.65,86.32663242083333,68.1,60.60000003,5.2499999100000005,79.84861111111111,129.0,0.0,11.0,0.0,11.924960947847222,3.0,4.211946491727954,1.0,1,-0.5000000000000004,0.8660254037844384,20216.0,22850.0,22064.0,22058.0,1606.3536347890506,755.0,739.0,844.3333333333334,905.5,168.77598565356777,3.396505376344086,3.967013888888889,3.749645310633214,3.748908863500597,0.3085374961992335,0.1268481182795698,0.128298611111111,0.1432366338112305,0.1537531735364396,0.0271392700814658,2045.0,1882.0,1918.3333333333333,1908.6666666666667,112.97049762364084,5421.0,5210.0,5307.333333333333,5275.5,106.44403850538411,12.475739247311829,15.733125,15.992358870967744,16.079179734169653,3.6531414830389752,74.2,93.6,80.0,85.91666666666667,11.82032148462975,12.135358196236558,13.7322165375,12.629301855143368,12.218061476706838,0.956882135409993,66.76075268817205,60.74583333333333,62.32970430107528,64.77588859020311,3.8890394899340897,120.0,156.0,127.0,144.5,26.210684844162284,0.0,0.0,0.0,0.0,0.0,0.0,0.0,0.0,0.0,0.0,0.0,0.0,0.0,0.0,0.0,0.0,1.0,0.3333333333333333,0.5,0.577350269189626,0.0,1.0,1.0,3.0,-4906.0,-343.0,-4.973864247311829,-6.1000000000000085,37.16019417475728,26.77615894039735,15722.0,20971.0,0.0,0.4230769230769231,18533.884615384617,706.4230769230769,0.0,0.0,0.22260167053739707,0,Melle teller 2,Melle,50.9986113,3.8040599,2,"116,117"
73,2024,11,5760.0,5760.0,3666.0,393.0,3741.0,5430.0,12.0,5.0,0.0,0.0,0.6364583333333333,0.0682291666666666,720.0,7.643333333333333,-0.6,17.9,86.13606685833332,61.3,59.40000022,1.33000002,80.94027777777778,113.0,0.0,6.0,0.0,12.389985789333334,3.0,3.862596968606974,0.0,0,-0.5000000000000004,0.8660254037844384,5135.0,6144.0,5907.0,5913.333333333333,684.9737221237009,435.0,550.0,474.0,482.8333333333333,65.82552696332927,0.8627352150537635,1.0666666666666669,1.0039090501792114,1.004950716845878,0.1225105577015613,0.0730846774193548,0.0954861111111111,0.0806638291517323,0.0820853867980883,0.0128375721799532,3502.0,3126.0,3223.0,3193.1666666666665,245.33038947509215,5582.0,5375.0,5515.0,5507.333333333333,121.2806662250831,12.398655913978494,15.62520833333333,15.79657482078853,15.831751418757468,3.4867619359511197,58.5,93.9,68.73333333333335,73.75,21.92129862333278,12.007143406989249,13.919146683430556,12.715987555408752,12.311259510197656,1.0474729622166583,68.06317204301075,62.84444444444444,64.16454599761052,65.77803166069295,3.434438943233263,119.0,155.0,124.66666666666669,147.33333333333334,27.934447074057747,0.0,0.0,0.0,0.0,0.0,0.0,0.0,0.0,0.0,0.0,0.0,0.0,0.0,0.0,0.0,0.0,0.0,0.0,0.3333333333333333,0.0,0.0,0.0,0.0,2.0,-1469.0,-42.0,-4.755322580645162,2.799999999999997,9.32824427480916,11.804597701149426,4059.0,5570.0,0.0,0.1034482758620689,4777.758620689655,352.48275862068965,0.0,0.0,0.06183780693983073,0,Meulebeke teller 1,Meulebeke,50.960385,3.24481,2,"57,58"
74,2024,11,2880.0,2880.0,673.0,698.0,2476.0,2490.0,9.0,11.0,0.0,0.0,0.2336805555555555,0.2423611111111111,720.0,7.617638888888889,-0.55,17.65,86.10221235972223,61.0,55.99999995,3.4999999,80.25138888888888,111.0,0.0,8.0,0.0,12.266227737138887,3.0,3.4460814563038205,0.0,0,-0.5000000000000004,0.8660254037844384,1024.0,1040.0,1044.6666666666667,1008.3333333333334,23.35237318418253,1084.0,1066.0,1074.6666666666667,1045.6666666666667,9.018499505647204,0.3440860215053763,0.3611111111111111,0.3549133811230585,0.342642995818399,0.0094094910543281,0.364247311827957,0.3701388888888889,0.3650910991636797,0.3553352747909199,0.0046832571074336,2415.0,2328.0,2393.0,2425.0,57.26255320888075,2382.0,2370.0,2402.0,2415.5,45.43126676640042,12.548454301075267,15.71625,15.964086021505375,16.023503584229392,3.546051229139669,57.0,90.4,75.46666666666667,81.23333333333333,16.978025012743156,11.763195574166666,13.439862783472222,12.278745394275685,11.85323539583632,1.0076563637388047,65.63172043010752,61.09861111111111,62.43071983273595,65.01358273596178,2.785109990093149,125.0,148.0,124.66666666666669,143.5,23.50177298276314,0.0,0.0,0.0,0.0,0.0,0.0,0.0,0.0,0.0,0.0,0.0,0.0,0.0,0.0,0.0,0.0,0.0,0.0,0.0,0.0,0.0,0.0,0.0,0.0,-351.0,-386.0,-4.930815412186378,4.0,0.9641833810888252,0.9446494464944648,1371.0,2108.0,0.0,0.0384615384615384,906.4230769230768,934.5384615384615,1.0,1.0,0.4553557118912375,1,Deinze teller 1,Nazareth,50.9598305,3.555502,1,114
75,2024,11,5760.0,5760.0,10150.0,15038.0,3080.0,2397.0,53.0,47.0,0.0,0.0,1.7621527777777777,2.610763888888889,720.0,8.672847222222222,0.95,18.4,81.81931878750001,66.4,65.000000024,0.98000002,82.0736111111111,143.0,0.0,0.0,0.0,16.258696673333333,3.0,0.855980323270034,0.0,0,-0.5000000000000004,0.8660254037844384,17223.0,25666.0,32315.666666666668,33494.333333333336,19296.835396855447,24718.0,36168.0,45517.0,47220.333333333336,26729.235922487576,2.893649193548387,4.455902777777778,5.4772924133811225,5.676988127240144,3.218284555774957,4.152889784946236,6.279166666666667,7.714863351254479,8.003331279868577,4.456769491117221,2755.0,2439.0,2324.6666666666665,2283.6666666666665,497.4538504558321,2193.0,1965.0,1849.6666666666667,1823.0,413.2521425635117,12.736760752688172,16.192083333333333,16.087213261648746,15.829727075866188,3.2992677296552877,71.8,130.0,94.86666666666666,83.11666666666667,30.91946528213797,14.399060055107526,17.27172289875,15.68412221990143,15.296446546936975,1.460032574183105,66.01612903225806,66.4263888888889,64.26264934289128,63.80397998805256,3.3986075370545192,130.0,221.0,155.0,160.5,57.71481612203231,0.0,1.0,0.6666666666666666,0.3333333333333333,0.5773502691896258,0.0,0.0,0.0,0.0,0.0,0.0,0.0,0.0,0.0,0.0,0.0,0.0,0.0,0.5,0.0,0.0,0.0,0.0,3.0,-7073.0,-9680.0,-4.06391353046595,-5.399999999999992,0.6749567761670435,0.6967796747309652,25188.0,41941.0,0.0,0.6551724137931034,23252.86206896552,32720.275862068964,1.0,1.0,0.7363921313850043,1,Nieuwpoort totem,Nieuwpoort,51.134995,2.74329,2,"63,66"
76,2024,11,5760.0,5760.0,17517.0,22315.0,2504.0,1991.0,67.0,69.0,0.0,0.0,3.041145833333333,3.8741319444444446,720.0,8.672847222222222,0.95,18.4,81.81931878750001,66.4,65.000000024,0.98000002,82.0736111111111,143.0,0.0,0.0,0.0,16.258696673333333,3.0,1.13973160154311,0.0,0,-0.5000000000000004,0.8660254037844384,29450.0,44276.0,55242.333333333336,56024.66666666666,32685.65817500595,37256.0,54403.0,69032.33333333333,70233.83333333333,41092.81356068641,4.947916666666667,7.686805555555556,9.363959826762246,9.497741188769416,5.451666652413847,6.259408602150538,9.444965277777778,11.699733049581836,11.905905577956991,6.851844717323266,2301.0,2027.0,1945.3333333333333,1933.6666666666667,402.75840566440496,1777.0,1526.0,1456.0,1442.1666666666667,361.12463222549655,12.736760752688172,16.192083333333333,16.087213261648746,15.829727075866188,3.2992677296552877,71.8,130.0,94.86666666666666,83.11666666666667,30.91946528213797,14.399060055107526,17.27172289875,15.68412221990143,15.296446546936975,1.4600325741831075,66.01612903225806,66.4263888888889,64.26264934289128,63.80397998805256,3.3986075370545024,130.0,221.0,155.0,160.5,57.71481612203231,0.0,1.0,0.6666666666666666,0.3333333333333333,0.5773502691896258,0.0,0.0,0.0,0.0,0.0,0.0,0.0,0.0,0.0,0.0,0.0,0.0,0.0,0.5,0.0,0.0,0.0,0.0,3.0,-11933.0,-14941.0,-4.06391353046595,-5.399999999999992,0.7849876764508178,0.7904767017393172,39832.0,66706.0,0.0,0.7586206896551724,40057.34482758621,49917.06896551724,1.0,1.0,0.7683339233944203,1,Nieuwpoort teller 1,Nieuwpoort,51.13397,2.75624,2,"64,65"
77,2024,11,5760.0,5760.0,15821.0,143.0,1867.0,5627.0,44.0,3.0,0.0,0.0,2.746701388888889,0.0248263888888888,720.0,7.286111111111111,-0.95,17.85,86.59074043333334,66.6,60.69999986,4.12999999,78.83888888888889,110.0,0.0,21.0,0.0,11.511658329027778,3.0,2.9868313144271927,0.0,0,-0.5000000000000004,0.8660254037844384,21281.0,23788.0,23008.33333333333,22022.166666666668,1498.2711147630566,251.0,250.0,263.6666666666667,374.0,22.81081614790131,3.575436827956989,4.129861111111111,3.910054510155317,3.7444360439068096,0.2945042609535607,0.0421706989247311,0.0434027777777777,0.0447655316606929,0.0632616487455196,0.0034822942809976,1516.0,1451.0,1434.0,1492.1666666666667,91.68969407735996,5768.0,5548.0,5678.666666666667,5637.833333333333,115.67771320929609,12.459274193548389,15.776805555555557,15.965521206690562,16.176573700716848,3.604312056728311,67.9,111.7,89.99999999999999,106.05,21.90273955467671,11.8319831684543,13.220096011111112,12.1936424842279,11.909812107478867,0.9017637292166786,67.71774193548387,58.140277777777776,61.69460872162485,63.91584528076464,5.244348711646452,113.0,157.0,122.33333333333331,146.83333333333334,31.069813860616,0.0,0.0,0.3333333333333333,0.3333333333333333,0.5773502691896258,0.0,0.0,0.0,0.0,0.0,0.0,0.0,0.0,0.0,0.0,0.0,0.0,0.0,0.0,0.0,0.0,0.0,0.0,0.0,-5460.0,-108.0,-5.173163082437277,-1.3000000000000114,110.63636363636364,84.78486055776892,15964.0,21532.0,0.0,0.0357142857142857,18482.25,208.07142857142856,0.0,0.0,0.025038784370365417,0,Nijlen teller 1,Nijlen,51.149935,4.6447400000000005,2,"92,93"
78,2024,11,5760.0,5760.0,35069.0,629.0,1249.0,5187.0,79.0,3.0,0.0,0.0,6.088368055555556,0.1092013888888888,720.0,8.645416666666666,1.25,18.35,82.01691594027777,73.6,70.09999995,2.4499999,82.3013888888889,138.0,0.0,0.0,0.0,16.65692412083333,3.0,0.973821665282341,2.0,1,-0.5000000000000004,0.8660254037844384,44789.0,47499.0,50017.333333333336,49034.5,6844.2792413323405,838.0,859.0,960.6666666666666,954.0,194.56190103237924,7.525033602150538,8.246354166666666,8.492120295698925,8.32843301971326,1.1105560841892803,0.1407930107526881,0.1491319444444444,0.1630058990442054,0.1620090352449223,0.0315290283100152,1161.0,1071.0,1011.0,1000.5,187.34993995195265,5236.0,5051.0,5104.0,5109.666666666667,115.05216208312,12.737970430107524,16.24298611111111,16.116232825567504,15.847879704301072,3.316702782873705,65.1,123.9,84.86666666666666,80.33333333333333,33.80478269909952,14.946938647620968,17.662250814583334,16.143865400170252,15.747041861714456,1.3859046844855747,65.75268817204301,65.58055555555555,63.60704898446833,63.82896505376345,3.568322959772801,139.0,221.0,158.33333333333334,163.33333333333334,55.5817715922525,0.0,0.0,0.0,0.0,0.0,0.0,0.0,0.0,0.0,0.0,0.0,0.0,0.0,0.0,0.0,0.0,3.0,1.6666666666666667,1.0,1.5275252316519483,0.0,1.0,5.0,6.0,-9720.0,-209.0,-4.092553763440858,8.5,55.753577106518286,53.44749403341289,35698.0,45627.0,0.0,1.1746031746031746,37393.03174603175,694.1269841269841,1.0,1.0,0.9173344893260325,1,Oostende 2,Oostende,51.213745,2.92754,2,"15,18"
79,2024,11,5760.0,5760.0,6538.0,1367.0,3330.0,4836.0,25.0,19.0,0.0,0.0,1.1350694444444445,0.2373263888888888,720.0,6.762708333333332,-1.75,17.3,87.32391146944444,65.8,61.499999994,3.01000002,76.975,108.0,0.0,29.0,0.0,12.581881539444446,3.0,1.3854086104420993,0.0,0,-0.5000000000000004,0.8660254037844384,11092.0,13918.0,13889.666666666666,13887.5,2783.6081501054314,2047.0,2730.0,2589.0,2605.333333333333,487.05543832298986,1.8635752688172045,2.4163194444444445,2.359595280764636,2.3590865815412188,0.4702309673461937,0.3439180107526882,0.4739583333333332,0.4400761648745519,0.442600993130227,0.0844768913191703,2843.0,2459.0,2498.6666666666665,2503.5,326.31324418928205,4666.0,4260.0,4418.666666666667,4425.333333333333,217.03763114569085,12.24744623655914,15.684791666666666,15.91045474910394,16.13656884707288,3.780894203979479,81.0,116.2,90.33333333333331,107.03333333333336,22.6886168228328,11.7631987655914,13.198555805694443,12.176883640607825,11.810610037555628,0.890111715914616,69.71102150537635,58.23611111111112,62.24357825567504,64.61886947431303,6.472786735649052,121.0,158.0,129.33333333333334,153.5,25.54081700598736,0.0,1.0,0.3333333333333333,0.5,0.5773502691896258,0.0,0.0,0.0,0.0,0.0,0.0,0.0,0.0,0.0,0.0,0.0,0.0,0.0,0.0,0.0,0.0,0.0,0.0,0.0,-4554.0,-680.0,-5.484737903225808,-15.200000000000005,4.782735918068764,5.41866145578896,7905.0,13139.0,0.0,0.0967741935483871,9667.83870967742,2379.967741935484,0.0,0.0,0.0931817239729911,0,Peer teller 1,Peer,51.134315,5.478545,2,"39,40"
80,2024,11,5760.0,5760.0,212.0,12079.0,5573.0,2078.0,5.0,60.0,0.0,0.0,0.0368055555555555,2.097048611111111,720.0,6.882708333333333,-1.65,17.5,87.00183312916667,65.4,58.69999998,4.68999991,76.85833333333333,109.0,0.0,22.0,0.0,12.661193677777778,3.0,4.646541075919162,0.0,0,-0.5000000000000004,0.8660254037844384,281.0,318.0,304.0,323.3333333333333,20.074859899884828,17321.0,18249.0,17828.0,17663.166666666668,469.9393577899231,0.0472110215053762,0.0552083333333333,0.0516689068100357,0.0549451164874551,0.0040769993890348,2.910114247311828,3.168229166666667,3.0293626792114696,3.001822916666667,0.1301709605719611,5710.0,5499.0,5640.333333333333,5618.166666666667,122.40234202553272,1721.0,1595.0,1583.6666666666667,1624.3333333333333,143.33643407498715,12.231518817204302,15.781666666666666,15.975430107526885,16.220520459976104,3.844456938854584,78.1,108.4,83.7,99.23333333333332,22.43055951152362,11.483383177392474,12.800541482361112,11.849223023089904,11.535734413725136,0.83115305768627,69.31720430107526,57.63611111111111,62.04402628434887,64.37606780167263,6.345808293658382,105.0,154.0,119.33333333333331,144.66666666666666,30.17173069834303,0.0,1.0,0.3333333333333333,0.1666666666666666,0.5773502691896258,0.0,0.0,0.0,0.0,0.0,0.0,0.0,0.0,0.0,0.0,2.0,0.0,1.0,0.5,1.0000000000000002,1.0,0.0,3.0,3.0,-69.0,-5242.0,-5.3488104838709685,-12.699999999999989,0.0175511217816044,0.0162230818082096,12291.0,17602.0,0.1136234518804681,0.7096774193548387,247.03225806451613,13508.709677419354,0.0,0.0,0.0557836530389054,0,Pelt teller 1,Pelt,51.231135,5.443759999999999,2,"45,46"
81,2024,11,5760.0,5760.0,3945.0,1893.0,3984.0,4799.0,18.0,17.0,0.0,0.0,0.6848958333333334,0.3286458333333333,720.0,7.350972222222222,-3.5,17.5,86.56453128194445,73.2,69.500000044,2.5900001,77.14722222222223,117.0,0.0,22.0,0.0,11.940691493916663,3.0,3.6154702369594096,0.0,0,-0.5000000000000004,0.8660254037844384,5674.0,6318.0,6327.333333333333,6426.166666666667,658.0496435173649,2709.0,2862.0,2732.333333333333,2668.333333333333,119.71772355556442,0.953293010752688,1.096875,1.0748543906810033,1.0918449447431302,0.1121838699153143,0.455141129032258,0.496875,0.4644041218637993,0.4536925029868578,0.0289721150716322,3702.0,3417.0,3432.0,3391.833333333333,262.8212320190287,4668.0,4490.0,4571.0,4579.666666666667,90.07219326740103,12.62271505376344,15.554027777777778,15.926028972520909,16.01493988948626,3.504155313215514,77.5,97.0,85.33333333333333,91.88333333333334,10.29967637032036,12.393062494798388,13.96134704875,12.762741207258069,12.224287705881125,1.0631177025499217,68.3508064516129,60.516666666666666,62.73046594982079,65.20088859020309,4.903756605728933,125.0,152.0,130.33333333333334,148.33333333333334,19.55334583474997,0.0,1.0,0.6666666666666666,0.5,0.5773502691896258,0.0,0.0,0.0,0.0,0.0,0.0,0.0,0.0,0.0,0.0,0.0,0.0,0.0,0.0,0.0,0.0,0.0,0.0,0.0,-1729.0,-816.0,-5.271742831541218,-4.299999999999997,2.0839936608557843,2.094499815430048,5838.0,8383.0,0.0,0.0357142857142857,5484.785714285715,2710.5714285714284,0.0,0.0,0.02166125893857634,0,Pepingen teller 1,Pepingen,50.75836,4.165285,2,"78,79"
82,2024,11,2880.0,2880.0,615.0,443.0,2417.0,2530.0,4.0,6.0,0.0,0.0,0.2221354166666666,0.1538194444444444,720.0,7.175347222222222,-1.5,17.1,87.14487473472222,62.0,59.20000001,1.96,77.43611111111112,123.0,0.0,20.0,0.0,12.54668836261111,3.0,6.078394135740471,0.0,0,-0.5000000000000004,0.8660254037844384,1172.0,1154.0,1203.0,1188.1666666666667,69.86415389883369,528.0,397.0,469.3333333333333,462.0,66.56074919450151,0.3938172043010752,0.4097351593712003,0.411555985023375,0.405176887374292,0.0187157413571284,0.1774193548387097,0.137895102466134,0.1592042814672059,0.1568740194671752,0.0199429623837071,2206.0,2134.0,2152.333333333333,2167.0,47.2475748936748,2556.0,2574.0,2577.6666666666665,2586.1666666666665,23.713568549108437,12.441532258064516,15.350625,15.73867159498208,15.820087365591398,3.507299767598826,73.5,111.5,81.83333333333333,90.35,26.501572280401263,13.331839485349462,14.910415405694446,13.663882748493132,13.052634782880824,1.1181205762153723,69.39516129032258,60.56944444444444,62.97386499402628,65.49024790919952,5.619144733347693,132.0,172.0,136.33333333333334,157.66666666666666,33.70954365359063,0.0,2.0,0.6666666666666666,0.3333333333333333,1.1547005383792517,0.0,0.0,0.0,0.0,0.0,0.0,0.0,0.0,0.0,0.0,0.0,0.0,0.0,0.0,0.0,0.0,0.0,0.0,0.0,-557.0,-85.0,-5.266185035842294,-11.5,1.3882618510158014,2.2196969696969697,1058.0,1700.0,0.0,0.1481481481481481,1083.0,436.5925925925926,0.0,0.0,0.025454585965901364,0,St. pieters leeuw teller 1,Sint-Pieters-Leeuw,50.75533,4.24951,1,106
83,2024,11,8640.0,8640.0,19586.0,24141.0,3309.0,2846.0,36.0,40.0,0.0,0.0,2.2668981481481483,2.7940972222222222,720.0,7.079375,-2.25,17.25,86.3145238486111,57.9,49.30000009,6.019999810000001,76.27500000000002,116.0,0.0,28.0,0.0,13.076448464333334,3.0,3.233756300597591,0.0,0,-0.5000000000000004,0.8660254037844384,25160.0,24890.0,25489.33333333333,24630.166666666668,815.500664213914,32088.0,31860.0,32352.0,31146.166666666668,664.5660238080453,2.818100358422939,2.880787037037037,2.88596425726802,2.789633114297093,0.0705950332943549,3.5940860215053765,3.6875,3.663306451612904,3.528123133213859,0.060844949688932,3021.0,2935.0,2921.6666666666665,2947.5,106.62707598604192,2532.0,2438.0,2386.6666666666665,2444.333333333333,176.68427585196645,12.576008064516127,15.553611111111111,15.926853345280763,16.057912559737154,3.552203659693507,92.20000000000002,79.0,80.03333333333336,92.08333333333336,11.68431997735999,12.560695626787634,13.986240354305556,12.809867089441454,12.315210738196685,1.0736954079509995,72.20161290322581,58.91944444444446,62.91221624850658,64.84957437275986,8.071225176409678,116.0,163.0,128.0,154.33333333333334,30.805843601498687,0.0,0.0,0.0,0.0,0.0,0.0,0.0,0.0,0.0,0.0,0.0,0.0,0.0,0.0,0.0,0.0,1.0,0.3333333333333333,0.6666666666666666,0.5773502691896266,0.0,1.0,1.0,4.0,-5574.0,-7947.0,-5.496633064516128,-34.30000000000002,0.8113168468580423,0.7840937422089255,43727.0,57248.0,0.0,0.7142857142857143,17421.698412698413,22037.571428571428,1.0,1.0,0.7410514433472182,1,Tienen 2,Tienen,50.81330918367914,4.935166168467146,3,"22,23,24"
84,2024,11,2558.0,2558.0,1248.0,1232.0,1924.0,1895.0,13.0,13.0,0.0,0.0,0.4878811571540266,0.4816262705238467,720.0,6.932847222222222,-2.0,16.9,86.262320025,73.9,59.800000278,9.86999992,75.94444444444444,124.0,0.0,28.0,0.0,12.43064259948611,3.0,5.39815817018334,0.0,0,-0.5000000000000004,0.8660254037844384,2030.0,2102.0,2288.6666666666665,2328.0,387.34652874826816,2048.0,2108.0,2331.333333333333,2380.5,439.8105652816143,0.6821236559139785,0.7298611111111111,0.7768891875746714,0.7906081989247312,0.1250951103594594,0.6881720430107527,0.7319444444444444,0.7912485065710871,0.8083221326164874,0.1423185937381421,2037.0,1892.0,1894.3333333333333,1902.6666666666667,141.51442800412008,1979.0,1841.0,1837.0,1851.3333333333333,144.041660640246,12.51236559139785,15.57611111111111,15.969433990442056,16.137515681003585,3.669573394801,100.9,100.1,96.06666666666666,102.75,7.689169872836246,11.32135821686828,12.696153536944443,11.632508051853344,11.244467929678166,0.947207907799174,70.78091397849462,59.92361111111112,62.99738649940264,64.9815188172043,6.790182615815499,123.0,172.0,134.0,160.16666666666666,33.86738844375216,0.0,0.0,0.0,0.0,0.0,0.0,0.0,0.0,0.0,0.0,0.0,0.0,0.0,0.0,0.0,0.0,0.0,0.0,0.0,0.0,0.0,0.0,0.0,0.0,-782.0,-816.0,-5.579518369175629,-27.0,1.0129870129870129,0.9912109375,2480.0,4078.0,0.0,0.0,1859.645161290323,1840.774193548387,0.0,0.0,0.015114749809218968,0,Tongeren,Tongeren,50.79286,5.52825,1,29
85,2024,11,5760.0,5760.0,366.0,9007.0,5430.0,2715.0,5.0,46.0,0.0,0.0,0.0635416666666666,1.563715277777778,720.0,7.911666666666666,-0.1,18.0,85.10613992916666,64.3,62.20000018799999,1.4700000200000003,81.6625,120.0,0.0,2.0,0.0,13.365224197458332,3.0,1.259596435230228,0.0,0,-0.5000000000000004,0.8660254037844384,444.0,496.0,505.3333333333333,498.8333333333333,66.49310741222267,12054.0,12897.0,12463.333333333334,12159.666666666666,422.0264604658465,0.0745967741935483,0.0861111111111111,0.0858273596176821,0.0847296893667861,0.0110914322110631,2.025201612903226,2.2390625,2.118049955197133,2.067536589008363,0.10967696423898,5553.0,5314.0,5438.0,5444.5,119.75391434103558,2395.0,2156.0,2178.333333333333,2198.333333333333,206.4081716728614,12.430645161290322,15.77326388888889,15.855424880525687,15.77463373655914,3.466590522646502,65.6,107.0,73.96666666666665,80.0,29.7459801205698,13.163311116666668,15.108461084583334,13.938450302612006,13.54434428838411,1.0309436368844749,66.6975806451613,64.10138888888889,63.60189665471923,64.97051971326165,3.3732805951096774,131.0,163.0,125.0,144.83333333333334,41.32795663954362,0.0,0.0,0.0,0.0,0.0,0.0,0.0,0.0,0.0,0.0,0.0,0.0,0.0,0.0,0.0,0.0,0.0,0.0,0.1666666666666666,0.0,0.0,0.0,0.0,1.0,-78.0,-3047.0,-4.518978494623656,-1.2999999999999972,0.0406350616187409,0.0368342458934793,9373.0,12498.0,0.0,0.3793103448275862,407.4827586206897,10267.137931034482,0.0,0.0,0.10614975535221881,0,Torhout teller 1,Torhout,51.07154,3.082525,2,"55,56"
86,2024,11,2880.0,2880.0,5534.0,5857.0,1279.0,1288.0,30.0,29.0,0.0,0.0,1.9215277777777773,2.033680555555556,720.0,7.415833333333333,-1.2,17.55,86.25566173611111,60.3,55.599999835,3.29000002,79.35555555555555,120.0,0.0,11.0,0.0,12.010337938527778,3.0,5.659776121401711,0.0,0,-0.5000000000000004,0.8660254037844384,9042.0,10337.0,10158.333333333334,12272.333333333334,1038.5905513402993,8449.0,9668.0,9417.666666666666,11599.833333333334,870.9146533003794,3.038306451612903,3.589236111111111,3.452012395459976,4.169890606332138,0.3649831356512944,2.839045698924731,3.3569444444444443,3.2006347072879326,3.9408956839904414,0.3141010379528919,1021.0,915.0,938.3333333333334,839.0,73.81959992666782,1080.0,1017.0,1031.6666666666667,945.5,42.92241061885341,12.578427419354838,15.660277777777775,15.95797341696535,16.073941532258065,3.5378001568035216,71.2,96.9,77.43333333333334,85.71666666666668,17.218110620313002,12.620282585389784,14.0156623875,12.920536057092294,12.464621416299282,0.9801215966215387,67.66935483870968,59.54583333333332,62.074865591397845,64.85926672640382,4.852388105538565,111.0,156.0,123.66666666666669,144.0,28.219378684395835,0.0,0.0,0.0,0.1666666666666666,0.0,0.0,0.0,0.0,0.0,0.0,0.0,0.0,0.0,0.0,0.0,1.0,0.0,1.0,0.5,1.0,1.0,0.0,3.0,3.0,-3508.0,-2592.0,-5.162594086021506,-10.900000000000006,0.9448523134710602,1.0701858208071962,11391.0,17491.0,0.0571722600194385,0.5666666666666667,10238.4,10873.633333333331,0.0,0.0,0.08695855741884938,0,Vilvoorde,Vilvoorde,50.91372,4.41497,1,47
87,2024,11,2880.0,2880.0,2433.0,55.0,1774.0,2830.0,19.0,4.0,0.0,0.0,0.8447916666666667,0.0190972222222222,720.0,7.415833333333333,-1.2,17.55,86.25566173611111,60.3,55.599999835,3.29000002,79.35555555555555,120.0,0.0,11.0,0.0,12.010337938527778,3.0,3.5977514442911835,0.0,0,-0.5000000000000004,0.8660254037844384,3452.0,3544.0,3590.0,3164.5,165.85535867133652,109.0,85.0,90.33333333333331,228.5,16.6533279957289,1.1599462365591398,1.2305555555555556,1.2195489844683394,1.0581674416351836,0.0549327796818051,0.0366263440860215,0.0295138888888888,0.0306712962962962,0.0697479233265523,0.0054689825069517,1623.0,1509.0,1606.3333333333333,1784.1666666666667,90.16281569102388,2876.0,2809.0,2864.0,2886.6666666666665,50.08991914548822,12.578427419354838,15.660277777777775,15.95797341696535,16.073941532258065,3.5378001568035216,71.2,96.9,77.43333333333334,85.71666666666668,17.218110620313002,12.620282585389784,14.0156623875,12.920536057092294,12.464621416299282,0.9801215966215387,67.66935483870968,59.54583333333332,62.074865591397845,64.85926672640382,4.852388105538565,111.0,156.0,123.66666666666669,144.0,28.219378684395835,0.0,0.0,0.0,0.1666666666666666,0.0,0.0,0.0,0.0,0.0,0.0,0.0,0.0,0.0,0.0,0.0,0.0,0.0,0.0,0.1666666666666666,0.0,0.0,0.0,0.0,1.0,-1019.0,-54.0,-5.162594086021506,-10.900000000000006,44.23636363636364,31.6697247706422,2488.0,3561.0,0.0,0.1428571428571428,4879.214285714285,283.3928571428572,0.0,0.0,0.029029504699201344,0,Wemmel teller 1,Wemmel,50.914285,4.295695,2,"80,81"
88,2024,11,5760.0,5760.0,102.0,26876.0,5668.0,1602.0,3.0,127.0,0.0,0.0,0.0177083333333332,4.665972222222222,720.0,7.732083333333334,-0.3,17.8,85.69688417500001,58.4,57.300000018,0.76999998,78.5875,108.0,0.0,3.0,0.0,12.30527953759722,3.0,3.824917968645043,2.0,1,-0.5000000000000004,0.8660254037844384,210.0,217.0,211.66666666666663,220.16666666666663,4.725815626252595,33003.0,36136.0,33029.333333333336,32401.166666666668,3093.584059522756,0.035282258064516,0.037673611111111,0.0359673685782556,0.0374141278375148,0.0014871702319212,5.544858870967742,6.273611111111111,5.616741338112306,5.510383997909199,0.6240413190538334,5774.0,5570.0,5701.666666666667,5694.0,114.21179156870362,1514.0,1339.0,1356.0,1354.5,150.22316732115593,12.5059811827957,15.639861111111111,15.874958183990444,15.90506645758662,3.492465218128065,77.3,98.6,82.86666666666667,80.13333333333334,13.818224680954287,12.206049006048389,14.183676920388889,12.923414997432497,12.451417428055407,1.0948995553396526,68.29032258064517,63.12083333333333,64.31402329749103,65.55278524492235,3.534144575513452,136.0,169.0,136.33333333333334,147.5,32.50128202599606,0.0,0.0,0.0,0.1666666666666666,0.0,0.0,0.0,0.0,0.0,0.0,0.0,0.0,0.0,0.0,0.0,0.0,0.0,0.3333333333333333,0.3333333333333333,0.5773502691896258,0.0,0.0,1.0,2.0,-108.0,-6127.0,-4.773897849462367,-18.9,0.0037952076201815,0.0063630579038269,26978.0,33213.0,0.0,0.2068965517241379,202.5862068965517,29841.206896551725,0.0,0.0,0.08412123551606641,0,Wervik teller 2,Wervik,50.805675,3.09182,2,"61,62"
89,2024,11,5760.0,5760.0,20484.0,5661.0,1941.0,3505.0,71.0,22.0,0.0,0.0,3.55625,0.9828125,720.0,7.117638888888889,-1.45,17.7,86.86756231944445,62.0,57.69999988400001,3.0100000600000008,78.8375,103.0,0.0,24.0,0.0,11.573290684583334,3.0,4.9001804101513,0.0,0,-0.5000000000000004,0.8660254037844384,28050.0,28253.0,28415.0,27883.33333333333,467.5457196894985,7562.0,7858.0,8204.0,7931.166666666667,868.3386436177996,4.712701612903226,4.905034722222222,4.826767846475508,4.737523334826762,0.101040594567822,1.270497311827957,1.3642361111111112,1.393029420549582,1.3473192951015531,0.1391807359470342,1673.0,1569.0,1559.0,1559.1666666666667,119.31470990620042,3213.0,3067.0,3065.333333333333,3131.333333333333,148.5070144246842,12.44502688172043,15.764166666666668,15.99067652329749,16.227497386499405,3.6641592061403614,82.2,103.1,98.5,111.83333333333331,14.555754875649724,11.36076072013441,12.689238890138888,11.687174144660991,11.437961057269264,0.8852073726941495,68.56720430107526,58.52638888888889,61.93979988052568,64.17131123058542,5.740366613398581,117.0,155.0,127.0,152.0,24.57641145488905,0.0,0.0,0.6666666666666666,0.6666666666666666,1.1547005383792517,0.0,0.0,0.0,0.0,0.0,0.0,0.0,0.0,0.0,0.0,1.0,0.0,1.0,0.5,1.0,1.0,0.0,3.0,3.0,-7566.0,-1901.0,-5.327387992831541,-20.200000000000003,3.618441971383148,3.709336154456493,26145.0,35612.0,0.0280804223295518,0.2692307692307692,23981.73076923077,6736.923076923077,0.0,0.0,0.04728745934866724,0,Geel totem,Westerlo,51.1348979,4.9397605,2,"112,127"
90,2024,11,5760.0,5760.0,8962.0,17872.0,3686.0,2375.0,139.0,166.0,0.0,0.0,1.555902777777778,3.102777777777778,720.0,7.237777777777778,-1.2,17.7,86.6022951861111,70.3,63.20000018,4.96999986,78.17083333333333,110.0,0.0,19.0,0.0,11.86732473,3.0,5.325628592687687,1.0,1,-0.5000000000000004,0.8660254037844384,11747.0,12431.0,11433.0,11075.833333333334,1186.5799593790568,25835.0,28457.0,28265.0,28328.5,2339.915383085464,1.973622311827957,2.1581597222222224,1.9440729540023896,1.8833893369175627,0.2302877230652202,4.340557795698925,4.940451388888889,4.801947057945042,4.814658004778972,0.4100720545637618,3550.0,3232.0,3308.6666666666665,3304.6666666666665,213.58214656972916,2061.0,1828.0,1819.6666666666667,1806.6666666666667,245.60605312844615,12.529032258064516,15.760555555555555,16.00811081242533,16.225493578255676,3.609229194414243,74.7,106.1,96.96666666666664,109.6,19.386937182890243,11.784336868588708,13.001385819166666,12.045393517603046,11.742094510266575,0.8558643046148158,68.84274193548387,58.540277777777774,62.07077359617682,64.30185185185185,5.86647679685663,111.0,161.0,125.66666666666669,151.66666666666666,30.74627348693375,0.0,0.0,0.6666666666666666,0.5,1.1547005383792517,0.0,0.0,0.0,0.0,0.0,0.0,0.0,0.0,0.0,0.0,2.0,0.0,0.6666666666666666,0.6666666666666666,1.1547005383792517,1.0,0.0,2.0,4.0,-2785.0,-7963.0,-5.291254480286739,-4.400000000000006,0.5014547896150403,0.4546932455970582,26834.0,37582.0,0.0532169655686232,0.25,9427.392857142857,23738.821428571428,0.0,0.0,0.08335936882066354,0,Westerlo teller 1,Westerlo,51.081955,4.913295,2,"88,89"
91,2024,11,2880.0,2880.0,7227.0,8254.0,1142.0,1055.0,29.0,35.0,0.0,0.0,2.509375,2.865972222222222,720.0,7.311111111111111,-0.65,17.4,86.57227971666667,68.1,64.19999994,2.73000002,78.95,127.0,0.0,12.0,0.0,11.66492749236111,3.0,2.81006060449101,0.0,0,-0.5000000000000004,0.8660254037844384,10243.0,11989.0,10946.333333333334,10632.333333333334,921.1348073617452,11848.0,14070.0,12916.0,12855.0,1113.4936012389126,3.4418682795698925,4.162847222222222,3.722965203106332,3.615748207885305,0.3858266305876884,3.981182795698925,4.885416666666667,4.392585125448028,4.371563246714456,0.4575836106240537,997.0,923.0,957.0,955.6666666666666,37.36308338453718,957.0,890.0,904.6666666666666,894.6666666666666,46.75824347998039,12.524798387096778,15.566180555555558,15.889466099163684,16.007441009557947,3.5374073536543333,73.9,95.5,80.06666666666666,92.66666666666669,13.455234421344535,12.442487289879033,13.855515536486111,12.739902497990888,12.313830397325049,1.0006237922717875,68.40053763440861,59.24444444444445,62.04071087216249,64.65690710872163,5.521116944893747,120.0,174.0,137.33333333333334,155.83333333333334,31.77000681985018,0.0,0.0,0.0,0.1666666666666666,0.0,0.0,0.0,0.0,0.0,0.0,0.0,0.0,0.0,0.0,0.0,0.0,0.0,0.0,0.1666666666666666,0.0,0.0,0.0,0.0,1.0,-3016.0,-3594.0,-5.213687275985667,-5.800000000000011,0.8755754785558517,0.8645340985820391,15481.0,22091.0,0.0,0.0512820512820512,7503.820512820513,8727.641025641025,1.0,1.0,0.2506396083921794,0,Zaventem,Zaventem,50.86995,4.45444,1,26
92,2024,11,2880.0,2880.0,5633.0,5497.0,1371.0,1349.0,43.0,44.0,0.0,0.0,1.955902777777777,1.9086805555555555,720.0,7.311111111111111,-0.65,17.4,86.57227971666667,68.1,64.19999994,2.73000002,78.95,127.0,0.0,12.0,0.0,11.66492749236111,3.0,3.669188063849576,1.0,1,-0.5000000000000004,0.8660254037844384,8732.0,8577.0,8547.333333333334,8429.0,201.14754120624144,8576.0,8388.0,8429.0,8228.166666666666,131.3887361991264,2.9341397849462365,2.978125,2.9041106630824376,2.8650070937873355,0.0927494246463153,2.881720430107527,2.9125,2.8636424731182792,2.796221624850657,0.059975951276092,1170.0,1149.0,1149.0,1124.0,20.99999999999813,1143.0,1119.0,1102.6666666666667,1102.5,50.52062285179677,12.524798387096778,15.566180555555558,15.889466099163684,16.007441009557947,3.5374073536543373,73.9,95.5,80.06666666666666,92.66666666666669,13.45523442134445,12.442487289879033,13.855515536486111,12.739902497990888,12.313830397325049,1.0006237922717842,68.40053763440861,59.24444444444445,62.04071087216249,64.65690710872163,5.5211169448937785,120.0,174.0,137.33333333333334,155.83333333333334,31.77000681985018,0.0,0.0,0.0,0.1666666666666666,0.0,0.0,0.0,0.0,0.0,0.0,0.0,0.0,0.0,0.0,0.0,1.0,0.0,1.0,0.8333333333333334,1.0,1.0,0.0,3.0,5.0,-3099.0,-3079.0,-5.213687275985667,-5.800000000000011,1.0247407676914682,1.018190298507463,11130.0,17308.0,0.0577767506355442,0.3076923076923077,6579.653846153846,6461.923076923077,0.0,0.0,0.1694594286832114,0,Zaventem totem,Zaventem,50.8871216,4.4597084,1,111
93,2024,11,5760.0,5760.0,9052.0,2974.0,2759.0,4315.0,118.0,23.0,0.0,0.0,1.571527777777778,0.5163194444444444,720.0,7.478333333333333,-0.85,17.85,86.66855838611112,70.1,65.49999997,3.22,80.19027777777778,117.0,0.0,12.0,0.0,12.057307137638889,3.0,2.0496967623582654,0.0,0,-0.5000000000000004,0.8660254037844384,12059.0,12546.0,13143.666666666666,13134.666666666666,1477.151425322866,3847.0,4212.0,4223.333333333333,3930.8333333333335,382.1260699472529,2.0260416666666665,2.178125,2.231698028673835,2.23155428614098,0.2370279367797767,0.6463373655913979,0.73125,0.7174283154121864,0.6680611559139784,0.0652867936553469,2417.0,2224.0,2222.333333333333,2237.1666666666665,195.505328145637,4207.0,3894.0,3981.6666666666665,4020.3333333333335,196.73925214184783,12.531048387096774,15.757083333333334,16.005049283154122,16.117211768219832,3.604386670426316,66.0,102.9,79.96666666666665,87.16666666666667,20.017575610781005,12.157960987903223,13.882908966388888,12.706212721188768,12.349464840879628,1.0198373696512284,66.48521505376344,59.86805555555556,62.001717443249696,64.25296445639187,3.884326955774968,122.0,151.0,123.33333333333331,145.83333333333334,27.02468007827907,0.0,0.0,0.3333333333333333,0.1666666666666666,0.5773502691896258,0.0,0.0,0.0,0.0,0.0,0.0,0.0,0.0,0.0,0.0,0.0,2.0,1.0,0.6666666666666666,1.0,0.0,1.0,3.0,4.0,-3007.0,-873.0,-5.052715053763442,4.099999999999994,3.043712172158709,3.134650376917078,12026.0,15906.0,0.0,0.24,11350.24,3230.68,1.0,1.0,0.5752355346474467,1,Zele teller 1,Zele,51.0605869,4.055221850000001,2,"120,121"
94,2024,11,2880.0,2880.0,18403.0,26454.0,611.0,544.0,70.0,164.0,0.0,0.0,6.389930555555556,9.185416666666669,720.0,7.473055555555556,-0.85,17.85,86.17762611250001,72.2,64.800000098,5.179999860000001,79.07916666666667,114.0,0.0,11.0,0.0,11.798641720833333,3.0,2.9029987762810125,0.0,0,-0.5000000000000004,0.8660254037844384,24251.0,27564.0,25738.0,24576.33333333333,1682.3147743510956,35281.0,37862.0,36522.66666666666,34995.5,1293.2688557811236,8.14885752688172,9.570833333333333,8.75143369175627,8.415649832848347,0.735365972540524,11.855174731182796,13.146527777777775,12.413761947431302,11.979275356304903,0.6630624517678078,528.0,511.0,482.3333333333333,475.6666666666667,64.93329911019129,502.0,505.0,469.3333333333333,457.6666666666667,59.19740985324479,12.629905913978494,15.807708333333332,16.050284498207883,16.21298013739546,3.5478916520381074,69.2,107.3,80.96666666666668,94.55,22.848267622148803,12.285334810268816,13.62028726097222,12.578879719401137,12.183990643158452,0.9300529012687004,68.33602150537635,58.49583333333333,61.91706989247312,64.29472819593788,5.563007053111969,110.0,154.0,126.0,145.83333333333334,24.3310501211928,0.0,0.0,0.0,0.1666666666666666,0.0,0.0,0.0,0.0,0.0,0.0,0.0,0.0,0.0,0.0,0.0,0.0,2.0,0.6666666666666666,0.3333333333333333,1.1547005383792517,0.0,1.0,2.0,2.0,-5848.0,-8827.0,-5.156850358422938,3.0,0.6956603916231949,0.6873671381196678,44857.0,59532.0,0.0,0.2592592592592592,17906.59259259259,25919.074074074077,0.0,0.0,0.02304912696843896,0,Zemst,Zemst,50.9903936,4.4707023,1,109
