site_id,year,month,interval_count_in,interval_count_out,max_interval_count_in,max_interval_count_out,mean_interval_count_in,mean_interval_count_out,min_interval_count_in,min_interval_count_out,total_count_in,total_count_out,zero_count_intervals_in,zero_count_intervals_out,weather_hours_available,avg_temperature_2m,min_temperature_2m,max_temperature_2m,avg_relative_humidity_2m,total_precipitation,total_rain,total_snowfall,avg_cloud_cover,avg_wind_speed_10m,most_common_weather_code,station_to_weather_grid_km,crash_count_500m,crash_happened_500m,month_sin,month_cos,total_count_in_lag1,total_count_in_lag2,total_count_in_roll3_mean,total_count_in_roll6_mean,total_count_in_roll3_std,total_count_out_lag1,total_count_out_lag2,total_count_out_roll3_mean,total_count_out_roll6_mean,total_count_out_roll3_std,mean_interval_count_in_lag1,mean_interval_count_in_lag2,mean_interval_count_in_roll3_mean,mean_interval_count_in_roll6_mean,mean_interval_count_in_roll3_std,mean_interval_count_out_lag1,mean_interval_count_out_lag2,mean_interval_count_out_roll3_mean,mean_interval_count_out_roll6_mean,mean_interval_count_out_roll3_std,zero_count_intervals_in_lag1,zero_count_intervals_in_lag2,zero_count_intervals_in_roll3_mean,zero_count_intervals_in_roll6_mean,zero_count_intervals_in_roll3_std,zero_count_intervals_out_lag1,zero_count_intervals_out_lag2,zero_count_intervals_out_roll3_mean,zero_count_intervals_out_roll6_mean,zero_count_intervals_out_roll3_std,avg_temperature_2m_lag1,avg_temperature_2m_lag2,avg_temperature_2m_roll3_mean,avg_temperature_2m_roll6_mean,avg_temperature_2m_roll3_std,total_precipitation_lag1,total_precipitation_lag2,total_precipitation_roll3_mean,total_precipitation_roll6_mean,total_precipitation_roll3_std,avg_wind_speed_10m_lag1,avg_wind_speed_10m_lag2,avg_wind_speed_10m_roll3_mean,avg_wind_speed_10m_roll6_mean,avg_wind_speed_10m_roll3_std,avg_cloud_cover_lag1,avg_cloud_cover_lag2,avg_cloud_cover_roll3_mean,avg_cloud_cover_roll6_mean,avg_cloud_cover_roll3_std,crash_count_500m_lag1,crash_count_500m_lag2,crash_count_500m_roll3_mean,crash_count_500m_roll6_mean,crash_count_500m_roll3_std,crash_happened_500m_lag1,crash_happened_500m_lag2,crash_count_500m_roll3_sum,crash_count_500m_roll6_sum,total_count_in_change_lag1,total_count_out_change_lag1,avg_temperature_2m_change_lag1,total_precipitation_change_lag1,in_out_ratio,in_out_ratio_lag1,total_count_sum,total_count_sum_lag1,crashes_per_1000_cyclists_lag1,site_avg_crash_count_history,site_avg_total_count_in_history,site_avg_total_count_out_history,target_crash_count_next_month_500m,target_crash_happened_next_month_500m,predicted_probability,predicted_label,radius_key,radius_label,site_nr,long,lat,naam,gemeente,datum_van
1,2024,11,2880,2880,16.0,28.0,1.714236111111111,1.7972222222222225,0.0,0.0,4937.0,5176.0,1231,1159,720,7.384027777777778,-0.95,17.7,86.25044987083334,67.6,58.799999844,6.15999999,78.98194444444445,11.694432085569444,3.0,3.51331843620502,0.0,0,-0.5000000000000004,0.8660254037844384,7144.0,7584.0,7279.666666666667,7074.333333333333,264.07637784043527,7630.0,7955.0,7671.666666666667,7348.666666666667,264.96855159308046,2.480555555555556,2.548387096774193,2.472797192353644,2.415617532855436,0.079752616150041,2.649305555555556,2.673051075268817,2.606332138590203,2.509371266427718,0.0957354258494739,997.0,907.0,940.0,967.5,49.56813492557598,921.0,862.0,887.3333333333334,920.3333333333334,30.369941279711863,15.690833333333332,19.65403225806452,17.905725806451617,15.812373431899642,2.022378133743951,93.4,67.3,83.90000000000002,93.5,14.426018161641077,13.730699514583332,11.880100230349464,12.536358488364696,13.018970808250971,1.0360160359664503,58.71388888888889,58.979838709677416,61.34324970131423,66.10783303464756,4.325911469548632,0.0,1.0,0.3333333333333333,0.5,0.5773502691896262,0.0,1.0,1.0,3.0,-2207.0,-2454.0,-8.306805555555554,-25.80000000000001,0.9538253477588872,0.9363040629095676,10113.0,14774.0,0.0,0.2833333333333333,5918.133333333333,5817.1,0.0,0.0,0.29030399594137424,1,500m,500 m,100046096,4.456121776137429,50.91618331151478,Machelen,Machelen,2019-08-22
2,2024,11,2880,2880,83.0,22.0,6.880555555555556,1.01875,0.0,0.0,19816.0,2934.0,537,1582,720,7.264722222222223,-0.55,17.75,86.3271319875,67.8,63.60000005,2.9400000100000003,79.1361111111111,11.740525270930556,3.0,4.867444285021063,0.0,0,-0.5000000000000004,0.8660254037844384,25258.0,20870.0,22909.0,24213.0,2210.3644495874555,3922.0,3444.0,2657.6666666666665,1574.3333333333333,1791.9392660839071,8.770138888888889,7.012768817204301,7.792219235364396,8.277314814814815,0.8953378804969404,1.3618055555555555,1.157258064516129,0.9076762246117084,0.5379536290322581,0.6179538639778144,467.0,419.0,420.0,418.3333333333333,46.50806381693376,1335.0,1465.0,1795.3333333333333,2180.5,687.8156245196332,15.717361111111112,19.63447580645161,17.90162037037037,15.836902628434885,1.997190762745967,110.7,74.2,92.43333333333334,105.75,18.250022831035945,13.626108422333331,11.862044123897851,12.555948702820784,13.044900562542187,0.9402960493210688,59.230555555555554,60.206989247311824,61.72918160095579,66.11008064516129,3.516189860796732,0.0,0.0,0.0,0.1666666666666666,0.0,0.0,0.0,0.0,1.0,-5442.0,-988.0,-8.452638888888888,-42.900000000000006,6.753919563735515,6.440081591024987,22750.0,29180.0,0.0,0.6333333333333333,20064.916666666668,491.81666666666666,0.0,0.0,0.1408406761977275,0,500m,500 m,100052862,4.47169,51.27512,Brasschaat 2,Brasschaat,2019-08-22
3,2024,11,2880,2880,12.0,94.0,0.20625,7.674652777777778,0.0,0.0,594.0,22103.0,2467,429,720,7.264722222222223,-0.55,17.75,86.3271319875,67.8,63.60000005,2.9400000100000003,79.1361111111111,11.740525270930556,3.0,4.832997531881069,0.0,0,-0.5000000000000004,0.8660254037844384,808.0,991.0,730.0,546.3333333333334,307.5109754138866,27869.0,23005.0,23705.666666666668,23030.0,3860.980359097069,0.2805555555555555,0.332997311827957,0.2483124253285543,0.1864153972520907,0.1046023674297627,9.676736111111111,7.730174731182796,8.06966472520908,7.872918533452808,1.4670880137978624,2347.0,2353.0,2453.0,2534.833333333333,178.42645543752758,386.0,342.0,363.0,372.5,22.068076490715317,15.717361111111112,19.63447580645161,17.90162037037037,15.836902628434885,1.997190762745967,110.7,74.2,92.43333333333334,105.75,18.250022831035945,13.626108422333331,11.862044123897851,12.555948702820784,13.044900562542187,0.9402960493210688,59.230555555555554,60.206989247311824,61.72918160095579,66.11008064516129,3.516189860796732,0.0,0.0,0.0,0.1666666666666666,0.0,0.0,0.0,0.0,1.0,-214.0,-5766.0,-8.452638888888888,-42.900000000000006,0.0268741799755689,0.0289927876852416,22697.0,28677.0,0.0,0.6666666666666666,367.0,18443.516666666663,0.0,0.0,0.12415017257628697,0,500m,500 m,100052863,4.47222,51.27503,Brasschaat 1,Brasschaat,2019-08-22
4,2024,11,2880,2880,6.0,18.0,0.0329861111111111,1.4232638888888889,0.0,0.0,95.0,4099.0,2806,1323,720,7.055277777777778,-3.0,17.6,86.58390885555556,63.6,55.80000005,5.46,78.76388888888889,11.671372225902775,3.0,2.410701561860149,1.0,1,-0.5000000000000004,0.8660254037844384,133.0,199.0,166.0,138.0,32.99999999999998,6689.0,8191.0,7303.333333333333,6604.666666666667,787.4225887878341,0.0461805555555555,0.0668682795698924,0.0562761350059736,0.0470150089605734,0.0103527973952599,2.3225694444444445,2.7523521505376345,2.479050925925926,2.2532127389486263,0.2375151214195764,2777.0,2804.0,2807.0,2809.5,31.606961258557124,1050.0,891.0,967.0,1043.0,79.73079706111062,15.808541666666668,19.79422043010753,18.04491711469534,15.966820489844684,2.0369924516587057,91.4,118.6,101.76666666666668,115.31666666666666,14.707934366638042,13.11017942125,11.27232963642473,12.08420850477598,12.435557997167264,0.9374430711769212,59.13333333333333,58.53629032258065,60.94543010752688,65.91193249701315,3.66786636279676,0.0,0.0,0.0,0.1666666666666666,0.0,0.0,0.0,0.0,1.0,-38.0,-2590.0,-8.75326388888889,-27.800000000000004,0.0231763844840204,0.0198833906413514,4194.0,6822.0,0.0,0.2666666666666666,82.35,4239.216666666666,0.0,0.0,0.08759486472420502,0,500m,500 m,100052864,5.19011,51.16023,Balen 1,Balen,2019-08-22
5,2024,11,2880,2880,4.0,19.0,0.0524305555555555,1.3479166666666669,0.0,0.0,151.0,3882.0,2756,1317,720,7.055277777777778,-3.0,17.6,86.58390885555556,63.6,55.80000005,5.46,78.76388888888889,11.671372225902775,3.0,2.4029611675645266,1.0,1,-0.5000000000000004,0.8660254037844384,264.0,278.0,251.66666666666663,205.33333333333331,34.210134950528094,6997.0,8618.0,7735.0,6960.0,820.1701043076367,0.0916666666666666,0.0934139784946236,0.0855510752688171,0.0700399492234169,0.0121372158509976,2.4295138888888888,2.895833333333333,2.625250149342891,2.3743335573476703,0.242002071352491,2697.0,2756.0,2751.6666666666665,2764.333333333333,52.63395608666844,974.0,815.0,895.3333333333334,968.5,79.51310164578665,15.808541666666668,19.79422043010753,18.04491711469534,15.966820489844684,2.0369924516587057,91.4,118.6,101.76666666666668,115.31666666666666,14.707934366638042,13.11017942125,11.27232963642473,12.08420850477598,12.435557997167264,0.9374430711769212,59.13333333333333,58.53629032258065,60.94543010752688,65.91193249701315,3.66786636279676,0.0,0.0,0.0,0.1666666666666666,0.0,0.0,0.0,0.0,1.0,-113.0,-3115.0,-8.75326388888889,-27.800000000000004,0.0388974755280783,0.0377304559096755,4033.0,7261.0,0.0,0.2666666666666666,126.51666666666668,4721.533333333334,0.0,0.0,0.09188867681690943,0,500m,500 m,100052865,5.19003,51.16018,Balen 2,Balen,2019-08-22
6,2024,11,2880,2880,64.0,3.0,3.892361111111111,0.021875,0.0,0.0,11210.0,63.0,747,2823,720,7.546319444444445,-0.6,17.8,86.58163332777778,74.4,65.20000005,6.4399998,80.29861111111111,11.845178487777778,3.0,3.8305201114429512,2.0,1,-0.5000000000000004,0.8660254037844384,13568.0,11587.0,12024.333333333334,11940.833333333334,1378.0676084043578,88.0,77.0,79.0,95.66666666666669,8.185352771872498,4.711111111111111,3.893481182795699,4.091091696535245,4.081931376941458,0.5485905891906792,0.0305555555555555,0.0258736559139784,0.0268742532855435,0.0326892921146953,0.0032969197939694,656.0,650.0,655.0,675.5,4.582575694918572,2793.0,2903.0,2869.6666666666665,2842.0,66.58328118479295,15.848194444444443,19.658736559139783,17.887301373954596,15.72874365292712,1.9193212143878675,89.7,69.4,85.53333333333332,94.65,14.505975780116763,13.841871408472224,12.15869799016129,12.73518087620221,13.174420207638144,0.9587013612783688,60.55138888888889,60.29435483870968,62.19320489844685,66.59929062126643,3.068998824768862,1.0,0.0,1.3333333333333333,1.1666666666666667,1.5275252316519463,1.0,0.0,4.0,7.0,-2358.0,-25.0,-8.301874999999999,-15.299999999999995,177.93650793650792,154.1818181818182,11273.0,13656.0,0.073227885178676,0.7333333333333333,9148.183333333332,58.5,2.0,1.0,0.8377031722539003,1,500m,500 m,100052866,3.70298,51.10894,Evergem 2,Evergem,2019-08-22
7,2024,11,2880,2880,4.0,55.0,0.0190972222222222,3.5027777777777778,0.0,0.0,55.0,10088.0,2832,787,720,7.546319444444445,-0.6,17.8,86.58163332777778,74.4,65.20000005,6.4399998,80.29861111111111,11.845178487777778,3.0,3.831632836103283,2.0,1,-0.5000000000000004,0.8660254037844384,93.0,113.0,99.66666666666669,97.5,11.54700538378917,12438.0,10514.0,11005.666666666666,11003.0,1260.5888835513829,0.0322916666666666,0.0379704301075268,0.0338373655913978,0.0332343936678613,0.0036170338790215,4.31875,3.532930107526881,3.7445788530465935,3.7612473864994014,0.5029364716418481,2796.0,2876.0,2854.0,2838.0,50.71488933242974,709.0,726.0,679.6666666666666,715.5,66.07823645750034,15.848194444444443,19.658736559139783,17.887301373954596,15.72874365292712,1.9193212143878675,89.7,69.4,85.53333333333332,94.65,14.505975780116763,13.841871408472224,12.15869799016129,12.73518087620221,13.174420207638144,0.9587013612783688,60.55138888888889,60.29435483870968,62.19320489844685,66.59929062126643,3.068998824768862,1.0,0.0,1.3333333333333333,1.1666666666666667,1.5275252316519463,1.0,0.0,4.0,7.0,-38.0,-2350.0,-8.301874999999999,-15.299999999999995,0.0054520222045995,0.0074770863482875,10143.0,12531.0,0.0798020908147793,0.7333333333333333,87.05,8396.5,2.0,1.0,0.7976361789251024,1,500m,500 m,100052867,3.70317,51.1089,Evergem 1,Evergem,2019-08-22
8,2024,11,2880,2880,10.0,90.0,0.1756944444444444,3.292013888888889,0.0,0.0,506.0,9481.0,2531,911,720,7.367638888888889,-1.0,17.9,86.3704973763889,64.5,60.59999998,2.73000003,78.43888888888888,11.708407089166666,3.0,0.9039770611011564,0.0,0,-0.5000000000000004,0.8660254037844384,685.0,405.0,471.6666666666667,499.5,189.0326250501041,13292.0,10647.0,11249.333333333334,11304.666666666666,1817.9456354174456,0.2378472222222222,0.1360887096774193,0.1610476403823177,0.1711096176821983,0.0678549080863627,4.615277777777778,3.5776209677419355,3.8296445639187575,3.865847147550776,0.6947930137210976,2445.0,2636.0,2588.0,2568.0,126.0515767453946,745.0,673.0,729.6666666666666,757.5,50.767443635989856,15.815069444444443,19.713844086021503,18.006770459976106,15.957977523894863,1.9940558433583333,106.0,94.5,97.7,111.98333333333332,7.250517222929766,13.392365019444444,11.588454665564516,12.292406662879328,12.795035013626046,0.964955397225089,57.86944444444445,58.93817204301075,60.462753882915166,65.48617831541219,3.606011107217239,0.0,0.0,0.0,0.3333333333333333,0.0,0.0,0.0,0.0,2.0,-179.0,-3811.0,-8.447430555555554,-41.5,0.053369897690117,0.0515347577490219,9987.0,13977.0,0.0,0.2166666666666666,475.03333333333336,8438.983333333334,0.0,0.0,0.13073092257667418,0,500m,500 m,100052868,4.68823,51.06759,Heist op den Berg 1,Heist-op-den-Berg,2019-08-22
9,2024,11,2880,2880,127.0,4.0,3.681944444444445,0.1788194444444444,0.0,0.0,10604.0,515.0,800,2464,720,7.367638888888889,-1.0,17.9,86.3704973763889,64.5,60.59999998,2.73000003,78.43888888888888,11.708407089166666,3.0,1.2895209328958137,0.0,0,-0.5000000000000004,0.8660254037844384,15200.0,11707.0,12459.0,12588.166666666666,2453.029351638493,721.0,659.0,666.0,682.1666666666666,51.85556864995879,5.277777777777778,3.93380376344086,4.243242234169654,4.30590464456392,0.919723252737937,0.2503472222222222,0.2214381720430107,0.2264822281959378,0.2332082586618876,0.0217854096218713,629.0,571.0,607.0,631.3333333333334,31.43246729100333,2340.0,2467.0,2428.0,2406.1666666666665,76.37407937252159,15.815069444444443,19.713844086021503,18.006770459976106,15.957977523894863,1.9940558433583333,106.0,94.5,97.7,111.98333333333332,7.250517222929766,13.392365019444444,11.588454665564516,12.292406662879328,12.795035013626046,0.964955397225089,57.86944444444445,58.93817204301075,60.462753882915166,65.48617831541219,3.606011107217239,0.0,0.0,0.0,0.1666666666666666,0.0,0.0,0.0,0.0,1.0,-4596.0,-206.0,-8.447430555555554,-41.5,20.59029126213592,21.081830790568656,11119.0,15921.0,0.0,0.2833333333333333,9970.55,806.3166666666667,0.0,0.0,0.10835577775037505,0,500m,500 m,100052869,4.69524,51.06904,Heist op den Berg 2,Heist-op-den-Berg,2019-08-22
10,2024,11,2880,2880,29.0,34.0,1.4541666666666666,1.4527777777777775,0.0,0.0,4188.0,4184.0,1421,1447,720,7.483958333333333,-0.3,17.55,86.70282787916668,60.4,57.800000044,1.81999996,79.36944444444444,12.41626979826389,3.0,0.4729625122684606,0.0,0,-0.5000000000000004,0.8660254037844384,6665.0,6785.0,6281.666666666667,5969.166666666667,770.2164198024725,6294.0,6264.0,5811.666666666667,5438.333333333333,809.5840495793674,2.314236111111111,2.2799059139784945,2.1356593488649938,2.039924955197133,0.2800996539170367,2.185416666666667,2.1048387096774195,1.9763440860215056,1.8578778375149343,0.2951049217699911,1140.0,1050.0,1144.3333333333333,1195.6666666666667,96.57294307068322,1158.0,1055.0,1141.0,1229.0,78.88599368709187,15.617638888888887,19.641397849462365,17.85128733572282,15.707077732974913,2.048219584607372,86.2,67.7,71.76666666666665,83.96666666666667,12.890435730933731,13.85641501902778,11.90382763252688,12.5492402336589,13.034426424309066,1.1320760870388142,60.38055555555555,60.16532258064516,62.53769414575866,66.92373058542414,3.924146785443863,0.0,0.0,0.3333333333333333,0.1666666666666666,0.5773502691896258,0.0,0.0,1.0,1.0,-2477.0,-2110.0,-8.133680555555554,-25.800000000000004,1.0009560229445509,1.0589450270098506,8372.0,12959.0,0.0,0.2833333333333333,4469.433333333333,4112.133333333333,1.0,1.0,0.5231819692271722,1,500m,500 m,100052870,4.01571,50.93549,Aalst 2,Aalst,2019-08-22
11,2024,11,2880,2880,55.0,45.0,2.178125,2.1552083333333334,0.0,0.0,6273.0,6207.0,1311,1292,720,7.483958333333333,-0.3,17.55,86.70282787916668,60.4,57.800000044,1.81999996,79.36944444444444,12.41626979826389,3.0,0.2832341266390489,0.0,0,-0.5000000000000004,0.8660254037844384,10186.0,9599.0,9498.333333333334,8494.5,743.1314374545939,9446.0,8912.0,8549.333333333334,7954.0,1122.8220399214351,3.5368055555555555,3.225470430107527,3.229674432497013,2.9011779420549586,0.3050508488958346,3.279861111111111,2.9946236559139785,2.9080271804062128,2.7177848715651134,0.4218517861371069,1098.0,1006.0,1068.0,1132.6666666666667,53.702886328389376,1068.0,1041.0,1076.0,1119.5,39.610604640676826,15.617638888888887,19.641397849462365,17.85128733572282,15.707077732974913,2.048219584607372,86.2,67.7,71.76666666666665,83.96666666666667,12.890435730933731,13.85641501902778,11.90382763252688,12.5492402336589,13.034426424309066,1.1320760870388142,60.38055555555555,60.16532258064516,62.53769414575866,66.92373058542414,3.924146785443863,0.0,0.0,0.3333333333333333,0.1666666666666666,0.577350269189626,0.0,0.0,1.0,1.0,-3913.0,-3239.0,-8.133680555555554,-25.800000000000004,1.010633156114065,1.07834003811137,12480.0,19632.0,0.0,0.2833333333333333,5862.266666666666,5569.633333333333,1.0,1.0,0.6333705755361919,1,500m,500 m,100052871,4.01647,50.93385,Aalst 3,Aalst,2019-08-22
12,2024,11,429,429,33.0,33.0,3.9463869463869465,2.783216783216784,0.0,0.0,1693.0,1194.0,157,212,720,7.190555555555555,-1.85,17.3,86.77083496249999,62.7,60.60000002,1.47000004,77.9888888888889,11.739419490402778,3.0,3.152568756616142,1.0,1,-0.5000000000000004,0.8660254037844384,0.0,0.0,1010.0,2201.0,1749.371315644565,0.0,0.0,3244.333333333333,7590.5,5619.350170022625,,,1.1689814814814814,1.1559666819125054,,,,3.755015432098765,3.9790980072104007,,0.0,0.0,608.3333333333334,1213.8333333333333,1053.664241271067,0.0,0.0,439.0,819.6666666666666,760.3703045227371,15.462361111111113,19.524529569892472,18.307690412186385,13.904230884109916,2.4727086882945786,112.4,66.3,73.6,83.35000000000001,35.714002856022724,14.17153279013889,12.1950169565457,12.705060947459684,13.835869613071758,1.2894647675820448,60.00694444444444,58.486559139784944,52.70431600955794,61.69132317801672,11.357301210027597,3.0,0.0,2.333333333333333,1.5,2.0816659994661326,1.0,0.0,7.0,9.0,1693.0,1194.0,-8.271805555555558,-49.7,1.417922948073702,,2887.0,0.0,,0.5319148936170213,1976.7021276595744,8948.744680851063,0.0,0.0,0.16070922917282127,0,500m,500 m,100052872,4.47803,50.81896,Tervuren,Kraainem,2019-08-22
13,2024,11,2880,2880,74.0,60.0,5.545833333333333,4.013194444444444,0.0,0.0,15972.0,11558.0,804,903,720,7.623125,0.1,17.6,86.28868370138889,59.4,56.69999999,1.89000006,79.9125,12.033941203055557,3.0,3.162676892518597,1.0,1,-0.5000000000000004,0.8660254037844384,19446.0,18327.0,17863.666666666668,17722.5,1857.849383920381,13719.0,12753.0,12169.666666666666,11991.0,1909.0545653106265,6.752083333333333,6.158266129032258,6.075179211469535,6.054678166069295,0.722041898394711,4.763541666666667,4.285282258064516,4.14049059139785,4.096985140382318,0.7066610734548562,757.0,706.0,739.3333333333334,744.0,28.88482877451801,827.0,811.0,826.0,836.1666666666666,14.525839046329072,15.76986111111111,19.77956989247312,17.962377538829152,15.777550403225804,2.0310323109856103,85.9,72.5,79.93333333333337,88.93333333333334,6.819335255971295,13.384904637777776,11.787825755779568,12.281208180737757,12.675567061476256,0.9576156077195542,60.74027777777778,60.16935483870968,62.66028972520909,66.84305555555557,3.830643187430877,0.0,0.0,0.0,0.3333333333333333,0.0,0.0,0.0,0.0,2.0,-3474.0,-2161.0,-8.14673611111111,-26.500000000000007,1.381899982695968,1.4174502514760552,27530.0,33165.0,0.0,0.4,13392.483333333334,8621.35,0.0,0.0,0.28885219465305706,1,500m,500 m,100052873,3.70146,51.03018,Gent,Gent,2019-08-22
14,2024,11,2880,2880,10.0,8.0,0.5645833333333333,0.6295138888888889,0.0,0.0,1626.0,1813.0,1922,1873,720,6.869930555555556,-2.1,17.25,86.91726610138889,58.3,56.29999995,1.40000003,78.0625,11.871098653041669,3.0,3.5052959436658497,0.0,0,-0.5000000000000004,0.8660254037844384,2932.0,3651.0,3307.333333333333,3151.0,360.5444956358817,3845.0,4267.0,3920.3333333333335,3560.5,315.8121804701874,1.0180555555555555,1.2268145161290325,1.1222819593787337,1.074744250298686,0.1043798170248504,1.3350694444444444,1.4338037634408602,1.3316718936678615,1.2147830794504182,0.1038723273450142,1630.0,1481.0,1561.0,1606.5,75.10659092250486,1550.0,1437.0,1502.3333333333333,1527.8333333333333,58.5348898805872,15.677638888888888,19.81209677419355,17.98405615292712,15.899643817204302,2.108333147441759,94.4,77.3,80.80000000000003,108.16666666666669,12.231516668017658,12.952592314305557,11.10768701626344,11.907136672721029,12.28298363405466,0.9467354953864716,58.2625,57.50806451612903,60.38140681003585,65.85402479091995,4.339839462663879,0.0,0.0,0.6666666666666666,0.6666666666666666,1.154700538379252,0.0,0.0,2.0,4.0,-1306.0,-2032.0,-8.80770833333333,-36.10000000000001,0.8968560397131826,0.7625487646293888,3439.0,6777.0,0.0,0.5,2350.25,2518.6,2.0,1.0,0.4613493823588704,1,500m,500 m,100052874,5.48927,50.97172,Genk,Genk,2019-08-22
15,2024,11,2880,2880,43.0,3.0,5.833680555555556,0.0829861111111111,0.0,0.0,16801.0,239.0,526,2657,720,8.645416666666666,1.25,18.35,82.01691594027777,73.6,70.09999995,2.4499999,82.3013888888889,16.65692412083333,3.0,0.9657336171487648,0.0,0,-0.5000000000000004,0.8660254037844384,22728.0,27836.0,24987.33333333333,22816.666666666668,2604.496368462319,419.0,410.0,405.6666666666667,374.3333333333333,15.947831618540675,7.891666666666667,9.353494623655914,8.481137992831542,7.785088112305854,0.770878275509879,0.1454861111111111,0.137768817204301,0.1378770908004778,0.1278953853046594,0.0075554653904875,469.0,266.0,356.6666666666667,406.1666666666667,103.21983013613811,2530.0,2629.0,2600.6666666666665,2609.5,61.59816014568321,16.24298611111111,19.36774193548387,17.79822207287933,15.517083706690562,1.5624268824029437,123.9,65.6,91.2,89.21666666666665,29.79144172409258,17.662250814583334,15.822406738306452,16.35113546767473,16.856703934518368,1.1425205340529188,65.58055555555555,59.48790322580645,63.4229091995221,65.74055406212665,3.413115660320532,2.0,3.0,2.0,1.6666666666666667,0.9999999999999992,1.0,1.0,6.0,10.0,-5927.0,-180.0,-7.597569444444446,-50.30000000000001,70.2970711297071,54.24343675417661,17040.0,23147.0,0.0864042856525683,1.1166666666666667,17751.066666666666,256.4,2.0,1.0,0.8591521554923546,1,500m,500 m,100052878,2.92743,51.21371,Oostende 2,Oostende,2019-08-22
16,2024,11,2880,2880,8.0,103.0,0.3201388888888888,7.7243055555555555,0.0,0.0,922.0,22246.0,2222,435,720,7.654236111111111,-1.0,17.85,85.91973479027777,60.5,57.9,1.81999996,80.30277777777778,11.686071781166667,3.0,5.761399155665335,1.0,1,-0.5000000000000004,0.8660254037844384,921.0,908.0,921.0,931.5,13.00000000000021,26355.0,23169.0,23925.33333333333,24329.666666666668,2153.5278807884733,0.3197916666666666,0.3051075268817204,0.3129144265232974,0.3181638291517323,0.0073860808547535,9.151041666666666,7.785282258064516,8.137824820788529,8.313483796296296,0.8908942540291954,2214.0,2300.0,2268.0,2248.833333333333,47.03190406521927,405.0,417.0,401.6666666666667,407.0,17.243356208503947,15.631319444444443,19.40262096774193,17.728674581839908,15.582731108124255,1.9209724160012065,102.8,63.4,81.16666666666664,83.58333333333333,19.982575743215246,13.141178959305554,11.479257189919354,11.88835086282407,12.40917985487515,1.1065314387924876,62.388888888888886,61.329301075268816,63.579002389486256,67.14002389486261,3.0257108344748618,2.0,2.0,1.6666666666666667,2.6666666666666665,0.5773502691896247,1.0,1.0,5.0,16.0,1.0,-4109.0,-7.977083333333333,-42.3,0.0414456531511282,0.0349459305634604,23168.0,27276.0,0.0733245343892066,1.2666666666666666,659.9666666666667,20065.8,2.0,1.0,0.9462645005269059,1,500m,500 m,100052879,3.27777,50.83332,Kortrijk 1,Kortrijk,2019-08-22
17,2024,11,2880,2880,96.0,4.0,7.444097222222222,0.2399305555555555,0.0,0.0,21439.0,691.0,320,2312,720,7.654236111111111,-1.0,17.85,85.91973479027777,60.5,57.9,1.81999996,80.30277777777778,11.686071781166667,3.0,5.75484799896816,1.0,1,-0.5000000000000004,0.8660254037844384,24825.0,22101.0,22630.0,23231.33333333333,1984.1146640252343,992.0,1030.0,1017.0,994.1666666666666,21.656407827706296,8.619791666666666,7.426411290322581,7.696852598566308,7.938095504778974,0.8217993524116592,0.3444444444444444,0.3461021505376344,0.3454375746714456,0.33951986260454,0.0008763323278721,297.0,262.0,266.3333333333333,266.8333333333333,28.74601421646453,2126.0,2183.0,2154.0,2158.5,28.51315485876598,15.631319444444443,19.40262096774193,17.728674581839908,15.582731108124255,1.9209724160012065,102.8,63.4,81.16666666666664,83.58333333333333,19.982575743215246,13.141178959305554,11.479257189919354,11.88835086282407,12.40917985487515,1.1065314387924876,62.388888888888886,61.329301075268816,63.579002389486256,67.14002389486261,3.0257108344748618,2.0,2.0,1.6666666666666667,2.6666666666666665,0.5773502691896247,1.0,1.0,5.0,16.0,-3386.0,-301.0,-7.977083333333333,-42.3,31.0260492040521,25.025201612903224,22130.0,25817.0,0.077468334818143,1.2666666666666666,19446.45,751.55,2.0,1.0,0.9145066150796881,1,500m,500 m,100052880,3.27773,50.83339,Kortrijk 2,Kortrijk,2019-08-22
18,2024,11,2880,2880,79.0,3.0,6.343055555555556,0.1354166666666666,0.0,0.0,18268.0,390.0,723,2530,720,8.645416666666666,1.25,18.35,82.01691594027777,73.6,70.09999995,2.4499999,82.3013888888889,16.65692412083333,3.0,0.9819097134159172,0.0,0,-0.5000000000000004,0.8660254037844384,24771.0,29928.0,26798.33333333333,24604.666666666668,2749.5483871598785,440.0,775.0,619.3333333333334,565.8333333333334,168.74932098628824,8.601041666666667,10.056451612903226,9.097300627240145,8.395262096774195,0.8308166452772374,0.1527777777777778,0.2604166666666667,0.2097520908004778,0.1928838112305854,0.0540961383792489,602.0,535.0,572.3333333333334,598.6666666666666,34.15162270424851,2521.0,2396.0,2467.6666666666665,2480.1666666666665,64.48514040717596,16.24298611111111,19.36774193548387,17.79822207287933,15.517083706690562,1.5624268824029437,123.9,65.6,91.2,89.21666666666665,29.79144172409258,17.662250814583334,15.822406738306452,16.35113546767473,16.856703934518368,1.1425205340529188,65.58055555555555,59.48790322580645,63.4229091995221,65.74055406212665,3.413115660320532,2.0,3.0,2.0,1.6666666666666667,0.9999999999999992,1.0,1.0,6.0,10.0,-6503.0,-50.0,-7.597569444444446,-50.30000000000001,46.84102564102564,56.29772727272727,18658.0,25211.0,0.0793304509936139,1.1166666666666667,19166.18333333333,429.31666666666666,2.0,1.0,0.8400223423622916,1,500m,500 m,100052881,2.92765,51.21378,Oostende 1,Oostende,2019-08-22
19,2024,11,2880,2880,42.0,70.0,2.8114583333333334,2.8965277777777776,0.0,0.0,8097.0,8342.0,1061,1117,720,7.483958333333333,-0.3,17.55,86.70282787916668,60.4,57.800000044,1.81999996,79.36944444444444,12.41626979826389,3.0,0.388147485939915,0.0,0,-0.5000000000000004,0.8660254037844384,12037.0,12437.0,11535.333333333334,10717.833333333334,1231.66892196457,12409.0,12477.0,11952.333333333334,10938.833333333334,850.5394366714149,4.179513888888889,4.179099462365591,3.921061081242533,3.661346326164874,0.4472945383018469,4.308680555555555,4.192540322580645,4.062570937873357,3.7357638888888887,0.3308303197374353,860.0,788.0,853.3333333333334,900.1666666666666,62.26823695379053,912.0,815.0,872.3333333333334,942.0,50.85600587279104,15.617638888888887,19.641397849462365,17.85128733572282,15.707077732974913,2.048219584607372,86.2,67.7,71.76666666666665,83.96666666666667,12.890435730933731,13.85641501902778,11.90382763252688,12.5492402336589,13.034426424309066,1.1320760870388142,60.38055555555555,60.16532258064516,62.53769414575866,66.92373058542414,3.924146785443863,0.0,0.0,0.3333333333333333,0.1666666666666666,0.5773502691896257,0.0,0.0,1.0,1.0,-3940.0,-4067.0,-8.133680555555554,-25.800000000000004,0.9706305442339966,0.9700217584011604,16439.0,24446.0,0.0,0.2166666666666666,8001.55,7859.5,1.0,1.0,0.6644081147381935,1,500m,500 m,100052883,4.01471,50.93433,Aalst 1,Aalst,2019-08-22
20,2024,11,2880,2880,102.0,58.0,3.8447916666666666,3.341666666666667,0.0,0.0,11073.0,9624.0,962,865,720,7.863472222222222,0.1,18.1,85.3406098236111,69.3,64.599999899,3.29,80.66527777777777,12.962929546486112,3.0,4.1494720440161785,0.0,0,-0.5000000000000004,0.8660254037844384,14055.0,12930.0,12816.0,12462.333333333334,1299.7549769091097,11693.0,11259.0,10807.666666666666,10490.833333333334,1177.750964055357,4.880208333333333,4.344758064516129,4.358926971326164,4.703005941552326,0.5143432990291144,4.060069444444444,3.783266129032258,3.675265083632018,3.971482244554077,0.4486623397947655,834.0,702.0,773.6666666666666,733.3333333333334,66.72580710140036,757.0,638.0,699.0,665.0,59.55669567731324,15.813194444444443,19.5067876344086,17.753591696535246,15.538623431899644,1.85389884089476,101.8,39.5,81.26666666666665,87.96666666666665,36.17268767085648,14.955536604833332,13.535641266129032,13.913001440759857,14.401060411712812,0.9142587260472526,63.02222222222223,60.795698924731184,63.435722819593785,66.86832437275986,2.869209014183894,0.0,0.0,0.0,0.0,0.0,0.0,0.0,0.0,0.0,-2982.0,-2069.0,-7.949722222222221,-32.5,1.1505610972568578,1.2020011972975284,20697.0,25748.0,0.0,0.2,9094.516666666666,8008.116666666667,0.0,0.0,0.2153334909340984,0,500m,500 m,100052884,3.20048,51.17416,Brugge,Brugge,2019-08-22
21,2024,11,2880,2880,24.0,26.0,1.2194444444444446,1.3232638888888888,0.0,0.0,3512.0,3811.0,1525,1393,720,7.047430555555555,-2.0,17.15,86.07984586527778,57.1,53.89999994,2.24000004,78.11111111111111,11.975990266875,3.0,3.305220471194029,0.0,0,-0.5000000000000004,0.8660254037844384,6232.0,6442.0,6148.666666666667,5969.666666666667,342.6854728950861,6531.0,6596.0,6320.666666666667,6167.5,421.8534500668725,2.1638888888888888,2.1646505376344085,2.089351851851852,2.039133437873357,0.1297621011769363,2.267708333333333,2.216397849462365,2.1482638888888888,2.1070097819593787,0.1644610438996636,1198.0,1052.0,1119.3333333333333,1150.3333333333333,73.65686209263417,1146.0,1022.0,1073.6666666666667,1123.3333333333333,64.53164598345052,15.727847222222222,19.88810483870968,18.043915023894865,15.959781212664277,2.1198909134071573,86.9,72.1,76.56666666666665,99.7,8.976264999058932,12.291908212916663,10.51546804858871,11.25642304281362,11.643249911294056,0.9241190035576752,58.85138888888889,58.098118279569896,60.87653823178017,66.30005973715652,4.177027966431059,1.0,0.0,0.3333333333333333,0.1666666666666666,0.5773502691896253,1.0,0.0,1.0,1.0,-2720.0,-2720.0,-8.680416666666666,-29.800000000000004,0.9215429021254264,0.9542183432858674,7323.0,12763.0,0.0783514847606362,0.2333333333333333,3541.55,3950.983333333333,0.0,0.0,0.23164170899663042,1,500m,500 m,100052875,5.50161,50.86015,Bilzen,Bilzen,2019-08-31
22,2024,11,2880,2880,29.0,21.0,1.8371527777777776,2.3604166666666666,0.0,0.0,5291.0,6798.0,1130,1040,720,7.079375,-2.25,17.25,86.31452384861112,57.9,49.30000009,6.01999981,76.275,13.076448464333334,3.0,3.1972238779336424,1.0,1,-0.5000000000000004,0.8660254037844384,7494.0,8918.0,8262.0,7554.833333333333,718.5763703323402,8848.0,10352.0,9440.0,8674.833333333334,801.4387063275747,2.6020833333333333,2.9966397849462365,2.8041890681003583,2.578070863201912,0.1974553440797093,3.0722222222222224,3.478494623655914,3.2050776583034644,2.961531137992832,0.2368173846552862,975.0,868.0,890.0,957.6666666666666,76.413349619029,922.0,785.0,862.3333333333334,923.6666666666666,70.18784320189152,15.553611111111111,19.65094086021505,17.83523148148148,15.739642697132616,2.0880212061468297,79.0,68.9,79.7,91.78333333333336,11.166467659918132,13.986240354305556,11.882665287231182,12.68244239187873,13.082416858570042,1.138764586958877,58.91944444444445,57.61559139784946,60.54214456391876,65.56967592592592,3.993342870803785,0.0,1.0,0.3333333333333333,0.6666666666666666,0.5773502691896257,0.0,1.0,1.0,4.0,-2203.0,-2050.0,-8.47423611111111,-21.1,0.7783171521035599,0.8469710669077758,12089.0,16342.0,0.0,0.5333333333333333,5409.383333333333,6083.6,1.0,1.0,0.7220932318603677,1,500m,500 m,100052876,4.935984252796022,50.81330800184882,Tienen 2,Tienen,2019-08-31
23,2024,11,2880,2880,36.0,38.0,3.667361111111111,3.4604166666666667,0.0,0.0,10562.0,9966.0,849,841,720,7.079375,-2.25,17.25,86.31452384861112,57.9,49.30000009,6.01999981,76.275,13.076448464333334,3.0,3.258998673247267,2.0,1,-0.5000000000000004,0.8660254037844384,12729.0,12902.0,12378.333333333334,11875.333333333334,762.1196319038944,13187.0,13236.0,12835.666666666666,12393.833333333334,651.4233134708404,4.419791666666667,4.335349462365591,4.206910842293907,4.056070788530466,0.2985914329543009,4.578819444444444,4.44758064516129,4.362294653524492,4.233695489844683,0.2694869513723328,761.0,721.0,753.3333333333334,763.6666666666666,29.26317367158441,710.0,648.0,694.6666666666666,714.3333333333334,41.19870548128184,15.553611111111111,19.65094086021505,17.83523148148148,15.739642697132616,2.0880212061468297,79.0,68.9,79.7,91.78333333333336,11.166467659918132,13.986240354305556,11.882665287231182,12.68244239187873,13.082416858570042,1.138764586958877,58.91944444444445,57.61559139784946,60.54214456391876,65.56967592592592,3.993342870803785,1.0,0.0,0.3333333333333333,1.0,0.5773502691896258,1.0,0.0,1.0,6.0,-2167.0,-3221.0,-8.47423611111111,-21.1,1.05980333132651,0.9652688253583074,20528.0,25916.0,0.038586201574317,0.7,8796.85,9149.9,1.0,1.0,0.7227419657884684,1,500m,500 m,100052877,4.93447,50.81324,Tienen 3,Tienen,2019-08-31
24,2024,11,2880,2880,14.0,40.0,1.2961805555555554,2.5614583333333334,0.0,0.0,3733.0,7377.0,1330,965,720,7.079375,-2.25,17.25,86.31452384861112,57.9,49.30000009,6.01999981,76.275,13.076448464333334,3.0,3.2450463506118634,2.0,1,-0.5000000000000004,0.8660254037844384,4667.0,4598.0,4473.0,4200.5,278.4079740237325,9825.0,9520.0,9294.0,8844.666666666666,673.0846900650814,1.620486111111111,1.54502688172043,1.5204487753882916,1.4346774193548386,0.1143253258205462,3.411458333333333,3.1989247311827955,3.159666218637992,3.0209770758661887,0.2735424715166397,1199.0,1220.0,1223.0,1256.3333333333333,25.632011235952252,806.0,757.0,792.3333333333334,832.3333333333334,30.85989846602906,15.553611111111111,19.65094086021505,17.83523148148148,15.739642697132616,2.0880212061468297,79.0,68.9,79.7,91.78333333333336,11.166467659918132,13.986240354305556,11.882665287231182,12.68244239187873,13.082416858570042,1.138764586958877,58.91944444444445,57.61559139784946,60.54214456391876,65.56967592592592,3.993342870803785,1.0,0.0,0.3333333333333333,1.0,0.5773502691896255,1.0,0.0,1.0,6.0,-934.0,-2448.0,-8.47423611111111,-21.1,0.5060322624373051,0.4750127226463104,11110.0,14492.0,0.0690035881865857,0.65,3261.083333333333,6833.483333333334,1.0,1.0,0.7484009950301178,1,500m,500 m,100052882,4.935044252605416,50.8133795491886,Tienen 1,Tienen,2019-08-31
25,2024,11,2880,2880,207.0,105.0,2.6305555555555555,2.278125,0.0,0.0,7576.0,6561.0,1471,1483,720,6.853472222222222,-1.75,17.35,86.70492340138888,65.5,57.699999924,5.4599999,75.82222222222222,12.453347170055556,3.0,4.06765995385609,2.0,1,-0.5000000000000004,0.8660254037844384,12402.0,8364.0,9252.333333333334,9327.333333333334,2812.753514500222,11320.0,8619.0,9087.666666666666,8847.666666666666,2038.8085573033463,4.30625,2.810483870967742,3.1552867383512555,3.190533527479092,1.0231080168542537,3.9305555555555554,2.896169354838709,3.0959154719235364,3.024731182795699,0.7548552607135203,1218.0,1124.0,1169.3333333333333,1201.3333333333333,47.08856903042796,1122.0,1032.0,1095.6666666666667,1144.0,55.41058863911649,15.859583333333331,19.96364247311828,18.115134408602152,16.0285394265233,2.082087501803178,103.6,76.5,91.46666666666664,106.78333333333336,13.770378837683886,12.591074551527775,10.944012809408605,11.72052027524044,11.98686491040472,0.8275486073371928,56.75972222222222,58.733870967741936,60.02026583034649,65.6753733572282,4.059593934102675,3.0,1.0,1.3333333333333333,1.5,1.5275252316519463,1.0,1.0,4.0,9.0,-4826.0,-4759.0,-9.00611111111111,-38.1,1.1547020271300106,1.095583038869258,14137.0,23722.0,0.1264648849169547,0.9230769230769232,9193.923076923076,7917.461538461538,0.0,0.0,0.3444550140962472,1,500m,500 m,100056189,5.597669323604317,51.13679500160176,Bree,Bree,2020-05-09
26,2024,11,2880,2880,29.0,35.0,2.509375,2.865972222222222,0.0,0.0,7227.0,8254.0,1142,1055,720,7.311111111111111,-0.65,17.4,86.57227971666667,68.1,64.19999994,2.73000002,78.95,11.66492749236111,3.0,2.81006060449101,2.0,1,-0.5000000000000004,0.8660254037844384,11989.0,10607.0,10798.333333333334,10458.166666666666,1107.466177060663,14070.0,12830.0,13016.0,12565.0,974.4064860211072,4.162847222222222,3.564180107526881,3.6732340203106326,3.5743951612903224,0.4452186069343062,4.885416666666667,4.311155913978495,4.426187275985662,4.292986484468339,0.4138817043875203,923.0,951.0,945.0,958.5,19.69771560358899,890.0,867.0,873.3333333333334,903.3333333333334,14.571661996260012,15.566180555555556,19.57741935483871,17.803556600955798,15.694812574671444,2.045395464153207,95.5,70.8,91.66666666666669,96.56666666666666,19.238589691901414,13.855515536486111,11.921704667607528,12.618416261969385,13.082037505655393,1.0742068016892987,59.24444444444445,58.47715053763441,61.35746714456392,66.06978046594982,4.341343462725177,1.0,0.0,0.3333333333333333,0.3333333333333333,0.5773502691896255,1.0,0.0,1.0,2.0,-4762.0,-5816.0,-8.255069444444445,-27.40000000000001,0.8755754785558517,0.8520966595593461,15481.0,26059.0,0.0383744579607813,0.4324324324324324,7393.837837837837,8600.567567567568,0.0,0.0,0.35773230067971534,1,500m,500 m,300019223,4.45444,50.86995,Zaventem,Zaventem,2021-08-06
27,2024,11,2880,2880,71.0,70.0,1.8138888888888889,1.6291666666666669,0.0,0.0,5224.0,4692.0,1554,1581,720,7.415833333333333,-1.2,17.55,86.25566173611111,60.3,55.599999835,3.29000002,79.35555555555555,12.010337938527778,3.0,1.1343444954292492,0.0,0,-0.5000000000000004,0.8660254037844384,8071.0,5662.0,6452.333333333333,6522.333333333333,1401.9352101054235,6928.0,4997.0,5591.0,5585.833333333333,1160.2702271453809,2.8024305555555555,1.90255376344086,2.198256421744325,2.2305499551971324,0.5232690977385467,2.4055555555555554,1.6790994623655917,1.904562425328555,1.9105212066905612,0.4345943725333061,1293.0,1248.0,1280.6666666666667,1293.3333333333333,28.57154761879816,1337.0,1367.0,1377.3333333333333,1382.3333333333333,46.37168676394236,15.660277777777775,19.63521505376344,17.87990442054958,15.760951314217444,2.02773854442675,96.9,64.2,79.46666666666665,89.5,16.457318534115178,14.0156623875,12.125663198387096,12.738805641666668,13.238830654451911,1.1060794457328658,59.54583333333333,59.009408602150536,61.91491935483871,66.51761499402627,4.575802248874589,2.0,0.0,0.6666666666666666,0.5,1.1547005383792517,1.0,0.0,2.0,3.0,-2847.0,-2236.0,-8.244444444444444,-36.60000000000001,1.113384484228474,1.1649826789838338,9916.0,14999.0,0.1333422228148543,0.6216216216216216,4845.918918918919,4355.351351351352,0.0,0.0,0.33600752555787855,1,500m,500 m,300019372,4.34013,50.92127,Grimbergen,Meise,2021-08-14
28,2024,11,2880,2880,4.0,11.0,0.0180555555555555,0.2934027777777778,0.0,0.0,52.0,845.0,2834,2334,720,6.992777777777778,-1.95,17.0,86.41030173055555,56.4,52.300000104,2.87000001,75.4625,12.984014256597222,3.0,4.205651327803484,0.0,0,-0.5000000000000004,0.8660254037844384,115.0,195.0,145.0,120.66666666666669,43.588989435406745,2138.0,3277.0,2749.6666666666665,2928.0,574.1640299891092,0.0399305555555555,0.0655241935483871,0.0491524790919951,0.041080495818399,0.0142161249669627,0.7423611111111111,1.1011424731182795,0.9319295101553168,1.0003584229390683,0.1802547482439033,2798.0,2834.0,2837.0,2836.6666666666665,40.58324777540709,1966.0,1709.0,1841.0,1899.0,128.64291663360405,15.562013888888888,19.69831989247312,17.878086170848267,15.77872946535245,2.1122615243519745,105.5,76.8,85.90000000000002,101.5,16.988525539316292,13.0313883625,11.138713364516128,11.90839989282258,12.29479469710648,0.9945709418290588,58.78611111111111,57.69892473118279,60.60029868578256,66.03334826762246,4.119816010264497,0.0,1.0,0.3333333333333333,0.1666666666666666,0.5773502691896258,0.0,1.0,1.0,1.0,-63.0,-1293.0,-8.56923611111111,-49.1,0.0615384615384615,0.0537885874649204,897.0,2253.0,0.0,0.0689655172413793,77.65517241379311,1971.896551724138,1.0,1.0,0.3500861487722394,1,500m,500 m,300023447,5.30314,50.75488,Heers,Heers,2022-04-14
29,2024,11,2558,2558,13.0,13.0,0.4878811571540266,0.4816262705238467,0.0,0.0,1248.0,1232.0,1924,1895,720,6.932847222222222,-2.0,16.9,86.262320025,73.9,59.800000278,9.86999992,75.94444444444444,12.43064259948611,3.0,5.39815817018334,0.0,0,-0.5000000000000004,0.8660254037844384,2102.0,2734.0,2477.0,2281.6666666666665,332.1129325997405,2108.0,2838.0,2551.6666666666665,2325.833333333333,389.6027891755043,0.7298611111111111,0.9186827956989247,0.8401732377538829,0.778309811827957,0.0983461218069898,0.7319444444444444,0.9536290322580644,0.8652852449223416,0.7931638291517323,0.1174928189818906,1892.0,1754.0,1830.6666666666667,1907.1666666666667,70.2661606559895,1841.0,1691.0,1772.6666666666667,1851.6666666666667,75.88368291887991,15.57611111111111,19.819825268817205,17.93260603345281,15.810373730585424,2.1604263967721384,100.1,87.2,85.73333333333333,103.4,15.15332746736946,12.696153536944443,10.880012401747312,11.602580363569295,11.96678564838762,0.9632371494022572,59.92361111111112,58.28763440860215,61.23663381123058,66.46108870967741,3.7805726082197655,0.0,0.0,0.0,0.0,0.0,0.0,0.0,0.0,0.0,-854.0,-876.0,-8.643263888888889,-26.19999999999999,1.0129870129870129,0.9971537001897534,2480.0,4210.0,0.0,0.1379310344827586,1836.655172413793,1817.1379310344828,0.0,0.0,0.12003201255668881,0,500m,500 m,300023449,5.52825,50.79286,Tongeren,Tongeren,2022-04-14
30,2024,11,2880,2880,110.0,14.0,2.839930555555556,0.2326388888888889,0.0,0.0,8179.0,670.0,1180,2457,720,7.136666666666666,-1.75,17.45,86.38174903888888,57.4,52.699999924,3.28999997,77.65555555555555,11.663307042722222,3.0,2.749345792182304,0.0,0,-0.5000000000000004,0.8660254037844384,13955.0,12482.0,12912.333333333334,12192.833333333334,907.5496313333643,1234.0,1388.0,1282.3333333333333,1242.1666666666667,91.62059448253603,4.845486111111111,4.194220430107527,4.390923685782557,4.164932422341696,0.3948484017240897,0.4284722222222222,0.4663978494623655,0.4354988052568697,0.4238743279569892,0.0280536825061322,900.0,736.0,827.3333333333334,903.3333333333334,83.57830659527252,2206.0,2187.0,2216.333333333333,2238.1666666666665,35.641735835021684,15.78375,19.77668010752688,18.023839605734768,15.989940636200716,2.0405713606410174,70.3,85.6,87.10000000000002,99.78333333333332,17.59801125127491,12.342537636944444,10.401321196935484,11.2389250239546,11.643144759009855,0.997572464736568,58.275,57.581989247311824,60.25250896057347,65.49030764635603,4.040197258851298,0.0,0.0,0.0,0.0,0.0,0.0,0.0,0.0,0.0,-5776.0,-564.0,-8.647083333333335,-12.9,12.207462686567164,11.308752025931929,8849.0,15189.0,0.0,0.2068965517241379,10313.206896551725,905.4137931034484,0.0,0.0,0.09410797667334711,0,500m,500 m,300023450,5.17691,50.94374,Herk De Stad,Herk-de-Stad,2022-04-14
31,2024,11,2880,2880,7.0,164.0,0.1489583333333333,2.861111111111111,0.0,0.0,429.0,8240.0,2544,1193,720,7.136666666666666,-1.75,17.45,86.38174903888888,57.4,52.699999924,3.28999997,77.65555555555555,11.663307042722222,3.0,2.780952672985852,0.0,0,-0.5000000000000004,0.8660254037844384,618.0,640.0,638.0,647.1666666666666,19.078784028336653,14435.0,13486.0,13705.333333333334,12982.333333333334,648.4445491585014,0.2145833333333333,0.2150537634408602,0.2166890681003583,0.2210442801672639,0.0032483623742771,5.012152777777778,4.531586021505376,4.659180854241337,4.433376269414576,0.3095678061456089,2439.0,2484.0,2483.333333333333,2458.6666666666665,44.00378771575641,906.0,821.0,860.0,926.8333333333334,42.930175867330846,15.78375,19.77668010752688,18.023839605734768,15.989940636200716,2.0405713606410174,70.3,85.6,87.10000000000002,99.78333333333332,17.59801125127491,12.342537636944444,10.401321196935484,11.2389250239546,11.643144759009855,0.997572464736568,58.275,57.581989247311824,60.25250896057347,65.49030764635603,4.040197258851298,0.0,0.0,0.0,0.0,0.0,0.0,0.0,0.0,0.0,-189.0,-6195.0,-8.647083333333335,-12.9,0.0520631067961165,0.0428126082438517,8669.0,15053.0,0.0,0.2068965517241379,499.0,10678.51724137931,0.0,0.0,0.08772075239363253,0,500m,500 m,300023451,5.1775,50.94366,Herk De Stad,Herk-de-Stad,2022-04-14
32,2024,11,2880,2880,21.0,5.0,0.6253472222222223,0.0267361111111111,0.0,0.0,1801.0,77.0,1956,2811,720,7.0789583333333335,-2.5,17.55,86.64568317083332,64.1,60.69999978,2.38000002,79.05277777777778,11.668003104625,3.0,4.715403856521485,0.0,0,-0.5000000000000004,0.8660254037844384,3210.0,2996.0,2959.6666666666665,2819.333333333333,270.3374434541671,140.0,211.0,169.33333333333334,165.33333333333334,37.072002014098665,1.1145833333333333,1.006720430107527,1.0064964157706096,0.9631832437275986,0.1081990986552178,0.0486111111111111,0.0709005376344086,0.0574223416965352,0.0564049432497012,0.0118549592106042,1570.0,1557.0,1604.0,1660.1666666666667,70.4485627958367,2756.0,2795.0,2798.333333333333,2787.0,44.0945952848355,15.752222222222224,19.76787634408602,18.02264934289128,15.98008699223417,2.058700046323472,80.6,88.7,95.16666666666669,105.73333333333332,18.66020721571258,12.562843920555554,10.601683495537634,11.45226087973716,11.816034090668907,1.0061012669057914,58.59444444444444,57.6008064516129,60.133183990442056,65.53401284348865,3.5605231152144565,0.0,0.0,0.0,0.0,0.0,0.0,0.0,0.0,0.0,-1409.0,-63.0,-8.67326388888889,-16.5,23.38961038961039,22.928571428571427,1878.0,3350.0,0.0,0.0,2243.8275862068967,103.34482758620688,0.0,0.0,0.05507400532195346,0,500m,500 m,300023452,5.20961,50.97971,Lummen,Lummen,2022-04-14
33,2024,11,2880,2880,4.0,18.0,0.0173611111111111,0.6482638888888889,0.0,0.0,50.0,1867.0,2837,1973,720,7.0789583333333335,-2.5,17.55,86.64568317083332,64.1,60.69999978,2.38000002,79.05277777777778,11.668003104625,3.0,4.696407932716202,0.0,0,-0.5000000000000004,0.8660254037844384,118.0,101.0,93.66666666666669,73.0,28.71120571019855,3251.0,3271.0,3136.0,2887.5,216.7371680169328,0.0409722222222222,0.0339381720430107,0.0319145758661887,0.0249346624850656,0.01022080806663,1.1288194444444444,1.0991263440860215,1.0659012843488649,0.9860961768219833,0.0845757594827171,2824.0,2934.0,2896.333333333333,2882.833333333333,62.66046068561448,1593.0,1547.0,1594.0,1661.8333333333333,47.50789408088846,15.752222222222224,19.76787634408602,18.02264934289128,15.98008699223417,2.058700046323472,80.6,88.7,95.16666666666669,105.73333333333332,18.66020721571258,12.562843920555554,10.601683495537634,11.45226087973716,11.816034090668907,1.0061012669057914,58.59444444444444,57.6008064516129,60.133183990442056,65.53401284348865,3.5605231152144565,0.0,0.0,0.0,0.0,0.0,0.0,0.0,0.0,0.0,-68.0,-1384.0,-8.67326388888889,-16.5,0.0267809319764327,0.0362965241464164,1917.0,3369.0,0.0,0.0,52.3448275862069,2251.0,0.0,0.0,0.052174670906390684,0,500m,500 m,300023453,5.20936,50.97978,Lummen,Lummen,2022-04-14
34,2024,11,2880,2880,32.0,5.0,0.328125,0.0229166666666666,0.0,0.0,945.0,66.0,2327,2837,720,6.992777777777778,-1.95,17.0,86.41030173055555,56.4,52.300000104,2.87000001,75.4625,12.984014256597222,3.0,4.211248252154995,0.0,0,-0.5000000000000004,0.8660254037844384,2303.0,3128.0,2730.333333333333,2802.6666666666665,413.2993265580424,241.0,363.0,299.0,268.1666666666667,61.22091146005599,0.7996527777777778,1.0510752688172045,0.9260491338112308,0.9576183542413382,0.1257168460444583,0.0836805555555555,0.1169874644381223,0.0997074403563155,0.0907438038101768,0.0166887780670478,1861.0,1718.0,1804.3333333333333,1870.6666666666667,75.9758733634122,2724.0,2779.0,2771.333333333333,2776.333333333333,44.003787715757376,15.562013888888888,19.69831989247312,17.878086170848267,15.77872946535245,2.112261524351971,105.5,76.8,85.90000000000002,101.5,16.988525539316292,13.0313883625,11.138713364516128,11.90839989282258,12.29479469710648,0.9945709418290588,58.78611111111111,57.69892473118279,60.60029868578257,66.03334826762246,4.119816010264504,0.0,1.0,0.3333333333333333,0.1666666666666666,0.5773502691896258,0.0,1.0,1.0,1.0,-1358.0,-175.0,-8.56923611111111,-49.1,14.318181818181818,9.556016597510371,1011.0,2544.0,0.0,0.0689655172413793,1965.4827586206895,174.51724137931035,1.0,1.0,0.2948565793650803,1,500m,500 m,300023486,5.3033,50.75486,Heers teller 1,Heers,2022-04-15
35,2024,11,2880,2880,30.0,80.0,0.8246527777777778,2.399296875,0.0,0.0,2375.0,6801.0,1935,1241,720,7.011666666666666,-1.9,17.1,86.27982472361111,71.7,63.200000109,5.9499999,77.7611111111111,11.930443548180556,3.0,2.5012849969591664,0.0,0,-0.5000000000000004,0.8660254037844384,5383.0,6211.0,6057.666666666667,5868.666666666667,612.5661869001,11997.0,13236.0,12391.0,11204.5,732.3462295936237,1.8690972222222224,2.087029569892473,2.055604091995221,2.0044765531660693,0.1729488526121418,4.1693750000000005,4.44758064516129,4.046212425817158,3.7237556287718103,0.4750778991580552,1498.0,1368.0,1385.0,1444.6666666666667,105.5319856725911,1003.0,887.0,940.3333333333334,999.5,58.56051001599372,15.713333333333336,19.953897849462365,18.061590501792114,15.946151433691758,2.1567370106647155,107.2,75.5,84.83333333333333,103.15,19.458245895592302,12.355213956666669,10.613733534946237,11.318555739565411,11.67541537940024,0.9169377673505652,59.00138888888889,58.420698924731184,61.04660991636799,66.51297043010753,4.055725084818485,0.0,0.0,0.0,0.0,0.0,0.0,0.0,0.0,0.0,-3008.0,-5196.0,-8.701666666666672,-35.5,0.3492133509777974,0.4486955072101358,9176.0,17380.0,0.0,0.0689655172413793,3870.862068965517,8542.758620689656,0.0,0.0,0.058060077086454706,0,500m,500 m,300023487,5.6314,50.88112,Lanaken teller 1,Lanaken,2022-04-15
36,2024,11,2880,2880,57.0,10.0,1.5888888888888888,0.2357638888888888,0.0,0.0,4576.0,679.0,1381,2384,720,7.011666666666666,-1.9,17.1,86.27982472361111,71.7,63.200000109,5.9499999,77.7611111111111,11.930443548180556,3.0,2.480254732865345,0.0,0,-0.5000000000000004,0.8660254037844384,7780.0,8402.0,7522.666666666667,6610.666666666667,1032.3416747052838,945.0,893.0,850.0,820.1666666666666,122.30699080592218,2.701388888888889,2.823252688172043,2.5568249701314216,2.2532314068100354,0.3611070347312696,0.328125,0.3000672043010752,0.289146505376344,0.2824144545250895,0.0454340963644618,1091.0,1003.0,1189.3333333333333,1319.6666666666667,250.42430659449428,2217.0,2361.0,2349.333333333333,2348.6666666666665,126.90284998113066,15.713333333333336,19.953897849462365,18.061590501792114,15.946151433691758,2.1567370106647155,107.2,75.5,84.83333333333333,103.15,19.458245895592302,12.355213956666669,10.613733534946237,11.318555739565411,11.67541537940024,0.9169377673505652,59.00138888888889,58.420698924731184,61.04660991636799,66.51297043010753,4.055725084818485,0.0,0.0,0.0,0.0,0.0,0.0,0.0,0.0,0.0,-3204.0,-266.0,-8.701666666666672,-35.5,6.739322533136966,8.232804232804233,5255.0,8725.0,0.0,0.1034482758620689,5946.96551724138,774.8275862068965,0.0,0.0,0.04925347309919383,0,500m,500 m,300023488,5.63012,50.88131,Lanaken teller 2,Lanaken,2022-04-15
37,2024,11,2880,2880,4.0,23.0,0.078125,2.145833333333333,0.0,0.0,225.0,6180.0,2688,897,720,7.064722222222223,-1.25,17.6,86.3605554125,66.0,57.899999935,5.66999989,77.96388888888889,12.55730140284722,3.0,4.129717043669386,0.0,0,-0.5000000000000004,0.8660254037844384,266.0,367.0,340.3333333333333,317.6666666666667,65.22525073415457,9685.0,11743.0,10613.666666666666,9713.0,1043.5714318307723,0.0923611111111111,0.1233198924731182,0.1153524492234169,0.1083109318996415,0.0202212659961508,3.3628472222222223,3.945900537634409,3.6025798984468342,3.3141931750298688,0.3050174449214274,2661.0,2699.0,2679.0,2679.833333333333,19.0787840283417,690.0,540.0,609.0,678.3333333333334,75.71657678474661,15.85340277777778,19.868682795698923,18.06898820191159,15.973428166069295,2.039691715101561,110.1,72.3,90.7,105.90000000000002,18.919830866051655,13.092115242916666,11.506184043521504,12.213884892925623,12.509234629284649,0.8066006913160915,58.57222222222222,59.08870967741935,60.83859020310633,66.07933094384707,3.487746962258599,0.0,0.0,0.0,0.3333333333333333,0.0,0.0,0.0,0.0,2.0,-41.0,-3505.0,-8.788680555555558,-44.1,0.0364077669902912,0.027465152297367,6405.0,9951.0,0.0,0.1724137931034483,215.27586206896552,7777.0,0.0,0.0,0.06722280686540759,0,500m,500 m,300023527,5.29211,51.23299,Lommel teller 1,Lommel,2022-04-20
38,2024,11,2880,2880,24.0,5.0,2.1329861111111112,0.0371527777777777,0.0,0.0,6143.0,107.0,990,2784,720,7.064722222222223,-1.25,17.6,86.3605554125,66.0,57.899999935,5.66999989,77.96388888888889,12.55730140284722,3.0,4.129246643817668,0.0,0,-0.5000000000000004,0.8660254037844384,9590.0,11954.0,10664.0,9797.833333333334,1196.7104913052303,157.0,265.0,200.33333333333331,181.16666666666663,57.07305260219865,3.329861111111111,4.016801075268817,3.619138291517324,3.3430480884109914,0.3560648927493924,0.0545138888888888,0.0890456989247311,0.0679024790919951,0.0618018219832735,0.0185259867917318,795.0,726.0,768.0,805.8333333333334,36.86461718233337,2748.0,2775.0,2783.6666666666665,2780.833333333333,40.69807530256489,15.85340277777778,19.868682795698923,18.06898820191159,15.973428166069295,2.039691715101561,110.1,72.3,90.7,105.90000000000002,18.919830866051655,13.092115242916666,11.506184043521504,12.213884892925623,12.509234629284649,0.8066006913160915,58.57222222222222,59.08870967741935,60.83859020310633,66.07933094384707,3.487746962258599,0.0,0.0,0.0,0.5,0.0,0.0,0.0,0.0,3.0,-3447.0,-50.0,-8.788680555555558,-44.1,57.41121495327103,61.0828025477707,6250.0,9747.0,0.0,0.2068965517241379,7826.758620689655,119.6206896551724,0.0,0.0,0.06838522570542782,0,500m,500 m,300023528,5.29189,51.23277,Lommel teller 2,Lommel,2022-04-20
39,2024,11,2880,2880,21.0,6.0,1.0684027777777778,0.1430555555555555,0.0,0.0,3077.0,412.0,1670,2546,720,6.762708333333332,-1.75,17.3,87.32391146944444,65.8,61.499999994,3.01000002,76.975,12.581881539444446,3.0,1.410061122655769,0.0,0,-0.5000000000000004,0.8660254037844384,6584.0,7977.0,7158.333333333333,6451.833333333333,727.9329181547711,798.0,963.0,839.6666666666666,757.3333333333334,108.66615541802122,2.286111111111111,2.680443548387097,2.4299357825567505,2.200711245519713,0.2177394767666779,0.2770833333333333,0.3235887096774194,0.2851254480286738,0.2584192054958183,0.0351393247473076,1254.0,1128.0,1202.3333333333333,1285.5,65.98737252939607,2312.0,2359.0,2366.333333333333,2391.1666666666665,58.34666514320499,15.684791666666666,19.79912634408602,17.95274865591398,15.84719123357228,2.0893143109104457,116.2,73.8,96.40000000000002,111.65,21.338228605017765,13.198555805694443,11.568896350537631,12.270169074344382,12.522460233359842,0.8382321064372784,58.23611111111112,58.78360215053763,60.64859617682199,66.16240292712067,3.7145063126080102,0.0,0.0,0.0,0.0,0.0,0.0,0.0,0.0,0.0,-3507.0,-386.0,-8.922083333333333,-50.400000000000006,7.468446601941747,8.25062656641604,3489.0,7382.0,0.0,0.1034482758620689,4734.862068965517,960.4137931034484,0.0,0.0,0.043024089470469214,0,500m,500 m,300023529,5.47817,51.13425,Peer teller 1,Peer,2022-04-20
40,2024,11,2880,2880,25.0,19.0,1.2017361111111111,0.3315972222222222,0.0,0.0,3461.0,955.0,1660,2290,720,6.762708333333332,-1.75,17.3,87.32391146944444,65.8,61.499999994,3.01000002,76.975,12.581881539444446,3.0,1.3607560982284292,0.0,0,-0.5000000000000004,0.8660254037844384,7334.0,8682.0,7964.0,7134.166666666667,678.2949211073327,1932.0,2027.0,2017.3333333333333,1825.1666666666667,80.93412959520545,2.546527777777778,2.9173387096774195,2.7034572879330945,2.433480809438471,0.1918536603229166,0.6708333333333333,0.6811155913978495,0.6850806451612903,0.6226758512544802,0.0165891200204325,1205.0,1066.0,1134.0,1229.1666666666667,69.54854419756009,1948.0,1971.0,1984.6666666666667,2021.8333333333333,45.081407845510654,15.684791666666666,19.79912634408602,17.95274865591398,15.84719123357228,2.0893143109104457,116.2,73.8,96.40000000000002,111.65,21.338228605017765,13.198555805694443,11.568896350537631,12.270169074344382,12.522460233359842,0.8382321064372784,58.23611111111112,58.78360215053763,60.64859617682199,66.16240292712067,3.7145063126080102,0.0,0.0,0.0,0.0,0.0,0.0,0.0,0.0,0.0,-3873.0,-977.0,-8.922083333333333,-50.400000000000006,3.624083769633508,3.796066252587992,4416.0,9266.0,0.0,0.0689655172413793,4767.206896551724,1377.8620689655172,0.0,0.0,0.05299871332213684,0,500m,500 m,300023530,5.47892,51.13438,Peer teller 2,Peer,2022-04-20
41,2024,11,2880,2880,4.0,12.0,0.0927083333333333,1.2958333333333334,0.0,0.0,267.0,3732.0,2637,1247,720,6.9546527777777785,-1.75,17.35,86.24872678055556,69.5,64.799999964,3.29000002,77.65694444444445,11.842645276847222,3.0,5.628012026971127,2.0,1,-0.5000000000000004,0.8660254037844384,439.0,475.0,474.6666666666667,440.0,35.50117368951808,5381.0,5875.0,5470.0,5032.833333333333,368.64752813493806,0.1524305555555555,0.1596102150537634,0.1611372461170847,0.1501381421744324,0.0095620955521659,1.8684027777777776,1.9741263440860213,1.858127986857825,1.7181395609318997,0.1214621302121205,2502.0,2592.0,2553.0,2561.833333333333,46.184412955021074,1022.0,956.0,995.3333333333334,1048.3333333333333,34.7754702819856,15.845972222222224,19.99952956989248,18.140973715651132,16.0463201911589,2.1108939473765163,102.9,78.8,93.36666666666667,107.73333333333332,12.814184848570507,12.54297671375,10.828706732930108,11.534627338799282,11.904768530052792,0.8962576426794141,57.42916666666667,58.04838709677419,60.27163978494624,66.0704898446834,4.3979588384701644,0.0,0.0,0.0,0.3333333333333333,0.0,0.0,0.0,0.0,2.0,-172.0,-1649.0,-8.891319444444445,-33.400000000000006,0.0715434083601286,0.0815833488199219,3999.0,5820.0,0.0,1.0689655172413792,354.51724137931035,4114.137931034483,0.0,0.0,0.19132031831671964,0,500m,500 m,300023581,5.69799,50.97025,Maasmechelen teller 1,Maasmechelen,2022-04-22
42,2024,11,2880,2880,7.0,18.0,0.1795138888888889,1.278125,0.0,0.0,517.0,3681.0,2518,1339,720,6.9546527777777785,-1.75,17.35,86.24872678055556,69.5,64.799999964,3.29000002,77.65694444444445,11.842645276847222,3.0,5.621610420736799,2.0,1,-0.5000000000000004,0.8660254037844384,701.0,521.0,577.3333333333334,587.8333333333334,107.23960711105444,5109.0,5219.0,5034.333333333333,4670.333333333333,231.22571944602765,0.2434027777777777,0.1750672043010752,0.1966136499402627,0.2010304659498207,0.0405626971985563,1.7739583333333333,1.7536962365591398,1.7107190860215054,1.5946367234169652,0.0925423174580599,2426.0,2545.0,2507.6666666666665,2511.1666666666665,70.81195755896982,1111.0,1036.0,1083.3333333333333,1171.3333333333333,41.18656738954262,15.845972222222224,19.99952956989248,18.140973715651132,16.0463201911589,2.1108939473765163,102.9,78.8,93.36666666666667,107.73333333333332,12.814184848570507,12.54297671375,10.828706732930108,11.534627338799282,11.904768530052792,0.8962576426794141,57.42916666666667,58.04838709677419,60.27163978494624,66.0704898446834,4.3979588384701644,0.0,0.0,0.0,0.3333333333333333,0.0,0.0,0.0,0.0,2.0,-184.0,-1428.0,-8.891319444444445,-33.400000000000006,0.1404509644118446,0.1372088471325112,4198.0,5810.0,0.0,1.0689655172413792,539.3448275862069,3914.448275862069,0.0,0.0,0.20615361441200478,0,500m,500 m,300023582,5.6981,50.97043,Maasmechelen teller 2,Maasmechelen,2022-04-22
43,2024,11,2880,2880,152.0,16.0,2.343402777777778,0.1100694444444444,0.0,0.0,6749.0,317.0,1553,2714,720,7.122847222222222,-2.25,17.35,85.82830716111111,77.8,63.59999955,9.94000002,75.40277777777777,12.205020307916667,3.0,2.464980372297218,0.0,0,-0.5000000000000004,0.8660254037844384,16018.0,19306.0,17104.0,15458.5,1907.046931776973,855.0,990.0,874.0,833.5,107.76363022838515,5.561805555555556,6.487231182795699,5.807116188769414,5.270904271206692,0.596568748782838,0.296875,0.3326612903225806,0.296875,0.2843469982078853,0.0357862903225809,1157.0,1017.0,1074.3333333333333,1147.3333333333333,73.35757175188752,2475.0,2445.0,2489.6666666666665,2505.333333333333,53.528808443053606,16.121388888888887,20.18010752688172,18.35255973715651,16.279605734767028,2.0592432895697206,90.8,64.6,77.03333333333335,96.03333333333332,13.15079211809436,12.228882116111112,10.458396185712363,11.284825720589902,11.622679949312277,0.8910848254760159,56.62222222222222,58.59139784946237,60.00758661887695,65.80286738351255,4.273242067525687,1.0,0.0,0.3333333333333333,0.1666666666666666,0.5773502691896258,1.0,0.0,1.0,1.0,-9269.0,-538.0,-8.998541666666664,-13.0,21.29022082018928,18.73450292397661,7066.0,16873.0,0.0592662834113672,0.1379310344827586,12546.48275862069,624.7586206896551,1.0,1.0,0.530402615253693,1,500m,500 m,300023680,5.79715,51.09344,Maaseik teller 1,Maaseik,2022-04-28
44,2024,11,2880,2880,19.0,146.0,0.1423611111111111,2.722916666666667,0.0,0.0,410.0,7842.0,2710,1547,720,7.122847222222222,-2.25,17.35,85.82830716111111,77.8,63.59999955,9.94000002,75.40277777777777,12.205020307916667,3.0,2.4790723622173108,0.0,0,-0.5000000000000004,0.8660254037844384,809.0,627.0,635.6666666666666,641.6666666666666,169.1665845648406,18235.0,23192.0,19801.33333333333,17812.5,2939.235671621679,0.2809027777777778,0.2106854838709677,0.2166181302270011,0.2193679062126642,0.0615331952971103,6.331597222222222,7.793010752688172,6.721755525686977,6.073562574671445,0.9390698276461352,2572.0,2601.0,2622.333333333333,2606.1666666666665,63.736436465598175,1146.0,1073.0,1113.0,1148.1666666666667,37.00000000000049,16.121388888888887,20.18010752688172,18.35255973715651,16.279605734767028,2.0592432895697206,90.8,64.6,77.03333333333335,96.03333333333332,13.15079211809436,12.228882116111112,10.458396185712363,11.284825720589902,11.622679949312277,0.8910848254760159,56.62222222222222,58.59139784946237,60.00758661887695,65.80286738351255,4.273242067525687,1.0,0.0,0.3333333333333333,0.1666666666666666,0.5773502691896258,1.0,0.0,1.0,1.0,-399.0,-10393.0,-8.998541666666664,-13.0,0.0522825809742412,0.0443652316972854,8252.0,19044.0,0.0525099768956101,0.1379310344827586,374.1034482758621,14001.51724137931,1.0,1.0,0.5396738439223655,1,500m,500 m,300023682,5.79726,51.09359,Maaseik teller 2,Maaseik,2022-04-28
45,2024,11,2880,2880,2.0,50.0,0.0274305555555555,1.979861111111111,0.0,0.0,79.0,5702.0,2802,1121,720,6.882708333333333,-1.65,17.5,87.00183312916667,65.4,58.69999998,4.68999991,76.85833333333333,12.661193677777778,3.0,4.65255129827849,0.0,0,-0.5000000000000004,0.8660254037844384,100.0,75.0,93.33333333333331,99.0,16.07275126832157,8873.0,8733.0,8683.666666666666,8231.666666666666,218.2231274025052,0.0347222222222222,0.0252016129032258,0.0317353643966547,0.0338448327359617,0.0056653191851453,3.0809027777777778,2.934475806451613,2.9510267323775388,2.8109113649940265,0.1224424416239661,2788.0,2905.0,2860.6666666666665,2839.0,63.43763341529843,859.0,784.0,835.6666666666666,894.3333333333334,44.81443219916494,15.781666666666666,19.91310483870968,18.04973566308244,15.949283527479093,2.095240272871641,108.4,64.6,87.86666666666667,103.46666666666664,22.027558496876956,12.800541482361112,11.263744409516129,11.990601525325568,12.219094499692131,0.7717599235876129,57.63611111111111,59.178763440860216,60.57404420549582,65.93546893667862,3.831122657084273,0.0,1.0,0.3333333333333333,0.5,0.5773502691896262,0.0,1.0,1.0,3.0,-21.0,-3171.0,-8.898958333333333,-43.0,0.0138547877937565,0.0112701453848754,5781.0,8973.0,0.0,0.4827586206896552,63.27586206896552,6182.896551724138,0.0,0.0,0.1356911483967121,0,500m,500 m,300023741,5.44377,51.23127,Pelt teller 1,Pelt,2022-04-30
46,2024,11,2880,2880,5.0,60.0,0.0461805555555555,2.214236111111111,0.0,0.0,133.0,6377.0,2771,957,720,6.882708333333333,-1.65,17.5,87.00183312916667,65.4,58.69999998,4.68999991,76.85833333333333,12.661193677777778,3.0,4.640530853559833,0.0,0,-0.5000000000000004,0.8660254037844384,218.0,238.0,229.66666666666663,222.0,10.408329997330814,9376.0,9181.0,9021.333333333334,8804.666666666666,455.9718558566158,0.0756944444444444,0.0799731182795698,0.0779868578255674,0.0757597819593786,0.0021557039819827,3.2555555555555555,3.085013440860215,3.06636798088411,3.007418608124253,0.199165963305221,2711.0,2807.0,2771.0,2748.333333333333,52.30678732248758,736.0,651.0,718.3333333333334,757.5,60.46762219017287,15.781666666666666,19.91310483870968,18.04973566308244,15.949283527479093,2.095240272871641,108.4,64.6,87.86666666666667,103.46666666666664,22.027558496876956,12.800541482361112,11.263744409516129,11.990601525325568,12.219094499692131,0.7717599235876129,57.63611111111111,59.178763440860216,60.57404420549582,65.93546893667862,3.831122657084273,0.0,1.0,0.3333333333333333,0.5,0.5773502691896263,0.0,1.0,1.0,3.0,-85.0,-2999.0,-8.898958333333333,-43.0,0.0208562019758507,0.0232508532423208,6510.0,9594.0,0.0,0.4137931034482758,182.68965517241375,7054.689655172414,0.0,0.0,0.1285847769081047,0,500m,500 m,300023743,5.44375,51.231,Pelt teller 2,Pelt,2022-04-30
47,2024,11,2880,2880,30.0,29.0,1.9215277777777773,2.033680555555556,0.0,0.0,5534.0,5857.0,1279,1288,720,7.415833333333333,-1.2,17.55,86.25566173611111,60.3,55.599999835,3.29000002,79.35555555555555,12.010337938527778,3.0,5.659776121401711,1.0,1,-0.5000000000000004,0.8660254037844384,10337.0,11096.0,10751.0,12807.833333333334,384.17574103528847,9668.0,10136.0,9958.666666666666,12575.333333333334,253.75053366113968,3.589236111111111,3.728494623655914,3.65116114097969,4.372707586618877,0.0708963937199383,3.3569444444444443,3.4059139784946235,3.3824223416965347,4.295383437873357,0.0245451164025819,915.0,879.0,886.3333333333334,795.5,25.79405616287012,1017.0,998.0,1001.3333333333334,881.0,14.294521094932245,15.660277777777775,19.63521505376344,17.87990442054958,15.760951314217444,2.0277385444267555,96.9,64.2,79.46666666666665,89.5,16.457318534115334,14.0156623875,12.125663198387096,12.738805641666668,13.238830654451911,1.1060794457328658,59.54583333333333,59.009408602150536,61.914919354838695,66.51761499402627,4.57580224887463,0.0,0.0,0.0,0.1666666666666666,0.0,0.0,0.0,0.0,1.0,-4803.0,-3811.0,-8.244444444444444,-36.60000000000001,0.9448523134710602,1.069197352089367,11391.0,20005.0,0.0,0.5,10411.25,11094.75,0.0,0.0,0.19379152148812534,0,500m,500 m,300024198,4.41497,50.91372,Vilvoorde,Vilvoorde,2022-05-19
48,2024,11,2880,2880,49.0,36.0,1.834375,1.521875,0.0,0.0,5283.0,4383.0,1654,1761,720,6.9546527777777785,-1.75,17.35,86.24872678055556,69.5,64.799999964,3.29000002,77.65694444444445,11.842645276847222,3.0,2.212521302691376,0.0,0,-0.5000000000000004,0.8660254037844384,19152.0,20728.0,18662.666666666668,14674.0,2348.549623349135,17750.0,19456.0,16996.666666666668,13092.166666666666,2910.0737676789754,6.65,6.96505376344086,6.342562724014338,5.004409348864994,0.8206032673092308,6.163194444444445,6.537634408602151,5.777516427718041,4.4643238500597375,1.009795856990315,1248.0,1094.0,1188.0,1264.0,82.43785538209904,1325.0,1186.0,1265.0,1352.5,71.421285342677,15.845972222222224,19.99952956989248,18.14097371565114,16.0463201911589,2.110893947376528,102.9,78.8,93.36666666666667,107.73333333333332,12.814184848570507,12.54297671375,10.828706732930108,11.534627338799282,11.904768530052792,0.8962576426794121,57.42916666666667,58.04838709677419,60.27163978494624,66.0704898446834,4.397958838470126,3.0,0.0,1.0,0.8333333333333334,1.7320508075688772,1.0,0.0,3.0,5.0,-13869.0,-13367.0,-8.891319444444445,-33.400000000000006,1.2053388090349075,1.0789859154929575,9666.0,36902.0,0.0812964066988239,0.5,9960.25,9086.142857142857,0.0,0.0,0.13975951711299267,0,500m,500 m,300024443,5.60389,51.00509,As,As,2022-06-01
49,2024,11,2532,2532,14.0,18.0,1.40086887835703,1.2511848341232228,0.0,0.0,3547.0,3168.0,1177,1241,720,7.032638888888889,-1.95,17.3,86.49008383888889,68.5,65.80000008,1.8900000100000005,78.48333333333333,11.762437487083334,3.0,4.47316917891719,0.0,0,-0.5000000000000004,0.8660254037844384,7613.0,9203.0,8080.333333333333,7197.666666666667,976.7913458530152,6758.0,7963.0,7088.0,6194.166666666667,765.3593927038455,2.6434027777777778,3.0924059139784945,2.743589456391876,2.472406234384915,0.3110683676034317,2.3465277777777778,2.675739247311828,2.406951911589009,2.127446332735097,0.2442467315059301,1032.0,939.0,1000.0,1029.1666666666667,52.84884104689578,1062.0,919.0,1030.3333333333333,1110.6666666666667,99.35961620967224,15.746666666666668,19.90006720430108,18.06909498207885,15.98793458781362,2.119865756399584,94.6,82.8,83.39999999999999,104.36666666666666,10.912378292562906,12.507123442083332,10.647416790591398,11.45247867778226,11.844804950517473,0.9546443928556848,58.7375,57.89650537634409,60.69520609318997,66.0390531660693,4.140576324157315,0.0,0.0,0.0,0.3333333333333333,0.0,0.0,0.0,0.0,2.0,-4066.0,-3590.0,-8.71402777777778,-26.099999999999994,1.1196338383838385,1.1265167209233502,6715.0,14371.0,0.0,0.3571428571428571,5896.25,5175.607142857143,0.0,0.0,0.1426999454064776,0,500m,500 m,300024444,5.41001,50.95264,Bokrijk,Genk,2022-06-01
50,2024,11,2880,2880,4.0,98.0,0.0267361111111111,5.086111111111111,0.0,0.0,77.0,14648.0,2815,591,720,7.976041666666666,0.3,18.35,84.8344819013889,75.3,72.900000324,1.68000001,81.95694444444445,12.970569066847222,3.0,5.660575988026503,0.0,0,-0.5000000000000004,0.8660254037844384,4546.0,118.0,1581.6666666666667,854.3333333333334,2567.254629625455,18778.0,16193.0,16061.333333333334,15862.0,2784.835423024728,1.5784722222222225,0.0396505376344086,0.548446833930705,0.2959397401433691,0.8920498130687776,6.520138888888889,5.44119623655914,5.467062425328554,5.421255227001194,1.0403845554558742,2778.0,2873.0,2853.333333333333,2829.1666666666665,67.6781599434655,582.0,702.0,657.6666666666666,633.0,65.85084155372135,15.838263888888887,19.318884408602152,17.65144190561529,15.47776844384707,1.744880778315805,107.0,40.8,83.36666666666666,93.53333333333336,36.938642819320414,14.562979645138888,13.066437391666666,13.531405621945936,14.112710820512843,0.8948135406493293,62.91666666666666,60.48118279569893,63.22267025089605,66.45236708482676,2.906595370527675,0.0,0.0,0.0,0.0,0.0,0.0,0.0,0.0,0.0,-4469.0,-4130.0,-7.862222222222221,-31.700000000000003,0.0052566903331512,0.2420918095643838,14725.0,23324.0,0.0,0.0714285714285714,236.75,14163.964285714286,0.0,0.0,0.07399509695561035,0,500m,500 m,300024454,3.16252,51.19291,"Brugge, Sint-Andries",Brugge,2022-06-01
51,2024,11,2880,2880,150.0,133.0,6.134375,0.4798611111111111,0.0,0.0,17667.0,1382.0,669,2502,720,7.976041666666666,0.3,18.35,84.8344819013889,75.3,72.900000324,1.68000001,81.95694444444445,12.970569066847222,3.0,5.664902319418593,0.0,0,-0.5000000000000004,0.8660254037844384,23163.0,23015.0,21345.33333333333,20216.83333333333,3021.025708817016,970.0,1235.0,1091.3333333333333,1214.8333333333333,133.90419460693795,8.042708333333334,7.733534946236559,7.258971774193548,6.904519489247311,1.1006296861084868,0.3368055555555556,0.4149865591397849,0.3703330346475508,0.4127501493428913,0.0402605140931593,585.0,516.0,560.6666666666666,582.1666666666666,38.73413653785702,2362.0,2325.0,2368.333333333333,2406.833333333333,46.82235933113184,15.838263888888887,19.318884408602152,17.65144190561529,15.47776844384707,1.744880778315805,107.0,40.8,83.36666666666666,93.53333333333336,36.938642819320414,14.562979645138888,13.066437391666666,13.531405621945936,14.112710820512843,0.8948135406493293,62.91666666666666,60.48118279569893,63.22267025089605,66.45236708482676,2.906595370527675,0.0,0.0,0.0,0.0,0.0,0.0,0.0,0.0,0.0,-5496.0,412.0,-7.862222222222221,-31.700000000000003,12.783646888567294,23.879381443298968,19049.0,24133.0,0.0,0.0714285714285714,17539.10714285714,722.0,0.0,0.0,0.05818801224236325,0,500m,500 m,300024455,3.16252,51.19281,"Brugge, Sint-Andries",Brugge,2022-06-01
52,2024,11,2880,2880,74.0,26.0,4.202083333333333,0.7552083333333334,0.0,0.0,12102.0,2175.0,813,1719,720,7.976041666666666,0.3,18.35,84.8344819013889,75.3,72.900000324,1.68000001,81.95694444444445,12.970569066847222,3.0,1.5398657994115967,1.0,1,-0.5000000000000004,0.8660254037844384,15244.0,15200.0,14325.0,14519.333333333334,1553.805328862025,4737.0,2972.0,3573.333333333333,7895.0,1007.9535372889524,5.293055555555555,5.10752688172043,4.870422640382317,4.959735289725209,0.5788307688478705,1.6447916666666669,0.9986559139784946,1.2184027777777775,2.698607377538829,0.3693217399846895,758.0,702.0,722.6666666666666,736.5,30.74627348693483,1318.0,1489.0,1416.0,1122.3333333333333,88.19863944528858,15.838263888888887,19.318884408602152,17.65144190561529,15.47776844384707,1.744880778315805,107.0,40.8,83.36666666666666,93.53333333333336,36.938642819320414,14.562979645138888,13.066437391666666,13.531405621945936,14.112710820512843,0.8948135406493293,62.91666666666666,60.48118279569893,63.22267025089605,66.45236708482676,2.906595370527675,1.0,0.0,0.3333333333333333,0.5,0.5773502691896258,1.0,0.0,1.0,3.0,-3142.0,-2562.0,-7.862222222222221,-31.700000000000003,5.564137931034483,3.2180705087608192,14277.0,19981.0,0.0500475451679095,0.4285714285714285,14380.892857142857,13026.5,0.0,0.0,0.1895230058199301,0,500m,500 m,300024459,3.24095,51.22632,Brugge,Brugge,2022-06-01
53,2024,11,2880,2880,79.0,43.0,0.4878472222222222,2.8715277777777777,0.0,0.0,1405.0,8270.0,2635,1044,720,7.976041666666666,0.3,18.35,84.8344819013889,75.3,72.900000324,1.68000001,81.95694444444445,12.970569066847222,3.0,2.061701706151036,1.0,1,-0.5000000000000004,0.8660254037844384,3734.0,2148.0,2168.6666666666665,1291.3333333333333,1555.102997660712,16535.0,16641.0,15591.0,13861.5,1727.6677921406097,1.2965277777777775,0.7217741935483871,0.7426597968936678,0.4426205943847072,0.5437261091039677,5.741319444444445,5.591733870967742,5.300645908004779,4.733820564516129,0.6381223471671237,2350.0,2579.0,2560.0,2629.333333333333,201.1740539930534,927.0,741.0,836.3333333333334,879.1666666666666,93.0877722009355,15.838263888888887,19.318884408602152,17.65144190561529,15.47776844384707,1.7448807783158036,107.0,40.8,83.36666666666666,93.53333333333336,36.938642819320414,14.562979645138888,13.066437391666666,13.531405621945936,14.112710820512843,0.8948135406493293,62.91666666666666,60.48118279569893,63.22267025089605,66.45236708482676,2.906595370527685,0.0,1.0,0.6666666666666666,0.6666666666666666,0.5773502691896258,0.0,1.0,2.0,4.0,-2329.0,-8265.0,-7.862222222222221,-31.700000000000003,0.1698911729141475,0.2258240096764439,9675.0,20269.0,0.0,0.3333333333333333,1168.148148148148,10689.555555555557,0.0,0.0,0.16426665215387543,0,500m,500 m,300024499,3.228,51.23023,Brugge teller 1,Brugge,2022-06-02
54,2024,11,2880,2880,11.0,42.0,0.1489583333333333,3.451041666666667,0.0,0.0,429.0,9939.0,2549,704,720,7.976041666666666,0.3,18.35,84.8344819013889,75.3,72.900000324,1.68000001,81.95694444444445,12.970569066847222,3.0,2.0493030088859783,1.0,1,-0.5000000000000004,0.8660254037844384,779.0,1259.0,991.0,901.6666666666666,244.85097508484617,14057.0,16290.0,14742.333333333334,13959.5,1343.237258764558,0.2704861111111111,0.4230510752688172,0.3359057646356033,0.3073570041816009,0.0785685700819026,4.880902777777778,5.473790322580645,5.006223864994027,4.765126568100358,0.4191990342910592,2356.0,2188.0,2302.6666666666665,2338.0,99.3847741524488,586.0,511.0,564.0,586.5,46.11941023040099,15.838263888888887,19.318884408602152,17.65144190561529,15.47776844384707,1.7448807783158036,107.0,40.8,83.36666666666666,93.53333333333336,36.938642819320414,14.562979645138888,13.066437391666666,13.531405621945936,14.112710820512843,0.8948135406493293,62.91666666666666,60.48118279569893,63.22267025089605,66.45236708482676,2.906595370527685,0.0,1.0,0.6666666666666666,0.6666666666666666,0.5773502691896258,0.0,1.0,2.0,4.0,-350.0,-4118.0,-7.862222222222221,-31.700000000000003,0.0431632961062481,0.0554172298498968,10368.0,14836.0,0.0,0.3333333333333333,728.2222222222222,12211.444444444443,0.0,0.0,0.14972638328090385,0,500m,500 m,300024500,3.22818,51.23015,Brugge teller 2,Brugge,2022-06-02
55,2024,11,2880,2880,5.0,34.0,0.0340277777777777,1.378125,0.0,0.0,98.0,3969.0,2792,1443,720,7.911666666666666,-0.1,18.0,85.10613992916666,64.3,62.200000188,1.47000002,81.6625,13.365224197458332,3.0,1.265173627778274,0.0,0,-0.5000000000000004,0.8660254037844384,145.0,148.0,146.33333333333334,140.16666666666666,1.5275252316527452,5658.0,5396.0,5222.666666666667,5067.333333333333,543.1549809523354,0.0503472222222222,0.0497311827956989,0.0497125149342891,0.0478625298685782,0.0006442440982202,1.964583333333333,1.8131720430107527,1.7760528673835128,1.731343339307049,0.2095701917429561,2750.0,2841.0,2812.333333333333,2801.0,54.040108561449976,1172.0,1068.0,1153.0,1191.6666666666667,77.27224598780585,15.77326388888889,19.36236559139785,17.66888814217443,15.451135005973716,1.803069675728736,107.0,49.3,83.06666666666666,87.61666666666667,30.08061391217497,15.108461084583334,13.543578706586022,13.930628265694445,14.442342443661888,1.0398162516538478,64.10138888888889,60.00672043010753,63.53200418160096,66.91652479091995,3.277892892772293,1.0,0.0,0.3333333333333333,0.1666666666666666,0.5773502691896258,1.0,0.0,1.0,1.0,-47.0,-1689.0,-7.861597222222223,-42.7,0.0246913580246913,0.0256274301873453,4067.0,5803.0,0.1723246596587971,0.1851851851851851,128.77777777777777,4635.62962962963,0.0,0.0,0.2006029749880338,0,500m,500 m,300024504,3.08261,51.07161,Torhout teller 1,Torhout,2022-06-02
56,2024,11,2880,2880,4.0,46.0,0.0930555555555555,1.7493055555555554,0.0,0.0,268.0,5038.0,2638,1272,720,7.911666666666666,-0.1,18.0,85.10613992916666,64.3,62.200000188,1.47000002,81.6625,13.365224197458332,3.0,1.254019242682182,0.0,0,-0.5000000000000004,0.8660254037844384,351.0,428.0,391.0,345.6666666666667,38.58756276314951,7239.0,7043.0,6761.666666666667,6499.0,664.2931079977756,0.121875,0.1438172043010752,0.1326948924731182,0.1179118130227,0.0109742277859156,2.513541666666667,2.3665994623655915,2.299092741935484,2.220213560334528,0.2549945925504199,2564.0,2606.0,2597.6666666666665,2621.833333333333,30.369941279714777,984.0,916.0,972.6666666666666,1043.1666666666667,51.93585787616595,15.77326388888889,19.36236559139785,17.66888814217443,15.451135005973716,1.803069675728736,107.0,49.3,83.06666666666666,87.61666666666667,30.08061391217497,15.108461084583334,13.543578706586022,13.930628265694445,14.442342443661888,1.0398162516538478,64.10138888888889,60.00672043010753,63.53200418160096,66.91652479091995,3.277892892772293,1.0,0.0,0.3333333333333333,0.1666666666666666,0.5773502691896258,1.0,0.0,1.0,1.0,-83.0,-2201.0,-7.861597222222223,-42.7,0.0531957125843588,0.048487360132615,5306.0,7590.0,0.1317523056653491,0.1851851851851851,275.3333333333333,5473.925925925926,0.0,0.0,0.18123596578686318,0,500m,500 m,300024505,3.08244,51.07147,Torhout teller 2,Torhout,2022-06-02
57,2024,11,2880,2880,12.0,5.0,0.7225694444444445,0.0909722222222222,0.0,0.0,2081.0,262.0,1788,2664,720,7.643333333333333,-0.6,17.9,86.13606685833332,61.3,59.40000022,1.33000002,80.94027777777778,12.389985789333334,3.0,3.882678128639632,0.0,0,-0.5000000000000004,0.8660254037844384,3461.0,3661.0,3607.3333333333335,3340.0,128.2198632557902,342.0,334.0,373.3333333333333,336.1666666666667,61.32971003790361,1.2017361111111111,1.2301747311827955,1.2250634707287933,1.1400201612903225,0.0212381373818684,0.11875,0.1122311827956989,0.1267249103942652,0.1147121415770608,0.0197295087210872,1452.0,1409.0,1438.0,1494.5,25.11971337416032,2628.0,2703.0,2654.6666666666665,2663.5,41.93248541803185,15.625208333333331,19.365860215053765,17.6789896953405,15.513260155316608,1.897125931428727,93.9,53.8,74.00000000000001,79.51666666666667,20.05168322111637,13.919146683430556,12.221672575806451,12.635854238742086,13.164093334356856,1.1344028163456212,62.84444444444444,61.58602150537634,63.98623058542413,67.24273446833931,3.13132634561274,0.0,0.0,0.3333333333333333,0.3333333333333333,0.5773502691896258,0.0,0.0,1.0,2.0,-1380.0,-80.0,-7.981874999999999,-32.60000000000001,7.942748091603053,10.119883040935672,2343.0,3803.0,0.0,0.1481481481481481,2768.185185185185,269.44444444444446,0.0,0.0,0.10807353325529671,0,500m,500 m,300024549,3.24491,50.96056,Meulebeke teller 1,Meulebeke,2022-06-03
58,2024,11,2880,2880,9.0,5.0,0.5503472222222222,0.0454861111111111,0.0,0.0,1585.0,131.0,1953,2766,720,7.643333333333333,-0.6,17.9,86.13606685833332,61.3,59.40000022,1.33000002,80.94027777777778,12.389985789333334,3.0,3.842515808574316,0.0,0,-0.5000000000000004,0.8660254037844384,2683.0,2781.0,2653.0,2417.333333333333,145.3409783921955,208.0,103.0,160.0,129.66666666666666,53.0754180388624,0.9315972222222222,0.9344758064516128,0.9014822281959378,0.8253005525686977,0.0546725752401684,0.0722222222222222,0.0346102150537634,0.0545400238948625,0.0443679062126642,0.0189064694106581,1674.0,1632.0,1649.6666666666667,1705.1666666666667,21.779194965234737,2747.0,2885.0,2827.0,2824.6666666666665,71.58212067269255,15.625208333333331,19.365860215053765,17.6789896953405,15.513260155316608,1.897125931428727,93.9,53.8,74.00000000000001,79.51666666666667,20.05168322111637,13.919146683430556,12.221672575806451,12.635854238742086,13.164093334356856,1.1344028163456212,62.84444444444444,61.58602150537634,63.98623058542413,67.24273446833931,3.13132634561274,0.0,0.0,0.3333333333333333,0.3333333333333333,0.5773502691896258,0.0,0.0,1.0,2.0,-1098.0,-77.0,-7.981874999999999,-32.60000000000001,12.099236641221374,12.899038461538462,1716.0,2891.0,0.0,0.1481481481481481,1952.6666666666667,79.62962962962963,0.0,0.0,0.10321573791603801,0,500m,500 m,300024550,3.24471,50.96021,Meulebeke teller 2,Meulebeke,2022-06-03
59,2024,11,2880,2880,24.0,2.0,1.5260416666666667,0.0503472222222222,0.0,0.0,4395.0,145.0,1270,2744,720,7.643333333333333,-0.6,17.9,86.13606685833332,61.3,59.40000022,1.33000002,80.94027777777778,12.389985789333334,3.0,4.542673673370512,1.0,1,-0.5000000000000004,0.8660254037844384,5492.0,5233.0,5091.0,3773.1666666666665,487.75711168572695,189.0,178.0,183.66666666666663,161.5,5.50757054728706,1.9069444444444448,1.7584005376344083,1.7311902628434888,1.2898409498207886,0.1908199438775574,0.065625,0.0598118279569892,0.0624215949820788,0.0552419354838709,0.0029517023647909,1083.0,1029.0,1083.6666666666667,1448.8333333333333,55.00303021955386,2721.0,2814.0,2782.0,2785.333333333333,52.84884104689544,15.625208333333331,19.365860215053765,17.6789896953405,15.513260155316608,1.897125931428727,93.9,53.8,74.00000000000001,79.51666666666667,20.05168322111637,13.919146683430556,12.221672575806451,12.635854238742086,13.164093334356856,1.1344028163456212,62.84444444444444,61.58602150537634,63.98623058542413,67.24273446833931,3.13132634561274,0.0,0.0,0.0,0.1666666666666666,0.0,0.0,0.0,0.0,1.0,-1097.0,-44.0,-7.981874999999999,-32.60000000000001,30.310344827586206,29.058201058201057,4540.0,5681.0,0.0,0.1111111111111111,3598.555555555556,168.7037037037037,0.0,0.0,0.08609629581243475,0,500m,500 m,300024551,3.18479,50.96784,Ardooie teller 1,Ardooie,2022-06-03
60,2024,11,2880,2880,21.0,2.0,1.5569444444444445,0.0065972222222222,0.0,0.0,4484.0,19.0,1317,2862,720,7.643333333333333,-0.6,17.9,86.13606685833332,61.3,59.40000022,1.33000002,80.94027777777778,12.389985789333334,3.0,4.563552993673867,1.0,1,-0.5000000000000004,0.8660254037844384,5474.0,5021.0,4989.0,4332.666666666667,501.7658816619572,36.0,37.0,36.0,55.16666666666666,1.0000000000002274,1.9006944444444445,1.6871639784946235,1.6968488649940263,1.4796370967741934,0.1991798081824571,0.0125,0.0124327956989247,0.0122311827956989,0.0188041367980883,0.0004087878044555,1162.0,1188.0,1186.0,1338.3333333333333,23.065125189347278,2847.0,2941.0,2910.333333333333,2878.833333333333,54.857390872455255,15.625208333333331,19.365860215053765,17.6789896953405,15.513260155316608,1.897125931428727,93.9,53.8,74.00000000000001,79.51666666666667,20.05168322111637,13.919146683430556,12.221672575806451,12.635854238742086,13.164093334356856,1.1344028163456212,62.84444444444444,61.58602150537634,63.98623058542413,67.24273446833931,3.13132634561274,0.0,0.0,0.0,0.1666666666666666,0.0,0.0,0.0,0.0,1.0,-990.0,-17.0,-7.981874999999999,-32.60000000000001,236.0,152.05555555555554,4503.0,5510.0,0.0,0.1481481481481481,3203.925925925926,21.59259259259259,0.0,0.0,0.07323742400086027,0,500m,500 m,300024552,3.18411,50.96783,Ardooie teller 2,Ardooie,2022-06-03
61,2024,11,2880,2880,3.0,127.0,0.015625,4.696527777777778,0.0,0.0,45.0,13526.0,2839,786,720,7.732083333333334,-0.3,17.8,85.69688417500001,58.4,57.300000018,0.76999998,78.5875,12.30527953759722,3.0,3.836694989427021,0.0,0,-0.5000000000000004,0.8660254037844384,101.0,75.0,97.0,92.0,20.297783130184435,18188.0,14938.0,15538.0,15641.833333333334,2406.7613093117498,0.0350694444444444,0.0252016129032258,0.0329711768219832,0.031427344683393,0.0069617688910042,6.315277777777778,5.019489247311828,5.289008363201911,5.346718189964157,0.9215585927343654,2798.0,2911.0,2862.0,2849.0,57.97413216254292,666.0,591.0,641.6666666666666,673.3333333333334,43.890014050274814,15.639861111111111,19.47903225806452,17.76944743130227,15.57169690860215,1.953742489367984,98.6,72.7,84.96666666666668,83.86666666666666,13.00397375163968,14.183676920388889,12.380519065860216,12.784331432378734,13.29916827093623,1.2474611052362523,63.12083333333333,61.530913978494624,63.820295698924745,66.90277777777779,2.707739392303372,0.0,0.0,0.0,0.0,0.0,0.0,0.0,0.0,0.0,-56.0,-4662.0,-7.907777777777778,-40.2,0.0033269259204495,0.0055531119419397,13571.0,18289.0,0.0,0.1111111111111111,79.92592592592592,14814.962962962964,0.0,0.0,0.07259314192851501,0,500m,500 m,300024592,3.0921,50.80555,Wervik teller 2,Wervik,2022-06-05
62,2024,11,2880,2880,2.0,88.0,0.0197916666666666,4.635416666666667,0.0,0.0,57.0,13350.0,2829,816,720,7.732083333333334,-0.3,17.8,85.69688417500001,58.4,57.300000018,0.76999998,78.5875,12.30527953759722,3.0,3.813140947863065,0.0,0,-0.5000000000000004,0.8660254037844384,116.0,133.0,132.33333333333334,116.66666666666669,16.010413278030537,17948.0,15011.0,15590.0,15476.666666666666,2128.408560403761,0.0402777777777777,0.0446908602150537,0.0448999402628434,0.0397998805256869,0.0047301693899904,6.231944444444444,5.044018817204301,5.3055854241338105,5.290288978494623,0.8271961911362374,2772.0,2850.0,2824.6666666666665,2822.333333333333,45.62163229580178,673.0,624.0,652.0,680.8333333333334,25.23885892824745,15.639861111111111,19.47903225806452,17.76944743130227,15.57169690860215,1.953742489367984,98.6,72.7,84.96666666666668,83.86666666666666,13.00397375163968,14.183676920388889,12.380519065860216,12.784331432378734,13.29916827093623,1.2474611052362523,63.12083333333333,61.530913978494624,63.820295698924745,66.90277777777779,2.707739392303372,0.0,0.0,0.0,0.0,0.0,0.0,0.0,0.0,0.0,-59.0,-4598.0,-7.907777777777778,-40.2,0.0042696629213483,0.0064631156674838,13407.0,18064.0,0.0,0.1111111111111111,120.62962962962963,14762.962962962964,0.0,0.0,0.07687984795729287,0,500m,500 m,300024594,3.09154,50.8058,Wervik teller 1,Wervik,2022-06-05
63,2024,11,2880,2880,42.0,25.0,1.53125,2.426736111111111,0.0,0.0,4410.0,6989.0,1484,1118,720,8.672847222222222,0.95,18.4,81.81931878750001,66.4,65.000000024,0.98000002,82.0736111111111,16.258696673333333,3.0,0.8327422898183813,0.0,0,-0.5000000000000004,0.8660254037844384,8392.0,17875.0,13698.0,10926.5,4841.260476363564,13902.0,29372.0,23337.33333333333,17963.833333333332,8276.691690121928,2.9138888888888888,6.006384408602151,4.634154719235364,3.7159404868578254,1.5753504376590877,4.827083333333333,9.869623655913978,7.89375,6.106806302270012,2.692429250777656,1195.0,933.0,1055.3333333333333,1152.3333333333333,131.85724604030432,963.0,693.0,795.0,898.3333333333334,146.6015006744475,16.192083333333333,19.33279569892473,17.776841397849463,15.494537783751491,1.570554291782326,130.0,82.8,96.23333333333332,89.88333333333333,29.445599558055108,17.27172289875,15.381583705846774,15.96247593598566,16.39116839451165,1.136235892999588,66.4263888888889,60.34543010752688,63.95350955794505,65.70360663082438,3.195469356541885,0.0,0.0,0.3333333333333333,0.3333333333333333,0.577350269189626,0.0,0.0,1.0,2.0,-3982.0,-6913.0,-7.519236111111111,-63.6,0.6309915581628273,0.603654150481945,11399.0,22294.0,0.0,0.2592592592592592,8455.333333333334,13660.74074074074,1.0,1.0,0.6321569542592823,1,500m,500 m,300025204,2.74289,51.13529,Nieuwpoort teller 3,Nieuwpoort,2022-06-24
64,2024,11,2880,2880,67.0,69.0,4.984375,5.165277777777778,0.0,0.0,14355.0,14876.0,1001,961,720,8.672847222222222,0.95,18.4,81.81931878750001,66.4,65.000000024,0.98000002,82.0736111111111,16.258696673333333,3.0,1.2195694674019972,0.0,0,-0.5000000000000004,0.8660254037844384,38570.0,83943.0,64935.333333333336,50232.66666666666,23564.352873213677,38296.0,83221.0,64048.333333333336,49909.333333333336,23173.970663943903,13.39236111111111,28.20665322580645,21.963672341696537,17.076452359617683,7.676695536923429,13.297222222222222,27.96404569892473,21.664598267622463,16.96707549283154,7.548918749658249,817.0,553.0,665.3333333333334,746.1666666666666,136.3243680833813,747.0,519.0,621.0,683.8333333333334,115.87924749496833,16.192083333333333,19.33279569892473,17.776841397849463,15.494537783751491,1.570554291782326,130.0,82.8,96.23333333333332,89.88333333333333,29.445599558055108,17.27172289875,15.381583705846774,15.96247593598566,16.39116839451165,1.136235892999588,66.4263888888889,60.34543010752688,63.95350955794505,65.70360663082438,3.195469356541885,0.0,2.0,1.0,0.8333333333333334,0.9999999999999996,0.0,1.0,3.0,5.0,-24215.0,-23420.0,-7.519236111111111,-63.6,0.9649771443936542,1.0071547942343848,29231.0,76866.0,0.0,0.7777777777777778,36743.07407407407,36756.81481481482,0.0,0.0,0.484752181959815,1,500m,500 m,300025205,2.75737,51.13359,Nieuwpoort teller 1,Nieuwpoort,2022-06-24
65,2024,11,2880,2880,18.0,37.0,1.0979166666666669,2.582986111111111,0.0,0.0,3162.0,7439.0,1503,1030,720,8.672847222222222,0.95,18.4,81.81931878750001,66.4,65.000000024,0.98000002,82.0736111111111,16.258696673333333,3.0,1.0598937356842228,0.0,0,-0.5000000000000004,0.8660254037844384,5706.0,8058.0,6833.666666666667,5776.333333333333,1178.975968089822,16107.0,32217.0,25445.666666666668,19999.83333333333,8356.220756617988,1.98125,2.7076612903225805,2.3175627240143366,1.968567054958184,0.366180322109856,5.592708333333333,10.825604838709678,8.610427867383514,6.801553166069296,2.7071862482534725,1210.0,955.0,1080.0,1187.6666666666667,127.57350822173048,779.0,546.0,650.3333333333334,754.1666666666666,118.39059647342556,16.192083333333333,19.33279569892473,17.776841397849463,15.494537783751491,1.570554291782326,130.0,82.8,96.23333333333332,89.88333333333333,29.445599558055108,17.27172289875,15.381583705846774,15.96247593598566,16.39116839451165,1.136235892999588,66.4263888888889,60.34543010752688,63.95350955794505,65.70360663082438,3.195469356541885,0.0,1.0,0.6666666666666666,0.6666666666666666,0.5773502691896252,0.0,1.0,2.0,4.0,-2544.0,-8668.0,-7.519236111111111,-63.6,0.4250571313348568,0.3542559135779475,10601.0,21813.0,0.0,0.7407407407407407,4586.925925925926,14713.25925925926,1.0,1.0,0.6728207147882748,1,500m,500 m,300025206,2.75511,51.13435,Nieuwpoort teller 2,Nieuwpoort,2022-06-24
66,2024,11,2880,2880,53.0,47.0,1.993055555555556,2.794791666666667,0.0,0.0,5740.0,8049.0,1596,1279,720,8.672847222222222,0.95,18.4,81.81931878750001,66.4,65.000000024,0.98000002,82.0736111111111,16.258696673333333,3.0,0.8792183567216869,0.0,0,-0.5000000000000004,0.8660254037844384,17274.0,36183.0,28735.0,22287.5,10073.01826663686,22266.0,46293.0,37250.66666666666,28942.33333333333,13069.341082599898,5.997916666666667,12.158266129032258,9.720071684587817,7.572849462365592,3.274735476385686,7.73125,15.555443548387096,12.60015681003584,9.836913829151731,4.248641842368114,1244.0,847.0,1009.3333333333334,1132.0,208.14978581140392,1002.0,698.0,817.3333333333334,929.8333333333334,162.1891899398149,16.192083333333333,19.33279569892473,17.776841397849463,15.494537783751491,1.570554291782326,130.0,82.8,96.23333333333332,89.88333333333333,29.445599558055108,17.27172289875,15.381583705846774,15.96247593598566,16.39116839451165,1.136235892999588,66.4263888888889,60.34543010752688,63.95350955794505,65.70360663082438,3.195469356541885,0.0,0.0,0.3333333333333333,0.3333333333333333,0.577350269189626,0.0,0.0,1.0,2.0,-11534.0,-14217.0,-7.519236111111111,-63.6,0.7131320660951671,0.7758016707087039,13789.0,39540.0,0.0,0.2592592592592592,15736.185185185184,20350.33333333333,2.0,1.0,0.5121244714270018,1,500m,500 m,300025380,2.74369,51.1347,Nieuwpoort totem,Nieuwpoort,2022-06-30
67,2024,11,2880,2880,2.0,63.0,0.0173611111111111,2.6329861111111112,0.0,0.0,50.0,7583.0,2832,1079,720,7.913402777777777,-0.15,17.9,85.25470571527778,55.9,55.2,0.49,79.94444444444444,13.299262207666668,3.0,2.523204127207676,0.0,0,-0.5000000000000004,0.8660254037844384,88.0,113.0,102.66666666666669,92.66666666666669,13.051181300301252,12204.0,11809.0,11596.333333333334,10760.666666666666,737.3712316963021,0.0305555555555555,0.0379704301075268,0.034826762246117,0.0315916218637992,0.0038338751953867,4.2375,3.968077956989248,3.942181899641577,3.674942129629629,0.3090808319002406,2821.0,2879.0,2861.0,2848.833333333333,34.6987031457954,903.0,778.0,832.3333333333334,896.3333333333334,64.08067831517815,15.689375,19.36787634408602,17.70346998207885,15.511891054360811,1.8640157276338616,90.2,70.1,78.69999999999999,78.89999999999999,10.359054010864195,14.539461597638889,12.898673516935483,13.260456045404718,13.79353516540248,1.1419369238000705,63.644444444444446,61.60618279569893,63.8752090800478,66.75648894862606,2.392769027673278,0.0,0.0,0.0,0.1666666666666666,0.0,0.0,0.0,0.0,1.0,-38.0,-4621.0,-7.775972222222223,-34.300000000000004,0.0065936964262165,0.0072107505735824,7633.0,12292.0,0.0,0.2592592592592592,79.96296296296296,9317.481481481482,0.0,0.0,0.08630165721486657,0,500m,500 m,300025382,2.85624,50.85018,Ieper totem,Ieper,2022-06-30
68,2024,11,2880,2880,61.0,3.0,2.692013888888889,0.01875,0.0,0.0,7753.0,54.0,997,2830,720,7.913402777777777,-0.15,17.9,85.25470571527778,55.9,55.2,0.49,79.94444444444444,13.299262207666668,3.0,2.525572629779463,0.0,0,-0.5000000000000004,0.8660254037844384,12185.0,11866.0,11628.0,10938.333333333334,706.724132883551,99.0,88.0,95.33333333333331,86.33333333333333,6.350852961086005,4.230902777777778,3.947645035885168,3.9395562604682937,3.7290840591469303,0.295473954830392,0.034375,0.0295698924731182,0.0324036738351254,0.0294840203106331,0.0025159762144185,802.0,726.0,758.3333333333334,802.5,39.24708057083132,2803.0,2895.0,2861.333333333333,2852.6666666666665,50.71817557181391,15.689375,19.36787634408602,17.70346998207885,15.511891054360811,1.8640157276338616,90.2,70.1,78.69999999999999,78.89999999999999,10.359054010864195,14.539461597638889,12.898673516935483,13.260456045404718,13.79353516540248,1.1419369238000705,63.644444444444446,61.60618279569893,63.8752090800478,66.75648894862606,2.392769027673278,0.0,0.0,0.0,0.1666666666666666,0.0,0.0,0.0,0.0,1.0,-4432.0,-45.0,-7.775972222222223,-34.300000000000004,143.57407407407408,123.08080808080808,7807.0,12284.0,0.0,0.2592592592592592,9471.703703703704,69.33333333333333,0.0,0.0,0.0715081485022843,0,500m,500 m,300025383,2.85608,50.85032,Ieper,Ieper,2022-06-30
69,2024,11,2880,2880,80.0,114.0,10.608680555555557,14.592361111111112,0.0,0.0,30553.0,42026.0,378,414,720,7.251388888888889,-1.45,17.6,86.21832776666666,64.4,54.49999991,6.93000003,77.86805555555556,11.817046230944444,3.0,4.689899252335336,1.0,1,-0.5000000000000004,0.8660254037844384,33250.0,26651.0,28396.666666666668,28236.666666666668,4257.921362981387,46909.0,38966.0,41080.0,40645.16666666666,5111.137935919929,11.54513888888889,8.955309139784946,9.687208254374532,9.6514066513304,1.621038176673819,16.287847222222222,13.093413978494624,13.978901583034649,13.89440036217911,2.017616296390361,404.0,418.0,395.6666666666667,407.0,27.46512940681945,374.0,438.0,399.0,391.1666666666667,34.219877264537345,15.599444444444446,19.59630376344086,17.84161589008363,15.760213933691755,2.0425355024811163,84.9,72.4,85.10000000000002,91.53333333333336,12.80117182136068,13.358713336805554,11.347400907755375,12.118804048814216,12.53686853262149,1.0844205499242792,59.04583333333333,58.25806451612903,60.92477598566308,65.8457586618877,3.956308061065649,1.0,2.0,1.0,2.5,0.9999999999999992,1.0,1.0,3.0,15.0,-2697.0,-4883.0,-8.348055555555558,-20.5,0.7270023318897825,0.7088192031379906,72579.0,80159.0,0.012475205529011,2.4814814814814814,28708.11111111111,40253.40740740741,0.0,0.0,0.3945675315253404,1,500m,500 m,300025572,4.71526,50.87549,Leuven teller 1,Leuven,2022-07-07
70,2024,11,2880,2880,20.0,40.0,0.27421875,2.6322916666666667,0.0,0.0,1068.0,7581.0,2303,992,720,7.2399305555555555,-2.5,17.7,86.34864108333333,61.8,55.599999958,4.33999992,78.35416666666667,11.611891621986112,3.0,5.508255930577571,1.0,1,-0.5000000000000004,0.8660254037844384,795.0,846.0,808.6666666666666,699.6666666666666,32.71594921950867,13053.0,12452.0,12436.666666666666,11356.0,624.1412767421593,0.249609375,0.2842741935483871,0.2658868167562724,0.2343976347819593,0.0174284617978681,4.532291666666667,4.184139784946237,4.227721774193548,3.8778281810035846,0.2852866057301411,2342.0,2353.0,2380.0,2432.1666666666665,56.55970296951863,805.0,703.0,756.6666666666666,783.8333333333334,51.20872321521984,15.636805555555556,19.612836021505377,17.870377837514937,15.804324596774196,2.033002547823815,95.4,79.5,88.43333333333335,98.55,8.130395644329493,13.143280026666666,11.224098997419354,11.999696932087812,12.435525335969984,1.0111249992910478,58.30416666666667,58.91935483870968,60.69771505376344,65.66687574671447,3.6260488358928575,0.0,0.0,0.0,0.1666666666666666,0.0,0.0,0.0,0.0,1.0,273.0,-5472.0,-8.396875000000001,-33.60000000000001,0.1408785120696478,0.0609055389565617,8649.0,13848.0,0.0,0.3703703703703703,557.074074074074,9807.222222222224,0.0,0.0,0.13492675592736947,0,500m,500 m,300025573,4.59318,50.95682,Kampenhout teller 1,Kampenhout,2022-07-07
71,2024,11,2880,2880,11.0,32.0,0.2277777777777777,2.428125,0.0,0.0,656.0,6993.0,2420,1039,720,7.2399305555555555,-2.5,17.7,86.34864108333333,61.8,55.599999958,4.33999992,78.35416666666667,11.611891621986112,3.0,5.549903241502798,1.0,1,-0.5000000000000004,0.8660254037844384,999.0,1308.0,1090.3333333333333,925.0,189.31543342615595,11832.0,13716.0,12447.333333333334,11379.333333333334,1098.8618354157752,0.346875,0.439516129032258,0.3701052867383512,0.3194283434139784,0.0611970381689971,4.108333333333333,4.608870967741935,4.226747311827957,3.8837066905615294,0.3388090558682042,2199.0,2171.0,2229.0,2306.5,77.48548251124225,782.0,657.0,699.0,749.1666666666666,71.88184749990994,15.636805555555556,19.612836021505377,17.870377837514937,15.804324596774196,2.033002547823815,95.4,79.5,88.43333333333335,98.55,8.130395644329493,13.143280026666666,11.224098997419354,11.999696932087812,12.435525335969984,1.0111249992910478,58.30416666666667,58.91935483870968,60.69771505376344,65.66687574671447,3.6260488358928575,0.0,0.0,0.0,0.1666666666666666,0.0,0.0,0.0,0.0,1.0,-343.0,-4839.0,-8.396875000000001,-33.60000000000001,0.0938080938080938,0.0844320486815415,7649.0,12831.0,0.0,0.3703703703703703,856.4444444444445,9985.74074074074,0.0,0.0,0.14710151434767066,0,500m,500 m,300025574,4.59164,50.95589,Kampenhout teller 2,Kampenhout,2022-07-07
72,2024,11,2880,2880,35.0,7.0,2.7559027777777776,0.0697916666666666,0.0,0.0,7937.0,201.0,841,2715,720,7.251388888888889,-1.45,17.6,86.21832776666666,64.4,54.49999991,6.93000003,77.86805555555556,11.817046230944444,3.0,3.379607183820891,0.0,0,-0.5000000000000004,0.8660254037844384,9756.0,7907.0,8262.666666666666,8214.5,1351.0789515543988,271.0,299.0,289.6666666666667,300.3333333333333,16.16580753730977,3.3875,2.6569220430107525,2.812858422939068,2.808436006571087,0.514705322868379,0.0940972222222222,0.1004704301075268,0.0983460274790919,0.1024996266427717,0.0036795732881827,716.0,672.0,727.3333333333334,761.1666666666666,61.78457196851879,2648.0,2747.0,2715.0,2690.0,58.04308744372586,15.599444444444446,19.59630376344086,17.84161589008363,15.760213933691755,2.0425355024811163,84.9,72.4,85.10000000000002,91.53333333333336,12.80117182136068,13.358713336805554,11.347400907755375,12.118804048814216,12.53686853262149,1.0844205499242792,59.04583333333333,58.25806451612903,60.92477598566308,65.8457586618877,3.956308061065649,0.0,0.0,0.0,0.6666666666666666,0.0,0.0,0.0,0.0,4.0,-1819.0,-70.0,-8.348055555555558,-20.5,39.48756218905473,36.0,8138.0,10027.0,0.0,0.4074074074074074,6743.444444444444,288.25925925925924,0.0,0.0,0.1190112130423452,0,500m,500 m,300025575,4.64689,50.89135,Herent teller 1,Herent,2022-07-07
73,2024,11,2880,2880,103.0,26.0,5.727083333333334,2.1190972222222224,0.0,0.0,16494.0,6103.0,835,1337,720,7.251388888888889,-1.45,17.6,86.21832776666666,64.4,54.49999991,6.93000003,77.86805555555556,11.817046230944444,3.0,3.3721982379304296,0.0,0,-0.5000000000000004,0.8660254037844384,21404.0,18970.0,19167.666666666668,19052.5,2144.343800171359,10146.0,10043.0,9917.333333333334,9625.333333333334,311.15323127574334,7.4319444444444445,6.374327956989247,6.520661589008363,6.512027703106333,0.8476429935054849,3.5229166666666667,3.3746639784946235,3.3703181003584226,3.2880283004778974,0.1548172595967165,779.0,716.0,751.0,765.3333333333334,32.07802986469122,1060.0,1047.0,1063.6666666666667,1089.8333333333333,18.77054430040158,15.599444444444446,19.59630376344086,17.84161589008363,15.760213933691755,2.0425355024811163,84.9,72.4,85.10000000000002,91.53333333333336,12.80117182136068,13.358713336805554,11.347400907755375,12.118804048814216,12.53686853262149,1.0844205499242792,59.04583333333333,58.25806451612903,60.92477598566308,65.8457586618877,3.956308061065649,0.0,0.0,0.0,0.6666666666666666,0.0,0.0,0.0,0.0,4.0,-4910.0,-4043.0,-8.348055555555558,-20.5,2.7026052760937245,2.1095998423023854,22597.0,31550.0,0.0,0.4074074074074074,16800.88888888889,8853.37037037037,0.0,0.0,0.09786904929506722,0,500m,500 m,300025576,4.64685,50.89128,Herent teller 2,Herent,2022-07-07
74,2024,11,2880,2880,42.0,5.0,3.060416666666667,0.0881944444444444,0.0,0.0,8814.0,254.0,939,2656,720,7.766388888888889,0.05,17.6,85.76329585972222,70.5,68.5,1.47000002,78.41527777777777,11.843340720625,3.0,4.948246866278854,0.0,0,-0.5000000000000004,0.8660254037844384,10952.0,8662.0,9224.0,9386.5,1526.660407556311,357.0,272.0,276.3333333333333,275.3333333333333,78.58965156643293,3.8027777777777776,2.9106182795698925,3.1403524492234163,3.2088149641577064,0.5825833603904667,0.1239583333333333,0.0913978494623656,0.0941868279569892,0.0942260304659497,0.0284796215770147,880.0,915.0,885.3333333333334,893.6666666666666,27.39221300540192,2564.0,2736.0,2698.0,2684.333333333333,119.61605243444536,15.682569444444445,19.51538978494624,17.820735513739546,15.656977673237757,1.9545216747132272,97.8,69.3,81.2,85.98333333333333,14.819919028118814,13.320297777916666,11.599995261290324,12.004117656348564,12.488211552345431,1.167795855251484,62.047222222222224,60.99596774193548,63.2294504181601,66.87206541218637,3.0044291582988625,1.0,0.0,0.3333333333333333,0.1666666666666666,0.577350269189627,1.0,0.0,1.0,1.0,-2138.0,-103.0,-7.916180555555556,-27.3,34.7007874015748,30.677871148459385,9068.0,11309.0,0.088425148112123,0.5555555555555556,7986.148148148148,265.037037037037,0.0,0.0,0.32275977040331316,1,500m,500 m,300025577,3.25728,50.81909,Kortrijk teller 1,Kortrijk,2022-07-07
75,2024,11,2880,2880,35.0,25.0,3.3197916666666667,0.4958333333333333,0.0,0.0,9561.0,1428.0,834,2258,720,7.766388888888889,0.05,17.6,85.76329585972222,70.5,68.5,1.47000002,78.41527777777777,11.843340720625,3.0,4.961173510263804,0.0,0,-0.5000000000000004,0.8660254037844384,11798.0,8564.0,9401.666666666666,9898.666666666666,2106.364245170654,1693.0,774.0,1078.3333333333333,1279.5,532.3254017359433,4.096527777777778,2.877688172043011,3.203210872162485,3.385519339904421,0.78306142222235,0.5878472222222222,0.2600806451612903,0.3686641278375149,0.4384296594982078,0.1898208045555344,713.0,763.0,764.3333333333334,748.5,52.012818932773264,2180.0,2429.0,2347.6666666666665,2278.6666666666665,145.22511261256872,15.682569444444445,19.51538978494624,17.820735513739546,15.656977673237757,1.9545216747132272,97.8,69.3,81.2,85.98333333333333,14.819919028118814,13.320297777916666,11.599995261290324,12.004117656348564,12.488211552345431,1.167795855251484,62.047222222222224,60.99596774193548,63.2294504181601,66.87206541218637,3.0044291582988625,1.0,0.0,0.3333333333333333,0.1666666666666666,0.577350269189627,1.0,0.0,1.0,1.0,-2237.0,-265.0,-7.916180555555556,-27.3,6.695378151260504,6.968694624926167,10989.0,13491.0,0.0741234897338966,0.5555555555555556,8806.148148148148,1259.4814814814815,0.0,0.0,0.30201890121581515,1,500m,500 m,300025580,3.25731,50.81925,Kortrijk teller 2,Kortrijk,2022-07-07
76,2024,11,2880,2880,50.0,6.0,2.825,0.0444444444444444,0.0,0.0,8136.0,128.0,992,2777,720,7.251388888888889,-1.45,17.6,86.21832776666666,64.4,54.49999991,6.93000003,77.86805555555556,11.817046230944444,3.0,3.4884845919511136,0.0,0,-0.5000000000000004,0.8660254037844384,10081.0,5452.0,7736.666666666667,8450.5,2315.0767445882498,128.0,301.0,184.0,151.0,101.35580891098446,3.500347222222222,1.831989247311828,2.637324522102748,2.891614396654719,0.8356736578309477,0.0444444444444444,0.1011424731182795,0.062305854241338,0.0514374253285543,0.0336695138194561,893.0,1503.0,1125.0,1034.8333333333333,330.1696533602081,2769.0,2783.0,2809.6666666666665,2810.1666666666665,58.73102530463225,15.599444444444446,19.59630376344086,17.84161589008363,15.760213933691755,2.0425355024811163,84.9,72.4,85.10000000000002,91.53333333333336,12.80117182136068,13.358713336805554,11.347400907755375,12.118804048814216,12.53686853262149,1.0844205499242792,59.04583333333333,58.25806451612903,60.92477598566308,65.8457586618877,3.956308061065649,1.0,1.0,1.0,0.5,0.0,1.0,1.0,3.0,3.0,-1945.0,0.0,-8.348055555555558,-20.5,63.5625,78.7578125,8264.0,10209.0,0.0979527867567832,0.2962962962962963,8347.74074074074,114.03703703703704,0.0,0.0,0.06390299309346158,0,500m,500 m,300025592,4.69597,50.84606,Heverlee teller 2,Leuven,2022-07-07
77,2024,11,2880,2880,18.0,95.0,2.564583333333333,8.996875,0.0,0.0,7386.0,25911.0,828,483,720,7.251388888888889,-1.45,17.6,86.21832776666666,64.4,54.49999991,6.93000003,77.86805555555556,11.817046230944444,3.0,4.82437187060212,2.0,1,-0.5000000000000004,0.8660254037844384,8496.0,7228.0,7467.666666666667,7527.333333333333,931.907899598094,29195.0,26228.0,26781.0,26604.5,2190.493779950094,2.95,2.428763440860215,2.5410170250896056,2.5726459826762245,0.3660029181801831,10.13715277777778,8.813172043010752,9.107993578255677,9.091104764038231,0.917970642444836,802.0,890.0,851.3333333333334,837.0,44.95924080023139,517.0,488.0,478.6666666666667,480.1666666666667,43.7530951286117,15.599444444444446,19.59630376344086,17.84161589008363,15.760213933691755,2.0425355024811163,84.9,72.4,85.10000000000002,91.53333333333336,12.80117182136068,13.358713336805554,11.347400907755375,12.118804048814216,12.53686853262149,1.0844205499242792,59.04583333333333,58.25806451612903,60.92477598566308,65.8457586618877,3.956308061065649,3.0,0.0,1.0,1.3333333333333333,1.732050807568877,1.0,0.0,3.0,8.0,-1110.0,-3284.0,-8.348055555555558,-20.5,0.2850526803288178,0.291008734372324,33297.0,37691.0,0.0795945981799368,1.2592592592592593,6430.518518518518,21231.777777777777,0.0,0.0,0.4190314283038138,1,500m,500 m,300025593,4.70796,50.88672,Leuven teller 2,Leuven,2022-07-07
78,2024,11,2880,2880,15.0,5.0,0.3930555555555555,0.0583333333333333,0.0,0.0,1132.0,168.0,2249,2736,720,7.350972222222222,-3.5,17.5,86.56453128194445,73.2,69.500000044,2.5900001,77.14722222222223,11.940691493916663,3.0,3.628623155158572,0.0,0,-0.5000000000000004,0.8660254037844384,1866.0,2325.0,2086.6666666666665,1998.1666666666667,230.0094200969454,250.0,265.0,257.6666666666667,247.5,7.50555349920304,0.6479166666666667,0.78125,0.7081317204301075,0.6814721475507765,0.0675967038516183,0.0868055555555555,0.0890456989247311,0.0875149342891277,0.0845112753882914,0.0013268634740838,1968.0,1815.0,1888.3333333333333,1944.8333333333333,76.69637105713225,2670.0,2770.0,2736.0,2730.5,57.16642371182612,15.554027777777778,19.601344086021506,17.823206391875747,15.678711917562724,2.0678571550144857,97.0,81.5,88.83333333333333,95.06666666666666,7.783529619223891,13.96134704875,11.933814078225806,12.536959658230288,12.968687203368429,1.2383662907816866,60.516666666666666,59.32392473118279,62.354121863799286,66.76626344086021,4.257486081439432,0.0,0.0,0.0,0.0,0.0,0.0,0.0,0.0,0.0,-734.0,-82.0,-8.203055555555556,-23.8,6.738095238095238,7.464,1300.0,2116.0,0.0,0.1111111111111111,1842.148148148148,608.925925925926,0.0,0.0,0.08608379135447261,0,500m,500 m,300025808,4.1652,50.75824,Pepingen teller 1,Pepingen,2022-07-13
79,2024,11,2880,2880,18.0,17.0,0.9767361111111112,0.5989583333333334,0.0,0.0,2813.0,1725.0,1735,2063,720,7.350972222222222,-3.5,17.5,86.56453128194445,73.2,69.500000044,2.5900001,77.14722222222223,11.940691493916663,3.0,3.602317318760248,0.0,0,-0.5000000000000004,0.8660254037844384,4452.0,4665.0,4442.0,4258.5,228.16441440329965,2612.0,2361.0,2367.333333333333,2312.5,241.5622763043376,1.5458333333333334,1.5675403225806452,1.5092293906810037,1.4539557198327362,0.0829121426810222,0.9069444444444444,0.7933467741935484,0.8052270011947432,0.7903151135005974,0.0963283537649663,1449.0,1362.0,1408.0,1442.0,43.71498598878897,1820.0,1785.0,1828.6666666666667,1836.6666666666667,48.58326186387089,15.554027777777778,19.601344086021506,17.823206391875747,15.678711917562724,2.0678571550144857,97.0,81.5,88.83333333333333,95.06666666666666,7.783529619223891,13.96134704875,11.933814078225806,12.536959658230288,12.968687203368429,1.2383662907816866,60.516666666666666,59.32392473118279,62.354121863799286,66.76626344086021,4.257486081439432,0.0,0.0,0.0,0.0,0.0,0.0,0.0,0.0,0.0,-1639.0,-887.0,-8.203055555555556,-23.8,1.6307246376811595,1.7044410413476263,4538.0,7064.0,0.0,0.1111111111111111,3635.6296296296296,2101.703703703704,0.0,0.0,0.12867842851760447,0,500m,500 m,300025809,4.16537,50.75848,Pepingen teller 2,Pepingen,2022-07-13
80,2024,4,2880,2880,158.0,137.0,0.7118055555555556,0.1392361111111111,0.0,0.0,2050.0,401.0,2050,2720,720,10.700486111111111,-1.2,23.5,75.13185392638889,93.9,88.7,3.64,77.61944444444444,17.265538014305555,3.0,3.608349303764022,0.0,0,0.8660254037844387,-0.4999999999999998,3137.0,2221.0,2346.0,2399.333333333333,736.4991513912296,154.0,142.0,132.33333333333334,225.0,27.790885796126485,1.0555181695827724,0.7977729885057471,0.8059357623735925,0.8191585173875131,0.245602777089563,0.0518169582772543,0.0510057471264367,0.0455869591489005,0.0766166575911766,0.010096296185313,1839.0,1843.0,1955.0,1944.8333333333333,197.46392075515965,2844.0,2671.0,2801.333333333333,2799.5,115.09271624795998,8.805779569892474,8.152227011494253,6.75649950562353,8.053705248630164,3.001306483081495,91.5,106.3,85.2,99.05,24.856186352697048,14.649864144758066,19.5489348295977,17.55762325014368,18.35928619064457,2.5749039680352035,78.75537634408602,88.39655172413794,79.53182548510689,79.03366961232645,8.50313092265878,1.0,0.0,0.3333333333333333,0.1666666666666666,0.5773502691896254,1.0,0.0,1.0,1.0,-1087.0,247.0,1.8947065412186368,2.4000000000000057,5.112219451371571,20.37012987012987,2451.0,3291.0,0.3038590094196293,0.2857142857142857,2864.0476190476197,187.8571428571429,0.0,0.0,0.12010020430706218,0,500m,500 m,300025810,4.29571,50.91418,Wemmel teller 1,Wemmel,2022-07-13
81,2024,11,2880,2880,19.0,4.0,0.8447916666666667,0.0190972222222222,0.0,0.0,2433.0,55.0,1774,2830,720,7.415833333333333,-1.2,17.55,86.25566173611111,60.3,55.599999835,3.29000002,79.35555555555555,12.010337938527778,3.0,3.5977514442911835,0.0,0,-0.5000000000000004,0.8660254037844384,3544.0,3774.0,3375.333333333333,2919.833333333333,504.60413527173233,85.0,77.0,76.33333333333333,311.6666666666667,9.018499505644227,1.2305555555555556,1.2681451612903225,1.147416367980884,1.0445080514349998,0.1775524143377011,0.0295138888888888,0.0258736559139784,0.0259669952210274,0.1207199771734295,0.0035011572829855,1509.0,1687.0,1658.3333333333333,1618.1666666666667,137.26373641036136,2809.0,2907.0,2875.6666666666665,2603.833333333333,57.7696575490421,15.660277777777775,19.63521505376344,17.87990442054958,15.760951314217444,2.027738544426752,96.9,64.2,79.46666666666665,89.5,16.45731853411532,14.0156623875,12.125663198387096,12.738805641666668,13.238830654451911,1.106079445732867,59.54583333333333,59.009408602150536,61.91491935483871,66.51761499402629,4.57580224887463,0.0,0.0,0.0,0.0,0.0,0.0,0.0,0.0,0.0,-1111.0,-30.0,-8.244444444444444,-36.60000000000001,44.23636363636364,41.694117647058825,2488.0,3629.0,0.0,0.2222222222222222,2627.6666666666665,128.59259259259258,0.0,0.0,0.0842400124094534,0,500m,500 m,300025811,4.29568,50.91439,Wemmel teller 2,Wemmel,2022-07-13
82,2024,11,2880,2880,9.0,3.0,0.4802083333333333,0.05,0.0,0.0,1383.0,144.0,2016,2751,720,7.175347222222222,-1.5,17.1,87.14487473472222,62.0,59.20000001,1.96,77.43611111111112,12.54668836261111,3.0,3.623752403982482,0.0,0,-0.5000000000000004,0.8660254037844384,2359.0,2448.0,2250.333333333333,2215.833333333333,268.9987608397742,226.0,288.0,255.33333333333331,239.33333333333331,31.134118476894844,0.8190972222222223,0.8225806451612904,0.7649678912783751,0.7570583183990442,0.096787156688874,0.0784722222222222,0.0967741935483871,0.0866412783751493,0.0816513590203106,0.0093076901159569,1671.0,1661.0,1716.3333333333333,1726.3333333333333,87.32315462311699,2682.0,2727.0,2724.0,2721.5,40.58324777540687,15.350625,19.42385752688172,17.625611559139784,15.475966248506571,2.078044031806507,111.5,60.5,88.56666666666666,95.03333333333336,25.884615765611304,14.910415405694446,12.749393354435483,13.427348942444745,13.802763422521656,1.285945845508094,60.56944444444444,58.956989247311824,62.12574671445639,66.87762843488649,4.170688801680239,0.0,0.0,0.0,0.0,0.0,0.0,0.0,0.0,0.0,-976.0,-82.0,-8.17527777777778,-49.5,9.604166666666666,10.438053097345133,1527.0,2585.0,0.0,0.074074074074074,1776.5555555555557,215.8148148148148,0.0,0.0,0.0649198437492687,0,500m,500 m,300025812,4.33336,50.75128,Beersel teller 1,Beersel,2022-07-13
83,2024,11,2880,2880,8.0,4.0,0.3913194444444444,0.0732638888888888,0.0,0.0,1127.0,211.0,2093,2705,720,7.175347222222222,-1.5,17.1,87.14487473472222,62.0,59.20000001,1.96,77.43611111111112,12.54668836261111,3.0,3.665694459102253,0.0,0,-0.5000000000000004,0.8660254037844384,1742.0,1889.0,1711.0,2797.1666666666665,195.353525691272,327.0,273.0,273.6666666666667,723.3333333333334,53.00314456080255,0.6048611111111111,0.634744623655914,0.581436678614098,0.9627333482676224,0.0681113015774492,0.1135416666666666,0.0917338709677419,0.0931787634408601,0.2498039874551971,0.0196802778547581,1838.0,1807.0,1858.6666666666667,1817.5,64.53164598345164,2636.0,2731.0,2714.0,2582.6666666666665,71.04224095564656,15.350625,19.42385752688172,17.625611559139784,15.475966248506571,2.078044031806507,111.5,60.5,88.56666666666666,95.03333333333336,25.884615765611304,14.910415405694446,12.749393354435483,13.427348942444745,13.802763422521656,1.285945845508094,60.56944444444444,58.956989247311824,62.12574671445639,66.87762843488649,4.170688801680239,0.0,0.0,0.0,0.0,0.0,0.0,0.0,0.0,0.0,-615.0,-116.0,-8.17527777777778,-49.5,5.341232227488152,5.327217125382263,1338.0,2069.0,0.0,0.1111111111111111,1746.5185185185185,336.0740740740741,0.0,0.0,0.0720523088234571,0,500m,500 m,300025813,4.33304,50.75175,Beersel teller 2,Beersel,2022-07-13
84,2024,11,2880,2880,22.0,21.0,2.074305555555556,2.096875,0.0,0.0,5974.0,6039.0,1156,1147,720,7.643333333333333,-0.6,17.9,86.13606685833332,61.3,59.40000022,1.33000002,80.94027777777778,12.389985789333334,3.0,2.4476685136351923,0.0,0,-0.5000000000000004,0.8660254037844384,8474.0,9434.0,8867.0,8276.5,503.0974060756028,9160.0,10011.0,9478.333333333334,8904.166666666666,464.2244428434744,2.942361111111111,3.17002688172043,3.0111409796893667,2.825393891875746,0.1380117702416421,3.180555555555556,3.3639112903225805,3.2191233572281965,3.0401713709677423,0.12987250905188,953.0,961.0,962.6666666666666,1015.0,10.598742063724586,905.0,944.0,939.3333333333334,965.6666666666666,32.25419869309093,15.625208333333331,19.365860215053765,17.6789896953405,15.513260155316608,1.897125931428727,93.9,53.8,74.0,79.51666666666667,20.05168322111637,13.919146683430556,12.221672575806451,12.635854238742086,13.164093334356856,1.1344028163456212,62.84444444444444,61.58602150537634,63.98623058542413,67.24273446833931,3.1313263456127487,0.0,0.0,0.3333333333333333,0.1666666666666666,0.5773502691896258,0.0,0.0,1.0,1.0,-2500.0,-3121.0,-7.981874999999999,-32.60000000000001,0.9892366285808908,0.9251091703056769,12013.0,17634.0,0.0,0.037037037037037,7423.296296296296,7834.518518518518,0.0,0.0,0.13272807330659758,0,500m,500 m,300025814,3.18772,50.91717,Roeselare totem,Izegem,2022-07-13
85,2024,11,2880,2880,12.0,4.0,0.7677083333333333,0.0475694444444444,0.0,0.0,2211.0,137.0,1798,2756,720,7.417291666666666,-1.45,17.55,86.41893182361112,59.2,58.10000006,0.77,78.64722222222223,12.055056795194444,3.0,3.8998594812192136,0.0,0,-0.5000000000000004,0.8660254037844384,3233.0,3266.0,4422.666666666667,3442.6666666666665,2032.0512624767453,316.0,198.0,907.0,527.6666666666666,1127.3779313078644,1.1225694444444445,1.0974462365591398,1.4981817502986858,1.1721195489844682,0.6724542710360562,0.1097222222222222,0.0665322580645161,0.3059513142174432,0.1784964904420549,0.3778998875226997,1464.0,1469.0,1520.3333333333333,1612.6666666666667,93.27557736799844,2678.0,2833.0,2762.333333333333,2773.1666666666665,78.39855440844165,15.581180555555555,19.588306451612905,17.824976851851854,15.693328479689368,2.04631392302672,103.2,67.9,82.56666666666666,90.1,18.39084917379655,13.856304714305557,11.839321090994623,12.482208146076765,12.945722804159947,1.19082166937931,60.33472222222223,59.31586021505376,62.32976403823178,66.86505376344086,4.367685000050402,0.0,0.0,0.0,0.1666666666666666,0.0,0.0,0.0,0.0,1.0,-1022.0,-179.0,-8.163888888888888,-44.0,16.138686131386862,10.231012658227847,2348.0,3549.0,0.0,0.037037037037037,2568.6666666666665,222.55555555555557,0.0,0.0,0.09812623063132636,0,500m,500 m,300025855,4.17294,50.89621,Asse teller 1,Asse,2022-07-14
86,2024,11,2880,2880,11.0,2.0,0.6927083333333334,0.0180555555555555,0.0,0.0,1995.0,52.0,1839,2830,720,7.417291666666666,-1.45,17.55,86.41893182361112,59.2,58.10000006,0.77,78.64722222222223,12.055056795194444,3.0,3.354068719050002,0.0,0,-0.5000000000000004,0.8660254037844384,2920.0,2773.0,2694.333333333333,2585.0,273.6171290934353,109.0,144.0,124.0,226.16666666666663,18.027756377320333,1.0138888888888888,0.931787634408602,0.9162559737156512,0.8831205197132617,0.1062535642698162,0.0378472222222222,0.0483870967741935,0.0420736260454001,0.0774660244922341,0.0055712767921018,1568.0,1564.0,1604.3333333333333,1645.3333333333333,66.4253967495355,2779.0,2847.0,2830.0,2741.333333333333,44.9777722880978,15.581180555555555,19.588306451612905,17.824976851851854,15.693328479689368,2.04631392302672,103.2,67.9,82.56666666666666,90.1,18.39084917379655,13.856304714305557,11.839321090994623,12.482208146076765,12.945722804159947,1.19082166937931,60.33472222222223,59.31586021505376,62.32976403823178,66.86505376344086,4.367685000050402,0.0,0.0,0.0,0.3333333333333333,0.0,0.0,0.0,0.0,2.0,-925.0,-57.0,-8.163888888888888,-44.0,38.36538461538461,26.788990825688074,2047.0,3029.0,0.0,0.2592592592592592,2212.703703703704,125.92592592592592,0.0,0.0,0.10885453610042443,0,500m,500 m,300025856,4.1709,50.89132,Asse teller 2,Asse,2022-07-14
87,2024,11,2880,2880,115.0,106.0,3.420486111111111,3.910416666666667,0.0,0.0,9851.0,11262.0,1092,902,720,7.190486111111111,-1.3,17.6,86.64464732222223,62.7,56.400000042,4.4099999400000005,77.93888888888888,12.013453760972222,3.0,1.7224040967010288,0.0,0,-0.5000000000000004,0.8660254037844384,13613.0,9851.0,10857.333333333334,10936.5,2415.2197277542537,15371.0,12573.0,12926.333333333334,13138.833333333334,2288.5491765162774,4.726736111111111,3.310147849462365,3.69912261051374,3.740740740740741,0.8986518544447191,5.337152777777778,4.224798387096774,4.40091472520908,4.4918328106332135,0.8617841018537774,915.0,813.0,838.0,904.0,68.0367547726964,722.0,614.0,698.3333333333334,732.6666666666666,75.3414449910098,15.67798611111111,19.644489247311828,17.925480137395457,15.868248954599762,2.0353768723491625,92.9,113.2,101.8,109.2,10.378342834961698,13.033025762361111,11.21590781048387,11.987090064684889,12.400777784705047,0.9391999274833251,58.7875,58.91532258064516,60.90586917562724,65.78596176821983,3.55899933415318,1.0,1.0,0.6666666666666666,0.3333333333333333,0.5773502691896258,1.0,1.0,2.0,2.0,-3762.0,-4109.0,-8.487499999999999,-30.200000000000003,0.8747114189309181,0.8856287814716024,21113.0,28984.0,0.0345017940932928,0.1481481481481481,10148.333333333334,12109.777777777776,1.0,1.0,0.5191542723476842,1,500m,500 m,300025932,4.81259,50.99084,Aarschot,Aarschot,2022-07-16
88,2024,11,2880,2880,7.0,42.0,0.2027777777777777,1.6875,0.0,0.0,584.0,4860.0,2440,1380,720,7.237777777777778,-1.2,17.7,86.6022951861111,70.3,63.20000018,4.96999986,78.17083333333333,11.86732473,3.0,5.323584466986856,2.0,1,-0.5000000000000004,0.8660254037844384,946.0,1202.0,1047.6666666666667,952.0,135.8835285578548,8658.0,10895.0,9564.0,9143.666666666666,1177.5020169834106,0.3284722222222222,0.4038978494623655,0.3555704898446833,0.3250448028673835,0.0419554772508718,3.00625,3.660954301075269,3.246034946236559,3.1207773297491044,0.3607817571176998,2236.0,2234.0,2252.0,2291.5,29.46183972531352,1088.0,941.0,1021.6666666666666,1055.3333333333333,74.54081655934151,15.760555555555555,19.73474462365592,18.003316905615293,15.947414127837511,2.0358392003489607,106.1,110.1,105.0,115.7,5.729746940310559,13.001385819166666,11.350457865053762,12.035907883525985,12.474802883325864,0.8603502212547192,58.540277777777774,58.829301075268816,60.78493130227002,65.72806152927122,3.640421858990986,0.0,1.0,0.3333333333333333,0.5,0.5773502691896258,0.0,1.0,1.0,3.0,-362.0,-3798.0,-8.522777777777778,-35.8,0.1201646090534979,0.1092631092631092,5444.0,9604.0,0.0,0.2592592592592592,825.3703703703703,7632.62962962963,1.0,1.0,0.5797668893298114,1,500m,500 m,300025933,4.91325,51.082,Westerlo teller 1,Westerlo,2022-07-16
89,2024,11,2880,2880,139.0,166.0,2.9090277777777778,4.518055555555556,0.0,0.0,8378.0,13012.0,1246,995,720,7.237777777777778,-1.2,17.7,86.6022951861111,70.3,63.20000018,4.96999986,78.17083333333333,11.86732473,3.0,5.327672718388517,2.0,1,-0.5000000000000004,0.8660254037844384,11485.0,8919.0,9358.0,9552.833333333334,1945.0185089093584,19799.0,19608.0,18720.666666666668,18650.33333333333,1704.993939383176,3.9878472222222223,2.996975806451613,3.187369324970132,3.265399118876942,0.7242988005849936,6.8746527777777775,6.588709677419355,6.364467592592592,6.371176821983274,0.6519036933194544,996.0,910.0,962.6666666666666,994.0,46.14469994845842,740.0,629.0,689.3333333333334,738.1666666666666,56.12783029240778,15.760555555555555,19.73474462365592,18.003316905615293,15.947414127837511,2.0358392003489607,106.1,110.1,105.0,115.7,5.729746940310559,13.001385819166666,11.350457865053762,12.035907883525985,12.474802883325864,0.8603502212547192,58.540277777777774,58.829301075268816,60.78493130227002,65.72806152927122,3.640421858990986,0.0,1.0,0.3333333333333333,0.5,0.5773502691896258,0.0,1.0,1.0,3.0,-3107.0,-6787.0,-8.522777777777778,-35.8,0.6438671995081463,0.5800798020102025,21390.0,31284.0,0.0,0.2592592592592592,8516.111111111111,16028.555555555557,1.0,1.0,0.7215440144991081,1,500m,500 m,300025934,4.91334,51.08191,Westerlo teller 2,Westerlo,2022-07-16
90,2024,11,2880,2880,44.0,2.0,1.4,0.0326388888888888,0.0,0.0,4032.0,94.0,1501,2801,720,7.248402777777779,-0.55,17.7,86.26231986944444,69.6,61.699999844,5.53000001,78.83611111111111,12.30208193422222,3.0,5.26856846722288,0.0,0,-0.5000000000000004,0.8660254037844384,6637.0,7825.0,7083.0,6644.333333333333,646.9528576333838,173.0,187.0,163.0,150.33333333333334,30.265491900843116,2.3045138888888888,2.6293682795698925,2.4048200418160097,2.2678688769414577,0.1948324036646786,0.0600694444444444,0.0628360215053763,0.055417413381123,0.051282482078853,0.0105446069132983,1201.0,1049.0,1142.0,1179.5,81.50460109711608,2740.0,2826.0,2809.0,2799.833333333333,62.2655603042335,15.69875,19.62305107526881,17.879444444444445,15.800050776583037,1.9983290644812133,112.5,63.9,89.3,108.3,24.374576919405136,13.712776347499998,12.156415815994622,12.741004406335122,13.202959995088635,0.8473474708604369,59.32222222222222,59.88172043010753,61.60830346475508,66.15561529271207,3.486311161124038,0.0,0.0,0.0,0.0,0.0,0.0,0.0,0.0,0.0,-2605.0,-79.0,-8.450347222222222,-42.900000000000006,42.8936170212766,38.36416184971098,4126.0,6810.0,0.0,0.074074074074074,5391.259259259259,109.44444444444444,0.0,0.0,0.03729509064532362,0,500m,500 m,300026025,4.6243,51.35752,Brecht teller 1,Brecht,2022-07-21
91,2024,11,2880,2880,38.0,4.0,1.3909722222222225,0.0284722222222222,0.0,0.0,4006.0,82.0,1487,2806,720,7.248402777777779,-0.55,17.7,86.26231986944444,69.6,61.699999844,5.53000001,78.83611111111111,12.30208193422222,3.0,5.261758512471513,0.0,0,-0.5000000000000004,0.8660254037844384,6490.0,8059.0,7092.333333333333,6640.166666666667,845.5733754875032,185.0,277.0,209.33333333333331,203.83333333333331,59.36609582357032,2.2534722222222223,2.707997311827957,2.407407407407408,2.26621677120669,0.2603439441887945,0.0642361111111111,0.0930779569892473,0.0710312126642771,0.069573252688172,0.0195556251202456,1228.0,1047.0,1159.3333333333333,1221.0,98.08329793259064,2735.0,2770.0,2783.333333333333,2769.5,56.19905100029047,15.69875,19.62305107526881,17.879444444444445,15.800050776583037,1.9983290644812133,112.5,63.9,89.3,108.3,24.374576919405136,13.712776347499998,12.156415815994622,12.741004406335122,13.202959995088635,0.8473474708604369,59.32222222222222,59.88172043010753,61.60830346475508,66.15561529271207,3.486311161124038,0.0,0.0,0.0,0.0,0.0,0.0,0.0,0.0,0.0,-2484.0,-103.0,-8.450347222222222,-42.900000000000006,48.85365853658536,35.08108108108108,4088.0,6675.0,0.0,0.074074074074074,5432.148148148148,145.85185185185185,0.0,0.0,0.02891602989367263,0,500m,500 m,300026026,4.62422,51.35739,Brecht teller 2,Brecht,2022-07-21
92,2024,11,2880,2880,31.0,2.0,2.714236111111111,0.0253472222222222,0.0,0.0,7817.0,73.0,952,2809,720,7.286111111111111,-0.95,17.85,86.59074043333334,66.6,60.69999986,4.12999999,78.83888888888889,11.511658329027778,3.0,2.9820742719353763,0.0,0,-0.5000000000000004,0.8660254037844384,11782.0,11446.0,11014.666666666666,10363.666666666666,1051.5822998383594,124.0,155.0,126.33333333333331,158.33333333333334,27.57414247684465,4.090972222222222,3.8461021505376345,3.7451538231780166,3.5414669205495817,0.4058210429091753,0.0430555555555555,0.0520833333333333,0.042913679808841,0.0537839755077657,0.0092414082221076,764.0,681.0,737.6666666666666,791.6666666666666,49.11551010966935,2766.0,2847.0,2834.0,2808.1666666666665,62.52199612936027,15.776805555555557,19.66048387096774,17.949526583034647,15.912990964755076,1.9825888700813377,111.7,90.4,97.39999999999998,108.8,12.385071659057914,13.220096011111112,11.52884827311828,12.18704461221625,12.685700990954077,0.9057963152430568,58.140277777777776,59.2258064516129,60.86530764635604,65.5406660692951,3.818565395204333,0.0,0.0,0.0,0.0,0.0,0.0,0.0,0.0,0.0,-3965.0,-51.0,-8.490694444444445,-45.10000000000001,107.08219178082192,95.01612903225806,7890.0,11906.0,0.0,0.037037037037037,9086.481481481482,90.22222222222224,0.0,0.0,0.05740282751307132,0,500m,500 m,300026086,4.64479,51.14989,Nijlen teller 1,Nijlen,2022-07-24
93,2024,11,2880,2880,44.0,3.0,2.779166666666667,0.0243055555555555,0.0,0.0,8004.0,70.0,915,2818,720,7.286111111111111,-0.95,17.85,86.59074043333334,66.6,60.69999986,4.12999999,78.83888888888889,11.511658329027778,3.0,2.991588356919009,0.0,0,-0.5000000000000004,0.8660254037844384,12006.0,12510.0,11619.666666666666,10615.666666666666,1133.980746456191,126.0,135.0,116.33333333333331,200.0,24.9466096560907,4.16875,4.203629032258065,3.949283154121864,3.676548485957561,0.4107042851021015,0.04375,0.0453629032258064,0.0395609318996415,0.0682448897386709,0.0086899951565414,687.0,654.0,691.6666666666666,718.3333333333334,40.20364825899472,2782.0,2873.0,2857.0,2751.833333333333,68.41783393238865,15.776805555555557,19.66048387096774,17.949526583034647,15.912990964755076,1.9825888700813377,111.7,90.4,97.39999999999998,108.8,12.385071659057914,13.220096011111112,11.52884827311828,12.18704461221625,12.685700990954077,0.9057963152430568,58.140277777777776,59.2258064516129,60.86530764635604,65.5406660692951,3.818565395204333,0.0,0.0,0.0,0.0,0.0,0.0,0.0,0.0,0.0,-4002.0,-56.0,-8.490694444444445,-45.10000000000001,114.34285714285714,95.28571428571428,8074.0,12132.0,0.0,0.037037037037037,9292.111111111111,116.25925925925924,0.0,0.0,0.05661264350220177,0,500m,500 m,300026087,4.64469,51.14998,Nijlen teller 2,Nijlen,2022-07-24
94,2024,11,2880,2880,10.0,32.0,0.3538194444444444,1.5576388888888888,0.0,0.0,1019.0,4486.0,2208,1427,720,7.207152777777777,-1.4,17.75,86.74719012222222,72.2,65.600000058,4.61999987,78.21805555555555,11.65868871125,3.0,4.215183662344748,0.0,0,-0.5000000000000004,0.8660254037844384,1519.0,1777.0,1557.3333333333333,1163.1666666666667,203.2297550392988,7186.0,7266.0,7010.666666666667,4538.666666666667,375.1070958184265,0.5274305555555555,0.5971102150537635,0.5289687873357228,0.3963859020310633,0.0673854807714584,2.495138888888889,2.441532258064516,2.382564217443249,1.5462869623655913,0.1509589158166483,1977.0,1974.0,2028.3333333333333,2223.833333333333,91.52231057689256,1044.0,1002.0,1059.0,1496.3333333333333,65.79513659838526,15.753125,19.734408602150538,17.97684811827957,15.923569668458782,2.0311660398591926,108.6,109.7,105.13333333333333,113.2,6.978777352325695,12.830276192083334,11.317312798225808,11.92798846357079,12.364570599494774,0.7975228863969104,58.60833333333333,59.11827956989247,60.87571684587814,65.61220878136201,3.494910310134406,1.0,0.0,0.3333333333333333,0.3333333333333333,0.5773502691896262,1.0,0.0,1.0,2.0,-500.0,-2700.0,-8.545972222222224,-36.39999999999999,0.227151136870263,0.211383245198998,5505.0,8705.0,0.1148765077541642,0.4444444444444444,1096.4074074074074,4067.814814814815,1.0,1.0,0.5172325621841232,1,500m,500 m,300026090,4.81283,51.17345,Herentals teller 2,Herentals,2022-07-24
95,2024,11,2880,2880,6.0,34.0,0.2579861111111111,2.745833333333333,0.0,0.0,743.0,7908.0,2357,968,720,7.295277777777779,-0.9,17.7,86.68016679861111,67.6,62.799999994,3.3599999,79.31666666666666,11.279182585833333,3.0,5.063300046166916,0.0,0,-0.5000000000000004,0.8660254037844384,478.0,344.0,336.3333333333333,336.0,145.65141033760483,10409.0,9998.0,8795.333333333334,8789.0,2447.658132446875,0.1659722222222222,0.1155913978494623,0.1253519292777267,0.124379822422545,0.0367260197509709,3.614236111111111,3.359543010752688,3.33166732056063,3.272518864538507,0.29748777379949,2524.0,2711.0,2351.6666666666665,2420.833333333333,469.8343679780499,797.0,744.0,683.3333333333334,746.5,153.28513735301726,15.741875,19.589852150537634,17.891512096774193,15.863019713261648,1.9632839334995784,118.3,70.6,90.36666666666667,101.86666666666666,24.876561927511908,13.523975113333334,11.520375853629034,12.318091609910391,12.877427173185485,1.0623338367608004,58.105555555555554,58.71370967741935,60.56296296296296,65.32385005973715,3.742052592113391,0.0,0.0,0.0,0.0,0.0,0.0,0.0,0.0,0.0,265.0,-2501.0,-8.446597222222222,-50.7,0.0939554881133029,0.0459217984436545,8651.0,10887.0,0.0,0.1111111111111111,318.85185185185185,9061.555555555557,0.0,0.0,0.11238847396902389,0,500m,500 m,300026104,4.58437,51.11687,Lier teller 1,Lier,2022-07-26
96,2024,11,2880,2880,9.0,36.0,0.1027777777777777,1.1020833333333333,0.0,0.0,296.0,3174.0,2662,1655,720,7.295277777777779,-0.9,17.7,86.68016679861111,67.6,62.799999994,3.3599999,79.31666666666666,11.279182585833333,3.0,5.056177229262311,0.0,0,-0.5000000000000004,0.8660254037844384,366.0,462.0,403.6666666666667,345.0,51.228247416179535,10735.0,10897.0,10305.333333333334,9762.333333333334,888.201741347846,0.1270833333333333,0.1552419354838709,0.1370071684587813,0.1176541965352448,0.015812349937578,3.7274305555555554,3.6616263440860215,3.5028935185185186,3.3344254032258065,0.3335481812983806,2568.0,2611.0,2619.333333333333,2647.1666666666665,55.967252329675446,889.0,741.0,810.6666666666666,853.8333333333334,74.37965671696372,15.741875,19.589852150537634,17.891512096774193,15.863019713261648,1.9632839334995784,118.3,70.6,90.36666666666667,101.86666666666666,24.876561927511908,13.523975113333334,11.520375853629034,12.318091609910391,12.877427173185485,1.0623338367608004,58.105555555555554,58.71370967741935,60.56296296296296,65.32385005973715,3.742052592113391,0.0,1.0,0.3333333333333333,0.1666666666666666,0.5773502691896258,0.0,1.0,1.0,1.0,-70.0,-7561.0,-8.446597222222222,-50.7,0.0932577189666036,0.0340940847694457,3470.0,11101.0,0.0,0.1481481481481481,256.77777777777777,9088.592592592591,0.0,0.0,0.08680012337339787,0,500m,500 m,300026105,4.58444,51.11705,Lier teller 2,Lier,2022-07-26
97,2024,11,2880,2880,2.0,98.0,0.021875,3.2875,0.0,0.0,63.0,9468.0,2821,897,720,7.117638888888889,-1.45,17.7,86.86756231944445,62.0,57.699999884,3.0100000600000003,78.8375,11.573290684583334,3.0,1.054964585187623,0.0,0,-0.5000000000000004,0.8660254037844384,88.0,108.0,97.33333333333331,88.0,10.066445913694343,13398.0,13057.0,12668.0,12228.5,983.96697099039,0.0305555555555555,0.0362903225806451,0.0330346475507765,0.0300141875746714,0.0029451993337107,4.652083333333334,4.387432795698925,4.306742831541218,4.177977523894863,0.3919648520028478,2805.0,2883.0,2859.333333333333,2850.0,47.18403684863205,762.0,662.0,728.0,765.8333333333334,57.166423711826646,15.764166666666668,19.76283602150537,18.00893369175627,15.9545299432497,2.0440279509293213,103.1,110.2,105.63333333333333,115.03333333333332,3.962743157628833,12.689238890138888,11.011522823709676,11.75198425949074,12.144631468728344,0.8559956022364585,58.52638888888889,58.7258064516129,60.58003285543608,65.65154569892472,3.385783508258412,0.0,0.0,0.0,0.0,0.0,0.0,0.0,0.0,0.0,-25.0,-3930.0,-8.646527777777779,-41.1,0.0066539923954372,0.0065681444991789,9531.0,13486.0,0.0,0.2592592592592592,78.14814814814815,10748.666666666666,0.0,0.0,0.09190508288889779,0,500m,500 m,300026110,4.99698,51.14813,Geel teller 1,Geel,2022-07-26
98,2024,11,2880,2880,6.0,63.0,0.0440972222222222,3.282638888888889,0.0,0.0,127.0,9454.0,2769,796,720,7.117638888888889,-1.45,17.7,86.86756231944445,62.0,57.699999884,3.0100000600000003,78.8375,11.573290684583334,3.0,1.0836801944742696,0.0,0,-0.5000000000000004,0.8660254037844384,126.0,131.0,133.33333333333334,120.66666666666669,8.736894948054125,13276.0,12604.0,12340.0,11946.333333333334,1092.1977842863432,0.04375,0.044018817204301,0.0452732974910394,0.0411775686977299,0.0024093780752239,4.609722222222223,4.235215053763441,4.196072281959379,4.082185259856631,0.4345455498361871,2768.0,2864.0,2831.6666666666665,2827.1666666666665,55.13921774320895,605.0,530.0,579.0,634.8333333333334,42.46174749112407,15.764166666666668,19.76283602150537,18.00893369175627,15.9545299432497,2.0440279509293213,103.1,110.2,105.63333333333333,115.03333333333332,3.962743157628833,12.689238890138888,11.011522823709676,11.75198425949074,12.144631468728344,0.8559956022364585,58.52638888888889,58.7258064516129,60.58003285543608,65.65154569892472,3.385783508258412,0.0,0.0,0.0,0.0,0.0,0.0,0.0,0.0,0.0,1.0,-3822.0,-8.646527777777779,-41.1,0.013433467315422,0.0094908104850858,9581.0,13402.0,0.0,0.2222222222222222,101.1851851851852,10508.666666666666,0.0,0.0,0.08294679087959735,0,500m,500 m,300026111,4.99643,51.1481,Geel teller 2,Geel,2022-07-26
99,2024,11,2880,2880,25.0,10.0,0.9010416666666666,0.2524305555555555,0.0,0.0,2595.0,727.0,1936,2510,720,7.42625,-0.7,17.85,86.61222290277777,75.2,64.199999839,7.70000001,79.09722222222223,11.606121460555556,3.0,4.422638511497552,0.0,0,-0.5000000000000004,0.8660254037844384,3280.0,3031.0,3037.6666666666665,2984.0,239.0697248363593,836.0,793.0,751.3333333333334,759.3333333333334,111.5003736914516,1.1388888888888888,1.018823529411765,1.03308155878839,1.0198319233607422,0.0994478681715479,0.2902777777777778,0.2665546218487395,0.2556152801622441,0.2596363437848257,0.0412352136238485,1756.0,1847.0,1813.6666666666667,1831.1666666666667,50.143128475728055,2440.0,2555.0,2535.6666666666665,2507.333333333333,87.61468674448096,15.814583333333331,19.685080645161293,17.977441756272402,15.934925328554362,1.974995184387168,116.6,71.7,91.53333333333336,102.76666666666664,22.90291102312831,13.480869464027778,11.594691570161292,12.31439716737754,12.865538586558245,1.0193709455443514,58.24166666666667,58.70295698924731,60.47482078853047,65.39487753882916,3.4761075360177123,2.0,0.0,1.0,1.1666666666666667,1.0,1.0,0.0,3.0,7.0,-685.0,-109.0,-8.388333333333332,-41.39999999999999,3.569463548830812,3.923444976076555,3322.0,4116.0,0.4859086491739553,0.7407407407407407,3068.4074074074074,633.5555555555555,0.0,0.0,0.3085661853332291,1,500m,500 m,300026136,4.46882,51.04564,Mechelen teller 1,Mechelen,2022-07-28
100,2024,11,2880,2880,50.0,76.0,8.010069444444444,7.977083333333334,0.0,0.0,23069.0,22974.0,405,486,720,7.42625,-0.7,17.85,86.61222290277777,75.2,64.199999839,7.70000001,79.09722222222223,11.606121460555556,3.0,4.417685720310339,0.0,0,-0.5000000000000004,0.8660254037844384,26715.0,25345.0,25991.666666666668,27367.83333333333,688.210239195383,25574.0,24620.0,24413.0,24087.83333333333,1277.1440795775593,9.276041666666666,8.51646505376344,8.833501344086022,9.350168010752688,0.3950349406092475,8.879861111111111,8.272849462365592,8.298775388291517,8.229489620669057,0.5685662542689792,388.0,312.0,358.0,362.8333333333333,40.44749683231333,512.0,432.0,461.3333333333333,463.3333333333333,44.060564378288746,15.814583333333331,19.685080645161293,17.977441756272402,15.934925328554362,1.974995184387168,116.6,71.7,91.53333333333336,102.76666666666664,22.90291102312831,13.480869464027778,11.594691570161292,12.31439716737754,12.865538586558245,1.0193709455443514,58.24166666666667,58.70295698924731,60.47482078853047,65.39487753882916,3.4761075360177123,2.0,0.0,1.0,1.1666666666666667,1.0,1.0,0.0,3.0,7.0,-3646.0,-2600.0,-8.388333333333332,-41.39999999999999,1.0041351092539392,1.0446156252443888,46043.0,52289.0,0.0382489624968922,0.7407407407407407,24361.14814814815,20842.11111111111,0.0,0.0,0.3088050926862302,1,500m,500 m,300026137,4.46883,51.0457,Mechelen teller 2,Mechelen,2022-07-28
101,2024,11,2880,2880,17.0,21.0,2.1059027777777777,0.7506944444444444,0.0,0.0,6065.0,2162.0,1124,1727,720,7.107291666666667,-1.4,17.5,86.81348617083333,64.9,59.999999984,3.42999987,78.425,11.937376704166669,3.0,4.597680589455623,1.0,1,-0.5000000000000004,0.8660254037844384,8511.0,9755.0,9133.333333333334,8542.333333333334,622.0002679527812,2950.0,3344.0,3125.6666666666665,3014.0,200.4353594886228,2.955208333333333,3.2778897849462365,3.100772849462366,2.937043191217686,0.1636383090205713,1.0243055555555556,1.1236559139784943,1.061305256869773,1.037827687156252,0.0543104653769699,955.0,808.0,875.6666666666666,913.6666666666666,74.19119444606189,1543.0,1486.0,1524.0,1545.3333333333333,32.9089653438095,15.726319444444446,19.70799731182796,17.983549133811234,15.931977673237752,2.0436075366934348,81.7,129.6,105.1,112.4,23.96893823263763,12.525464262777778,10.779097600537636,11.534118008784349,11.936994702594086,0.8968481246966609,58.99027777777778,58.50672043010753,60.76154420549582,65.73202658303465,3.495069193847734,0.0,2.0,1.3333333333333333,0.8333333333333334,1.1547005383792517,0.0,1.0,4.0,5.0,-2446.0,-788.0,-8.619027777777779,-16.799999999999997,2.80527289546716,2.885084745762712,8227.0,11461.0,0.0,0.9230769230769232,6966.923076923077,2404.346153846154,1.0,1.0,0.828531489172089,1,500m,500 m,300026274,5.04481,50.97799,Diest teller 1,Diest,2022-08-02
102,2024,11,2880,2880,18.0,5.0,1.790625,0.2888888888888888,0.0,0.0,5157.0,832.0,1246,2296,720,7.107291666666667,-1.4,17.5,86.81348617083333,64.9,59.999999984,3.42999987,78.425,11.937376704166669,3.0,4.599439195737094,1.0,1,-0.5000000000000004,0.8660254037844384,7664.0,8446.0,8142.666666666667,7352.166666666667,419.4488447156977,1106.0,1239.0,1210.0,1096.5,92.95697929687698,2.661111111111111,2.838037634408602,2.764725209080048,2.6056329265604696,0.0922734641440295,0.3840277777777778,0.4141538742690058,0.4099897621517952,0.387817016048364,0.0241506904382213,983.0,921.0,940.3333333333334,949.5,37.00450423034058,2140.0,2177.0,2165.333333333333,2122.5,21.96208854670425,15.726319444444446,19.70799731182796,17.983549133811234,15.931977673237752,2.0436075366934348,81.7,129.6,105.1,112.4,23.96893823263763,12.525464262777778,10.779097600537636,11.534118008784349,11.936994702594086,0.8968481246966609,58.99027777777778,58.50672043010753,60.76154420549582,65.73202658303465,3.495069193847734,0.0,2.0,1.3333333333333333,0.8333333333333334,1.1547005383792517,0.0,1.0,4.0,5.0,-2507.0,-274.0,-8.619027777777779,-16.799999999999997,6.198317307692308,6.929475587703436,5989.0,8770.0,0.0,0.8846153846153846,6399.153846153846,1029.6153846153843,1.0,1.0,0.8039202532216952,1,500m,500 m,300026275,5.04474,50.9779,Diest teller 2,Diest,2022-08-02
103,2024,11,2880,2880,24.0,3.0,1.430902777777778,0.034375,0.0,0.0,4121.0,99.0,1397,2784,720,7.142291666666666,-1.05,17.65,86.64948264583333,66.3,60.299999865,4.20000006,79.56527777777778,12.662486873958333,3.0,4.480450184095923,0.0,0,-0.5000000000000004,0.8660254037844384,6266.0,6343.0,5902.666666666667,5605.0,697.0597774461919,133.0,140.0,129.66666666666666,122.83333333333331,12.342339054382398,2.1756944444444444,2.1313844086021505,2.006817502986858,1.9141969086021504,0.2550937344541923,0.0461805555555555,0.0470430107526881,0.0438593052411494,0.0431978625237858,0.0047868947372976,1142.0,938.0,1073.6666666666667,1129.1666666666667,117.49184368854412,2756.0,2849.0,2829.6666666666665,2819.833333333333,66.15386106141742,15.656041666666669,19.53266129032258,17.805642921146955,15.743991188769414,1.9725559935887576,94.7,75.1,83.43333333333332,106.25,10.123899117105628,13.400307207361111,11.869622344758064,12.482818531306748,12.972532424542266,0.8094408418950275,58.48888888888889,60.1518817204301,61.34217443249702,65.9460050776583,3.599205484793188,0.0,0.0,0.0,0.0,0.0,0.0,0.0,0.0,0.0,-2145.0,-34.0,-8.513750000000002,-28.40000000000001,41.62626262626262,47.11278195488722,4220.0,6399.0,0.0,0.0769230769230769,5039.769230769231,112.57692307692308,0.0,0.0,0.04909983126556173,0,500m,500 m,300026302,4.73872,51.31681,Malle teller 1,Malle,2022-08-03
104,2024,11,2880,2880,23.0,4.0,1.4479166666666667,0.0440972222222222,0.0,0.0,4170.0,127.0,1387,2767,720,7.142291666666666,-1.05,17.65,86.64948264583333,66.3,60.299999865,4.20000006,79.56527777777778,12.662486873958333,3.0,4.473530253756495,0.0,0,-0.5000000000000004,0.8660254037844384,6320.0,6523.0,6009.0,5718.333333333333,721.6446493947014,209.0,270.0,250.33333333333331,256.8333333333333,35.80968211717785,2.1944444444444446,2.1918682795698925,2.0427494026284347,1.9531436678614096,0.2605156798448657,0.0725694444444444,0.0907258064516129,0.0848977001194743,0.0877090800477897,0.010681869051985,1109.0,977.0,1075.3333333333333,1129.6666666666667,86.55826554023191,2713.0,2756.0,2749.6666666666665,2718.833333333333,33.94603560554919,15.656041666666669,19.53266129032258,17.805642921146955,15.743991188769414,1.9725559935887576,94.7,75.1,83.43333333333332,106.25,10.123899117105628,13.400307207361111,11.869622344758064,12.482818531306748,12.972532424542266,0.8094408418950275,58.48888888888889,60.1518817204301,61.34217443249702,65.9460050776583,3.599205484793188,0.0,0.0,0.0,0.0,0.0,0.0,0.0,0.0,0.0,-2150.0,-82.0,-8.513750000000002,-28.40000000000001,32.83464566929134,30.239234449760765,4297.0,6529.0,0.0,0.0769230769230769,5174.692307692308,251.46153846153845,0.0,0.0,0.06269625514111335,0,500m,500 m,300026303,4.73852,51.31682,Malle teller 2,Malle,2022-08-03
105,2024,11,2764,2764,0.0,0.0,0.0,0.0,0.0,0.0,0.0,0.0,2764,2764,720,7.175347222222222,-1.5,17.1,87.14487473472222,62.0,59.20000001,1.96,77.43611111111112,12.54668836261111,3.0,6.06582237039172,0.0,0,-0.5000000000000004,0.8660254037844384,0.0,0.0,0.0,0.0,0.0,0.0,0.0,0.0,0.0,0.0,0.0,0.0,0.0,0.0,0.0,0.0,0.0,0.0,0.0,0.0,2880.0,2976.0,2944.0,2908.6666666666665,55.425625842191735,2880.0,2976.0,2944.0,2908.6666666666665,55.4256258422033,15.350625,19.42385752688172,17.625611559139784,15.475966248506571,2.078044031806517,111.5,60.5,88.56666666666666,95.03333333333336,25.884615765611294,14.910415405694446,12.749393354435483,13.427348942444745,13.802763422521656,1.285945845508161,60.56944444444444,58.956989247311824,62.12574671445639,66.87762843488649,4.170688801680221,0.0,0.0,0.0,0.0,0.0,0.0,0.0,0.0,0.0,0.0,0.0,-8.17527777777778,-49.5,,,0.0,0.0,,0.3461538461538461,1027.6538461538462,264.96153846153845,0.0,0.0,0.037591540403936474,0,500m,500 m,300026348,4.24943,50.75509,St. pieters leeuw teller 2,Halle,2022-08-04
106,2024,11,2880,2880,4.0,6.0,0.2221354166666666,0.1538194444444444,0.0,0.0,615.0,443.0,2417,2530,720,7.175347222222222,-1.5,17.1,87.14487473472222,62.0,59.20000001,1.96,77.43611111111112,12.54668836261111,3.0,6.07839413574047,0.0,0,-0.5000000000000004,0.8660254037844384,1154.0,1283.0,1206.3333333333333,1146.1666666666667,67.85523806850323,397.0,483.0,430.0,435.0,46.35730794599704,0.4097351593712003,0.4311155913978494,0.4126760567079628,0.3930563116574461,0.017159153191935,0.137895102466134,0.1622983870967742,0.1459874355890697,0.1484846825496125,0.0141258394903401,2134.0,2117.0,2151.0,2172.5,44.97777228809895,2574.0,2603.0,2604.6666666666665,2591.1666666666665,31.53305144341839,15.350625,19.42385752688172,17.625611559139784,15.475966248506571,2.078044031806517,111.5,60.5,88.56666666666666,95.03333333333336,25.884615765611294,14.910415405694446,12.749393354435483,13.427348942444745,13.802763422521656,1.285945845508161,60.56944444444444,58.956989247311824,62.12574671445639,66.87762843488649,4.170688801680221,0.0,0.0,0.0,0.0,0.0,0.0,0.0,0.0,0.0,-539.0,46.0,-8.17527777777778,-49.5,1.3882618510158014,2.906801007556675,1058.0,1551.0,0.0,0.3461538461538461,1079.576923076923,433.0769230769231,0.0,0.0,0.079164545305908,0,500m,500 m,300026349,4.24951,50.75533,St. pieters leeuw teller 1,Sint-Pieters-Leeuw,2022-08-04
107,2024,11,2880,2880,137.0,105.0,24.501041666666666,16.146180555555556,0.0,0.0,70563.0,46501.0,177,326,720,7.251388888888889,-1.45,17.6,86.21832776666666,64.4,54.49999991,6.93000003,77.86805555555556,11.817046230944444,3.0,4.894743148107723,2.0,1,-0.5000000000000004,0.8660254037844384,87760.0,83223.0,83145.0,81775.33333333333,4654.4901976477695,57180.0,55789.0,55242.0,54263.833333333336,2261.667305330316,30.47222222222222,27.964717741935484,28.266166367980883,27.922439702807647,2.071844878347932,19.854166666666668,18.74630376344086,18.77598566308244,18.536971699522105,1.0636507092614385,165.0,147.0,151.33333333333334,165.0,12.09683154108273,319.0,307.0,298.6666666666667,302.5,25.54081700598736,15.599444444444446,19.59630376344086,17.84161589008363,15.760213933691755,2.0425355024810954,84.9,72.4,85.10000000000001,91.53333333333336,12.801171821360716,13.358713336805554,11.347400907755375,12.118804048814216,12.53686853262149,1.084420549924276,59.04583333333333,58.25806451612903,60.92477598566308,65.84575866188769,3.956308061065589,3.0,0.0,1.0,1.3333333333333333,1.7320508075688772,1.0,0.0,3.0,8.0,-17197.0,-10679.0,-8.348055555555558,-20.5,1.517451237607793,1.5348023784540048,117064.0,144940.0,0.020698219953084,1.3846153846153846,73811.69230769231,50635.92307692308,0.0,0.0,0.3594351304241767,1,500m,500 m,300026758,4.7087919,50.8870744,leuven totem,Leuven,2022-08-23
108,2024,11,2880,2880,112.0,66.0,5.2652777777777775,2.453125,0.0,0.0,15164.0,7065.0,781,1462,720,7.251388888888889,-1.45,17.6,86.21832776666666,64.4,54.49999991,6.93000003,77.86805555555556,11.817046230944444,3.0,3.399213645966453,0.0,0,-0.5000000000000004,0.8660254037844384,19370.0,14652.0,16171.333333333334,16865.833333333332,2771.2815326728087,9846.0,7592.0,7998.666666666667,8014.0,1681.299893931281,6.725694444444445,4.923387096774194,5.5062350657108725,5.767962216248506,1.0564248715262408,3.41875,2.5510752688172045,2.7244847670250896,2.740412186379928,0.6258457334783532,674.0,794.0,736.0,727.8333333333334,60.09991680526697,1221.0,1198.0,1218.3333333333333,1246.6666666666667,19.13983629327432,15.599444444444446,19.59630376344086,17.84161589008363,15.760213933691755,2.0425355024810954,84.9,72.4,85.10000000000001,91.53333333333336,12.801171821360752,13.358713336805554,11.347400907755375,12.118804048814216,12.53686853262149,1.0844205499242694,59.04583333333333,58.25806451612903,60.92477598566308,65.8457586618877,3.956308061065581,1.0,1.0,1.0,0.5,0.0,1.0,1.0,3.0,3.0,-4206.0,-2781.0,-8.348055555555558,-20.5,2.146355272469922,1.9672963640056875,22229.0,29216.0,0.0342278203723986,0.3076923076923077,15299.73076923077,7304.961538461538,0.0,0.0,0.10709229315233787,0,500m,500 m,300026820,4.6954674,50.8471728,Heverlee teller 1,Leuven,2022-08-25
109,2024,11,2880,2880,70.0,164.0,6.389930555555556,9.185416666666669,0.0,0.0,18403.0,26454.0,611,544,720,7.473055555555556,-0.85,17.85,86.17762611250001,72.2,64.800000098,5.179999860000001,79.07916666666667,11.798641720833333,3.0,2.9029987762810125,0.0,0,-0.5000000000000004,0.8660254037844384,27564.0,25399.0,24681.33333333333,23549.166666666668,3300.5463689112607,37862.0,36425.0,34985.666666666664,33535.5,3805.913337601555,9.570833333333333,8.534610215053764,8.396370967741936,8.104266170960654,1.2493313135847208,13.146527777777775,12.239583333333334,11.897296893667862,11.538192993700369,1.4509764299377943,511.0,408.0,455.6666666666667,475.3333333333333,51.92622972384543,505.0,401.0,454.6666666666667,458.8333333333333,52.080066564214754,15.807708333333332,19.713239247311822,17.995333781362003,15.928678688769416,1.9946855832896324,107.3,66.4,84.73333333333333,98.4,20.776027852631824,13.62028726097222,11.831017086962367,12.463458513424431,12.970422910706242,1.0032988018465845,58.49583333333333,58.91935483870968,60.834632616487454,65.73571535244922,3.690219688126857,2.0,0.0,0.6666666666666666,0.3333333333333333,1.1547005383792517,1.0,0.0,2.0,2.0,-9161.0,-11408.0,-8.334652777777777,-35.099999999999994,0.6956603916231949,0.72801225503143,44857.0,65426.0,0.0305688869868248,0.2692307692307692,17662.576923076922,25559.0,0.0,0.0,0.1707276774736713,0,500m,500 m,300026861,4.4707023,50.9903936,Zemst,Zemst,2022-08-26
110,2024,11,2880,2880,40.0,48.0,3.417361111111111,4.70625,0.0,0.0,9842.0,13554.0,1006,825,720,7.207152777777777,-1.4,17.75,86.74719012222222,72.2,65.600000058,4.61999987,78.21805555555555,11.65868871125,3.0,4.301961841396435,0.0,0,-0.5000000000000004,0.8660254037844384,14239.0,16982.0,15978.0,16974.666666666668,1512.0122354002328,20362.0,21795.0,20940.33333333333,20208.666666666668,755.4087193919272,4.944097222222222,5.706317204301075,5.422113948626046,5.797276359020311,0.4164343541868665,7.070138888888889,7.323588709677419,7.1124253285543615,6.901519563918757,0.1935168440510917,801.0,790.0,771.3333333333334,749.3333333333334,42.21768981521161,688.0,657.0,677.0,701.0,17.34935157289598,15.753125,19.734408602150538,17.97684811827957,15.923569668458782,2.031166039859168,108.6,109.7,105.13333333333333,113.2,6.978777352325695,12.830276192083334,11.317312798225808,11.92798846357079,12.364570599494774,0.7975228863969138,58.60833333333333,59.11827956989247,60.87571684587814,65.61220878136201,3.4949103101344146,1.0,0.0,0.3333333333333333,0.3333333333333333,0.5773502691896262,1.0,0.0,1.0,2.0,-4397.0,-6808.0,-8.545972222222224,-36.39999999999999,0.726132507009001,0.699292800314311,23396.0,34601.0,0.0289008988179532,0.4230769230769231,13937.46153846154,16845.0,1.0,1.0,0.6836176307518185,1,500m,500 m,300026986,4.811783,51.1739426,Herentals totem,Herentals,2022-08-31
111,2024,11,2880,2880,43.0,44.0,1.955902777777777,1.9086805555555555,0.0,0.0,5633.0,5497.0,1371,1349,720,7.311111111111111,-0.65,17.4,86.57227971666667,68.1,64.19999994,2.73000002,78.95,11.66492749236111,3.0,3.669188063849576,2.0,1,-0.5000000000000004,0.8660254037844384,8577.0,8333.0,8303.666666666666,8043.833333333333,289.1181995885375,8388.0,8323.0,8214.666666666666,7884.166666666667,246.08602831801895,2.978125,2.8000672043010755,2.8222334229390675,2.7475694444444443,0.146075317101477,2.9125,2.796706989247312,2.791621863799284,2.6927867383512543,0.1234992420976184,1149.0,1128.0,1141.6666666666667,1137.6666666666667,11.846237095941255,1119.0,1046.0,1086.3333333333333,1118.0,37.09896674212765,15.566180555555556,19.57741935483871,17.803556600955798,15.694812574671444,2.0453954641532226,95.5,70.8,91.66666666666664,96.56666666666666,19.238589691901364,13.855515536486111,11.921704667607528,12.618416261969386,13.082037505655393,1.0742068016892987,59.24444444444445,58.47715053763441,61.35746714456392,66.06978046594982,4.341343462725219,0.0,0.0,0.3333333333333333,0.8333333333333334,0.5773502691896257,0.0,0.0,1.0,5.0,-2944.0,-2891.0,-8.255069444444445,-27.40000000000001,1.0247407676914682,1.0225321888412018,11130.0,16965.0,0.0,1.32,6493.56,6377.36,1.0,1.0,0.6703496155071961,1,500m,500 m,300027064,4.4597084,50.8871216,Zaventem totem,Zaventem,2022-09-02
112,2024,11,2880,2880,49.0,22.0,3.576736111111111,1.057986111111111,0.0,0.0,10301.0,3047.0,872,1622,720,7.117638888888889,-1.45,17.7,86.86756231944445,62.0,57.699999884,3.0100000600000003,78.8375,11.573290684583334,3.0,4.908199780851328,0.0,0,-0.5000000000000004,0.8660254037844384,14147.0,14916.0,14339.333333333334,13564.833333333334,508.55121013849936,4295.0,5145.0,4633.666666666667,4280.333333333333,450.5389365341624,4.912152777777778,5.012096774193548,4.871143219832735,4.632543682795699,0.1653182726891197,1.4913194444444444,1.7288306451612905,1.5730473416965352,1.4610327060931898,0.1349668292895741,681.0,579.0,625.6666666666666,673.6666666666666,51.54932912592892,1377.0,1326.0,1386.3333333333333,1434.8333333333333,65.50063612922669,15.764166666666668,19.76283602150537,18.00893369175627,15.9545299432497,2.0440279509293195,103.1,110.2,105.63333333333333,115.03333333333332,3.962743157628833,12.689238890138888,11.011522823709676,11.75198425949074,12.144631468728344,0.8559956022364841,58.52638888888889,58.7258064516129,60.58003285543608,65.65154569892472,3.385783508258412,0.0,2.0,0.6666666666666666,0.3333333333333333,1.1547005383792517,0.0,1.0,2.0,2.0,-3846.0,-1248.0,-8.646527777777779,-41.1,3.380702330160814,3.293830034924331,13348.0,18442.0,0.0,0.36,12632.52,3960.16,0.0,0.0,0.2401533394455411,1,500m,500 m,300027129,4.9394789,51.1354992,Geel teller 2,Westerlo,2022-09-06
113,2024,11,2880,2880,27.0,18.0,1.067013888888889,0.8975694444444444,0.0,0.0,3073.0,2585.0,1645,1737,720,7.617638888888889,-0.55,17.65,86.10221235972223,61.0,55.99999995,3.4999999,80.25138888888888,12.266227737138887,3.0,3.489494410077344,0.0,0,-0.5000000000000004,0.8660254037844384,4671.0,5711.0,4816.333333333333,4466.166666666667,831.5800222067229,3989.0,3962.0,3730.0,3558.333333333333,425.432720885453,1.621875,1.919018817204301,1.6358310931899644,1.5245855734767024,0.2764739866659234,1.3850694444444445,1.3313172043010753,1.2682534348864996,1.2154009856630823,0.1580818680067696,1393.0,1249.0,1364.3333333333333,1405.0,104.00641005886796,1467.0,1373.0,1454.0,1493.6666666666667,75.34586916347826,15.71625,19.62755376344086,17.870828853046596,15.70416629330944,1.985771915966106,90.4,79.0,83.63333333333334,89.25,5.991939029507216,13.439862783472222,11.633177825188172,12.167153835234467,12.618811432734468,1.1069428169960798,61.09861111111111,60.56182795698925,63.11037933094385,67.0108422939068,3.9584618397488023,0.0,0.0,0.0,0.0,0.0,0.0,0.0,0.0,0.0,-1598.0,-1404.0,-8.098611111111111,-29.40000000000001,1.1887814313346228,1.1709701679618951,5658.0,8660.0,0.0,0.2,3730.6,3169.84,0.0,0.0,0.1998499091832073,0,500m,500 m,300027489,3.55578,50.96018,Deinze teller 2,Deinze,2022-09-21
114,2024,11,2880,2880,9.0,11.0,0.2336805555555555,0.2423611111111111,0.0,0.0,673.0,698.0,2476,2490,720,7.617638888888889,-0.55,17.65,86.10221235972223,61.0,55.99999995,3.4999999,80.25138888888888,12.266227737138887,3.0,3.44608145630382,0.0,0,-0.5000000000000004,0.8660254037844384,1040.0,1070.0,1050.6666666666667,997.3333333333334,16.77299416721197,1066.0,1074.0,1076.6666666666667,1023.5,12.220201853216608,0.3611111111111111,0.3595430107526882,0.3569295101553165,0.3407351403823178,0.0059367321416663,0.3701388888888889,0.3608870967741935,0.3657631421744325,0.3496621117084826,0.0046461423153656,2328.0,2436.0,2409.333333333333,2417.833333333333,71.8145760506405,2370.0,2454.0,2412.0,2413.833333333333,41.99999999999808,15.71625,19.62755376344086,17.870828853046596,15.70416629330944,1.985771915966106,90.4,79.0,83.63333333333334,89.25,5.991939029507216,13.439862783472222,11.633177825188172,12.167153835234467,12.618811432734468,1.1069428169960798,61.09861111111111,60.56182795698925,63.11037933094385,67.0108422939068,3.9584618397488023,0.0,0.0,0.0,0.0,0.0,0.0,0.0,0.0,0.0,-367.0,-368.0,-8.098611111111111,-29.40000000000001,0.9641833810888252,0.975609756097561,1371.0,2106.0,0.0,0.24,901.72,928.56,0.0,0.0,0.12548204268599927,0,500m,500 m,300027499,3.555502,50.9598305,Deinze teller 1,Nazareth,2022-09-21
115,2024,11,2880,2880,58.0,65.0,2.9625,2.792708333333333,0.0,0.0,8532.0,8043.0,926,1103,720,7.683263888888889,-0.2,17.85,85.96276235833334,70.6,63.499999782,4.97000006,80.34444444444445,12.801493604916669,3.0,5.003043045547279,0.0,0,-0.5000000000000004,0.8660254037844384,12828.0,14443.0,13204.666666666666,12267.833333333334,1099.5036759071547,12281.0,13080.0,12127.666666666666,11499.833333333334,1037.5328107261655,4.454166666666667,4.853158602150538,4.484946236559139,4.187783751493429,0.3538280795177095,4.264236111111111,4.395161290322581,4.121008811230586,3.9268574522102746,0.3673414767750225,749.0,632.0,707.6666666666666,759.0,65.62265868839366,855.0,741.0,798.6666666666666,833.6666666666666,57.01169470672923,15.745416666666667,19.47090053763441,17.711017025089607,15.520570863201913,1.871242123221549,102.2,51.3,86.69999999999999,91.1,30.736135085595887,14.974770966527778,13.441496636787637,13.82233964398148,14.328039873964308,1.016977845801598,62.36527777777778,60.94489247311828,63.48511051373955,67.15373357228195,3.248284527069419,0.0,0.0,0.6666666666666666,0.6666666666666666,1.1547005383792517,0.0,0.0,2.0,4.0,-4296.0,-4238.0,-8.06215277777778,-31.60000000000001,1.0607982096232749,1.04454034687729,16575.0,25109.0,0.0,0.88,10289.92,9351.92,1.0,1.0,0.5365326309013158,1,500m,500 m,300027871,3.4350591,51.1058367,Aalter,Aalter,2022-10-01
116,2024,11,2880,2880,54.0,2.0,2.3805555555555555,0.0472222222222222,0.0,0.0,6856.0,136.0,1196,2749,720,7.501875,-0.65,17.65,86.32663242083333,68.1,60.60000003,5.2499999100000005,79.84861111111111,11.924960947847222,3.0,4.211946491727954,1.0,1,-0.5000000000000004,0.8660254037844384,9919.0,9784.0,9492.333333333334,9555.833333333334,625.7462211898104,193.0,221.0,210.66666666666663,231.66666666666663,15.373136743466969,3.444097222222222,3.2876344086021505,3.226661439665472,3.2635547341696536,0.2534831901578087,0.0670138888888888,0.074260752688172,0.0715091099163679,0.0790154569892472,0.0039254690906063,962.0,982.0,973.6666666666666,1000.1666666666666,10.40832999733405,2713.0,2798.0,2768.333333333333,2736.833333333333,47.96179034745558,15.733125,19.768212365591395,17.953425179211468,15.774669952210273,2.0478801484718794,93.6,72.2,80.26666666666667,90.61666666666667,11.631566245924622,13.7322165375,12.020330831693547,12.57221130048387,12.985480521593338,1.004987546058839,60.74583333333333,59.48252688172043,62.436783154121855,66.63775388291518,4.072154286594374,0.0,0.0,0.0,0.3333333333333333,0.0,0.0,0.0,0.0,2.0,-3063.0,-57.0,-8.23125,-25.5,50.41176470588236,51.39378238341969,6992.0,10112.0,0.0,0.44,8391.68,205.04,1.0,1.0,0.5891234144064996,1,500m,500 m,300027878,3.8040599,50.9986113,Melle teller 2,Melle,2022-10-01
117,2024,11,2880,2880,77.0,9.0,2.935416666666667,0.0958333333333333,0.0,0.0,8454.0,276.0,1107,2682,720,7.501875,-0.65,17.65,86.32663242083333,68.1,60.60000003,5.2499999100000005,79.84861111111111,11.924960947847222,3.0,4.211946491727954,1.0,1,-0.5000000000000004,0.8660254037844384,12931.0,13342.0,12763.0,12065.333333333334,678.7761044704007,546.0,818.0,705.0,659.5,141.71450172794604,4.489930555555556,4.483198924731183,4.336921296296297,4.120323700716846,0.2592119009085467,0.1895833333333333,0.2748655913978494,0.2389336917562723,0.2249234617682197,0.0441962347060915,920.0,846.0,877.3333333333334,927.5,38.27967258654842,2497.0,2493.0,2492.6666666666665,2516.0,4.509249752767281,15.733125,19.768212365591395,17.953425179211468,15.774669952210273,2.0478801484718794,93.6,72.2,80.26666666666667,90.61666666666667,11.631566245924622,13.7322165375,12.020330831693547,12.57221130048387,12.985480521593338,1.004987546058839,60.74583333333333,59.48252688172043,62.436783154121855,66.63775388291518,4.072154286594374,0.0,0.0,0.0,0.3333333333333333,0.0,0.0,0.0,0.0,2.0,-4477.0,-270.0,-8.23125,-25.5,30.630434782608692,23.683150183150182,8730.0,13477.0,0.0,0.44,10074.92,499.44,1.0,1.0,0.4874570885384279,1,500m,500 m,300027879,3.8040599,50.9986113,Melle teller 1,Melle,2022-10-01
118,2024,11,2880,2880,63.0,7.0,9.20138888888889,0.471875,0.0,0.0,26500.0,1359.0,270,1908,720,7.623125,0.1,17.6,86.28868370138889,59.4,56.69999999,1.89000006,79.9125,12.033941203055557,3.0,5.411528164080807,4.0,1,-0.5000000000000004,0.8660254037844384,30739.0,25681.0,27098.0,27301.5,3178.9106624754318,1699.0,1545.0,1763.0,1771.6666666666667,256.07030284669884,10.673263888888888,8.97937062937063,9.449945771820772,9.446974827367972,1.0687773776787546,0.5899305555555555,0.5402097902097902,0.6150584369334369,0.6136018737833254,0.0900806208630297,272.0,242.0,240.66666666666663,253.33333333333331,32.02082655605914,1743.0,1778.0,1734.0,1767.1666666666667,49.12229636326049,15.76986111111111,19.77956989247312,17.962377538829152,15.777550403225804,2.031032310985596,85.9,72.5,79.93333333333335,88.93333333333334,6.819335255971295,13.384904637777776,11.787825755779568,12.281208180737751,12.675567061476256,0.957615607719599,60.74027777777778,60.16935483870968,62.66028972520909,66.84305555555555,3.830643187430995,0.0,0.0,0.3333333333333333,1.0,0.5773502691896296,0.0,0.0,1.0,6.0,-4239.0,-340.0,-8.14673611111111,-26.500000000000007,19.49963208241354,18.09240729841083,27859.0,32438.0,0.0,1.2083333333333333,26554.5,1620.0,1.0,1.0,0.8818621197070534,1,500m,500 m,300027898,3.7681359,51.028049,Gent teller 1,Gent,2022-10-04
119,2024,11,0,0,,,,,,,0.0,0.0,0,0,720,7.623125,0.1,17.6,86.28868370138889,59.4,56.69999999,1.89000006,79.9125,12.033941203055557,3.0,5.434427120503393,4.0,1,-0.5000000000000004,0.8660254037844384,0.0,0.0,0.0,0.0,0.0,0.0,0.0,0.0,0.0,0.0,0.0,0.0,0.0,0.0,0.0,0.0,0.0,0.0,0.0,0.0,2880.0,2976.0,2944.0,2928.0,55.42562584219943,2880.0,2976.0,2944.0,2928.0,55.42562584220416,15.76986111111111,19.77956989247312,17.962377538829152,15.777550403225804,2.031032310985596,85.9,72.5,79.93333333333335,88.93333333333334,6.819335255971295,13.384904637777776,11.787825755779568,12.281208180737751,12.675567061476256,0.957615607719599,60.74027777777778,60.16935483870968,62.66028972520909,66.84305555555555,3.830643187430995,0.0,0.0,0.3333333333333333,1.0,0.5773502691896296,0.0,0.0,1.0,6.0,0.0,0.0,-8.14673611111111,-26.500000000000007,,,0.0,0.0,,1.2083333333333333,9330.25,489.0,1.0,1.0,0.8765243444519588,1,500m,500 m,300027900,3.7683918,51.0281795,Gent teller 2,Gent,2022-10-04
120,2024,11,2880,2880,25.0,4.0,0.8659722222222223,0.0743055555555555,0.0,0.0,2494.0,214.0,1734,2689,720,7.478333333333333,-0.85,17.85,86.66855838611112,70.1,65.49999997,3.22,80.19027777777778,12.057307137638889,3.0,2.0127333982949103,0.0,0,-0.5000000000000004,0.8660254037844384,3621.0,4440.0,3992.0,3940.1666666666665,414.8939623566495,428.0,634.0,564.0,465.1666666666667,117.79643458101782,1.2572916666666667,1.4919354838709675,1.3549171146953405,1.3452564964157707,0.122181348476021,0.1486111111111111,0.2130376344086021,0.1911140979689366,0.1585106780167263,0.0368148008372401,1443.0,1296.0,1387.0,1414.5,79.5047168412041,2540.0,2499.0,2506.6666666666665,2556.6666666666665,30.237945256472265,15.757083333333334,19.727016129032258,17.943467741935482,15.822453703703705,2.0153905938448204,102.9,71.0,83.76666666666667,91.13333333333334,16.87611724696574,13.882908966388888,12.077768209274192,12.699182813339306,13.156029447571685,1.0255627707947357,59.86805555555556,59.6518817204301,61.935857228195935,66.13829898446834,3.770299225880672,1.0,0.0,0.3333333333333333,0.3333333333333333,0.577350269189626,1.0,0.0,1.0,2.0,-1127.0,-214.0,-8.278750000000002,-32.80000000000001,11.654205607476635,8.460280373831775,2708.0,4049.0,0.2469745616201531,0.2083333333333333,3322.2916666666665,316.5416666666667,1.0,1.0,0.3750889080468237,1,500m,500 m,300027919,4.0547741,51.0607671,Zele teller 1,Zele,2022-10-05
121,2024,11,2880,2880,118.0,23.0,2.277083333333333,0.9583333333333334,0.0,0.0,6558.0,2760.0,1025,1626,720,7.478333333333333,-0.85,17.85,86.66855838611112,70.1,65.49999997,3.22,80.19027777777778,12.057307137638889,3.0,2.0866601264216205,0.0,0,-0.5000000000000004,0.8660254037844384,8925.0,10386.0,9111.666666666666,9041.0,1192.0127236457386,3784.0,3977.0,3491.0,3317.5,681.5005502565627,3.098958333333333,3.489919354838709,3.095038082437276,3.087065038829151,0.3968559201050581,1.3138888888888889,1.3363575268817205,1.187178912783751,1.1333464008363203,0.2391905005983864,781.0,730.0,789.0,815.3333333333334,63.37980750996191,1354.0,1345.0,1444.3333333333333,1466.1666666666667,164.31778154945167,15.757083333333334,19.727016129032258,17.943467741935482,15.822453703703705,2.0153905938448204,102.9,71.0,83.76666666666667,91.13333333333334,16.87611724696574,13.882908966388888,12.077768209274192,12.699182813339306,13.156029447571685,1.0255627707947357,59.86805555555556,59.6518817204301,61.935857228195935,66.13829898446834,3.770299225880672,1.0,0.0,0.3333333333333333,0.3333333333333333,0.577350269189626,1.0,0.0,1.0,2.0,-2367.0,-1024.0,-8.278750000000002,-32.80000000000001,2.376086956521739,2.358615221987315,9318.0,12709.0,0.0786843968840978,0.2083333333333333,7998.416666666667,2888.458333333333,0.0,0.0,0.3820676787302274,1,500m,500 m,300027923,4.0556696,51.0604067,Zele teller 2,Zele,2022-10-05
122,2024,11,2880,2880,2.0,1.0,0.009375,0.0013888888888888,0.0,0.0,27.0,4.0,2854,2876,720,7.478333333333333,-0.85,17.85,86.66855838611112,70.1,65.49999997,3.22,80.19027777777778,12.057307137638889,3.0,6.210115578773624,4.0,1,-0.5000000000000004,0.8660254037844384,49.0,14869.0,17593.0,32073.5,19052.61052979357,3.0,1424.0,1641.6666666666667,2078.5,1757.6377139027636,0.0170138888888888,4.99630376344086,5.911809289127838,10.946141353046594,6.401834185602961,0.0010416666666666,0.478494623655914,0.5516465053763441,0.7065262843488648,0.5905884067993008,2840.0,1789.0,1629.6666666666667,967.5,1297.3589839875983,2877.0,2404.0,2295.0,2110.833333333333,643.4617315738363,15.757083333333334,19.727016129032258,17.943467741935482,15.822453703703705,2.0153905938448204,102.9,71.0,83.76666666666667,91.13333333333334,16.87611724696574,13.882908966388888,12.077768209274192,12.699182813339306,13.156029447571685,1.0255627707947357,59.86805555555556,59.6518817204301,61.935857228195935,66.13829898446834,3.770299225880672,0.0,0.0,0.0,0.6666666666666666,0.0,0.0,0.0,0.0,4.0,-22.0,1.0,-8.278750000000002,-32.80000000000001,6.75,16.333333333333332,31.0,52.0,0.0,0.7083333333333334,38582.75,1681.625,2.0,1.0,0.8676325305849136,1,500m,500 m,300027931,4.1019222,51.0373918,Dendermonde teller 2,Dendermonde,2022-10-05
123,2024,11,0,0,,,,,,,0.0,0.0,0,0,720,7.430902777777778,-1.2,17.6,86.01612335972223,79.7,65.899999884,9.65999981,79.3625,12.052375170833336,3.0,2.636635900987572,0.0,0,-0.5000000000000004,0.8660254037844384,0.0,4039.0,2019.5,2019.5,2856.0042892124657,0.0,248.0,124.0,124.0,175.36248173426378,0.0,2.1495476317189994,1.0747738158594995,1.0747738158594995,1.519959706871988,0.0,0.1319850984566258,0.0659925492283129,0.0659925492283129,0.0933275581342542,1536.0,926.0,1231.0,1231.0,431.335136523794,1536.0,1725.0,1630.5,1630.5,133.64318164425748,8.995486111111111,14.03448,11.514983055555556,11.514983055555556,3.563106749190906,90.8,30.8,60.8,60.8,42.42640687119285,17.011546986527776,13.437098952159998,15.224322969343888,15.224322969343888,2.527516444100381,74.82083333333334,72.6416,73.73121666666667,73.73121666666667,1.540950667787771,0.0,1.0,0.5,0.5,0.7071067811865476,0.0,1.0,1.0,1.0,0.0,0.0,-1.5645833333333332,-11.099999999999994,,,0.0,0.0,,0.5,2019.5,124.0,0.0,0.0,0.08032931989597078,0,500m,500 m,300027960,4.2362771,51.1964555,Beveren teller 1,Beveren,2022-10-06
124,2024,11,0,0,,,,,,,0.0,0.0,0,0,720,7.430902777777778,-1.2,17.6,86.01612335972223,79.7,65.899999884,9.65999981,79.3625,12.052375170833336,3.0,2.626831665654764,0.0,0,-0.5000000000000004,0.8660254037844384,0.0,0.0,0.0,0.0,0.0,0.0,0.0,0.0,0.0,0.0,0.0,0.0,0.0,0.0,0.0,0.0,0.0,0.0,0.0,0.0,2602.0,2976.0,2819.333333333333,2881.0,194.24040087822632,2602.0,2976.0,2819.333333333333,2881.0,194.24040087822496,19.74798387096774,18.38454301075269,17.929939516129036,14.709853643966548,2.0828919632509475,56.7,86.8,74.60000000000001,93.61666666666666,15.838876222762744,12.433384549422044,12.639622905188173,12.686846291508958,13.643275815206394,0.2800753910672188,60.3508064516129,66.70564516129032,63.329465352449226,69.59069593787336,3.196014848327437,0.0,0.0,0.0,0.1666666666666666,0.0,0.0,0.0,0.0,1.0,0.0,0.0,-12.317081093189962,23.0,,,0.0,0.0,,0.3043478260869565,7012.347826086957,2943.7391304347825,0.0,0.0,0.043410053240137116,0,500m,500 m,300027967,4.2361077,51.1964712,Beveren teller 2,Beveren,2022-10-06
125,2024,11,2880,2880,242.0,272.0,9.61701388888889,10.379166666666666,0.0,0.0,27697.0,29892.0,483,368,720,7.478333333333333,-0.85,17.85,86.66855838611112,70.1,65.49999997,3.22,80.19027777777778,12.057307137638889,3.0,6.255647642519748,4.0,1,-0.5000000000000004,0.8660254037844384,39110.0,36489.0,35700.0,35270.333333333336,3865.373332551453,41375.0,24494.0,22180.33333333333,11496.333333333334,20449.898345305613,13.57986111111111,12.26108870967742,12.141987753882916,12.051069668458782,1.5009719918290276,14.366319444444445,8.230510752688172,7.60754554958184,3.943096624850657,7.090810331571449,388.0,325.0,365.6666666666667,395.3333333333333,35.275109260402566,347.0,1051.0,1292.6666666666667,1834.8333333333333,1086.8414481116065,15.757083333333334,19.727016129032258,17.943467741935482,15.822453703703706,2.0153905938448045,102.9,71.0,83.76666666666667,91.13333333333334,16.87611724696574,13.882908966388888,12.077768209274192,12.699182813339306,13.156029447571685,1.0255627707947357,59.86805555555556,59.6518817204301,61.935857228195935,66.13829898446834,3.770299225880672,0.0,0.0,0.0,0.6666666666666666,0.0,0.0,0.0,0.0,4.0,-11413.0,-11483.0,-8.278750000000002,-32.80000000000001,0.9265689816673356,0.9452567975830816,57589.0,80485.0,0.0,0.8333333333333334,30976.20833333333,3604.4583333333335,2.0,1.0,0.8909286776752693,1,500m,500 m,300028325,4.1025998,51.0372706,Dendermonde totem,Dendermonde,2022-10-22
126,2024,11,2880,2880,398.0,329.0,2.4256944444444444,1.9072916666666664,0.0,0.0,6986.0,5493.0,1113,1292,720,7.444236111111111,-0.65,17.85,86.71469765416667,71.4,65.300000274,4.26999987,80.38194444444444,11.74098455925,3.0,4.638897703850821,1.0,1,-0.5000000000000004,0.8660254037844384,8717.0,9056.0,8594.333333333334,8298.0,533.6799915055282,7463.0,6703.0,6758.0,6454.833333333333,679.1722903652717,3.026736111111111,3.043010752688172,2.9204263739546,2.834009109916368,0.1983950685033363,2.5913194444444443,2.2523521505376345,2.2986969832735955,2.205497685185185,0.272422850152586,838.0,738.0,795.6666666666666,839.6666666666666,51.733290377988176,1006.0,1011.0,1027.3333333333333,1050.5,32.71594921950891,15.779166666666669,19.700067204301074,17.955152329749108,15.865723192951016,1.995678274434188,104.7,60.2,78.96666666666667,94.85,23.05348852849241,13.596491619305556,11.693799966801077,12.37386063963411,12.868441779656512,1.0610588035187078,59.30833333333333,60.13709677419355,61.80663082437275,66.29531063321386,3.633156620242131,1.0,0.0,0.6666666666666666,0.3333333333333333,0.5773502691896258,1.0,0.0,2.0,2.0,-1731.0,-1970.0,-8.334930555555559,-33.3,1.2718004733296924,1.168028942784403,12479.0,16180.0,0.0618046971569839,0.625,7760.125,6365.625,0.0,0.0,0.3771952224937617,1,500m,500 m,300028358,4.1469307,51.1017709,Hamme totem,Hamme,2022-10-25
127,2024,11,2880,2880,71.0,17.0,3.535763888888889,0.9076388888888888,0.0,0.0,10183.0,2614.0,1069,1883,720,7.117638888888889,-1.45,17.7,86.86756231944445,62.0,57.699999884,3.0100000600000003,78.8375,11.573290684583334,3.0,4.892161039451273,0.0,0,-0.5000000000000004,0.8660254037844384,14106.0,14026.0,13848.666666666666,13387.833333333334,378.5516257174493,3563.0,4047.0,3773.0,3409.833333333333,248.26598639362655,4.897916666666666,4.713037634408602,4.706115591397849,4.571718189964158,0.1953540950331822,1.2371527777777778,1.3598790322580645,1.2811118578255674,1.1640419653524492,0.0683676528828585,888.0,856.0,857.0,896.8333333333334,30.5122926047838,1690.0,1590.0,1634.3333333333333,1715.8333333333333,50.9542278258966,15.764166666666668,19.76283602150537,18.00893369175627,15.9545299432497,2.0440279509293213,103.1,110.2,105.63333333333333,115.03333333333332,3.962743157628833,12.689238890138888,11.011522823709676,11.75198425949074,12.144631468728344,0.855995602236482,58.52638888888889,58.7258064516129,60.58003285543608,65.65154569892472,3.385783508258395,0.0,2.0,0.6666666666666666,0.8333333333333334,1.1547005383792517,0.0,1.0,2.0,5.0,-3923.0,-949.0,-8.646527777777779,-41.1,3.8955623565416975,3.959023294976144,12797.0,17669.0,0.0,0.5416666666666666,11652.583333333334,2858.083333333333,0.0,0.0,0.3507464809109366,1,500m,500 m,300028385,4.9400421,51.1342966,Geel totem,Westerlo,2022-10-26
128,2024,11,2880,2880,6.0,75.0,0.0805555555555555,2.9541666666666666,0.0,0.0,232.0,8508.0,2687,963,720,7.478333333333333,-0.85,17.85,86.66855838611112,70.1,65.49999997,3.22,80.19027777777778,12.057307137638889,3.0,5.111130127855819,1.0,1,-0.5000000000000004,0.8660254037844384,296.0,358.0,305.6666666666667,281.3333333333333,48.2320778459038,10348.0,11964.0,10159.333333333334,9895.666666666666,1906.0160894738888,0.1027777777777777,0.1202956989247311,0.1038157108721624,0.0959957437275985,0.0159863124680583,3.5930555555555554,4.020161290322581,3.4523894862604543,3.379037858422939,0.6496291191694697,2638.0,2714.0,2706.0,2702.833333333333,64.37390775772289,785.0,589.0,731.0,763.5,124.14507642270804,15.757083333333334,19.727016129032258,17.943467741935482,15.822453703703706,2.0153905938448204,102.9,71.0,83.76666666666667,91.13333333333334,16.87611724696574,13.882908966388888,12.077768209274192,12.699182813339306,13.156029447571685,1.0255627707947357,59.86805555555556,59.6518817204301,61.935857228195935,66.13829898446834,3.770299225880643,0.0,0.0,0.0,0.1666666666666666,0.0,0.0,0.0,0.0,1.0,-64.0,-1840.0,-8.278750000000002,-32.80000000000001,0.0272684532204983,0.0286045612678778,8740.0,10644.0,0.0,0.25,248.5,8408.25,2.0,1.0,0.4369810485407621,1,500m,500 m,300028477,3.97023,51.09644,Lokeren teller 1,Lokeren,2022-10-29
129,2024,11,2880,2880,3.0,103.0,0.0378472222222222,2.8628472222222223,0.0,0.0,109.0,8245.0,2780,1012,720,7.478333333333333,-0.85,17.85,86.66855838611112,70.1,65.49999997,3.22,80.19027777777778,12.057307137638889,3.0,5.09116761157256,1.0,1,-0.5000000000000004,0.8660254037844384,114.0,1640.0,635.6666666666666,402.5,869.9967432889237,9970.0,15208.0,11009.333333333334,10119.333333333334,3787.505951590485,0.0395833333333333,0.5510752688172043,0.2140232974910394,0.1360420400238948,0.2919554737845743,3.461805555555556,5.110215053763441,3.7365964755077656,3.45207773297491,1.2589202260012355,2780.0,2821.0,2816.333333333333,2799.5,34.23935357645321,878.0,746.0,823.3333333333334,875.6666666666666,68.85734044626756,15.757083333333334,19.727016129032258,17.943467741935482,15.822453703703706,2.0153905938448204,102.9,71.0,83.76666666666667,91.13333333333334,16.87611724696574,13.882908966388888,12.077768209274192,12.699182813339306,13.156029447571685,1.0255627707947357,59.86805555555556,59.6518817204301,61.935857228195935,66.13829898446834,3.770299225880643,0.0,0.0,0.0,0.1666666666666666,0.0,0.0,0.0,0.0,1.0,-5.0,-1725.0,-8.278750000000002,-32.80000000000001,0.0132201334141904,0.0114343029087261,8354.0,10084.0,0.0,0.25,209.54166666666663,8294.583333333334,2.0,1.0,0.4688335724936473,1,500m,500 m,300028478,3.97025,51.09612,Lokeren teller 2,Lokeren,2022-10-29
131,2024,11,2880,2880,25.0,19.0,1.2416666666666667,1.2350694444444446,0.0,0.0,3576.0,3557.0,1541,1543,720,7.635555555555556,-0.4,17.65,86.0983433375,66.4,58.599999805,5.46,80.0375,12.324146586208334,3.0,3.104082169377126,0.0,0,-0.5000000000000004,0.8660254037844384,6079.0,8180.0,7004.666666666667,6439.0,1072.5205514736474,5346.0,7192.0,6210.0,5730.833333333333,928.6398656099134,2.110763888888889,2.7486559139784945,2.3764150238948627,2.1963522998805254,0.3320355264634587,1.85625,2.4166666666666665,2.106653225806451,1.9548816457586615,0.2849241010752016,1283.0,1133.0,1209.3333333333333,1261.3333333333333,75.03554713156554,1302.0,1140.0,1235.3333333333333,1275.8333333333333,84.71914384206991,15.758055555555554,19.662634408602152,17.877169952210277,15.698424432497012,1.973556616084976,100.3,73.1,89.06666666666666,91.86666666666666,14.20434205914984,13.800903656111112,12.173825802688173,12.642352205925926,13.101287557420102,1.009428803500272,61.3125,60.36290322580645,63.07101254480286,66.79800627240142,3.897238338107707,0.0,0.0,0.0,0.1666666666666666,0.0,0.0,0.0,0.0,1.0,-2503.0,-1789.0,-8.122499999999999,-33.89999999999999,1.0053415799831318,1.1371118593340817,7133.0,11425.0,0.0,0.0476190476190476,5080.142857142857,4647.809523809524,0.0,0.0,0.16222969900191744,0,500m,500 m,300030111,3.558569,51.0276612,Nevele,Deinze,2023-01-25
132,2024,11,2880,2880,48.0,4.0,0.8861111111111111,0.0576388888888888,0.0,0.0,2552.0,166.0,1601,2735,720,7.170625,-1.15,17.8,86.65711263333334,65.0,60.299999878,3.29000003,78.125,11.792659947777777,3.0,4.078433474207976,0.0,0,-0.5000000000000004,0.8660254037844384,4349.0,4780.0,4465.0,4235.833333333333,275.936586918082,295.0,326.0,302.0,290.6666666666667,21.3775583264322,1.5100694444444445,1.6061827956989247,1.5165733273596176,1.4463429659498208,0.0865410181293108,0.1024305555555555,0.1095430107526881,0.1025798984468338,0.0992420848267621,0.0068896549230757,1209.0,1119.0,1183.0,1234.0,55.74943945906531,2641.0,2714.0,2697.6666666666665,2688.333333333333,50.5206228517961,15.714722222222225,19.67459677419355,17.913016726403825,15.86552158004779,2.01573590883174,123.1,84.9,101.53333333333336,110.18333333333332,19.572003814973375,12.761440542916668,11.268114326048387,11.887071534278675,12.311071844730437,0.7787375606307884,58.52361111111111,59.69892473118279,61.031167861409806,65.79578106332139,3.3768902659464675,0.0,0.0,0.0,0.0,0.0,0.0,0.0,0.0,0.0,-1797.0,-129.0,-8.544097222222224,-58.1,15.373493975903614,14.742372881355932,2718.0,4644.0,0.0,0.05,3483.2,240.2,0.0,0.0,0.02804303905312706,0,500m,500 m,300030471,4.8298851,51.245445,Gierde lille,Lille,2023-02-15
133,2024,11,2880,2880,4.0,57.0,0.0569444444444444,0.9885416666666668,0.0,0.0,164.0,2847.0,2736,1596,720,7.170625,-1.15,17.8,86.65711263333334,65.0,60.299999878,3.29000003,78.125,11.792659947777777,3.0,4.077606150497317,0.0,0,-0.5000000000000004,0.8660254037844384,317.0,208.0,238.0,236.16666666666663,69.0724257573165,4811.0,5257.0,5010.333333333333,4582.666666666667,226.73626382502675,0.1100694444444444,0.0698924731182795,0.0811566606929509,0.0807982377538828,0.0252418693145984,1.6704861111111111,1.7664650537634408,1.7015419653524493,1.5644003882915172,0.0562426130339923,2639.0,2810.0,2754.333333333333,2748.1666666666665,99.90161827184367,1216.0,1100.0,1170.6666666666667,1242.3333333333333,62.01075175591243,15.714722222222225,19.67459677419355,17.913016726403825,15.86552158004779,2.01573590883174,123.1,84.9,101.53333333333336,110.18333333333332,19.572003814973375,12.761440542916668,11.268114326048387,11.887071534278675,12.311071844730437,0.7787375606307884,58.52361111111111,59.69892473118279,61.031167861409806,65.79578106332139,3.3768902659464675,0.0,0.0,0.0,0.0,0.0,0.0,0.0,0.0,0.0,-153.0,-1964.0,-8.544097222222224,-58.1,0.0576044959606603,0.0658906672209519,3011.0,5128.0,0.0,0.05,205.0,3708.45,0.0,0.0,0.04550635457591927,0,500m,500 m,300030472,4.8297416,51.2453915,Gierde Lille Totem,Lille,2023-02-15
134,2024,11,2880,2880,71.0,5.0,3.1729166666666666,0.0538194444444444,0.0,0.0,9138.0,155.0,903,2745,720,7.062013888888888,-1.6,17.8,86.47323353333333,66.5,61.000000144,3.8499999,78.52083333333333,12.006750955624998,3.0,6.1865531613105365,1.0,1,-0.5000000000000004,0.8660254037844384,13707.0,12981.0,12618.333333333334,12174.166666666666,1308.2604225968685,217.0,232.0,218.33333333333331,248.16666666666663,13.051181300301456,4.759375,4.361895161290323,4.291207437275986,4.160164650537634,0.5072192036778305,0.0753472222222222,0.0779569892473118,0.0741748805256869,0.0848864994026284,0.0044847135015312,669.0,612.0,654.3333333333334,679.6666666666666,37.23349746308187,2693.0,2780.0,2755.333333333333,2717.1666666666665,54.3721742560788,15.71097222222222,19.63702956989248,17.89427120669056,15.85103457287933,1.9997596364409007,108.3,61.1,87.60000000000001,105.35,24.12861371898521,12.763251184166666,11.233541175336022,11.902618327540322,12.281750897330497,0.7826387216983551,59.00694444444444,59.90860215053763,61.41853345280765,66.07252837514935,3.425928752144556,0.0,0.0,0.0,0.0,0.0,0.0,0.0,0.0,0.0,-4569.0,-62.0,-8.648958333333331,-41.8,58.95483870967742,63.16589861751152,9293.0,13924.0,0.0,0.05,10725.75,253.0,0.0,0.0,0.0506556953584743,0,500m,500 m,300030476,5.1037658,51.2548405,Retie,Dessel,2023-02-15
135,2024,11,2880,2880,4.0,71.0,0.0402777777777777,3.1795138888888888,0.0,0.0,116.0,9157.0,2779,898,720,7.062013888888888,-1.6,17.8,86.47323353333333,66.5,61.000000144,3.8499999,78.52083333333333,12.006750955624998,3.0,6.220203635674237,0.0,0,-0.5000000000000004,0.8660254037844384,139.0,127.0,142.33333333333334,179.33333333333334,17.243356208503954,13410.0,12579.0,12428.666666666666,12016.333333333334,1064.4915844351867,0.0482638888888888,0.0426747311827956,0.0483460274790919,0.0613071236559139,0.0057128084783917,4.65625,4.226814516129032,4.226366487455198,4.105798237753883,0.4301077018928815,2751.0,2859.0,2816.0,2778.5,57.262553208879474,661.0,546.0,611.3333333333334,670.6666666666666,59.07904309764428,15.71097222222222,19.63702956989248,17.89427120669056,15.85103457287933,1.9997596364409007,108.3,61.1,87.60000000000001,105.35,24.12861371898521,12.763251184166666,11.233541175336022,11.902618327540322,12.281750897330497,0.7826387216983551,59.00694444444444,59.90860215053763,61.41853345280765,66.07252837514935,3.425928752144556,0.0,0.0,0.0,0.0,0.0,0.0,0.0,0.0,0.0,-23.0,-4253.0,-8.648958333333331,-41.8,0.012667904335481,0.0103653989560029,9273.0,13549.0,0.0,0.05,177.6,10693.7,0.0,0.0,0.049689937799892496,0,500m,500 m,300030477,5.1040064,51.2544998,Retie 2,Dessel,2023-02-15
136,2024,11,2880,2880,34.0,34.0,1.8423611111111111,1.7118055555555556,0.0,0.0,5306.0,4930.0,1577,1649,720,7.626180555555556,0.0,17.65,86.57416155,68.6,60.70000007,5.53000002,80.60972222222222,11.7268066135,3.0,3.843329813718479,0.0,0,-0.5000000000000004,0.8660254037844384,7228.0,5077.0,5638.333333333333,5374.0,1396.353226563155,6563.0,4577.0,5039.666666666667,4948.5,1352.7044515833209,2.5097222222222224,1.705981182795699,1.9215875149342891,1.8382485812425329,0.5153474142102226,2.2788194444444443,1.537970430107527,1.7179398148148148,1.6928651433691757,0.496017919561476,1389.0,1633.0,1561.0,1586.3333333333333,149.61283367412045,1399.0,1648.0,1594.6666666666667,1615.5,175.1979832456224,15.839166666666667,19.781182795698925,17.974390681003584,15.807545176224613,1.9914249734585228,92.5,63.0,81.89999999999998,91.08333333333331,16.40822964246901,13.44445979263889,11.893552623857529,12.389456090386796,12.802341810639186,0.9142062495593266,60.72361111111111,60.405913978494624,62.54138291517324,66.8752688172043,3.4272900566930518,2.0,0.0,0.6666666666666666,0.3333333333333333,1.1547005383792517,1.0,0.0,2.0,2.0,-1922.0,-1633.0,-8.21298611111111,-23.90000000000001,1.0762677484787018,1.1013256132866067,10236.0,13791.0,0.1450221158726705,0.35,5586.4,5082.85,1.0,1.0,0.38031241482498157,1,500m,500 m,300030728,3.7587918,51.0876313,Gent R4,Gent,2023-03-01
137,2024,11,2880,2880,144.0,30.0,14.25798611111111,3.50625,0.0,0.0,41063.0,10098.0,373,685,720,7.102361111111111,-1.75,17.35,86.54751666527778,61.2,56.3000001,3.43,77.98611111111111,11.735096099333331,3.0,2.8851709454040355,3.0,1,-0.5000000000000004,0.8660254037844384,66656.0,84430.0,68057.66666666667,58205.16666666666,15718.44185450114,17300.0,19653.0,17083.0,14574.333333333334,2685.084542430636,23.14444444444445,28.37029569892473,23.11770459976105,19.85849201015532,5.266011939265255,6.006944444444445,6.60383064516129,5.804846176821982,4.972815860215054,0.9168932693242292,354.0,261.0,309.0,338.6666666666667,46.57252408878048,537.0,411.0,479.6666666666667,521.6666666666666,63.7599665411875,15.754027777777775,19.792137096774194,18.023139187574667,15.978160842293908,2.064985920811884,83.4,63.1,75.56666666666668,97.25,10.914363624753216,12.51178709138889,10.480963103360216,11.384196434181602,11.78331715417712,1.0338344524223464,58.42361111111112,57.74059139784946,60.40419653524492,65.63947879330944,4.036459892161012,2.0,0.0,0.6666666666666666,0.6666666666666666,1.154700538379252,1.0,0.0,2.0,4.0,-25593.0,-7202.0,-8.651666666666664,-22.200000000000003,4.06644880174292,3.852947976878613,51161.0,83956.0,0.0238220020010481,1.0555555555555556,45803.11111111111,11212.666666666666,1.0,1.0,0.8277360950259994,1,500m,500 m,300031561,5.3417576,50.9411605,Hasselt-Kempische brug,Hasselt,2023-04-19
138,2024,11,2880,2880,26.0,106.0,2.9277777777777776,13.140625,0.0,0.0,8432.0,37845.0,825,264,720,7.102361111111111,-1.75,17.35,86.54751666527778,61.2,56.3000001,3.43,77.98611111111111,11.735096099333331,3.0,2.8919074506546463,3.0,1,-0.5000000000000004,0.8660254037844384,12293.0,13330.0,11769.333333333334,10685.333333333334,1878.0778294132367,58591.0,72167.0,58456.0,51092.5,13778.996008418017,4.268402777777778,4.479166666666667,4.0006459080047785,3.648536439665472,0.6548305721648062,20.34409722222222,17.80917905166313,17.714398542908018,16.3651797822067,2.678347002821841,631.0,541.0,593.6666666666666,637.6666666666666,46.9183688264343,225.0,150.0,184.0,210.33333333333331,37.98683982644511,15.754027777777775,19.792137096774194,18.023139187574667,15.978160842293908,2.064985920811884,83.4,63.1,75.56666666666668,97.25,10.914363624753216,12.51178709138889,10.480963103360216,11.384196434181602,11.78331715417712,1.0338344524223464,58.42361111111112,57.74059139784946,60.40419653524492,65.63947879330944,4.036459892161041,1.0,0.0,0.3333333333333333,0.5,0.5773502691896255,1.0,0.0,1.0,3.0,-3861.0,-20746.0,-8.651666666666664,-22.200000000000003,0.2228035407583564,0.209810380433855,46277.0,70884.0,0.0141075560069973,1.0555555555555556,13069.5,45540.72222222222,1.0,1.0,0.8054511273876906,1,500m,500 m,300031574,5.3422472,50.9405318,Hasselt-Kempische brug,Hasselt,2023-04-20
139,2024,11,2880,2880,35.0,19.0,1.132986111111111,1.071875,0.0,0.0,3263.0,3087.0,1696,1835,720,6.900416666666667,-1.9,17.35,87.06934709722222,63.7,60.89999997,1.96000002,78.53611111111111,11.97179349625,3.0,4.236286749147152,0.0,0,-0.5000000000000004,0.8660254037844384,7538.0,11762.0,9893.666666666666,8468.666666666666,2153.7558666973687,7787.0,12435.0,10442.333333333334,8664.333333333334,2393.8089592390907,2.6173611111111112,3.952284946236559,3.4492868501272422,2.9544183973285123,0.72570686719755,2.703819444444445,4.178427419354839,3.537921893667862,2.950029868578256,0.7561263098976349,1287.0,1172.0,1235.3333333333333,1331.1666666666667,58.38093296045679,1395.0,1294.0,1355.3333333333333,1447.6666666666667,53.87330817141922,15.675763888888888,19.736223118279568,17.945124701314217,15.858597670250894,2.072048135919922,79.1,91.5,90.76666666666664,110.16666666666669,11.3178325369008,13.457542734444443,11.546419422150535,12.36042148789277,12.674819390998133,0.9865168177000138,58.61388888888889,57.71774193548387,60.27945041816009,65.67441009557945,3.688241946504757,0.0,0.0,0.3333333333333333,0.3333333333333333,0.5773502691896258,0.0,0.0,1.0,2.0,-4275.0,-4700.0,-8.775347222222221,-15.399999999999991,1.0570132815030775,0.9680236291254656,6350.0,15325.0,0.0,0.3333333333333333,7038.222222222223,7233.0,0.0,0.0,0.22561648870449197,0,500m,500 m,300031607,5.3819796,51.0644267,Houthalen-Helchteren,Houthalen-Helchteren,2023-04-21
140,2024,11,2880,2880,64.0,76.0,8.211458333333333,10.160069444444444,0.0,0.0,23649.0,29261.0,662,403,720,7.102361111111111,-1.75,17.35,86.54751666527778,61.2,56.3000001,3.43,77.98611111111111,11.735096099333331,3.0,2.828239434291379,1.0,1,-0.5000000000000004,0.8660254037844384,35351.0,34178.0,38737.0,32364.0,6905.523224202492,41525.0,38051.0,42541.333333333336,36259.5,5075.401691820391,12.274652777777778,11.484543010752688,13.148450567502984,11.035424133811231,2.232941933892343,14.41840277777778,12.785954301075268,14.449839456391876,12.37015942353644,1.679824127021565,541.0,569.0,566.6666666666666,607.6666666666666,24.58319208998981,341.0,312.0,349.0,380.6666666666667,41.58124577258358,15.754027777777775,19.792137096774194,18.023139187574667,15.978160842293908,2.0649859208118784,83.4,63.1,75.56666666666668,97.25,10.914363624753078,12.51178709138889,10.480963103360216,11.384196434181602,11.78331715417712,1.0338344524223464,58.42361111111112,57.74059139784946,60.40419653524492,65.63947879330944,4.036459892161037,4.0,0.0,2.333333333333333,1.6666666666666667,2.0816659994661326,1.0,0.0,7.0,10.0,-11702.0,-12264.0,-8.651666666666664,-22.200000000000003,0.8082088787122791,0.8513184828416617,52910.0,76876.0,0.0520318434882147,1.5294117647058822,27496.764705882357,31124.29411764706,2.0,1.0,0.8980422965687404,1,500m,500 m,300031927,5.3438616,50.9300038,Hasselt ring,Hasselt,2023-05-04
142,2023,10,2976,2976,286.0,280.0,30.732862903225808,28.218413978494624,0.0,0.0,91461.0,83978.0,21,18,193,10.982901554404144,7.65,14.8,88.07903999481866,41.7,41.7,0.0,80.39896373056995,16.624781681865286,3.0,1.5398657994115967,1.0,1,-0.8660254037844386,0.5000000000000001,,,,,,,,,,,,,,,,,,,,,,,,,,,,,,,,,,,,,,,,,,,,,,,,,,,,,,,,,,,,,,,,1.089106670794732,,175439.0,,,,,,0.0,0.0,0.4916624266049983,1,500m,500 m,300036881,3.24095,51.22632,TEST Validatie BRUGGE Y2H22022134,Brugge,2023-10-24
143,2024,11,2880,2880,228.0,169.0,23.0540601898038,22.19652777777777,0.0,0.0,67617.0,63926.0,277,160,720,7.654236111111111,-1.0,17.85,85.91973479027777,60.5,57.9,1.81999996,80.30277777777778,11.686071781166667,3.0,5.102493632417715,3.0,1,-0.5000000000000004,0.8660254037844384,81288.0,72256.0,72880.66666666667,72246.16666666667,8113.056226437316,74638.0,66282.0,67176.66666666667,66385.5,7056.664745709083,28.225,24.27956989247312,24.792965949820797,24.686249253285546,3.206312599115182,25.915972222222223,22.27217741935484,22.851471027479093,22.681283602150533,2.8198409002622515,267.0,257.0,264.3333333333333,270.0,6.429100507328626,166.0,142.0,154.0,152.83333333333334,11.999999999999972,15.631319444444443,19.40262096774193,17.728674581839904,15.582731108124255,1.9209724160011852,102.8,63.4,81.16666666666667,83.58333333333333,19.982575743215232,13.141178959305554,11.479257189919354,11.888350862824074,12.409179854875148,1.1065314387925245,62.388888888888886,61.329301075268816,63.579002389486256,67.14002389486261,3.02571083447476,6.0,0.0,2.0,1.5,3.4641016151377544,1.0,0.0,6.0,9.0,-13671.0,-10712.0,-7.977083333333333,-42.3,1.057738635297062,1.0890967067713495,131543.0,155926.0,0.0384797916960609,1.5,66534.5,61696.3,1.0,1.0,0.8821729313478653,1,500m,500 m,100038932,3.26286,50.83066,Eco Display Classic Budastraat,Kortrijk,2023-12-08
